{
  "type": "FeatureCollection",
  "features": [
    {
      "type": "Feature",
      "properties": {
        "name": "Alfred A. Taubman Health Care Ctr",
        "preferredName": "Taubman Center",
        "slug": "alfred-a-taubman-health-care-ctr",
        "acronym": "Taubman",
        "category": "Medical",
        "floors": 4
      },
      "geometry": {
        "type": "Polygon",
        "coordinates": [
          [
            [
              -83.72806,
              42.28438
            ],
            [
              -83.72781,
              42.28437
            ],
            [
              -83.72776,
              42.28435
            ],
            [
              -83.7277,
              42.28434
            ],
            [
              -83.72763,
              42.28424
            ],
            [
              -83.72761,
              42.28387
            ],
            [
              -83.7278,
              42.28387
            ],
            [
              -83.7278,
              42.28373
            ],
            [
              -83.72789,
              42.28372
            ],
            [
              -83.7279,
              42.28288
            ],
            [
              -83.72789,
              42.2828
            ],
            [
              -83.72798,
              42.2828
            ],
            [
              -83.72797,
              42.28272
            ],
            [
              -83.72823,
              42.28272
            ],
            [
              -83.72853,
              42.28291
            ],
            [
              -83.7285,
              42.28427
            ],
            [
              -83.72805,
              42.28428
            ],
            [
              -83.72806,
              42.28438
            ]
          ]
        ]
      }
    },
    {
      "type": "Feature",
      "properties": {
        "name": "Administrative Services",
        "preferredName": "Administrative Services Building",
        "slug": "administrative-services",
        "acronym": "ASB",
        "category": "Administrative",
        "floors": 3
      },
      "geometry": {
        "type": "Polygon",
        "coordinates": [
          [
            [
              -83.74724,
              42.26915
            ],
            [
              -83.74723,
              42.26842
            ],
            [
              -83.74698,
              42.26842
            ],
            [
              -83.74699,
              42.26915
            ],
            [
              -83.74724,
              42.26915
            ]
          ]
        ]
      }
    },
    {
      "type": "Feature",
      "properties": {
        "name": "Ann and Robert H. Lurie Biomedical Engineering Building",
        "preferredName": "Lurie Biomedical Engineering",
        "slug": "ann-and-robert-h-lurie-biomedical-engineering-building",
        "acronym": "LBME",
        "category": "Academic",
        "floors": 4
      },
      "geometry": {
        "type": "Polygon",
        "coordinates": [
          [
            [
              -83.71357,
              42.28875
            ],
            [
              -83.71357,
              42.28848
            ],
            [
              -83.71372,
              42.28848
            ],
            [
              -83.71372,
              42.28851
            ],
            [
              -83.71383,
              42.28851
            ],
            [
              -83.71383,
              42.28857
            ],
            [
              -83.71385,
              42.28857
            ],
            [
              -83.71385,
              42.28888
            ],
            [
              -83.71379,
              42.28888
            ],
            [
              -83.71379,
              42.28895
            ],
            [
              -83.71383,
              42.28895
            ],
            [
              -83.71383,
              42.28918
            ],
            [
              -83.71321,
              42.28918
            ],
            [
              -83.71321,
              42.28895
            ],
            [
              -83.71335,
              42.28895
            ],
            [
              -83.71335,
              42.28892
            ],
            [
              -83.71333,
              42.2889
            ],
            [
              -83.71348,
              42.28883
            ],
            [
              -83.71346,
              42.28881
            ],
            [
              -83.71357,
              42.28875
            ]
          ]
        ]
      }
    },
    {
      "type": "Feature",
      "properties": {
        "name": "Alexander G. Ruthven Building",
        "preferredName": "Ruthven Building",
        "slug": "alexander-g-ruthven-building",
        "acronym": "RUTHVEN",
        "category": "Administrative",
        "floors": 4
      },
      "geometry": {
        "type": "Polygon",
        "coordinates": [
          [
            [
              -83.73465,
              42.27822
            ],
            [
              -83.73443,
              42.27805
            ],
            [
              -83.73438,
              42.27809
            ],
            [
              -83.73434,
              42.27807
            ],
            [
              -83.73457,
              42.2779
            ],
            [
              -83.73513,
              42.27833
            ],
            [
              -83.73504,
              42.27849
            ],
            [
              -83.73404,
              42.27847
            ],
            [
              -83.73391,
              42.27846
            ],
            [
              -83.73391,
              42.27829
            ],
            [
              -83.7346,
              42.2783
            ],
            [
              -83.73465,
              42.27822
            ]
          ]
        ]
      }
    },
    {
      "type": "Feature",
      "properties": {
        "name": "Alice Crocker Lloyd Hall",
        "preferredName": "Alice Lloyd Hall",
        "slug": "alice-crocker-lloyd-hall",
        "acronym": "ALH",
        "category": "Housing",
        "floors": 3
      },
      "geometry": {
        "type": "Polygon",
        "coordinates": [
          [
            [
              -83.73174,
              42.28156
            ],
            [
              -83.7317,
              42.28156
            ],
            [
              -83.7317,
              42.28157
            ],
            [
              -83.73133,
              42.28158
            ],
            [
              -83.73132,
              42.28144
            ],
            [
              -83.7314,
              42.28143
            ],
            [
              -83.7314,
              42.2814
            ],
            [
              -83.73162,
              42.28139
            ],
            [
              -83.73161,
              42.28111
            ],
            [
              -83.73131,
              42.28111
            ],
            [
              -83.73131,
              42.28097
            ],
            [
              -83.73171,
              42.28096
            ],
            [
              -83.73171,
              42.28088
            ],
            [
              -83.73172,
              42.28088
            ],
            [
              -83.73172,
              42.28085
            ],
            [
              -83.73173,
              42.28083
            ],
            [
              -83.73176,
              42.28083
            ],
            [
              -83.73176,
              42.2808
            ],
            [
              -83.7319,
              42.2808
            ],
            [
              -83.7319,
              42.28169
            ],
            [
              -83.73174,
              42.2817
            ],
            [
              -83.73174,
              42.28156
            ]
          ]
        ]
      }
    },
    {
      "type": "Feature",
      "properties": {
        "name": "Alumni Center",
        "slug": "alumni-center",
        "category": "Administrative",
        "floors": 2
      },
      "geometry": {
        "type": "Polygon",
        "coordinates": [
          [
            [
              -83.73751,
              42.28022
            ],
            [
              -83.73735,
              42.28023
            ],
            [
              -83.73734,
              42.28012
            ],
            [
              -83.73751,
              42.28011
            ],
            [
              -83.73751,
              42.28013
            ],
            [
              -83.73752,
              42.28013
            ],
            [
              -83.7377,
              42.28003
            ],
            [
              -83.7377,
              42.27996
            ],
            [
              -83.7378,
              42.27995
            ],
            [
              -83.73781,
              42.27997
            ],
            [
              -83.73787,
              42.27997
            ],
            [
              -83.73788,
              42.28002
            ],
            [
              -83.73785,
              42.28002
            ],
            [
              -83.73786,
              42.28013
            ],
            [
              -83.73787,
              42.28013
            ],
            [
              -83.73788,
              42.2802
            ],
            [
              -83.73751,
              42.28022
            ]
          ]
        ]
      }
    },
    {
      "type": "Feature",
      "properties": {
        "name": "Alumni Memorial Hall",
        "preferredName": "Museum of Art",
        "slug": "alumni-memorial-hall",
        "acronym": "UMMA",
        "category": "Library/Museum",
        "floors": 2
      },
      "geometry": {
        "type": "Polygon",
        "coordinates": [
          [
            [
              -83.74009,
              42.27558
            ],
            [
              -83.7399,
              42.27558
            ],
            [
              -83.73989,
              42.2756
            ],
            [
              -83.73992,
              42.2756
            ],
            [
              -83.73993,
              42.27577
            ],
            [
              -83.74014,
              42.27577
            ],
            [
              -83.74014,
              42.2759
            ],
            [
              -83.73975,
              42.27591
            ],
            [
              -83.73975,
              42.27592
            ],
            [
              -83.73941,
              42.27592
            ],
            [
              -83.73941,
              42.27579
            ],
            [
              -83.7395,
              42.27578
            ],
            [
              -83.73974,
              42.27578
            ],
            [
              -83.73973,
              42.2756
            ],
            [
              -83.73978,
              42.2756
            ],
            [
              -83.73978,
              42.27557
            ],
            [
              -83.73966,
              42.27557
            ],
            [
              -83.73966,
              42.27549
            ],
            [
              -83.73962,
              42.27549
            ],
            [
              -83.73959,
              42.27547
            ],
            [
              -83.73958,
              42.27545
            ],
            [
              -83.73957,
              42.27545
            ],
            [
              -83.73957,
              42.2754
            ],
            [
              -83.73959,
              42.27538
            ],
            [
              -83.73963,
              42.27536
            ],
            [
              -83.73965,
              42.27536
            ],
            [
              -83.73965,
              42.27535
            ],
            [
              -83.73957,
              42.27535
            ],
            [
              -83.73957,
              42.27525
            ],
            [
              -83.73965,
              42.27525
            ],
            [
              -83.73965,
              42.27528
            ],
            [
              -83.73988,
              42.27528
            ],
            [
              -83.73988,
              42.27526
            ],
            [
              -83.74009,
              42.27526
            ],
            [
              -83.74009,
              42.27535
            ],
            [
              -83.74014,
              42.27535
            ],
            [
              -83.74014,
              42.27549
            ],
            [
              -83.74009,
              42.27549
            ],
            [
              -83.74009,
              42.27558
            ]
          ]
        ]
      }
    },
    {
      "type": "Feature",
      "properties": {
        "name": "Burnham House",
        "slug": "burnham-house",
        "category": "Student Life",
        "floors": 2
      },
      "geometry": {
        "type": "Point",
        "coordinates": [
          -83.7231,
          42.28127
        ]
      }
    },
    {
      "type": "Feature",
      "properties": {
        "name": "Argus Building I",
        "preferredName": "Argus I Building",
        "slug": "argus-building-i",
        "category": "Student Life",
        "floors": 3
      },
      "geometry": {
        "type": "Polygon",
        "coordinates": [
          [
            [
              -83.75427,
              42.27789
            ],
            [
              -83.75468,
              42.27789
            ],
            [
              -83.75467,
              42.27734
            ],
            [
              -83.75452,
              42.27734
            ],
            [
              -83.75451,
              42.27729
            ],
            [
              -83.75442,
              42.27729
            ],
            [
              -83.75442,
              42.27717
            ],
            [
              -83.75374,
              42.27718
            ],
            [
              -83.75375,
              42.2775
            ],
            [
              -83.75449,
              42.27749
            ],
            [
              -83.7545,
              42.27778
            ],
            [
              -83.75427,
              42.27778
            ],
            [
              -83.75427,
              42.27789
            ]
          ]
        ]
      }
    },
    {
      "type": "Feature",
      "properties": {
        "name": "Argus Building II",
        "preferredName": "Argus II",
        "slug": "argus-building-ii",
        "acronym": "Argus 2",
        "category": "Administrative",
        "floors": 3
      },
      "geometry": {
        "type": "Polygon",
        "coordinates": [
          [
            [
              -83.75589,
              42.2777
            ],
            [
              -83.7559,
              42.27804
            ],
            [
              -83.75499,
              42.27805
            ],
            [
              -83.75496,
              42.27804
            ],
            [
              -83.75495,
              42.27759
            ],
            [
              -83.75498,
              42.27757
            ],
            [
              -83.75576,
              42.27756
            ],
            [
              -83.75576,
              42.27752
            ],
            [
              -83.75589,
              42.27752
            ],
            [
              -83.75589,
              42.27761
            ],
            [
              -83.75579,
              42.27761
            ],
            [
              -83.75575,
              42.27759
            ],
            [
              -83.75575,
              42.2777
            ],
            [
              -83.75589,
              42.2777
            ]
          ]
        ]
      }
    },
    {
      "type": "Feature",
      "properties": {
        "name": "Art and Architecture Building",
        "slug": "art-and-architecture-building",
        "acronym": "A&AB",
        "category": "Academic",
        "floors": 3,
        "hide3d": true
      },
      "geometry": {
        "type": "Polygon",
        "coordinates": [
          [
            [
              -83.71806,
              42.29006
            ],
            [
              -83.7165,
              42.29006
            ],
            [
              -83.7165,
              42.28997
            ],
            [
              -83.71648,
              42.28997
            ],
            [
              -83.71648,
              42.28995
            ],
            [
              -83.7165,
              42.28995
            ],
            [
              -83.7165,
              42.28988
            ],
            [
              -83.71677,
              42.28988
            ],
            [
              -83.71677,
              42.28963
            ],
            [
              -83.71653,
              42.28963
            ],
            [
              -83.71653,
              42.28972
            ],
            [
              -83.71658,
              42.28976
            ],
            [
              -83.71643,
              42.28985
            ],
            [
              -83.71633,
              42.29004
            ],
            [
              -83.71631,
              42.29004
            ],
            [
              -83.7163,
              42.29003
            ],
            [
              -83.71627,
              42.29008
            ],
            [
              -83.7161,
              42.29003
            ],
            [
              -83.71623,
              42.28979
            ],
            [
              -83.71616,
              42.2896
            ],
            [
              -83.71638,
              42.28955
            ],
            [
              -83.7165,
              42.28955
            ],
            [
              -83.7165,
              42.28936
            ],
            [
              -83.71667,
              42.28936
            ],
            [
              -83.71667,
              42.28931
            ],
            [
              -83.71665,
              42.28931
            ],
            [
              -83.71665,
              42.28929
            ],
            [
              -83.71662,
              42.28929
            ],
            [
              -83.71662,
              42.28904
            ],
            [
              -83.71817,
              42.28904
            ],
            [
              -83.71816,
              42.28928
            ],
            [
              -83.71768,
              42.28928
            ],
            [
              -83.71768,
              42.2893
            ],
            [
              -83.71766,
              42.2893
            ],
            [
              -83.71766,
              42.28936
            ],
            [
              -83.71783,
              42.28936
            ],
            [
              -83.71783,
              42.28963
            ],
            [
              -83.71758,
              42.28963
            ],
            [
              -83.71757,
              42.28988
            ],
            [
              -83.71806,
              42.28988
            ],
            [
              -83.71806,
              42.29006
            ]
          ]
        ]
      }
    },
    {
      "type": "Feature",
      "properties": {
        "name": "Francois-Xavier Bagnoud Building",
        "slug": "francois-xavier-bagnoud-building",
        "acronym": "FXB",
        "category": "Academic",
        "floors": 3
      },
      "geometry": {
        "type": "Polygon",
        "coordinates": [
          [
            [
              -83.71222,
              42.2938
            ],
            [
              -83.71222,
              42.29359
            ],
            [
              -83.71227,
              42.29358
            ],
            [
              -83.71227,
              42.29313
            ],
            [
              -83.71221,
              42.29313
            ],
            [
              -83.71221,
              42.29311
            ],
            [
              -83.71202,
              42.29309
            ],
            [
              -83.71201,
              42.29313
            ],
            [
              -83.71193,
              42.29313
            ],
            [
              -83.71193,
              42.29345
            ],
            [
              -83.71177,
              42.29344
            ],
            [
              -83.71165,
              42.29342
            ],
            [
              -83.71162,
              42.29354
            ],
            [
              -83.71161,
              42.29354
            ],
            [
              -83.71159,
              42.2936
            ],
            [
              -83.71158,
              42.29366
            ],
            [
              -83.71151,
              42.29366
            ],
            [
              -83.71151,
              42.29381
            ],
            [
              -83.71222,
              42.2938
            ]
          ]
        ]
      }
    },
    {
      "type": "Feature",
      "properties": {
        "name": "Bennie Oosterbaan Field House",
        "preferredName": "Oosterbaan Field House",
        "slug": "bennie-oosterbaan-field-house-1",
        "category": "Athletic",
        "floors": 2
      },
      "geometry": {
        "type": "Polygon",
        "coordinates": [
          [
            [
              -83.74305,
              42.26563
            ],
            [
              -83.74163,
              42.26565
            ],
            [
              -83.74165,
              42.26617
            ],
            [
              -83.74306,
              42.26615
            ],
            [
              -83.74305,
              42.26563
            ]
          ]
        ]
      }
    },
    {
      "type": "Feature",
      "properties": {
        "name": "Alvin M & Arvella D Bentley Historical Library",
        "preferredName": "Bentley Historical Library",
        "slug": "alvin-m-arvella-d-bentley-historical-library",
        "category": "Library/Museum",
        "floors": 2
      },
      "geometry": {
        "type": "Polygon",
        "coordinates": [
          [
            [
              -83.7127,
              42.28986
            ],
            [
              -83.71278,
              42.28986
            ],
            [
              -83.71278,
              42.28966
            ],
            [
              -83.71275,
              42.28966
            ],
            [
              -83.71275,
              42.28962
            ],
            [
              -83.71272,
              42.28962
            ],
            [
              -83.71272,
              42.28949
            ],
            [
              -83.71269,
              42.28949
            ],
            [
              -83.71269,
              42.28945
            ],
            [
              -83.71205,
              42.28945
            ],
            [
              -83.71205,
              42.28914
            ],
            [
              -83.71187,
              42.28914
            ],
            [
              -83.71188,
              42.28977
            ],
            [
              -83.71239,
              42.28977
            ],
            [
              -83.71239,
              42.28972
            ],
            [
              -83.7126,
              42.28972
            ],
            [
              -83.7127,
              42.28986
            ]
          ]
        ]
      }
    },
    {
      "type": "Feature",
      "properties": {
        "name": "Betsy Barbour House",
        "slug": "betsy-barbour-house",
        "category": "Housing",
        "floors": 4
      },
      "geometry": {
        "type": "Polygon",
        "coordinates": [
          [
            [
              -83.74184,
              42.27736
            ],
            [
              -83.74126,
              42.27736
            ],
            [
              -83.74126,
              42.27724
            ],
            [
              -83.74131,
              42.27724
            ],
            [
              -83.74131,
              42.27723
            ],
            [
              -83.74151,
              42.27723
            ],
            [
              -83.7415,
              42.27717
            ],
            [
              -83.74166,
              42.27717
            ],
            [
              -83.74166,
              42.27723
            ],
            [
              -83.74184,
              42.27723
            ],
            [
              -83.74184,
              42.27736
            ]
          ]
        ]
      }
    },
    {
      "type": "Feature",
      "properties": {
        "name": "George G. (GG) Brown Laboratories",
        "preferredName": "GG Brown Laboratory",
        "slug": "george-g-gg-brown-laboratories",
        "acronym": "GGBL",
        "category": "Academic",
        "floors": 5
      },
      "geometry": {
        "type": "Polygon",
        "coordinates": [
          [
            [
              -83.7129,
              42.29296
            ],
            [
              -83.7129,
              42.29377
            ],
            [
              -83.71318,
              42.29377
            ],
            [
              -83.71318,
              42.29378
            ],
            [
              -83.71325,
              42.29378
            ],
            [
              -83.71324,
              42.29364
            ],
            [
              -83.71322,
              42.29364
            ],
            [
              -83.71322,
              42.29332
            ],
            [
              -83.71328,
              42.29332
            ],
            [
              -83.71327,
              42.29346
            ],
            [
              -83.71333,
              42.29346
            ],
            [
              -83.71333,
              42.29345
            ],
            [
              -83.71348,
              42.29345
            ],
            [
              -83.71348,
              42.29332
            ],
            [
              -83.71358,
              42.29332
            ],
            [
              -83.71358,
              42.29339
            ],
            [
              -83.71365,
              42.29339
            ],
            [
              -83.71365,
              42.29332
            ],
            [
              -83.71414,
              42.29332
            ],
            [
              -83.71414,
              42.29333
            ],
            [
              -83.71408,
              42.29334
            ],
            [
              -83.71408,
              42.29336
            ],
            [
              -83.71411,
              42.29336
            ],
            [
              -83.71414,
              42.29337
            ],
            [
              -83.71414,
              42.29338
            ],
            [
              -83.7141,
              42.29338
            ],
            [
              -83.71405,
              42.29361
            ],
            [
              -83.71477,
              42.29361
            ],
            [
              -83.71478,
              42.2935
            ],
            [
              -83.71478,
              42.29331
            ],
            [
              -83.7148,
              42.29333
            ],
            [
              -83.71495,
              42.29333
            ],
            [
              -83.71497,
              42.29331
            ],
            [
              -83.71508,
              42.29331
            ],
            [
              -83.71508,
              42.29319
            ],
            [
              -83.71504,
              42.29319
            ],
            [
              -83.71504,
              42.29311
            ],
            [
              -83.71477,
              42.29311
            ],
            [
              -83.71477,
              42.29315
            ],
            [
              -83.71473,
              42.29315
            ],
            [
              -83.71472,
              42.29295
            ],
            [
              -83.714,
              42.29295
            ],
            [
              -83.714,
              42.29282
            ],
            [
              -83.71377,
              42.29282
            ],
            [
              -83.71377,
              42.29295
            ],
            [
              -83.7133,
              42.29295
            ],
            [
              -83.7129,
              42.29296
            ]
          ]
        ]
      }
    },
    {
      "type": "Feature",
      "properties": {
        "name": "Lawrence D Buhl Research Center For Human Genetics",
        "preferredName": "Buhl Res Cen for Human Genetics",
        "slug": "lawrence-d-buhl-research-center-for-human-genetics",
        "category": "Medical",
        "floors": 3
      },
      "geometry": {
        "type": "Polygon",
        "coordinates": [
          [
            [
              -83.73388,
              42.28354
            ],
            [
              -83.73388,
              42.28336
            ],
            [
              -83.73355,
              42.28336
            ],
            [
              -83.73355,
              42.28353
            ],
            [
              -83.73388,
              42.28354
            ]
          ]
        ]
      }
    },
    {
      "type": "Feature",
      "properties": {
        "name": "Buhr Building",
        "slug": "buhr-building",
        "category": "Library/Museum",
        "floors": 2
      },
      "geometry": {
        "type": "Polygon",
        "coordinates": [
          [
            [
              -83.74745,
              42.27161
            ],
            [
              -83.7471,
              42.27162
            ],
            [
              -83.7471,
              42.27157
            ],
            [
              -83.74702,
              42.27157
            ],
            [
              -83.74702,
              42.27141
            ],
            [
              -83.74698,
              42.27141
            ],
            [
              -83.74698,
              42.27135
            ],
            [
              -83.74687,
              42.27136
            ],
            [
              -83.74686,
              42.27113
            ],
            [
              -83.74678,
              42.27113
            ],
            [
              -83.74677,
              42.27097
            ],
            [
              -83.74664,
              42.27098
            ],
            [
              -83.74626,
              42.27033
            ],
            [
              -83.74674,
              42.27031
            ],
            [
              -83.74672,
              42.26993
            ],
            [
              -83.7472,
              42.26992
            ],
            [
              -83.74721,
              42.27022
            ],
            [
              -83.74742,
              42.27021
            ],
            [
              -83.74743,
              42.27044
            ],
            [
              -83.74706,
              42.27045
            ],
            [
              -83.74708,
              42.27083
            ],
            [
              -83.74714,
              42.27083
            ],
            [
              -83.74715,
              42.27092
            ],
            [
              -83.74709,
              42.27092
            ],
            [
              -83.74711,
              42.27135
            ],
            [
              -83.74728,
              42.27135
            ],
            [
              -83.74727,
              42.2713
            ],
            [
              -83.74739,
              42.2713
            ],
            [
              -83.74739,
              42.27134
            ],
            [
              -83.74744,
              42.27134
            ],
            [
              -83.74745,
              42.27161
            ]
          ]
        ]
      }
    },
    {
      "type": "Feature",
      "properties": {
        "name": "Joseph A & Marguerite K Bursley Hall",
        "preferredName": "Bursley Hall",
        "slug": "joseph-a-marguerite-k-bursley-hall",
        "acronym": "BURS",
        "category": "Housing",
        "floors": 6
      },
      "geometry": {
        "type": "Polygon",
        "coordinates": [
          [
            [
              -83.72041,
              42.29373
            ],
            [
              -83.7204,
              42.29376
            ],
            [
              -83.72072,
              42.29381
            ],
            [
              -83.7207,
              42.29392
            ],
            [
              -83.72084,
              42.29394
            ],
            [
              -83.72099,
              42.29394
            ],
            [
              -83.72118,
              42.29392
            ],
            [
              -83.72116,
              42.29381
            ],
            [
              -83.72148,
              42.29376
            ],
            [
              -83.72141,
              42.29354
            ],
            [
              -83.72107,
              42.29359
            ],
            [
              -83.72095,
              42.2936
            ],
            [
              -83.72069,
              42.29357
            ],
            [
              -83.72047,
              42.29353
            ],
            [
              -83.72041,
              42.29373
            ]
          ]
        ]
      }
    },
    {
      "type": "Feature",
      "properties": {
        "name": "Burton Memorial Tower",
        "slug": "burton-memorial-tower",
        "acronym": "SMTD",
        "category": "Academic",
        "floors": 10,
        "height": 65
      },
      "geometry": {
        "type": "Polygon",
        "coordinates": [
          [
            [
              -83.73864,
              42.27951
            ],
            [
              -83.73863,
              42.27939
            ],
            [
              -83.73879,
              42.27939
            ],
            [
              -83.73879,
              42.27951
            ],
            [
              -83.73864,
              42.27951
            ]
          ]
        ]
      }
    },
    {
      "type": "Feature",
      "properties": {
        "name": "1100 North University Building (Central Campus Transit Center) NUB",
        "preferredName": "1100 North University Building",
        "slug": "1100-north-university-building-central-campus-transit-center-nub",
        "category": "Academic",
        "floors": 5
      },
      "geometry": {
        "type": "Polygon",
        "coordinates": [
          [
            [
              -83.73549,
              42.27795
            ],
            [
              -83.73489,
              42.27748
            ],
            [
              -83.73499,
              42.27741
            ],
            [
              -83.73496,
              42.27738
            ],
            [
              -83.73493,
              42.27738
            ],
            [
              -83.73493,
              42.27741
            ],
            [
              -83.73485,
              42.27741
            ],
            [
              -83.73484,
              42.27703
            ],
            [
              -83.73486,
              42.27703
            ],
            [
              -83.73486,
              42.27699
            ],
            [
              -83.73556,
              42.27699
            ],
            [
              -83.73556,
              42.27689
            ],
            [
              -83.73561,
              42.27689
            ],
            [
              -83.73561,
              42.27699
            ],
            [
              -83.73565,
              42.27699
            ],
            [
              -83.73569,
              42.27789
            ],
            [
              -83.73549,
              42.27795
            ]
          ],
          [
            [
              -83.73543,
              42.27734
            ],
            [
              -83.73542,
              42.27712
            ],
            [
              -83.73516,
              42.27712
            ],
            [
              -83.73516,
              42.27714
            ],
            [
              -83.73505,
              42.27714
            ],
            [
              -83.73505,
              42.27712
            ],
            [
              -83.73503,
              42.27712
            ],
            [
              -83.73503,
              42.27732
            ],
            [
              -83.73521,
              42.27747
            ],
            [
              -83.73524,
              42.27746
            ],
            [
              -83.73518,
              42.27741
            ],
            [
              -83.73537,
              42.27729
            ],
            [
              -83.73543,
              42.27734
            ]
          ]
        ]
      }
    },
    {
      "type": "Feature",
      "properties": {
        "name": "Neuroscience Hospital Unit 2",
        "preferredName": "Mott Children's Hospital",
        "slug": "neuroscience-hospital-unit-2",
        "acronym": "MOTT",
        "category": "Medical",
        "floors": 12
      },
      "geometry": {
        "type": "Polygon",
        "coordinates": [
          [
            [
              -83.72836,
              42.28265
            ],
            [
              -83.72797,
              42.28265
            ],
            [
              -83.72797,
              42.2827
            ],
            [
              -83.72791,
              42.2827
            ],
            [
              -83.72789,
              42.28224
            ],
            [
              -83.72631,
              42.28225
            ],
            [
              -83.72631,
              42.28212
            ],
            [
              -83.72634,
              42.28203
            ],
            [
              -83.72639,
              42.28192
            ],
            [
              -83.72646,
              42.28183
            ],
            [
              -83.72656,
              42.28175
            ],
            [
              -83.72668,
              42.28175
            ],
            [
              -83.7267,
              42.28194
            ],
            [
              -83.72691,
              42.28194
            ],
            [
              -83.72693,
              42.28185
            ],
            [
              -83.72696,
              42.28177
            ],
            [
              -83.72701,
              42.28169
            ],
            [
              -83.72707,
              42.28162
            ],
            [
              -83.72718,
              42.28153
            ],
            [
              -83.72731,
              42.28153
            ],
            [
              -83.72732,
              42.28169
            ],
            [
              -83.72771,
              42.28169
            ],
            [
              -83.72771,
              42.2816
            ],
            [
              -83.72805,
              42.2816
            ],
            [
              -83.72805,
              42.28195
            ],
            [
              -83.72802,
              42.28196
            ],
            [
              -83.72802,
              42.28203
            ],
            [
              -83.72803,
              42.28206
            ],
            [
              -83.7283,
              42.28206
            ],
            [
              -83.7283,
              42.28209
            ],
            [
              -83.72833,
              42.28209
            ],
            [
              -83.72831,
              42.28216
            ],
            [
              -83.72831,
              42.28223
            ],
            [
              -83.72832,
              42.28237
            ],
            [
              -83.72836,
              42.28265
            ]
          ]
        ]
      }
    },
    {
      "type": "Feature",
      "properties": {
        "name": "Campus Safety Services Building",
        "slug": "campus-safety-services-building",
        "acronym": "CSSB",
        "category": "Administrative",
        "floors": 2
      },
      "geometry": {
        "type": "Polygon",
        "coordinates": [
          [
            [
              -83.7446,
              42.26568
            ],
            [
              -83.74423,
              42.2658
            ],
            [
              -83.74417,
              42.26569
            ],
            [
              -83.74395,
              42.26576
            ],
            [
              -83.74378,
              42.26545
            ],
            [
              -83.74334,
              42.26469
            ],
            [
              -83.74355,
              42.26462
            ],
            [
              -83.74389,
              42.2646
            ],
            [
              -83.74433,
              42.26534
            ],
            [
              -83.7444,
              42.26532
            ],
            [
              -83.7446,
              42.26568
            ]
          ]
        ]
      }
    },
    {
      "type": "Feature",
      "properties": {
        "name": "Rogel Cancer Center",
        "preferredName": "Cancer Center",
        "slug": "rogel-cancer-center",
        "category": "Medical",
        "floors": 9
      },
      "geometry": {
        "type": "Polygon",
        "coordinates": [
          [
            [
              -83.7319,
              42.28467
            ],
            [
              -83.73099,
              42.28468
            ],
            [
              -83.73099,
              42.2846
            ],
            [
              -83.73073,
              42.2846
            ],
            [
              -83.73072,
              42.28424
            ],
            [
              -83.73183,
              42.28423
            ],
            [
              -83.73183,
              42.28428
            ],
            [
              -83.73187,
              42.28428
            ],
            [
              -83.73188,
              42.28453
            ],
            [
              -83.7319,
              42.28453
            ],
            [
              -83.7319,
              42.28467
            ]
          ]
        ]
      }
    },
    {
      "type": "Feature",
      "properties": {
        "name": "Central Power Plant",
        "slug": "central-power-plant",
        "category": "Administrative",
        "floors": 2
      },
      "geometry": {
        "type": "Polygon",
        "coordinates": [
          [
            [
              -83.73441,
              42.28038
            ],
            [
              -83.73473,
              42.28037
            ],
            [
              -83.73474,
              42.28046
            ],
            [
              -83.73484,
              42.28045
            ],
            [
              -83.73486,
              42.2807
            ],
            [
              -83.73492,
              42.2807
            ],
            [
              -83.73494,
              42.28119
            ],
            [
              -83.73495,
              42.28125
            ],
            [
              -83.73445,
              42.28126
            ],
            [
              -83.73444,
              42.28106
            ],
            [
              -83.73437,
              42.28106
            ],
            [
              -83.73436,
              42.28084
            ],
            [
              -83.73415,
              42.28084
            ],
            [
              -83.73407,
              42.28085
            ],
            [
              -83.73405,
              42.28055
            ],
            [
              -83.73434,
              42.28054
            ],
            [
              -83.73433,
              42.28039
            ],
            [
              -83.73441,
              42.28038
            ]
          ]
        ]
      }
    },
    {
      "type": "Feature",
      "properties": {
        "name": "Willard H Dow Chemistry & Laboratory",
        "preferredName": "Chemistry Dow Lab",
        "slug": "willard-h-dow-chemistry-laboratory",
        "category": "Academic",
        "floors": 8
      },
      "geometry": {
        "type": "Polygon",
        "coordinates": [
          [
            [
              -83.73796,
              42.27839
            ],
            [
              -83.73795,
              42.27774
            ],
            [
              -83.73747,
              42.27774
            ],
            [
              -83.73748,
              42.27777
            ],
            [
              -83.73734,
              42.27778
            ],
            [
              -83.73734,
              42.27771
            ],
            [
              -83.7371,
              42.27771
            ],
            [
              -83.73711,
              42.27786
            ],
            [
              -83.73702,
              42.27786
            ],
            [
              -83.73702,
              42.2777
            ],
            [
              -83.7368,
              42.2777
            ],
            [
              -83.73676,
              42.27767
            ],
            [
              -83.73674,
              42.27767
            ],
            [
              -83.7367,
              42.27765
            ],
            [
              -83.73637,
              42.27765
            ],
            [
              -83.73637,
              42.27769
            ],
            [
              -83.73634,
              42.27769
            ],
            [
              -83.73634,
              42.2777
            ],
            [
              -83.73629,
              42.27771
            ],
            [
              -83.73629,
              42.27774
            ],
            [
              -83.73617,
              42.27774
            ],
            [
              -83.73617,
              42.2779
            ],
            [
              -83.73614,
              42.27792
            ],
            [
              -83.73609,
              42.27801
            ],
            [
              -83.73609,
              42.2781
            ],
            [
              -83.73613,
              42.27818
            ],
            [
              -83.73618,
              42.27822
            ],
            [
              -83.73618,
              42.27828
            ],
            [
              -83.73626,
              42.27828
            ],
            [
              -83.73626,
              42.27831
            ],
            [
              -83.73618,
              42.27836
            ],
            [
              -83.73618,
              42.27838
            ],
            [
              -83.7363,
              42.27838
            ],
            [
              -83.7363,
              42.27842
            ],
            [
              -83.73703,
              42.27841
            ],
            [
              -83.73702,
              42.27824
            ],
            [
              -83.73711,
              42.27824
            ],
            [
              -83.73711,
              42.27841
            ],
            [
              -83.73736,
              42.2784
            ],
            [
              -83.73735,
              42.27827
            ],
            [
              -83.73747,
              42.27827
            ],
            [
              -83.73747,
              42.27839
            ],
            [
              -83.73796,
              42.27839
            ]
          ],
          [
            [
              -83.73747,
              42.27812
            ],
            [
              -83.73733,
              42.27813
            ],
            [
              -83.73733,
              42.27797
            ],
            [
              -83.73747,
              42.27796
            ],
            [
              -83.73747,
              42.27812
            ]
          ],
          [
            [
              -83.73777,
              42.27804
            ],
            [
              -83.7376,
              42.27804
            ],
            [
              -83.7376,
              42.27788
            ],
            [
              -83.73776,
              42.27788
            ],
            [
              -83.73777,
              42.27804
            ]
          ],
          [
            [
              -83.73777,
              42.27825
            ],
            [
              -83.73761,
              42.27825
            ],
            [
              -83.73761,
              42.27813
            ],
            [
              -83.73777,
              42.27812
            ],
            [
              -83.73777,
              42.27825
            ]
          ]
        ]
      }
    },
    {
      "type": "Feature",
      "properties": {
        "name": "Crisler Center",
        "preferredName": "Crisler Arena",
        "slug": "crisler-center",
        "category": "Athletic",
        "floors": 3
      },
      "geometry": {
        "type": "Polygon",
        "coordinates": [
          [
            [
              -83.74616,
              42.26476
            ],
            [
              -83.74609,
              42.26475
            ],
            [
              -83.74612,
              42.2647
            ],
            [
              -83.74615,
              42.26467
            ],
            [
              -83.74627,
              42.26458
            ],
            [
              -83.74639,
              42.26452
            ],
            [
              -83.74653,
              42.26448
            ],
            [
              -83.74669,
              42.26447
            ],
            [
              -83.74689,
              42.2645
            ],
            [
              -83.74701,
              42.26455
            ],
            [
              -83.74707,
              42.26449
            ],
            [
              -83.74721,
              42.26459
            ],
            [
              -83.74729,
              42.2647
            ],
            [
              -83.74734,
              42.26481
            ],
            [
              -83.74729,
              42.26482
            ],
            [
              -83.7473,
              42.26497
            ],
            [
              -83.74728,
              42.26503
            ],
            [
              -83.74724,
              42.26503
            ],
            [
              -83.74724,
              42.26517
            ],
            [
              -83.74723,
              42.26522
            ],
            [
              -83.74717,
              42.26534
            ],
            [
              -83.74714,
              42.26536
            ],
            [
              -83.74708,
              42.26543
            ],
            [
              -83.747,
              42.26548
            ],
            [
              -83.74689,
              42.26552
            ],
            [
              -83.74691,
              42.26557
            ],
            [
              -83.7468,
              42.2656
            ],
            [
              -83.74672,
              42.2656
            ],
            [
              -83.74669,
              42.26561
            ],
            [
              -83.74665,
              42.2656
            ],
            [
              -83.74657,
              42.2656
            ],
            [
              -83.74643,
              42.26557
            ],
            [
              -83.74634,
              42.26554
            ],
            [
              -83.74628,
              42.26551
            ],
            [
              -83.7462,
              42.26545
            ],
            [
              -83.74625,
              42.26542
            ],
            [
              -83.74622,
              42.2654
            ],
            [
              -83.74613,
              42.26527
            ],
            [
              -83.7461,
              42.26516
            ],
            [
              -83.7461,
              42.26492
            ],
            [
              -83.74611,
              42.26486
            ],
            [
              -83.74616,
              42.26476
            ]
          ]
        ]
      }
    },
    {
      "type": "Feature",
      "properties": {
        "name": "Chrysler Center Continuing Engineering Education",
        "preferredName": "Chrysler Center",
        "slug": "chrysler-center-continuing-engineering-education",
        "acronym": "CHRYS",
        "category": "Academic",
        "floors": 3
      },
      "geometry": {
        "type": "Polygon",
        "coordinates": [
          [
            [
              -83.71707,
              42.29126
            ],
            [
              -83.71706,
              42.2912
            ],
            [
              -83.71691,
              42.2912
            ],
            [
              -83.71691,
              42.29106
            ],
            [
              -83.71704,
              42.29106
            ],
            [
              -83.71704,
              42.29055
            ],
            [
              -83.7165,
              42.29054
            ],
            [
              -83.71651,
              42.29068
            ],
            [
              -83.71651,
              42.29107
            ],
            [
              -83.71636,
              42.29107
            ],
            [
              -83.7164,
              42.29109
            ],
            [
              -83.71639,
              42.29123
            ],
            [
              -83.71636,
              42.29126
            ],
            [
              -83.71664,
              42.29126
            ],
            [
              -83.71668,
              42.29129
            ],
            [
              -83.71686,
              42.29129
            ],
            [
              -83.7169,
              42.29126
            ],
            [
              -83.71707,
              42.29126
            ]
          ]
        ]
      }
    },
    {
      "type": "Feature",
      "properties": {
        "name": "Clifford P Keen Arena",
        "preferredName": "Cliff Keen Arena",
        "slug": "clifford-p-keen-arena",
        "category": "Athletic",
        "floors": 2
      },
      "geometry": {
        "type": "Polygon",
        "coordinates": [
          [
            [
              -83.74147,
              42.26926
            ],
            [
              -83.74147,
              42.26956
            ],
            [
              -83.74148,
              42.26959
            ],
            [
              -83.74108,
              42.2696
            ],
            [
              -83.74107,
              42.26951
            ],
            [
              -83.74106,
              42.26922
            ],
            [
              -83.74117,
              42.26914
            ],
            [
              -83.74144,
              42.26913
            ],
            [
              -83.74145,
              42.26916
            ],
            [
              -83.74147,
              42.26916
            ],
            [
              -83.74147,
              42.26922
            ],
            [
              -83.7415,
              42.26922
            ],
            [
              -83.74151,
              42.26926
            ],
            [
              -83.74147,
              42.26926
            ]
          ]
        ]
      }
    },
    {
      "type": "Feature",
      "properties": {
        "name": "Coliseum",
        "slug": "coliseum",
        "category": "Athletic",
        "floors": 1
      },
      "geometry": {
        "type": "Polygon",
        "coordinates": [
          [
            [
              -83.74639,
              42.27223
            ],
            [
              -83.74641,
              42.27183
            ],
            [
              -83.7455,
              42.27185
            ],
            [
              -83.74552,
              42.27216
            ],
            [
              -83.74545,
              42.27217
            ],
            [
              -83.74545,
              42.27223
            ],
            [
              -83.74552,
              42.27222
            ],
            [
              -83.74552,
              42.27225
            ],
            [
              -83.74639,
              42.27223
            ]
          ]
        ]
      }
    },
    {
      "type": "Feature",
      "properties": {
        "name": "Engineering Auxiliary Building EAB",
        "slug": "engineering-auxiliary-building-eab",
        "category": "Academic",
        "floors": 2
      },
      "geometry": {
        "type": "Polygon",
        "coordinates": [
          [
            [
              -83.71422,
              42.28922
            ],
            [
              -83.71422,
              42.28886
            ],
            [
              -83.71432,
              42.28886
            ],
            [
              -83.71432,
              42.28883
            ],
            [
              -83.71455,
              42.28883
            ],
            [
              -83.71455,
              42.28886
            ],
            [
              -83.71466,
              42.28886
            ],
            [
              -83.71466,
              42.28903
            ],
            [
              -83.71455,
              42.28903
            ],
            [
              -83.71455,
              42.28916
            ],
            [
              -83.71441,
              42.28916
            ],
            [
              -83.71441,
              42.28922
            ],
            [
              -83.71422,
              42.28922
            ]
          ]
        ]
      }
    },
    {
      "type": "Feature",
      "properties": {
        "name": "Mortimer E Cooley Building",
        "preferredName": "Cooley Building",
        "slug": "mortimer-e-cooley-building",
        "acronym": "COOL",
        "category": "Academic",
        "floors": 3
      },
      "geometry": {
        "type": "Polygon",
        "coordinates": [
          [
            [
              -83.71402,
              42.29055
            ],
            [
              -83.71411,
              42.29055
            ],
            [
              -83.71411,
              42.29069
            ],
            [
              -83.71384,
              42.2907
            ],
            [
              -83.71322,
              42.2907
            ],
            [
              -83.71322,
              42.29056
            ],
            [
              -83.71402,
              42.29055
            ]
          ]
        ]
      }
    },
    {
      "type": "Feature",
      "properties": {
        "name": "Couzens Hall",
        "slug": "couzens-hall",
        "acronym": "COUZENS",
        "category": "Housing",
        "floors": 6
      },
      "geometry": {
        "type": "Polygon",
        "coordinates": [
          [
            [
              -83.73251,
              42.28173
            ],
            [
              -83.73251,
              42.28174
            ],
            [
              -83.73261,
              42.28174
            ],
            [
              -83.73261,
              42.28177
            ],
            [
              -83.73268,
              42.28177
            ],
            [
              -83.73268,
              42.2819
            ],
            [
              -83.73274,
              42.2819
            ],
            [
              -83.73274,
              42.28191
            ],
            [
              -83.73283,
              42.28191
            ],
            [
              -83.73283,
              42.28185
            ],
            [
              -83.73299,
              42.28185
            ],
            [
              -83.733,
              42.2819
            ],
            [
              -83.73308,
              42.2819
            ],
            [
              -83.73308,
              42.28189
            ],
            [
              -83.73315,
              42.28189
            ],
            [
              -83.73314,
              42.28175
            ],
            [
              -83.73319,
              42.28175
            ],
            [
              -83.73319,
              42.28173
            ],
            [
              -83.7332,
              42.28173
            ],
            [
              -83.7332,
              42.28172
            ],
            [
              -83.73329,
              42.28172
            ],
            [
              -83.7333,
              42.28175
            ],
            [
              -83.73331,
              42.28189
            ],
            [
              -83.73332,
              42.28189
            ],
            [
              -83.73332,
              42.28197
            ],
            [
              -83.73331,
              42.28197
            ],
            [
              -83.73332,
              42.28211
            ],
            [
              -83.73318,
              42.28211
            ],
            [
              -83.73318,
              42.28204
            ],
            [
              -83.73311,
              42.28204
            ],
            [
              -83.73311,
              42.28202
            ],
            [
              -83.73295,
              42.28203
            ],
            [
              -83.73295,
              42.28204
            ],
            [
              -83.73289,
              42.28204
            ],
            [
              -83.73289,
              42.28203
            ],
            [
              -83.73273,
              42.28203
            ],
            [
              -83.73273,
              42.28205
            ],
            [
              -83.73267,
              42.28205
            ],
            [
              -83.73267,
              42.28213
            ],
            [
              -83.73253,
              42.28213
            ],
            [
              -83.73253,
              42.28205
            ],
            [
              -83.73218,
              42.28206
            ],
            [
              -83.73219,
              42.28217
            ],
            [
              -83.73201,
              42.28217
            ],
            [
              -83.732,
              42.2821
            ],
            [
              -83.73196,
              42.28211
            ],
            [
              -83.73196,
              42.28204
            ],
            [
              -83.73195,
              42.28204
            ],
            [
              -83.73195,
              42.28195
            ],
            [
              -83.732,
              42.28195
            ],
            [
              -83.732,
              42.28188
            ],
            [
              -83.73195,
              42.28188
            ],
            [
              -83.73194,
              42.28175
            ],
            [
              -83.73212,
              42.28174
            ],
            [
              -83.73212,
              42.28171
            ],
            [
              -83.73215,
              42.2817
            ],
            [
              -83.73215,
              42.28168
            ],
            [
              -83.73224,
              42.28168
            ],
            [
              -83.73224,
              42.2817
            ],
            [
              -83.73227,
              42.2817
            ],
            [
              -83.73227,
              42.28173
            ],
            [
              -83.73251,
              42.28173
            ]
          ]
        ]
      }
    },
    {
      "type": "Feature",
      "properties": {
        "name": "Samuel Trask Dana Building",
        "preferredName": "Dana Building",
        "slug": "samuel-trask-dana-building",
        "category": "Academic",
        "floors": 3,
        "hide3d": true
      },
      "geometry": {
        "type": "Polygon",
        "coordinates": [
          [
            [
              -83.73694,
              42.27752
            ],
            [
              -83.7368,
              42.27752
            ],
            [
              -83.7368,
              42.27751
            ],
            [
              -83.73644,
              42.27751
            ],
            [
              -83.73644,
              42.27752
            ],
            [
              -83.73629,
              42.27753
            ],
            [
              -83.73628,
              42.27742
            ],
            [
              -83.73631,
              42.27742
            ],
            [
              -83.73631,
              42.27738
            ],
            [
              -83.7363,
              42.27734
            ],
            [
              -83.7363,
              42.27724
            ],
            [
              -83.73628,
              42.27724
            ],
            [
              -83.73628,
              42.27712
            ],
            [
              -83.73642,
              42.27712
            ],
            [
              -83.73643,
              42.27714
            ],
            [
              -83.73678,
              42.27713
            ],
            [
              -83.73678,
              42.27712
            ],
            [
              -83.73693,
              42.27711
            ],
            [
              -83.73693,
              42.27723
            ],
            [
              -83.73691,
              42.27723
            ],
            [
              -83.73691,
              42.27741
            ],
            [
              -83.73694,
              42.27741
            ],
            [
              -83.73694,
              42.27752
            ]
          ]
        ]
      }
    },
    {
      "type": "Feature",
      "properties": {
        "name": "Weiser Hall",
        "slug": "weiser-hall",
        "acronym": "WEIS",
        "category": "Academic",
        "floors": 2,
        "height": 8,
        "hide3d": true
      },
      "geometry": {
        "type": "Polygon",
        "coordinates": [
          [
            [
              -83.73484,
              42.27631
            ],
            [
              -83.73486,
              42.2767
            ],
            [
              -83.73504,
              42.2767
            ],
            [
              -83.73505,
              42.27674
            ],
            [
              -83.73502,
              42.27674
            ],
            [
              -83.73502,
              42.27681
            ],
            [
              -83.73505,
              42.27681
            ],
            [
              -83.73505,
              42.27685
            ],
            [
              -83.73508,
              42.27685
            ],
            [
              -83.73508,
              42.2769
            ],
            [
              -83.73511,
              42.2769
            ],
            [
              -83.73511,
              42.27692
            ],
            [
              -83.73521,
              42.27692
            ],
            [
              -83.73521,
              42.27689
            ],
            [
              -83.73566,
              42.27688
            ],
            [
              -83.73565,
              42.27683
            ],
            [
              -83.73568,
              42.27682
            ],
            [
              -83.73568,
              42.27679
            ],
            [
              -83.73569,
              42.27679
            ],
            [
              -83.73569,
              42.27673
            ],
            [
              -83.73513,
              42.27674
            ],
            [
              -83.73513,
              42.2767
            ],
            [
              -83.73516,
              42.2767
            ],
            [
              -83.73514,
              42.27631
            ],
            [
              -83.7351,
              42.27631
            ],
            [
              -83.7351,
              42.27628
            ],
            [
              -83.73519,
              42.27627
            ],
            [
              -83.73519,
              42.27623
            ],
            [
              -83.73505,
              42.27624
            ],
            [
              -83.73505,
              42.2763
            ],
            [
              -83.73484,
              42.27631
            ]
          ]
        ]
      }
    },
    {
      "type": "Feature",
      "properties": {
        "name": "Dental Building and W K Kellogg Foundation Institute",
        "preferredName": "Dental & W.K. Kellogg Institute",
        "slug": "dental-building-and-w-k-kellogg-foundation-institute",
        "acronym": "DENT",
        "category": "Academic",
        "floors": 4
      },
      "geometry": {
        "type": "Polygon",
        "coordinates": [
          [
            [
              -83.73567,
              42.27928
            ],
            [
              -83.73565,
              42.27928
            ],
            [
              -83.73565,
              42.2793
            ],
            [
              -83.73552,
              42.2793
            ],
            [
              -83.73552,
              42.27929
            ],
            [
              -83.73547,
              42.27929
            ],
            [
              -83.73547,
              42.27914
            ],
            [
              -83.73551,
              42.27914
            ],
            [
              -83.7355,
              42.27887
            ],
            [
              -83.73556,
              42.27887
            ],
            [
              -83.7356,
              42.27886
            ],
            [
              -83.7356,
              42.2788
            ],
            [
              -83.73561,
              42.27879
            ],
            [
              -83.73564,
              42.27879
            ],
            [
              -83.73564,
              42.2788
            ],
            [
              -83.7357,
              42.2788
            ],
            [
              -83.73571,
              42.27876
            ],
            [
              -83.73631,
              42.27876
            ],
            [
              -83.73631,
              42.27879
            ],
            [
              -83.7364,
              42.27879
            ],
            [
              -83.7364,
              42.2789
            ],
            [
              -83.73666,
              42.2789
            ],
            [
              -83.73666,
              42.27882
            ],
            [
              -83.7368,
              42.27882
            ],
            [
              -83.7368,
              42.27904
            ],
            [
              -83.73683,
              42.27904
            ],
            [
              -83.73683,
              42.27915
            ],
            [
              -83.73681,
              42.27915
            ],
            [
              -83.73681,
              42.27937
            ],
            [
              -83.73636,
              42.27937
            ],
            [
              -83.73636,
              42.27945
            ],
            [
              -83.73629,
              42.27945
            ],
            [
              -83.73629,
              42.27959
            ],
            [
              -83.73637,
              42.27959
            ],
            [
              -83.73637,
              42.27977
            ],
            [
              -83.73615,
              42.27978
            ],
            [
              -83.73615,
              42.27983
            ],
            [
              -83.73595,
              42.27983
            ],
            [
              -83.73592,
              42.27984
            ],
            [
              -83.73592,
              42.27978
            ],
            [
              -83.73569,
              42.27978
            ],
            [
              -83.73568,
              42.27958
            ],
            [
              -83.73575,
              42.27958
            ],
            [
              -83.73575,
              42.27947
            ],
            [
              -83.73568,
              42.27947
            ],
            [
              -83.73567,
              42.27928
            ]
          ],
          [
            [
              -83.73632,
              42.27895
            ],
            [
              -83.73632,
              42.27891
            ],
            [
              -83.73571,
              42.27891
            ],
            [
              -83.73572,
              42.27908
            ],
            [
              -83.73573,
              42.27908
            ],
            [
              -83.73574,
              42.27915
            ],
            [
              -83.73569,
              42.27915
            ],
            [
              -83.73569,
              42.2792
            ],
            [
              -83.73591,
              42.2792
            ],
            [
              -83.73591,
              42.27918
            ],
            [
              -83.73613,
              42.27918
            ],
            [
              -83.73613,
              42.2792
            ],
            [
              -83.73633,
              42.2792
            ],
            [
              -83.73633,
              42.27916
            ],
            [
              -83.73629,
              42.27916
            ],
            [
              -83.73628,
              42.27895
            ],
            [
              -83.73632,
              42.27895
            ]
          ]
        ]
      }
    },
    {
      "type": "Feature",
      "properties": {
        "name": "Donald B Canham Natatorium",
        "preferredName": "Donald B. Canham Natatorium",
        "slug": "donald-b-canham-natatorium-1",
        "category": "Athletic",
        "floors": 2
      },
      "geometry": {
        "type": "Polygon",
        "coordinates": [
          [
            [
              -83.74436,
              42.26948
            ],
            [
              -83.74332,
              42.26951
            ],
            [
              -83.74332,
              42.26948
            ],
            [
              -83.74301,
              42.26948
            ],
            [
              -83.743,
              42.26926
            ],
            [
              -83.74331,
              42.26925
            ],
            [
              -83.74331,
              42.26919
            ],
            [
              -83.74347,
              42.26919
            ],
            [
              -83.74346,
              42.26913
            ],
            [
              -83.74377,
              42.26912
            ],
            [
              -83.74377,
              42.26908
            ],
            [
              -83.74403,
              42.26908
            ],
            [
              -83.74403,
              42.26904
            ],
            [
              -83.74408,
              42.26904
            ],
            [
              -83.74408,
              42.26901
            ],
            [
              -83.74429,
              42.26901
            ],
            [
              -83.74429,
              42.26904
            ],
            [
              -83.74435,
              42.26903
            ],
            [
              -83.74436,
              42.26948
            ]
          ]
        ]
      }
    },
    {
      "type": "Feature",
      "properties": {
        "name": "Herbert H Dow Building",
        "preferredName": "Herbert H. Dow Building",
        "slug": "herbert-h-dow-building",
        "acronym": "DOW",
        "category": "Academic",
        "floors": 4
      },
      "geometry": {
        "type": "Polygon",
        "coordinates": [
          [
            [
              -83.71577,
              42.29334
            ],
            [
              -83.71508,
              42.29333
            ],
            [
              -83.71508,
              42.29319
            ],
            [
              -83.71509,
              42.29319
            ],
            [
              -83.71509,
              42.2929
            ],
            [
              -83.71504,
              42.29291
            ],
            [
              -83.71504,
              42.29278
            ],
            [
              -83.71509,
              42.29278
            ],
            [
              -83.7151,
              42.2927
            ],
            [
              -83.71513,
              42.29271
            ],
            [
              -83.71518,
              42.29271
            ],
            [
              -83.71518,
              42.29269
            ],
            [
              -83.71567,
              42.29269
            ],
            [
              -83.71567,
              42.29271
            ],
            [
              -83.71577,
              42.29271
            ],
            [
              -83.71577,
              42.29277
            ],
            [
              -83.71579,
              42.29277
            ],
            [
              -83.71579,
              42.2929
            ],
            [
              -83.71577,
              42.2929
            ],
            [
              -83.71577,
              42.29316
            ],
            [
              -83.71581,
              42.29316
            ],
            [
              -83.71581,
              42.29329
            ],
            [
              -83.71577,
              42.29328
            ],
            [
              -83.71577,
              42.29334
            ]
          ]
        ]
      }
    },
    {
      "type": "Feature",
      "properties": {
        "name": "Earl V. Moore Building",
        "slug": "earl-v-moore-building",
        "acronym": "SM",
        "category": "Academic",
        "floors": 6
      },
      "geometry": {
        "type": "Polygon",
        "coordinates": [
          [
            [
              -83.72126,
              42.29132
            ],
            [
              -83.72126,
              42.29048
            ],
            [
              -83.72138,
              42.29048
            ],
            [
              -83.72138,
              42.29029
            ],
            [
              -83.72094,
              42.29029
            ],
            [
              -83.72094,
              42.29
            ],
            [
              -83.72111,
              42.29
            ],
            [
              -83.72111,
              42.28953
            ],
            [
              -83.72124,
              42.28953
            ],
            [
              -83.72124,
              42.28938
            ],
            [
              -83.72111,
              42.28938
            ],
            [
              -83.72111,
              42.28928
            ],
            [
              -83.72092,
              42.28928
            ],
            [
              -83.72092,
              42.28929
            ],
            [
              -83.72072,
              42.28929
            ],
            [
              -83.72072,
              42.28966
            ],
            [
              -83.72069,
              42.28966
            ],
            [
              -83.72069,
              42.29028
            ],
            [
              -83.72057,
              42.29028
            ],
            [
              -83.72057,
              42.29048
            ],
            [
              -83.72099,
              42.29048
            ],
            [
              -83.72099,
              42.29123
            ],
            [
              -83.72086,
              42.29123
            ],
            [
              -83.72086,
              42.29135
            ],
            [
              -83.72106,
              42.29134
            ],
            [
              -83.72106,
              42.29132
            ],
            [
              -83.72126,
              42.29132
            ]
          ]
        ]
      }
    },
    {
      "type": "Feature",
      "properties": {
        "name": "East Hall",
        "slug": "east-hall",
        "acronym": "EH",
        "category": "Academic",
        "floors": 4
      },
      "geometry": {
        "type": "Polygon",
        "coordinates": [
          [
            [
              -83.73563,
              42.27617
            ],
            [
              -83.73539,
              42.27617
            ],
            [
              -83.73539,
              42.27616
            ],
            [
              -83.7348,
              42.27617
            ],
            [
              -83.73478,
              42.27559
            ],
            [
              -83.73478,
              42.27536
            ],
            [
              -83.73537,
              42.27535
            ],
            [
              -83.73537,
              42.27532
            ],
            [
              -83.7356,
              42.27532
            ],
            [
              -83.73563,
              42.27617
            ]
          ]
        ]
      }
    },
    {
      "type": "Feature",
      "properties": {
        "name": "East Quadrangle",
        "slug": "east-quadrangle",
        "acronym": "EQ",
        "category": "Housing",
        "floors": 4
      },
      "geometry": {
        "type": "Polygon",
        "coordinates": [
          [
            [
              -83.73517,
              42.27365
            ],
            [
              -83.73556,
              42.27365
            ],
            [
              -83.73556,
              42.27309
            ],
            [
              -83.73554,
              42.27309
            ],
            [
              -83.73554,
              42.27303
            ],
            [
              -83.73544,
              42.27303
            ],
            [
              -83.73544,
              42.2729
            ],
            [
              -83.73554,
              42.2729
            ],
            [
              -83.73554,
              42.27261
            ],
            [
              -83.73536,
              42.27261
            ],
            [
              -83.73536,
              42.27269
            ],
            [
              -83.73531,
              42.27269
            ],
            [
              -83.73528,
              42.27267
            ],
            [
              -83.73518,
              42.27267
            ],
            [
              -83.73516,
              42.27269
            ],
            [
              -83.73511,
              42.27269
            ],
            [
              -83.73511,
              42.2725
            ],
            [
              -83.7351,
              42.27233
            ],
            [
              -83.73534,
              42.27232
            ],
            [
              -83.73535,
              42.27239
            ],
            [
              -83.73552,
              42.27239
            ],
            [
              -83.73552,
              42.27221
            ],
            [
              -83.73548,
              42.27221
            ],
            [
              -83.73548,
              42.2722
            ],
            [
              -83.73537,
              42.2722
            ],
            [
              -83.73537,
              42.27221
            ],
            [
              -83.73498,
              42.27222
            ],
            [
              -83.73498,
              42.27225
            ],
            [
              -83.73481,
              42.27225
            ],
            [
              -83.73481,
              42.27226
            ],
            [
              -83.73474,
              42.27226
            ],
            [
              -83.73474,
              42.27237
            ],
            [
              -83.73493,
              42.27237
            ],
            [
              -83.73494,
              42.27265
            ],
            [
              -83.73475,
              42.27265
            ],
            [
              -83.73475,
              42.27275
            ],
            [
              -83.73469,
              42.27276
            ],
            [
              -83.73469,
              42.27289
            ],
            [
              -83.73488,
              42.27289
            ],
            [
              -83.73488,
              42.27302
            ],
            [
              -83.73477,
              42.27302
            ],
            [
              -83.73478,
              42.27313
            ],
            [
              -83.73478,
              42.27365
            ],
            [
              -83.73517,
              42.27365
            ]
          ],
          [
            [
              -83.73517,
              42.27354
            ],
            [
              -83.73511,
              42.27354
            ],
            [
              -83.73511,
              42.27355
            ],
            [
              -83.73495,
              42.27355
            ],
            [
              -83.73494,
              42.27325
            ],
            [
              -83.73497,
              42.27325
            ],
            [
              -83.73499,
              42.27323
            ],
            [
              -83.73499,
              42.27322
            ],
            [
              -83.73502,
              42.27322
            ],
            [
              -83.73502,
              42.27325
            ],
            [
              -83.73531,
              42.27325
            ],
            [
              -83.73531,
              42.27321
            ],
            [
              -83.73533,
              42.27321
            ],
            [
              -83.73533,
              42.27323
            ],
            [
              -83.73536,
              42.27324
            ],
            [
              -83.73536,
              42.27325
            ],
            [
              -83.73538,
              42.27325
            ],
            [
              -83.73539,
              42.27354
            ],
            [
              -83.73525,
              42.27355
            ],
            [
              -83.73524,
              42.27355
            ],
            [
              -83.73524,
              42.27354
            ],
            [
              -83.73517,
              42.27354
            ]
          ]
        ]
      }
    },
    {
      "type": "Feature",
      "properties": {
        "name": "School of Kinesiology Building",
        "slug": "school-of-kinesiology-building",
        "acronym": "SKB",
        "category": "Academic",
        "floors": 4
      },
      "geometry": {
        "type": "Polygon",
        "coordinates": [
          [
            [
              -83.73941,
              42.27839
            ],
            [
              -83.73852,
              42.27839
            ],
            [
              -83.73851,
              42.27824
            ],
            [
              -83.7385,
              42.27767
            ],
            [
              -83.73872,
              42.27767
            ],
            [
              -83.73872,
              42.27773
            ],
            [
              -83.73894,
              42.27773
            ],
            [
              -83.73894,
              42.2778
            ],
            [
              -83.73896,
              42.2778
            ],
            [
              -83.73899,
              42.27776
            ],
            [
              -83.73899,
              42.27777
            ],
            [
              -83.73901,
              42.27777
            ],
            [
              -83.73906,
              42.2778
            ],
            [
              -83.73912,
              42.27781
            ],
            [
              -83.73922,
              42.27786
            ],
            [
              -83.73925,
              42.27789
            ],
            [
              -83.73932,
              42.27792
            ],
            [
              -83.73931,
              42.27793
            ],
            [
              -83.73933,
              42.27796
            ],
            [
              -83.73933,
              42.27798
            ],
            [
              -83.73941,
              42.27798
            ],
            [
              -83.73941,
              42.27839
            ]
          ]
        ]
      }
    },
    {
      "type": "Feature",
      "properties": {
        "name": "Electrical Engineering And Computer Science Bld",
        "preferredName": "Electrical Engineering and Computer Science Building",
        "slug": "electrical-engineering-and-computer-science-bld",
        "acronym": "EECS",
        "category": "Academic",
        "floors": 4
      },
      "geometry": {
        "type": "Polygon",
        "coordinates": [
          [
            [
              -83.71487,
              42.29254
            ],
            [
              -83.71473,
              42.29254
            ],
            [
              -83.71472,
              42.29295
            ],
            [
              -83.71455,
              42.29295
            ],
            [
              -83.71455,
              42.29276
            ],
            [
              -83.71427,
              42.29276
            ],
            [
              -83.71427,
              42.29271
            ],
            [
              -83.71402,
              42.29271
            ],
            [
              -83.71402,
              42.29267
            ],
            [
              -83.71377,
              42.29266
            ],
            [
              -83.71377,
              42.29249
            ],
            [
              -83.71361,
              42.29249
            ],
            [
              -83.71361,
              42.29251
            ],
            [
              -83.71294,
              42.29251
            ],
            [
              -83.71294,
              42.29216
            ],
            [
              -83.71336,
              42.29216
            ],
            [
              -83.71336,
              42.29219
            ],
            [
              -83.71428,
              42.29219
            ],
            [
              -83.71428,
              42.29212
            ],
            [
              -83.71455,
              42.29213
            ],
            [
              -83.71455,
              42.29219
            ],
            [
              -83.71461,
              42.29219
            ],
            [
              -83.71461,
              42.29207
            ],
            [
              -83.71477,
              42.29207
            ],
            [
              -83.71477,
              42.29184
            ],
            [
              -83.71481,
              42.29184
            ],
            [
              -83.71481,
              42.29249
            ],
            [
              -83.71487,
              42.29249
            ],
            [
              -83.71487,
              42.29254
            ]
          ]
        ]
      }
    },
    {
      "type": "Feature",
      "properties": {
        "name": "Gorguze Family Laboratory",
        "slug": "gorguze-family-laboratory",
        "acronym": "GFL",
        "category": "Academic",
        "floors": 3
      },
      "geometry": {
        "type": "Polygon",
        "coordinates": [
          [
            [
              -83.71051,
              42.29313
            ],
            [
              -83.71027,
              42.29313
            ],
            [
              -83.71026,
              42.29302
            ],
            [
              -83.71042,
              42.29302
            ],
            [
              -83.71042,
              42.29291
            ],
            [
              -83.7106,
              42.29279
            ],
            [
              -83.7113,
              42.29279
            ],
            [
              -83.7113,
              42.29313
            ],
            [
              -83.71093,
              42.29313
            ],
            [
              -83.71093,
              42.29346
            ],
            [
              -83.71084,
              42.29346
            ],
            [
              -83.71084,
              42.29351
            ],
            [
              -83.71093,
              42.29351
            ],
            [
              -83.71093,
              42.29378
            ],
            [
              -83.71078,
              42.29378
            ],
            [
              -83.71078,
              42.29368
            ],
            [
              -83.71048,
              42.29368
            ],
            [
              -83.71048,
              42.29362
            ],
            [
              -83.71031,
              42.29362
            ],
            [
              -83.71031,
              42.29373
            ],
            [
              -83.71026,
              42.29373
            ],
            [
              -83.71026,
              42.29351
            ],
            [
              -83.71051,
              42.29351
            ],
            [
              -83.71051,
              42.29313
            ]
          ]
        ]
      }
    },
    {
      "type": "Feature",
      "properties": {
        "name": "Fletcher Hall",
        "slug": "fletcher-hall",
        "category": "Housing",
        "floors": 4
      },
      "geometry": {
        "type": "Polygon",
        "coordinates": [
          [
            [
              -83.74298,
              42.27023
            ],
            [
              -83.74298,
              42.27012
            ],
            [
              -83.74253,
              42.27013
            ],
            [
              -83.74253,
              42.27024
            ],
            [
              -83.74298,
              42.27023
            ]
          ]
        ]
      }
    },
    {
      "type": "Feature",
      "properties": {
        "name": "Michigan Memorial Phoenix Project Laboratory",
        "preferredName": "Michigan Memorial Phoenix Project",
        "slug": "michigan-memorial-phoenix-project-laboratory",
        "category": "Academic",
        "floors": 2
      },
      "geometry": {
        "type": "Polygon",
        "coordinates": [
          [
            [
              -83.71454,
              42.29118
            ],
            [
              -83.71455,
              42.29071
            ],
            [
              -83.71481,
              42.29071
            ],
            [
              -83.71481,
              42.29057
            ],
            [
              -83.71483,
              42.29053
            ],
            [
              -83.71485,
              42.29053
            ],
            [
              -83.71485,
              42.29052
            ],
            [
              -83.71492,
              42.29053
            ],
            [
              -83.71494,
              42.29055
            ],
            [
              -83.71494,
              42.29086
            ],
            [
              -83.71475,
              42.29086
            ],
            [
              -83.71475,
              42.29118
            ],
            [
              -83.71454,
              42.29118
            ]
          ]
        ]
      }
    },
    {
      "type": "Feature",
      "properties": {
        "name": "Henry Frieze Vaughan School of Public Health Building",
        "preferredName": "Public Health I (Vaughan Building)",
        "slug": "henry-frieze-vaughan-school-of-public-health-building",
        "acronym": "FB",
        "category": "Academic",
        "floors": 6
      },
      "geometry": {
        "type": "Point",
        "coordinates": [
          -83.73042,
          42.28082
        ]
      }
    },
    {
      "type": "Feature",
      "properties": {
        "name": "Gerald R Ford Library",
        "preferredName": "Gerald Ford Library",
        "slug": "gerald-r-ford-library-1",
        "acronym": "FORD LIB",
        "category": "Library/Museum",
        "floors": 2
      },
      "geometry": {
        "type": "Polygon",
        "coordinates": [
          [
            [
              -83.71245,
              42.28827
            ],
            [
              -83.71253,
              42.28822
            ],
            [
              -83.71253,
              42.28852
            ],
            [
              -83.71246,
              42.28852
            ],
            [
              -83.71246,
              42.28895
            ],
            [
              -83.71207,
              42.28895
            ],
            [
              -83.71207,
              42.28883
            ],
            [
              -83.71211,
              42.28883
            ],
            [
              -83.71211,
              42.28862
            ],
            [
              -83.71213,
              42.28862
            ],
            [
              -83.71213,
              42.28852
            ],
            [
              -83.71214,
              42.28852
            ],
            [
              -83.71214,
              42.28839
            ],
            [
              -83.71198,
              42.28828
            ],
            [
              -83.71216,
              42.28828
            ],
            [
              -83.71216,
              42.28822
            ],
            [
              -83.71242,
              42.28822
            ],
            [
              -83.71242,
              42.28827
            ],
            [
              -83.71245,
              42.28827
            ]
          ]
        ]
      }
    },
    {
      "type": "Feature",
      "properties": {
        "name": "Glenn E. Schembechler Hall",
        "preferredName": "Schembechler Hall",
        "slug": "glenn-e-schembechler-hall",
        "acronym": "SCHEM",
        "category": "Athletic",
        "floors": 2
      },
      "geometry": {
        "type": "Polygon",
        "coordinates": [
          [
            [
              -83.74148,
              42.26635
            ],
            [
              -83.74087,
              42.26635
            ],
            [
              -83.74087,
              42.26634
            ],
            [
              -83.74074,
              42.26636
            ],
            [
              -83.74066,
              42.26635
            ],
            [
              -83.74065,
              42.26633
            ],
            [
              -83.74066,
              42.26618
            ],
            [
              -83.74065,
              42.26579
            ],
            [
              -83.74148,
              42.26578
            ],
            [
              -83.74148,
              42.26573
            ],
            [
              -83.7415,
              42.26572
            ],
            [
              -83.7415,
              42.26565
            ],
            [
              -83.74163,
              42.26565
            ],
            [
              -83.74165,
              42.26611
            ],
            [
              -83.74157,
              42.26611
            ],
            [
              -83.74157,
              42.26618
            ],
            [
              -83.74147,
              42.26618
            ],
            [
              -83.74148,
              42.26635
            ]
          ]
        ]
      }
    },
    {
      "type": "Feature",
      "properties": {
        "name": "Golf Clubhouse",
        "preferredName": "UM Golf Course",
        "slug": "golf-clubhouse",
        "category": "Athletic",
        "floors": 1
      },
      "geometry": {
        "type": "Polygon",
        "coordinates": [
          [
            [
              -83.74405,
              42.26278
            ],
            [
              -83.744,
              42.26275
            ],
            [
              -83.74384,
              42.2627
            ],
            [
              -83.74369,
              42.26269
            ],
            [
              -83.74364,
              42.26277
            ],
            [
              -83.7435,
              42.26275
            ],
            [
              -83.74348,
              42.26281
            ],
            [
              -83.74344,
              42.26289
            ],
            [
              -83.74358,
              42.26294
            ],
            [
              -83.74386,
              42.26301
            ],
            [
              -83.74394,
              42.26302
            ],
            [
              -83.74404,
              42.26282
            ],
            [
              -83.74405,
              42.26278
            ]
          ]
        ]
      }
    },
    {
      "type": "Feature",
      "properties": {
        "name": "Harlan H. Hatcher Graduate Library",
        "preferredName": "Hatcher Graduate Library",
        "slug": "harlan-h-hatcher-graduate-library",
        "category": "Library/Museum",
        "floors": 8,
        "hide3d": true
      },
      "geometry": {
        "type": "Polygon",
        "coordinates": [
          [
            [
              -83.73828,
              42.2761
            ],
            [
              -83.73856,
              42.2761
            ],
            [
              -83.73857,
              42.27622
            ],
            [
              -83.73859,
              42.27622
            ],
            [
              -83.73859,
              42.27626
            ],
            [
              -83.73852,
              42.27626
            ],
            [
              -83.73852,
              42.27642
            ],
            [
              -83.73853,
              42.27642
            ],
            [
              -83.73854,
              42.27659
            ],
            [
              -83.73787,
              42.27659
            ],
            [
              -83.73787,
              42.27643
            ],
            [
              -83.73789,
              42.27643
            ],
            [
              -83.73788,
              42.27627
            ],
            [
              -83.73779,
              42.27627
            ],
            [
              -83.73779,
              42.27623
            ],
            [
              -83.73776,
              42.27623
            ],
            [
              -83.73776,
              42.27618
            ],
            [
              -83.73783,
              42.27617
            ],
            [
              -83.73783,
              42.2761
            ],
            [
              -83.73812,
              42.2761
            ],
            [
              -83.73812,
              42.27607
            ],
            [
              -83.73813,
              42.27607
            ],
            [
              -83.73813,
              42.27599
            ],
            [
              -83.73791,
              42.276
            ],
            [
              -83.73791,
              42.27604
            ],
            [
              -83.73782,
              42.27604
            ],
            [
              -83.73782,
              42.276
            ],
            [
              -83.73768,
              42.276
            ],
            [
              -83.73768,
              42.27586
            ],
            [
              -83.7387,
              42.27585
            ],
            [
              -83.7387,
              42.27599
            ],
            [
              -83.73858,
              42.27599
            ],
            [
              -83.73858,
              42.27603
            ],
            [
              -83.73848,
              42.27603
            ],
            [
              -83.73848,
              42.27599
            ],
            [
              -83.73826,
              42.27599
            ],
            [
              -83.73826,
              42.27604
            ],
            [
              -83.73827,
              42.27604
            ],
            [
              -83.73828,
              42.2761
            ]
          ]
        ]
      }
    },
    {
      "type": "Feature",
      "properties": {
        "name": "Marie Dorothy Hartwig Administration Building",
        "preferredName": "Hartwig Administration Building",
        "slug": "marie-dorothy-hartwig-administration-building",
        "category": "Administrative",
        "floors": 3
      },
      "geometry": {
        "type": "Polygon",
        "coordinates": [
          [
            [
              -83.74104,
              42.26903
            ],
            [
              -83.74069,
              42.26904
            ],
            [
              -83.74069,
              42.26888
            ],
            [
              -83.74079,
              42.26888
            ],
            [
              -83.74079,
              42.26886
            ],
            [
              -83.74083,
              42.26886
            ],
            [
              -83.74083,
              42.26888
            ],
            [
              -83.74088,
              42.26887
            ],
            [
              -83.74104,
              42.26887
            ],
            [
              -83.74104,
              42.26903
            ]
          ]
        ]
      }
    },
    {
      "type": "Feature",
      "properties": {
        "name": "University Health Services",
        "preferredName": "Health Service",
        "slug": "university-health-services",
        "acronym": "UHS",
        "category": "Medical",
        "floors": 3
      },
      "geometry": {
        "type": "Polygon",
        "coordinates": [
          [
            [
              -83.73651,
              42.27968
            ],
            [
              -83.73651,
              42.27951
            ],
            [
              -83.73666,
              42.27951
            ],
            [
              -83.73666,
              42.27954
            ],
            [
              -83.73682,
              42.27953
            ],
            [
              -83.73682,
              42.27971
            ],
            [
              -83.73684,
              42.27971
            ],
            [
              -83.73684,
              42.27977
            ],
            [
              -83.73685,
              42.27982
            ],
            [
              -83.73682,
              42.27982
            ],
            [
              -83.73683,
              42.28007
            ],
            [
              -83.73665,
              42.28008
            ],
            [
              -83.73665,
              42.2799
            ],
            [
              -83.73664,
              42.27982
            ],
            [
              -83.73651,
              42.27982
            ],
            [
              -83.73651,
              42.27968
            ]
          ]
        ]
      }
    },
    {
      "type": "Feature",
      "properties": {
        "name": "Hill Auditorium",
        "slug": "hill-auditorium",
        "category": "Student Life",
        "floors": 3,
        "hide3d": true
      },
      "geometry": {
        "type": "Polygon",
        "coordinates": [
          [
            [
              -83.73936,
              42.27911
            ],
            [
              -83.73937,
              42.27911
            ],
            [
              -83.73938,
              42.2793
            ],
            [
              -83.73932,
              42.2793
            ],
            [
              -83.73932,
              42.27935
            ],
            [
              -83.73929,
              42.27937
            ],
            [
              -83.73927,
              42.27937
            ],
            [
              -83.73927,
              42.27939
            ],
            [
              -83.73917,
              42.2794
            ],
            [
              -83.73884,
              42.2794
            ],
            [
              -83.73884,
              42.27925
            ],
            [
              -83.73878,
              42.27925
            ],
            [
              -83.73878,
              42.27911
            ],
            [
              -83.73874,
              42.27911
            ],
            [
              -83.73874,
              42.27894
            ],
            [
              -83.73878,
              42.27894
            ],
            [
              -83.73878,
              42.27892
            ],
            [
              -83.7392,
              42.27892
            ],
            [
              -83.73931,
              42.27891
            ],
            [
              -83.73931,
              42.27893
            ],
            [
              -83.73935,
              42.27893
            ],
            [
              -83.73936,
              42.27911
            ]
          ]
        ]
      }
    },
    {
      "type": "Feature",
      "properties": {
        "name": "Henry Frieze Vaughan Public Health Building",
        "preferredName": "School of Public Health Bldg I and Crossroads and Tower",
        "slug": "henry-frieze-vaughan-public-health-building",
        "acronym": "SPH",
        "category": "Academic",
        "floors": 3
      },
      "geometry": {
        "type": "Polygon",
        "coordinates": [
          [
            [
              -83.73027,
              42.28077
            ],
            [
              -83.73028,
              42.28077
            ],
            [
              -83.73029,
              42.28081
            ],
            [
              -83.73033,
              42.28083
            ],
            [
              -83.73035,
              42.28083
            ],
            [
              -83.7304,
              42.28081
            ],
            [
              -83.73042,
              42.28079
            ],
            [
              -83.7306,
              42.28079
            ],
            [
              -83.73061,
              42.28084
            ],
            [
              -83.73055,
              42.28087
            ],
            [
              -83.73054,
              42.2809
            ],
            [
              -83.73057,
              42.28096
            ],
            [
              -83.73058,
              42.28097
            ],
            [
              -83.73062,
              42.28098
            ],
            [
              -83.73063,
              42.28106
            ],
            [
              -83.73001,
              42.28107
            ],
            [
              -83.73001,
              42.2811
            ],
            [
              -83.72998,
              42.28112
            ],
            [
              -83.72998,
              42.28117
            ],
            [
              -83.72999,
              42.28119
            ],
            [
              -83.73001,
              42.2812
            ],
            [
              -83.73001,
              42.28122
            ],
            [
              -83.73078,
              42.28122
            ],
            [
              -83.7308,
              42.28086
            ],
            [
              -83.73078,
              42.28086
            ],
            [
              -83.73077,
              42.2806
            ],
            [
              -83.73063,
              42.2806
            ],
            [
              -83.7306,
              42.28057
            ],
            [
              -83.73054,
              42.2806
            ],
            [
              -83.73049,
              42.28061
            ],
            [
              -83.7304,
              42.28061
            ],
            [
              -83.73034,
              42.28058
            ],
            [
              -83.73027,
              42.28058
            ],
            [
              -83.73028,
              42.28066
            ],
            [
              -83.73021,
              42.28066
            ],
            [
              -83.73021,
              42.28071
            ],
            [
              -83.73027,
              42.28071
            ],
            [
              -83.73027,
              42.28077
            ]
          ]
        ]
      }
    },
    {
      "type": "Feature",
      "properties": {
        "name": "Horace H. Rackham School Of Graduate Studies",
        "preferredName": "Rackham Graduate School (Horace H.)",
        "slug": "horace-h-rackham-school-of-graduate-studies",
        "acronym": "RACK",
        "category": "Academic",
        "floors": 4,
        "height": 25
      },
      "geometry": {
        "type": "Polygon",
        "coordinates": [
          [
            [
              -83.73796,
              42.28104
            ],
            [
              -83.73796,
              42.28105
            ],
            [
              -83.73783,
              42.28105
            ],
            [
              -83.73782,
              42.28104
            ],
            [
              -83.73776,
              42.28104
            ],
            [
              -83.73775,
              42.28071
            ],
            [
              -83.73791,
              42.2807
            ],
            [
              -83.73791,
              42.28056
            ],
            [
              -83.73799,
              42.28056
            ],
            [
              -83.73799,
              42.28061
            ],
            [
              -83.73809,
              42.28061
            ],
            [
              -83.73809,
              42.28062
            ],
            [
              -83.73848,
              42.28062
            ],
            [
              -83.73848,
              42.2806
            ],
            [
              -83.73857,
              42.2806
            ],
            [
              -83.73857,
              42.28056
            ],
            [
              -83.73868,
              42.28055
            ],
            [
              -83.73868,
              42.28069
            ],
            [
              -83.7388,
              42.28069
            ],
            [
              -83.73881,
              42.28103
            ],
            [
              -83.73876,
              42.28103
            ],
            [
              -83.73876,
              42.28104
            ],
            [
              -83.73863,
              42.28104
            ],
            [
              -83.73863,
              42.28103
            ],
            [
              -83.73861,
              42.28103
            ],
            [
              -83.73848,
              42.28107
            ],
            [
              -83.73835,
              42.28109
            ],
            [
              -83.73816,
              42.28109
            ],
            [
              -83.73796,
              42.28104
            ]
          ]
        ]
      }
    },
    {
      "type": "Feature",
      "properties": {
        "name": "Hutchins Hall",
        "slug": "hutchins-hall",
        "acronym": "HUTCH",
        "category": "Academic",
        "floors": 4
      },
      "geometry": {
        "type": "Polygon",
        "coordinates": [
          [
            [
              -83.74048,
              42.27358
            ],
            [
              -83.74049,
              42.27375
            ],
            [
              -83.74054,
              42.27375
            ],
            [
              -83.74054,
              42.2738
            ],
            [
              -83.74049,
              42.2738
            ],
            [
              -83.7405,
              42.274
            ],
            [
              -83.74024,
              42.274
            ],
            [
              -83.74023,
              42.27381
            ],
            [
              -83.74026,
              42.27381
            ],
            [
              -83.74025,
              42.27372
            ],
            [
              -83.74023,
              42.27372
            ],
            [
              -83.74023,
              42.27363
            ],
            [
              -83.74027,
              42.27363
            ],
            [
              -83.74026,
              42.27358
            ],
            [
              -83.73986,
              42.27358
            ],
            [
              -83.73986,
              42.2736
            ],
            [
              -83.73973,
              42.2736
            ],
            [
              -83.73972,
              42.27358
            ],
            [
              -83.7397,
              42.27358
            ],
            [
              -83.73969,
              42.27346
            ],
            [
              -83.73991,
              42.27345
            ],
            [
              -83.73991,
              42.27342
            ],
            [
              -83.74,
              42.27342
            ],
            [
              -83.74,
              42.27345
            ],
            [
              -83.74022,
              42.27345
            ],
            [
              -83.74022,
              42.27343
            ],
            [
              -83.74025,
              42.27343
            ],
            [
              -83.74026,
              42.27342
            ],
            [
              -83.74032,
              42.27342
            ],
            [
              -83.74033,
              42.27343
            ],
            [
              -83.74037,
              42.27343
            ],
            [
              -83.74037,
              42.27346
            ],
            [
              -83.74051,
              42.27346
            ],
            [
              -83.74052,
              42.27358
            ],
            [
              -83.74048,
              42.27358
            ]
          ]
        ]
      }
    },
    {
      "type": "Feature",
      "properties": {
        "name": "Industrial And Operations Engineering Building",
        "preferredName": "Industrial and Operations Engineering Building",
        "slug": "industrial-and-operations-engineering-building",
        "acronym": "IOE",
        "category": "Academic",
        "floors": 3
      },
      "geometry": {
        "type": "Polygon",
        "coordinates": [
          [
            [
              -83.71407,
              42.29092
            ],
            [
              -83.71337,
              42.29092
            ],
            [
              -83.71337,
              42.29115
            ],
            [
              -83.71378,
              42.29115
            ],
            [
              -83.71362,
              42.29122
            ],
            [
              -83.71368,
              42.2913
            ],
            [
              -83.71382,
              42.29126
            ],
            [
              -83.71407,
              42.29126
            ],
            [
              -83.71407,
              42.29092
            ]
          ]
        ]
      }
    },
    {
      "type": "Feature",
      "properties": {
        "name": "Institute Of Continuing Legal Ed",
        "preferredName": "Institute of Continuing Legal Education",
        "slug": "institute-of-continuing-legal-ed",
        "acronym": "ICLE",
        "category": "Academic",
        "floors": 3
      },
      "geometry": {
        "type": "Polygon",
        "coordinates": [
          [
            [
              -83.74818,
              42.26843
            ],
            [
              -83.7482,
              42.26868
            ],
            [
              -83.74777,
              42.26869
            ],
            [
              -83.74777,
              42.26858
            ],
            [
              -83.74763,
              42.26858
            ],
            [
              -83.74762,
              42.26844
            ],
            [
              -83.74818,
              42.26843
            ]
          ]
        ]
      }
    },
    {
      "type": "Feature",
      "properties": {
        "name": "Engineering Research Building 1",
        "preferredName": "Engineering Research Building (ERB - formerly IST)",
        "slug": "engineering-research-building-1",
        "category": "Academic",
        "floors": 4
      },
      "geometry": {
        "type": "Polygon",
        "coordinates": [
          [
            [
              -83.71507,
              42.28956
            ],
            [
              -83.71507,
              42.28945
            ],
            [
              -83.7147,
              42.28945
            ],
            [
              -83.7147,
              42.28956
            ],
            [
              -83.71507,
              42.28956
            ]
          ]
        ]
      }
    },
    {
      "type": "Feature",
      "properties": {
        "name": "Institute For Social Research",
        "slug": "institute-for-social-research",
        "acronym": "ISR",
        "category": "Academic",
        "floors": 6
      },
      "geometry": {
        "type": "Polygon",
        "coordinates": [
          [
            [
              -83.7436,
              42.27671
            ],
            [
              -83.7436,
              42.27655
            ],
            [
              -83.74336,
              42.27655
            ],
            [
              -83.74335,
              42.27631
            ],
            [
              -83.74373,
              42.27631
            ],
            [
              -83.74373,
              42.27656
            ],
            [
              -83.74401,
              42.27656
            ],
            [
              -83.74401,
              42.2767
            ],
            [
              -83.74407,
              42.2767
            ],
            [
              -83.74407,
              42.27679
            ],
            [
              -83.74401,
              42.27679
            ],
            [
              -83.74401,
              42.2768
            ],
            [
              -83.74408,
              42.2768
            ],
            [
              -83.74408,
              42.27687
            ],
            [
              -83.74401,
              42.27687
            ],
            [
              -83.74401,
              42.27693
            ],
            [
              -83.74406,
              42.27693
            ],
            [
              -83.74406,
              42.27699
            ],
            [
              -83.74401,
              42.277
            ],
            [
              -83.74401,
              42.27707
            ],
            [
              -83.74405,
              42.27707
            ],
            [
              -83.74405,
              42.27712
            ],
            [
              -83.74373,
              42.27713
            ],
            [
              -83.74373,
              42.27711
            ],
            [
              -83.7434,
              42.27711
            ],
            [
              -83.74339,
              42.27671
            ],
            [
              -83.7436,
              42.27671
            ]
          ]
        ]
      }
    },
    {
      "type": "Feature",
      "properties": {
        "name": "Intramural Sports Building",
        "slug": "intramural-sports-building",
        "acronym": "IMSB",
        "category": "Athletic",
        "floors": 2
      },
      "geometry": {
        "type": "Polygon",
        "coordinates": [
          [
            [
              -83.74301,
              42.26952
            ],
            [
              -83.74147,
              42.26956
            ],
            [
              -83.74147,
              42.26926
            ],
            [
              -83.74299,
              42.26922
            ],
            [
              -83.743,
              42.26926
            ],
            [
              -83.74301,
              42.26952
            ]
          ]
        ]
      }
    },
    {
      "type": "Feature",
      "properties": {
        "name": "Lawyers Club And Charles T. Munger Residences",
        "preferredName": "Lawyer's Club & Munger Residences",
        "slug": "lawyers-club-and-charles-t-munger-residences",
        "category": "Housing",
        "floors": 4
      },
      "geometry": {
        "type": "Polygon",
        "coordinates": [
          [
            [
              -83.73985,
              42.27441
            ],
            [
              -83.73984,
              42.27439
            ],
            [
              -83.73985,
              42.27438
            ],
            [
              -83.73987,
              42.27438
            ],
            [
              -83.73987,
              42.27437
            ],
            [
              -83.73984,
              42.27437
            ],
            [
              -83.73984,
              42.27438
            ],
            [
              -83.73984,
              42.27432
            ],
            [
              -83.73983,
              42.27432
            ],
            [
              -83.73984,
              42.27431
            ],
            [
              -83.73984,
              42.27432
            ],
            [
              -83.73986,
              42.27432
            ],
            [
              -83.73986,
              42.27429
            ],
            [
              -83.73993,
              42.27429
            ],
            [
              -83.73993,
              42.27427
            ],
            [
              -83.73994,
              42.27427
            ],
            [
              -83.73995,
              42.27429
            ],
            [
              -83.73999,
              42.27429
            ],
            [
              -83.73999,
              42.27427
            ],
            [
              -83.74001,
              42.27427
            ],
            [
              -83.74001,
              42.27429
            ],
            [
              -83.74006,
              42.27429
            ],
            [
              -83.74006,
              42.27425
            ],
            [
              -83.74004,
              42.27425
            ],
            [
              -83.74003,
              42.27416
            ],
            [
              -83.74005,
              42.27416
            ],
            [
              -83.74005,
              42.27406
            ],
            [
              -83.74019,
              42.27406
            ],
            [
              -83.74019,
              42.27416
            ],
            [
              -83.74022,
              42.27416
            ],
            [
              -83.74022,
              42.27424
            ],
            [
              -83.74019,
              42.27424
            ],
            [
              -83.74019,
              42.27429
            ],
            [
              -83.74024,
              42.27428
            ],
            [
              -83.74024,
              42.27427
            ],
            [
              -83.74026,
              42.27427
            ],
            [
              -83.74026,
              42.27428
            ],
            [
              -83.74031,
              42.27428
            ],
            [
              -83.74031,
              42.27427
            ],
            [
              -83.74033,
              42.27428
            ],
            [
              -83.74041,
              42.27428
            ],
            [
              -83.74041,
              42.2743
            ],
            [
              -83.7404,
              42.2743
            ],
            [
              -83.7404,
              42.27437
            ],
            [
              -83.74041,
              42.27439
            ],
            [
              -83.7404,
              42.2744
            ],
            [
              -83.74038,
              42.27439
            ],
            [
              -83.74033,
              42.27439
            ],
            [
              -83.74033,
              42.27441
            ],
            [
              -83.74032,
              42.27441
            ],
            [
              -83.74031,
              42.27439
            ],
            [
              -83.74026,
              42.27439
            ],
            [
              -83.74026,
              42.27445
            ],
            [
              -83.74028,
              42.27445
            ],
            [
              -83.74028,
              42.27455
            ],
            [
              -83.74024,
              42.27455
            ],
            [
              -83.74024,
              42.27459
            ],
            [
              -83.74025,
              42.2746
            ],
            [
              -83.74025,
              42.27462
            ],
            [
              -83.74024,
              42.27463
            ],
            [
              -83.74024,
              42.2747
            ],
            [
              -83.74025,
              42.27471
            ],
            [
              -83.74025,
              42.27473
            ],
            [
              -83.74024,
              42.27474
            ],
            [
              -83.74024,
              42.27479
            ],
            [
              -83.74021,
              42.27479
            ],
            [
              -83.74017,
              42.27482
            ],
            [
              -83.74013,
              42.27479
            ],
            [
              -83.74011,
              42.27479
            ],
            [
              -83.74011,
              42.2748
            ],
            [
              -83.74004,
              42.2748
            ],
            [
              -83.74004,
              42.27478
            ],
            [
              -83.74005,
              42.27478
            ],
            [
              -83.74005,
              42.27477
            ],
            [
              -83.73947,
              42.27478
            ],
            [
              -83.73947,
              42.27479
            ],
            [
              -83.73933,
              42.27479
            ],
            [
              -83.73933,
              42.27478
            ],
            [
              -83.73876,
              42.27479
            ],
            [
              -83.73877,
              42.27481
            ],
            [
              -83.73857,
              42.27482
            ],
            [
              -83.73857,
              42.27479
            ],
            [
              -83.73841,
              42.27479
            ],
            [
              -83.73841,
              42.2747
            ],
            [
              -83.73857,
              42.27469
            ],
            [
              -83.73856,
              42.27431
            ],
            [
              -83.73841,
              42.27431
            ],
            [
              -83.73841,
              42.27422
            ],
            [
              -83.73846,
              42.27422
            ],
            [
              -83.73845,
              42.27408
            ],
            [
              -83.73858,
              42.27408
            ],
            [
              -83.73859,
              42.27422
            ],
            [
              -83.73862,
              42.27422
            ],
            [
              -83.73863,
              42.27421
            ],
            [
              -83.73867,
              42.27422
            ],
            [
              -83.73874,
              42.27422
            ],
            [
              -83.73874,
              42.27424
            ],
            [
              -83.73875,
              42.27425
            ],
            [
              -83.73875,
              42.27428
            ],
            [
              -83.73874,
              42.27429
            ],
            [
              -83.73875,
              42.27431
            ],
            [
              -83.7387,
              42.27431
            ],
            [
              -83.73871,
              42.27469
            ],
            [
              -83.73924,
              42.27469
            ],
            [
              -83.73925,
              42.27468
            ],
            [
              -83.73933,
              42.27469
            ],
            [
              -83.73933,
              42.27468
            ],
            [
              -83.7394,
              42.27467
            ],
            [
              -83.73947,
              42.27467
            ],
            [
              -83.73947,
              42.27468
            ],
            [
              -83.73985,
              42.27468
            ],
            [
              -83.73986,
              42.27467
            ],
            [
              -83.73989,
              42.27467
            ],
            [
              -83.7399,
              42.27468
            ],
            [
              -83.74005,
              42.27468
            ],
            [
              -83.74004,
              42.27446
            ],
            [
              -83.74003,
              42.2744
            ],
            [
              -83.74001,
              42.2744
            ],
            [
              -83.74001,
              42.27441
            ],
            [
              -83.73999,
              42.27441
            ],
            [
              -83.73999,
              42.2744
            ],
            [
              -83.73995,
              42.2744
            ],
            [
              -83.73995,
              42.27441
            ],
            [
              -83.73993,
              42.27441
            ],
            [
              -83.73993,
              42.2744
            ],
            [
              -83.73988,
              42.2744
            ],
            [
              -83.73987,
              42.27441
            ],
            [
              -83.73985,
              42.27441
            ]
          ]
        ]
      }
    },
    {
      "type": "Feature",
      "properties": {
        "name": "John P. Weidenbach Hall",
        "preferredName": "Weidenbach Hall",
        "slug": "john-p-weidenbach-hall",
        "category": "Athletic",
        "floors": 2
      },
      "geometry": {
        "type": "Polygon",
        "coordinates": [
          [
            [
              -83.74092,
              42.26958
            ],
            [
              -83.74081,
              42.26955
            ],
            [
              -83.74083,
              42.26953
            ],
            [
              -83.74075,
              42.2695
            ],
            [
              -83.74075,
              42.26949
            ],
            [
              -83.74074,
              42.26949
            ],
            [
              -83.74074,
              42.26948
            ],
            [
              -83.74072,
              42.26947
            ],
            [
              -83.74073,
              42.26946
            ],
            [
              -83.74071,
              42.26946
            ],
            [
              -83.74075,
              42.26937
            ],
            [
              -83.74074,
              42.2691
            ],
            [
              -83.7408,
              42.2691
            ],
            [
              -83.7408,
              42.26905
            ],
            [
              -83.74079,
              42.26905
            ],
            [
              -83.74079,
              42.26904
            ],
            [
              -83.74083,
              42.26904
            ],
            [
              -83.74084,
              42.26909
            ],
            [
              -83.74091,
              42.26909
            ],
            [
              -83.74091,
              42.26917
            ],
            [
              -83.74089,
              42.26917
            ],
            [
              -83.7409,
              42.26942
            ],
            [
              -83.74097,
              42.26942
            ],
            [
              -83.74097,
              42.26939
            ],
            [
              -83.74107,
              42.26939
            ],
            [
              -83.74107,
              42.26951
            ],
            [
              -83.74102,
              42.26952
            ],
            [
              -83.741,
              42.26957
            ],
            [
              -83.74097,
              42.26956
            ],
            [
              -83.74097,
              42.26957
            ],
            [
              -83.74095,
              42.26956
            ],
            [
              -83.74094,
              42.26958
            ],
            [
              -83.74093,
              42.26957
            ],
            [
              -83.74092,
              42.26958
            ]
          ]
        ]
      }
    },
    {
      "type": "Feature",
      "properties": {
        "name": "Lane Hall",
        "slug": "lane-hall",
        "acronym": "LANE",
        "category": "Academic",
        "floors": 3
      },
      "geometry": {
        "type": "Polygon",
        "coordinates": [
          [
            [
              -83.74141,
              42.27989
            ],
            [
              -83.74142,
              42.28008
            ],
            [
              -83.74132,
              42.28008
            ],
            [
              -83.74132,
              42.28006
            ],
            [
              -83.74129,
              42.28006
            ],
            [
              -83.7413,
              42.28013
            ],
            [
              -83.74108,
              42.28014
            ],
            [
              -83.74107,
              42.27982
            ],
            [
              -83.74116,
              42.27982
            ],
            [
              -83.74116,
              42.27977
            ],
            [
              -83.74137,
              42.27977
            ],
            [
              -83.74137,
              42.27981
            ],
            [
              -83.74141,
              42.27981
            ],
            [
              -83.74141,
              42.27989
            ]
          ]
        ]
      }
    },
    {
      "type": "Feature",
      "properties": {
        "name": "Walter E. Lay Automotive Engineering Laboratory",
        "preferredName": "Walter E Lay Auto Lab",
        "slug": "walter-e-lay-automotive-engineering-laboratory",
        "acronym": "AL",
        "category": "Academic",
        "floors": 2
      },
      "geometry": {
        "type": "Polygon",
        "coordinates": [
          [
            [
              -83.71322,
              42.2918
            ],
            [
              -83.71477,
              42.2918
            ],
            [
              -83.71477,
              42.29204
            ],
            [
              -83.71472,
              42.29204
            ],
            [
              -83.71472,
              42.29202
            ],
            [
              -83.71459,
              42.29202
            ],
            [
              -83.7146,
              42.29193
            ],
            [
              -83.71405,
              42.29193
            ],
            [
              -83.71405,
              42.29198
            ],
            [
              -83.71322,
              42.29198
            ],
            [
              -83.71322,
              42.2918
            ]
          ]
        ]
      }
    },
    {
      "type": "Feature",
      "properties": {
        "name": "Literature Science And The Arts",
        "preferredName": "LSA Building",
        "slug": "literature-science-and-the-arts",
        "acronym": "LSA",
        "category": "Academic",
        "floors": 5
      },
      "geometry": {
        "type": "Polygon",
        "coordinates": [
          [
            [
              -83.74154,
              42.27644
            ],
            [
              -83.74154,
              42.27658
            ],
            [
              -83.74111,
              42.27658
            ],
            [
              -83.74111,
              42.2763
            ],
            [
              -83.74107,
              42.2763
            ],
            [
              -83.74107,
              42.27624
            ],
            [
              -83.74103,
              42.27624
            ],
            [
              -83.74103,
              42.27613
            ],
            [
              -83.7411,
              42.27613
            ],
            [
              -83.74109,
              42.27583
            ],
            [
              -83.74154,
              42.27582
            ],
            [
              -83.74154,
              42.27596
            ],
            [
              -83.74166,
              42.27596
            ],
            [
              -83.74167,
              42.27644
            ],
            [
              -83.74154,
              42.27644
            ]
          ]
        ]
      }
    },
    {
      "type": "Feature",
      "properties": {
        "name": "Lorch Hall",
        "slug": "lorch-hall",
        "acronym": "LORCH",
        "category": "Academic",
        "floors": 4
      },
      "geometry": {
        "type": "Polygon",
        "coordinates": [
          [
            [
              -83.73719,
              42.2738
            ],
            [
              -83.73719,
              42.27346
            ],
            [
              -83.73728,
              42.27346
            ],
            [
              -83.73728,
              42.27347
            ],
            [
              -83.73745,
              42.27347
            ],
            [
              -83.73745,
              42.2738
            ],
            [
              -83.73804,
              42.2738
            ],
            [
              -83.73804,
              42.27388
            ],
            [
              -83.73799,
              42.27388
            ],
            [
              -83.73799,
              42.27391
            ],
            [
              -83.73787,
              42.27392
            ],
            [
              -83.73787,
              42.27389
            ],
            [
              -83.73746,
              42.27389
            ],
            [
              -83.73746,
              42.27392
            ],
            [
              -83.73724,
              42.27393
            ],
            [
              -83.73724,
              42.27389
            ],
            [
              -83.73716,
              42.27389
            ],
            [
              -83.73716,
              42.2738
            ],
            [
              -83.73719,
              42.2738
            ]
          ]
        ]
      }
    },
    {
      "type": "Feature",
      "properties": {
        "name": "LSA Administration Annex",
        "slug": "lsa-administration-annex",
        "category": "Academic",
        "floors": 2
      },
      "geometry": {
        "type": "Polygon",
        "coordinates": [
          [
            [
              -83.73728,
              42.28169
            ],
            [
              -83.73725,
              42.28169
            ],
            [
              -83.73726,
              42.28174
            ],
            [
              -83.73728,
              42.28174
            ],
            [
              -83.73728,
              42.28177
            ],
            [
              -83.73726,
              42.28177
            ],
            [
              -83.73726,
              42.2818
            ],
            [
              -83.73723,
              42.2818
            ],
            [
              -83.73724,
              42.28184
            ],
            [
              -83.73718,
              42.28184
            ],
            [
              -83.73718,
              42.2818
            ],
            [
              -83.73715,
              42.2818
            ],
            [
              -83.73715,
              42.28177
            ],
            [
              -83.73713,
              42.28177
            ],
            [
              -83.73713,
              42.28175
            ],
            [
              -83.73715,
              42.28175
            ],
            [
              -83.73715,
              42.28169
            ],
            [
              -83.73712,
              42.28169
            ],
            [
              -83.73711,
              42.28148
            ],
            [
              -83.73715,
              42.28148
            ],
            [
              -83.73715,
              42.28145
            ],
            [
              -83.73724,
              42.28145
            ],
            [
              -83.73724,
              42.28148
            ],
            [
              -83.73727,
              42.28147
            ],
            [
              -83.73728,
              42.28169
            ]
          ]
        ]
      }
    },
    {
      "type": "Feature",
      "properties": {
        "name": "Robert H. Lurie Engineering Center",
        "preferredName": "Lurie Robert H. Engin. Ctr",
        "slug": "robert-h-lurie-engineering-center",
        "acronym": "LEC",
        "category": "Academic",
        "floors": 5
      },
      "geometry": {
        "type": "Polygon",
        "coordinates": [
          [
            [
              -83.71419,
              42.29166
            ],
            [
              -83.71368,
              42.29166
            ],
            [
              -83.71368,
              42.29162
            ],
            [
              -83.71362,
              42.29163
            ],
            [
              -83.71348,
              42.29158
            ],
            [
              -83.71352,
              42.2915
            ],
            [
              -83.7136,
              42.2915
            ],
            [
              -83.7136,
              42.29144
            ],
            [
              -83.71351,
              42.29144
            ],
            [
              -83.7135,
              42.2914
            ],
            [
              -83.71347,
              42.29136
            ],
            [
              -83.71362,
              42.29131
            ],
            [
              -83.71368,
              42.29143
            ],
            [
              -83.71386,
              42.29142
            ],
            [
              -83.71386,
              42.29148
            ],
            [
              -83.71419,
              42.29147
            ],
            [
              -83.71419,
              42.29166
            ]
          ]
        ]
      }
    },
    {
      "type": "Feature",
      "properties": {
        "name": "Ann & Robert H. Lurie Tower",
        "preferredName": "Lurie Ann & Robert H. Tower",
        "slug": "ann-robert-h-lurie-tower",
        "category": "Student Life",
        "floors": 10,
        "height": 51
      },
      "geometry": {
        "type": "Polygon",
        "coordinates": [
          [
            [
              -83.71627,
              42.29206
            ],
            [
              -83.71627,
              42.29193
            ],
            [
              -83.7161,
              42.29193
            ],
            [
              -83.7161,
              42.29206
            ],
            [
              -83.71627,
              42.29206
            ]
          ]
        ]
      }
    },
    {
      "type": "Feature",
      "properties": {
        "name": "Edward and Rosalie Ginsberg Building",
        "preferredName": "Ginsberg Center",
        "slug": "ginsberg-building",
        "category": "Student Life",
        "floors": 2
      },
      "geometry": {
        "type": "Polygon",
        "coordinates": [
          [
            [
              -83.73888,
              42.27396
            ],
            [
              -83.73873,
              42.27396
            ],
            [
              -83.73873,
              42.27374
            ],
            [
              -83.73888,
              42.27363
            ],
            [
              -83.73911,
              42.27363
            ],
            [
              -83.73911,
              42.27373
            ],
            [
              -83.73888,
              42.27374
            ],
            [
              -83.73888,
              42.27396
            ]
          ]
        ]
      }
    },
    {
      "type": "Feature",
      "properties": {
        "name": "Martha Cook Building",
        "preferredName": "Martha Cook Residence",
        "slug": "martha-cook-building-1",
        "category": "Housing",
        "floors": 4
      },
      "geometry": {
        "type": "Polygon",
        "coordinates": [
          [
            [
              -83.73789,
              42.2747
            ],
            [
              -83.73788,
              42.27423
            ],
            [
              -83.73807,
              42.27423
            ],
            [
              -83.73809,
              42.2748
            ],
            [
              -83.73776,
              42.2748
            ],
            [
              -83.73776,
              42.2747
            ],
            [
              -83.73789,
              42.2747
            ]
          ]
        ]
      }
    },
    {
      "type": "Feature",
      "properties": {
        "name": "Mary Bartron Henderson House",
        "preferredName": "Henderson House",
        "slug": "mary-bartron-henderson-house",
        "category": "Housing",
        "floors": 3
      },
      "geometry": {
        "type": "Polygon",
        "coordinates": [
          [
            [
              -83.73187,
              42.27174
            ],
            [
              -83.73188,
              42.27183
            ],
            [
              -83.73191,
              42.27183
            ],
            [
              -83.73191,
              42.27195
            ],
            [
              -83.73177,
              42.27195
            ],
            [
              -83.73175,
              42.27188
            ],
            [
              -83.73177,
              42.27186
            ],
            [
              -83.73177,
              42.27174
            ],
            [
              -83.73187,
              42.27174
            ]
          ]
        ]
      }
    },
    {
      "type": "Feature",
      "properties": {
        "name": "Mary Butler Markley Hall",
        "preferredName": "Mary Markley Hall",
        "slug": "mary-butler-markley-hall",
        "acronym": "MARKLEY",
        "category": "Housing",
        "floors": 7,
        "hide3d": true
      },
      "geometry": {
        "type": "Polygon",
        "coordinates": [
          [
            [
              -83.72977,
              42.28103
            ],
            [
              -83.72977,
              42.28104
            ],
            [
              -83.7298,
              42.28104
            ],
            [
              -83.7298,
              42.2811
            ],
            [
              -83.72977,
              42.2811
            ],
            [
              -83.72977,
              42.28113
            ],
            [
              -83.72866,
              42.28119
            ],
            [
              -83.72794,
              42.28128
            ],
            [
              -83.72794,
              42.28125
            ],
            [
              -83.72791,
              42.28125
            ],
            [
              -83.72789,
              42.28118
            ],
            [
              -83.72793,
              42.28118
            ],
            [
              -83.72793,
              42.28117
            ],
            [
              -83.72826,
              42.28113
            ],
            [
              -83.72826,
              42.28111
            ],
            [
              -83.72839,
              42.28109
            ],
            [
              -83.72839,
              42.28112
            ],
            [
              -83.72862,
              42.28109
            ],
            [
              -83.72859,
              42.28074
            ],
            [
              -83.72792,
              42.28073
            ],
            [
              -83.72793,
              42.28072
            ],
            [
              -83.72789,
              42.28072
            ],
            [
              -83.72789,
              42.28067
            ],
            [
              -83.72792,
              42.28067
            ],
            [
              -83.72792,
              42.28062
            ],
            [
              -83.72823,
              42.28063
            ],
            [
              -83.72823,
              42.2806
            ],
            [
              -83.72838,
              42.2806
            ],
            [
              -83.72837,
              42.28063
            ],
            [
              -83.72862,
              42.28063
            ],
            [
              -83.72872,
              42.28062
            ],
            [
              -83.72872,
              42.2806
            ],
            [
              -83.72865,
              42.28061
            ],
            [
              -83.72864,
              42.28057
            ],
            [
              -83.72901,
              42.28055
            ],
            [
              -83.72901,
              42.28059
            ],
            [
              -83.72893,
              42.28059
            ],
            [
              -83.72893,
              42.28061
            ],
            [
              -83.72928,
              42.28059
            ],
            [
              -83.72928,
              42.28057
            ],
            [
              -83.72942,
              42.28057
            ],
            [
              -83.72942,
              42.28059
            ],
            [
              -83.72973,
              42.28057
            ],
            [
              -83.72973,
              42.28062
            ],
            [
              -83.72977,
              42.28062
            ],
            [
              -83.72977,
              42.28066
            ],
            [
              -83.72974,
              42.28066
            ],
            [
              -83.72974,
              42.28068
            ],
            [
              -83.72915,
              42.28071
            ],
            [
              -83.72918,
              42.28106
            ],
            [
              -83.7293,
              42.28105
            ],
            [
              -83.7293,
              42.28103
            ],
            [
              -83.72945,
              42.28102
            ],
            [
              -83.72945,
              42.28105
            ],
            [
              -83.72977,
              42.28103
            ]
          ]
        ]
      }
    },
    {
      "type": "Feature",
      "properties": {
        "name": "Neuroscience Hospital Unit 4",
        "preferredName": "Maternal Child Health Center",
        "slug": "neuroscience-hospital-unit-4",
        "category": "Medical",
        "floors": 5
      },
      "geometry": {
        "type": "Polygon",
        "coordinates": [
          [
            [
              -83.72852,
              42.28334
            ],
            [
              -83.72853,
              42.28291
            ],
            [
              -83.72873,
              42.28301
            ],
            [
              -83.72928,
              42.28333
            ],
            [
              -83.72852,
              42.28334
            ]
          ]
        ]
      }
    },
    {
      "type": "Feature",
      "properties": {
        "name": "Medical Sciences Research Bldg I",
        "preferredName": "Medical Science Research Building 1",
        "slug": "medical-sciences-research-bldg-i",
        "acronym": "MSC1",
        "category": "Medical",
        "floors": 5
      },
      "geometry": {
        "type": "Point",
        "coordinates": [
          -83.73404,
          42.28464
        ]
      }
    },
    {
      "type": "Feature",
      "properties": {
        "name": "Medical Sciences Research Bldg III",
        "preferredName": "Medical Science Research Building 3",
        "slug": "medical-sciences-research-bldg-iii",
        "acronym": "MSRB3",
        "category": "Medical",
        "floors": 5
      },
      "geometry": {
        "type": "Point",
        "coordinates": [
          -83.73474,
          42.28422
        ]
      }
    },
    {
      "type": "Feature",
      "properties": {
        "name": "Medical Science Unit II",
        "slug": "medical-science-unit-ii",
        "category": "Medical",
        "floors": 5
      },
      "geometry": {
        "type": "Polygon",
        "coordinates": [
          [
            [
              -83.73356,
              42.28468
            ],
            [
              -83.73353,
              42.2842
            ],
            [
              -83.73351,
              42.28354
            ],
            [
              -83.73355,
              42.28353
            ],
            [
              -83.73388,
              42.28354
            ],
            [
              -83.73388,
              42.28359
            ],
            [
              -83.73421,
              42.28359
            ],
            [
              -83.73422,
              42.28379
            ],
            [
              -83.73384,
              42.28379
            ],
            [
              -83.73384,
              42.28383
            ],
            [
              -83.73398,
              42.28383
            ],
            [
              -83.73414,
              42.28387
            ],
            [
              -83.73422,
              42.28393
            ],
            [
              -83.73426,
              42.28406
            ],
            [
              -83.73422,
              42.28416
            ],
            [
              -83.73413,
              42.28424
            ],
            [
              -83.73402,
              42.28428
            ],
            [
              -83.73403,
              42.28434
            ],
            [
              -83.73391,
              42.28434
            ],
            [
              -83.73391,
              42.28467
            ],
            [
              -83.73356,
              42.28468
            ]
          ]
        ]
      }
    },
    {
      "type": "Feature",
      "properties": {
        "name": "Medical Sciences Research Bldg II",
        "preferredName": "Medical Science Research Building 2",
        "slug": "medical-sciences-research-bldg-ii",
        "acronym": "MSC2",
        "category": "Medical",
        "floors": 9
      },
      "geometry": {
        "type": "Polygon",
        "coordinates": [
          [
            [
              -83.73375,
              42.28466
            ],
            [
              -83.73394,
              42.28466
            ],
            [
              -83.73394,
              42.28457
            ],
            [
              -83.73408,
              42.28456
            ],
            [
              -83.73432,
              42.28438
            ],
            [
              -83.73447,
              42.28428
            ],
            [
              -83.73461,
              42.28436
            ],
            [
              -83.73462,
              42.28448
            ],
            [
              -83.73456,
              42.28448
            ],
            [
              -83.73456,
              42.28473
            ],
            [
              -83.73428,
              42.28473
            ],
            [
              -83.73428,
              42.28475
            ],
            [
              -83.73375,
              42.28476
            ],
            [
              -83.73375,
              42.28466
            ]
          ]
        ]
      }
    },
    {
      "type": "Feature",
      "properties": {
        "name": "Medical Science Unit I",
        "slug": "medical-science-unit-i",
        "category": "Medical",
        "floors": 5
      },
      "geometry": {
        "type": "Polygon",
        "coordinates": [
          [
            [
              -83.73262,
              42.28462
            ],
            [
              -83.7325,
              42.28462
            ],
            [
              -83.73239,
              42.28441
            ],
            [
              -83.73201,
              42.2844
            ],
            [
              -83.73201,
              42.28426
            ],
            [
              -83.732,
              42.28422
            ],
            [
              -83.73205,
              42.28422
            ],
            [
              -83.73205,
              42.28404
            ],
            [
              -83.73179,
              42.28404
            ],
            [
              -83.73178,
              42.28394
            ],
            [
              -83.73176,
              42.28395
            ],
            [
              -83.73176,
              42.28388
            ],
            [
              -83.73203,
              42.28388
            ],
            [
              -83.73203,
              42.2838
            ],
            [
              -83.732,
              42.28379
            ],
            [
              -83.73198,
              42.2834
            ],
            [
              -83.73221,
              42.28339
            ],
            [
              -83.73221,
              42.28379
            ],
            [
              -83.73216,
              42.28379
            ],
            [
              -83.73216,
              42.28385
            ],
            [
              -83.73263,
              42.28383
            ],
            [
              -83.73264,
              42.28403
            ],
            [
              -83.73256,
              42.28403
            ],
            [
              -83.73256,
              42.28421
            ],
            [
              -83.73353,
              42.2842
            ],
            [
              -83.73356,
              42.28468
            ],
            [
              -83.73332,
              42.28468
            ],
            [
              -83.73332,
              42.28465
            ],
            [
              -83.73324,
              42.28465
            ],
            [
              -83.73324,
              42.28461
            ],
            [
              -83.73295,
              42.28462
            ],
            [
              -83.73295,
              42.28457
            ],
            [
              -83.7331,
              42.28439
            ],
            [
              -83.7327,
              42.2844
            ],
            [
              -83.73262,
              42.28462
            ]
          ]
        ]
      }
    },
    {
      "type": "Feature",
      "properties": {
        "name": "Med-inn",
        "preferredName": "Medical Inn",
        "slug": "med-inn",
        "category": "Medical",
        "floors": 4
      },
      "geometry": {
        "type": "Polygon",
        "coordinates": [
          [
            [
              -83.73029,
              42.28336
            ],
            [
              -83.73007,
              42.28336
            ],
            [
              -83.73007,
              42.2835
            ],
            [
              -83.72993,
              42.2835
            ],
            [
              -83.72994,
              42.2839
            ],
            [
              -83.73007,
              42.2839
            ],
            [
              -83.73007,
              42.28399
            ],
            [
              -83.7303,
              42.28398
            ],
            [
              -83.73029,
              42.28336
            ]
          ]
        ]
      }
    },
    {
      "type": "Feature",
      "properties": {
        "name": "Molecular & Behavioral Neuroscience Institute",
        "preferredName": "Molecular and Behavioral Neuroscience Institute",
        "slug": "molecular-behavioral-neuroscience-institute",
        "category": "Medical",
        "floors": 4
      },
      "geometry": {
        "type": "Point",
        "coordinates": [
          -83.73409,
          42.28289
        ]
      }
    },
    {
      "type": "Feature",
      "properties": {
        "name": "Michigan League",
        "slug": "michigan-league",
        "acronym": "LEAG",
        "category": "Student Life",
        "floors": 5
      },
      "geometry": {
        "type": "Polygon",
        "coordinates": [
          [
            [
              -83.73766,
              42.27895
            ],
            [
              -83.7376,
              42.27895
            ],
            [
              -83.7376,
              42.27892
            ],
            [
              -83.73732,
              42.27892
            ],
            [
              -83.73732,
              42.27896
            ],
            [
              -83.73728,
              42.27896
            ],
            [
              -83.73728,
              42.279
            ],
            [
              -83.73727,
              42.279
            ],
            [
              -83.73727,
              42.27908
            ],
            [
              -83.73726,
              42.27908
            ],
            [
              -83.73726,
              42.27913
            ],
            [
              -83.73729,
              42.27913
            ],
            [
              -83.73729,
              42.27912
            ],
            [
              -83.73731,
              42.27912
            ],
            [
              -83.73731,
              42.27918
            ],
            [
              -83.73734,
              42.27918
            ],
            [
              -83.73734,
              42.27927
            ],
            [
              -83.73751,
              42.27927
            ],
            [
              -83.73751,
              42.2793
            ],
            [
              -83.73756,
              42.2793
            ],
            [
              -83.73757,
              42.27953
            ],
            [
              -83.73742,
              42.27953
            ],
            [
              -83.73742,
              42.27949
            ],
            [
              -83.73731,
              42.27949
            ],
            [
              -83.73731,
              42.27954
            ],
            [
              -83.73729,
              42.27954
            ],
            [
              -83.7373,
              42.2796
            ],
            [
              -83.7373,
              42.27967
            ],
            [
              -83.73732,
              42.27967
            ],
            [
              -83.73732,
              42.27972
            ],
            [
              -83.7378,
              42.27971
            ],
            [
              -83.73779,
              42.27953
            ],
            [
              -83.73783,
              42.27953
            ],
            [
              -83.73783,
              42.27938
            ],
            [
              -83.73786,
              42.27938
            ],
            [
              -83.73786,
              42.27925
            ],
            [
              -83.73782,
              42.27925
            ],
            [
              -83.73781,
              42.27911
            ],
            [
              -83.73776,
              42.27911
            ],
            [
              -83.73775,
              42.27895
            ],
            [
              -83.73766,
              42.27895
            ]
          ]
        ]
      }
    },
    {
      "type": "Feature",
      "properties": {
        "name": "Mike and Mary Wallace House",
        "preferredName": "Mike & Mary Wallace House",
        "slug": "mike-and-mary-wallace-house",
        "category": "Student Life",
        "floors": 2
      },
      "geometry": {
        "type": "Polygon",
        "coordinates": [
          [
            [
              -83.72654,
              42.27448
            ],
            [
              -83.72645,
              42.27448
            ],
            [
              -83.72645,
              42.27452
            ],
            [
              -83.72632,
              42.27452
            ],
            [
              -83.72632,
              42.2747
            ],
            [
              -83.72648,
              42.2747
            ],
            [
              -83.72648,
              42.27459
            ],
            [
              -83.72654,
              42.27459
            ],
            [
              -83.72654,
              42.27448
            ]
          ]
        ]
      }
    },
    {
      "type": "Feature",
      "properties": {
        "name": "Modern Languages Building",
        "slug": "modern-languages-building",
        "acronym": "MLB",
        "category": "Academic",
        "floors": 4
      },
      "geometry": {
        "type": "Polygon",
        "coordinates": [
          [
            [
              -83.73936,
              42.28014
            ],
            [
              -83.73931,
              42.28014
            ],
            [
              -83.73929,
              42.28017
            ],
            [
              -83.73929,
              42.2802
            ],
            [
              -83.73889,
              42.28021
            ],
            [
              -83.73889,
              42.28017
            ],
            [
              -83.73886,
              42.28016
            ],
            [
              -83.73882,
              42.28016
            ],
            [
              -83.7388,
              42.27962
            ],
            [
              -83.73884,
              42.27962
            ],
            [
              -83.73885,
              42.2796
            ],
            [
              -83.73887,
              42.27959
            ],
            [
              -83.73887,
              42.27956
            ],
            [
              -83.73926,
              42.27955
            ],
            [
              -83.73927,
              42.27958
            ],
            [
              -83.73929,
              42.2796
            ],
            [
              -83.73934,
              42.2796
            ],
            [
              -83.73936,
              42.28014
            ]
          ]
        ]
      }
    },
    {
      "type": "Feature",
      "properties": {
        "name": "Eliza M. Mosher & Myra B. Jordan Hall",
        "preferredName": "Mosher-Jordan Hall",
        "slug": "eliza-m-mosher-myra-b-jordan-hall",
        "acronym": "MOJO",
        "category": "Housing",
        "floors": 5
      },
      "geometry": {
        "type": "Polygon",
        "coordinates": [
          [
            [
              -83.7315,
              42.28073
            ],
            [
              -83.73149,
              42.28048
            ],
            [
              -83.73168,
              42.28048
            ],
            [
              -83.73167,
              42.28036
            ],
            [
              -83.73153,
              42.28036
            ],
            [
              -83.73149,
              42.28037
            ],
            [
              -83.73148,
              42.28012
            ],
            [
              -83.73156,
              42.28012
            ],
            [
              -83.73156,
              42.28018
            ],
            [
              -83.73155,
              42.28018
            ],
            [
              -83.73155,
              42.2803
            ],
            [
              -83.73184,
              42.2803
            ],
            [
              -83.73183,
              42.27981
            ],
            [
              -83.73154,
              42.27982
            ],
            [
              -83.73154,
              42.27999
            ],
            [
              -83.73148,
              42.27999
            ],
            [
              -83.73147,
              42.27976
            ],
            [
              -83.73166,
              42.27976
            ],
            [
              -83.73166,
              42.27964
            ],
            [
              -83.73147,
              42.27964
            ],
            [
              -83.73146,
              42.27945
            ],
            [
              -83.73144,
              42.27945
            ],
            [
              -83.73144,
              42.27942
            ],
            [
              -83.73133,
              42.27942
            ],
            [
              -83.73133,
              42.27945
            ],
            [
              -83.73131,
              42.27945
            ],
            [
              -83.73131,
              42.27964
            ],
            [
              -83.7313,
              42.27964
            ],
            [
              -83.73131,
              42.28001
            ],
            [
              -83.73119,
              42.28001
            ],
            [
              -83.73119,
              42.28012
            ],
            [
              -83.73132,
              42.28011
            ],
            [
              -83.73133,
              42.28037
            ],
            [
              -83.73131,
              42.28037
            ],
            [
              -83.73132,
              42.28048
            ],
            [
              -83.73133,
              42.28048
            ],
            [
              -83.73133,
              42.28067
            ],
            [
              -83.73137,
              42.28067
            ],
            [
              -83.73137,
              42.2807
            ],
            [
              -83.73139,
              42.2807
            ],
            [
              -83.73139,
              42.28072
            ],
            [
              -83.73142,
              42.28072
            ],
            [
              -83.73142,
              42.28087
            ],
            [
              -83.73162,
              42.28086
            ],
            [
              -83.73162,
              42.28077
            ],
            [
              -83.73161,
              42.28077
            ],
            [
              -83.73161,
              42.28074
            ],
            [
              -83.73158,
              42.28074
            ],
            [
              -83.73158,
              42.28073
            ],
            [
              -83.7315,
              42.28073
            ]
          ]
        ]
      }
    },
    {
      "type": "Feature",
      "properties": {
        "name": "Naval Architecture And Marine Engineering",
        "preferredName": "Naval Arch. & Marine Engineering",
        "slug": "naval-architecture-and-marine-engineering",
        "acronym": "NAME",
        "category": "Academic",
        "floors": 3
      },
      "geometry": {
        "type": "Polygon",
        "coordinates": [
          [
            [
              -83.70943,
              42.29301
            ],
            [
              -83.70897,
              42.29301
            ],
            [
              -83.70897,
              42.29303
            ],
            [
              -83.70862,
              42.29303
            ],
            [
              -83.70862,
              42.29316
            ],
            [
              -83.70891,
              42.29316
            ],
            [
              -83.70891,
              42.29317
            ],
            [
              -83.70897,
              42.29317
            ],
            [
              -83.70897,
              42.29314
            ],
            [
              -83.70964,
              42.29314
            ],
            [
              -83.70964,
              42.29301
            ],
            [
              -83.70943,
              42.29301
            ]
          ]
        ]
      }
    },
    {
      "type": "Feature",
      "properties": {
        "name": "Northwood Community Center",
        "slug": "northwood-community-center",
        "category": "Student Life",
        "floors": 2
      },
      "geometry": {
        "type": "Polygon",
        "coordinates": [
          [
            [
              -83.70914,
              42.29719
            ],
            [
              -83.70889,
              42.2973
            ],
            [
              -83.70917,
              42.29765
            ],
            [
              -83.70932,
              42.29759
            ],
            [
              -83.7092,
              42.29744
            ],
            [
              -83.70927,
              42.29741
            ],
            [
              -83.70926,
              42.29738
            ],
            [
              -83.70922,
              42.29733
            ],
            [
              -83.70924,
              42.29732
            ],
            [
              -83.70921,
              42.29727
            ],
            [
              -83.70914,
              42.29719
            ]
          ]
        ]
      }
    },
    {
      "type": "Feature",
      "properties": {
        "name": "North Campus Recreation Building",
        "slug": "north-campus-recreation-building",
        "acronym": "NCRB",
        "category": "Athletic",
        "floors": 2
      },
      "geometry": {
        "type": "Polygon",
        "coordinates": [
          [
            [
              -83.71974,
              42.29535
            ],
            [
              -83.71989,
              42.29535
            ],
            [
              -83.72003,
              42.29534
            ],
            [
              -83.72002,
              42.29526
            ],
            [
              -83.72005,
              42.29526
            ],
            [
              -83.72005,
              42.29517
            ],
            [
              -83.72046,
              42.29517
            ],
            [
              -83.72046,
              42.29522
            ],
            [
              -83.7205,
              42.29522
            ],
            [
              -83.7205,
              42.29528
            ],
            [
              -83.72062,
              42.29528
            ],
            [
              -83.72063,
              42.29573
            ],
            [
              -83.72029,
              42.29574
            ],
            [
              -83.72029,
              42.29572
            ],
            [
              -83.72021,
              42.29572
            ],
            [
              -83.72021,
              42.29579
            ],
            [
              -83.72019,
              42.2958
            ],
            [
              -83.71976,
              42.29581
            ],
            [
              -83.71975,
              42.29579
            ],
            [
              -83.71972,
              42.29579
            ],
            [
              -83.71971,
              42.29537
            ],
            [
              -83.71974,
              42.29537
            ],
            [
              -83.71974,
              42.29535
            ]
          ]
        ]
      }
    },
    {
      "type": "Feature",
      "properties": {
        "name": "Helen H. Newberry Residence",
        "preferredName": "Newberry Residence",
        "slug": "helen-h-newberry-residence",
        "category": "Housing",
        "floors": 3
      },
      "geometry": {
        "type": "Polygon",
        "coordinates": [
          [
            [
              -83.74184,
              42.277
            ],
            [
              -83.74173,
              42.27701
            ],
            [
              -83.74173,
              42.27704
            ],
            [
              -83.74162,
              42.27704
            ],
            [
              -83.74162,
              42.277
            ],
            [
              -83.74144,
              42.277
            ],
            [
              -83.74144,
              42.27701
            ],
            [
              -83.74131,
              42.27701
            ],
            [
              -83.74131,
              42.277
            ],
            [
              -83.74125,
              42.277
            ],
            [
              -83.74125,
              42.27688
            ],
            [
              -83.74131,
              42.27688
            ],
            [
              -83.74131,
              42.27687
            ],
            [
              -83.74162,
              42.27687
            ],
            [
              -83.74162,
              42.27685
            ],
            [
              -83.74173,
              42.27685
            ],
            [
              -83.74173,
              42.27687
            ],
            [
              -83.74184,
              42.27687
            ],
            [
              -83.74184,
              42.277
            ]
          ]
        ]
      }
    },
    {
      "type": "Feature",
      "properties": {
        "name": "Michigan News Building",
        "preferredName": "News and Information Svcs Bldg",
        "slug": "michigan-news-building",
        "acronym": "NIS",
        "category": "Administrative",
        "floors": 3
      },
      "geometry": {
        "type": "Polygon",
        "coordinates": [
          [
            [
              -83.74236,
              42.27755
            ],
            [
              -83.7422,
              42.27755
            ],
            [
              -83.7422,
              42.27738
            ],
            [
              -83.74236,
              42.27738
            ],
            [
              -83.74236,
              42.27755
            ]
          ]
        ]
      }
    },
    {
      "type": "Feature",
      "properties": {
        "name": "Northwood I Apartments",
        "slug": "northwood-i-apartments",
        "category": "Housing",
        "floors": 2
      },
      "geometry": {
        "type": "Point",
        "coordinates": [
          -83.71382,
          42.29623
        ]
      }
    },
    {
      "type": "Feature",
      "properties": {
        "name": "Northwood II Apartments",
        "slug": "northwood-ii-apartments",
        "category": "Housing",
        "floors": 2
      },
      "geometry": {
        "type": "Point",
        "coordinates": [
          -83.71463,
          42.29704
        ]
      }
    },
    {
      "type": "Feature",
      "properties": {
        "name": "Northwood IV Apartments",
        "slug": "northwood-iv-apartments",
        "category": "Housing",
        "floors": 2
      },
      "geometry": {
        "type": "Point",
        "coordinates": [
          -83.71068,
          42.29913
        ]
      }
    },
    {
      "type": "Feature",
      "properties": {
        "name": "Perry Building",
        "slug": "perry-building",
        "category": "Administrative",
        "floors": 3
      },
      "geometry": {
        "type": "Polygon",
        "coordinates": [
          [
            [
              -83.74506,
              42.27474
            ],
            [
              -83.74507,
              42.27441
            ],
            [
              -83.74538,
              42.27441
            ],
            [
              -83.74538,
              42.27439
            ],
            [
              -83.74498,
              42.27438
            ],
            [
              -83.74497,
              42.27426
            ],
            [
              -83.74567,
              42.27426
            ],
            [
              -83.74567,
              42.27452
            ],
            [
              -83.74547,
              42.27451
            ],
            [
              -83.74547,
              42.27455
            ],
            [
              -83.74578,
              42.27471
            ],
            [
              -83.74563,
              42.27487
            ],
            [
              -83.74536,
              42.27474
            ],
            [
              -83.74506,
              42.27474
            ]
          ]
        ]
      }
    },
    {
      "type": "Feature",
      "properties": {
        "name": "Wilbur K Pierpont Commons",
        "preferredName": "Pierpont Commons",
        "slug": "wilbur-k-pierpont-commons",
        "acronym": "PIER",
        "category": "Student Life",
        "floors": 3
      },
      "geometry": {
        "type": "Polygon",
        "coordinates": [
          [
            [
              -83.71789,
              42.29106
            ],
            [
              -83.71789,
              42.29115
            ],
            [
              -83.71773,
              42.29115
            ],
            [
              -83.71774,
              42.2912
            ],
            [
              -83.71777,
              42.2912
            ],
            [
              -83.71777,
              42.29126
            ],
            [
              -83.71773,
              42.29126
            ],
            [
              -83.71773,
              42.29129
            ],
            [
              -83.71763,
              42.29129
            ],
            [
              -83.71763,
              42.29148
            ],
            [
              -83.71761,
              42.29148
            ],
            [
              -83.71763,
              42.29152
            ],
            [
              -83.71759,
              42.29152
            ],
            [
              -83.71761,
              42.29156
            ],
            [
              -83.71758,
              42.29156
            ],
            [
              -83.71751,
              42.29158
            ],
            [
              -83.71751,
              42.29156
            ],
            [
              -83.71717,
              42.29156
            ],
            [
              -83.71717,
              42.29154
            ],
            [
              -83.71711,
              42.29154
            ],
            [
              -83.71711,
              42.29151
            ],
            [
              -83.71708,
              42.29151
            ],
            [
              -83.71708,
              42.29134
            ],
            [
              -83.7171,
              42.29134
            ],
            [
              -83.7171,
              42.29126
            ],
            [
              -83.71707,
              42.29126
            ],
            [
              -83.71706,
              42.2912
            ],
            [
              -83.71732,
              42.2912
            ],
            [
              -83.71732,
              42.29106
            ],
            [
              -83.7174,
              42.29106
            ],
            [
              -83.7174,
              42.29079
            ],
            [
              -83.71751,
              42.29079
            ],
            [
              -83.71751,
              42.29071
            ],
            [
              -83.71788,
              42.29071
            ],
            [
              -83.71788,
              42.29079
            ],
            [
              -83.71799,
              42.29079
            ],
            [
              -83.71799,
              42.29106
            ],
            [
              -83.71789,
              42.29106
            ]
          ]
        ]
      }
    },
    {
      "type": "Feature",
      "properties": {
        "name": "Power Center For Performing Arts",
        "preferredName": "Power Center for the Performing Arts",
        "slug": "power-center-for-performing-arts",
        "acronym": "POWER CTR",
        "category": "Student Life",
        "floors": 3
      },
      "geometry": {
        "type": "Polygon",
        "coordinates": [
          [
            [
              -83.7357,
              42.281
            ],
            [
              -83.7355,
              42.281
            ],
            [
              -83.7354,
              42.28101
            ],
            [
              -83.73539,
              42.28075
            ],
            [
              -83.73549,
              42.28075
            ],
            [
              -83.73549,
              42.2805
            ],
            [
              -83.73558,
              42.28049
            ],
            [
              -83.73606,
              42.28049
            ],
            [
              -83.73606,
              42.28055
            ],
            [
              -83.7361,
              42.28055
            ],
            [
              -83.73611,
              42.28064
            ],
            [
              -83.73612,
              42.2812
            ],
            [
              -83.73594,
              42.2812
            ],
            [
              -83.73594,
              42.28112
            ],
            [
              -83.7357,
              42.281
            ]
          ]
        ]
      }
    },
    {
      "type": "Feature",
      "properties": {
        "name": "Harrison M. Randall Laboratory",
        "preferredName": "Randall Laboratory",
        "slug": "harrison-m-randall-laboratory",
        "acronym": "RAND",
        "category": "Academic",
        "floors": 4
      },
      "geometry": {
        "type": "Polygon",
        "coordinates": [
          [
            [
              -83.73631,
              42.27664
            ],
            [
              -83.73631,
              42.27658
            ],
            [
              -83.73623,
              42.27658
            ],
            [
              -83.73624,
              42.27664
            ],
            [
              -83.73613,
              42.27664
            ],
            [
              -83.73614,
              42.27702
            ],
            [
              -83.73626,
              42.27702
            ],
            [
              -83.73637,
              42.27701
            ],
            [
              -83.73637,
              42.27682
            ],
            [
              -83.73631,
              42.27664
            ]
          ]
        ]
      }
    },
    {
      "type": "Feature",
      "properties": {
        "name": "Ray Fisher Baseball Stadium",
        "slug": "ray-fisher-baseball-stadium",
        "category": "Athletic",
        "floors": 2
      },
      "geometry": {
        "type": "Polygon",
        "coordinates": [
          [
            [
              -83.74182,
              42.26774
            ],
            [
              -83.74184,
              42.26794
            ],
            [
              -83.74198,
              42.26804
            ],
            [
              -83.74224,
              42.26803
            ],
            [
              -83.74225,
              42.26817
            ],
            [
              -83.74191,
              42.26817
            ],
            [
              -83.74191,
              42.26826
            ],
            [
              -83.74177,
              42.26826
            ],
            [
              -83.74177,
              42.26823
            ],
            [
              -83.74179,
              42.26823
            ],
            [
              -83.74179,
              42.26819
            ],
            [
              -83.74163,
              42.26807
            ],
            [
              -83.74159,
              42.26807
            ],
            [
              -83.74159,
              42.26809
            ],
            [
              -83.74154,
              42.26809
            ],
            [
              -83.74153,
              42.26799
            ],
            [
              -83.74165,
              42.26799
            ],
            [
              -83.74165,
              42.26774
            ],
            [
              -83.74182,
              42.26774
            ]
          ]
        ]
      }
    },
    {
      "type": "Feature",
      "properties": {
        "name": "Marsal Family School Of Education",
        "preferredName": "Marsal Family School of Education",
        "slug": "marsal-family-school-of-education",
        "acronym": "SEB",
        "category": "Academic",
        "floors": 4
      },
      "geometry": {
        "type": "Polygon",
        "coordinates": [
          [
            [
              -83.73688,
              42.27427
            ],
            [
              -83.73687,
              42.27348
            ],
            [
              -83.73668,
              42.27348
            ],
            [
              -83.73668,
              42.27346
            ],
            [
              -83.73615,
              42.27346
            ],
            [
              -83.73615,
              42.27349
            ],
            [
              -83.73598,
              42.27349
            ],
            [
              -83.73599,
              42.27404
            ],
            [
              -83.73594,
              42.27404
            ],
            [
              -83.73595,
              42.27428
            ],
            [
              -83.73624,
              42.27428
            ],
            [
              -83.73624,
              42.27425
            ],
            [
              -83.73666,
              42.27425
            ],
            [
              -83.73666,
              42.27427
            ],
            [
              -83.73688,
              42.27427
            ]
          ],
          [
            [
              -83.73656,
              42.27407
            ],
            [
              -83.7362,
              42.27408
            ],
            [
              -83.73619,
              42.2738
            ],
            [
              -83.73627,
              42.2738
            ],
            [
              -83.73627,
              42.27367
            ],
            [
              -83.73638,
              42.27367
            ],
            [
              -83.73641,
              42.27369
            ],
            [
              -83.73651,
              42.27369
            ],
            [
              -83.73654,
              42.27366
            ],
            [
              -83.73657,
              42.27366
            ],
            [
              -83.73657,
              42.27382
            ],
            [
              -83.73664,
              42.27382
            ],
            [
              -83.73664,
              42.27401
            ],
            [
              -83.73656,
              42.27401
            ],
            [
              -83.73656,
              42.27407
            ]
          ]
        ]
      }
    },
    {
      "type": "Feature",
      "properties": {
        "name": "School Of Nursing Building 2",
        "preferredName": "School of Nursing",
        "slug": "school-of-nursing-building-2",
        "acronym": "SNB",
        "category": "Academic",
        "floors": 4
      },
      "geometry": {
        "type": "Polygon",
        "coordinates": [
          [
            [
              -83.73887,
              42.28504
            ],
            [
              -83.73888,
              42.28531
            ],
            [
              -83.73858,
              42.28531
            ],
            [
              -83.73858,
              42.28526
            ],
            [
              -83.73857,
              42.28524
            ],
            [
              -83.73854,
              42.28523
            ],
            [
              -83.73852,
              42.28523
            ],
            [
              -83.73852,
              42.28532
            ],
            [
              -83.73845,
              42.28532
            ],
            [
              -83.73845,
              42.2853
            ],
            [
              -83.73836,
              42.2853
            ],
            [
              -83.73835,
              42.28522
            ],
            [
              -83.73821,
              42.28522
            ],
            [
              -83.73821,
              42.2852
            ],
            [
              -83.73805,
              42.28509
            ],
            [
              -83.73811,
              42.28504
            ],
            [
              -83.7381,
              42.28494
            ],
            [
              -83.73814,
              42.28494
            ],
            [
              -83.73814,
              42.28497
            ],
            [
              -83.7382,
              42.28497
            ],
            [
              -83.73821,
              42.28498
            ],
            [
              -83.73834,
              42.28498
            ],
            [
              -83.73834,
              42.28493
            ],
            [
              -83.73851,
              42.28493
            ],
            [
              -83.73851,
              42.28507
            ],
            [
              -83.73853,
              42.28508
            ],
            [
              -83.73854,
              42.28507
            ],
            [
              -83.73854,
              42.28501
            ],
            [
              -83.73869,
              42.285
            ],
            [
              -83.73869,
              42.28505
            ],
            [
              -83.73887,
              42.28504
            ]
          ]
        ]
      }
    },
    {
      "type": "Feature",
      "properties": {
        "name": "School Of Social Work Building",
        "preferredName": "School of Social Work Building",
        "slug": "school-of-social-work-building",
        "acronym": "SSWB",
        "category": "Academic",
        "floors": 5
      },
      "geometry": {
        "type": "Polygon",
        "coordinates": [
          [
            [
              -83.73689,
              42.27484
            ],
            [
              -83.73667,
              42.27484
            ],
            [
              -83.73667,
              42.27481
            ],
            [
              -83.73647,
              42.27481
            ],
            [
              -83.73647,
              42.27485
            ],
            [
              -83.73625,
              42.27485
            ],
            [
              -83.73624,
              42.27463
            ],
            [
              -83.73595,
              42.27463
            ],
            [
              -83.73595,
              42.27447
            ],
            [
              -83.73599,
              42.27447
            ],
            [
              -83.73599,
              42.27431
            ],
            [
              -83.73624,
              42.27431
            ],
            [
              -83.73624,
              42.27446
            ],
            [
              -83.73646,
              42.2746
            ],
            [
              -83.73648,
              42.2746
            ],
            [
              -83.73648,
              42.27459
            ],
            [
              -83.73645,
              42.27457
            ],
            [
              -83.7365,
              42.27452
            ],
            [
              -83.73654,
              42.27454
            ],
            [
              -83.73659,
              42.27454
            ],
            [
              -83.73662,
              42.27452
            ],
            [
              -83.73668,
              42.27456
            ],
            [
              -83.73669,
              42.27455
            ],
            [
              -83.73669,
              42.27453
            ],
            [
              -83.73666,
              42.27453
            ],
            [
              -83.73666,
              42.27451
            ],
            [
              -83.73665,
              42.27451
            ],
            [
              -83.73665,
              42.27437
            ],
            [
              -83.73689,
              42.27437
            ],
            [
              -83.73689,
              42.27484
            ]
          ]
        ]
      }
    },
    {
      "type": "Feature",
      "properties": {
        "name": "Harold T And Vivian B Shapiro Library",
        "preferredName": "Shapiro Library",
        "slug": "harold-t-and-vivian-b-shapiro-library",
        "acronym": "UGLI",
        "category": "Library/Museum",
        "floors": 5
      },
      "geometry": {
        "type": "Polygon",
        "coordinates": [
          [
            [
              -83.73744,
              42.27534
            ],
            [
              -83.73739,
              42.27534
            ],
            [
              -83.73739,
              42.2753
            ],
            [
              -83.73735,
              42.2753
            ],
            [
              -83.73735,
              42.27526
            ],
            [
              -83.73721,
              42.27526
            ],
            [
              -83.73721,
              42.2753
            ],
            [
              -83.73714,
              42.2753
            ],
            [
              -83.73714,
              42.27526
            ],
            [
              -83.737,
              42.27527
            ],
            [
              -83.737,
              42.2753
            ],
            [
              -83.73695,
              42.2753
            ],
            [
              -83.73695,
              42.27534
            ],
            [
              -83.73689,
              42.27534
            ],
            [
              -83.7369,
              42.27547
            ],
            [
              -83.73688,
              42.27547
            ],
            [
              -83.73688,
              42.27549
            ],
            [
              -83.7369,
              42.27549
            ],
            [
              -83.7369,
              42.27554
            ],
            [
              -83.73688,
              42.27554
            ],
            [
              -83.73688,
              42.27556
            ],
            [
              -83.7369,
              42.27556
            ],
            [
              -83.7369,
              42.27563
            ],
            [
              -83.73689,
              42.27564
            ],
            [
              -83.73689,
              42.27566
            ],
            [
              -83.7369,
              42.27566
            ],
            [
              -83.7369,
              42.2757
            ],
            [
              -83.73689,
              42.2757
            ],
            [
              -83.73689,
              42.27573
            ],
            [
              -83.7369,
              42.27573
            ],
            [
              -83.7369,
              42.27577
            ],
            [
              -83.73689,
              42.27577
            ],
            [
              -83.73689,
              42.27579
            ],
            [
              -83.7369,
              42.27579
            ],
            [
              -83.73691,
              42.27586
            ],
            [
              -83.73696,
              42.27586
            ],
            [
              -83.73696,
              42.2759
            ],
            [
              -83.73701,
              42.2759
            ],
            [
              -83.73701,
              42.27593
            ],
            [
              -83.73705,
              42.27593
            ],
            [
              -83.73705,
              42.27596
            ],
            [
              -83.7371,
              42.27596
            ],
            [
              -83.7371,
              42.276
            ],
            [
              -83.73719,
              42.276
            ],
            [
              -83.73719,
              42.27596
            ],
            [
              -83.73727,
              42.27596
            ],
            [
              -83.73727,
              42.27599
            ],
            [
              -83.73729,
              42.27599
            ],
            [
              -83.73729,
              42.276
            ],
            [
              -83.73734,
              42.276
            ],
            [
              -83.73736,
              42.27599
            ],
            [
              -83.73736,
              42.27596
            ],
            [
              -83.73741,
              42.27596
            ],
            [
              -83.73741,
              42.27593
            ],
            [
              -83.73746,
              42.27592
            ],
            [
              -83.73745,
              42.27589
            ],
            [
              -83.73745,
              42.27585
            ],
            [
              -83.73748,
              42.27585
            ],
            [
              -83.73748,
              42.27583
            ],
            [
              -83.73745,
              42.27583
            ],
            [
              -83.73745,
              42.27579
            ],
            [
              -83.73748,
              42.27579
            ],
            [
              -83.73748,
              42.27576
            ],
            [
              -83.73745,
              42.27576
            ],
            [
              -83.73745,
              42.27572
            ],
            [
              -83.73748,
              42.27572
            ],
            [
              -83.73748,
              42.2757
            ],
            [
              -83.73745,
              42.2757
            ],
            [
              -83.73745,
              42.27566
            ],
            [
              -83.73748,
              42.27566
            ],
            [
              -83.73748,
              42.27563
            ],
            [
              -83.73745,
              42.27563
            ],
            [
              -83.73745,
              42.27556
            ],
            [
              -83.73747,
              42.27556
            ],
            [
              -83.73747,
              42.27553
            ],
            [
              -83.73745,
              42.27553
            ],
            [
              -83.73745,
              42.27549
            ],
            [
              -83.73747,
              42.27549
            ],
            [
              -83.73747,
              42.27546
            ],
            [
              -83.73745,
              42.27547
            ],
            [
              -83.73745,
              42.27543
            ],
            [
              -83.73747,
              42.27543
            ],
            [
              -83.73747,
              42.2754
            ],
            [
              -83.73745,
              42.2754
            ],
            [
              -83.73744,
              42.27534
            ]
          ]
        ]
      }
    },
    {
      "type": "Feature",
      "properties": {
        "name": "South Quadrangle",
        "preferredName": "South Quad",
        "slug": "south-quadrangle",
        "acronym": "SQ",
        "category": "Housing",
        "floors": 5,
        "hide3d": true
      },
      "geometry": {
        "type": "Polygon",
        "coordinates": [
          [
            [
              -83.74264,
              42.2736
            ],
            [
              -83.74293,
              42.27359
            ],
            [
              -83.74293,
              42.27373
            ],
            [
              -83.7426,
              42.27374
            ],
            [
              -83.7426,
              42.27381
            ],
            [
              -83.74259,
              42.27381
            ],
            [
              -83.74259,
              42.27404
            ],
            [
              -83.7424,
              42.27404
            ],
            [
              -83.7424,
              42.27393
            ],
            [
              -83.74184,
              42.27397
            ],
            [
              -83.74185,
              42.27404
            ],
            [
              -83.74166,
              42.27404
            ],
            [
              -83.74166,
              42.27374
            ],
            [
              -83.74139,
              42.27374
            ],
            [
              -83.74139,
              42.27372
            ],
            [
              -83.74137,
              42.27372
            ],
            [
              -83.74137,
              42.27368
            ],
            [
              -83.74136,
              42.27368
            ],
            [
              -83.74136,
              42.27361
            ],
            [
              -83.7416,
              42.27361
            ],
            [
              -83.7416,
              42.27345
            ],
            [
              -83.74172,
              42.27345
            ],
            [
              -83.74172,
              42.2734
            ],
            [
              -83.7425,
              42.2734
            ],
            [
              -83.7425,
              42.27345
            ],
            [
              -83.74264,
              42.27345
            ],
            [
              -83.74264,
              42.2736
            ]
          ]
        ]
      }
    },
    {
      "type": "Feature",
      "properties": {
        "name": "Climate and Space Research Building (CSRB)",
        "preferredName": "Climate and Space Research Building",
        "slug": "climate-and-space-research-building-csrb",
        "acronym": "SRB",
        "category": "Academic",
        "floors": 4
      },
      "geometry": {
        "type": "Polygon",
        "coordinates": [
          [
            [
              -83.71209,
              42.29468
            ],
            [
              -83.71209,
              42.29443
            ],
            [
              -83.71204,
              42.29443
            ],
            [
              -83.71204,
              42.29441
            ],
            [
              -83.71209,
              42.29441
            ],
            [
              -83.71209,
              42.29418
            ],
            [
              -83.71164,
              42.29418
            ],
            [
              -83.71164,
              42.29409
            ],
            [
              -83.71152,
              42.29409
            ],
            [
              -83.71152,
              42.29418
            ],
            [
              -83.71108,
              42.29417
            ],
            [
              -83.71108,
              42.29431
            ],
            [
              -83.71105,
              42.29431
            ],
            [
              -83.71105,
              42.29427
            ],
            [
              -83.71072,
              42.29427
            ],
            [
              -83.71072,
              42.29457
            ],
            [
              -83.71078,
              42.29457
            ],
            [
              -83.71078,
              42.29459
            ],
            [
              -83.71083,
              42.29459
            ],
            [
              -83.71083,
              42.29457
            ],
            [
              -83.7109,
              42.29457
            ],
            [
              -83.7109,
              42.29441
            ],
            [
              -83.71105,
              42.29441
            ],
            [
              -83.71105,
              42.29437
            ],
            [
              -83.71108,
              42.29437
            ],
            [
              -83.71108,
              42.29441
            ],
            [
              -83.71138,
              42.29441
            ],
            [
              -83.71138,
              42.29468
            ],
            [
              -83.71165,
              42.29468
            ],
            [
              -83.71165,
              42.29466
            ],
            [
              -83.71168,
              42.29466
            ],
            [
              -83.71168,
              42.29468
            ],
            [
              -83.71209,
              42.29468
            ]
          ],
          [
            [
              -83.7119,
              42.29454
            ],
            [
              -83.7119,
              42.29441
            ],
            [
              -83.71165,
              42.29441
            ],
            [
              -83.71165,
              42.29447
            ],
            [
              -83.71161,
              42.29447
            ],
            [
              -83.71161,
              42.29454
            ],
            [
              -83.7119,
              42.29454
            ]
          ]
        ]
      }
    },
    {
      "type": "Feature",
      "properties": {
        "name": "Frederick Stearns Building",
        "preferredName": "Stearns Building",
        "slug": "frederick-stearns-building",
        "acronym": "STRNS",
        "category": "Administrative",
        "floors": 3
      },
      "geometry": {
        "type": "Polygon",
        "coordinates": [
          [
            [
              -83.72569,
              42.29548
            ],
            [
              -83.72594,
              42.29541
            ],
            [
              -83.72613,
              42.29575
            ],
            [
              -83.7263,
              42.29569
            ],
            [
              -83.72611,
              42.29537
            ],
            [
              -83.72616,
              42.29535
            ],
            [
              -83.72611,
              42.29527
            ],
            [
              -83.72608,
              42.29528
            ],
            [
              -83.72601,
              42.29515
            ],
            [
              -83.72597,
              42.29517
            ],
            [
              -83.726,
              42.29521
            ],
            [
              -83.72586,
              42.29526
            ],
            [
              -83.72589,
              42.29533
            ],
            [
              -83.72564,
              42.2954
            ],
            [
              -83.72569,
              42.29548
            ]
          ]
        ]
      }
    },
    {
      "type": "Feature",
      "properties": {
        "name": "Student Activities Building",
        "slug": "student-activities-building",
        "acronym": "SAB",
        "category": "Student Life",
        "floors": 3
      },
      "geometry": {
        "type": "Polygon",
        "coordinates": [
          [
            [
              -83.74297,
              42.27636
            ],
            [
              -83.74298,
              42.2765
            ],
            [
              -83.74293,
              42.2765
            ],
            [
              -83.74293,
              42.27655
            ],
            [
              -83.74294,
              42.27655
            ],
            [
              -83.74295,
              42.2768
            ],
            [
              -83.74215,
              42.27681
            ],
            [
              -83.74215,
              42.2767
            ],
            [
              -83.74218,
              42.2767
            ],
            [
              -83.74218,
              42.27668
            ],
            [
              -83.74222,
              42.27668
            ],
            [
              -83.74221,
              42.27665
            ],
            [
              -83.74227,
              42.27664
            ],
            [
              -83.74227,
              42.27652
            ],
            [
              -83.74219,
              42.27652
            ],
            [
              -83.74219,
              42.27644
            ],
            [
              -83.74217,
              42.27644
            ],
            [
              -83.74217,
              42.27636
            ],
            [
              -83.74297,
              42.27636
            ]
          ],
          [
            [
              -83.74257,
              42.27663
            ],
            [
              -83.74256,
              42.2765
            ],
            [
              -83.74277,
              42.2765
            ],
            [
              -83.74277,
              42.27654
            ],
            [
              -83.74272,
              42.27654
            ],
            [
              -83.74272,
              42.27663
            ],
            [
              -83.74257,
              42.27663
            ]
          ]
        ]
      }
    },
    {
      "type": "Feature",
      "properties": {
        "name": "Stanford Lipsey Student Publications Building",
        "preferredName": "Lipsey Student Publications Building",
        "slug": "stanford-lipsey-student-publications-building",
        "category": "Student Life",
        "floors": 3
      },
      "geometry": {
        "type": "Polygon",
        "coordinates": [
          [
            [
              -83.74237,
              42.27724
            ],
            [
              -83.7422,
              42.27724
            ],
            [
              -83.74219,
              42.27689
            ],
            [
              -83.74237,
              42.27689
            ],
            [
              -83.74237,
              42.27724
            ]
          ]
        ]
      }
    },
    {
      "type": "Feature",
      "properties": {
        "name": "Tappan Hall",
        "slug": "tappan-hall",
        "acronym": "TAP",
        "category": "Academic",
        "floors": 3
      },
      "geometry": {
        "type": "Polygon",
        "coordinates": [
          [
            [
              -83.73944,
              42.27572
            ],
            [
              -83.73936,
              42.27572
            ],
            [
              -83.73936,
              42.27573
            ],
            [
              -83.73922,
              42.27574
            ],
            [
              -83.73921,
              42.27573
            ],
            [
              -83.73914,
              42.27573
            ],
            [
              -83.73913,
              42.27562
            ],
            [
              -83.73915,
              42.27562
            ],
            [
              -83.73915,
              42.27553
            ],
            [
              -83.73913,
              42.27552
            ],
            [
              -83.73913,
              42.27548
            ],
            [
              -83.73912,
              42.27548
            ],
            [
              -83.73912,
              42.27545
            ],
            [
              -83.73914,
              42.27545
            ],
            [
              -83.73914,
              42.27543
            ],
            [
              -83.73921,
              42.27543
            ],
            [
              -83.73921,
              42.27542
            ],
            [
              -83.73923,
              42.27542
            ],
            [
              -83.73923,
              42.27538
            ],
            [
              -83.73914,
              42.27538
            ],
            [
              -83.73913,
              42.27525
            ],
            [
              -83.73942,
              42.27524
            ],
            [
              -83.73943,
              42.27538
            ],
            [
              -83.73934,
              42.27538
            ],
            [
              -83.73934,
              42.27541
            ],
            [
              -83.73936,
              42.27541
            ],
            [
              -83.73936,
              42.27542
            ],
            [
              -83.73943,
              42.27542
            ],
            [
              -83.73943,
              42.27553
            ],
            [
              -83.73942,
              42.27553
            ],
            [
              -83.73942,
              42.27561
            ],
            [
              -83.73943,
              42.27561
            ],
            [
              -83.73944,
              42.27572
            ]
          ]
        ]
      }
    },
    {
      "type": "Feature",
      "properties": {
        "name": "Alfred A. Taubman Health Sciences Library",
        "preferredName": "Taubman Library",
        "slug": "alfred-a-taubman-health-sciences-library",
        "acronym": "TAUBL",
        "category": "Library/Museum",
        "floors": 6
      },
      "geometry": {
        "type": "Polygon",
        "coordinates": [
          [
            [
              -83.73485,
              42.28382
            ],
            [
              -83.73485,
              42.28336
            ],
            [
              -83.73427,
              42.28335
            ],
            [
              -83.73417,
              42.28343
            ],
            [
              -83.73421,
              42.28347
            ],
            [
              -83.73422,
              42.28379
            ],
            [
              -83.73443,
              42.28379
            ],
            [
              -83.73446,
              42.28381
            ],
            [
              -83.73485,
              42.28382
            ]
          ]
        ]
      }
    },
    {
      "type": "Feature",
      "properties": {
        "name": "Thomas H Simpson Memorial Inst Medical Research",
        "preferredName": "Simpson Institute",
        "slug": "thomas-h-simpson-memorial-inst-medical-research",
        "category": "Medical",
        "floors": 3
      },
      "geometry": {
        "type": "Polygon",
        "coordinates": [
          [
            [
              -83.73083,
              42.28197
            ],
            [
              -83.73066,
              42.28197
            ],
            [
              -83.73065,
              42.28176
            ],
            [
              -83.73082,
              42.28176
            ],
            [
              -83.73083,
              42.28197
            ]
          ]
        ]
      }
    },
    {
      "type": "Feature",
      "properties": {
        "name": "Towsley Center For Continuing Medical Education",
        "preferredName": "Towsley Center for Cont. Med Ed",
        "slug": "towsley-center-for-continuing-medical-education",
        "category": "Academic",
        "floors": 3
      },
      "geometry": {
        "type": "Polygon",
        "coordinates": [
          [
            [
              -83.72914,
              42.28396
            ],
            [
              -83.72914,
              42.28402
            ],
            [
              -83.72868,
              42.28402
            ],
            [
              -83.72868,
              42.28395
            ],
            [
              -83.72865,
              42.28395
            ],
            [
              -83.72865,
              42.28386
            ],
            [
              -83.72862,
              42.28386
            ],
            [
              -83.72862,
              42.28379
            ],
            [
              -83.72865,
              42.28379
            ],
            [
              -83.72864,
              42.28334
            ],
            [
              -83.72928,
              42.28333
            ],
            [
              -83.72929,
              42.28336
            ],
            [
              -83.72917,
              42.28347
            ],
            [
              -83.72915,
              42.28347
            ],
            [
              -83.72915,
              42.28387
            ],
            [
              -83.72931,
              42.28387
            ],
            [
              -83.72931,
              42.28396
            ],
            [
              -83.72914,
              42.28396
            ]
          ]
        ]
      }
    },
    {
      "type": "Feature",
      "properties": {
        "name": "Indoor Training Center",
        "slug": "indoor-training-center",
        "category": "Athletic",
        "floors": 1
      },
      "geometry": {
        "type": "Polygon",
        "coordinates": [
          [
            [
              -83.74421,
              42.26787
            ],
            [
              -83.74419,
              42.26787
            ],
            [
              -83.74422,
              42.26797
            ],
            [
              -83.74372,
              42.26805
            ],
            [
              -83.74355,
              42.26807
            ],
            [
              -83.74329,
              42.2671
            ],
            [
              -83.74398,
              42.267
            ],
            [
              -83.74421,
              42.26787
            ]
          ]
        ]
      }
    },
    {
      "type": "Feature",
      "properties": {
        "name": "Transportation Services Building",
        "slug": "transportation-services-building",
        "category": "Administrative",
        "floors": 1
      },
      "geometry": {
        "type": "Polygon",
        "coordinates": [
          [
            [
              -83.74448,
              42.26667
            ],
            [
              -83.74447,
              42.26659
            ],
            [
              -83.74438,
              42.26659
            ],
            [
              -83.74438,
              42.26642
            ],
            [
              -83.74462,
              42.26642
            ],
            [
              -83.74482,
              42.26641
            ],
            [
              -83.74482,
              42.26637
            ],
            [
              -83.7449,
              42.26637
            ],
            [
              -83.74491,
              42.26666
            ],
            [
              -83.74448,
              42.26667
            ]
          ]
        ]
      }
    },
    {
      "type": "Feature",
      "properties": {
        "name": "1443 Washtenaw Ave Building",
        "slug": "1443-washtenaw-ave-building",
        "category": "Student Life",
        "floors": 2
      },
      "geometry": {
        "type": "Polygon",
        "coordinates": [
          [
            [
              -83.72993,
              42.27465
            ],
            [
              -83.72999,
              42.27455
            ],
            [
              -83.7298,
              42.27447
            ],
            [
              -83.72968,
              42.27443
            ],
            [
              -83.72966,
              42.27446
            ],
            [
              -83.72964,
              42.27446
            ],
            [
              -83.72961,
              42.27452
            ],
            [
              -83.72964,
              42.27453
            ],
            [
              -83.72963,
              42.27454
            ],
            [
              -83.72967,
              42.27455
            ],
            [
              -83.72966,
              42.27456
            ],
            [
              -83.72993,
              42.27465
            ]
          ]
        ]
      }
    },
    {
      "type": "Feature",
      "properties": {
        "name": "University Hospitals",
        "slug": "university-hospitals",
        "acronym": "UM HOSP",
        "category": "Medical",
        "floors": 9,
        "height": 44
      },
      "geometry": {
        "type": "Polygon",
        "coordinates": [
          [
            [
              -83.72811,
              42.28474
            ],
            [
              -83.72809,
              42.28469
            ],
            [
              -83.72833,
              42.28469
            ],
            [
              -83.72833,
              42.28467
            ],
            [
              -83.72821,
              42.28465
            ],
            [
              -83.72812,
              42.28459
            ],
            [
              -83.72807,
              42.28453
            ],
            [
              -83.72806,
              42.28449
            ],
            [
              -83.72806,
              42.28438
            ],
            [
              -83.72805,
              42.28428
            ],
            [
              -83.7285,
              42.28427
            ],
            [
              -83.7285,
              42.2842
            ],
            [
              -83.72937,
              42.2842
            ],
            [
              -83.72937,
              42.28427
            ],
            [
              -83.73008,
              42.28427
            ],
            [
              -83.73008,
              42.28419
            ],
            [
              -83.73056,
              42.28419
            ],
            [
              -83.73056,
              42.28423
            ],
            [
              -83.73062,
              42.28422
            ],
            [
              -83.73062,
              42.28425
            ],
            [
              -83.73072,
              42.28424
            ],
            [
              -83.73073,
              42.2846
            ],
            [
              -83.73052,
              42.2846
            ],
            [
              -83.73052,
              42.28503
            ],
            [
              -83.72926,
              42.28503
            ],
            [
              -83.72926,
              42.28511
            ],
            [
              -83.7292,
              42.28516
            ],
            [
              -83.72912,
              42.28519
            ],
            [
              -83.72865,
              42.28519
            ],
            [
              -83.72865,
              42.28504
            ],
            [
              -83.72858,
              42.28503
            ],
            [
              -83.72846,
              42.28496
            ],
            [
              -83.72842,
              42.28488
            ],
            [
              -83.72842,
              42.28479
            ],
            [
              -83.7283,
              42.2848
            ],
            [
              -83.72818,
              42.28479
            ],
            [
              -83.72814,
              42.28477
            ],
            [
              -83.72811,
              42.28474
            ]
          ]
        ]
      }
    },
    {
      "type": "Feature",
      "properties": {
        "name": "Preston Robert Tisch Tennis Bld",
        "preferredName": "Varsity Tennis Bldg",
        "slug": "preston-robert-tisch-tennis-bld",
        "category": "Athletic",
        "floors": 1
      },
      "geometry": {
        "type": "Polygon",
        "coordinates": [
          [
            [
              -83.74388,
              42.2531
            ],
            [
              -83.74298,
              42.25311
            ],
            [
              -83.74299,
              42.25347
            ],
            [
              -83.74292,
              42.25347
            ],
            [
              -83.74292,
              42.25349
            ],
            [
              -83.74284,
              42.25349
            ],
            [
              -83.74284,
              42.25357
            ],
            [
              -83.74292,
              42.25357
            ],
            [
              -83.74292,
              42.2536
            ],
            [
              -83.74298,
              42.2536
            ],
            [
              -83.74299,
              42.25395
            ],
            [
              -83.74388,
              42.25395
            ],
            [
              -83.74388,
              42.2531
            ]
          ]
        ]
      }
    },
    {
      "type": "Feature",
      "properties": {
        "name": "Victor C. Vaughan House",
        "preferredName": "V. Vaughan",
        "slug": "victor-c-vaughan-house",
        "category": "Administrative",
        "floors": 2
      },
      "geometry": {
        "type": "Polygon",
        "coordinates": [
          [
            [
              -83.73514,
              42.28401
            ],
            [
              -83.73501,
              42.28401
            ],
            [
              -83.735,
              42.28386
            ],
            [
              -83.735,
              42.28363
            ],
            [
              -83.73491,
              42.28363
            ],
            [
              -83.73491,
              42.28354
            ],
            [
              -83.735,
              42.28354
            ],
            [
              -83.73499,
              42.28339
            ],
            [
              -83.73512,
              42.28339
            ],
            [
              -83.73513,
              42.28386
            ],
            [
              -83.73514,
              42.28401
            ]
          ]
        ]
      }
    },
    {
      "type": "Feature",
      "properties": {
        "name": "West Hall",
        "slug": "west-hall",
        "acronym": "WH",
        "category": "Academic",
        "floors": 4
      },
      "geometry": {
        "type": "Polygon",
        "coordinates": [
          [
            [
              -83.73678,
              42.2755
            ],
            [
              -83.73677,
              42.2753
            ],
            [
              -83.73658,
              42.2753
            ],
            [
              -83.73657,
              42.27531
            ],
            [
              -83.73629,
              42.27531
            ],
            [
              -83.73626,
              42.27529
            ],
            [
              -83.73608,
              42.27541
            ],
            [
              -83.73611,
              42.27543
            ],
            [
              -83.73613,
              42.2763
            ],
            [
              -83.7361,
              42.2763
            ],
            [
              -83.73611,
              42.27649
            ],
            [
              -83.73623,
              42.27649
            ],
            [
              -83.73623,
              42.27654
            ],
            [
              -83.73624,
              42.27654
            ],
            [
              -83.73624,
              42.27658
            ],
            [
              -83.7363,
              42.27658
            ],
            [
              -83.7363,
              42.27654
            ],
            [
              -83.73631,
              42.27654
            ],
            [
              -83.7363,
              42.27649
            ],
            [
              -83.7366,
              42.27649
            ],
            [
              -83.73662,
              42.27648
            ],
            [
              -83.73662,
              42.27647
            ],
            [
              -83.73667,
              42.27647
            ],
            [
              -83.73666,
              42.27636
            ],
            [
              -83.73662,
              42.27636
            ],
            [
              -83.73662,
              42.2763
            ],
            [
              -83.73639,
              42.2763
            ],
            [
              -83.73638,
              42.27609
            ],
            [
              -83.73644,
              42.27609
            ],
            [
              -83.73644,
              42.27615
            ],
            [
              -83.73659,
              42.27614
            ],
            [
              -83.73659,
              42.27605
            ],
            [
              -83.7366,
              42.27605
            ],
            [
              -83.7366,
              42.27586
            ],
            [
              -83.73638,
              42.27587
            ],
            [
              -83.73637,
              42.27558
            ],
            [
              -83.73634,
              42.27553
            ],
            [
              -83.73645,
              42.27546
            ],
            [
              -83.7365,
              42.2755
            ],
            [
              -83.73678,
              42.2755
            ]
          ]
        ]
      }
    },
    {
      "type": "Feature",
      "properties": {
        "name": "West Quadrangle",
        "slug": "west-quadrangle",
        "acronym": "WQ",
        "category": "Housing",
        "floors": 5,
        "hide3d": true
      },
      "geometry": {
        "type": "Polygon",
        "coordinates": [
          [
            [
              -83.74215,
              42.27505
            ],
            [
              -83.74214,
              42.27472
            ],
            [
              -83.74232,
              42.27472
            ],
            [
              -83.74232,
              42.27474
            ],
            [
              -83.74238,
              42.27474
            ],
            [
              -83.74238,
              42.27472
            ],
            [
              -83.74245,
              42.27472
            ],
            [
              -83.74245,
              42.27474
            ],
            [
              -83.74267,
              42.27474
            ],
            [
              -83.74267,
              42.27472
            ],
            [
              -83.74274,
              42.27472
            ],
            [
              -83.74274,
              42.27474
            ],
            [
              -83.7428,
              42.27473
            ],
            [
              -83.74279,
              42.27451
            ],
            [
              -83.74242,
              42.27451
            ],
            [
              -83.74231,
              42.27452
            ],
            [
              -83.74231,
              42.27451
            ],
            [
              -83.74207,
              42.27451
            ],
            [
              -83.74206,
              42.2744
            ],
            [
              -83.74279,
              42.27439
            ],
            [
              -83.74278,
              42.27435
            ],
            [
              -83.74294,
              42.27435
            ],
            [
              -83.74294,
              42.27449
            ],
            [
              -83.74295,
              42.27451
            ],
            [
              -83.74297,
              42.27451
            ],
            [
              -83.743,
              42.27542
            ],
            [
              -83.74295,
              42.27542
            ],
            [
              -83.74295,
              42.27546
            ],
            [
              -83.74253,
              42.27546
            ],
            [
              -83.74215,
              42.27547
            ],
            [
              -83.74214,
              42.27543
            ],
            [
              -83.7421,
              42.27544
            ],
            [
              -83.7421,
              42.27537
            ],
            [
              -83.74211,
              42.27537
            ],
            [
              -83.74211,
              42.27533
            ],
            [
              -83.74216,
              42.27533
            ],
            [
              -83.74215,
              42.27505
            ]
          ]
        ]
      }
    },
    {
      "type": "Feature",
      "properties": {
        "name": "William L. Clements Library",
        "preferredName": "William Clements Library",
        "slug": "william-l-clements-library",
        "category": "Library/Museum",
        "floors": 2
      },
      "geometry": {
        "type": "Polygon",
        "coordinates": [
          [
            [
              -83.73817,
              42.27557
            ],
            [
              -83.73793,
              42.27557
            ],
            [
              -83.73793,
              42.27559
            ],
            [
              -83.73786,
              42.27559
            ],
            [
              -83.73786,
              42.27557
            ],
            [
              -83.73784,
              42.27557
            ],
            [
              -83.73784,
              42.27535
            ],
            [
              -83.73817,
              42.27534
            ],
            [
              -83.73817,
              42.27557
            ]
          ]
        ]
      }
    },
    {
      "type": "Feature",
      "properties": {
        "name": "William W Cook Legal Research Library",
        "preferredName": "Law Library",
        "slug": "william-w-cook-legal-research-library",
        "category": "Library/Museum",
        "floors": 5
      },
      "geometry": {
        "type": "Polygon",
        "coordinates": [
          [
            [
              -83.73986,
              42.27396
            ],
            [
              -83.73942,
              42.27397
            ],
            [
              -83.73943,
              42.27398
            ],
            [
              -83.73935,
              42.27398
            ],
            [
              -83.73935,
              42.27397
            ],
            [
              -83.73901,
              42.27397
            ],
            [
              -83.73892,
              42.27398
            ],
            [
              -83.73892,
              42.27392
            ],
            [
              -83.73893,
              42.27392
            ],
            [
              -83.73893,
              42.27383
            ],
            [
              -83.7389,
              42.27383
            ],
            [
              -83.7389,
              42.27381
            ],
            [
              -83.73892,
              42.27381
            ],
            [
              -83.73892,
              42.27378
            ],
            [
              -83.7389,
              42.27378
            ],
            [
              -83.7389,
              42.27377
            ],
            [
              -83.73892,
              42.27377
            ],
            [
              -83.73892,
              42.27376
            ],
            [
              -83.73894,
              42.27376
            ],
            [
              -83.73894,
              42.27377
            ],
            [
              -83.73898,
              42.27377
            ],
            [
              -83.73898,
              42.27376
            ],
            [
              -83.739,
              42.27376
            ],
            [
              -83.739,
              42.27377
            ],
            [
              -83.73906,
              42.27377
            ],
            [
              -83.73906,
              42.27376
            ],
            [
              -83.73908,
              42.27376
            ],
            [
              -83.73908,
              42.27377
            ],
            [
              -83.73913,
              42.27377
            ],
            [
              -83.73913,
              42.27376
            ],
            [
              -83.73915,
              42.27376
            ],
            [
              -83.73915,
              42.27377
            ],
            [
              -83.73921,
              42.27377
            ],
            [
              -83.73921,
              42.2736
            ],
            [
              -83.73926,
              42.2736
            ],
            [
              -83.73926,
              42.27359
            ],
            [
              -83.7393,
              42.27359
            ],
            [
              -83.7393,
              42.2736
            ],
            [
              -83.73949,
              42.27359
            ],
            [
              -83.73949,
              42.27361
            ],
            [
              -83.73955,
              42.27361
            ],
            [
              -83.73955,
              42.27381
            ],
            [
              -83.73976,
              42.2738
            ],
            [
              -83.73976,
              42.27376
            ],
            [
              -83.73985,
              42.27376
            ],
            [
              -83.73985,
              42.27381
            ],
            [
              -83.73984,
              42.27381
            ],
            [
              -83.73984,
              42.2739
            ],
            [
              -83.73985,
              42.2739
            ],
            [
              -83.73986,
              42.27396
            ]
          ]
        ]
      }
    },
    {
      "type": "Feature",
      "properties": {
        "name": "William D Revelli Band Rehearsal Hall",
        "preferredName": "Revelli Hall",
        "slug": "william-d-revelli-band-rehearsal-hall",
        "acronym": "REVELLI",
        "category": "Academic",
        "floors": 2
      },
      "geometry": {
        "type": "Polygon",
        "coordinates": [
          [
            [
              -83.74446,
              42.26941
            ],
            [
              -83.74445,
              42.26934
            ],
            [
              -83.74443,
              42.26934
            ],
            [
              -83.74441,
              42.2691
            ],
            [
              -83.74493,
              42.26909
            ],
            [
              -83.74497,
              42.26911
            ],
            [
              -83.74498,
              42.26932
            ],
            [
              -83.74492,
              42.26936
            ],
            [
              -83.74495,
              42.2694
            ],
            [
              -83.74495,
              42.26942
            ],
            [
              -83.74494,
              42.26943
            ],
            [
              -83.74489,
              42.26945
            ],
            [
              -83.74485,
              42.26944
            ],
            [
              -83.7448,
              42.2694
            ],
            [
              -83.74446,
              42.26941
            ]
          ]
        ]
      }
    },
    {
      "type": "Feature",
      "properties": {
        "name": "Wolverine Tower",
        "slug": "wolverine-tower",
        "category": "Administrative",
        "floors": 11,
        "status": "demolished"
      },
      "geometry": {
        "type": "Point",
        "coordinates": [
          -83.73763,
          42.24336
        ]
      }
    },
    {
      "type": "Feature",
      "properties": {
        "name": "Neuroscience Hospital Unit 1",
        "preferredName": "Women's Hospitals",
        "slug": "neuroscience-hospital-unit-1",
        "acronym": "WOMEN'S HOSP",
        "category": "Medical",
        "floors": 5
      },
      "geometry": {
        "type": "Polygon",
        "coordinates": [
          [
            [
              -83.72945,
              42.28253
            ],
            [
              -83.72945,
              42.28277
            ],
            [
              -83.72981,
              42.28277
            ],
            [
              -83.72981,
              42.28291
            ],
            [
              -83.72923,
              42.28291
            ],
            [
              -83.72923,
              42.28275
            ],
            [
              -83.7289,
              42.28275
            ],
            [
              -83.72889,
              42.28259
            ],
            [
              -83.72938,
              42.28259
            ],
            [
              -83.72939,
              42.28253
            ],
            [
              -83.72945,
              42.28253
            ]
          ]
        ]
      }
    },
    {
      "type": "Feature",
      "properties": {
        "name": "Yost Ice Arena",
        "slug": "yost-ice-arena",
        "category": "Athletic",
        "floors": 3
      },
      "geometry": {
        "type": "Polygon",
        "coordinates": [
          [
            [
              -83.74134,
              42.26801
            ],
            [
              -83.74132,
              42.26801
            ],
            [
              -83.74132,
              42.26809
            ],
            [
              -83.74074,
              42.26809
            ],
            [
              -83.74074,
              42.26801
            ],
            [
              -83.74073,
              42.26801
            ],
            [
              -83.74071,
              42.26715
            ],
            [
              -83.74132,
              42.26714
            ],
            [
              -83.74134,
              42.26801
            ]
          ]
        ]
      }
    },
    {
      "type": "Feature",
      "properties": {
        "name": "Madelon Louisa Stockwell Hall",
        "preferredName": "Stockwell Hall",
        "slug": "madelon-louisa-stockwell-hall",
        "acronym": "STOCKWELL",
        "category": "Housing",
        "floors": 5
      },
      "geometry": {
        "type": "Polygon",
        "coordinates": [
          [
            [
              -83.73149,
              42.27927
            ],
            [
              -83.73133,
              42.27927
            ],
            [
              -83.73133,
              42.27919
            ],
            [
              -83.73131,
              42.27919
            ],
            [
              -83.73131,
              42.27916
            ],
            [
              -83.73129,
              42.27912
            ],
            [
              -83.73131,
              42.27911
            ],
            [
              -83.73131,
              42.27908
            ],
            [
              -83.73132,
              42.27908
            ],
            [
              -83.73132,
              42.27889
            ],
            [
              -83.73129,
              42.27888
            ],
            [
              -83.73129,
              42.27884
            ],
            [
              -83.73131,
              42.27883
            ],
            [
              -83.73131,
              42.27878
            ],
            [
              -83.73132,
              42.27878
            ],
            [
              -83.73132,
              42.27867
            ],
            [
              -83.73129,
              42.27864
            ],
            [
              -83.73141,
              42.27854
            ],
            [
              -83.73145,
              42.27857
            ],
            [
              -83.73147,
              42.27857
            ],
            [
              -83.73147,
              42.27849
            ],
            [
              -83.73151,
              42.27845
            ],
            [
              -83.73156,
              42.27845
            ],
            [
              -83.73156,
              42.27847
            ],
            [
              -83.73158,
              42.27848
            ],
            [
              -83.73158,
              42.27854
            ],
            [
              -83.73156,
              42.27855
            ],
            [
              -83.73156,
              42.27857
            ],
            [
              -83.73164,
              42.27856
            ],
            [
              -83.73164,
              42.27855
            ],
            [
              -83.73167,
              42.27855
            ],
            [
              -83.73168,
              42.27854
            ],
            [
              -83.73174,
              42.27854
            ],
            [
              -83.73178,
              42.27855
            ],
            [
              -83.73178,
              42.27856
            ],
            [
              -83.732,
              42.27856
            ],
            [
              -83.732,
              42.27855
            ],
            [
              -83.73207,
              42.27854
            ],
            [
              -83.73215,
              42.27854
            ],
            [
              -83.73215,
              42.27856
            ],
            [
              -83.73225,
              42.27856
            ],
            [
              -83.73225,
              42.27867
            ],
            [
              -83.73215,
              42.27867
            ],
            [
              -83.73216,
              42.27874
            ],
            [
              -83.73201,
              42.27874
            ],
            [
              -83.73201,
              42.27867
            ],
            [
              -83.73183,
              42.27867
            ],
            [
              -83.73183,
              42.27882
            ],
            [
              -83.73167,
              42.27894
            ],
            [
              -83.73148,
              42.27894
            ],
            [
              -83.73148,
              42.27908
            ],
            [
              -83.73158,
              42.27908
            ],
            [
              -83.73158,
              42.2791
            ],
            [
              -83.7316,
              42.2791
            ],
            [
              -83.73162,
              42.27912
            ],
            [
              -83.73162,
              42.27914
            ],
            [
              -83.7316,
              42.27916
            ],
            [
              -83.73158,
              42.27916
            ],
            [
              -83.73158,
              42.27919
            ],
            [
              -83.73149,
              42.27919
            ],
            [
              -83.73149,
              42.27927
            ]
          ]
        ]
      }
    },
    {
      "type": "Feature",
      "properties": {
        "name": "Madison Building",
        "preferredName": "109 East Madison",
        "slug": "madison-building",
        "category": "Administrative",
        "floors": 3
      },
      "geometry": {
        "type": "Polygon",
        "coordinates": [
          [
            [
              -83.74806,
              42.27416
            ],
            [
              -83.74774,
              42.27416
            ],
            [
              -83.74771,
              42.27418
            ],
            [
              -83.74771,
              42.27422
            ],
            [
              -83.74773,
              42.27424
            ],
            [
              -83.74772,
              42.27448
            ],
            [
              -83.74768,
              42.27454
            ],
            [
              -83.74767,
              42.27483
            ],
            [
              -83.74803,
              42.27484
            ],
            [
              -83.74806,
              42.27416
            ]
          ]
        ]
      }
    },
    {
      "type": "Feature",
      "properties": {
        "name": "Towsley Childrens House",
        "preferredName": "Towsley Center for Children",
        "slug": "towsley-childrens-house",
        "category": "Student Life",
        "floors": 1
      },
      "geometry": {
        "type": "Polygon",
        "coordinates": [
          [
            [
              -83.73337,
              42.27322
            ],
            [
              -83.73344,
              42.27322
            ],
            [
              -83.73345,
              42.27324
            ],
            [
              -83.73354,
              42.27324
            ],
            [
              -83.73355,
              42.27328
            ],
            [
              -83.73357,
              42.27328
            ],
            [
              -83.73357,
              42.27336
            ],
            [
              -83.73385,
              42.27336
            ],
            [
              -83.73385,
              42.27347
            ],
            [
              -83.73358,
              42.27347
            ],
            [
              -83.73358,
              42.27354
            ],
            [
              -83.73363,
              42.27354
            ],
            [
              -83.73363,
              42.27359
            ],
            [
              -83.73366,
              42.27359
            ],
            [
              -83.73366,
              42.27364
            ],
            [
              -83.73357,
              42.27365
            ],
            [
              -83.73357,
              42.27362
            ],
            [
              -83.7334,
              42.27363
            ],
            [
              -83.7334,
              42.27354
            ],
            [
              -83.73343,
              42.27354
            ],
            [
              -83.73343,
              42.27348
            ],
            [
              -83.73338,
              42.27348
            ],
            [
              -83.73338,
              42.27339
            ],
            [
              -83.73343,
              42.27339
            ],
            [
              -83.73343,
              42.27333
            ],
            [
              -83.7334,
              42.27333
            ],
            [
              -83.7334,
              42.27328
            ],
            [
              -83.73337,
              42.27327
            ],
            [
              -83.73337,
              42.27322
            ]
          ]
        ]
      }
    },
    {
      "type": "Feature",
      "properties": {
        "name": "555 South Forest Building",
        "preferredName": "Family Assessment Clinic",
        "slug": "555-south-forest-building",
        "category": "Academic",
        "floors": 3
      },
      "geometry": {
        "type": "Polygon",
        "coordinates": [
          [
            [
              -83.73277,
              42.27543
            ],
            [
              -83.73286,
              42.27543
            ],
            [
              -83.73286,
              42.27539
            ],
            [
              -83.73287,
              42.27539
            ],
            [
              -83.73287,
              42.27537
            ],
            [
              -83.7329,
              42.27537
            ],
            [
              -83.7329,
              42.27535
            ],
            [
              -83.73291,
              42.27535
            ],
            [
              -83.73291,
              42.27527
            ],
            [
              -83.73293,
              42.27527
            ],
            [
              -83.73293,
              42.27522
            ],
            [
              -83.73295,
              42.27522
            ],
            [
              -83.73295,
              42.27517
            ],
            [
              -83.73296,
              42.27517
            ],
            [
              -83.73296,
              42.27513
            ],
            [
              -83.73276,
              42.27513
            ],
            [
              -83.73277,
              42.27543
            ]
          ]
        ]
      }
    },
    {
      "type": "Feature",
      "properties": {
        "name": "Thomas Francis Jr. Building",
        "preferredName": "Public Health II",
        "slug": "thomas-francis-jr-building",
        "acronym": "SPH2",
        "category": "Academic",
        "floors": 7
      },
      "geometry": {
        "type": "Polygon",
        "coordinates": [
          [
            [
              -83.72969,
              42.28041
            ],
            [
              -83.73019,
              42.28039
            ],
            [
              -83.73037,
              42.28039
            ],
            [
              -83.73036,
              42.28008
            ],
            [
              -83.73032,
              42.28008
            ],
            [
              -83.73032,
              42.28007
            ],
            [
              -83.72965,
              42.28009
            ],
            [
              -83.72965,
              42.28016
            ],
            [
              -83.72967,
              42.28016
            ],
            [
              -83.72968,
              42.28018
            ],
            [
              -83.72965,
              42.28018
            ],
            [
              -83.72966,
              42.28034
            ],
            [
              -83.72968,
              42.28034
            ],
            [
              -83.72969,
              42.28041
            ]
          ]
        ]
      }
    },
    {
      "type": "Feature",
      "properties": {
        "name": "North Campus Administrative Complex",
        "slug": "north-campus-administrative-complex",
        "acronym": "NCAC",
        "category": "Administrative",
        "floors": 2
      },
      "geometry": {
        "type": "Polygon",
        "coordinates": [
          [
            [
              -83.70264,
              42.29617
            ],
            [
              -83.70261,
              42.29617
            ],
            [
              -83.70261,
              42.29615
            ],
            [
              -83.70237,
              42.29615
            ],
            [
              -83.70237,
              42.29626
            ],
            [
              -83.70234,
              42.29626
            ],
            [
              -83.70234,
              42.29623
            ],
            [
              -83.70209,
              42.29623
            ],
            [
              -83.70209,
              42.29642
            ],
            [
              -83.70234,
              42.29642
            ],
            [
              -83.70234,
              42.29639
            ],
            [
              -83.70237,
              42.29639
            ],
            [
              -83.70238,
              42.29673
            ],
            [
              -83.70261,
              42.29673
            ],
            [
              -83.70261,
              42.29671
            ],
            [
              -83.70265,
              42.29671
            ],
            [
              -83.70265,
              42.29678
            ],
            [
              -83.70289,
              42.29678
            ],
            [
              -83.70289,
              42.29671
            ],
            [
              -83.70293,
              42.29671
            ],
            [
              -83.70293,
              42.29673
            ],
            [
              -83.70317,
              42.29673
            ],
            [
              -83.70317,
              42.29639
            ],
            [
              -83.70321,
              42.29639
            ],
            [
              -83.70321,
              42.29642
            ],
            [
              -83.70345,
              42.29642
            ],
            [
              -83.70345,
              42.29639
            ],
            [
              -83.70351,
              42.29639
            ],
            [
              -83.70351,
              42.29642
            ],
            [
              -83.70375,
              42.29642
            ],
            [
              -83.70375,
              42.29639
            ],
            [
              -83.70379,
              42.29639
            ],
            [
              -83.70379,
              42.29642
            ],
            [
              -83.70404,
              42.29642
            ],
            [
              -83.70404,
              42.29623
            ],
            [
              -83.70379,
              42.29623
            ],
            [
              -83.70379,
              42.29625
            ],
            [
              -83.70374,
              42.29625
            ],
            [
              -83.70374,
              42.29623
            ],
            [
              -83.7035,
              42.29623
            ],
            [
              -83.7035,
              42.29625
            ],
            [
              -83.70345,
              42.29625
            ],
            [
              -83.70345,
              42.29623
            ],
            [
              -83.70321,
              42.29623
            ],
            [
              -83.70321,
              42.29625
            ],
            [
              -83.70317,
              42.29625
            ],
            [
              -83.70317,
              42.29615
            ],
            [
              -83.70292,
              42.29615
            ],
            [
              -83.70292,
              42.29617
            ],
            [
              -83.70264,
              42.29617
            ]
          ]
        ]
      }
    },
    {
      "type": "Feature",
      "properties": {
        "name": "Parking Customer Service",
        "slug": "parking-customer-service",
        "category": "Parking",
        "floors": 1
      },
      "geometry": {
        "type": "Polygon",
        "coordinates": [
          [
            [
              -83.744,
              42.27589
            ],
            [
              -83.74344,
              42.2759
            ],
            [
              -83.74344,
              42.27592
            ],
            [
              -83.74331,
              42.27592
            ],
            [
              -83.7433,
              42.27581
            ],
            [
              -83.74329,
              42.27521
            ],
            [
              -83.74375,
              42.27521
            ],
            [
              -83.74375,
              42.27519
            ],
            [
              -83.74399,
              42.27519
            ],
            [
              -83.744,
              42.27589
            ]
          ]
        ]
      }
    },
    {
      "type": "Feature",
      "properties": {
        "name": "Northwood V Apartments",
        "slug": "northwood-v-apartments",
        "category": "Housing",
        "floors": 2
      },
      "geometry": {
        "type": "Point",
        "coordinates": [
          -83.6997,
          42.29421
        ]
      }
    },
    {
      "type": "Feature",
      "properties": {
        "name": "School of Nursing Building 1",
        "slug": "school-of-nursing-building-1",
        "acronym": "NIB",
        "category": "Academic",
        "floors": 4
      },
      "geometry": {
        "type": "Polygon",
        "coordinates": [
          [
            [
              -83.73813,
              42.28413
            ],
            [
              -83.73813,
              42.28381
            ],
            [
              -83.73816,
              42.2838
            ],
            [
              -83.73815,
              42.2837
            ],
            [
              -83.73799,
              42.28359
            ],
            [
              -83.73759,
              42.28359
            ],
            [
              -83.73747,
              42.28368
            ],
            [
              -83.73747,
              42.28381
            ],
            [
              -83.73745,
              42.28381
            ],
            [
              -83.73746,
              42.28403
            ],
            [
              -83.7374,
              42.28403
            ],
            [
              -83.73742,
              42.28431
            ],
            [
              -83.73728,
              42.28431
            ],
            [
              -83.73729,
              42.28446
            ],
            [
              -83.73772,
              42.28445
            ],
            [
              -83.73772,
              42.2843
            ],
            [
              -83.73759,
              42.2843
            ],
            [
              -83.73758,
              42.28407
            ],
            [
              -83.73795,
              42.28406
            ],
            [
              -83.73795,
              42.28414
            ],
            [
              -83.73813,
              42.28413
            ]
          ]
        ]
      }
    },
    {
      "type": "Feature",
      "properties": {
        "name": "James And Anne Duderstadt Center",
        "preferredName": "Duderstadt Center",
        "slug": "james-and-anne-duderstadt-center",
        "acronym": "DC",
        "category": "Academic",
        "floors": 3
      },
      "geometry": {
        "type": "Polygon",
        "coordinates": [
          [
            [
              -83.71556,
              42.29076
            ],
            [
              -83.71619,
              42.29076
            ],
            [
              -83.71622,
              42.29079
            ],
            [
              -83.71621,
              42.29106
            ],
            [
              -83.71625,
              42.29107
            ],
            [
              -83.71636,
              42.29107
            ],
            [
              -83.7164,
              42.29109
            ],
            [
              -83.7164,
              42.29112
            ],
            [
              -83.71639,
              42.29123
            ],
            [
              -83.71636,
              42.29126
            ],
            [
              -83.71621,
              42.29126
            ],
            [
              -83.71622,
              42.29153
            ],
            [
              -83.71619,
              42.29156
            ],
            [
              -83.71516,
              42.29156
            ],
            [
              -83.71514,
              42.29153
            ],
            [
              -83.71514,
              42.29079
            ],
            [
              -83.71518,
              42.29076
            ],
            [
              -83.71556,
              42.29076
            ]
          ]
        ]
      }
    },
    {
      "type": "Feature",
      "properties": {
        "name": "Environmental And Water Resources Engineering Bl",
        "preferredName": "Environmental and Water Resources Engineering",
        "slug": "environmental-and-water-resources-engineering-bl",
        "acronym": "EWRE",
        "category": "Academic",
        "floors": 3
      },
      "geometry": {
        "type": "Polygon",
        "coordinates": [
          [
            [
              -83.71359,
              42.29293
            ],
            [
              -83.7135,
              42.29293
            ],
            [
              -83.7135,
              42.29295
            ],
            [
              -83.7133,
              42.29295
            ],
            [
              -83.7133,
              42.29293
            ],
            [
              -83.71319,
              42.29293
            ],
            [
              -83.71319,
              42.29287
            ],
            [
              -83.71323,
              42.29287
            ],
            [
              -83.71323,
              42.29262
            ],
            [
              -83.71334,
              42.29262
            ],
            [
              -83.71334,
              42.29259
            ],
            [
              -83.71351,
              42.29259
            ],
            [
              -83.71351,
              42.29262
            ],
            [
              -83.71359,
              42.29262
            ],
            [
              -83.71359,
              42.29293
            ]
          ]
        ]
      }
    },
    {
      "type": "Feature",
      "properties": {
        "name": "Carl A. Gerstacker Building",
        "preferredName": "Gerstacker Building",
        "slug": "carl-a-gerstacker-building",
        "category": "Academic",
        "floors": 3
      },
      "geometry": {
        "type": "Polygon",
        "coordinates": [
          [
            [
              -83.71462,
              42.28928
            ],
            [
              -83.71433,
              42.28928
            ],
            [
              -83.71433,
              42.28976
            ],
            [
              -83.71418,
              42.28976
            ],
            [
              -83.71418,
              42.28999
            ],
            [
              -83.71454,
              42.28999
            ],
            [
              -83.71454,
              42.28997
            ],
            [
              -83.71472,
              42.28997
            ],
            [
              -83.71472,
              42.28984
            ],
            [
              -83.71462,
              42.28984
            ],
            [
              -83.71462,
              42.28928
            ]
          ]
        ]
      }
    },
    {
      "type": "Feature",
      "properties": {
        "name": "Bonisteel Interdisciplinary Research Building",
        "slug": "bonisteel-interdisciplinary-research-building",
        "acronym": "BIRB",
        "category": "Academic",
        "floors": 3
      },
      "geometry": {
        "type": "Polygon",
        "coordinates": [
          [
            [
              -83.71338,
              42.2901
            ],
            [
              -83.71322,
              42.2901
            ],
            [
              -83.71321,
              42.28991
            ],
            [
              -83.71338,
              42.28991
            ],
            [
              -83.71338,
              42.28985
            ],
            [
              -83.71385,
              42.28984
            ],
            [
              -83.71385,
              42.28999
            ],
            [
              -83.71338,
              42.28999
            ],
            [
              -83.71338,
              42.2901
            ]
          ]
        ]
      }
    },
    {
      "type": "Feature",
      "properties": {
        "name": "Newberry Hall",
        "preferredName": "Kelsey Museum of Archaeology",
        "slug": "newberry-hall",
        "acronym": "KELSEY",
        "category": "Library/Museum",
        "floors": 2
      },
      "geometry": {
        "type": "Polygon",
        "coordinates": [
          [
            [
              -83.74132,
              42.27685
            ],
            [
              -83.74099,
              42.27685
            ],
            [
              -83.74099,
              42.27667
            ],
            [
              -83.74131,
              42.27667
            ],
            [
              -83.74132,
              42.27668
            ],
            [
              -83.74145,
              42.27668
            ],
            [
              -83.74145,
              42.27664
            ],
            [
              -83.7418,
              42.27664
            ],
            [
              -83.7418,
              42.27674
            ],
            [
              -83.74176,
              42.27674
            ],
            [
              -83.74176,
              42.27679
            ],
            [
              -83.74149,
              42.27679
            ],
            [
              -83.74149,
              42.27683
            ],
            [
              -83.74136,
              42.27683
            ],
            [
              -83.74136,
              42.27682
            ],
            [
              -83.74132,
              42.27682
            ],
            [
              -83.74132,
              42.27685
            ]
          ]
        ]
      }
    },
    {
      "type": "Feature",
      "properties": {
        "name": "Mary Sue Coleman Hall",
        "preferredName": "Life Sciences Institute",
        "slug": "mary-sue-coleman-hall",
        "acronym": "LSI",
        "category": "Academic",
        "floors": 5
      },
      "geometry": {
        "type": "Polygon",
        "coordinates": [
          [
            [
              -83.73445,
              42.27932
            ],
            [
              -83.73448,
              42.2793
            ],
            [
              -83.73431,
              42.27914
            ],
            [
              -83.73412,
              42.27926
            ],
            [
              -83.73426,
              42.27938
            ],
            [
              -83.73416,
              42.27944
            ],
            [
              -83.7342,
              42.27947
            ],
            [
              -83.73369,
              42.27978
            ],
            [
              -83.73375,
              42.27983
            ],
            [
              -83.73366,
              42.27988
            ],
            [
              -83.73386,
              42.28006
            ],
            [
              -83.73388,
              42.28005
            ],
            [
              -83.73391,
              42.28008
            ],
            [
              -83.73472,
              42.27959
            ],
            [
              -83.73469,
              42.27956
            ],
            [
              -83.73471,
              42.27955
            ],
            [
              -83.73445,
              42.27932
            ]
          ]
        ]
      }
    },
    {
      "type": "Feature",
      "properties": {
        "name": "Palmer Commons",
        "slug": "palmer-commons",
        "acronym": "PALM",
        "category": "Student Life",
        "floors": 6
      },
      "geometry": {
        "type": "Polygon",
        "coordinates": [
          [
            [
              -83.734,
              42.28106
            ],
            [
              -83.73395,
              42.28106
            ],
            [
              -83.73394,
              42.28102
            ],
            [
              -83.73389,
              42.28101
            ],
            [
              -83.73386,
              42.28099
            ],
            [
              -83.73382,
              42.28099
            ],
            [
              -83.73377,
              42.28089
            ],
            [
              -83.73376,
              42.28084
            ],
            [
              -83.73375,
              42.28037
            ],
            [
              -83.73396,
              42.28037
            ],
            [
              -83.73397,
              42.28044
            ],
            [
              -83.734,
              42.28106
            ]
          ]
        ]
      }
    },
    {
      "type": "Feature",
      "properties": {
        "name": "Detroit Observatory",
        "slug": "detroit-observatory",
        "category": "Library/Museum",
        "floors": 2
      },
      "geometry": {
        "type": "Polygon",
        "coordinates": [
          [
            [
              -83.73182,
              42.28202
            ],
            [
              -83.73175,
              42.28202
            ],
            [
              -83.73175,
              42.28203
            ],
            [
              -83.73161,
              42.28203
            ],
            [
              -83.73161,
              42.28202
            ],
            [
              -83.73155,
              42.28202
            ],
            [
              -83.73154,
              42.28194
            ],
            [
              -83.73161,
              42.28193
            ],
            [
              -83.73161,
              42.28192
            ],
            [
              -83.73175,
              42.28192
            ],
            [
              -83.73175,
              42.28193
            ],
            [
              -83.73181,
              42.28193
            ],
            [
              -83.73182,
              42.28202
            ]
          ]
        ]
      }
    },
    {
      "type": "Feature",
      "properties": {
        "name": "U-M Transportation Research Inst",
        "preferredName": "Transportation Research Institute",
        "slug": "u-m-transportation-research-inst",
        "acronym": "UMTRI",
        "category": "Academic",
        "floors": 2
      },
      "geometry": {
        "type": "Polygon",
        "coordinates": [
          [
            [
              -83.70329,
              42.29856
            ],
            [
              -83.70298,
              42.29856
            ],
            [
              -83.70297,
              42.29794
            ],
            [
              -83.70301,
              42.29794
            ],
            [
              -83.70301,
              42.29776
            ],
            [
              -83.70292,
              42.29776
            ],
            [
              -83.70292,
              42.29764
            ],
            [
              -83.70304,
              42.29764
            ],
            [
              -83.70304,
              42.29772
            ],
            [
              -83.70315,
              42.29772
            ],
            [
              -83.70315,
              42.29768
            ],
            [
              -83.70369,
              42.29767
            ],
            [
              -83.70369,
              42.29773
            ],
            [
              -83.70373,
              42.29773
            ],
            [
              -83.70373,
              42.2978
            ],
            [
              -83.70369,
              42.2978
            ],
            [
              -83.70369,
              42.29786
            ],
            [
              -83.70315,
              42.29786
            ],
            [
              -83.70315,
              42.29794
            ],
            [
              -83.70328,
              42.29794
            ],
            [
              -83.70329,
              42.29827
            ],
            [
              -83.70334,
              42.29827
            ],
            [
              -83.70335,
              42.29836
            ],
            [
              -83.70329,
              42.29836
            ],
            [
              -83.70329,
              42.29856
            ]
          ]
        ]
      }
    },
    {
      "type": "Feature",
      "properties": {
        "name": "Michigan Union",
        "slug": "michigan-union",
        "acronym": "UNION",
        "category": "Student Life",
        "floors": 4,
        "hide3d": true
      },
      "geometry": {
        "type": "Polygon",
        "coordinates": [
          [
            [
              -83.74134,
              42.27538
            ],
            [
              -83.7411,
              42.27539
            ],
            [
              -83.74109,
              42.27525
            ],
            [
              -83.74107,
              42.27525
            ],
            [
              -83.74107,
              42.27518
            ],
            [
              -83.74109,
              42.27518
            ],
            [
              -83.74108,
              42.27494
            ],
            [
              -83.74131,
              42.27493
            ],
            [
              -83.74131,
              42.27481
            ],
            [
              -83.74203,
              42.2748
            ],
            [
              -83.74203,
              42.27491
            ],
            [
              -83.74186,
              42.27491
            ],
            [
              -83.74186,
              42.275
            ],
            [
              -83.74191,
              42.275
            ],
            [
              -83.74191,
              42.27505
            ],
            [
              -83.74193,
              42.27505
            ],
            [
              -83.74194,
              42.27523
            ],
            [
              -83.74202,
              42.27523
            ],
            [
              -83.74203,
              42.27543
            ],
            [
              -83.74194,
              42.27543
            ],
            [
              -83.74194,
              42.27551
            ],
            [
              -83.74191,
              42.27551
            ],
            [
              -83.74191,
              42.27554
            ],
            [
              -83.74171,
              42.27554
            ],
            [
              -83.74171,
              42.27551
            ],
            [
              -83.74142,
              42.27551
            ],
            [
              -83.74142,
              42.27552
            ],
            [
              -83.74133,
              42.27552
            ],
            [
              -83.74133,
              42.27539
            ],
            [
              -83.74134,
              42.27539
            ],
            [
              -83.74134,
              42.27538
            ]
          ]
        ]
      }
    },
    {
      "type": "Feature",
      "properties": {
        "name": "Lydia Mendelssohn Theatre",
        "slug": "lydia-mendelssohn-theatre",
        "category": "Student Life",
        "floors": 2
      },
      "geometry": {
        "type": "Point",
        "coordinates": [
          -83.73758,
          42.2793
        ]
      }
    },
    {
      "type": "Feature",
      "properties": {
        "name": "International Center",
        "slug": "international-center",
        "category": "Student Life",
        "floors": 3
      },
      "geometry": {
        "type": "Point",
        "coordinates": [
          -83.74235,
          42.27646
        ]
      }
    },
    {
      "type": "Feature",
      "properties": {
        "name": "Michigan Stadium",
        "slug": "michigan-stadium",
        "category": "Athletic",
        "floors": 4,
        "height": 26,
        "hide3d": true
      },
      "geometry": {
        "type": "Polygon",
        "coordinates": [
          [
            [
              -83.74923,
              42.26695
            ],
            [
              -83.74913,
              42.26697
            ],
            [
              -83.74905,
              42.26697
            ],
            [
              -83.74901,
              42.26698
            ],
            [
              -83.74855,
              42.26699
            ],
            [
              -83.74852,
              42.26698
            ],
            [
              -83.74842,
              42.26698
            ],
            [
              -83.7484,
              42.26697
            ],
            [
              -83.74828,
              42.26696
            ],
            [
              -83.74805,
              42.2669
            ],
            [
              -83.74785,
              42.26679
            ],
            [
              -83.7477,
              42.26665
            ],
            [
              -83.7476,
              42.26669
            ],
            [
              -83.74761,
              42.26671
            ],
            [
              -83.74749,
              42.26676
            ],
            [
              -83.74742,
              42.26663
            ],
            [
              -83.74739,
              42.26652
            ],
            [
              -83.74738,
              42.26643
            ],
            [
              -83.74737,
              42.26643
            ],
            [
              -83.74737,
              42.26644
            ],
            [
              -83.74735,
              42.26644
            ],
            [
              -83.74735,
              42.26627
            ],
            [
              -83.74733,
              42.26627
            ],
            [
              -83.74733,
              42.26617
            ],
            [
              -83.74734,
              42.26617
            ],
            [
              -83.74734,
              42.26575
            ],
            [
              -83.74733,
              42.26569
            ],
            [
              -83.74733,
              42.26535
            ],
            [
              -83.74735,
              42.26535
            ],
            [
              -83.74735,
              42.26536
            ],
            [
              -83.74736,
              42.26536
            ],
            [
              -83.74737,
              42.26523
            ],
            [
              -83.74739,
              42.26515
            ],
            [
              -83.74746,
              42.26503
            ],
            [
              -83.74758,
              42.26508
            ],
            [
              -83.74757,
              42.26509
            ],
            [
              -83.74767,
              42.26513
            ],
            [
              -83.74781,
              42.26499
            ],
            [
              -83.74801,
              42.26488
            ],
            [
              -83.74824,
              42.2648
            ],
            [
              -83.74838,
              42.26479
            ],
            [
              -83.7485,
              42.26477
            ],
            [
              -83.7485,
              42.26474
            ],
            [
              -83.74892,
              42.26474
            ],
            [
              -83.74892,
              42.26477
            ],
            [
              -83.74918,
              42.26479
            ],
            [
              -83.74929,
              42.26482
            ],
            [
              -83.74941,
              42.26486
            ],
            [
              -83.74962,
              42.26497
            ],
            [
              -83.74975,
              42.2651
            ],
            [
              -83.74997,
              42.265
            ],
            [
              -83.75005,
              42.26513
            ],
            [
              -83.75008,
              42.26528
            ],
            [
              -83.75008,
              42.26536
            ],
            [
              -83.75,
              42.26536
            ],
            [
              -83.75,
              42.26565
            ],
            [
              -83.75001,
              42.26565
            ],
            [
              -83.75001,
              42.26573
            ],
            [
              -83.75003,
              42.26573
            ],
            [
              -83.75003,
              42.266
            ],
            [
              -83.75002,
              42.266
            ],
            [
              -83.75002,
              42.26608
            ],
            [
              -83.75001,
              42.26608
            ],
            [
              -83.75002,
              42.26636
            ],
            [
              -83.7501,
              42.26638
            ],
            [
              -83.7501,
              42.26644
            ],
            [
              -83.75008,
              42.26657
            ],
            [
              -83.75001,
              42.26673
            ],
            [
              -83.74989,
              42.26668
            ],
            [
              -83.7499,
              42.26667
            ],
            [
              -83.74979,
              42.26662
            ],
            [
              -83.74976,
              42.26666
            ],
            [
              -83.74965,
              42.26677
            ],
            [
              -83.74946,
              42.26688
            ],
            [
              -83.74933,
              42.26692
            ],
            [
              -83.74929,
              42.26694
            ],
            [
              -83.74923,
              42.26695
            ]
          ],
          [
            [
              -83.74916,
              42.2663
            ],
            [
              -83.74915,
              42.26634
            ],
            [
              -83.74912,
              42.26638
            ],
            [
              -83.74903,
              42.26643
            ],
            [
              -83.74874,
              42.26643
            ],
            [
              -83.74851,
              42.26644
            ],
            [
              -83.74841,
              42.26642
            ],
            [
              -83.74833,
              42.26635
            ],
            [
              -83.74832,
              42.26633
            ],
            [
              -83.74832,
              42.26591
            ],
            [
              -83.7482,
              42.26591
            ],
            [
              -83.7482,
              42.26589
            ],
            [
              -83.74832,
              42.26589
            ],
            [
              -83.74831,
              42.26577
            ],
            [
              -83.74831,
              42.26544
            ],
            [
              -83.74832,
              42.26541
            ],
            [
              -83.74835,
              42.26538
            ],
            [
              -83.74844,
              42.26534
            ],
            [
              -83.74856,
              42.26533
            ],
            [
              -83.749,
              42.26533
            ],
            [
              -83.74908,
              42.26536
            ],
            [
              -83.74912,
              42.2654
            ],
            [
              -83.74914,
              42.26546
            ],
            [
              -83.74916,
              42.2663
            ]
          ]
        ]
      }
    },
    {
      "type": "Feature",
      "properties": {
        "name": "Arbor Lakes 1",
        "preferredName": "Arbor Lakes",
        "slug": "arbor-lakes-1",
        "acronym": "AL",
        "category": "Administrative",
        "floors": 2
      },
      "geometry": {
        "type": "Polygon",
        "coordinates": [
          [
            [
              -83.67657,
              42.31124
            ],
            [
              -83.67599,
              42.31125
            ],
            [
              -83.67598,
              42.31092
            ],
            [
              -83.67602,
              42.31092
            ],
            [
              -83.67602,
              42.31087
            ],
            [
              -83.6761,
              42.31087
            ],
            [
              -83.67611,
              42.31092
            ],
            [
              -83.67656,
              42.31091
            ],
            [
              -83.67657,
              42.31114
            ],
            [
              -83.6766,
              42.31114
            ],
            [
              -83.6766,
              42.31113
            ],
            [
              -83.67664,
              42.31113
            ],
            [
              -83.67664,
              42.3112
            ],
            [
              -83.6766,
              42.3112
            ],
            [
              -83.6766,
              42.31119
            ],
            [
              -83.67657,
              42.31119
            ],
            [
              -83.67657,
              42.31124
            ]
          ]
        ]
      }
    },
    {
      "type": "Feature",
      "properties": {
        "name": "Boyer Building",
        "slug": "boyer-building",
        "category": "Administrative",
        "floors": 3
      },
      "geometry": {
        "type": "Polygon",
        "coordinates": [
          [
            [
              -83.7471,
              42.2699
            ],
            [
              -83.74692,
              42.2699
            ],
            [
              -83.74691,
              42.26962
            ],
            [
              -83.7471,
              42.26961
            ],
            [
              -83.7471,
              42.2699
            ]
          ]
        ]
      }
    },
    {
      "type": "Feature",
      "properties": {
        "name": "Undergraduate Science Building",
        "slug": "undergraduate-science-building",
        "acronym": "USB",
        "category": "Academic",
        "floors": 4
      },
      "geometry": {
        "type": "Polygon",
        "coordinates": [
          [
            [
              -83.73541,
              42.27957
            ],
            [
              -83.73543,
              42.28012
            ],
            [
              -83.73539,
              42.28012
            ],
            [
              -83.73539,
              42.28015
            ],
            [
              -83.73483,
              42.28016
            ],
            [
              -83.73483,
              42.28013
            ],
            [
              -83.73424,
              42.28014
            ],
            [
              -83.73424,
              42.28012
            ],
            [
              -83.73427,
              42.2801
            ],
            [
              -83.73421,
              42.28004
            ],
            [
              -83.73425,
              42.28001
            ],
            [
              -83.73511,
              42.27999
            ],
            [
              -83.73509,
              42.27955
            ],
            [
              -83.73513,
              42.27955
            ],
            [
              -83.73513,
              42.27952
            ],
            [
              -83.73537,
              42.27951
            ],
            [
              -83.73537,
              42.2795
            ],
            [
              -83.73561,
              42.2795
            ],
            [
              -83.73561,
              42.27956
            ],
            [
              -83.73541,
              42.27957
            ]
          ]
        ]
      }
    },
    {
      "type": "Feature",
      "properties": {
        "name": "Alfred A. Taubman Biomedical Science Research Bldg",
        "preferredName": "Taubman Biomedical Science Research Building",
        "slug": "alfred-a-taubman-biomedical-science-research-bldg",
        "acronym": "BSRB",
        "category": "Medical",
        "floors": 6
      },
      "geometry": {
        "type": "Polygon",
        "coordinates": [
          [
            [
              -83.73528,
              42.28151
            ],
            [
              -83.73529,
              42.28203
            ],
            [
              -83.73511,
              42.28204
            ],
            [
              -83.73512,
              42.28212
            ],
            [
              -83.73496,
              42.28212
            ],
            [
              -83.73496,
              42.28209
            ],
            [
              -83.73493,
              42.28209
            ],
            [
              -83.73493,
              42.28214
            ],
            [
              -83.73397,
              42.28217
            ],
            [
              -83.73397,
              42.28219
            ],
            [
              -83.73382,
              42.28222
            ],
            [
              -83.73381,
              42.28217
            ],
            [
              -83.73378,
              42.28217
            ],
            [
              -83.73373,
              42.28193
            ],
            [
              -83.7339,
              42.28193
            ],
            [
              -83.73387,
              42.28184
            ],
            [
              -83.7338,
              42.28185
            ],
            [
              -83.73372,
              42.28179
            ],
            [
              -83.73398,
              42.28176
            ],
            [
              -83.73397,
              42.28171
            ],
            [
              -83.73392,
              42.28167
            ],
            [
              -83.73392,
              42.28162
            ],
            [
              -83.73397,
              42.28157
            ],
            [
              -83.73399,
              42.28157
            ],
            [
              -83.734,
              42.28156
            ],
            [
              -83.73404,
              42.28155
            ],
            [
              -83.73415,
              42.28155
            ],
            [
              -83.73415,
              42.28153
            ],
            [
              -83.73423,
              42.28155
            ],
            [
              -83.73427,
              42.28158
            ],
            [
              -83.73428,
              42.28158
            ],
            [
              -83.73428,
              42.28159
            ],
            [
              -83.7343,
              42.28161
            ],
            [
              -83.7343,
              42.28166
            ],
            [
              -83.73429,
              42.28168
            ],
            [
              -83.73425,
              42.28172
            ],
            [
              -83.73417,
              42.28175
            ],
            [
              -83.73412,
              42.28175
            ],
            [
              -83.73412,
              42.28177
            ],
            [
              -83.73425,
              42.28179
            ],
            [
              -83.73439,
              42.28179
            ],
            [
              -83.73451,
              42.28177
            ],
            [
              -83.73462,
              42.28177
            ],
            [
              -83.73469,
              42.28176
            ],
            [
              -83.73475,
              42.28172
            ],
            [
              -83.73477,
              42.28168
            ],
            [
              -83.73479,
              42.28151
            ],
            [
              -83.73482,
              42.2815
            ],
            [
              -83.73489,
              42.28155
            ],
            [
              -83.73488,
              42.28162
            ],
            [
              -83.73494,
              42.28163
            ],
            [
              -83.73497,
              42.28163
            ],
            [
              -83.73498,
              42.28155
            ],
            [
              -83.73528,
              42.28151
            ]
          ]
        ]
      }
    },
    {
      "type": "Feature",
      "properties": {
        "name": "W. K. Kellogg Eye Center",
        "preferredName": "Kellogg Eye Center",
        "slug": "w-k-kellogg-eye-center-1",
        "acronym": "KEC",
        "category": "Medical",
        "floors": 4
      },
      "geometry": {
        "type": "Polygon",
        "coordinates": [
          [
            [
              -83.73717,
              42.28799
            ],
            [
              -83.7372,
              42.28795
            ],
            [
              -83.73685,
              42.28782
            ],
            [
              -83.73677,
              42.28792
            ],
            [
              -83.73674,
              42.28798
            ],
            [
              -83.73708,
              42.28811
            ],
            [
              -83.73717,
              42.28799
            ]
          ]
        ]
      }
    },
    {
      "type": "Feature",
      "properties": {
        "name": "Executive Residence",
        "preferredName": "Executive Residence (Ross Business School)",
        "slug": "executive-residence",
        "category": "Administrative",
        "floors": 2
      },
      "geometry": {
        "type": "Polygon",
        "coordinates": [
          [
            [
              -83.73622,
              42.27297
            ],
            [
              -83.7362,
              42.27256
            ],
            [
              -83.73602,
              42.27256
            ],
            [
              -83.73603,
              42.27258
            ],
            [
              -83.73603,
              42.27263
            ],
            [
              -83.73595,
              42.27263
            ],
            [
              -83.73596,
              42.2729
            ],
            [
              -83.73602,
              42.2729
            ],
            [
              -83.73602,
              42.27297
            ],
            [
              -83.73622,
              42.27297
            ]
          ]
        ]
      }
    },
    {
      "type": "Feature",
      "properties": {
        "name": "Sam Wyly Hall",
        "preferredName": "Wyly Hall (Business School)",
        "slug": "sam-wyly-hall",
        "acronym": "W-BUS",
        "category": "Academic",
        "floors": 2
      },
      "geometry": {
        "type": "Polygon",
        "coordinates": [
          [
            [
              -83.73594,
              42.27256
            ],
            [
              -83.73594,
              42.27225
            ],
            [
              -83.73598,
              42.27225
            ],
            [
              -83.73598,
              42.27221
            ],
            [
              -83.73603,
              42.27221
            ],
            [
              -83.73603,
              42.27218
            ],
            [
              -83.7362,
              42.27218
            ],
            [
              -83.7362,
              42.27221
            ],
            [
              -83.73631,
              42.27221
            ],
            [
              -83.73632,
              42.27256
            ],
            [
              -83.73594,
              42.27256
            ]
          ]
        ]
      }
    },
    {
      "type": "Feature",
      "properties": {
        "name": "Kresge Hall",
        "preferredName": "Kresge (Business School)",
        "slug": "kresge-hall",
        "acronym": "K-BUS",
        "category": "Library/Museum",
        "floors": 2
      },
      "geometry": {
        "type": "Polygon",
        "coordinates": [
          [
            [
              -83.73713,
              42.27303
            ],
            [
              -83.73684,
              42.27304
            ],
            [
              -83.73684,
              42.27301
            ],
            [
              -83.73664,
              42.27301
            ],
            [
              -83.73663,
              42.27267
            ],
            [
              -83.73712,
              42.27266
            ],
            [
              -83.73713,
              42.27303
            ]
          ]
        ]
      }
    },
    {
      "type": "Feature",
      "properties": {
        "name": "Thayer Academic Building",
        "slug": "thayer-academic-building",
        "acronym": "STB",
        "category": "Academic",
        "floors": 6
      },
      "geometry": {
        "type": "Polygon",
        "coordinates": [
          [
            [
              -83.74021,
              42.28021
            ],
            [
              -83.73977,
              42.28022
            ],
            [
              -83.73975,
              42.27999
            ],
            [
              -83.7401,
              42.27998
            ],
            [
              -83.7401,
              42.28001
            ],
            [
              -83.74019,
              42.28
            ],
            [
              -83.74021,
              42.28021
            ]
          ]
        ]
      }
    },
    {
      "type": "Feature",
      "properties": {
        "name": "Bob and Betty Beyster Building",
        "slug": "bob-and-betty-beyster-building",
        "acronym": "BEYST",
        "category": "Academic",
        "floors": 4,
        "displayAcronym": "BBB"
      },
      "geometry": {
        "type": "Polygon",
        "coordinates": [
          [
            [
              -83.71579,
              42.2929
            ],
            [
              -83.71581,
              42.2929
            ],
            [
              -83.71581,
              42.29291
            ],
            [
              -83.71613,
              42.29292
            ],
            [
              -83.71613,
              42.29314
            ],
            [
              -83.71604,
              42.29314
            ],
            [
              -83.71604,
              42.2933
            ],
            [
              -83.71611,
              42.2933
            ],
            [
              -83.71611,
              42.29336
            ],
            [
              -83.71618,
              42.29336
            ],
            [
              -83.71618,
              42.29319
            ],
            [
              -83.71636,
              42.29319
            ],
            [
              -83.71636,
              42.29335
            ],
            [
              -83.71655,
              42.29335
            ],
            [
              -83.71656,
              42.29316
            ],
            [
              -83.71656,
              42.29267
            ],
            [
              -83.7161,
              42.29267
            ],
            [
              -83.7161,
              42.29279
            ],
            [
              -83.71592,
              42.29279
            ],
            [
              -83.71592,
              42.29268
            ],
            [
              -83.71579,
              42.29268
            ],
            [
              -83.71579,
              42.2929
            ]
          ]
        ]
      }
    },
    {
      "type": "Feature",
      "properties": {
        "name": "Charles R. Walgreen Jr Drama Center",
        "preferredName": "Walgreen Drama Center",
        "slug": "charles-r-walgreen-jr-drama-center",
        "acronym": "WDC",
        "category": "Student Life",
        "floors": 2
      },
      "geometry": {
        "type": "Polygon",
        "coordinates": [
          [
            [
              -83.71677,
              42.29216
            ],
            [
              -83.71678,
              42.29203
            ],
            [
              -83.71673,
              42.29203
            ],
            [
              -83.71673,
              42.29183
            ],
            [
              -83.7177,
              42.29183
            ],
            [
              -83.7177,
              42.29167
            ],
            [
              -83.71777,
              42.29167
            ],
            [
              -83.71777,
              42.29165
            ],
            [
              -83.71816,
              42.29165
            ],
            [
              -83.71816,
              42.29186
            ],
            [
              -83.71812,
              42.29186
            ],
            [
              -83.71812,
              42.29204
            ],
            [
              -83.71771,
              42.29204
            ],
            [
              -83.71771,
              42.29207
            ],
            [
              -83.71705,
              42.29207
            ],
            [
              -83.71705,
              42.29216
            ],
            [
              -83.71677,
              42.29216
            ]
          ]
        ]
      }
    },
    {
      "type": "Feature",
      "properties": {
        "name": "Joan & Sanford Weill Hall",
        "preferredName": "Weill Hall (Ford School)",
        "slug": "joan-sanford-weill-hall",
        "acronym": "WEILL",
        "category": "Academic",
        "floors": 3
      },
      "geometry": {
        "type": "Polygon",
        "coordinates": [
          [
            [
              -83.74049,
              42.27266
            ],
            [
              -83.74027,
              42.27266
            ],
            [
              -83.74027,
              42.27263
            ],
            [
              -83.74007,
              42.27263
            ],
            [
              -83.74007,
              42.2725
            ],
            [
              -83.74031,
              42.2725
            ],
            [
              -83.7403,
              42.2723
            ],
            [
              -83.74025,
              42.2723
            ],
            [
              -83.74025,
              42.27228
            ],
            [
              -83.74007,
              42.27228
            ],
            [
              -83.74007,
              42.27215
            ],
            [
              -83.74018,
              42.27215
            ],
            [
              -83.74017,
              42.27213
            ],
            [
              -83.74026,
              42.27213
            ],
            [
              -83.74026,
              42.27214
            ],
            [
              -83.74039,
              42.27214
            ],
            [
              -83.74039,
              42.27217
            ],
            [
              -83.74049,
              42.27217
            ],
            [
              -83.74049,
              42.27249
            ],
            [
              -83.7405,
              42.27249
            ],
            [
              -83.74051,
              42.27263
            ],
            [
              -83.74049,
              42.27263
            ],
            [
              -83.74049,
              42.27266
            ]
          ]
        ]
      }
    },
    {
      "type": "Feature",
      "properties": {
        "name": "Stephen M. Ross Academic Center",
        "preferredName": "Academic Center",
        "slug": "stephen-m-ross-academic-center",
        "acronym": "ROSS AC",
        "category": "Academic",
        "floors": 4
      },
      "geometry": {
        "type": "Polygon",
        "coordinates": [
          [
            [
              -83.74073,
              42.26855
            ],
            [
              -83.74073,
              42.26852
            ],
            [
              -83.74075,
              42.26852
            ],
            [
              -83.74074,
              42.26844
            ],
            [
              -83.74093,
              42.26844
            ],
            [
              -83.74093,
              42.26843
            ],
            [
              -83.74112,
              42.26842
            ],
            [
              -83.74113,
              42.26843
            ],
            [
              -83.74125,
              42.26843
            ],
            [
              -83.74125,
              42.26844
            ],
            [
              -83.74132,
              42.26844
            ],
            [
              -83.74133,
              42.26856
            ],
            [
              -83.74126,
              42.26856
            ],
            [
              -83.74126,
              42.2686
            ],
            [
              -83.74116,
              42.2686
            ],
            [
              -83.74116,
              42.26856
            ],
            [
              -83.74106,
              42.26857
            ],
            [
              -83.74107,
              42.26869
            ],
            [
              -83.74103,
              42.26869
            ],
            [
              -83.74104,
              42.26883
            ],
            [
              -83.74097,
              42.26883
            ],
            [
              -83.74098,
              42.26887
            ],
            [
              -83.74088,
              42.26887
            ],
            [
              -83.74088,
              42.26881
            ],
            [
              -83.74081,
              42.26882
            ],
            [
              -83.7408,
              42.26855
            ],
            [
              -83.74073,
              42.26855
            ]
          ]
        ]
      }
    },
    {
      "type": "Feature",
      "properties": {
        "name": "Rachel Upjohn Building",
        "slug": "rachel-upjohn-building",
        "category": "Medical",
        "floors": 4
      },
      "geometry": {
        "type": "Polygon",
        "coordinates": [
          [
            [
              -83.67582,
              42.30756
            ],
            [
              -83.67572,
              42.30754
            ],
            [
              -83.67572,
              42.30752
            ],
            [
              -83.67575,
              42.30753
            ],
            [
              -83.67581,
              42.30734
            ],
            [
              -83.67563,
              42.30732
            ],
            [
              -83.67563,
              42.3073
            ],
            [
              -83.67559,
              42.3073
            ],
            [
              -83.67559,
              42.30733
            ],
            [
              -83.67544,
              42.30733
            ],
            [
              -83.67544,
              42.30731
            ],
            [
              -83.67535,
              42.30732
            ],
            [
              -83.67525,
              42.30735
            ],
            [
              -83.67508,
              42.30742
            ],
            [
              -83.67491,
              42.30751
            ],
            [
              -83.67479,
              42.30759
            ],
            [
              -83.67486,
              42.30764
            ],
            [
              -83.67478,
              42.30772
            ],
            [
              -83.67482,
              42.3078
            ],
            [
              -83.6747,
              42.30784
            ],
            [
              -83.67471,
              42.30787
            ],
            [
              -83.67467,
              42.30788
            ],
            [
              -83.67473,
              42.30797
            ],
            [
              -83.67476,
              42.30796
            ],
            [
              -83.67482,
              42.30804
            ],
            [
              -83.67491,
              42.30801
            ],
            [
              -83.67492,
              42.30802
            ],
            [
              -83.67496,
              42.30802
            ],
            [
              -83.67503,
              42.30799
            ],
            [
              -83.67503,
              42.30797
            ],
            [
              -83.67522,
              42.30791
            ],
            [
              -83.67523,
              42.30792
            ],
            [
              -83.67527,
              42.30792
            ],
            [
              -83.67534,
              42.30789
            ],
            [
              -83.67533,
              42.30787
            ],
            [
              -83.67549,
              42.30782
            ],
            [
              -83.67551,
              42.30785
            ],
            [
              -83.67557,
              42.30783
            ],
            [
              -83.67555,
              42.3078
            ],
            [
              -83.67565,
              42.30775
            ],
            [
              -83.67576,
              42.30765
            ],
            [
              -83.67582,
              42.30756
            ]
          ]
        ]
      }
    },
    {
      "type": "Feature",
      "properties": {
        "name": "Aerospace Engineering Lab Plasma Research",
        "preferredName": "Wilson Center (FXB)",
        "slug": "aerospace-engineering-lab-plasma-research",
        "category": "Academic",
        "floors": 2,
        "hideMapMarker": true
      },
      "geometry": {
        "type": "Point",
        "coordinates": [
          -83.71093,
          42.29293
        ]
      }
    },
    {
      "type": "Feature",
      "properties": {
        "name": "Samuel And Jean Frankel Cardiovascular Center",
        "preferredName": "Frankel Cardiovascular Center",
        "slug": "samuel-and-jean-frankel-cardiovascular-center-1",
        "acronym": "CVC",
        "category": "Medical",
        "floors": 7
      },
      "geometry": {
        "type": "Polygon",
        "coordinates": [
          [
            [
              -83.73149,
              42.28389
            ],
            [
              -83.73099,
              42.2839
            ],
            [
              -83.73099,
              42.28387
            ],
            [
              -83.7307,
              42.28387
            ],
            [
              -83.73069,
              42.28331
            ],
            [
              -83.7307,
              42.28327
            ],
            [
              -83.73071,
              42.283
            ],
            [
              -83.73072,
              42.28293
            ],
            [
              -83.73081,
              42.2829
            ],
            [
              -83.73065,
              42.28282
            ],
            [
              -83.73077,
              42.28271
            ],
            [
              -83.7308,
              42.28273
            ],
            [
              -83.73085,
              42.2827
            ],
            [
              -83.73088,
              42.28272
            ],
            [
              -83.73093,
              42.28269
            ],
            [
              -83.73096,
              42.28271
            ],
            [
              -83.73101,
              42.28268
            ],
            [
              -83.73121,
              42.28289
            ],
            [
              -83.73142,
              42.2829
            ],
            [
              -83.73162,
              42.28294
            ],
            [
              -83.7317,
              42.28297
            ],
            [
              -83.7316,
              42.28316
            ],
            [
              -83.73162,
              42.28318
            ],
            [
              -83.73165,
              42.28319
            ],
            [
              -83.73166,
              42.28322
            ],
            [
              -83.73166,
              42.28327
            ],
            [
              -83.73165,
              42.28329
            ],
            [
              -83.73159,
              42.28333
            ],
            [
              -83.73151,
              42.28334
            ],
            [
              -83.73149,
              42.28338
            ],
            [
              -83.73146,
              42.28358
            ],
            [
              -83.73146,
              42.2837
            ],
            [
              -83.73149,
              42.28389
            ]
          ]
        ]
      }
    },
    {
      "type": "Feature",
      "properties": {
        "name": "Laurel Harper Seeley Hall",
        "preferredName": "Oxford Housing",
        "slug": "laurel-harper-seeley-hall",
        "category": "Housing",
        "floors": 3,
        "hide3d": true
      },
      "geometry": {
        "type": "Polygon",
        "coordinates": [
          [
            [
              -83.72508,
              42.27454
            ],
            [
              -83.72488,
              42.27455
            ],
            [
              -83.72488,
              42.27425
            ],
            [
              -83.72519,
              42.27425
            ],
            [
              -83.72519,
              42.27401
            ],
            [
              -83.7254,
              42.27401
            ],
            [
              -83.7254,
              42.2743
            ],
            [
              -83.7252,
              42.2743
            ],
            [
              -83.7252,
              42.27433
            ],
            [
              -83.72513,
              42.27433
            ],
            [
              -83.72513,
              42.2743
            ],
            [
              -83.72508,
              42.2743
            ],
            [
              -83.72508,
              42.27454
            ]
          ]
        ]
      }
    },
    {
      "type": "Feature",
      "properties": {
        "name": "Research Museums Center",
        "slug": "research-museums-center",
        "acronym": "RMC",
        "category": "Library/Museum",
        "floors": 2
      },
      "geometry": {
        "type": "Polygon",
        "coordinates": [
          [
            [
              -83.7295,
              42.23652
            ],
            [
              -83.72948,
              42.23609
            ],
            [
              -83.729,
              42.2361
            ],
            [
              -83.72899,
              42.23599
            ],
            [
              -83.72747,
              42.23603
            ],
            [
              -83.72747,
              42.23613
            ],
            [
              -83.72714,
              42.23614
            ],
            [
              -83.72717,
              42.23677
            ],
            [
              -83.72862,
              42.23674
            ],
            [
              -83.72862,
              42.23673
            ],
            [
              -83.72882,
              42.23672
            ],
            [
              -83.72882,
              42.23663
            ],
            [
              -83.72909,
              42.23663
            ],
            [
              -83.72909,
              42.23653
            ],
            [
              -83.7295,
              42.23652
            ]
          ]
        ]
      }
    },
    {
      "type": "Feature",
      "properties": {
        "name": "North Campus Housing Service Bld",
        "preferredName": "North Campus Service Building I",
        "slug": "north-campus-housing-service-bld",
        "category": "Administrative",
        "floors": 1
      },
      "geometry": {
        "type": "Polygon",
        "coordinates": [
          [
            [
              -83.69611,
              42.29869
            ],
            [
              -83.69565,
              42.29869
            ],
            [
              -83.69566,
              42.29813
            ],
            [
              -83.69583,
              42.29813
            ],
            [
              -83.69583,
              42.29806
            ],
            [
              -83.69599,
              42.29806
            ],
            [
              -83.69599,
              42.29813
            ],
            [
              -83.69611,
              42.29813
            ],
            [
              -83.69611,
              42.29869
            ]
          ]
        ]
      }
    },
    {
      "type": "Feature",
      "properties": {
        "name": "Physical Properties Building",
        "slug": "physical-properties-building",
        "category": "Administrative",
        "floors": 2
      },
      "geometry": {
        "type": "Polygon",
        "coordinates": [
          [
            [
              -83.74641,
              42.26937
            ],
            [
              -83.74625,
              42.26937
            ],
            [
              -83.74625,
              42.26917
            ],
            [
              -83.74641,
              42.26917
            ],
            [
              -83.74641,
              42.26937
            ]
          ]
        ]
      }
    },
    {
      "type": "Feature",
      "properties": {
        "name": "North Campus Facilities Services Building",
        "slug": "north-campus-facilities-services-building",
        "category": "Administrative",
        "floors": 1
      },
      "geometry": {
        "type": "Polygon",
        "coordinates": [
          [
            [
              -83.69817,
              42.29895
            ],
            [
              -83.69766,
              42.29895
            ],
            [
              -83.69766,
              42.2982
            ],
            [
              -83.69768,
              42.2982
            ],
            [
              -83.69768,
              42.29812
            ],
            [
              -83.69792,
              42.29812
            ],
            [
              -83.69792,
              42.2982
            ],
            [
              -83.69812,
              42.2982
            ],
            [
              -83.69812,
              42.29889
            ],
            [
              -83.69817,
              42.29889
            ],
            [
              -83.69817,
              42.29895
            ]
          ]
        ]
      }
    },
    {
      "type": "Feature",
      "properties": {
        "name": "1027 East Huron Building",
        "preferredName": "1027 E. Huron Building",
        "slug": "1027-east-huron-building",
        "category": "Administrative",
        "floors": 3
      },
      "geometry": {
        "type": "Polygon",
        "coordinates": [
          [
            [
              -83.73597,
              42.2819
            ],
            [
              -83.7358,
              42.2819
            ],
            [
              -83.7358,
              42.28183
            ],
            [
              -83.73597,
              42.28183
            ],
            [
              -83.73597,
              42.2819
            ]
          ]
        ]
      }
    },
    {
      "type": "Feature",
      "properties": {
        "name": "Mason Hall",
        "slug": "mason-hall",
        "acronym": "MH",
        "category": "Academic",
        "floors": 4,
        "hide3d": true
      },
      "geometry": {
        "type": "Polygon",
        "coordinates": [
          [
            [
              -83.73933,
              42.27677
            ],
            [
              -83.73933,
              42.27682
            ],
            [
              -83.73913,
              42.27682
            ],
            [
              -83.73914,
              42.27737
            ],
            [
              -83.7393,
              42.27737
            ],
            [
              -83.7393,
              42.27741
            ],
            [
              -83.73938,
              42.27741
            ],
            [
              -83.73938,
              42.27731
            ],
            [
              -83.73983,
              42.2773
            ],
            [
              -83.73983,
              42.27728
            ],
            [
              -83.7399,
              42.27728
            ],
            [
              -83.7399,
              42.27725
            ],
            [
              -83.73991,
              42.27725
            ],
            [
              -83.73991,
              42.27719
            ],
            [
              -83.73987,
              42.27719
            ],
            [
              -83.73987,
              42.27697
            ],
            [
              -83.73986,
              42.27677
            ],
            [
              -83.73933,
              42.27677
            ]
          ]
        ]
      }
    },
    {
      "type": "Feature",
      "properties": {
        "name": "Haven Hall",
        "slug": "haven-hall",
        "acronym": "HH",
        "category": "Academic",
        "floors": 8
      },
      "geometry": {
        "type": "Polygon",
        "coordinates": [
          [
            [
              -83.73921,
              42.27682
            ],
            [
              -83.73916,
              42.27682
            ],
            [
              -83.73916,
              42.27677
            ],
            [
              -83.73913,
              42.27677
            ],
            [
              -83.73912,
              42.27667
            ],
            [
              -83.73911,
              42.27612
            ],
            [
              -83.73916,
              42.27611
            ],
            [
              -83.7392,
              42.27611
            ],
            [
              -83.7392,
              42.27612
            ],
            [
              -83.73933,
              42.27612
            ],
            [
              -83.73934,
              42.27639
            ],
            [
              -83.73934,
              42.27662
            ],
            [
              -83.73932,
              42.27662
            ],
            [
              -83.73933,
              42.27682
            ],
            [
              -83.73921,
              42.27682
            ]
          ]
        ]
      }
    },
    {
      "type": "Feature",
      "properties": {
        "name": "1327 Geddes Avenue",
        "preferredName": "1327 Geddes Building",
        "slug": "1327-geddes-avenue",
        "category": "Academic",
        "floors": 2
      },
      "geometry": {
        "type": "Polygon",
        "coordinates": [
          [
            [
              -83.73206,
              42.27773
            ],
            [
              -83.73206,
              42.2776
            ],
            [
              -83.73214,
              42.2776
            ],
            [
              -83.73215,
              42.27773
            ],
            [
              -83.73206,
              42.27773
            ]
          ]
        ]
      }
    },
    {
      "type": "Feature",
      "properties": {
        "name": "North Campus Research Complex Building 100",
        "slug": "north-campus-research-complex-building-100",
        "category": "Academic",
        "floors": 3
      },
      "geometry": {
        "type": "Polygon",
        "coordinates": [
          [
            [
              -83.70306,
              42.30109
            ],
            [
              -83.70306,
              42.30119
            ],
            [
              -83.70336,
              42.30119
            ],
            [
              -83.70336,
              42.30083
            ],
            [
              -83.70306,
              42.30083
            ],
            [
              -83.70306,
              42.30109
            ]
          ]
        ]
      }
    },
    {
      "type": "Feature",
      "properties": {
        "name": "Shared Services Center",
        "slug": "shared-services-center",
        "category": "Administrative",
        "floors": 3
      },
      "geometry": {
        "type": "Polygon",
        "coordinates": [
          [
            [
              -83.73221,
              42.23854
            ],
            [
              -83.73223,
              42.23898
            ],
            [
              -83.73192,
              42.23899
            ],
            [
              -83.7319,
              42.23857
            ],
            [
              -83.73201,
              42.23857
            ],
            [
              -83.73201,
              42.23854
            ],
            [
              -83.73221,
              42.23854
            ]
          ]
        ]
      }
    },
    {
      "type": "Feature",
      "properties": {
        "name": "Stephen M. Ross School Of Business Building",
        "preferredName": "Ross School of Business",
        "slug": "stephen-m-ross-school-of-business-building",
        "acronym": "R-BUS",
        "category": "Academic",
        "floors": 5
      },
      "geometry": {
        "type": "Polygon",
        "coordinates": [
          [
            [
              -83.73762,
              42.27219
            ],
            [
              -83.73762,
              42.27214
            ],
            [
              -83.73767,
              42.27214
            ],
            [
              -83.73767,
              42.27219
            ],
            [
              -83.73789,
              42.27219
            ],
            [
              -83.73789,
              42.27226
            ],
            [
              -83.73792,
              42.27226
            ],
            [
              -83.73792,
              42.27228
            ],
            [
              -83.73789,
              42.27228
            ],
            [
              -83.73789,
              42.27235
            ],
            [
              -83.73799,
              42.27235
            ],
            [
              -83.73799,
              42.27238
            ],
            [
              -83.73789,
              42.27238
            ],
            [
              -83.73789,
              42.27245
            ],
            [
              -83.73795,
              42.27245
            ],
            [
              -83.73795,
              42.27248
            ],
            [
              -83.7379,
              42.27248
            ],
            [
              -83.73791,
              42.27287
            ],
            [
              -83.73789,
              42.27287
            ],
            [
              -83.73789,
              42.27288
            ],
            [
              -83.73793,
              42.27288
            ],
            [
              -83.73794,
              42.27324
            ],
            [
              -83.73772,
              42.27324
            ],
            [
              -83.73772,
              42.27303
            ],
            [
              -83.73749,
              42.27303
            ],
            [
              -83.73749,
              42.27308
            ],
            [
              -83.73744,
              42.27308
            ],
            [
              -83.73743,
              42.27304
            ],
            [
              -83.73719,
              42.27304
            ],
            [
              -83.73718,
              42.27261
            ],
            [
              -83.73735,
              42.27261
            ],
            [
              -83.73735,
              42.27255
            ],
            [
              -83.73731,
              42.27255
            ],
            [
              -83.7373,
              42.27238
            ],
            [
              -83.73735,
              42.27237
            ],
            [
              -83.73735,
              42.27216
            ],
            [
              -83.73746,
              42.27216
            ],
            [
              -83.73746,
              42.27219
            ],
            [
              -83.73762,
              42.27219
            ]
          ]
        ]
      }
    },
    {
      "type": "Feature",
      "properties": {
        "name": "Church St Parking Structure",
        "slug": "church-st-parking-structure",
        "category": "Parking",
        "floors": 6
      },
      "geometry": {
        "type": "Polygon",
        "coordinates": [
          [
            [
              -83.73451,
              42.27634
            ],
            [
              -83.7339,
              42.27635
            ],
            [
              -83.7339,
              42.27609
            ],
            [
              -83.73388,
              42.27551
            ],
            [
              -83.73439,
              42.27551
            ],
            [
              -83.73439,
              42.27548
            ],
            [
              -83.73449,
              42.27548
            ],
            [
              -83.73451,
              42.27634
            ]
          ]
        ]
      }
    },
    {
      "type": "Feature",
      "properties": {
        "name": "Brehm Tower",
        "slug": "brehm-tower",
        "category": "Medical",
        "floors": 8
      },
      "geometry": {
        "type": "Polygon",
        "coordinates": [
          [
            [
              -83.7371,
              42.28809
            ],
            [
              -83.73713,
              42.2881
            ],
            [
              -83.73696,
              42.28833
            ],
            [
              -83.737,
              42.28835
            ],
            [
              -83.73696,
              42.2884
            ],
            [
              -83.73701,
              42.28843
            ],
            [
              -83.73699,
              42.28845
            ],
            [
              -83.73711,
              42.2885
            ],
            [
              -83.73712,
              42.28848
            ],
            [
              -83.73733,
              42.28856
            ],
            [
              -83.73765,
              42.28812
            ],
            [
              -83.73727,
              42.28796
            ],
            [
              -83.73723,
              42.28802
            ],
            [
              -83.73717,
              42.28799
            ],
            [
              -83.7371,
              42.28809
            ]
          ]
        ]
      }
    },
    {
      "type": "Feature",
      "properties": {
        "name": "North Quadrangle Residential And Academic Complex",
        "preferredName": "North Quad",
        "slug": "north-quadrangle-residential-and-academic-complex",
        "acronym": "NQ",
        "category": "Housing",
        "floors": 10,
        "hide3d": true
      },
      "geometry": {
        "type": "Polygon",
        "coordinates": [
          [
            [
              -83.73981,
              42.2804
            ],
            [
              -83.73998,
              42.2804
            ],
            [
              -83.73998,
              42.28042
            ],
            [
              -83.74056,
              42.2804
            ],
            [
              -83.74056,
              42.28038
            ],
            [
              -83.74073,
              42.28038
            ],
            [
              -83.74075,
              42.28081
            ],
            [
              -83.74058,
              42.28081
            ],
            [
              -83.74057,
              42.28058
            ],
            [
              -83.73998,
              42.28059
            ],
            [
              -83.73999,
              42.28068
            ],
            [
              -83.73994,
              42.28069
            ],
            [
              -83.73982,
              42.28069
            ],
            [
              -83.73981,
              42.2804
            ]
          ]
        ]
      }
    },
    {
      "type": "Feature",
      "properties": {
        "name": "Junge Family Champions Center & Mortenson Plaza",
        "preferredName": "Junge Champions Center",
        "slug": "junge-family-champions-center-mortenson-plaza",
        "category": "Athletic",
        "floors": 3
      },
      "geometry": {
        "type": "Polygon",
        "coordinates": [
          [
            [
              -83.74691,
              42.26557
            ],
            [
              -83.74694,
              42.26556
            ],
            [
              -83.74697,
              42.26558
            ],
            [
              -83.74705,
              42.26561
            ],
            [
              -83.74711,
              42.26565
            ],
            [
              -83.7473,
              42.26564
            ],
            [
              -83.7473,
              42.2656
            ],
            [
              -83.74733,
              42.2656
            ],
            [
              -83.74733,
              42.26549
            ],
            [
              -83.74723,
              42.26545
            ],
            [
              -83.74712,
              42.26539
            ],
            [
              -83.74708,
              42.26543
            ],
            [
              -83.747,
              42.26548
            ],
            [
              -83.74689,
              42.26552
            ],
            [
              -83.74691,
              42.26557
            ]
          ]
        ]
      }
    },
    {
      "type": "Feature",
      "properties": {
        "name": "Nuclear Engineering Laboratories",
        "slug": "nuclear-engineering-laboratories",
        "category": "Academic",
        "floors": 2
      },
      "geometry": {
        "type": "Polygon",
        "coordinates": [
          [
            [
              -83.71454,
              42.29118
            ],
            [
              -83.71482,
              42.29118
            ],
            [
              -83.71482,
              42.29134
            ],
            [
              -83.71476,
              42.29134
            ],
            [
              -83.71476,
              42.29138
            ],
            [
              -83.71454,
              42.29138
            ],
            [
              -83.71454,
              42.29118
            ]
          ]
        ]
      }
    },
    {
      "type": "Feature",
      "properties": {
        "name": "Wilson Student Team Project Center",
        "preferredName": "Wilson Center",
        "slug": "wilson-student-team-project-center-1",
        "category": "Academic",
        "floors": 2,
        "hideMapMarker": true
      },
      "geometry": {
        "type": "Point",
        "coordinates": [
          -83.7108,
          42.29348
        ]
      }
    },
    {
      "type": "Feature",
      "properties": {
        "name": "305 W Liberty",
        "slug": "305-w-liberty",
        "category": "Academic",
        "floors": 3
      },
      "geometry": {
        "type": "Polygon",
        "coordinates": [
          [
            [
              -83.75137,
              42.27912
            ],
            [
              -83.75136,
              42.27863
            ],
            [
              -83.75158,
              42.27863
            ],
            [
              -83.75158,
              42.27865
            ],
            [
              -83.75167,
              42.27865
            ],
            [
              -83.75168,
              42.27924
            ],
            [
              -83.75144,
              42.27929
            ],
            [
              -83.75137,
              42.27912
            ]
          ]
        ]
      }
    },
    {
      "type": "Feature",
      "properties": {
        "name": "Bahna Wrestling Center",
        "slug": "bahna-wrestling-center",
        "category": "Athletic",
        "floors": 2
      },
      "geometry": {
        "type": "Polygon",
        "coordinates": [
          [
            [
              -83.74336,
              42.25225
            ],
            [
              -83.74336,
              42.25212
            ],
            [
              -83.74337,
              42.252
            ],
            [
              -83.74275,
              42.252
            ],
            [
              -83.74275,
              42.25225
            ],
            [
              -83.74336,
              42.25225
            ]
          ]
        ]
      }
    },
    {
      "type": "Feature",
      "properties": {
        "name": "Detroit Center",
        "slug": "detroit-center",
        "category": "Academic",
        "floors": 3
      },
      "geometry": {
        "type": "Polygon",
        "coordinates": [
          [
            [
              -83.05907,
              42.34821
            ],
            [
              -83.05908,
              42.34819
            ],
            [
              -83.05855,
              42.3474
            ],
            [
              -83.05853,
              42.34739
            ],
            [
              -83.05823,
              42.3475
            ],
            [
              -83.05821,
              42.34754
            ],
            [
              -83.0587,
              42.34827
            ],
            [
              -83.05878,
              42.34824
            ],
            [
              -83.05882,
              42.3483
            ],
            [
              -83.05907,
              42.34821
            ]
          ]
        ]
      }
    },
    {
      "type": "Feature",
      "properties": {
        "name": "Center for the Education of Women",
        "slug": "center-for-the-education-of-women",
        "acronym": "CEW",
        "category": "Student Life",
        "floors": 4
      },
      "geometry": {
        "type": "Polygon",
        "coordinates": [
          [
            [
              -83.74528,
              42.27936
            ],
            [
              -83.74504,
              42.27935
            ],
            [
              -83.74504,
              42.27933
            ],
            [
              -83.74501,
              42.27933
            ],
            [
              -83.74502,
              42.27906
            ],
            [
              -83.74529,
              42.27906
            ],
            [
              -83.74528,
              42.27936
            ]
          ]
        ]
      }
    },
    {
      "type": "Feature",
      "properties": {
        "name": "Jeffries Hall",
        "slug": "jeffries-hall",
        "acronym": "LSSH",
        "category": "Housing",
        "floors": 3
      },
      "geometry": {
        "type": "Polygon",
        "coordinates": [
          [
            [
              -83.74046,
              42.27317
            ],
            [
              -83.74046,
              42.27306
            ],
            [
              -83.74049,
              42.27306
            ],
            [
              -83.74049,
              42.27307
            ],
            [
              -83.7405,
              42.27307
            ],
            [
              -83.7405,
              42.273
            ],
            [
              -83.74049,
              42.273
            ],
            [
              -83.74049,
              42.27301
            ],
            [
              -83.74046,
              42.27301
            ],
            [
              -83.74045,
              42.27289
            ],
            [
              -83.74029,
              42.27289
            ],
            [
              -83.74029,
              42.2729
            ],
            [
              -83.74027,
              42.2729
            ],
            [
              -83.74027,
              42.27286
            ],
            [
              -83.74009,
              42.27286
            ],
            [
              -83.74004,
              42.27287
            ],
            [
              -83.74004,
              42.27286
            ],
            [
              -83.74003,
              42.27286
            ],
            [
              -83.74003,
              42.27287
            ],
            [
              -83.73998,
              42.27287
            ],
            [
              -83.73998,
              42.27286
            ],
            [
              -83.73997,
              42.27286
            ],
            [
              -83.73997,
              42.27287
            ],
            [
              -83.73992,
              42.27287
            ],
            [
              -83.73992,
              42.27286
            ],
            [
              -83.73991,
              42.27286
            ],
            [
              -83.73991,
              42.27287
            ],
            [
              -83.73989,
              42.27287
            ],
            [
              -83.73989,
              42.27282
            ],
            [
              -83.73964,
              42.27283
            ],
            [
              -83.73965,
              42.27301
            ],
            [
              -83.73961,
              42.27301
            ],
            [
              -83.73961,
              42.27307
            ],
            [
              -83.73962,
              42.27307
            ],
            [
              -83.73962,
              42.27314
            ],
            [
              -83.73971,
              42.27314
            ],
            [
              -83.73971,
              42.27316
            ],
            [
              -83.73981,
              42.27316
            ],
            [
              -83.73981,
              42.27314
            ],
            [
              -83.73985,
              42.27314
            ],
            [
              -83.73985,
              42.27313
            ],
            [
              -83.73992,
              42.27313
            ],
            [
              -83.73992,
              42.27316
            ],
            [
              -83.73991,
              42.27316
            ],
            [
              -83.73991,
              42.27317
            ],
            [
              -83.73995,
              42.27317
            ],
            [
              -83.74,
              42.27316
            ],
            [
              -83.73999,
              42.27316
            ],
            [
              -83.73999,
              42.27312
            ],
            [
              -83.74027,
              42.27312
            ],
            [
              -83.74027,
              42.27317
            ],
            [
              -83.74029,
              42.27317
            ],
            [
              -83.74029,
              42.27318
            ],
            [
              -83.74034,
              42.27318
            ],
            [
              -83.74037,
              42.27319
            ],
            [
              -83.74039,
              42.27318
            ],
            [
              -83.74044,
              42.27318
            ],
            [
              -83.74044,
              42.27317
            ],
            [
              -83.74046,
              42.27317
            ]
          ]
        ]
      }
    },
    {
      "type": "Feature",
      "properties": {
        "name": "The Connector",
        "slug": "the-connector",
        "category": "Student Life",
        "floors": 2
      },
      "geometry": {
        "type": "Polygon",
        "coordinates": [
          [
            [
              -83.74203,
              42.27477
            ],
            [
              -83.74184,
              42.27478
            ],
            [
              -83.74184,
              42.27439
            ],
            [
              -83.74202,
              42.27439
            ],
            [
              -83.74203,
              42.27477
            ]
          ]
        ]
      }
    },
    {
      "type": "Feature",
      "properties": {
        "name": "North Campus Research Complex Building 18",
        "slug": "north-campus-research-complex-building-18",
        "category": "Academic",
        "floors": 2
      },
      "geometry": {
        "type": "Polygon",
        "coordinates": [
          [
            [
              -83.70611,
              42.30022
            ],
            [
              -83.70578,
              42.30022
            ],
            [
              -83.70578,
              42.30032
            ],
            [
              -83.70534,
              42.30031
            ],
            [
              -83.70531,
              42.30054
            ],
            [
              -83.70525,
              42.30054
            ],
            [
              -83.70518,
              42.30039
            ],
            [
              -83.70507,
              42.30045
            ],
            [
              -83.70491,
              42.30067
            ],
            [
              -83.70491,
              42.30082
            ],
            [
              -83.70498,
              42.30096
            ],
            [
              -83.70521,
              42.30077
            ],
            [
              -83.70532,
              42.30077
            ],
            [
              -83.70532,
              42.30089
            ],
            [
              -83.70565,
              42.30089
            ],
            [
              -83.70565,
              42.30043
            ],
            [
              -83.70579,
              42.30043
            ],
            [
              -83.70577,
              42.30057
            ],
            [
              -83.70588,
              42.30064
            ],
            [
              -83.70597,
              42.30058
            ],
            [
              -83.70597,
              42.30043
            ],
            [
              -83.70611,
              42.30043
            ],
            [
              -83.70611,
              42.30022
            ]
          ]
        ]
      }
    },
    {
      "type": "Feature",
      "properties": {
        "name": "North Campus Research Complex Building 16",
        "slug": "north-campus-research-complex-building-16",
        "category": "Academic",
        "floors": 2
      },
      "geometry": {
        "type": "Polygon",
        "coordinates": [
          [
            [
              -83.70497,
              42.30124
            ],
            [
              -83.70497,
              42.30129
            ],
            [
              -83.705,
              42.30129
            ],
            [
              -83.705,
              42.30188
            ],
            [
              -83.70622,
              42.30188
            ],
            [
              -83.70622,
              42.30129
            ],
            [
              -83.70626,
              42.30129
            ],
            [
              -83.70626,
              42.30127
            ],
            [
              -83.70624,
              42.30127
            ],
            [
              -83.70624,
              42.30124
            ],
            [
              -83.70623,
              42.30124
            ],
            [
              -83.70623,
              42.30123
            ],
            [
              -83.7062,
              42.30123
            ],
            [
              -83.7062,
              42.30124
            ],
            [
              -83.70619,
              42.30124
            ],
            [
              -83.70619,
              42.30129
            ],
            [
              -83.70616,
              42.30129
            ],
            [
              -83.70616,
              42.30124
            ],
            [
              -83.70506,
              42.30124
            ],
            [
              -83.70506,
              42.30129
            ],
            [
              -83.70502,
              42.30129
            ],
            [
              -83.70502,
              42.30124
            ],
            [
              -83.705,
              42.30123
            ],
            [
              -83.70497,
              42.30124
            ]
          ]
        ]
      }
    },
    {
      "type": "Feature",
      "properties": {
        "name": "North Campus Research Complex Building 28",
        "slug": "north-campus-research-complex-building-28",
        "category": "Academic",
        "floors": 2
      },
      "geometry": {
        "type": "Polygon",
        "coordinates": [
          [
            [
              -83.70713,
              42.2989
            ],
            [
              -83.70713,
              42.29888
            ],
            [
              -83.70689,
              42.29888
            ],
            [
              -83.70689,
              42.29836
            ],
            [
              -83.70631,
              42.29836
            ],
            [
              -83.70631,
              42.29848
            ],
            [
              -83.70642,
              42.29848
            ],
            [
              -83.70642,
              42.29894
            ],
            [
              -83.70689,
              42.29894
            ],
            [
              -83.70689,
              42.29903
            ],
            [
              -83.70713,
              42.29903
            ],
            [
              -83.70713,
              42.2989
            ]
          ]
        ]
      }
    },
    {
      "type": "Feature",
      "properties": {
        "name": "North Campus Research Complex Building 520",
        "slug": "north-campus-research-complex-building-520",
        "category": "Academic",
        "floors": 3
      },
      "geometry": {
        "type": "Polygon",
        "coordinates": [
          [
            [
              -83.70265,
              42.30012
            ],
            [
              -83.70353,
              42.30012
            ],
            [
              -83.70352,
              42.29983
            ],
            [
              -83.70361,
              42.29983
            ],
            [
              -83.70361,
              42.2998
            ],
            [
              -83.70352,
              42.2998
            ],
            [
              -83.70352,
              42.29952
            ],
            [
              -83.70269,
              42.29952
            ],
            [
              -83.70269,
              42.29977
            ],
            [
              -83.70265,
              42.29977
            ],
            [
              -83.70265,
              42.30012
            ]
          ]
        ]
      }
    },
    {
      "type": "Feature",
      "properties": {
        "name": "Angell Hall",
        "slug": "angell-hall",
        "acronym": "AH",
        "category": "Academic",
        "floors": 5
      },
      "geometry": {
        "type": "Polygon",
        "coordinates": [
          [
            [
              -83.74014,
              42.27744
            ],
            [
              -83.73991,
              42.27744
            ],
            [
              -83.7399,
              42.27728
            ],
            [
              -83.7399,
              42.27725
            ],
            [
              -83.73991,
              42.27725
            ],
            [
              -83.73991,
              42.27719
            ],
            [
              -83.73987,
              42.27719
            ],
            [
              -83.73987,
              42.27697
            ],
            [
              -83.73986,
              42.27677
            ],
            [
              -83.73933,
              42.27677
            ],
            [
              -83.73932,
              42.27662
            ],
            [
              -83.73934,
              42.27662
            ],
            [
              -83.73934,
              42.27639
            ],
            [
              -83.73984,
              42.27639
            ],
            [
              -83.73984,
              42.2763
            ],
            [
              -83.73988,
              42.2763
            ],
            [
              -83.73988,
              42.2761
            ],
            [
              -83.74011,
              42.27609
            ],
            [
              -83.74012,
              42.27659
            ],
            [
              -83.74017,
              42.27659
            ],
            [
              -83.74018,
              42.27668
            ],
            [
              -83.74018,
              42.27697
            ],
            [
              -83.74013,
              42.27697
            ],
            [
              -83.74014,
              42.27744
            ]
          ]
        ]
      }
    },
    {
      "type": "Feature",
      "properties": {
        "name": "Munger Graduate Residences",
        "slug": "munger-graduate-residences",
        "category": "Housing",
        "floors": 8
      },
      "geometry": {
        "type": "Polygon",
        "coordinates": [
          [
            [
              -83.74401,
              42.27509
            ],
            [
              -83.74342,
              42.2751
            ],
            [
              -83.7434,
              42.27437
            ],
            [
              -83.74358,
              42.27437
            ],
            [
              -83.74358,
              42.27433
            ],
            [
              -83.74382,
              42.27432
            ],
            [
              -83.74382,
              42.27436
            ],
            [
              -83.744,
              42.27436
            ],
            [
              -83.74401,
              42.27509
            ]
          ]
        ]
      }
    },
    {
      "type": "Feature",
      "properties": {
        "name": "Gates Lecture Hall, UM Biological Station",
        "slug": "gates-lecture-hall-um-biological-station",
        "category": "Student Life",
        "floors": 1
      },
      "geometry": {
        "type": "Polygon",
        "coordinates": [
          [
            [
              -84.67447,
              45.55941
            ],
            [
              -84.6743,
              45.55939
            ],
            [
              -84.67429,
              45.55946
            ],
            [
              -84.67446,
              45.55948
            ],
            [
              -84.67447,
              45.55941
            ]
          ]
        ]
      }
    },
    {
      "type": "Feature",
      "properties": {
        "name": "Jeff T. Blau Hall",
        "slug": "jeff-t-blau-hall",
        "category": "Academic",
        "floors": 6
      },
      "geometry": {
        "type": "Polygon",
        "coordinates": [
          [
            [
              -83.73684,
              42.27321
            ],
            [
              -83.73598,
              42.27322
            ],
            [
              -83.73597,
              42.27296
            ],
            [
              -83.73602,
              42.27297
            ],
            [
              -83.73622,
              42.27297
            ],
            [
              -83.73664,
              42.27295
            ],
            [
              -83.73664,
              42.27301
            ],
            [
              -83.73684,
              42.27301
            ],
            [
              -83.73684,
              42.27304
            ],
            [
              -83.7369,
              42.27304
            ],
            [
              -83.73691,
              42.27322
            ],
            [
              -83.73684,
              42.27322
            ],
            [
              -83.73684,
              42.27321
            ]
          ]
        ]
      }
    },
    {
      "type": "Feature",
      "properties": {
        "name": "North Campus Research Complex Building 14",
        "slug": "north-campus-research-complex-building-14",
        "category": "Academic",
        "floors": 2
      },
      "geometry": {
        "type": "Polygon",
        "coordinates": [
          [
            [
              -83.70732,
              42.30024
            ],
            [
              -83.70732,
              42.30003
            ],
            [
              -83.70753,
              42.30003
            ],
            [
              -83.70753,
              42.29996
            ],
            [
              -83.70758,
              42.29996
            ],
            [
              -83.70758,
              42.29991
            ],
            [
              -83.70764,
              42.29991
            ],
            [
              -83.70764,
              42.29996
            ],
            [
              -83.70783,
              42.29996
            ],
            [
              -83.70783,
              42.30048
            ],
            [
              -83.70751,
              42.30048
            ],
            [
              -83.70752,
              42.30024
            ],
            [
              -83.70732,
              42.30024
            ]
          ]
        ]
      }
    },
    {
      "type": "Feature",
      "properties": {
        "name": "North Campus Research Complex Building 20",
        "slug": "north-campus-research-complex-building-20",
        "category": "Academic",
        "floors": 2
      },
      "geometry": {
        "type": "Polygon",
        "coordinates": [
          [
            [
              -83.70632,
              42.29993
            ],
            [
              -83.70632,
              42.29967
            ],
            [
              -83.70682,
              42.29967
            ],
            [
              -83.70682,
              42.29963
            ],
            [
              -83.70686,
              42.29963
            ],
            [
              -83.70686,
              42.29968
            ],
            [
              -83.70751,
              42.29968
            ],
            [
              -83.70753,
              42.29967
            ],
            [
              -83.70753,
              42.29989
            ],
            [
              -83.70758,
              42.29989
            ],
            [
              -83.70758,
              42.29996
            ],
            [
              -83.70753,
              42.29996
            ],
            [
              -83.70753,
              42.30003
            ],
            [
              -83.70631,
              42.30002
            ],
            [
              -83.70632,
              42.29993
            ]
          ]
        ]
      }
    },
    {
      "type": "Feature",
      "properties": {
        "name": "North Campus Research Complex Building 22",
        "slug": "north-campus-research-complex-building-22",
        "category": "Academic",
        "floors": 2
      },
      "geometry": {
        "type": "Polygon",
        "coordinates": [
          [
            [
              -83.70751,
              42.29968
            ],
            [
              -83.70751,
              42.2995
            ],
            [
              -83.70743,
              42.2995
            ],
            [
              -83.70743,
              42.29939
            ],
            [
              -83.70779,
              42.29939
            ],
            [
              -83.70779,
              42.29974
            ],
            [
              -83.70753,
              42.29974
            ],
            [
              -83.70753,
              42.29967
            ],
            [
              -83.70751,
              42.29968
            ]
          ]
        ]
      }
    },
    {
      "type": "Feature",
      "properties": {
        "name": "North Campus Research Complex Building 25",
        "slug": "north-campus-research-complex-building-25",
        "category": "Academic",
        "floors": 2
      },
      "geometry": {
        "type": "Polygon",
        "coordinates": [
          [
            [
              -83.70579,
              42.29965
            ],
            [
              -83.70578,
              42.30022
            ],
            [
              -83.70623,
              42.30022
            ],
            [
              -83.70623,
              42.29995
            ],
            [
              -83.70627,
              42.29995
            ],
            [
              -83.70627,
              42.30002
            ],
            [
              -83.70631,
              42.30002
            ],
            [
              -83.70631,
              42.29993
            ],
            [
              -83.70625,
              42.29993
            ],
            [
              -83.70625,
              42.29972
            ],
            [
              -83.70632,
              42.29972
            ],
            [
              -83.70632,
              42.29967
            ],
            [
              -83.70629,
              42.29967
            ],
            [
              -83.70629,
              42.2997
            ],
            [
              -83.70617,
              42.2997
            ],
            [
              -83.70617,
              42.29964
            ],
            [
              -83.70579,
              42.29964
            ],
            [
              -83.70579,
              42.29965
            ]
          ]
        ]
      }
    },
    {
      "type": "Feature",
      "properties": {
        "name": "North Campus Research Complex Building 26",
        "slug": "north-campus-research-complex-building-26",
        "category": "Academic",
        "floors": 2
      },
      "geometry": {
        "type": "Polygon",
        "coordinates": [
          [
            [
              -83.70622,
              42.2997
            ],
            [
              -83.70628,
              42.2997
            ],
            [
              -83.70628,
              42.29947
            ],
            [
              -83.70669,
              42.29947
            ],
            [
              -83.70669,
              42.29909
            ],
            [
              -83.70567,
              42.29909
            ],
            [
              -83.70567,
              42.29947
            ],
            [
              -83.70617,
              42.29947
            ],
            [
              -83.70617,
              42.29955
            ],
            [
              -83.70619,
              42.29966
            ],
            [
              -83.70622,
              42.29966
            ],
            [
              -83.70622,
              42.2997
            ]
          ]
        ]
      }
    },
    {
      "type": "Feature",
      "properties": {
        "name": "North Campus Research Complex Building 30",
        "slug": "north-campus-research-complex-building-30",
        "category": "Academic",
        "floors": 2
      },
      "geometry": {
        "type": "Polygon",
        "coordinates": [
          [
            [
              -83.70724,
              42.29937
            ],
            [
              -83.70689,
              42.29937
            ],
            [
              -83.70689,
              42.29903
            ],
            [
              -83.70737,
              42.29903
            ],
            [
              -83.70737,
              42.29937
            ],
            [
              -83.70724,
              42.29937
            ]
          ]
        ]
      }
    },
    {
      "type": "Feature",
      "properties": {
        "name": "North Campus Research Complex Building 35",
        "slug": "north-campus-research-complex-building-35",
        "category": "Academic",
        "floors": 2
      },
      "geometry": {
        "type": "Polygon",
        "coordinates": [
          [
            [
              -83.70713,
              42.29903
            ],
            [
              -83.70713,
              42.2989
            ],
            [
              -83.70716,
              42.2989
            ],
            [
              -83.70716,
              42.29838
            ],
            [
              -83.70764,
              42.29838
            ],
            [
              -83.70764,
              42.2989
            ],
            [
              -83.70752,
              42.2989
            ],
            [
              -83.70752,
              42.29895
            ],
            [
              -83.70747,
              42.29895
            ],
            [
              -83.70747,
              42.2989
            ],
            [
              -83.70736,
              42.2989
            ],
            [
              -83.70736,
              42.29903
            ],
            [
              -83.70713,
              42.29903
            ]
          ]
        ]
      }
    },
    {
      "type": "Feature",
      "properties": {
        "name": "North Campus Research Complex Building 36",
        "slug": "north-campus-research-complex-building-36",
        "category": "Academic",
        "floors": 2
      },
      "geometry": {
        "type": "Polygon",
        "coordinates": [
          [
            [
              -83.70716,
              42.29838
            ],
            [
              -83.70716,
              42.2983
            ],
            [
              -83.70712,
              42.2983
            ],
            [
              -83.70712,
              42.2982
            ],
            [
              -83.70715,
              42.2982
            ],
            [
              -83.70715,
              42.29758
            ],
            [
              -83.70728,
              42.29758
            ],
            [
              -83.70728,
              42.29757
            ],
            [
              -83.70763,
              42.29757
            ],
            [
              -83.70763,
              42.29758
            ],
            [
              -83.7078,
              42.29758
            ],
            [
              -83.7078,
              42.29815
            ],
            [
              -83.70764,
              42.29815
            ],
            [
              -83.70764,
              42.29831
            ],
            [
              -83.70768,
              42.29831
            ],
            [
              -83.70768,
              42.29838
            ],
            [
              -83.70716,
              42.29838
            ]
          ]
        ]
      }
    },
    {
      "type": "Feature",
      "properties": {
        "name": "North Campus Research Complex Building 50",
        "slug": "north-campus-research-complex-building-50",
        "category": "Academic",
        "floors": 2
      },
      "geometry": {
        "type": "Polygon",
        "coordinates": [
          [
            [
              -83.70521,
              42.29806
            ],
            [
              -83.70521,
              42.29828
            ],
            [
              -83.70548,
              42.29828
            ],
            [
              -83.70548,
              42.29806
            ],
            [
              -83.70521,
              42.29806
            ]
          ]
        ]
      }
    },
    {
      "type": "Feature",
      "properties": {
        "name": "North Campus Research Complex Building 60",
        "slug": "north-campus-research-complex-building-60",
        "category": "Academic",
        "floors": 2
      },
      "geometry": {
        "type": "Polygon",
        "coordinates": [
          [
            [
              -83.70724,
              42.29968
            ],
            [
              -83.70689,
              42.29968
            ],
            [
              -83.70689,
              42.29937
            ],
            [
              -83.70724,
              42.29937
            ],
            [
              -83.70724,
              42.29968
            ]
          ]
        ]
      }
    },
    {
      "type": "Feature",
      "properties": {
        "name": "North Campus Research Complex Building 80",
        "slug": "north-campus-research-complex-building-80",
        "category": "Academic",
        "floors": 2
      },
      "geometry": {
        "type": "Polygon",
        "coordinates": [
          [
            [
              -83.70554,
              42.2994
            ],
            [
              -83.70536,
              42.2994
            ],
            [
              -83.70537,
              42.29933
            ],
            [
              -83.70499,
              42.29933
            ],
            [
              -83.70499,
              42.29927
            ],
            [
              -83.70494,
              42.29927
            ],
            [
              -83.70494,
              42.29925
            ],
            [
              -83.70499,
              42.29925
            ],
            [
              -83.70499,
              42.29916
            ],
            [
              -83.70506,
              42.29916
            ],
            [
              -83.70506,
              42.29898
            ],
            [
              -83.70554,
              42.29898
            ],
            [
              -83.70554,
              42.2994
            ]
          ]
        ]
      }
    },
    {
      "type": "Feature",
      "properties": {
        "name": "North Campus Research Complex Building 90",
        "slug": "north-campus-research-complex-building-90",
        "category": "Academic",
        "floors": 2
      },
      "geometry": {
        "type": "Polygon",
        "coordinates": [
          [
            [
              -83.70578,
              42.30022
            ],
            [
              -83.70578,
              42.30032
            ],
            [
              -83.70503,
              42.30031
            ],
            [
              -83.70503,
              42.30024
            ],
            [
              -83.70526,
              42.30024
            ],
            [
              -83.70526,
              42.3002
            ],
            [
              -83.70537,
              42.3002
            ],
            [
              -83.70537,
              42.30003
            ],
            [
              -83.70521,
              42.30003
            ],
            [
              -83.70521,
              42.29995
            ],
            [
              -83.70537,
              42.29995
            ],
            [
              -83.70537,
              42.29969
            ],
            [
              -83.70512,
              42.29969
            ],
            [
              -83.70512,
              42.29963
            ],
            [
              -83.70523,
              42.29963
            ],
            [
              -83.70523,
              42.29965
            ],
            [
              -83.70579,
              42.29965
            ],
            [
              -83.70578,
              42.30022
            ]
          ]
        ]
      }
    },
    {
      "type": "Feature",
      "properties": {
        "name": "North Campus Research Complex Building 10",
        "slug": "north-campus-research-complex-building-10",
        "category": "Academic",
        "floors": 2
      },
      "geometry": {
        "type": "Polygon",
        "coordinates": [
          [
            [
              -83.70611,
              42.30043
            ],
            [
              -83.70611,
              42.30022
            ],
            [
              -83.70628,
              42.30022
            ],
            [
              -83.70628,
              42.30014
            ],
            [
              -83.70648,
              42.30014
            ],
            [
              -83.70648,
              42.30024
            ],
            [
              -83.70752,
              42.30024
            ],
            [
              -83.70751,
              42.30048
            ],
            [
              -83.70651,
              42.30048
            ],
            [
              -83.70651,
              42.3006
            ],
            [
              -83.70611,
              42.3006
            ],
            [
              -83.70611,
              42.30043
            ]
          ],
          [
            [
              -83.70633,
              42.30033
            ],
            [
              -83.70621,
              42.30032
            ],
            [
              -83.70621,
              42.30041
            ],
            [
              -83.70633,
              42.30041
            ],
            [
              -83.70633,
              42.30033
            ]
          ]
        ]
      }
    },
    {
      "type": "Feature",
      "properties": {
        "name": "Baits Vera Housing II",
        "preferredName": "Vera Baits Housing",
        "slug": "baits-vera-housing-ii",
        "category": "Housing",
        "floors": 4
      },
      "geometry": {
        "type": "Point",
        "coordinates": [
          -83.7239,
          42.29412
        ]
      }
    },
    {
      "type": "Feature",
      "properties": {
        "name": "Tappan Street Auxiliary Building",
        "preferredName": "Tappan Auxiliary Building",
        "slug": "tappan-street-auxiliary-building",
        "acronym": "TSAB",
        "category": "Student Life",
        "floors": 1
      },
      "geometry": {
        "type": "Polygon",
        "coordinates": [
          [
            [
              -83.73849,
              42.27358
            ],
            [
              -83.73848,
              42.27345
            ],
            [
              -83.73865,
              42.27345
            ],
            [
              -83.73849,
              42.27358
            ]
          ]
        ]
      }
    },
    {
      "type": "Feature",
      "properties": {
        "name": "Biological Sciences Building",
        "slug": "biological-sciences-building",
        "category": "Academic",
        "floors": 4
      },
      "geometry": {
        "type": "Polygon",
        "coordinates": [
          [
            [
              -83.73492,
              42.27882
            ],
            [
              -83.73494,
              42.27879
            ],
            [
              -83.73528,
              42.2789
            ],
            [
              -83.73509,
              42.2792
            ],
            [
              -83.73473,
              42.27908
            ],
            [
              -83.73433,
              42.27908
            ],
            [
              -83.73427,
              42.27909
            ],
            [
              -83.73369,
              42.27931
            ],
            [
              -83.7337,
              42.27915
            ],
            [
              -83.73384,
              42.2791
            ],
            [
              -83.73372,
              42.27892
            ],
            [
              -83.73407,
              42.27879
            ],
            [
              -83.7341,
              42.27883
            ],
            [
              -83.73419,
              42.2788
            ],
            [
              -83.73431,
              42.27879
            ],
            [
              -83.73431,
              42.27874
            ],
            [
              -83.7347,
              42.27873
            ],
            [
              -83.7347,
              42.27879
            ],
            [
              -83.73475,
              42.27879
            ],
            [
              -83.73479,
              42.27878
            ],
            [
              -83.73484,
              42.27879
            ],
            [
              -83.73492,
              42.27882
            ]
          ]
        ]
      }
    },
    {
      "type": "Feature",
      "properties": {
        "name": "Mcity",
        "slug": "mcity",
        "category": "Academic",
        "floors": 1
      },
      "geometry": {
        "type": "Polygon",
        "coordinates": [
          [
            [
              -83.70176,
              42.29796
            ],
            [
              -83.70176,
              42.29799
            ],
            [
              -83.70186,
              42.29799
            ],
            [
              -83.70186,
              42.29802
            ],
            [
              -83.7019,
              42.29802
            ],
            [
              -83.70191,
              42.29815
            ],
            [
              -83.70214,
              42.29815
            ],
            [
              -83.70213,
              42.29795
            ],
            [
              -83.70176,
              42.29796
            ]
          ]
        ]
      }
    },
    {
      "type": "Feature",
      "properties": {
        "name": "Trotter Multicultural Center",
        "slug": "trotter-multicultural-center-1",
        "category": "Student Life",
        "floors": 2
      },
      "geometry": {
        "type": "Polygon",
        "coordinates": [
          [
            [
              -83.74122,
              42.27725
            ],
            [
              -83.74121,
              42.27691
            ],
            [
              -83.7411,
              42.27691
            ],
            [
              -83.7411,
              42.27696
            ],
            [
              -83.74097,
              42.27696
            ],
            [
              -83.74097,
              42.27719
            ],
            [
              -83.74103,
              42.27719
            ],
            [
              -83.74103,
              42.27725
            ],
            [
              -83.74122,
              42.27725
            ]
          ]
        ]
      }
    },
    {
      "type": "Feature",
      "properties": {
        "name": "Museum of Natural History",
        "slug": "museum-of-natural-history-1",
        "category": "Library/Museum",
        "floors": 3
      },
      "geometry": {
        "type": "Point",
        "coordinates": [
          -83.73485,
          42.27895
        ]
      }
    },
    {
      "type": "Feature",
      "properties": {
        "name": "Ford Robotics Building",
        "slug": "ford-robotics-building",
        "acronym": "FMCRB",
        "category": "Academic",
        "floors": 4
      },
      "geometry": {
        "type": "Polygon",
        "coordinates": [
          [
            [
              -83.7099,
              42.29428
            ],
            [
              -83.70971,
              42.29431
            ],
            [
              -83.70951,
              42.29436
            ],
            [
              -83.70931,
              42.29443
            ],
            [
              -83.70915,
              42.29451
            ],
            [
              -83.70903,
              42.29458
            ],
            [
              -83.70878,
              42.29479
            ],
            [
              -83.709,
              42.29476
            ],
            [
              -83.70904,
              42.29492
            ],
            [
              -83.70968,
              42.29484
            ],
            [
              -83.7097,
              42.29493
            ],
            [
              -83.70988,
              42.2949
            ],
            [
              -83.70985,
              42.29487
            ],
            [
              -83.7098,
              42.29476
            ],
            [
              -83.7098,
              42.29466
            ],
            [
              -83.70982,
              42.29455
            ],
            [
              -83.70991,
              42.29443
            ],
            [
              -83.70981,
              42.29436
            ],
            [
              -83.7099,
              42.29428
            ]
          ]
        ]
      }
    },
    {
      "type": "Feature",
      "properties": {
        "name": "Dance Building",
        "slug": "dance-building",
        "acronym": "Dance",
        "category": "Academic",
        "floors": 2
      },
      "geometry": {
        "type": "Polygon",
        "coordinates": [
          [
            [
              -83.72161,
              42.28926
            ],
            [
              -83.72137,
              42.28926
            ],
            [
              -83.72137,
              42.28873
            ],
            [
              -83.72147,
              42.28873
            ],
            [
              -83.72147,
              42.28869
            ],
            [
              -83.72158,
              42.28869
            ],
            [
              -83.72158,
              42.28862
            ],
            [
              -83.72204,
              42.28862
            ],
            [
              -83.72204,
              42.28881
            ],
            [
              -83.722,
              42.28881
            ],
            [
              -83.722,
              42.28885
            ],
            [
              -83.72166,
              42.28885
            ],
            [
              -83.72166,
              42.28912
            ],
            [
              -83.72161,
              42.28912
            ],
            [
              -83.72161,
              42.28926
            ]
          ]
        ]
      }
    },
    {
      "type": "Feature",
      "properties": {
        "name": "Central Campus Classroom Building",
        "slug": "central-campus-classroom-building",
        "acronym": "CCCB",
        "category": "Academic",
        "floors": 5
      },
      "geometry": {
        "type": "Polygon",
        "coordinates": [
          [
            [
              -83.73411,
              42.27829
            ],
            [
              -83.73413,
              42.27779
            ],
            [
              -83.73424,
              42.27771
            ],
            [
              -83.73403,
              42.27755
            ],
            [
              -83.7338,
              42.27772
            ],
            [
              -83.73378,
              42.27828
            ],
            [
              -83.73391,
              42.27829
            ],
            [
              -83.73411,
              42.27829
            ]
          ]
        ]
      }
    },
    {
      "type": "Feature",
      "properties": {
        "name": "U-M Lacrosse Stadium",
        "slug": "u-m-lacrosse-stadium",
        "category": "Athletic",
        "floors": 1
      },
      "geometry": {
        "type": "Polygon",
        "coordinates": [
          [
            [
              -83.74108,
              42.25175
            ],
            [
              -83.74093,
              42.25175
            ],
            [
              -83.74093,
              42.25184
            ],
            [
              -83.74082,
              42.25184
            ],
            [
              -83.74081,
              42.25126
            ],
            [
              -83.74091,
              42.25126
            ],
            [
              -83.74092,
              42.25135
            ],
            [
              -83.74107,
              42.25135
            ],
            [
              -83.74108,
              42.25175
            ]
          ]
        ]
      }
    },
    {
      "type": "Feature",
      "properties": {
        "name": "U-M Soccer Stadium",
        "slug": "u-m-soccer-stadium",
        "category": "Athletic",
        "floors": 1
      },
      "geometry": {
        "type": "Polygon",
        "coordinates": [
          [
            [
              -83.7475,
              42.2533
            ],
            [
              -83.7475,
              42.2522
            ],
            [
              -83.7463,
              42.2522
            ],
            [
              -83.7463,
              42.2533
            ],
            [
              -83.7475,
              42.2533
            ]
          ]
        ]
      }
    },
    {
      "type": "Feature",
      "properties": {
        "name": "U-M Track and Field Stadium",
        "slug": "u-m-track-and-field-stadium",
        "category": "Athletic",
        "floors": 1
      },
      "geometry": {
        "type": "Polygon",
        "coordinates": [
          [
            [
              -83.74212,
              42.25021
            ],
            [
              -83.74145,
              42.25022
            ],
            [
              -83.74145,
              42.25031
            ],
            [
              -83.7413,
              42.25031
            ],
            [
              -83.74132,
              42.25085
            ],
            [
              -83.74123,
              42.25085
            ],
            [
              -83.74124,
              42.2512
            ],
            [
              -83.7412,
              42.2512
            ],
            [
              -83.7412,
              42.25129
            ],
            [
              -83.74126,
              42.25128
            ],
            [
              -83.74126,
              42.25135
            ],
            [
              -83.74138,
              42.25134
            ],
            [
              -83.74139,
              42.25168
            ],
            [
              -83.74129,
              42.25169
            ],
            [
              -83.7413,
              42.25174
            ],
            [
              -83.7413,
              42.25181
            ],
            [
              -83.74139,
              42.25181
            ],
            [
              -83.7414,
              42.25188
            ],
            [
              -83.7418,
              42.25187
            ],
            [
              -83.74184,
              42.25196
            ],
            [
              -83.74196,
              42.25193
            ],
            [
              -83.74193,
              42.25188
            ],
            [
              -83.74201,
              42.25186
            ],
            [
              -83.74198,
              42.25177
            ],
            [
              -83.74226,
              42.25177
            ],
            [
              -83.74225,
              42.2515
            ],
            [
              -83.74239,
              42.2515
            ],
            [
              -83.74239,
              42.2514
            ],
            [
              -83.74224,
              42.2514
            ],
            [
              -83.74223,
              42.25129
            ],
            [
              -83.74231,
              42.25129
            ],
            [
              -83.74227,
              42.2503
            ],
            [
              -83.74212,
              42.2503
            ],
            [
              -83.74212,
              42.25021
            ]
          ]
        ]
      }
    },
    {
      "type": "Feature",
      "properties": {
        "name": "Michigan Boathouse",
        "slug": "michigan-boathouse",
        "category": "Athletic",
        "floors": 1
      },
      "geometry": {
        "type": "Point",
        "coordinates": [
          -83.7484,
          42.28987
        ]
      }
    },
    {
      "type": "Feature",
      "properties": {
        "name": "North Campus Research Complex Building 32",
        "slug": "north-campus-research-complex-building-32",
        "category": "Academic",
        "floors": 2
      },
      "geometry": {
        "type": "Polygon",
        "coordinates": [
          [
            [
              -83.70716,
              42.29838
            ],
            [
              -83.70716,
              42.2983
            ],
            [
              -83.70712,
              42.2983
            ],
            [
              -83.70712,
              42.2982
            ],
            [
              -83.70715,
              42.2982
            ],
            [
              -83.70715,
              42.29758
            ],
            [
              -83.70728,
              42.29758
            ],
            [
              -83.70728,
              42.29757
            ],
            [
              -83.70763,
              42.29757
            ],
            [
              -83.70763,
              42.29758
            ],
            [
              -83.7078,
              42.29758
            ],
            [
              -83.7078,
              42.29815
            ],
            [
              -83.70764,
              42.29815
            ],
            [
              -83.70764,
              42.29831
            ],
            [
              -83.70768,
              42.29831
            ],
            [
              -83.70768,
              42.29838
            ],
            [
              -83.70716,
              42.29838
            ]
          ]
        ]
      }
    },
    {
      "type": "Feature",
      "properties": {
        "name": "Center for Academic Innovation",
        "slug": "center-for-academic-innovation",
        "acronym": "AI",
        "category": "Academic",
        "floors": 3
      },
      "geometry": {
        "type": "Point",
        "coordinates": [
          -83.74193,
          42.27891
        ]
      }
    },
    {
      "type": "Feature",
      "properties": {
        "name": "Leinweber Computer Science and Information Building",
        "slug": "leinweber-computer-science-and-information-building",
        "acronym": "LCSIB",
        "category": "Academic",
        "floors": 5
      },
      "geometry": {
        "type": "Polygon",
        "coordinates": [
          [
            [
              -83.71777,
              42.29273
            ],
            [
              -83.71679,
              42.29273
            ],
            [
              -83.71679,
              42.29286
            ],
            [
              -83.71656,
              42.29285
            ],
            [
              -83.71656,
              42.29291
            ],
            [
              -83.71679,
              42.29291
            ],
            [
              -83.71678,
              42.29316
            ],
            [
              -83.71688,
              42.29316
            ],
            [
              -83.71687,
              42.29323
            ],
            [
              -83.71746,
              42.29322
            ],
            [
              -83.71747,
              42.29304
            ],
            [
              -83.71762,
              42.29304
            ],
            [
              -83.71763,
              42.293
            ],
            [
              -83.71778,
              42.29287
            ],
            [
              -83.71777,
              42.29273
            ]
          ]
        ]
      }
    },
    {
      "type": "Feature",
      "properties": {
        "name": "D. Dan and Betty Kahn Health Care Pavilion",
        "preferredName": "Kahn Health Care Pavilion",
        "slug": "kahn-health-care-pavilion",
        "acronym": "KHCP",
        "category": "Medical",
        "floors": 12
      },
      "geometry": {
        "type": "Polygon",
        "coordinates": [
          [
            [
              -83.73332,
              42.28308
            ],
            [
              -83.73207,
              42.28311
            ],
            [
              -83.73204,
              42.28276
            ],
            [
              -83.73174,
              42.28289
            ],
            [
              -83.73151,
              42.28292
            ],
            [
              -83.73142,
              42.2829
            ],
            [
              -83.73174,
              42.28285
            ],
            [
              -83.73204,
              42.28272
            ],
            [
              -83.73204,
              42.28268
            ],
            [
              -83.7333,
              42.28255
            ],
            [
              -83.73332,
              42.28308
            ]
          ]
        ]
      }
    },
    {
      "type": "Feature",
      "properties": {
        "name": "New College of Pharmacy Building",
        "preferredName": "College of Pharmacy",
        "slug": "new-college-of-pharmacy-building",
        "acronym": "PHRM",
        "category": "Academic",
        "floors": 5,
        "status": "active"
      },
      "geometry": {
        "type": "Polygon",
        "coordinates": [
          [
            [
              -83.73686,
              42.28172
            ],
            [
              -83.73581,
              42.28175
            ],
            [
              -83.73579,
              42.28149
            ],
            [
              -83.73684,
              42.28147
            ],
            [
              -83.73686,
              42.28172
            ]
          ]
        ]
      }
    },
    {
      "type": "Feature",
      "properties": {
        "name": "Hayward Street Geothermal Facility",
        "slug": "hayward-street-geothermal-facility",
        "category": "Administrative",
        "floors": 1,
        "status": "active"
      },
      "geometry": {
        "type": "Polygon",
        "coordinates": [
          [
            [
              -83.71778,
              42.2935
            ],
            [
              -83.71769,
              42.29357
            ],
            [
              -83.71759,
              42.29357
            ],
            [
              -83.71758,
              42.29339
            ],
            [
              -83.71778,
              42.29339
            ],
            [
              -83.71778,
              42.2935
            ]
          ]
        ]
      }
    },
    {
      "type": "Feature",
      "properties": {
        "name": "Zina Pitcher Parking Structure",
        "preferredName": "Zina Pitcher Parking Structure (M101)",
        "slug": "zina-pitcher-parking-structure",
        "category": "Parking",
        "floors": 6,
        "status": "under-construction"
      },
      "geometry": {
        "type": "Polygon",
        "coordinates": [
          [
            [
              -83.73372,
              42.28241
            ],
            [
              -83.73374,
              42.28302
            ],
            [
              -83.73381,
              42.28301
            ],
            [
              -83.73381,
              42.28307
            ],
            [
              -83.73431,
              42.28305
            ],
            [
              -83.73429,
              42.28239
            ],
            [
              -83.73372,
              42.28241
            ]
          ]
        ]
      }
    },
    {
      "type": "Feature",
      "properties": {
        "name": "Wolverine Village",
        "slug": "wolverine-village",
        "category": "Housing",
        "floors": 3,
        "status": "under-construction",
        "hide3d": true
      },
      "geometry": {
        "type": "Polygon",
        "coordinates": [
          [
            [
              -83.74677,
              42.27162
            ],
            [
              -83.74456,
              42.27167
            ],
            [
              -83.74453,
              42.2697
            ],
            [
              -83.74563,
              42.26967
            ],
            [
              -83.74677,
              42.27162
            ]
          ]
        ]
      }
    },
    {
      "type": "Feature",
      "properties": {
        "name": "Dr. E. Royster Harper Hall",
        "preferredName": "Harper Hall",
        "slug": "harper-hall",
        "category": "Housing",
        "floors": 5,
        "status": "under-construction"
      },
      "geometry": {
        "type": "Polygon",
        "coordinates": [
          [
            [
              -83.74527,
              42.27014
            ],
            [
              -83.74472,
              42.27015
            ],
            [
              -83.74472,
              42.27018
            ],
            [
              -83.7446,
              42.27019
            ],
            [
              -83.7446,
              42.27014
            ],
            [
              -83.74456,
              42.27014
            ],
            [
              -83.74456,
              42.27
            ],
            [
              -83.7446,
              42.27
            ],
            [
              -83.7446,
              42.26985
            ],
            [
              -83.74455,
              42.26985
            ],
            [
              -83.74455,
              42.26971
            ],
            [
              -83.74489,
              42.2697
            ],
            [
              -83.7449,
              42.26984
            ],
            [
              -83.74476,
              42.26984
            ],
            [
              -83.74476,
              42.27
            ],
            [
              -83.74523,
              42.27
            ],
            [
              -83.74522,
              42.26984
            ],
            [
              -83.74508,
              42.26984
            ],
            [
              -83.74507,
              42.26971
            ],
            [
              -83.74543,
              42.26971
            ],
            [
              -83.74544,
              42.26983
            ],
            [
              -83.74539,
              42.26984
            ],
            [
              -83.74539,
              42.27
            ],
            [
              -83.74545,
              42.27
            ],
            [
              -83.74545,
              42.27012
            ],
            [
              -83.74539,
              42.27012
            ],
            [
              -83.74539,
              42.27017
            ],
            [
              -83.74527,
              42.27018
            ],
            [
              -83.74527,
              42.27014
            ]
          ]
        ]
      }
    },
    {
      "type": "Feature",
      "properties": {
        "name": "Hadley Family Recreation and Well-Being Center",
        "preferredName": "Hadley Center",
        "slug": "hadley-family-recreation-center",
        "acronym": "HADLEY",
        "category": "Athletic",
        "floors": 3,
        "status": "active"
      },
      "geometry": {
        "type": "Polygon",
        "coordinates": [
          [
            [
              -83.73299,
              42.27871
            ],
            [
              -83.73258,
              42.27873
            ],
            [
              -83.73256,
              42.27828
            ],
            [
              -83.73244,
              42.27828
            ],
            [
              -83.7324,
              42.27773
            ],
            [
              -83.73252,
              42.27772
            ],
            [
              -83.73252,
              42.27764
            ],
            [
              -83.73291,
              42.27762
            ],
            [
              -83.73293,
              42.27788
            ],
            [
              -83.73315,
              42.27787
            ],
            [
              -83.7332,
              42.27865
            ],
            [
              -83.73299,
              42.27865
            ],
            [
              -83.73299,
              42.27871
            ]
          ]
        ]
      }
    },
    {
      "type": "Feature",
      "properties": {
        "name": "Northwood I - Building 1",
        "slug": "northwood-i-building-1",
        "category": "Housing",
        "floors": 2
      },
      "geometry": {
        "type": "Polygon",
        "coordinates": [
          [
            [
              -83.71301,
              42.29586
            ],
            [
              -83.71301,
              42.29565
            ],
            [
              -83.71375,
              42.29565
            ],
            [
              -83.71375,
              42.29586
            ],
            [
              -83.71364,
              42.29586
            ],
            [
              -83.71364,
              42.29573
            ],
            [
              -83.71343,
              42.29574
            ],
            [
              -83.71311,
              42.29574
            ],
            [
              -83.71311,
              42.29586
            ],
            [
              -83.71301,
              42.29586
            ]
          ]
        ]
      }
    },
    {
      "type": "Feature",
      "properties": {
        "name": "Northwood I - Building 2",
        "slug": "northwood-i-building-2",
        "category": "Housing",
        "floors": 2
      },
      "geometry": {
        "type": "Polygon",
        "coordinates": [
          [
            [
              -83.71388,
              42.29661
            ],
            [
              -83.71359,
              42.29662
            ],
            [
              -83.71309,
              42.29662
            ],
            [
              -83.71309,
              42.29638
            ],
            [
              -83.71308,
              42.2963
            ],
            [
              -83.71321,
              42.2963
            ],
            [
              -83.71322,
              42.29654
            ],
            [
              -83.71388,
              42.29654
            ],
            [
              -83.71388,
              42.29661
            ]
          ]
        ]
      }
    },
    {
      "type": "Feature",
      "properties": {
        "name": "Northwood I - Building 3",
        "slug": "northwood-i-building-3",
        "category": "Housing",
        "floors": 2
      },
      "geometry": {
        "type": "Polygon",
        "coordinates": [
          [
            [
              -83.71366,
              42.29591
            ],
            [
              -83.71356,
              42.29591
            ],
            [
              -83.71356,
              42.29626
            ],
            [
              -83.71366,
              42.29626
            ],
            [
              -83.71366,
              42.29591
            ]
          ]
        ]
      }
    },
    {
      "type": "Feature",
      "properties": {
        "name": "Northwood I - Building 4",
        "slug": "northwood-i-building-4",
        "category": "Housing",
        "floors": 2
      },
      "geometry": {
        "type": "Polygon",
        "coordinates": [
          [
            [
              -83.71454,
              42.29658
            ],
            [
              -83.71465,
              42.29658
            ],
            [
              -83.71465,
              42.29627
            ],
            [
              -83.71387,
              42.29627
            ],
            [
              -83.71387,
              42.29636
            ],
            [
              -83.71454,
              42.29636
            ],
            [
              -83.71454,
              42.29658
            ]
          ]
        ]
      }
    },
    {
      "type": "Feature",
      "properties": {
        "name": "Northwood I - Building 5",
        "slug": "northwood-i-building-5",
        "category": "Housing",
        "floors": 2
      },
      "geometry": {
        "type": "Polygon",
        "coordinates": [
          [
            [
              -83.71635,
              42.29652
            ],
            [
              -83.7162,
              42.29652
            ],
            [
              -83.7162,
              42.29637
            ],
            [
              -83.71635,
              42.29637
            ],
            [
              -83.71635,
              42.29652
            ]
          ]
        ]
      }
    },
    {
      "type": "Feature",
      "properties": {
        "name": "Northwood I - Building 6",
        "slug": "northwood-i-building-6",
        "category": "Housing",
        "floors": 2
      },
      "geometry": {
        "type": "Polygon",
        "coordinates": [
          [
            [
              -83.71587,
              42.2965
            ],
            [
              -83.71572,
              42.2965
            ],
            [
              -83.71571,
              42.29635
            ],
            [
              -83.71586,
              42.29635
            ],
            [
              -83.71587,
              42.2965
            ]
          ]
        ]
      }
    },
    {
      "type": "Feature",
      "properties": {
        "name": "Northwood I - Building 7",
        "slug": "northwood-i-building-7",
        "category": "Housing",
        "floors": 2
      },
      "geometry": {
        "type": "Polygon",
        "coordinates": [
          [
            [
              -83.71619,
              42.29556
            ],
            [
              -83.71619,
              42.29567
            ],
            [
              -83.71598,
              42.29567
            ],
            [
              -83.71597,
              42.29562
            ],
            [
              -83.71597,
              42.29556
            ],
            [
              -83.71619,
              42.29556
            ]
          ]
        ]
      }
    },
    {
      "type": "Feature",
      "properties": {
        "name": "Northwood I - Building 8",
        "slug": "northwood-i-building-8",
        "category": "Housing",
        "floors": 2
      },
      "geometry": {
        "type": "Polygon",
        "coordinates": [
          [
            [
              -83.716,
              42.296
            ],
            [
              -83.71621,
              42.296
            ],
            [
              -83.71621,
              42.29589
            ],
            [
              -83.716,
              42.29589
            ],
            [
              -83.716,
              42.296
            ]
          ]
        ]
      }
    },
    {
      "type": "Feature",
      "properties": {
        "name": "Northwood I - Building 9",
        "slug": "northwood-i-building-9",
        "category": "Housing",
        "floors": 2
      },
      "geometry": {
        "type": "Polygon",
        "coordinates": [
          [
            [
              -83.71614,
              42.29621
            ],
            [
              -83.71614,
              42.29632
            ],
            [
              -83.71593,
              42.29632
            ],
            [
              -83.71593,
              42.29621
            ],
            [
              -83.71614,
              42.29621
            ]
          ]
        ]
      }
    },
    {
      "type": "Feature",
      "properties": {
        "name": "Northwood I - Building 10",
        "slug": "northwood-i-building-10",
        "category": "Housing",
        "floors": 2
      },
      "geometry": {
        "type": "Polygon",
        "coordinates": [
          [
            [
              -83.71586,
              42.29619
            ],
            [
              -83.71586,
              42.29603
            ],
            [
              -83.71571,
              42.29603
            ],
            [
              -83.71571,
              42.2962
            ],
            [
              -83.71586,
              42.29619
            ]
          ]
        ]
      }
    },
    {
      "type": "Feature",
      "properties": {
        "name": "Northwood I - Building 11",
        "slug": "northwood-i-building-11",
        "category": "Housing",
        "floors": 2
      },
      "geometry": {
        "type": "Polygon",
        "coordinates": [
          [
            [
              -83.71643,
              42.2962
            ],
            [
              -83.71628,
              42.2962
            ],
            [
              -83.71628,
              42.29604
            ],
            [
              -83.71643,
              42.29604
            ],
            [
              -83.71643,
              42.2962
            ]
          ]
        ]
      }
    },
    {
      "type": "Feature",
      "properties": {
        "name": "Northwood I - Building 12",
        "slug": "northwood-i-building-12",
        "category": "Housing",
        "floors": 2
      },
      "geometry": {
        "type": "Polygon",
        "coordinates": [
          [
            [
              -83.71528,
              42.29636
            ],
            [
              -83.71528,
              42.29621
            ],
            [
              -83.7154,
              42.29621
            ],
            [
              -83.71541,
              42.29636
            ],
            [
              -83.71528,
              42.29636
            ]
          ]
        ]
      }
    },
    {
      "type": "Feature",
      "properties": {
        "name": "Northwood I - Building 13",
        "slug": "northwood-i-building-13",
        "category": "Housing",
        "floors": 2
      },
      "geometry": {
        "type": "Polygon",
        "coordinates": [
          [
            [
              -83.71546,
              42.29588
            ],
            [
              -83.71532,
              42.29588
            ],
            [
              -83.71532,
              42.29603
            ],
            [
              -83.71547,
              42.29603
            ],
            [
              -83.71546,
              42.29588
            ]
          ]
        ]
      }
    },
    {
      "type": "Feature",
      "properties": {
        "name": "Northwood I - Building 14",
        "slug": "northwood-i-building-14",
        "category": "Housing",
        "floors": 2
      },
      "geometry": {
        "type": "Polygon",
        "coordinates": [
          [
            [
              -83.71637,
              42.29571
            ],
            [
              -83.71624,
              42.29571
            ],
            [
              -83.71624,
              42.29586
            ],
            [
              -83.71629,
              42.29587
            ],
            [
              -83.71637,
              42.29587
            ],
            [
              -83.71637,
              42.29571
            ]
          ]
        ]
      }
    },
    {
      "type": "Feature",
      "properties": {
        "name": "Northwood I - Building 15",
        "slug": "northwood-i-building-15",
        "category": "Housing",
        "floors": 2
      },
      "geometry": {
        "type": "Polygon",
        "coordinates": [
          [
            [
              -83.71592,
              42.29571
            ],
            [
              -83.7158,
              42.29571
            ],
            [
              -83.7158,
              42.29587
            ],
            [
              -83.71592,
              42.29587
            ],
            [
              -83.71592,
              42.29571
            ]
          ]
        ]
      }
    },
    {
      "type": "Feature",
      "properties": {
        "name": "Northwood I - Building 16",
        "slug": "northwood-i-building-16",
        "category": "Housing",
        "floors": 2
      },
      "geometry": {
        "type": "Polygon",
        "coordinates": [
          [
            [
              -83.71592,
              42.29553
            ],
            [
              -83.71578,
              42.29553
            ],
            [
              -83.71577,
              42.29538
            ],
            [
              -83.71592,
              42.29538
            ],
            [
              -83.71592,
              42.29553
            ]
          ]
        ]
      }
    },
    {
      "type": "Feature",
      "properties": {
        "name": "Northwood I - Building 17",
        "slug": "northwood-i-building-17",
        "category": "Housing",
        "floors": 2
      },
      "geometry": {
        "type": "Polygon",
        "coordinates": [
          [
            [
              -83.71641,
              42.29536
            ],
            [
              -83.7164,
              42.29552
            ],
            [
              -83.71654,
              42.29552
            ],
            [
              -83.71654,
              42.29536
            ],
            [
              -83.71641,
              42.29536
            ]
          ]
        ]
      }
    },
    {
      "type": "Feature",
      "properties": {
        "name": "Northwood II - Building 1",
        "slug": "northwood-ii-building-1",
        "category": "Housing",
        "floors": 2
      },
      "geometry": {
        "type": "Polygon",
        "coordinates": [
          [
            [
              -83.71634,
              42.2974
            ],
            [
              -83.71634,
              42.2975
            ],
            [
              -83.71615,
              42.2975
            ],
            [
              -83.71616,
              42.29746
            ],
            [
              -83.71616,
              42.2974
            ],
            [
              -83.71634,
              42.2974
            ]
          ]
        ]
      }
    },
    {
      "type": "Feature",
      "properties": {
        "name": "Northwood II - Building 2",
        "slug": "northwood-ii-building-2",
        "category": "Housing",
        "floors": 2
      },
      "geometry": {
        "type": "Polygon",
        "coordinates": [
          [
            [
              -83.71555,
              42.29719
            ],
            [
              -83.71555,
              42.29729
            ],
            [
              -83.71537,
              42.29729
            ],
            [
              -83.71536,
              42.29719
            ],
            [
              -83.71555,
              42.29719
            ]
          ]
        ]
      }
    },
    {
      "type": "Feature",
      "properties": {
        "name": "Northwood II - Building 3",
        "slug": "northwood-ii-building-3",
        "category": "Housing",
        "floors": 2
      },
      "geometry": {
        "type": "Polygon",
        "coordinates": [
          [
            [
              -83.71573,
              42.29714
            ],
            [
              -83.71558,
              42.29714
            ],
            [
              -83.71558,
              42.297
            ],
            [
              -83.71572,
              42.297
            ],
            [
              -83.71573,
              42.29714
            ]
          ]
        ]
      }
    },
    {
      "type": "Feature",
      "properties": {
        "name": "Northwood II - Building 4",
        "slug": "northwood-ii-building-4",
        "category": "Housing",
        "floors": 2
      },
      "geometry": {
        "type": "Polygon",
        "coordinates": [
          [
            [
              -83.71636,
              42.29797
            ],
            [
              -83.71622,
              42.29797
            ],
            [
              -83.71622,
              42.29783
            ],
            [
              -83.71636,
              42.29783
            ],
            [
              -83.71636,
              42.29797
            ]
          ]
        ]
      }
    },
    {
      "type": "Feature",
      "properties": {
        "name": "Northwood II - Building 5",
        "slug": "northwood-ii-building-5",
        "category": "Housing",
        "floors": 2
      },
      "geometry": {
        "type": "Polygon",
        "coordinates": [
          [
            [
              -83.71655,
              42.2977
            ],
            [
              -83.71641,
              42.2977
            ],
            [
              -83.71641,
              42.29756
            ],
            [
              -83.71655,
              42.29756
            ],
            [
              -83.71655,
              42.2977
            ]
          ]
        ]
      }
    },
    {
      "type": "Feature",
      "properties": {
        "name": "Northwood II - Building 6",
        "slug": "northwood-ii-building-6",
        "category": "Housing",
        "floors": 2
      },
      "geometry": {
        "type": "Polygon",
        "coordinates": [
          [
            [
              -83.71578,
              42.29844
            ],
            [
              -83.71571,
              42.29849
            ],
            [
              -83.7154,
              42.29828
            ],
            [
              -83.71547,
              42.29822
            ],
            [
              -83.71578,
              42.29844
            ]
          ]
        ]
      }
    },
    {
      "type": "Feature",
      "properties": {
        "name": "Northwood II - Building 7",
        "slug": "northwood-ii-building-7",
        "category": "Housing",
        "floors": 2
      },
      "geometry": {
        "type": "Polygon",
        "coordinates": [
          [
            [
              -83.71652,
              42.29736
            ],
            [
              -83.71638,
              42.29736
            ],
            [
              -83.71637,
              42.29722
            ],
            [
              -83.71651,
              42.29722
            ],
            [
              -83.71652,
              42.29736
            ]
          ]
        ]
      }
    },
    {
      "type": "Feature",
      "properties": {
        "name": "Northwood II - Building 8",
        "slug": "northwood-ii-building-8",
        "category": "Housing",
        "floors": 2
      },
      "geometry": {
        "type": "Polygon",
        "coordinates": [
          [
            [
              -83.71564,
              42.29813
            ],
            [
              -83.71557,
              42.29818
            ],
            [
              -83.71527,
              42.29796
            ],
            [
              -83.71534,
              42.29791
            ],
            [
              -83.71564,
              42.29813
            ]
          ]
        ]
      }
    },
    {
      "type": "Feature",
      "properties": {
        "name": "Northwood II - Building 9",
        "slug": "northwood-ii-building-9",
        "category": "Housing",
        "floors": 2
      },
      "geometry": {
        "type": "Polygon",
        "coordinates": [
          [
            [
              -83.71611,
              42.29769
            ],
            [
              -83.71597,
              42.29769
            ],
            [
              -83.71597,
              42.29755
            ],
            [
              -83.71611,
              42.29755
            ],
            [
              -83.71611,
              42.29769
            ]
          ]
        ]
      }
    },
    {
      "type": "Feature",
      "properties": {
        "name": "Northwood II - Building 10",
        "slug": "northwood-ii-building-10",
        "category": "Housing",
        "floors": 2
      },
      "geometry": {
        "type": "Polygon",
        "coordinates": [
          [
            [
              -83.71533,
              42.29823
            ],
            [
              -83.71527,
              42.29828
            ],
            [
              -83.71496,
              42.29807
            ],
            [
              -83.71503,
              42.29801
            ],
            [
              -83.71533,
              42.29823
            ]
          ]
        ]
      }
    },
    {
      "type": "Feature",
      "properties": {
        "name": "Northwood II - Building 11",
        "slug": "northwood-ii-building-11",
        "category": "Housing",
        "floors": 2
      },
      "geometry": {
        "type": "Polygon",
        "coordinates": [
          [
            [
              -83.71603,
              42.29733
            ],
            [
              -83.71589,
              42.29733
            ],
            [
              -83.71589,
              42.29719
            ],
            [
              -83.71603,
              42.29719
            ],
            [
              -83.71603,
              42.29733
            ]
          ]
        ]
      }
    },
    {
      "type": "Feature",
      "properties": {
        "name": "Northwood II - Building 12",
        "slug": "northwood-ii-building-12",
        "category": "Housing",
        "floors": 2
      },
      "geometry": {
        "type": "Polygon",
        "coordinates": [
          [
            [
              -83.71333,
              42.29748
            ],
            [
              -83.71333,
              42.29742
            ],
            [
              -83.71352,
              42.29742
            ],
            [
              -83.71352,
              42.29703
            ],
            [
              -83.71351,
              42.29697
            ],
            [
              -83.71333,
              42.29698
            ],
            [
              -83.71332,
              42.2969
            ],
            [
              -83.71361,
              42.2969
            ],
            [
              -83.71361,
              42.2972
            ],
            [
              -83.71362,
              42.29748
            ],
            [
              -83.71333,
              42.29748
            ]
          ]
        ]
      }
    },
    {
      "type": "Feature",
      "properties": {
        "name": "Northwood II - Building 13",
        "slug": "northwood-ii-building-13",
        "category": "Housing",
        "floors": 2
      },
      "geometry": {
        "type": "Polygon",
        "coordinates": [
          [
            [
              -83.71275,
              42.29749
            ],
            [
              -83.71275,
              42.29742
            ],
            [
              -83.71255,
              42.29742
            ],
            [
              -83.71255,
              42.29697
            ],
            [
              -83.71274,
              42.29697
            ],
            [
              -83.71274,
              42.29691
            ],
            [
              -83.71246,
              42.29691
            ],
            [
              -83.71246,
              42.29749
            ],
            [
              -83.71275,
              42.29749
            ]
          ]
        ]
      }
    },
    {
      "type": "Feature",
      "properties": {
        "name": "Northwood II - Building 14",
        "slug": "northwood-ii-building-14",
        "category": "Housing",
        "floors": 2
      },
      "geometry": {
        "type": "Polygon",
        "coordinates": [
          [
            [
              -83.71464,
              42.29714
            ],
            [
              -83.71464,
              42.29702
            ],
            [
              -83.71475,
              42.29702
            ],
            [
              -83.71475,
              42.29722
            ],
            [
              -83.714,
              42.29722
            ],
            [
              -83.714,
              42.29702
            ],
            [
              -83.71411,
              42.29703
            ],
            [
              -83.71411,
              42.29714
            ],
            [
              -83.71464,
              42.29714
            ]
          ]
        ]
      }
    },
    {
      "type": "Feature",
      "properties": {
        "name": "Northwood II - Building 15",
        "slug": "northwood-ii-building-15",
        "category": "Housing",
        "floors": 2
      },
      "geometry": {
        "type": "Polygon",
        "coordinates": [
          [
            [
              -83.71406,
              42.29698
            ],
            [
              -83.71415,
              42.29698
            ],
            [
              -83.71415,
              42.29659
            ],
            [
              -83.71406,
              42.29659
            ],
            [
              -83.71406,
              42.29698
            ]
          ]
        ]
      }
    },
    {
      "type": "Feature",
      "properties": {
        "name": "Northwood II - Building 16",
        "slug": "northwood-ii-building-16",
        "category": "Housing",
        "floors": 2
      },
      "geometry": {
        "type": "Polygon",
        "coordinates": [
          [
            [
              -83.71326,
              42.29717
            ],
            [
              -83.71326,
              42.29709
            ],
            [
              -83.71282,
              42.29709
            ],
            [
              -83.71282,
              42.29717
            ],
            [
              -83.71326,
              42.29717
            ]
          ]
        ]
      }
    },
    {
      "type": "Feature",
      "properties": {
        "name": "Northwood II - Building 17",
        "slug": "northwood-ii-building-17",
        "category": "Housing",
        "floors": 2
      },
      "geometry": {
        "type": "Polygon",
        "coordinates": [
          [
            [
              -83.71295,
              42.29809
            ],
            [
              -83.71251,
              42.2981
            ],
            [
              -83.71251,
              42.29802
            ],
            [
              -83.71295,
              42.29801
            ],
            [
              -83.71295,
              42.29809
            ]
          ]
        ]
      }
    },
    {
      "type": "Feature",
      "properties": {
        "name": "Northwood II - Building 18",
        "slug": "northwood-ii-building-18",
        "category": "Housing",
        "floors": 2
      },
      "geometry": {
        "type": "Polygon",
        "coordinates": [
          [
            [
              -83.71342,
              42.29814
            ],
            [
              -83.71298,
              42.29811
            ],
            [
              -83.71297,
              42.29819
            ],
            [
              -83.71341,
              42.29821
            ],
            [
              -83.71342,
              42.29814
            ]
          ]
        ]
      }
    },
    {
      "type": "Feature",
      "properties": {
        "name": "Northwood II - Building 19",
        "slug": "northwood-ii-building-19",
        "category": "Housing",
        "floors": 2
      },
      "geometry": {
        "type": "Polygon",
        "coordinates": [
          [
            [
              -83.71377,
              42.29835
            ],
            [
              -83.71378,
              42.29828
            ],
            [
              -83.71343,
              42.29825
            ],
            [
              -83.71343,
              42.29833
            ],
            [
              -83.71377,
              42.29835
            ]
          ]
        ]
      }
    },
    {
      "type": "Feature",
      "properties": {
        "name": "Northwood II - Building 20",
        "slug": "northwood-ii-building-20",
        "category": "Housing",
        "floors": 2
      },
      "geometry": {
        "type": "Polygon",
        "coordinates": [
          [
            [
              -83.71409,
              42.29826
            ],
            [
              -83.71412,
              42.29818
            ],
            [
              -83.71379,
              42.29812
            ],
            [
              -83.71377,
              42.2982
            ],
            [
              -83.71409,
              42.29826
            ]
          ]
        ]
      }
    },
    {
      "type": "Feature",
      "properties": {
        "name": "Northwood II - Building 21",
        "slug": "northwood-ii-building-21",
        "category": "Housing",
        "floors": 2
      },
      "geometry": {
        "type": "Polygon",
        "coordinates": [
          [
            [
              -83.71416,
              42.29839
            ],
            [
              -83.71412,
              42.29846
            ],
            [
              -83.71455,
              42.29859
            ],
            [
              -83.71459,
              42.29852
            ],
            [
              -83.71416,
              42.29839
            ]
          ]
        ]
      }
    },
    {
      "type": "Feature",
      "properties": {
        "name": "Northwood II - Building 22",
        "slug": "northwood-ii-building-22",
        "category": "Housing",
        "floors": 2
      },
      "geometry": {
        "type": "Polygon",
        "coordinates": [
          [
            [
              -83.71402,
              42.29853
            ],
            [
              -83.71399,
              42.29861
            ],
            [
              -83.71367,
              42.29855
            ],
            [
              -83.7137,
              42.29847
            ],
            [
              -83.71402,
              42.29853
            ]
          ]
        ]
      }
    },
    {
      "type": "Feature",
      "properties": {
        "name": "Northwood II - Building 23",
        "slug": "northwood-ii-building-23",
        "category": "Housing",
        "floors": 2
      },
      "geometry": {
        "type": "Polygon",
        "coordinates": [
          [
            [
              -83.71321,
              42.29856
            ],
            [
              -83.71288,
              42.29855
            ],
            [
              -83.71289,
              42.29847
            ],
            [
              -83.71322,
              42.29848
            ],
            [
              -83.71321,
              42.29856
            ]
          ]
        ]
      }
    },
    {
      "type": "Feature",
      "properties": {
        "name": "Northwood II - Building 24",
        "slug": "northwood-ii-building-24",
        "category": "Housing",
        "floors": 2
      },
      "geometry": {
        "type": "Polygon",
        "coordinates": [
          [
            [
              -83.71315,
              42.2991
            ],
            [
              -83.71315,
              42.29901
            ],
            [
              -83.71271,
              42.29901
            ],
            [
              -83.71271,
              42.2991
            ],
            [
              -83.71315,
              42.2991
            ]
          ]
        ]
      }
    },
    {
      "type": "Feature",
      "properties": {
        "name": "Northwood IV - Building 1",
        "slug": "northwood-iv-building-1",
        "category": "Housing",
        "floors": 2
      },
      "geometry": {
        "type": "Polygon",
        "coordinates": [
          [
            [
              -83.71185,
              42.29955
            ],
            [
              -83.71185,
              42.29949
            ],
            [
              -83.71166,
              42.29949
            ],
            [
              -83.71166,
              42.29955
            ],
            [
              -83.71185,
              42.29955
            ]
          ]
        ]
      }
    },
    {
      "type": "Feature",
      "properties": {
        "name": "Northwood IV - Building 2",
        "slug": "northwood-iv-building-2",
        "category": "Housing",
        "floors": 2
      },
      "geometry": {
        "type": "Polygon",
        "coordinates": [
          [
            [
              -83.71012,
              42.30157
            ],
            [
              -83.71012,
              42.3014
            ],
            [
              -83.71025,
              42.3014
            ],
            [
              -83.71025,
              42.30157
            ],
            [
              -83.71012,
              42.30157
            ]
          ]
        ]
      }
    },
    {
      "type": "Feature",
      "properties": {
        "name": "Northwood IV - Building 3",
        "slug": "northwood-iv-building-3",
        "category": "Housing",
        "floors": 2
      },
      "geometry": {
        "type": "Polygon",
        "coordinates": [
          [
            [
              -83.71078,
              42.30143
            ],
            [
              -83.71061,
              42.30143
            ],
            [
              -83.7106,
              42.30119
            ],
            [
              -83.71074,
              42.30119
            ],
            [
              -83.71074,
              42.30138
            ],
            [
              -83.71078,
              42.30138
            ],
            [
              -83.71078,
              42.30143
            ]
          ]
        ]
      }
    },
    {
      "type": "Feature",
      "properties": {
        "name": "Northwood IV - Building 4",
        "slug": "northwood-iv-building-4",
        "category": "Housing",
        "floors": 2
      },
      "geometry": {
        "type": "Polygon",
        "coordinates": [
          [
            [
              -83.71074,
              42.30146
            ],
            [
              -83.71061,
              42.30146
            ],
            [
              -83.71061,
              42.30162
            ],
            [
              -83.71074,
              42.30162
            ],
            [
              -83.71074,
              42.30146
            ]
          ]
        ]
      }
    },
    {
      "type": "Feature",
      "properties": {
        "name": "Northwood IV - Building 5",
        "slug": "northwood-iv-building-5",
        "category": "Housing",
        "floors": 2
      },
      "geometry": {
        "type": "Polygon",
        "coordinates": [
          [
            [
              -83.71044,
              42.30172
            ],
            [
              -83.71039,
              42.30172
            ],
            [
              -83.71039,
              42.30166
            ],
            [
              -83.71028,
              42.30166
            ],
            [
              -83.71028,
              42.30155
            ],
            [
              -83.7104,
              42.30155
            ],
            [
              -83.7104,
              42.3016
            ],
            [
              -83.71044,
              42.3016
            ],
            [
              -83.71044,
              42.30172
            ]
          ]
        ]
      }
    },
    {
      "type": "Feature",
      "properties": {
        "name": "Northwood IV - Building 6",
        "slug": "northwood-iv-building-6",
        "category": "Housing",
        "floors": 2
      },
      "geometry": {
        "type": "Polygon",
        "coordinates": [
          [
            [
              -83.71053,
              42.30136
            ],
            [
              -83.71053,
              42.30125
            ],
            [
              -83.71021,
              42.30125
            ],
            [
              -83.71021,
              42.30136
            ],
            [
              -83.71053,
              42.30136
            ]
          ]
        ]
      }
    },
    {
      "type": "Feature",
      "properties": {
        "name": "Northwood IV - Building 7",
        "slug": "northwood-iv-building-7",
        "category": "Housing",
        "floors": 2
      },
      "geometry": {
        "type": "Polygon",
        "coordinates": [
          [
            [
              -83.71049,
              42.30175
            ],
            [
              -83.71049,
              42.30165
            ],
            [
              -83.71073,
              42.30165
            ],
            [
              -83.71073,
              42.30175
            ],
            [
              -83.71049,
              42.30175
            ]
          ]
        ]
      }
    },
    {
      "type": "Feature",
      "properties": {
        "name": "Northwood IV - Building 8",
        "slug": "northwood-iv-building-8",
        "category": "Housing",
        "floors": 2
      },
      "geometry": {
        "type": "Polygon",
        "coordinates": [
          [
            [
              -83.71117,
              42.30113
            ],
            [
              -83.71117,
              42.30103
            ],
            [
              -83.71095,
              42.30103
            ],
            [
              -83.71095,
              42.30113
            ],
            [
              -83.71117,
              42.30113
            ]
          ]
        ]
      }
    },
    {
      "type": "Feature",
      "properties": {
        "name": "Northwood IV - Building 9",
        "slug": "northwood-iv-building-9",
        "category": "Housing",
        "floors": 2
      },
      "geometry": {
        "type": "Polygon",
        "coordinates": [
          [
            [
              -83.71048,
              42.3007
            ],
            [
              -83.71035,
              42.3007
            ],
            [
              -83.71035,
              42.30085
            ],
            [
              -83.71032,
              42.30085
            ],
            [
              -83.71032,
              42.3009
            ],
            [
              -83.71048,
              42.3009
            ],
            [
              -83.71048,
              42.3007
            ]
          ]
        ]
      }
    },
    {
      "type": "Feature",
      "properties": {
        "name": "Northwood IV - Building 10",
        "slug": "northwood-iv-building-10",
        "category": "Housing",
        "floors": 2
      },
      "geometry": {
        "type": "Polygon",
        "coordinates": [
          [
            [
              -83.71035,
              42.30102
            ],
            [
              -83.71035,
              42.30093
            ],
            [
              -83.71049,
              42.30093
            ],
            [
              -83.71049,
              42.30104
            ],
            [
              -83.71052,
              42.30104
            ],
            [
              -83.71052,
              42.30113
            ],
            [
              -83.71048,
              42.30113
            ],
            [
              -83.71048,
              42.30116
            ],
            [
              -83.71043,
              42.30116
            ],
            [
              -83.71043,
              42.30102
            ],
            [
              -83.71035,
              42.30102
            ]
          ]
        ]
      }
    },
    {
      "type": "Feature",
      "properties": {
        "name": "Northwood IV - Building 11",
        "slug": "northwood-iv-building-11",
        "category": "Housing",
        "floors": 2
      },
      "geometry": {
        "type": "Polygon",
        "coordinates": [
          [
            [
              -83.71072,
              42.30116
            ],
            [
              -83.71062,
              42.30116
            ],
            [
              -83.71062,
              42.30111
            ],
            [
              -83.71066,
              42.30111
            ],
            [
              -83.71066,
              42.30106
            ],
            [
              -83.71062,
              42.30106
            ],
            [
              -83.71061,
              42.301
            ],
            [
              -83.71077,
              42.301
            ],
            [
              -83.71077,
              42.30104
            ],
            [
              -83.71085,
              42.30104
            ],
            [
              -83.71085,
              42.301
            ],
            [
              -83.71092,
              42.301
            ],
            [
              -83.71092,
              42.30109
            ],
            [
              -83.71072,
              42.30109
            ],
            [
              -83.71072,
              42.30116
            ]
          ]
        ]
      }
    },
    {
      "type": "Feature",
      "properties": {
        "name": "Northwood IV - Building 12",
        "slug": "northwood-iv-building-12",
        "category": "Housing",
        "floors": 2
      },
      "geometry": {
        "type": "Polygon",
        "coordinates": [
          [
            [
              -83.71111,
              42.30076
            ],
            [
              -83.71117,
              42.30076
            ],
            [
              -83.71117,
              42.30089
            ],
            [
              -83.71087,
              42.30088
            ],
            [
              -83.71087,
              42.30092
            ],
            [
              -83.71075,
              42.30092
            ],
            [
              -83.71075,
              42.30089
            ],
            [
              -83.71071,
              42.30089
            ],
            [
              -83.71071,
              42.30084
            ],
            [
              -83.71091,
              42.30084
            ],
            [
              -83.71091,
              42.30079
            ],
            [
              -83.71111,
              42.30079
            ],
            [
              -83.71111,
              42.30076
            ]
          ]
        ]
      }
    },
    {
      "type": "Feature",
      "properties": {
        "name": "Northwood IV - Building 13",
        "slug": "northwood-iv-building-13",
        "category": "Housing",
        "floors": 2
      },
      "geometry": {
        "type": "Polygon",
        "coordinates": [
          [
            [
              -83.71069,
              42.30024
            ],
            [
              -83.71069,
              42.29996
            ],
            [
              -83.71055,
              42.29996
            ],
            [
              -83.71056,
              42.30024
            ],
            [
              -83.71069,
              42.30024
            ]
          ]
        ]
      }
    },
    {
      "type": "Feature",
      "properties": {
        "name": "Northwood IV - Building 14",
        "slug": "northwood-iv-building-14",
        "category": "Housing",
        "floors": 2
      },
      "geometry": {
        "type": "Polygon",
        "coordinates": [
          [
            [
              -83.71067,
              42.30081
            ],
            [
              -83.71079,
              42.30081
            ],
            [
              -83.71079,
              42.3006
            ],
            [
              -83.71067,
              42.30061
            ],
            [
              -83.71067,
              42.30081
            ]
          ]
        ]
      }
    },
    {
      "type": "Feature",
      "properties": {
        "name": "Northwood IV - Building 15",
        "slug": "northwood-iv-building-15",
        "category": "Housing",
        "floors": 2
      },
      "geometry": {
        "type": "Polygon",
        "coordinates": [
          [
            [
              -83.70962,
              42.30068
            ],
            [
              -83.70949,
              42.30068
            ],
            [
              -83.70949,
              42.30047
            ],
            [
              -83.70962,
              42.30047
            ],
            [
              -83.70962,
              42.30068
            ]
          ]
        ]
      }
    },
    {
      "type": "Feature",
      "properties": {
        "name": "Northwood IV - Building 16",
        "slug": "northwood-iv-building-16",
        "category": "Housing",
        "floors": 2
      },
      "geometry": {
        "type": "Polygon",
        "coordinates": [
          [
            [
              -83.70983,
              42.30074
            ],
            [
              -83.70965,
              42.30074
            ],
            [
              -83.70965,
              42.30064
            ],
            [
              -83.70983,
              42.30064
            ],
            [
              -83.70983,
              42.30074
            ]
          ]
        ]
      }
    },
    {
      "type": "Feature",
      "properties": {
        "name": "Northwood IV - Building 17",
        "slug": "northwood-iv-building-17",
        "category": "Housing",
        "floors": 2
      },
      "geometry": {
        "type": "Polygon",
        "coordinates": [
          [
            [
              -83.71016,
              42.30067
            ],
            [
              -83.71015,
              42.30057
            ],
            [
              -83.70998,
              42.30057
            ],
            [
              -83.70999,
              42.30067
            ],
            [
              -83.71016,
              42.30067
            ]
          ]
        ]
      }
    },
    {
      "type": "Feature",
      "properties": {
        "name": "Northwood IV - Building 18",
        "slug": "northwood-iv-building-18",
        "category": "Housing",
        "floors": 2
      },
      "geometry": {
        "type": "Polygon",
        "coordinates": [
          [
            [
              -83.7104,
              42.30066
            ],
            [
              -83.7104,
              42.30058
            ],
            [
              -83.71033,
              42.30058
            ],
            [
              -83.71033,
              42.30061
            ],
            [
              -83.71026,
              42.30061
            ],
            [
              -83.71026,
              42.30058
            ],
            [
              -83.7102,
              42.30058
            ],
            [
              -83.7102,
              42.30066
            ],
            [
              -83.7104,
              42.30066
            ]
          ]
        ]
      }
    },
    {
      "type": "Feature",
      "properties": {
        "name": "Northwood IV - Building 19",
        "slug": "northwood-iv-building-19",
        "category": "Housing",
        "floors": 2
      },
      "geometry": {
        "type": "Polygon",
        "coordinates": [
          [
            [
              -83.7102,
              42.30037
            ],
            [
              -83.7102,
              42.30043
            ],
            [
              -83.71036,
              42.30043
            ],
            [
              -83.71036,
              42.30028
            ],
            [
              -83.71027,
              42.30028
            ],
            [
              -83.71027,
              42.3002
            ],
            [
              -83.7104,
              42.3002
            ],
            [
              -83.7104,
              42.30031
            ],
            [
              -83.71045,
              42.30031
            ],
            [
              -83.71045,
              42.3004
            ],
            [
              -83.7104,
              42.3004
            ],
            [
              -83.7104,
              42.30047
            ],
            [
              -83.71035,
              42.30047
            ],
            [
              -83.71035,
              42.3005
            ],
            [
              -83.71024,
              42.3005
            ],
            [
              -83.71024,
              42.30047
            ],
            [
              -83.71009,
              42.30047
            ],
            [
              -83.71009,
              42.30037
            ],
            [
              -83.7102,
              42.30037
            ]
          ]
        ]
      }
    },
    {
      "type": "Feature",
      "properties": {
        "name": "Northwood IV - Building 20",
        "slug": "northwood-iv-building-20",
        "category": "Housing",
        "floors": 2
      },
      "geometry": {
        "type": "Polygon",
        "coordinates": [
          [
            [
              -83.70966,
              42.3005
            ],
            [
              -83.70965,
              42.30041
            ],
            [
              -83.70977,
              42.30041
            ],
            [
              -83.70978,
              42.3005
            ],
            [
              -83.70966,
              42.3005
            ]
          ]
        ]
      }
    },
    {
      "type": "Feature",
      "properties": {
        "name": "Northwood IV - Building 21",
        "slug": "northwood-iv-building-21",
        "category": "Housing",
        "floors": 2
      },
      "geometry": {
        "type": "Polygon",
        "coordinates": [
          [
            [
              -83.71005,
              42.30047
            ],
            [
              -83.70988,
              42.30048
            ],
            [
              -83.70988,
              42.30037
            ],
            [
              -83.70999,
              42.30037
            ],
            [
              -83.70999,
              42.30035
            ],
            [
              -83.71005,
              42.30035
            ],
            [
              -83.71005,
              42.30047
            ]
          ]
        ]
      }
    },
    {
      "type": "Feature",
      "properties": {
        "name": "Northwood IV - Building 22",
        "slug": "northwood-iv-building-22",
        "category": "Housing",
        "floors": 2
      },
      "geometry": {
        "type": "Polygon",
        "coordinates": [
          [
            [
              -83.71138,
              42.30113
            ],
            [
              -83.71121,
              42.30113
            ],
            [
              -83.71121,
              42.30103
            ],
            [
              -83.71138,
              42.30103
            ],
            [
              -83.71138,
              42.30113
            ]
          ]
        ]
      }
    },
    {
      "type": "Feature",
      "properties": {
        "name": "Northwood IV - Building 23",
        "slug": "northwood-iv-building-23",
        "category": "Housing",
        "floors": 2
      },
      "geometry": {
        "type": "Polygon",
        "coordinates": [
          [
            [
              -83.71121,
              42.30078
            ],
            [
              -83.71122,
              42.30089
            ],
            [
              -83.71132,
              42.30089
            ],
            [
              -83.71132,
              42.30093
            ],
            [
              -83.71147,
              42.30093
            ],
            [
              -83.71147,
              42.30096
            ],
            [
              -83.71158,
              42.30096
            ],
            [
              -83.71158,
              42.30093
            ],
            [
              -83.71173,
              42.30093
            ],
            [
              -83.71173,
              42.30083
            ],
            [
              -83.71162,
              42.30083
            ],
            [
              -83.71162,
              42.30088
            ],
            [
              -83.71144,
              42.30089
            ],
            [
              -83.71144,
              42.30083
            ],
            [
              -83.71134,
              42.30083
            ],
            [
              -83.71134,
              42.30078
            ],
            [
              -83.71121,
              42.30078
            ]
          ]
        ]
      }
    },
    {
      "type": "Feature",
      "properties": {
        "name": "Northwood IV - Building 24",
        "slug": "northwood-iv-building-24",
        "category": "Housing",
        "floors": 2
      },
      "geometry": {
        "type": "Polygon",
        "coordinates": [
          [
            [
              -83.71052,
              42.30028
            ],
            [
              -83.71064,
              42.30028
            ],
            [
              -83.71064,
              42.30042
            ],
            [
              -83.71069,
              42.30042
            ],
            [
              -83.71069,
              42.30059
            ],
            [
              -83.71056,
              42.30059
            ],
            [
              -83.71056,
              42.30043
            ],
            [
              -83.71053,
              42.30043
            ],
            [
              -83.71052,
              42.30039
            ],
            [
              -83.71056,
              42.30039
            ],
            [
              -83.71056,
              42.30033
            ],
            [
              -83.71052,
              42.30033
            ],
            [
              -83.71052,
              42.30028
            ]
          ]
        ]
      }
    },
    {
      "type": "Feature",
      "properties": {
        "name": "Northwood IV - Building 25",
        "slug": "northwood-iv-building-25",
        "category": "Housing",
        "floors": 2
      },
      "geometry": {
        "type": "Polygon",
        "coordinates": [
          [
            [
              -83.7119,
              42.30106
            ],
            [
              -83.71176,
              42.30106
            ],
            [
              -83.71176,
              42.3009
            ],
            [
              -83.7119,
              42.3009
            ],
            [
              -83.7119,
              42.30106
            ]
          ]
        ]
      }
    },
    {
      "type": "Feature",
      "properties": {
        "name": "Northwood IV - Building 26",
        "slug": "northwood-iv-building-26",
        "category": "Housing",
        "floors": 2
      },
      "geometry": {
        "type": "Polygon",
        "coordinates": [
          [
            [
              -83.71198,
              42.30116
            ],
            [
              -83.71198,
              42.3012
            ],
            [
              -83.71181,
              42.3012
            ],
            [
              -83.71181,
              42.30108
            ],
            [
              -83.71195,
              42.30108
            ],
            [
              -83.71195,
              42.30116
            ],
            [
              -83.71198,
              42.30116
            ]
          ]
        ]
      }
    },
    {
      "type": "Feature",
      "properties": {
        "name": "Northwood IV - Building 27",
        "slug": "northwood-iv-building-27",
        "category": "Housing",
        "floors": 2
      },
      "geometry": {
        "type": "Polygon",
        "coordinates": [
          [
            [
              -83.71195,
              42.30132
            ],
            [
              -83.712,
              42.30132
            ],
            [
              -83.712,
              42.30123
            ],
            [
              -83.71187,
              42.30123
            ],
            [
              -83.71187,
              42.30132
            ],
            [
              -83.71181,
              42.30132
            ],
            [
              -83.71181,
              42.30145
            ],
            [
              -83.71195,
              42.30145
            ],
            [
              -83.71195,
              42.30132
            ]
          ]
        ]
      }
    },
    {
      "type": "Feature",
      "properties": {
        "name": "Northwood IV - Building 28",
        "slug": "northwood-iv-building-28",
        "category": "Housing",
        "floors": 2
      },
      "geometry": {
        "type": "Polygon",
        "coordinates": [
          [
            [
              -83.71162,
              42.30156
            ],
            [
              -83.71184,
              42.30156
            ],
            [
              -83.71184,
              42.30146
            ],
            [
              -83.71162,
              42.30146
            ],
            [
              -83.71162,
              42.30156
            ]
          ]
        ]
      }
    },
    {
      "type": "Feature",
      "properties": {
        "name": "Northwood IV - Building 29",
        "slug": "northwood-iv-building-29",
        "category": "Housing",
        "floors": 2
      },
      "geometry": {
        "type": "Polygon",
        "coordinates": [
          [
            [
              -83.7115,
              42.30127
            ],
            [
              -83.7115,
              42.30119
            ],
            [
              -83.71147,
              42.30119
            ],
            [
              -83.71147,
              42.30115
            ],
            [
              -83.71163,
              42.30115
            ],
            [
              -83.71163,
              42.30127
            ],
            [
              -83.7115,
              42.30127
            ]
          ]
        ]
      }
    },
    {
      "type": "Feature",
      "properties": {
        "name": "Northwood IV - Building 30",
        "slug": "northwood-iv-building-30",
        "category": "Housing",
        "floors": 2
      },
      "geometry": {
        "type": "Polygon",
        "coordinates": [
          [
            [
              -83.71156,
              42.30104
            ],
            [
              -83.71163,
              42.30104
            ],
            [
              -83.71163,
              42.30112
            ],
            [
              -83.71143,
              42.30112
            ],
            [
              -83.71143,
              42.30104
            ],
            [
              -83.71149,
              42.30104
            ],
            [
              -83.71149,
              42.30107
            ],
            [
              -83.71156,
              42.30107
            ],
            [
              -83.71156,
              42.30104
            ]
          ]
        ]
      }
    },
    {
      "type": "Feature",
      "properties": {
        "name": "Northwood IV - Building 31",
        "slug": "northwood-iv-building-31",
        "category": "Housing",
        "floors": 2
      },
      "geometry": {
        "type": "Polygon",
        "coordinates": [
          [
            [
              -83.7115,
              42.30144
            ],
            [
              -83.7115,
              42.3013
            ],
            [
              -83.71164,
              42.3013
            ],
            [
              -83.71164,
              42.30144
            ],
            [
              -83.7115,
              42.30144
            ]
          ]
        ]
      }
    },
    {
      "type": "Feature",
      "properties": {
        "name": "Northwood IV - Building 32",
        "slug": "northwood-iv-building-32",
        "category": "Housing",
        "floors": 2
      },
      "geometry": {
        "type": "Polygon",
        "coordinates": [
          [
            [
              -83.71034,
              42.30018
            ],
            [
              -83.7102,
              42.30018
            ],
            [
              -83.7102,
              42.30001
            ],
            [
              -83.71034,
              42.30001
            ],
            [
              -83.71034,
              42.30018
            ]
          ]
        ]
      }
    },
    {
      "type": "Feature",
      "properties": {
        "name": "Northwood IV - Building 33",
        "slug": "northwood-iv-building-33",
        "category": "Housing",
        "floors": 2
      },
      "geometry": {
        "type": "Polygon",
        "coordinates": [
          [
            [
              -83.71073,
              42.29993
            ],
            [
              -83.71073,
              42.29988
            ],
            [
              -83.71069,
              42.29988
            ],
            [
              -83.71069,
              42.29968
            ],
            [
              -83.71056,
              42.29968
            ],
            [
              -83.71056,
              42.29993
            ],
            [
              -83.71073,
              42.29993
            ]
          ]
        ]
      }
    },
    {
      "type": "Feature",
      "properties": {
        "name": "Northwood IV - Building 34",
        "slug": "northwood-iv-building-34",
        "category": "Housing",
        "floors": 2
      },
      "geometry": {
        "type": "Polygon",
        "coordinates": [
          [
            [
              -83.71033,
              42.29999
            ],
            [
              -83.71021,
              42.29999
            ],
            [
              -83.71021,
              42.29981
            ],
            [
              -83.71034,
              42.29981
            ],
            [
              -83.71033,
              42.29999
            ]
          ]
        ]
      }
    },
    {
      "type": "Feature",
      "properties": {
        "name": "Northwood IV - Building 35",
        "slug": "northwood-iv-building-35",
        "category": "Housing",
        "floors": 2
      },
      "geometry": {
        "type": "Polygon",
        "coordinates": [
          [
            [
              -83.71032,
              42.2997
            ],
            [
              -83.71032,
              42.29965
            ],
            [
              -83.71028,
              42.29965
            ],
            [
              -83.71028,
              42.29962
            ],
            [
              -83.71017,
              42.29962
            ],
            [
              -83.71017,
              42.29965
            ],
            [
              -83.71013,
              42.29965
            ],
            [
              -83.71013,
              42.29969
            ],
            [
              -83.71032,
              42.2997
            ]
          ]
        ]
      }
    },
    {
      "type": "Feature",
      "properties": {
        "name": "Northwood IV - Building 36",
        "slug": "northwood-iv-building-36",
        "category": "Housing",
        "floors": 2
      },
      "geometry": {
        "type": "Polygon",
        "coordinates": [
          [
            [
              -83.71062,
              42.29948
            ],
            [
              -83.71065,
              42.29948
            ],
            [
              -83.71065,
              42.29944
            ],
            [
              -83.71048,
              42.29944
            ],
            [
              -83.71048,
              42.29961
            ],
            [
              -83.71062,
              42.29961
            ],
            [
              -83.71062,
              42.29948
            ]
          ]
        ]
      }
    },
    {
      "type": "Feature",
      "properties": {
        "name": "Northwood IV - Building 37",
        "slug": "northwood-iv-building-37",
        "category": "Housing",
        "floors": 2
      },
      "geometry": {
        "type": "Polygon",
        "coordinates": [
          [
            [
              -83.71061,
              42.2994
            ],
            [
              -83.71051,
              42.2994
            ],
            [
              -83.71051,
              42.29935
            ],
            [
              -83.71055,
              42.29935
            ],
            [
              -83.71055,
              42.2993
            ],
            [
              -83.71051,
              42.2993
            ],
            [
              -83.71051,
              42.29925
            ],
            [
              -83.71061,
              42.29925
            ],
            [
              -83.71061,
              42.2994
            ]
          ]
        ]
      }
    },
    {
      "type": "Feature",
      "properties": {
        "name": "Northwood IV - Building 38",
        "slug": "northwood-iv-building-38",
        "category": "Housing",
        "floors": 2
      },
      "geometry": {
        "type": "Polygon",
        "coordinates": [
          [
            [
              -83.71006,
              42.29975
            ],
            [
              -83.71006,
              42.29965
            ],
            [
              -83.70985,
              42.29965
            ],
            [
              -83.70985,
              42.29977
            ],
            [
              -83.70991,
              42.29977
            ],
            [
              -83.70991,
              42.29975
            ],
            [
              -83.71006,
              42.29975
            ]
          ]
        ]
      }
    },
    {
      "type": "Feature",
      "properties": {
        "name": "Northwood IV - Building 39",
        "slug": "northwood-iv-building-39",
        "category": "Housing",
        "floors": 2
      },
      "geometry": {
        "type": "Polygon",
        "coordinates": [
          [
            [
              -83.7098,
              42.29977
            ],
            [
              -83.7098,
              42.29967
            ],
            [
              -83.70964,
              42.29968
            ],
            [
              -83.70964,
              42.29977
            ],
            [
              -83.7098,
              42.29977
            ]
          ]
        ]
      }
    },
    {
      "type": "Feature",
      "properties": {
        "name": "Northwood IV - Building 40",
        "slug": "northwood-iv-building-40",
        "category": "Housing",
        "floors": 2
      },
      "geometry": {
        "type": "Polygon",
        "coordinates": [
          [
            [
              -83.7096,
              42.2997
            ],
            [
              -83.70947,
              42.2997
            ],
            [
              -83.70948,
              42.2995
            ],
            [
              -83.70961,
              42.2995
            ],
            [
              -83.7096,
              42.2997
            ]
          ]
        ]
      }
    },
    {
      "type": "Feature",
      "properties": {
        "name": "Northwood IV - Building 41",
        "slug": "northwood-iv-building-41",
        "category": "Housing",
        "floors": 2
      },
      "geometry": {
        "type": "Polygon",
        "coordinates": [
          [
            [
              -83.70998,
              42.29948
            ],
            [
              -83.70982,
              42.29948
            ],
            [
              -83.70982,
              42.29952
            ],
            [
              -83.70965,
              42.29952
            ],
            [
              -83.70965,
              42.29942
            ],
            [
              -83.70981,
              42.29942
            ],
            [
              -83.70981,
              42.29938
            ],
            [
              -83.70998,
              42.29938
            ],
            [
              -83.70998,
              42.29948
            ]
          ]
        ]
      }
    },
    {
      "type": "Feature",
      "properties": {
        "name": "Northwood IV - Building 42",
        "slug": "northwood-iv-building-42",
        "category": "Housing",
        "floors": 2
      },
      "geometry": {
        "type": "Polygon",
        "coordinates": [
          [
            [
              -83.71032,
              42.29951
            ],
            [
              -83.71026,
              42.29951
            ],
            [
              -83.71026,
              42.29948
            ],
            [
              -83.71019,
              42.29948
            ],
            [
              -83.71019,
              42.29951
            ],
            [
              -83.71002,
              42.29951
            ],
            [
              -83.71002,
              42.29942
            ],
            [
              -83.71013,
              42.29942
            ],
            [
              -83.71013,
              42.29944
            ],
            [
              -83.71032,
              42.29944
            ],
            [
              -83.71032,
              42.29951
            ]
          ]
        ]
      }
    },
    {
      "type": "Feature",
      "properties": {
        "name": "Northwood IV - Building 43",
        "slug": "northwood-iv-building-43",
        "category": "Housing",
        "floors": 2
      },
      "geometry": {
        "type": "Polygon",
        "coordinates": [
          [
            [
              -83.71035,
              42.29937
            ],
            [
              -83.71035,
              42.29941
            ],
            [
              -83.71029,
              42.2994
            ],
            [
              -83.71029,
              42.29925
            ],
            [
              -83.71035,
              42.29925
            ],
            [
              -83.71035,
              42.29928
            ],
            [
              -83.71039,
              42.29928
            ],
            [
              -83.71039,
              42.29937
            ],
            [
              -83.71035,
              42.29937
            ]
          ]
        ]
      }
    },
    {
      "type": "Feature",
      "properties": {
        "name": "Northwood IV - Building 44",
        "slug": "northwood-iv-building-44",
        "category": "Housing",
        "floors": 2
      },
      "geometry": {
        "type": "Polygon",
        "coordinates": [
          [
            [
              -83.71025,
              42.2993
            ],
            [
              -83.70997,
              42.29931
            ],
            [
              -83.70997,
              42.2992
            ],
            [
              -83.71024,
              42.2992
            ],
            [
              -83.71025,
              42.2993
            ]
          ]
        ]
      }
    },
    {
      "type": "Feature",
      "properties": {
        "name": "Northwood IV - Building 45",
        "slug": "northwood-iv-building-45",
        "category": "Housing",
        "floors": 2
      },
      "geometry": {
        "type": "Polygon",
        "coordinates": [
          [
            [
              -83.7098,
              42.29925
            ],
            [
              -83.7098,
              42.29904
            ],
            [
              -83.70994,
              42.29904
            ],
            [
              -83.70994,
              42.29925
            ],
            [
              -83.7098,
              42.29925
            ]
          ]
        ]
      }
    },
    {
      "type": "Feature",
      "properties": {
        "name": "Northwood IV - Building 46",
        "slug": "northwood-iv-building-46",
        "category": "Housing",
        "floors": 2
      },
      "geometry": {
        "type": "Polygon",
        "coordinates": [
          [
            [
              -83.70991,
              42.29902
            ],
            [
              -83.70991,
              42.29889
            ],
            [
              -83.70978,
              42.29889
            ],
            [
              -83.70978,
              42.29902
            ],
            [
              -83.70991,
              42.29902
            ]
          ]
        ]
      }
    },
    {
      "type": "Feature",
      "properties": {
        "name": "Northwood IV - Building 47",
        "slug": "northwood-iv-building-47",
        "category": "Housing",
        "floors": 2
      },
      "geometry": {
        "type": "Polygon",
        "coordinates": [
          [
            [
              -83.71008,
              42.29898
            ],
            [
              -83.71008,
              42.29902
            ],
            [
              -83.71017,
              42.29902
            ],
            [
              -83.71017,
              42.29901
            ],
            [
              -83.71024,
              42.29901
            ],
            [
              -83.71024,
              42.29912
            ],
            [
              -83.71007,
              42.29912
            ],
            [
              -83.71007,
              42.29908
            ],
            [
              -83.70996,
              42.29908
            ],
            [
              -83.70996,
              42.29898
            ],
            [
              -83.71008,
              42.29898
            ]
          ]
        ]
      }
    },
    {
      "type": "Feature",
      "properties": {
        "name": "Northwood IV - Building 48",
        "slug": "northwood-iv-building-48",
        "category": "Housing",
        "floors": 2
      },
      "geometry": {
        "type": "Polygon",
        "coordinates": [
          [
            [
              -83.71028,
              42.29912
            ],
            [
              -83.71028,
              42.29902
            ],
            [
              -83.71059,
              42.29902
            ],
            [
              -83.71059,
              42.29912
            ],
            [
              -83.71028,
              42.29912
            ]
          ]
        ]
      }
    },
    {
      "type": "Feature",
      "properties": {
        "name": "Northwood IV - Building 49",
        "slug": "northwood-iv-building-49",
        "category": "Housing",
        "floors": 2
      },
      "geometry": {
        "type": "Polygon",
        "coordinates": [
          [
            [
              -83.71103,
              42.29919
            ],
            [
              -83.71066,
              42.29919
            ],
            [
              -83.71066,
              42.29932
            ],
            [
              -83.71071,
              42.29932
            ],
            [
              -83.71071,
              42.29929
            ],
            [
              -83.71103,
              42.29929
            ],
            [
              -83.71103,
              42.29919
            ]
          ]
        ]
      }
    },
    {
      "type": "Feature",
      "properties": {
        "name": "Northwood IV - Building 50",
        "slug": "northwood-iv-building-50",
        "category": "Housing",
        "floors": 2
      },
      "geometry": {
        "type": "Polygon",
        "coordinates": [
          [
            [
              -83.71071,
              42.29884
            ],
            [
              -83.71071,
              42.29896
            ],
            [
              -83.71057,
              42.29896
            ],
            [
              -83.71057,
              42.29884
            ],
            [
              -83.71063,
              42.29884
            ],
            [
              -83.71063,
              42.29876
            ],
            [
              -83.71069,
              42.29876
            ],
            [
              -83.71068,
              42.29864
            ],
            [
              -83.71082,
              42.29864
            ],
            [
              -83.71082,
              42.29876
            ],
            [
              -83.71076,
              42.29876
            ],
            [
              -83.71076,
              42.29884
            ],
            [
              -83.71071,
              42.29884
            ]
          ]
        ]
      }
    },
    {
      "type": "Feature",
      "properties": {
        "name": "Northwood IV - Building 51",
        "slug": "northwood-iv-building-51",
        "category": "Housing",
        "floors": 2
      },
      "geometry": {
        "type": "Polygon",
        "coordinates": [
          [
            [
              -83.71106,
              42.29923
            ],
            [
              -83.71106,
              42.29899
            ],
            [
              -83.71122,
              42.29899
            ],
            [
              -83.71122,
              42.29903
            ],
            [
              -83.71119,
              42.29903
            ],
            [
              -83.7112,
              42.29923
            ],
            [
              -83.71106,
              42.29923
            ]
          ]
        ]
      }
    },
    {
      "type": "Feature",
      "properties": {
        "name": "Northwood IV - Building 52",
        "slug": "northwood-iv-building-52",
        "category": "Housing",
        "floors": 2
      },
      "geometry": {
        "type": "Polygon",
        "coordinates": [
          [
            [
              -83.71118,
              42.29891
            ],
            [
              -83.7111,
              42.29891
            ],
            [
              -83.7111,
              42.29888
            ],
            [
              -83.71104,
              42.29887
            ],
            [
              -83.71104,
              42.29895
            ],
            [
              -83.71124,
              42.29896
            ],
            [
              -83.71124,
              42.29888
            ],
            [
              -83.71118,
              42.29888
            ],
            [
              -83.71118,
              42.29891
            ]
          ]
        ]
      }
    },
    {
      "type": "Feature",
      "properties": {
        "name": "Northwood IV - Building 53",
        "slug": "northwood-iv-building-53",
        "category": "Housing",
        "floors": 2
      },
      "geometry": {
        "type": "Polygon",
        "coordinates": [
          [
            [
              -83.71138,
              42.299
            ],
            [
              -83.71138,
              42.29902
            ],
            [
              -83.71144,
              42.29902
            ],
            [
              -83.71144,
              42.29889
            ],
            [
              -83.71128,
              42.2989
            ],
            [
              -83.71128,
              42.299
            ],
            [
              -83.71138,
              42.299
            ]
          ]
        ]
      }
    },
    {
      "type": "Feature",
      "properties": {
        "name": "Northwood IV - Building 54",
        "slug": "northwood-iv-building-54",
        "category": "Housing",
        "floors": 2
      },
      "geometry": {
        "type": "Polygon",
        "coordinates": [
          [
            [
              -83.71149,
              42.29901
            ],
            [
              -83.71149,
              42.29891
            ],
            [
              -83.71177,
              42.29891
            ],
            [
              -83.71177,
              42.29901
            ],
            [
              -83.71149,
              42.29901
            ]
          ]
        ]
      }
    },
    {
      "type": "Feature",
      "properties": {
        "name": "Northwood IV - Building 55",
        "slug": "northwood-iv-building-55",
        "category": "Housing",
        "floors": 2
      },
      "geometry": {
        "type": "Polygon",
        "coordinates": [
          [
            [
              -83.71196,
              42.29897
            ],
            [
              -83.71195,
              42.29868
            ],
            [
              -83.71182,
              42.29869
            ],
            [
              -83.71183,
              42.29897
            ],
            [
              -83.71196,
              42.29897
            ]
          ]
        ]
      }
    },
    {
      "type": "Feature",
      "properties": {
        "name": "Northwood IV - Building 56",
        "slug": "northwood-iv-building-56",
        "category": "Housing",
        "floors": 2
      },
      "geometry": {
        "type": "Polygon",
        "coordinates": [
          [
            [
              -83.71145,
              42.29875
            ],
            [
              -83.71145,
              42.29862
            ],
            [
              -83.7115,
              42.29862
            ],
            [
              -83.7115,
              42.29865
            ],
            [
              -83.71176,
              42.29865
            ],
            [
              -83.71176,
              42.29875
            ],
            [
              -83.71145,
              42.29875
            ]
          ]
        ]
      }
    },
    {
      "type": "Feature",
      "properties": {
        "name": "Northwood IV - Building 57",
        "slug": "northwood-iv-building-57",
        "category": "Housing",
        "floors": 2
      },
      "geometry": {
        "type": "Polygon",
        "coordinates": [
          [
            [
              -83.71124,
              42.29871
            ],
            [
              -83.71124,
              42.29865
            ],
            [
              -83.7114,
              42.29865
            ],
            [
              -83.7114,
              42.29875
            ],
            [
              -83.7112,
              42.29875
            ],
            [
              -83.7112,
              42.29878
            ],
            [
              -83.71108,
              42.29878
            ],
            [
              -83.71108,
              42.29875
            ],
            [
              -83.71104,
              42.29875
            ],
            [
              -83.71104,
              42.29871
            ],
            [
              -83.71124,
              42.29871
            ]
          ]
        ]
      }
    },
    {
      "type": "Feature",
      "properties": {
        "name": "Northwood IV - Building 58",
        "slug": "northwood-iv-building-58",
        "category": "Housing",
        "floors": 2
      },
      "geometry": {
        "type": "Polygon",
        "coordinates": [
          [
            [
              -83.71111,
              42.29868
            ],
            [
              -83.71111,
              42.29859
            ],
            [
              -83.71104,
              42.29859
            ],
            [
              -83.71104,
              42.29846
            ],
            [
              -83.71112,
              42.29846
            ],
            [
              -83.71112,
              42.29837
            ],
            [
              -83.71106,
              42.29838
            ],
            [
              -83.71106,
              42.29829
            ],
            [
              -83.71092,
              42.29829
            ],
            [
              -83.71092,
              42.29837
            ],
            [
              -83.71097,
              42.29837
            ],
            [
              -83.71098,
              42.29848
            ],
            [
              -83.71093,
              42.29848
            ],
            [
              -83.71093,
              42.29856
            ],
            [
              -83.71097,
              42.29856
            ],
            [
              -83.71097,
              42.29868
            ],
            [
              -83.71111,
              42.29868
            ]
          ]
        ]
      }
    },
    {
      "type": "Feature",
      "properties": {
        "name": "Northwood IV - Building 59",
        "slug": "northwood-iv-building-59",
        "category": "Housing",
        "floors": 2
      },
      "geometry": {
        "type": "Polygon",
        "coordinates": [
          [
            [
              -83.71086,
              42.29859
            ],
            [
              -83.71076,
              42.29859
            ],
            [
              -83.71076,
              42.29845
            ],
            [
              -83.71086,
              42.29845
            ],
            [
              -83.71086,
              42.2985
            ],
            [
              -83.71081,
              42.2985
            ],
            [
              -83.71081,
              42.29856
            ],
            [
              -83.71086,
              42.29856
            ],
            [
              -83.71086,
              42.29859
            ]
          ]
        ]
      }
    },
    {
      "type": "Feature",
      "properties": {
        "name": "Northwood IV - Building 60",
        "slug": "northwood-iv-building-60",
        "category": "Housing",
        "floors": 2
      },
      "geometry": {
        "type": "Polygon",
        "coordinates": [
          [
            [
              -83.71061,
              42.29847
            ],
            [
              -83.71061,
              42.29842
            ],
            [
              -83.7105,
              42.29842
            ],
            [
              -83.7105,
              42.29833
            ],
            [
              -83.71061,
              42.29833
            ],
            [
              -83.71061,
              42.29836
            ],
            [
              -83.71072,
              42.29836
            ],
            [
              -83.71072,
              42.29847
            ],
            [
              -83.71061,
              42.29847
            ]
          ]
        ]
      }
    },
    {
      "type": "Feature",
      "properties": {
        "name": "Northwood IV - Building 61",
        "slug": "northwood-iv-building-61",
        "category": "Housing",
        "floors": 2
      },
      "geometry": {
        "type": "Polygon",
        "coordinates": [
          [
            [
              -83.71095,
              42.29827
            ],
            [
              -83.71095,
              42.2981
            ],
            [
              -83.71081,
              42.2981
            ],
            [
              -83.71081,
              42.29827
            ],
            [
              -83.71095,
              42.29827
            ]
          ]
        ]
      }
    },
    {
      "type": "Feature",
      "properties": {
        "name": "Northwood IV - Building 62",
        "slug": "northwood-iv-building-62",
        "category": "Housing",
        "floors": 2
      },
      "geometry": {
        "type": "Polygon",
        "coordinates": [
          [
            [
              -83.71045,
              42.2984
            ],
            [
              -83.71045,
              42.29828
            ],
            [
              -83.71029,
              42.29828
            ],
            [
              -83.71029,
              42.29838
            ],
            [
              -83.71039,
              42.29838
            ],
            [
              -83.71039,
              42.2984
            ],
            [
              -83.71045,
              42.2984
            ]
          ]
        ]
      }
    },
    {
      "type": "Feature",
      "properties": {
        "name": "Northwood IV - Building 63",
        "slug": "northwood-iv-building-63",
        "category": "Housing",
        "floors": 2
      },
      "geometry": {
        "type": "Polygon",
        "coordinates": [
          [
            [
              -83.71026,
              42.29831
            ],
            [
              -83.71012,
              42.29831
            ],
            [
              -83.71012,
              42.29811
            ],
            [
              -83.71025,
              42.29811
            ],
            [
              -83.71026,
              42.29831
            ]
          ]
        ]
      }
    },
    {
      "type": "Feature",
      "properties": {
        "name": "Northwood IV - Building 64",
        "slug": "northwood-iv-building-64",
        "category": "Housing",
        "floors": 2
      },
      "geometry": {
        "type": "Polygon",
        "coordinates": [
          [
            [
              -83.71042,
              42.29797
            ],
            [
              -83.71025,
              42.29797
            ],
            [
              -83.71025,
              42.29786
            ],
            [
              -83.71042,
              42.29786
            ],
            [
              -83.71042,
              42.29797
            ]
          ]
        ]
      }
    },
    {
      "type": "Feature",
      "properties": {
        "name": "Northwood IV - Building 65",
        "slug": "northwood-iv-building-65",
        "category": "Housing",
        "floors": 2
      },
      "geometry": {
        "type": "Polygon",
        "coordinates": [
          [
            [
              -83.71057,
              42.2981
            ],
            [
              -83.71047,
              42.2981
            ],
            [
              -83.71047,
              42.29815
            ],
            [
              -83.7103,
              42.29815
            ],
            [
              -83.7103,
              42.29805
            ],
            [
              -83.71046,
              42.29805
            ],
            [
              -83.71046,
              42.29795
            ],
            [
              -83.71057,
              42.29795
            ],
            [
              -83.71057,
              42.29799
            ],
            [
              -83.71052,
              42.29799
            ],
            [
              -83.71052,
              42.29806
            ],
            [
              -83.71057,
              42.29806
            ],
            [
              -83.71057,
              42.2981
            ]
          ]
        ]
      }
    },
    {
      "type": "Feature",
      "properties": {
        "name": "Northwood IV - Building 66",
        "slug": "northwood-iv-building-66",
        "category": "Housing",
        "floors": 2
      },
      "geometry": {
        "type": "Polygon",
        "coordinates": [
          [
            [
              -83.71085,
              42.29796
            ],
            [
              -83.71078,
              42.29796
            ],
            [
              -83.71078,
              42.29809
            ],
            [
              -83.71072,
              42.29809
            ],
            [
              -83.71072,
              42.29807
            ],
            [
              -83.71067,
              42.29807
            ],
            [
              -83.71067,
              42.29798
            ],
            [
              -83.71072,
              42.29798
            ],
            [
              -83.71072,
              42.29787
            ],
            [
              -83.71078,
              42.29787
            ],
            [
              -83.71077,
              42.29775
            ],
            [
              -83.71091,
              42.29775
            ],
            [
              -83.71091,
              42.29788
            ],
            [
              -83.71085,
              42.29788
            ],
            [
              -83.71085,
              42.29796
            ]
          ]
        ]
      }
    },
    {
      "type": "Feature",
      "properties": {
        "name": "Northwood IV - Building 67",
        "slug": "northwood-iv-building-67",
        "category": "Housing",
        "floors": 2
      },
      "geometry": {
        "type": "Polygon",
        "coordinates": [
          [
            [
              -83.71009,
              42.2979
            ],
            [
              -83.71009,
              42.29773
            ],
            [
              -83.71022,
              42.29773
            ],
            [
              -83.71022,
              42.2979
            ],
            [
              -83.71009,
              42.2979
            ]
          ]
        ]
      }
    },
    {
      "type": "Feature",
      "properties": {
        "name": "Northwood IV - Building 68",
        "slug": "northwood-iv-building-68",
        "category": "Housing",
        "floors": 2
      },
      "geometry": {
        "type": "Polygon",
        "coordinates": [
          [
            [
              -83.71048,
              42.29766
            ],
            [
              -83.71025,
              42.29766
            ],
            [
              -83.71025,
              42.29777
            ],
            [
              -83.71048,
              42.29777
            ],
            [
              -83.71048,
              42.29766
            ]
          ]
        ]
      }
    },
    {
      "type": "Feature",
      "properties": {
        "name": "Northwood IV - Building 69",
        "slug": "northwood-iv-building-69",
        "category": "Housing",
        "floors": 2
      },
      "geometry": {
        "type": "Polygon",
        "coordinates": [
          [
            [
              -83.71126,
              42.29773
            ],
            [
              -83.71094,
              42.29773
            ],
            [
              -83.71094,
              42.29763
            ],
            [
              -83.71126,
              42.29763
            ],
            [
              -83.71126,
              42.29773
            ]
          ]
        ]
      }
    },
    {
      "type": "Feature",
      "properties": {
        "name": "Northwood IV - Building 70",
        "slug": "northwood-iv-building-70",
        "category": "Housing",
        "floors": 2
      },
      "geometry": {
        "type": "Polygon",
        "coordinates": [
          [
            [
              -83.71082,
              42.29739
            ],
            [
              -83.71086,
              42.29739
            ],
            [
              -83.71087,
              42.29747
            ],
            [
              -83.71082,
              42.29747
            ],
            [
              -83.71082,
              42.29751
            ],
            [
              -83.71077,
              42.29751
            ],
            [
              -83.71077,
              42.29736
            ],
            [
              -83.71082,
              42.29736
            ],
            [
              -83.71082,
              42.29739
            ]
          ]
        ]
      }
    },
    {
      "type": "Feature",
      "properties": {
        "name": "Northwood IV - Building 71",
        "slug": "northwood-iv-building-71",
        "category": "Housing",
        "floors": 2
      },
      "geometry": {
        "type": "Polygon",
        "coordinates": [
          [
            [
              -83.71068,
              42.29771
            ],
            [
              -83.71051,
              42.29771
            ],
            [
              -83.71051,
              42.29761
            ],
            [
              -83.71067,
              42.2976
            ],
            [
              -83.71067,
              42.29756
            ],
            [
              -83.71078,
              42.29756
            ],
            [
              -83.71078,
              42.29766
            ],
            [
              -83.71068,
              42.29766
            ],
            [
              -83.71068,
              42.29771
            ]
          ]
        ]
      }
    },
    {
      "type": "Feature",
      "properties": {
        "name": "Northwood IV - Building 72",
        "slug": "northwood-iv-building-72",
        "category": "Housing",
        "floors": 2
      },
      "geometry": {
        "type": "Polygon",
        "coordinates": [
          [
            [
              -83.71162,
              42.29793
            ],
            [
              -83.71162,
              42.29789
            ],
            [
              -83.71152,
              42.29789
            ],
            [
              -83.71152,
              42.29785
            ],
            [
              -83.71141,
              42.29785
            ],
            [
              -83.71141,
              42.29781
            ],
            [
              -83.71131,
              42.29781
            ],
            [
              -83.7113,
              42.2977
            ],
            [
              -83.71141,
              42.2977
            ],
            [
              -83.71141,
              42.29774
            ],
            [
              -83.71151,
              42.29774
            ],
            [
              -83.71152,
              42.29779
            ],
            [
              -83.71163,
              42.29779
            ],
            [
              -83.71163,
              42.29784
            ],
            [
              -83.71173,
              42.29783
            ],
            [
              -83.71173,
              42.29793
            ],
            [
              -83.71162,
              42.29793
            ]
          ]
        ]
      }
    },
    {
      "type": "Feature",
      "properties": {
        "name": "Northwood IV - Building 73",
        "slug": "northwood-iv-building-73",
        "category": "Housing",
        "floors": 2
      },
      "geometry": {
        "type": "Polygon",
        "coordinates": [
          [
            [
              -83.712,
              42.29787
            ],
            [
              -83.71187,
              42.29787
            ],
            [
              -83.71188,
              42.29767
            ],
            [
              -83.71201,
              42.29767
            ],
            [
              -83.712,
              42.29787
            ]
          ]
        ]
      }
    },
    {
      "type": "Feature",
      "properties": {
        "name": "Northwood IV - Building 74",
        "slug": "northwood-iv-building-74",
        "category": "Housing",
        "floors": 2
      },
      "geometry": {
        "type": "Polygon",
        "coordinates": [
          [
            [
              -83.71167,
              42.29768
            ],
            [
              -83.71167,
              42.29763
            ],
            [
              -83.71157,
              42.29763
            ],
            [
              -83.71157,
              42.2976
            ],
            [
              -83.71146,
              42.2976
            ],
            [
              -83.71146,
              42.2975
            ],
            [
              -83.71158,
              42.2975
            ],
            [
              -83.71158,
              42.29754
            ],
            [
              -83.71168,
              42.29754
            ],
            [
              -83.71168,
              42.29758
            ],
            [
              -83.7118,
              42.29758
            ],
            [
              -83.7118,
              42.29768
            ],
            [
              -83.71167,
              42.29768
            ]
          ]
        ]
      }
    },
    {
      "type": "Feature",
      "properties": {
        "name": "Northwood IV - Building 75",
        "slug": "northwood-iv-building-75",
        "category": "Housing",
        "floors": 2
      },
      "geometry": {
        "type": "Polygon",
        "coordinates": [
          [
            [
              -83.7114,
              42.29752
            ],
            [
              -83.71113,
              42.29752
            ],
            [
              -83.71113,
              42.29739
            ],
            [
              -83.71118,
              42.29739
            ],
            [
              -83.71118,
              42.29742
            ],
            [
              -83.7114,
              42.29741
            ],
            [
              -83.7114,
              42.29752
            ]
          ]
        ]
      }
    },
    {
      "type": "Feature",
      "properties": {
        "name": "Northwood IV - Building 76",
        "slug": "northwood-iv-building-76",
        "category": "Housing",
        "floors": 2
      },
      "geometry": {
        "type": "Polygon",
        "coordinates": [
          [
            [
              -83.7111,
              42.29751
            ],
            [
              -83.71099,
              42.29751
            ],
            [
              -83.71098,
              42.29746
            ],
            [
              -83.71103,
              42.29746
            ],
            [
              -83.71103,
              42.2974
            ],
            [
              -83.71099,
              42.2974
            ],
            [
              -83.71099,
              42.29736
            ],
            [
              -83.71109,
              42.29736
            ],
            [
              -83.7111,
              42.29751
            ]
          ]
        ]
      }
    },
    {
      "type": "Feature",
      "properties": {
        "name": "Northwood IV - Building 77",
        "slug": "northwood-iv-building-77",
        "category": "Housing",
        "floors": 2
      },
      "geometry": {
        "type": "Polygon",
        "coordinates": [
          [
            [
              -83.71098,
              42.29732
            ],
            [
              -83.71097,
              42.29708
            ],
            [
              -83.71111,
              42.29708
            ],
            [
              -83.71111,
              42.29732
            ],
            [
              -83.71098,
              42.29732
            ]
          ]
        ]
      }
    },
    {
      "type": "Feature",
      "properties": {
        "name": "Northwood IV - Building 78",
        "slug": "northwood-iv-building-78",
        "category": "Housing",
        "floors": 2
      },
      "geometry": {
        "type": "Polygon",
        "coordinates": [
          [
            [
              -83.71088,
              42.29733
            ],
            [
              -83.71088,
              42.2972
            ],
            [
              -83.71081,
              42.2972
            ],
            [
              -83.71081,
              42.29711
            ],
            [
              -83.71075,
              42.29711
            ],
            [
              -83.71075,
              42.297
            ],
            [
              -83.71063,
              42.297
            ],
            [
              -83.71063,
              42.29712
            ],
            [
              -83.71068,
              42.29712
            ],
            [
              -83.71068,
              42.29719
            ],
            [
              -83.71074,
              42.29719
            ],
            [
              -83.71074,
              42.29733
            ],
            [
              -83.71088,
              42.29733
            ]
          ]
        ]
      }
    },
    {
      "type": "Feature",
      "properties": {
        "name": "Northwood IV - Building 79",
        "slug": "northwood-iv-building-79",
        "category": "Housing",
        "floors": 2
      },
      "geometry": {
        "type": "Polygon",
        "coordinates": [
          [
            [
              -83.71097,
              42.29705
            ],
            [
              -83.71114,
              42.29704
            ],
            [
              -83.71114,
              42.29701
            ],
            [
              -83.71111,
              42.29701
            ],
            [
              -83.7111,
              42.2968
            ],
            [
              -83.71097,
              42.2968
            ],
            [
              -83.71097,
              42.29705
            ]
          ]
        ]
      }
    },
    {
      "type": "Feature",
      "properties": {
        "name": "Northwood IV - Building 80",
        "slug": "northwood-iv-building-80",
        "category": "Housing",
        "floors": 2
      },
      "geometry": {
        "type": "Polygon",
        "coordinates": [
          [
            [
              -83.71059,
              42.29674
            ],
            [
              -83.71059,
              42.29668
            ],
            [
              -83.7109,
              42.29669
            ],
            [
              -83.7109,
              42.29679
            ],
            [
              -83.71054,
              42.29679
            ],
            [
              -83.71054,
              42.29682
            ],
            [
              -83.71043,
              42.29682
            ],
            [
              -83.71043,
              42.29679
            ],
            [
              -83.7104,
              42.29679
            ],
            [
              -83.7104,
              42.29674
            ],
            [
              -83.71059,
              42.29674
            ]
          ]
        ]
      }
    },
    {
      "type": "Feature",
      "properties": {
        "name": "Northwood IV - Building 81",
        "slug": "northwood-iv-building-81",
        "category": "Housing",
        "floors": 2
      },
      "geometry": {
        "type": "Polygon",
        "coordinates": [
          [
            [
              -83.71034,
              42.29691
            ],
            [
              -83.71045,
              42.29691
            ],
            [
              -83.71045,
              42.29694
            ],
            [
              -83.71053,
              42.29694
            ],
            [
              -83.71053,
              42.29691
            ],
            [
              -83.7106,
              42.29691
            ],
            [
              -83.7106,
              42.29698
            ],
            [
              -83.7104,
              42.29698
            ],
            [
              -83.7104,
              42.29702
            ],
            [
              -83.71034,
              42.29702
            ],
            [
              -83.71034,
              42.29691
            ]
          ]
        ]
      }
    },
    {
      "type": "Feature",
      "properties": {
        "name": "Northwood IV - Building 82",
        "slug": "northwood-iv-building-82",
        "category": "Housing",
        "floors": 2
      },
      "geometry": {
        "type": "Polygon",
        "coordinates": [
          [
            [
              -83.71008,
              42.29679
            ],
            [
              -83.71008,
              42.29669
            ],
            [
              -83.71036,
              42.29669
            ],
            [
              -83.71036,
              42.29679
            ],
            [
              -83.71008,
              42.29679
            ]
          ]
        ]
      }
    },
    {
      "type": "Feature",
      "properties": {
        "name": "Northwood IV - Building 83",
        "slug": "northwood-iv-building-83",
        "category": "Housing",
        "floors": 2
      },
      "geometry": {
        "type": "Polygon",
        "coordinates": [
          [
            [
              -83.71025,
              42.29708
            ],
            [
              -83.71025,
              42.29705
            ],
            [
              -83.71029,
              42.29705
            ],
            [
              -83.71029,
              42.29695
            ],
            [
              -83.71019,
              42.29695
            ],
            [
              -83.71019,
              42.29708
            ],
            [
              -83.71025,
              42.29708
            ]
          ]
        ]
      }
    },
    {
      "type": "Feature",
      "properties": {
        "name": "Northwood IV - Building 84",
        "slug": "northwood-iv-building-84",
        "category": "Housing",
        "floors": 2
      },
      "geometry": {
        "type": "Polygon",
        "coordinates": [
          [
            [
              -83.71014,
              42.2971
            ],
            [
              -83.71014,
              42.297
            ],
            [
              -83.70998,
              42.297
            ],
            [
              -83.70998,
              42.2971
            ],
            [
              -83.71014,
              42.2971
            ]
          ]
        ]
      }
    },
    {
      "type": "Feature",
      "properties": {
        "name": "Northwood IV - Building 85",
        "slug": "northwood-iv-building-85",
        "category": "Housing",
        "floors": 2
      },
      "geometry": {
        "type": "Polygon",
        "coordinates": [
          [
            [
              -83.70999,
              42.29698
            ],
            [
              -83.70985,
              42.29698
            ],
            [
              -83.70986,
              42.29674
            ],
            [
              -83.70999,
              42.29674
            ],
            [
              -83.70999,
              42.29698
            ]
          ]
        ]
      }
    },
    {
      "type": "Feature",
      "properties": {
        "name": "Northwood V - Building 1",
        "slug": "northwood-v-building-1",
        "category": "Housing",
        "floors": 2
      },
      "geometry": {
        "type": "Polygon",
        "coordinates": [
          [
            [
              -83.70203,
              42.29475
            ],
            [
              -83.70189,
              42.29475
            ],
            [
              -83.70189,
              42.29459
            ],
            [
              -83.70183,
              42.29459
            ],
            [
              -83.70183,
              42.29447
            ],
            [
              -83.70197,
              42.29447
            ],
            [
              -83.70197,
              42.29459
            ],
            [
              -83.70203,
              42.29459
            ],
            [
              -83.70203,
              42.29475
            ]
          ]
        ]
      }
    },
    {
      "type": "Feature",
      "properties": {
        "name": "Northwood V - Building 2",
        "slug": "northwood-v-building-2",
        "category": "Housing",
        "floors": 2
      },
      "geometry": {
        "type": "Polygon",
        "coordinates": [
          [
            [
              -83.70183,
              42.29483
            ],
            [
              -83.70161,
              42.29483
            ],
            [
              -83.70161,
              42.29473
            ],
            [
              -83.70183,
              42.29473
            ],
            [
              -83.70183,
              42.29483
            ]
          ]
        ]
      }
    },
    {
      "type": "Feature",
      "properties": {
        "name": "Northwood V - Building 3",
        "slug": "northwood-v-building-3",
        "category": "Housing",
        "floors": 2
      },
      "geometry": {
        "type": "Polygon",
        "coordinates": [
          [
            [
              -83.70154,
              42.29478
            ],
            [
              -83.70117,
              42.29479
            ],
            [
              -83.70117,
              42.29469
            ],
            [
              -83.70154,
              42.29468
            ],
            [
              -83.70154,
              42.29478
            ]
          ]
        ]
      }
    },
    {
      "type": "Feature",
      "properties": {
        "name": "Northwood V - Building 4",
        "slug": "northwood-v-building-4",
        "category": "Housing",
        "floors": 2
      },
      "geometry": {
        "type": "Polygon",
        "coordinates": [
          [
            [
              -83.7011,
              42.29474
            ],
            [
              -83.7011,
              42.29483
            ],
            [
              -83.70084,
              42.29484
            ],
            [
              -83.70084,
              42.29488
            ],
            [
              -83.70068,
              42.29488
            ],
            [
              -83.70068,
              42.29478
            ],
            [
              -83.70084,
              42.29478
            ],
            [
              -83.70084,
              42.29474
            ],
            [
              -83.7011,
              42.29474
            ]
          ]
        ]
      }
    },
    {
      "type": "Feature",
      "properties": {
        "name": "Northwood V - Building 5",
        "slug": "northwood-v-building-5",
        "category": "Housing",
        "floors": 2
      },
      "geometry": {
        "type": "Polygon",
        "coordinates": [
          [
            [
              -83.7005,
              42.29475
            ],
            [
              -83.70049,
              42.29459
            ],
            [
              -83.70063,
              42.29459
            ],
            [
              -83.70063,
              42.29475
            ],
            [
              -83.7005,
              42.29475
            ]
          ]
        ]
      }
    },
    {
      "type": "Feature",
      "properties": {
        "name": "Northwood V - Building 6",
        "slug": "northwood-v-building-6",
        "category": "Housing",
        "floors": 2
      },
      "geometry": {
        "type": "Polygon",
        "coordinates": [
          [
            [
              -83.70084,
              42.29444
            ],
            [
              -83.70085,
              42.29454
            ],
            [
              -83.70057,
              42.29454
            ],
            [
              -83.70057,
              42.29444
            ],
            [
              -83.70084,
              42.29444
            ]
          ]
        ]
      }
    },
    {
      "type": "Feature",
      "properties": {
        "name": "Northwood V - Building 7",
        "slug": "northwood-v-building-7",
        "category": "Housing",
        "floors": 2
      },
      "geometry": {
        "type": "Polygon",
        "coordinates": [
          [
            [
              -83.70113,
              42.29451
            ],
            [
              -83.70113,
              42.29461
            ],
            [
              -83.7009,
              42.29461
            ],
            [
              -83.7009,
              42.29452
            ],
            [
              -83.70113,
              42.29451
            ]
          ]
        ]
      }
    },
    {
      "type": "Feature",
      "properties": {
        "name": "Northwood V - Building 8",
        "slug": "northwood-v-building-8",
        "category": "Housing",
        "floors": 2
      },
      "geometry": {
        "type": "Polygon",
        "coordinates": [
          [
            [
              -83.70135,
              42.29447
            ],
            [
              -83.70136,
              42.29461
            ],
            [
              -83.70119,
              42.29461
            ],
            [
              -83.70119,
              42.29447
            ],
            [
              -83.70135,
              42.29447
            ]
          ]
        ]
      }
    },
    {
      "type": "Feature",
      "properties": {
        "name": "Northwood V - Building 9",
        "slug": "northwood-v-building-9",
        "category": "Housing",
        "floors": 2
      },
      "geometry": {
        "type": "Polygon",
        "coordinates": [
          [
            [
              -83.70161,
              42.29438
            ],
            [
              -83.70162,
              42.29451
            ],
            [
              -83.70142,
              42.29451
            ],
            [
              -83.70142,
              42.29439
            ],
            [
              -83.70161,
              42.29438
            ]
          ]
        ]
      }
    },
    {
      "type": "Feature",
      "properties": {
        "name": "Northwood V - Building 10",
        "slug": "northwood-v-building-10",
        "category": "Housing",
        "floors": 2
      },
      "geometry": {
        "type": "Polygon",
        "coordinates": [
          [
            [
              -83.70171,
              42.29414
            ],
            [
              -83.70183,
              42.29413
            ],
            [
              -83.70184,
              42.2943
            ],
            [
              -83.7019,
              42.2943
            ],
            [
              -83.7019,
              42.29441
            ],
            [
              -83.70177,
              42.29441
            ],
            [
              -83.70177,
              42.29429
            ],
            [
              -83.70171,
              42.29429
            ],
            [
              -83.70171,
              42.29414
            ]
          ]
        ]
      }
    },
    {
      "type": "Feature",
      "properties": {
        "name": "Northwood V - Building 11",
        "slug": "northwood-v-building-11",
        "category": "Housing",
        "floors": 2
      },
      "geometry": {
        "type": "Polygon",
        "coordinates": [
          [
            [
              -83.70148,
              42.29434
            ],
            [
              -83.70148,
              42.29413
            ],
            [
              -83.7016,
              42.29413
            ],
            [
              -83.70161,
              42.29433
            ],
            [
              -83.70148,
              42.29434
            ]
          ]
        ]
      }
    },
    {
      "type": "Feature",
      "properties": {
        "name": "Northwood V - Building 12",
        "slug": "northwood-v-building-12",
        "category": "Housing",
        "floors": 2
      },
      "geometry": {
        "type": "Polygon",
        "coordinates": [
          [
            [
              -83.70148,
              42.29389
            ],
            [
              -83.70161,
              42.29388
            ],
            [
              -83.70161,
              42.29409
            ],
            [
              -83.70148,
              42.29409
            ],
            [
              -83.70148,
              42.29389
            ]
          ]
        ]
      }
    },
    {
      "type": "Feature",
      "properties": {
        "name": "Northwood V - Building 13",
        "slug": "northwood-v-building-13",
        "category": "Housing",
        "floors": 2
      },
      "geometry": {
        "type": "Polygon",
        "coordinates": [
          [
            [
              -83.702,
              42.29406
            ],
            [
              -83.70177,
              42.29406
            ],
            [
              -83.70176,
              42.29396
            ],
            [
              -83.702,
              42.29395
            ],
            [
              -83.702,
              42.29406
            ]
          ]
        ]
      }
    },
    {
      "type": "Feature",
      "properties": {
        "name": "Northwood V - Building 14",
        "slug": "northwood-v-building-14",
        "category": "Housing",
        "floors": 2
      },
      "geometry": {
        "type": "Polygon",
        "coordinates": [
          [
            [
              -83.7018,
              42.29377
            ],
            [
              -83.70179,
              42.29364
            ],
            [
              -83.70193,
              42.29364
            ],
            [
              -83.70194,
              42.29376
            ],
            [
              -83.702,
              42.29376
            ],
            [
              -83.702,
              42.29388
            ],
            [
              -83.70186,
              42.29388
            ],
            [
              -83.70186,
              42.29377
            ],
            [
              -83.7018,
              42.29377
            ]
          ]
        ]
      }
    },
    {
      "type": "Feature",
      "properties": {
        "name": "Northwood V - Building 15",
        "slug": "northwood-v-building-15",
        "category": "Housing",
        "floors": 2
      },
      "geometry": {
        "type": "Polygon",
        "coordinates": [
          [
            [
              -83.70138,
              42.29389
            ],
            [
              -83.70116,
              42.29389
            ],
            [
              -83.70115,
              42.2938
            ],
            [
              -83.70138,
              42.2938
            ],
            [
              -83.70138,
              42.29389
            ]
          ]
        ]
      }
    },
    {
      "type": "Feature",
      "properties": {
        "name": "Northwood V - Building 16",
        "slug": "northwood-v-building-16",
        "category": "Housing",
        "floors": 2
      },
      "geometry": {
        "type": "Polygon",
        "coordinates": [
          [
            [
              -83.70073,
              42.29394
            ],
            [
              -83.70072,
              42.29384
            ],
            [
              -83.70089,
              42.29384
            ],
            [
              -83.70089,
              42.29381
            ],
            [
              -83.70109,
              42.29381
            ],
            [
              -83.7011,
              42.29389
            ],
            [
              -83.70089,
              42.2939
            ],
            [
              -83.70089,
              42.29394
            ],
            [
              -83.70073,
              42.29394
            ]
          ]
        ]
      }
    },
    {
      "type": "Feature",
      "properties": {
        "name": "Northwood V - Building 17",
        "slug": "northwood-v-building-17",
        "category": "Housing",
        "floors": 2
      },
      "geometry": {
        "type": "Polygon",
        "coordinates": [
          [
            [
              -83.70064,
              42.29374
            ],
            [
              -83.70064,
              42.2939
            ],
            [
              -83.70051,
              42.2939
            ],
            [
              -83.70051,
              42.29374
            ],
            [
              -83.70064,
              42.29374
            ]
          ]
        ]
      }
    },
    {
      "type": "Feature",
      "properties": {
        "name": "Northwood V - Building 18",
        "slug": "northwood-v-building-18",
        "category": "Housing",
        "floors": 2
      },
      "geometry": {
        "type": "Polygon",
        "coordinates": [
          [
            [
              -83.70084,
              42.29369
            ],
            [
              -83.70061,
              42.2937
            ],
            [
              -83.70061,
              42.2936
            ],
            [
              -83.70084,
              42.29359
            ],
            [
              -83.70084,
              42.29369
            ]
          ]
        ]
      }
    },
    {
      "type": "Feature",
      "properties": {
        "name": "Northwood V - Building 19",
        "slug": "northwood-v-building-19",
        "category": "Housing",
        "floors": 2
      },
      "geometry": {
        "type": "Polygon",
        "coordinates": [
          [
            [
              -83.70112,
              42.2936
            ],
            [
              -83.70112,
              42.29369
            ],
            [
              -83.7009,
              42.2937
            ],
            [
              -83.7009,
              42.2936
            ],
            [
              -83.70112,
              42.2936
            ]
          ]
        ]
      }
    },
    {
      "type": "Feature",
      "properties": {
        "name": "Northwood V - Building 20",
        "slug": "northwood-v-building-20",
        "category": "Housing",
        "floors": 2
      },
      "geometry": {
        "type": "Polygon",
        "coordinates": [
          [
            [
              -83.70135,
              42.2937
            ],
            [
              -83.70117,
              42.2937
            ],
            [
              -83.70117,
              42.29355
            ],
            [
              -83.70134,
              42.29355
            ],
            [
              -83.70135,
              42.2937
            ]
          ]
        ]
      }
    },
    {
      "type": "Feature",
      "properties": {
        "name": "Northwood V - Building 21",
        "slug": "northwood-v-building-21",
        "category": "Housing",
        "floors": 2
      },
      "geometry": {
        "type": "Polygon",
        "coordinates": [
          [
            [
              -83.7016,
              42.29345
            ],
            [
              -83.7016,
              42.29357
            ],
            [
              -83.70141,
              42.29357
            ],
            [
              -83.70141,
              42.29345
            ],
            [
              -83.7016,
              42.29345
            ]
          ]
        ]
      }
    },
    {
      "type": "Feature",
      "properties": {
        "name": "Northwood V - Building 22",
        "slug": "northwood-v-building-22",
        "category": "Housing",
        "floors": 2
      },
      "geometry": {
        "type": "Polygon",
        "coordinates": [
          [
            [
              -83.70191,
              42.29344
            ],
            [
              -83.70191,
              42.29356
            ],
            [
              -83.70172,
              42.29356
            ],
            [
              -83.70172,
              42.29344
            ],
            [
              -83.70191,
              42.29344
            ]
          ]
        ]
      }
    },
    {
      "type": "Feature",
      "properties": {
        "name": "Northwood V - Building 23",
        "slug": "northwood-v-building-23",
        "category": "Housing",
        "floors": 2
      },
      "geometry": {
        "type": "Polygon",
        "coordinates": [
          [
            [
              -83.70186,
              42.29336
            ],
            [
              -83.70186,
              42.29309
            ],
            [
              -83.702,
              42.29309
            ],
            [
              -83.70201,
              42.29336
            ],
            [
              -83.70186,
              42.29336
            ]
          ]
        ]
      }
    },
    {
      "type": "Feature",
      "properties": {
        "name": "Northwood V - Building 24",
        "slug": "northwood-v-building-24",
        "category": "Housing",
        "floors": 2
      },
      "geometry": {
        "type": "Polygon",
        "coordinates": [
          [
            [
              -83.70158,
              42.29336
            ],
            [
              -83.70144,
              42.29336
            ],
            [
              -83.70143,
              42.29312
            ],
            [
              -83.70158,
              42.29312
            ],
            [
              -83.70158,
              42.29336
            ]
          ]
        ]
      }
    },
    {
      "type": "Feature",
      "properties": {
        "name": "Northwood V - Building 25",
        "slug": "northwood-v-building-25",
        "category": "Housing",
        "floors": 2
      },
      "geometry": {
        "type": "Polygon",
        "coordinates": [
          [
            [
              -83.70181,
              42.29309
            ],
            [
              -83.70167,
              42.2931
            ],
            [
              -83.70167,
              42.29286
            ],
            [
              -83.70181,
              42.29286
            ],
            [
              -83.70181,
              42.29309
            ]
          ]
        ]
      }
    },
    {
      "type": "Feature",
      "properties": {
        "name": "Northwood V - Building 26",
        "slug": "northwood-v-building-26",
        "category": "Housing",
        "floors": 2
      },
      "geometry": {
        "type": "Polygon",
        "coordinates": [
          [
            [
              -83.70125,
              42.29297
            ],
            [
              -83.70146,
              42.29297
            ],
            [
              -83.70146,
              42.29307
            ],
            [
              -83.70125,
              42.29307
            ],
            [
              -83.70125,
              42.29297
            ]
          ]
        ]
      }
    },
    {
      "type": "Feature",
      "properties": {
        "name": "Northwood V - Building 27",
        "slug": "northwood-v-building-27",
        "category": "Housing",
        "floors": 2
      },
      "geometry": {
        "type": "Polygon",
        "coordinates": [
          [
            [
              -83.70163,
              42.29286
            ],
            [
              -83.70149,
              42.29286
            ],
            [
              -83.70148,
              42.29266
            ],
            [
              -83.70163,
              42.29266
            ],
            [
              -83.70163,
              42.29286
            ]
          ]
        ]
      }
    },
    {
      "type": "Feature",
      "properties": {
        "name": "Northwood V - Building 28",
        "slug": "northwood-v-building-28",
        "category": "Housing",
        "floors": 2
      },
      "geometry": {
        "type": "Polygon",
        "coordinates": [
          [
            [
              -83.70121,
              42.29258
            ],
            [
              -83.70142,
              42.29257
            ],
            [
              -83.70142,
              42.29267
            ],
            [
              -83.70121,
              42.29267
            ],
            [
              -83.70121,
              42.29258
            ]
          ]
        ]
      }
    },
    {
      "type": "Feature",
      "properties": {
        "name": "Northwood V - Building 29",
        "slug": "northwood-v-building-29",
        "category": "Housing",
        "floors": 2
      },
      "geometry": {
        "type": "Polygon",
        "coordinates": [
          [
            [
              -83.70128,
              42.29292
            ],
            [
              -83.70116,
              42.29292
            ],
            [
              -83.70115,
              42.29284
            ],
            [
              -83.7011,
              42.29284
            ],
            [
              -83.70109,
              42.29272
            ],
            [
              -83.70123,
              42.29272
            ],
            [
              -83.70123,
              42.29284
            ],
            [
              -83.70128,
              42.29284
            ],
            [
              -83.70128,
              42.29292
            ]
          ]
        ]
      }
    },
    {
      "type": "Feature",
      "properties": {
        "name": "Northwood V - Building 30",
        "slug": "northwood-v-building-30",
        "category": "Housing",
        "floors": 2
      },
      "geometry": {
        "type": "Polygon",
        "coordinates": [
          [
            [
              -83.70095,
              42.2929
            ],
            [
              -83.70075,
              42.2929
            ],
            [
              -83.70075,
              42.29278
            ],
            [
              -83.70094,
              42.29278
            ],
            [
              -83.70095,
              42.2929
            ]
          ]
        ]
      }
    },
    {
      "type": "Feature",
      "properties": {
        "name": "Northwood V - Building 31",
        "slug": "northwood-v-building-31",
        "category": "Housing",
        "floors": 2
      },
      "geometry": {
        "type": "Polygon",
        "coordinates": [
          [
            [
              -83.70069,
              42.29299
            ],
            [
              -83.70038,
              42.29299
            ],
            [
              -83.70038,
              42.29287
            ],
            [
              -83.70069,
              42.29286
            ],
            [
              -83.70069,
              42.29299
            ]
          ]
        ]
      }
    },
    {
      "type": "Feature",
      "properties": {
        "name": "Northwood V - Building 32",
        "slug": "northwood-v-building-32",
        "category": "Housing",
        "floors": 2
      },
      "geometry": {
        "type": "Polygon",
        "coordinates": [
          [
            [
              -83.70031,
              42.2929
            ],
            [
              -83.70001,
              42.29291
            ],
            [
              -83.70001,
              42.29278
            ],
            [
              -83.70031,
              42.29278
            ],
            [
              -83.70031,
              42.2929
            ]
          ]
        ]
      }
    },
    {
      "type": "Feature",
      "properties": {
        "name": "Northwood V - Building 33",
        "slug": "northwood-v-building-33",
        "category": "Housing",
        "floors": 2
      },
      "geometry": {
        "type": "Polygon",
        "coordinates": [
          [
            [
              -83.69967,
              42.29282
            ],
            [
              -83.69967,
              42.2926
            ],
            [
              -83.69984,
              42.29259
            ],
            [
              -83.69985,
              42.29282
            ],
            [
              -83.69967,
              42.29282
            ]
          ]
        ]
      }
    },
    {
      "type": "Feature",
      "properties": {
        "name": "Northwood V - Building 34",
        "slug": "northwood-v-building-34",
        "category": "Housing",
        "floors": 2
      },
      "geometry": {
        "type": "Polygon",
        "coordinates": [
          [
            [
              -83.6997,
              42.29254
            ],
            [
              -83.69952,
              42.29254
            ],
            [
              -83.69952,
              42.29238
            ],
            [
              -83.6997,
              42.29238
            ],
            [
              -83.6997,
              42.29254
            ]
          ]
        ]
      }
    },
    {
      "type": "Feature",
      "properties": {
        "name": "Northwood V - Building 35",
        "slug": "northwood-v-building-35",
        "category": "Housing",
        "floors": 2
      },
      "geometry": {
        "type": "Polygon",
        "coordinates": [
          [
            [
              -83.6996,
              42.29211
            ],
            [
              -83.69961,
              42.29233
            ],
            [
              -83.69944,
              42.29233
            ],
            [
              -83.69943,
              42.29211
            ],
            [
              -83.6996,
              42.29211
            ]
          ]
        ]
      }
    },
    {
      "type": "Feature",
      "properties": {
        "name": "Northwood V - Building 36",
        "slug": "northwood-v-building-36",
        "category": "Housing",
        "floors": 2
      },
      "geometry": {
        "type": "Polygon",
        "coordinates": [
          [
            [
              -83.69936,
              42.29215
            ],
            [
              -83.69919,
              42.29215
            ],
            [
              -83.69919,
              42.29199
            ],
            [
              -83.69936,
              42.29199
            ],
            [
              -83.69936,
              42.29215
            ]
          ]
        ]
      }
    },
    {
      "type": "Feature",
      "properties": {
        "name": "Northwood V - Building 37",
        "slug": "northwood-v-building-37",
        "category": "Housing",
        "floors": 2
      },
      "geometry": {
        "type": "Polygon",
        "coordinates": [
          [
            [
              -83.69897,
              42.29187
            ],
            [
              -83.69914,
              42.29187
            ],
            [
              -83.69914,
              42.29202
            ],
            [
              -83.69897,
              42.29202
            ],
            [
              -83.69897,
              42.29187
            ]
          ]
        ]
      }
    },
    {
      "type": "Feature",
      "properties": {
        "name": "Northwood V - Building 38",
        "slug": "northwood-v-building-38",
        "category": "Housing",
        "floors": 2
      },
      "geometry": {
        "type": "Polygon",
        "coordinates": [
          [
            [
              -83.69877,
              42.29227
            ],
            [
              -83.69877,
              42.29205
            ],
            [
              -83.69894,
              42.29205
            ],
            [
              -83.69894,
              42.29227
            ],
            [
              -83.69877,
              42.29227
            ]
          ]
        ]
      }
    },
    {
      "type": "Feature",
      "properties": {
        "name": "Northwood V - Building 39",
        "slug": "northwood-v-building-39",
        "category": "Housing",
        "floors": 2
      },
      "geometry": {
        "type": "Polygon",
        "coordinates": [
          [
            [
              -83.69844,
              42.29225
            ],
            [
              -83.69844,
              42.29235
            ],
            [
              -83.69817,
              42.29235
            ],
            [
              -83.69816,
              42.29225
            ],
            [
              -83.69844,
              42.29225
            ]
          ]
        ]
      }
    },
    {
      "type": "Feature",
      "properties": {
        "name": "Northwood V - Building 40",
        "slug": "northwood-v-building-40",
        "category": "Housing",
        "floors": 2
      },
      "geometry": {
        "type": "Polygon",
        "coordinates": [
          [
            [
              -83.69869,
              42.29253
            ],
            [
              -83.69856,
              42.29254
            ],
            [
              -83.69855,
              42.29242
            ],
            [
              -83.6985,
              42.29242
            ],
            [
              -83.69849,
              42.29233
            ],
            [
              -83.69863,
              42.29233
            ],
            [
              -83.69863,
              42.29241
            ],
            [
              -83.69869,
              42.29241
            ],
            [
              -83.69869,
              42.29253
            ]
          ]
        ]
      }
    },
    {
      "type": "Feature",
      "properties": {
        "name": "Northwood V - Building 41",
        "slug": "northwood-v-building-41",
        "category": "Housing",
        "floors": 2
      },
      "geometry": {
        "type": "Polygon",
        "coordinates": [
          [
            [
              -83.69805,
              42.29256
            ],
            [
              -83.69805,
              42.29239
            ],
            [
              -83.69818,
              42.29239
            ],
            [
              -83.69819,
              42.29255
            ],
            [
              -83.69805,
              42.29256
            ]
          ]
        ]
      }
    },
    {
      "type": "Feature",
      "properties": {
        "name": "Northwood V - Building 42",
        "slug": "northwood-v-building-42",
        "category": "Housing",
        "floors": 2
      },
      "geometry": {
        "type": "Polygon",
        "coordinates": [
          [
            [
              -83.69834,
              42.2927
            ],
            [
              -83.69812,
              42.2927
            ],
            [
              -83.69812,
              42.2926
            ],
            [
              -83.69834,
              42.2926
            ],
            [
              -83.69834,
              42.2927
            ]
          ]
        ]
      }
    },
    {
      "type": "Feature",
      "properties": {
        "name": "Northwood V - Building 43",
        "slug": "northwood-v-building-43",
        "category": "Housing",
        "floors": 2
      },
      "geometry": {
        "type": "Polygon",
        "coordinates": [
          [
            [
              -83.69877,
              42.29275
            ],
            [
              -83.69864,
              42.29275
            ],
            [
              -83.69864,
              42.29259
            ],
            [
              -83.69877,
              42.29258
            ],
            [
              -83.69877,
              42.29275
            ]
          ]
        ]
      }
    },
    {
      "type": "Feature",
      "properties": {
        "name": "Northwood V - Building 44",
        "slug": "northwood-v-building-44",
        "category": "Housing",
        "floors": 2
      },
      "geometry": {
        "type": "Polygon",
        "coordinates": [
          [
            [
              -83.69854,
              42.29285
            ],
            [
              -83.69841,
              42.29285
            ],
            [
              -83.6984,
              42.29269
            ],
            [
              -83.69854,
              42.29269
            ],
            [
              -83.69854,
              42.29285
            ]
          ]
        ]
      }
    },
    {
      "type": "Feature",
      "properties": {
        "name": "Northwood V - Building 45",
        "slug": "northwood-v-building-45",
        "category": "Housing",
        "floors": 2
      },
      "geometry": {
        "type": "Polygon",
        "coordinates": [
          [
            [
              -83.69875,
              42.29279
            ],
            [
              -83.69888,
              42.29279
            ],
            [
              -83.69888,
              42.29287
            ],
            [
              -83.69894,
              42.29287
            ],
            [
              -83.69894,
              42.29295
            ],
            [
              -83.699,
              42.29295
            ],
            [
              -83.699,
              42.29303
            ],
            [
              -83.69887,
              42.29303
            ],
            [
              -83.69886,
              42.29295
            ],
            [
              -83.6988,
              42.29295
            ],
            [
              -83.6988,
              42.29287
            ],
            [
              -83.69875,
              42.29287
            ],
            [
              -83.69875,
              42.29279
            ]
          ]
        ]
      }
    },
    {
      "type": "Feature",
      "properties": {
        "name": "Northwood V - Building 46",
        "slug": "northwood-v-building-46",
        "category": "Housing",
        "floors": 2
      },
      "geometry": {
        "type": "Polygon",
        "coordinates": [
          [
            [
              -83.69889,
              42.29308
            ],
            [
              -83.69889,
              42.29318
            ],
            [
              -83.69866,
              42.29318
            ],
            [
              -83.69866,
              42.29308
            ],
            [
              -83.69889,
              42.29308
            ]
          ]
        ]
      }
    },
    {
      "type": "Feature",
      "properties": {
        "name": "Northwood V - Building 47",
        "slug": "northwood-v-building-47",
        "category": "Housing",
        "floors": 2
      },
      "geometry": {
        "type": "Polygon",
        "coordinates": [
          [
            [
              -83.69861,
              42.29322
            ],
            [
              -83.69833,
              42.29322
            ],
            [
              -83.69833,
              42.29312
            ],
            [
              -83.69861,
              42.29312
            ],
            [
              -83.69861,
              42.29322
            ]
          ]
        ]
      }
    },
    {
      "type": "Feature",
      "properties": {
        "name": "Northwood V - Building 48",
        "slug": "northwood-v-building-48",
        "category": "Housing",
        "floors": 2
      },
      "geometry": {
        "type": "Polygon",
        "coordinates": [
          [
            [
              -83.69804,
              42.29312
            ],
            [
              -83.69827,
              42.29312
            ],
            [
              -83.69827,
              42.29322
            ],
            [
              -83.69805,
              42.29322
            ],
            [
              -83.69804,
              42.29312
            ]
          ]
        ]
      }
    },
    {
      "type": "Feature",
      "properties": {
        "name": "Northwood V - Building 49",
        "slug": "northwood-v-building-49",
        "category": "Housing",
        "floors": 2
      },
      "geometry": {
        "type": "Polygon",
        "coordinates": [
          [
            [
              -83.69842,
              42.2929
            ],
            [
              -83.69842,
              42.29299
            ],
            [
              -83.69805,
              42.293
            ],
            [
              -83.69804,
              42.2929
            ],
            [
              -83.69842,
              42.2929
            ]
          ]
        ]
      }
    },
    {
      "type": "Feature",
      "properties": {
        "name": "Northwood V - Building 50",
        "slug": "northwood-v-building-50",
        "category": "Housing",
        "floors": 2
      },
      "geometry": {
        "type": "Polygon",
        "coordinates": [
          [
            [
              -83.69798,
              42.29299
            ],
            [
              -83.69765,
              42.293
            ],
            [
              -83.69765,
              42.2929
            ],
            [
              -83.69798,
              42.2929
            ],
            [
              -83.69798,
              42.29299
            ]
          ]
        ]
      }
    },
    {
      "type": "Feature",
      "properties": {
        "name": "Northwood V - Building 51",
        "slug": "northwood-v-building-51",
        "category": "Housing",
        "floors": 2
      },
      "geometry": {
        "type": "Polygon",
        "coordinates": [
          [
            [
              -83.6976,
              42.29314
            ],
            [
              -83.69746,
              42.29315
            ],
            [
              -83.69746,
              42.29298
            ],
            [
              -83.6976,
              42.29298
            ],
            [
              -83.6976,
              42.29314
            ]
          ]
        ]
      }
    },
    {
      "type": "Feature",
      "properties": {
        "name": "Northwood V - Building 52",
        "slug": "northwood-v-building-52",
        "category": "Housing",
        "floors": 2
      },
      "geometry": {
        "type": "Polygon",
        "coordinates": [
          [
            [
              -83.69765,
              42.29348
            ],
            [
              -83.69752,
              42.29348
            ],
            [
              -83.69752,
              42.29321
            ],
            [
              -83.69765,
              42.2932
            ],
            [
              -83.69765,
              42.29348
            ]
          ]
        ]
      }
    },
    {
      "type": "Feature",
      "properties": {
        "name": "Northwood V - Building 53",
        "slug": "northwood-v-building-53",
        "category": "Housing",
        "floors": 2
      },
      "geometry": {
        "type": "Polygon",
        "coordinates": [
          [
            [
              -83.69792,
              42.29348
            ],
            [
              -83.69778,
              42.29348
            ],
            [
              -83.69778,
              42.29329
            ],
            [
              -83.69785,
              42.29329
            ],
            [
              -83.69785,
              42.29321
            ],
            [
              -83.69797,
              42.29321
            ],
            [
              -83.69797,
              42.29329
            ],
            [
              -83.69792,
              42.29329
            ],
            [
              -83.69792,
              42.29348
            ]
          ]
        ]
      }
    },
    {
      "type": "Feature",
      "properties": {
        "name": "Northwood V - Building 54",
        "slug": "northwood-v-building-54",
        "category": "Housing",
        "floors": 2
      },
      "geometry": {
        "type": "Polygon",
        "coordinates": [
          [
            [
              -83.69778,
              42.29353
            ],
            [
              -83.69792,
              42.29353
            ],
            [
              -83.69792,
              42.29369
            ],
            [
              -83.69778,
              42.29369
            ],
            [
              -83.69778,
              42.29353
            ]
          ]
        ]
      }
    },
    {
      "type": "Feature",
      "properties": {
        "name": "Northwood V - Building 55",
        "slug": "northwood-v-building-55",
        "category": "Housing",
        "floors": 2
      },
      "geometry": {
        "type": "Polygon",
        "coordinates": [
          [
            [
              -83.69746,
              42.29377
            ],
            [
              -83.69746,
              42.29361
            ],
            [
              -83.69752,
              42.29361
            ],
            [
              -83.69752,
              42.29353
            ],
            [
              -83.69765,
              42.29353
            ],
            [
              -83.69765,
              42.29361
            ],
            [
              -83.69759,
              42.29361
            ],
            [
              -83.6976,
              42.29377
            ],
            [
              -83.69746,
              42.29377
            ]
          ]
        ]
      }
    },
    {
      "type": "Feature",
      "properties": {
        "name": "Northwood V - Building 56",
        "slug": "northwood-v-building-56",
        "category": "Housing",
        "floors": 2
      },
      "geometry": {
        "type": "Polygon",
        "coordinates": [
          [
            [
              -83.69771,
              42.29407
            ],
            [
              -83.69758,
              42.29407
            ],
            [
              -83.69758,
              42.29399
            ],
            [
              -83.69752,
              42.29399
            ],
            [
              -83.69752,
              42.29383
            ],
            [
              -83.69765,
              42.29383
            ],
            [
              -83.69765,
              42.29399
            ],
            [
              -83.69771,
              42.29399
            ],
            [
              -83.69771,
              42.29407
            ]
          ]
        ]
      }
    },
    {
      "type": "Feature",
      "properties": {
        "name": "Northwood V - Building 57",
        "slug": "northwood-v-building-57",
        "category": "Housing",
        "floors": 2
      },
      "geometry": {
        "type": "Polygon",
        "coordinates": [
          [
            [
              -83.69826,
              42.29385
            ],
            [
              -83.69788,
              42.29385
            ],
            [
              -83.69787,
              42.29375
            ],
            [
              -83.69826,
              42.29375
            ],
            [
              -83.69826,
              42.29385
            ]
          ]
        ]
      }
    },
    {
      "type": "Feature",
      "properties": {
        "name": "Northwood V - Building 58",
        "slug": "northwood-v-building-58",
        "category": "Housing",
        "floors": 2
      },
      "geometry": {
        "type": "Polygon",
        "coordinates": [
          [
            [
              -83.69883,
              42.29384
            ],
            [
              -83.69859,
              42.29385
            ],
            [
              -83.69859,
              42.29375
            ],
            [
              -83.69882,
              42.29375
            ],
            [
              -83.69883,
              42.29384
            ]
          ]
        ]
      }
    },
    {
      "type": "Feature",
      "properties": {
        "name": "Northwood V - Building 59",
        "slug": "northwood-v-building-59",
        "category": "Housing",
        "floors": 2
      },
      "geometry": {
        "type": "Polygon",
        "coordinates": [
          [
            [
              -83.69861,
              42.29399
            ],
            [
              -83.69824,
              42.29399
            ],
            [
              -83.69823,
              42.29389
            ],
            [
              -83.69861,
              42.29389
            ],
            [
              -83.69861,
              42.29399
            ]
          ]
        ]
      }
    },
    {
      "type": "Feature",
      "properties": {
        "name": "Northwood V - Building 60",
        "slug": "northwood-v-building-60",
        "category": "Housing",
        "floors": 2
      },
      "geometry": {
        "type": "Polygon",
        "coordinates": [
          [
            [
              -83.69889,
              42.29398
            ],
            [
              -83.69889,
              42.29382
            ],
            [
              -83.69902,
              42.29382
            ],
            [
              -83.69902,
              42.29398
            ],
            [
              -83.69889,
              42.29398
            ]
          ]
        ]
      }
    },
    {
      "type": "Feature",
      "properties": {
        "name": "Northwood V - Building 61",
        "slug": "northwood-v-building-61",
        "category": "Housing",
        "floors": 2
      },
      "geometry": {
        "type": "Polygon",
        "coordinates": [
          [
            [
              -83.6985,
              42.29416
            ],
            [
              -83.6985,
              42.29407
            ],
            [
              -83.69871,
              42.29407
            ],
            [
              -83.69871,
              42.29402
            ],
            [
              -83.69887,
              42.29402
            ],
            [
              -83.69887,
              42.29412
            ],
            [
              -83.6987,
              42.29412
            ],
            [
              -83.69871,
              42.29416
            ],
            [
              -83.6985,
              42.29416
            ]
          ]
        ]
      }
    },
    {
      "type": "Feature",
      "properties": {
        "name": "Northwood V - Building 62",
        "slug": "northwood-v-building-62",
        "category": "Housing",
        "floors": 2
      },
      "geometry": {
        "type": "Polygon",
        "coordinates": [
          [
            [
              -83.69777,
              42.29416
            ],
            [
              -83.69777,
              42.29407
            ],
            [
              -83.69804,
              42.29406
            ],
            [
              -83.69804,
              42.29416
            ],
            [
              -83.69777,
              42.29416
            ]
          ]
        ]
      }
    },
    {
      "type": "Feature",
      "properties": {
        "name": "Northwood V - Building 63",
        "slug": "northwood-v-building-63",
        "category": "Housing",
        "floors": 2
      },
      "geometry": {
        "type": "Polygon",
        "coordinates": [
          [
            [
              -83.6981,
              42.29427
            ],
            [
              -83.6981,
              42.29411
            ],
            [
              -83.69822,
              42.29411
            ],
            [
              -83.69823,
              42.29427
            ],
            [
              -83.6981,
              42.29427
            ]
          ]
        ]
      }
    },
    {
      "type": "Feature",
      "properties": {
        "name": "Northwood V - Building 64",
        "slug": "northwood-v-building-64",
        "category": "Housing",
        "floors": 2
      },
      "geometry": {
        "type": "Polygon",
        "coordinates": [
          [
            [
              -83.69847,
              42.29436
            ],
            [
              -83.69834,
              42.29436
            ],
            [
              -83.69833,
              42.2942
            ],
            [
              -83.69846,
              42.2942
            ],
            [
              -83.69847,
              42.29436
            ]
          ]
        ]
      }
    },
    {
      "type": "Feature",
      "properties": {
        "name": "Northwood V - Building 65",
        "slug": "northwood-v-building-65",
        "category": "Housing",
        "floors": 2
      },
      "geometry": {
        "type": "Polygon",
        "coordinates": [
          [
            [
              -83.69803,
              42.29432
            ],
            [
              -83.69822,
              42.29432
            ],
            [
              -83.69822,
              42.29444
            ],
            [
              -83.69803,
              42.29444
            ],
            [
              -83.69803,
              42.29432
            ]
          ]
        ]
      }
    },
    {
      "type": "Feature",
      "properties": {
        "name": "Northwood V - Building 66",
        "slug": "northwood-v-building-66",
        "category": "Housing",
        "floors": 2
      },
      "geometry": {
        "type": "Polygon",
        "coordinates": [
          [
            [
              -83.69823,
              42.29467
            ],
            [
              -83.69809,
              42.29467
            ],
            [
              -83.69809,
              42.29451
            ],
            [
              -83.69823,
              42.29451
            ],
            [
              -83.69823,
              42.29467
            ]
          ]
        ]
      }
    },
    {
      "type": "Feature",
      "properties": {
        "name": "Northwood V - Building 67",
        "slug": "northwood-v-building-67",
        "category": "Housing",
        "floors": 2
      },
      "geometry": {
        "type": "Polygon",
        "coordinates": [
          [
            [
              -83.69847,
              42.29461
            ],
            [
              -83.69833,
              42.29461
            ],
            [
              -83.69833,
              42.29441
            ],
            [
              -83.69847,
              42.29441
            ],
            [
              -83.69847,
              42.29461
            ]
          ]
        ]
      }
    },
    {
      "type": "Feature",
      "properties": {
        "name": "Northwood V - Building 68",
        "slug": "northwood-v-building-68",
        "category": "Housing",
        "floors": 2
      },
      "geometry": {
        "type": "Polygon",
        "coordinates": [
          [
            [
              -83.69818,
              42.29489
            ],
            [
              -83.69804,
              42.29489
            ],
            [
              -83.69804,
              42.29472
            ],
            [
              -83.69818,
              42.29472
            ],
            [
              -83.69818,
              42.29489
            ]
          ]
        ]
      }
    },
    {
      "type": "Feature",
      "properties": {
        "name": "Northwood V - Building 69",
        "slug": "northwood-v-building-69",
        "category": "Housing",
        "floors": 2
      },
      "geometry": {
        "type": "Polygon",
        "coordinates": [
          [
            [
              -83.69848,
              42.29502
            ],
            [
              -83.69816,
              42.29503
            ],
            [
              -83.69816,
              42.29494
            ],
            [
              -83.69848,
              42.29493
            ],
            [
              -83.69848,
              42.29502
            ]
          ]
        ]
      }
    },
    {
      "type": "Feature",
      "properties": {
        "name": "Northwood V - Building 70",
        "slug": "northwood-v-building-70",
        "category": "Housing",
        "floors": 2
      },
      "geometry": {
        "type": "Polygon",
        "coordinates": [
          [
            [
              -83.69876,
              42.29466
            ],
            [
              -83.69876,
              42.29475
            ],
            [
              -83.69848,
              42.29475
            ],
            [
              -83.69848,
              42.29466
            ],
            [
              -83.69876,
              42.29466
            ]
          ]
        ]
      }
    },
    {
      "type": "Feature",
      "properties": {
        "name": "Northwood V - Building 71",
        "slug": "northwood-v-building-71",
        "category": "Housing",
        "floors": 2
      },
      "geometry": {
        "type": "Polygon",
        "coordinates": [
          [
            [
              -83.69893,
              42.2949
            ],
            [
              -83.69893,
              42.29498
            ],
            [
              -83.69872,
              42.29498
            ],
            [
              -83.69872,
              42.29502
            ],
            [
              -83.69855,
              42.29502
            ],
            [
              -83.69855,
              42.29494
            ],
            [
              -83.69872,
              42.29494
            ],
            [
              -83.69872,
              42.2949
            ],
            [
              -83.69893,
              42.2949
            ]
          ]
        ]
      }
    },
    {
      "type": "Feature",
      "properties": {
        "name": "Northwood V - Building 72",
        "slug": "northwood-v-building-72",
        "category": "Housing",
        "floors": 2
      },
      "geometry": {
        "type": "Polygon",
        "coordinates": [
          [
            [
              -83.69936,
              42.29489
            ],
            [
              -83.69936,
              42.29498
            ],
            [
              -83.69903,
              42.29499
            ],
            [
              -83.69903,
              42.29489
            ],
            [
              -83.69936,
              42.29489
            ]
          ]
        ]
      }
    },
    {
      "type": "Feature",
      "properties": {
        "name": "Northwood V - Building 73",
        "slug": "northwood-v-building-73",
        "category": "Housing",
        "floors": 2
      },
      "geometry": {
        "type": "Polygon",
        "coordinates": [
          [
            [
              -83.69969,
              42.29493
            ],
            [
              -83.69969,
              42.29503
            ],
            [
              -83.69942,
              42.29503
            ],
            [
              -83.69941,
              42.29494
            ],
            [
              -83.69969,
              42.29493
            ]
          ]
        ]
      }
    },
    {
      "type": "Feature",
      "properties": {
        "name": "Northwood V - Building 74",
        "slug": "northwood-v-building-74",
        "category": "Housing",
        "floors": 2
      },
      "geometry": {
        "type": "Polygon",
        "coordinates": [
          [
            [
              -83.69989,
              42.29494
            ],
            [
              -83.69975,
              42.29494
            ],
            [
              -83.69975,
              42.29481
            ],
            [
              -83.69989,
              42.29481
            ],
            [
              -83.69989,
              42.29494
            ]
          ]
        ]
      }
    },
    {
      "type": "Feature",
      "properties": {
        "name": "Northwood V - Building 75",
        "slug": "northwood-v-building-75",
        "category": "Housing",
        "floors": 2
      },
      "geometry": {
        "type": "Polygon",
        "coordinates": [
          [
            [
              -83.69899,
              42.29481
            ],
            [
              -83.69884,
              42.29481
            ],
            [
              -83.69884,
              42.29466
            ],
            [
              -83.69899,
              42.29466
            ],
            [
              -83.69899,
              42.29481
            ]
          ]
        ]
      }
    },
    {
      "type": "Feature",
      "properties": {
        "name": "Northwood V - Building 76",
        "slug": "northwood-v-building-76",
        "category": "Housing",
        "floors": 2
      },
      "geometry": {
        "type": "Polygon",
        "coordinates": [
          [
            [
              -83.69907,
              42.29475
            ],
            [
              -83.69906,
              42.29466
            ],
            [
              -83.69928,
              42.29466
            ],
            [
              -83.69929,
              42.29475
            ],
            [
              -83.69907,
              42.29475
            ]
          ]
        ]
      }
    },
    {
      "type": "Feature",
      "properties": {
        "name": "Northwood V - Building 77",
        "slug": "northwood-v-building-77",
        "category": "Housing",
        "floors": 2
      },
      "geometry": {
        "type": "Polygon",
        "coordinates": [
          [
            [
              -83.69953,
              42.29448
            ],
            [
              -83.69953,
              42.29456
            ],
            [
              -83.69948,
              42.29456
            ],
            [
              -83.69948,
              42.29468
            ],
            [
              -83.69934,
              42.29468
            ],
            [
              -83.69934,
              42.29456
            ],
            [
              -83.6994,
              42.29455
            ],
            [
              -83.6994,
              42.29448
            ],
            [
              -83.69953,
              42.29448
            ]
          ]
        ]
      }
    },
    {
      "type": "Feature",
      "properties": {
        "name": "Northwood V - Building 78",
        "slug": "northwood-v-building-78",
        "category": "Housing",
        "floors": 2
      },
      "geometry": {
        "type": "Polygon",
        "coordinates": [
          [
            [
              -83.69988,
              42.29447
            ],
            [
              -83.69989,
              42.2946
            ],
            [
              -83.69982,
              42.2946
            ],
            [
              -83.69983,
              42.29471
            ],
            [
              -83.69971,
              42.29471
            ],
            [
              -83.69971,
              42.29459
            ],
            [
              -83.69975,
              42.29459
            ],
            [
              -83.69974,
              42.29447
            ],
            [
              -83.69988,
              42.29447
            ]
          ]
        ]
      }
    },
    {
      "type": "Feature",
      "properties": {
        "name": "Northwood V - Building 79",
        "slug": "northwood-v-building-79",
        "category": "Housing",
        "floors": 2
      },
      "geometry": {
        "type": "Polygon",
        "coordinates": [
          [
            [
              -83.69977,
              42.29433
            ],
            [
              -83.69977,
              42.29442
            ],
            [
              -83.69949,
              42.29443
            ],
            [
              -83.69949,
              42.29433
            ],
            [
              -83.69977,
              42.29433
            ]
          ]
        ]
      }
    },
    {
      "type": "Feature",
      "properties": {
        "name": "Conger House",
        "slug": "conger-house",
        "category": "Housing",
        "floors": 3
      },
      "geometry": {
        "type": "Polygon",
        "coordinates": [
          [
            [
              -83.723,
              42.29369
            ],
            [
              -83.72294,
              42.29363
            ],
            [
              -83.72297,
              42.29361
            ],
            [
              -83.72295,
              42.29358
            ],
            [
              -83.72312,
              42.2935
            ],
            [
              -83.72309,
              42.29345
            ],
            [
              -83.72326,
              42.29338
            ],
            [
              -83.72329,
              42.29343
            ],
            [
              -83.72339,
              42.29339
            ],
            [
              -83.72344,
              42.29346
            ],
            [
              -83.72333,
              42.2935
            ],
            [
              -83.72332,
              42.29349
            ],
            [
              -83.72317,
              42.29355
            ],
            [
              -83.72318,
              42.29356
            ],
            [
              -83.72314,
              42.29357
            ],
            [
              -83.72316,
              42.2936
            ],
            [
              -83.72302,
              42.29366
            ],
            [
              -83.72303,
              42.29368
            ],
            [
              -83.723,
              42.29369
            ]
          ]
        ]
      }
    },
    {
      "type": "Feature",
      "properties": {
        "name": "Cross House",
        "slug": "cross-house",
        "category": "Housing",
        "floors": 4
      },
      "geometry": {
        "type": "Polygon",
        "coordinates": [
          [
            [
              -83.72398,
              42.29397
            ],
            [
              -83.72393,
              42.29391
            ],
            [
              -83.72397,
              42.29389
            ],
            [
              -83.72382,
              42.2937
            ],
            [
              -83.72378,
              42.29371
            ],
            [
              -83.72369,
              42.2936
            ],
            [
              -83.72367,
              42.2936
            ],
            [
              -83.72365,
              42.29358
            ],
            [
              -83.72359,
              42.2936
            ],
            [
              -83.72354,
              42.29355
            ],
            [
              -83.72369,
              42.29348
            ],
            [
              -83.72376,
              42.29356
            ],
            [
              -83.7238,
              42.29354
            ],
            [
              -83.7239,
              42.29366
            ],
            [
              -83.72396,
              42.29364
            ],
            [
              -83.72408,
              42.2938
            ],
            [
              -83.72404,
              42.29382
            ],
            [
              -83.7241,
              42.29391
            ],
            [
              -83.72398,
              42.29397
            ]
          ]
        ]
      }
    },
    {
      "type": "Feature",
      "properties": {
        "name": "Coman House",
        "slug": "coman-house",
        "category": "Housing",
        "floors": 4
      },
      "geometry": {
        "type": "Polygon",
        "coordinates": [
          [
            [
              -83.72362,
              42.29398
            ],
            [
              -83.72354,
              42.29387
            ],
            [
              -83.72345,
              42.2939
            ],
            [
              -83.72348,
              42.29395
            ],
            [
              -83.72345,
              42.29396
            ],
            [
              -83.72346,
              42.29398
            ],
            [
              -83.72328,
              42.29406
            ],
            [
              -83.72324,
              42.29401
            ],
            [
              -83.72298,
              42.29412
            ],
            [
              -83.72305,
              42.29421
            ],
            [
              -83.72335,
              42.2941
            ],
            [
              -83.72338,
              42.29415
            ],
            [
              -83.72354,
              42.29408
            ],
            [
              -83.72352,
              42.29405
            ],
            [
              -83.72356,
              42.29404
            ],
            [
              -83.72355,
              42.29401
            ],
            [
              -83.72362,
              42.29398
            ]
          ]
        ]
      }
    },
    {
      "type": "Feature",
      "properties": {
        "name": "Ziwet House",
        "slug": "ziwet-house",
        "category": "Housing",
        "floors": 4
      },
      "geometry": {
        "type": "Polygon",
        "coordinates": [
          [
            [
              -83.72423,
              42.29441
            ],
            [
              -83.72429,
              42.29448
            ],
            [
              -83.72437,
              42.29445
            ],
            [
              -83.72442,
              42.29449
            ],
            [
              -83.72469,
              42.29438
            ],
            [
              -83.72473,
              42.29442
            ],
            [
              -83.72498,
              42.29432
            ],
            [
              -83.72496,
              42.29428
            ],
            [
              -83.72495,
              42.29429
            ],
            [
              -83.72489,
              42.29422
            ],
            [
              -83.72469,
              42.2943
            ],
            [
              -83.72467,
              42.29429
            ],
            [
              -83.72463,
              42.29431
            ],
            [
              -83.72462,
              42.29428
            ],
            [
              -83.72438,
              42.29438
            ],
            [
              -83.72437,
              42.29437
            ],
            [
              -83.72433,
              42.29439
            ],
            [
              -83.72432,
              42.29437
            ],
            [
              -83.72423,
              42.29441
            ]
          ]
        ]
      }
    },
    {
      "type": "Feature",
      "properties": {
        "name": "Thieme House",
        "slug": "thieme-house",
        "category": "Housing",
        "floors": 4
      },
      "geometry": {
        "type": "Polygon",
        "coordinates": [
          [
            [
              -83.72509,
              42.2942
            ],
            [
              -83.72505,
              42.29413
            ],
            [
              -83.72502,
              42.29414
            ],
            [
              -83.725,
              42.29411
            ],
            [
              -83.72498,
              42.29412
            ],
            [
              -83.72485,
              42.29396
            ],
            [
              -83.72483,
              42.29396
            ],
            [
              -83.72481,
              42.29394
            ],
            [
              -83.72474,
              42.29396
            ],
            [
              -83.72469,
              42.2939
            ],
            [
              -83.72483,
              42.29383
            ],
            [
              -83.7249,
              42.29391
            ],
            [
              -83.72498,
              42.29388
            ],
            [
              -83.72512,
              42.29406
            ],
            [
              -83.72511,
              42.29407
            ],
            [
              -83.72512,
              42.29409
            ],
            [
              -83.72518,
              42.29406
            ],
            [
              -83.72523,
              42.29413
            ],
            [
              -83.72509,
              42.2942
            ]
          ]
        ]
      }
    },
    {
      "type": "Feature",
      "properties": {
        "name": "Julia Emanuel Residence",
        "slug": "julia-emanuel-residence",
        "category": "Housing",
        "floors": 3
      },
      "geometry": {
        "type": "Polygon",
        "coordinates": [
          [
            [
              -83.7252,
              42.27501
            ],
            [
              -83.7252,
              42.27488
            ],
            [
              -83.72494,
              42.27488
            ],
            [
              -83.72494,
              42.27501
            ],
            [
              -83.7252,
              42.27501
            ]
          ]
        ]
      }
    },
    {
      "type": "Feature",
      "properties": {
        "name": "Pamela Noble Residence",
        "slug": "pamela-noble-residence",
        "category": "Housing",
        "floors": 3
      },
      "geometry": {
        "type": "Polygon",
        "coordinates": [
          [
            [
              -83.72519,
              42.27476
            ],
            [
              -83.72519,
              42.27463
            ],
            [
              -83.72493,
              42.27463
            ],
            [
              -83.72493,
              42.27476
            ],
            [
              -83.72519,
              42.27476
            ]
          ]
        ]
      }
    },
    {
      "type": "Feature",
      "properties": {
        "name": "Oxford Housing - Building 3",
        "slug": "oxford-housing-building-3",
        "category": "Housing",
        "floors": 1
      },
      "geometry": {
        "type": "Polygon",
        "coordinates": [
          [
            [
              -83.72452,
              42.27432
            ],
            [
              -83.72443,
              42.27432
            ],
            [
              -83.72443,
              42.27427
            ],
            [
              -83.72444,
              42.27427
            ],
            [
              -83.72444,
              42.27418
            ],
            [
              -83.72447,
              42.27418
            ],
            [
              -83.72447,
              42.27414
            ],
            [
              -83.72456,
              42.27413
            ],
            [
              -83.72456,
              42.27418
            ],
            [
              -83.72451,
              42.27418
            ],
            [
              -83.72451,
              42.27421
            ],
            [
              -83.72455,
              42.27421
            ],
            [
              -83.72456,
              42.27425
            ],
            [
              -83.72452,
              42.27425
            ],
            [
              -83.72452,
              42.27432
            ]
          ]
        ]
      }
    },
    {
      "type": "Feature",
      "properties": {
        "name": "Oxford Housing - Building 4",
        "slug": "oxford-housing-building-4",
        "category": "Housing",
        "floors": 1
      },
      "geometry": {
        "type": "Polygon",
        "coordinates": [
          [
            [
              -83.72459,
              42.27461
            ],
            [
              -83.72451,
              42.27461
            ],
            [
              -83.72451,
              42.27457
            ],
            [
              -83.72447,
              42.27457
            ],
            [
              -83.72447,
              42.2745
            ],
            [
              -83.72445,
              42.2745
            ],
            [
              -83.72444,
              42.27444
            ],
            [
              -83.72455,
              42.27443
            ],
            [
              -83.72456,
              42.27457
            ],
            [
              -83.72459,
              42.27457
            ],
            [
              -83.72459,
              42.27461
            ]
          ]
        ]
      }
    },
    {
      "type": "Feature",
      "properties": {
        "name": "Oxford Housing - Building 5",
        "slug": "oxford-housing-building-5",
        "category": "Housing",
        "floors": 1
      },
      "geometry": {
        "type": "Polygon",
        "coordinates": [
          [
            [
              -83.72444,
              42.27467
            ],
            [
              -83.72427,
              42.27473
            ],
            [
              -83.72433,
              42.27481
            ],
            [
              -83.72441,
              42.27477
            ],
            [
              -83.72443,
              42.2748
            ],
            [
              -83.72456,
              42.27475
            ],
            [
              -83.72455,
              42.27473
            ],
            [
              -83.7246,
              42.27471
            ],
            [
              -83.72456,
              42.27466
            ],
            [
              -83.72446,
              42.2747
            ],
            [
              -83.72444,
              42.27467
            ]
          ]
        ]
      }
    },
    {
      "type": "Feature",
      "properties": {
        "name": "North Campus Research Complex",
        "preferredName": "North Campus Research Complex (NCRC)",
        "slug": "north-campus-research-complex",
        "category": "Academic",
        "floors": 1
      },
      "geometry": {
        "type": "Polygon",
        "coordinates": [
          [
            [
              -83.70622,
              42.2997
            ],
            [
              -83.70622,
              42.29966
            ],
            [
              -83.70619,
              42.29966
            ],
            [
              -83.70618,
              42.29947
            ],
            [
              -83.70567,
              42.29947
            ],
            [
              -83.70567,
              42.29909
            ],
            [
              -83.7067,
              42.29909
            ],
            [
              -83.7067,
              42.29947
            ],
            [
              -83.70628,
              42.29947
            ],
            [
              -83.70628,
              42.2997
            ],
            [
              -83.70622,
              42.2997
            ]
          ]
        ]
      }
    },
    {
      "type": "Feature",
      "properties": {
        "name": "Law Quadrangle",
        "slug": "law-quadrangle",
        "category": "Academic",
        "floors": 4
      },
      "geometry": {
        "type": "Point",
        "coordinates": [
          -83.7396,
          42.2734
        ]
      }
    },
    {
      "type": "Feature",
      "properties": {
        "name": "Ross School of Business Complex",
        "preferredName": "Ross School of Business Campus",
        "slug": "ross-complex",
        "category": "Academic",
        "floors": 4
      },
      "geometry": {
        "type": "Point",
        "coordinates": [
          -83.738,
          42.273
        ]
      }
    },
    {
      "type": "Feature",
      "properties": {
        "name": "Homer A. Neal Laboratory",
        "preferredName": "Neal Lab",
        "slug": "homer-a-neal-laboratory",
        "acronym": "NEAL",
        "category": "Academic",
        "floors": 4
      },
      "geometry": {
        "type": "Polygon",
        "coordinates": [
          [
            [
              -83.73631,
              42.27664
            ],
            [
              -83.73671,
              42.27663
            ],
            [
              -83.73669,
              42.2766
            ],
            [
              -83.73668,
              42.27655
            ],
            [
              -83.7367,
              42.27647
            ],
            [
              -83.73667,
              42.27647
            ],
            [
              -83.73666,
              42.27636
            ],
            [
              -83.73667,
              42.27635
            ],
            [
              -83.73667,
              42.27613
            ],
            [
              -83.73692,
              42.27613
            ],
            [
              -83.73692,
              42.27648
            ],
            [
              -83.73694,
              42.27651
            ],
            [
              -83.73695,
              42.27655
            ],
            [
              -83.73695,
              42.27659
            ],
            [
              -83.73693,
              42.27662
            ],
            [
              -83.73694,
              42.27697
            ],
            [
              -83.7367,
              42.27697
            ],
            [
              -83.7367,
              42.27678
            ],
            [
              -83.73668,
              42.27678
            ],
            [
              -83.73668,
              42.27681
            ],
            [
              -83.73637,
              42.27682
            ],
            [
              -83.73631,
              42.27664
            ]
          ]
        ]
      }
    },
    {
      "type": "Feature",
      "properties": {
        "name": "Tisch Hall",
        "slug": "tisch-hall",
        "category": "Academic",
        "floors": 4
      },
      "geometry": {
        "type": "Polygon",
        "coordinates": [
          [
            [
              -83.73984,
              42.27639
            ],
            [
              -83.73934,
              42.27639
            ],
            [
              -83.73933,
              42.27617
            ],
            [
              -83.73984,
              42.27617
            ],
            [
              -83.73984,
              42.27639
            ]
          ]
        ]
      }
    },
    {
      "type": "Feature",
      "properties": {
        "name": "North Ingalls Building",
        "slug": "north-ingalls-building",
        "category": "Medical",
        "floors": 5
      },
      "geometry": {
        "type": "Polygon",
        "coordinates": [
          [
            [
              -83.73834,
              42.28366
            ],
            [
              -83.7383,
              42.28369
            ],
            [
              -83.73833,
              42.28371
            ],
            [
              -83.7383,
              42.28373
            ],
            [
              -83.73826,
              42.28371
            ],
            [
              -83.73822,
              42.28374
            ],
            [
              -83.73799,
              42.28359
            ],
            [
              -83.73759,
              42.28359
            ],
            [
              -83.73747,
              42.28368
            ],
            [
              -83.73747,
              42.28381
            ],
            [
              -83.73736,
              42.28381
            ],
            [
              -83.73736,
              42.28362
            ],
            [
              -83.73754,
              42.28348
            ],
            [
              -83.73754,
              42.28344
            ],
            [
              -83.73732,
              42.28329
            ],
            [
              -83.73736,
              42.28325
            ],
            [
              -83.73731,
              42.28323
            ],
            [
              -83.73734,
              42.2832
            ],
            [
              -83.73739,
              42.28324
            ],
            [
              -83.73744,
              42.2832
            ],
            [
              -83.73773,
              42.2834
            ],
            [
              -83.73793,
              42.2834
            ],
            [
              -83.7382,
              42.28318
            ],
            [
              -83.73824,
              42.28321
            ],
            [
              -83.73827,
              42.28318
            ],
            [
              -83.7383,
              42.28321
            ],
            [
              -83.73827,
              42.28324
            ],
            [
              -83.73832,
              42.28327
            ],
            [
              -83.7381,
              42.28344
            ],
            [
              -83.7381,
              42.28349
            ],
            [
              -83.73834,
              42.28366
            ]
          ]
        ]
      }
    },
    {
      "type": "Feature",
      "properties": {
        "name": "Observatory Hall",
        "preferredName": "Observatory Lodge",
        "slug": "observatory-hall",
        "category": "Housing",
        "floors": 5
      },
      "geometry": {
        "type": "Polygon",
        "coordinates": [
          [
            [
              -83.73091,
              42.28027
            ],
            [
              -83.73091,
              42.28018
            ],
            [
              -83.73092,
              42.28017
            ],
            [
              -83.7309,
              42.28016
            ],
            [
              -83.7309,
              42.28011
            ],
            [
              -83.73052,
              42.28011
            ],
            [
              -83.73053,
              42.28032
            ],
            [
              -83.73069,
              42.28032
            ],
            [
              -83.73069,
              42.28027
            ],
            [
              -83.73066,
              42.28027
            ],
            [
              -83.73066,
              42.28024
            ],
            [
              -83.73074,
              42.28024
            ],
            [
              -83.73081,
              42.28023
            ],
            [
              -83.73082,
              42.28027
            ],
            [
              -83.73091,
              42.28027
            ]
          ]
        ]
      }
    },
    {
      "type": "Feature",
      "properties": {
        "name": "Al Glick Field House",
        "slug": "glick-field-house",
        "category": "Athletic",
        "floors": 2
      },
      "geometry": {
        "type": "Polygon",
        "coordinates": [
          [
            [
              -83.74148,
              42.26578
            ],
            [
              -83.74067,
              42.26579
            ],
            [
              -83.74066,
              42.26573
            ],
            [
              -83.74068,
              42.26573
            ],
            [
              -83.74065,
              42.26473
            ],
            [
              -83.74064,
              42.26473
            ],
            [
              -83.74064,
              42.26467
            ],
            [
              -83.74068,
              42.26467
            ],
            [
              -83.74068,
              42.26468
            ],
            [
              -83.74075,
              42.26468
            ],
            [
              -83.74075,
              42.26466
            ],
            [
              -83.741,
              42.26466
            ],
            [
              -83.741,
              42.26465
            ],
            [
              -83.74113,
              42.26464
            ],
            [
              -83.74113,
              42.26466
            ],
            [
              -83.74139,
              42.26465
            ],
            [
              -83.74139,
              42.26467
            ],
            [
              -83.74146,
              42.26467
            ],
            [
              -83.74146,
              42.26473
            ],
            [
              -83.74147,
              42.26472
            ],
            [
              -83.74147,
              42.2648
            ],
            [
              -83.74157,
              42.2648
            ],
            [
              -83.74159,
              42.26547
            ],
            [
              -83.74149,
              42.26547
            ],
            [
              -83.7415,
              42.26572
            ],
            [
              -83.74148,
              42.26573
            ],
            [
              -83.74148,
              42.26578
            ]
          ]
        ]
      }
    },
    {
      "type": "Feature",
      "properties": {
        "name": "President's House",
        "preferredName": "Inglis House",
        "slug": "presidents-residence",
        "category": "Administrative",
        "floors": 3
      },
      "geometry": {
        "type": "Polygon",
        "coordinates": [
          [
            [
              -83.73854,
              42.27547
            ],
            [
              -83.73845,
              42.27547
            ],
            [
              -83.73845,
              42.2754
            ],
            [
              -83.73849,
              42.27539
            ],
            [
              -83.73848,
              42.27528
            ],
            [
              -83.73852,
              42.27528
            ],
            [
              -83.73852,
              42.27525
            ],
            [
              -83.73871,
              42.27525
            ],
            [
              -83.73871,
              42.27526
            ],
            [
              -83.73876,
              42.27526
            ],
            [
              -83.73876,
              42.27527
            ],
            [
              -83.73878,
              42.27527
            ],
            [
              -83.73881,
              42.27529
            ],
            [
              -83.7388,
              42.27532
            ],
            [
              -83.73878,
              42.27532
            ],
            [
              -83.73877,
              42.27533
            ],
            [
              -83.73877,
              42.27536
            ],
            [
              -83.7388,
              42.27536
            ],
            [
              -83.7388,
              42.27542
            ],
            [
              -83.73877,
              42.27542
            ],
            [
              -83.73878,
              42.27548
            ],
            [
              -83.73867,
              42.27548
            ],
            [
              -83.73867,
              42.27542
            ],
            [
              -83.73869,
              42.27542
            ],
            [
              -83.73869,
              42.27537
            ],
            [
              -83.73854,
              42.27537
            ],
            [
              -83.73854,
              42.27547
            ]
          ]
        ]
      }
    },
    {
      "type": "Feature",
      "properties": {
        "name": "Medical Professional Building",
        "slug": "medical-professional-building",
        "category": "Medical",
        "floors": 4
      },
      "geometry": {
        "type": "Polygon",
        "coordinates": [
          [
            [
              -83.72986,
              42.28232
            ],
            [
              -83.7297,
              42.28232
            ],
            [
              -83.72969,
              42.28188
            ],
            [
              -83.72986,
              42.28188
            ],
            [
              -83.72986,
              42.28232
            ]
          ]
        ]
      }
    },
    {
      "type": "Feature",
      "properties": {
        "name": "Athletic Operations Center",
        "slug": "athletic-operations-center",
        "category": "Athletic",
        "floors": 2
      },
      "geometry": {
        "type": "Polygon",
        "coordinates": [
          [
            [
              -83.74092,
              42.26239
            ],
            [
              -83.74092,
              42.26237
            ],
            [
              -83.74098,
              42.26237
            ],
            [
              -83.74098,
              42.26241
            ],
            [
              -83.74089,
              42.26258
            ],
            [
              -83.74059,
              42.26251
            ],
            [
              -83.74057,
              42.26196
            ],
            [
              -83.7406,
              42.26196
            ],
            [
              -83.7406,
              42.26188
            ],
            [
              -83.74072,
              42.26187
            ],
            [
              -83.74086,
              42.26187
            ],
            [
              -83.74087,
              42.26192
            ],
            [
              -83.74088,
              42.26192
            ],
            [
              -83.74088,
              42.26197
            ],
            [
              -83.74086,
              42.26197
            ],
            [
              -83.74086,
              42.262
            ],
            [
              -83.74082,
              42.262
            ],
            [
              -83.74083,
              42.26237
            ],
            [
              -83.74092,
              42.26239
            ]
          ]
        ]
      }
    },
    {
      "type": "Feature",
      "properties": {
        "name": "South Ferry Field Locker Complex",
        "slug": "south-ferry-field-locker-complex",
        "category": "Athletic",
        "floors": 1
      },
      "geometry": {
        "type": "Polygon",
        "coordinates": [
          [
            [
              -83.74137,
              42.26318
            ],
            [
              -83.7406,
              42.2632
            ],
            [
              -83.7406,
              42.26306
            ],
            [
              -83.74065,
              42.26306
            ],
            [
              -83.74065,
              42.26305
            ],
            [
              -83.74099,
              42.26304
            ],
            [
              -83.741,
              42.26312
            ],
            [
              -83.74104,
              42.26312
            ],
            [
              -83.74104,
              42.26314
            ],
            [
              -83.74127,
              42.26313
            ],
            [
              -83.74128,
              42.26317
            ],
            [
              -83.74136,
              42.26317
            ],
            [
              -83.74137,
              42.26318
            ]
          ]
        ]
      }
    },
    {
      "type": "Feature",
      "properties": {
        "name": "Plant Services Building",
        "preferredName": "Plant Operations",
        "slug": "plant-services-building",
        "category": "Administrative",
        "floors": 2
      },
      "geometry": {
        "type": "Polygon",
        "coordinates": [
          [
            [
              -83.73529,
              42.28069
            ],
            [
              -83.73527,
              42.28069
            ],
            [
              -83.73527,
              42.2807
            ],
            [
              -83.73511,
              42.2807
            ],
            [
              -83.73511,
              42.28069
            ],
            [
              -83.73506,
              42.28069
            ],
            [
              -83.73506,
              42.28037
            ],
            [
              -83.73529,
              42.28036
            ],
            [
              -83.73529,
              42.28069
            ]
          ]
        ]
      }
    },
    {
      "type": "Feature",
      "properties": {
        "name": "U-M Health Childcare Facility",
        "preferredName": "U-M Health Childcare",
        "slug": "um-health-childcare",
        "category": "Student Life",
        "floors": 1
      },
      "geometry": {
        "type": "Polygon",
        "coordinates": [
          [
            [
              -83.73723,
              42.28486
            ],
            [
              -83.73723,
              42.28465
            ],
            [
              -83.73656,
              42.28466
            ],
            [
              -83.73656,
              42.28488
            ],
            [
              -83.73723,
              42.28486
            ]
          ]
        ]
      }
    },
    {
      "type": "Feature",
      "properties": {
        "name": "NCRC Building 200",
        "slug": "north-campus-research-complex-building-200",
        "category": "Academic",
        "floors": 1
      },
      "geometry": {
        "type": "Polygon",
        "coordinates": [
          [
            [
              -83.70315,
              42.30076
            ],
            [
              -83.70315,
              42.30021
            ],
            [
              -83.70265,
              42.30021
            ],
            [
              -83.70265,
              42.30076
            ],
            [
              -83.70315,
              42.30076
            ]
          ]
        ]
      }
    },
    {
      "type": "Feature",
      "properties": {
        "name": "NCRC Building 300",
        "slug": "north-campus-research-complex-building-300",
        "category": "Academic",
        "floors": 1
      },
      "geometry": {
        "type": "Polygon",
        "coordinates": [
          [
            [
              -83.7025,
              42.30105
            ],
            [
              -83.70229,
              42.30105
            ],
            [
              -83.70229,
              42.30145
            ],
            [
              -83.70297,
              42.30145
            ],
            [
              -83.70297,
              42.30105
            ],
            [
              -83.7025,
              42.30105
            ]
          ]
        ]
      }
    },
    {
      "type": "Feature",
      "properties": {
        "name": "NCRC Building 500",
        "slug": "north-campus-research-complex-building-500",
        "category": "Academic",
        "floors": 2
      },
      "geometry": {
        "type": "Polygon",
        "coordinates": [
          [
            [
              -83.70256,
              42.30091
            ],
            [
              -83.70256,
              42.30046
            ],
            [
              -83.70193,
              42.30046
            ],
            [
              -83.70194,
              42.30091
            ],
            [
              -83.70256,
              42.30091
            ]
          ]
        ]
      }
    },
    {
      "type": "Feature",
      "properties": {
        "name": "NCRC Building 800",
        "slug": "north-campus-research-complex-building-800",
        "category": "Academic",
        "floors": 1
      },
      "geometry": {
        "type": "Polygon",
        "coordinates": [
          [
            [
              -83.70337,
              42.30081
            ],
            [
              -83.70337,
              42.30117
            ],
            [
              -83.70307,
              42.30117
            ],
            [
              -83.70307,
              42.30081
            ],
            [
              -83.70337,
              42.30081
            ]
          ]
        ]
      }
    },
    {
      "type": "Feature",
      "properties": {
        "name": "Michigan Stadium Bowl Rim",
        "slug": "michigan-stadium",
        "category": "Athletic",
        "floors": 4,
        "isBuildingPart": true,
        "height": 20,
        "minHeight": 0,
        "replacesParent3d": true
      },
      "geometry": {
        "type": "Polygon",
        "coordinates": [
          [
            [
              -83.74923,
              42.26695
            ],
            [
              -83.74913,
              42.26697
            ],
            [
              -83.74905,
              42.26697
            ],
            [
              -83.74901,
              42.26698
            ],
            [
              -83.74855,
              42.26699
            ],
            [
              -83.74852,
              42.26698
            ],
            [
              -83.74842,
              42.26698
            ],
            [
              -83.7484,
              42.26697
            ],
            [
              -83.74828,
              42.26696
            ],
            [
              -83.74805,
              42.2669
            ],
            [
              -83.74785,
              42.26679
            ],
            [
              -83.7477,
              42.26665
            ],
            [
              -83.7476,
              42.26669
            ],
            [
              -83.74761,
              42.26671
            ],
            [
              -83.74749,
              42.26676
            ],
            [
              -83.74742,
              42.26663
            ],
            [
              -83.74739,
              42.26652
            ],
            [
              -83.74738,
              42.26643
            ],
            [
              -83.74737,
              42.26643
            ],
            [
              -83.74737,
              42.26644
            ],
            [
              -83.74735,
              42.26644
            ],
            [
              -83.74735,
              42.26627
            ],
            [
              -83.74733,
              42.26627
            ],
            [
              -83.74733,
              42.26617
            ],
            [
              -83.74734,
              42.26617
            ],
            [
              -83.74734,
              42.26575
            ],
            [
              -83.74733,
              42.26569
            ],
            [
              -83.74733,
              42.26535
            ],
            [
              -83.74735,
              42.26535
            ],
            [
              -83.74735,
              42.26536
            ],
            [
              -83.74736,
              42.26536
            ],
            [
              -83.74737,
              42.26523
            ],
            [
              -83.74739,
              42.26515
            ],
            [
              -83.74746,
              42.26503
            ],
            [
              -83.74758,
              42.26508
            ],
            [
              -83.74757,
              42.26509
            ],
            [
              -83.74767,
              42.26513
            ],
            [
              -83.74781,
              42.26499
            ],
            [
              -83.74801,
              42.26488
            ],
            [
              -83.74824,
              42.2648
            ],
            [
              -83.74838,
              42.26479
            ],
            [
              -83.7485,
              42.26477
            ],
            [
              -83.7485,
              42.26474
            ],
            [
              -83.74892,
              42.26474
            ],
            [
              -83.74892,
              42.26477
            ],
            [
              -83.74918,
              42.26479
            ],
            [
              -83.74929,
              42.26482
            ],
            [
              -83.74941,
              42.26486
            ],
            [
              -83.74962,
              42.26497
            ],
            [
              -83.74975,
              42.2651
            ],
            [
              -83.74997,
              42.265
            ],
            [
              -83.75005,
              42.26513
            ],
            [
              -83.75008,
              42.26528
            ],
            [
              -83.75008,
              42.26536
            ],
            [
              -83.75,
              42.26536
            ],
            [
              -83.75,
              42.26565
            ],
            [
              -83.75001,
              42.26565
            ],
            [
              -83.75001,
              42.26573
            ],
            [
              -83.75003,
              42.26573
            ],
            [
              -83.75003,
              42.266
            ],
            [
              -83.75002,
              42.266
            ],
            [
              -83.75002,
              42.26608
            ],
            [
              -83.75001,
              42.26608
            ],
            [
              -83.75002,
              42.26636
            ],
            [
              -83.7501,
              42.26638
            ],
            [
              -83.7501,
              42.26644
            ],
            [
              -83.75008,
              42.26657
            ],
            [
              -83.75001,
              42.26673
            ],
            [
              -83.74989,
              42.26668
            ],
            [
              -83.7499,
              42.26667
            ],
            [
              -83.74979,
              42.26662
            ],
            [
              -83.74976,
              42.26666
            ],
            [
              -83.74965,
              42.26677
            ],
            [
              -83.74946,
              42.26688
            ],
            [
              -83.74933,
              42.26692
            ],
            [
              -83.74929,
              42.26694
            ],
            [
              -83.74923,
              42.26695
            ]
          ],
          [
            [
              -83.74916,
              42.2663
            ],
            [
              -83.74915,
              42.26634
            ],
            [
              -83.74912,
              42.26638
            ],
            [
              -83.74903,
              42.26643
            ],
            [
              -83.74874,
              42.26643
            ],
            [
              -83.74851,
              42.26644
            ],
            [
              -83.74841,
              42.26642
            ],
            [
              -83.74833,
              42.26635
            ],
            [
              -83.74832,
              42.26633
            ],
            [
              -83.74832,
              42.26591
            ],
            [
              -83.7482,
              42.26591
            ],
            [
              -83.7482,
              42.26589
            ],
            [
              -83.74832,
              42.26589
            ],
            [
              -83.74831,
              42.26577
            ],
            [
              -83.74831,
              42.26544
            ],
            [
              -83.74832,
              42.26541
            ],
            [
              -83.74835,
              42.26538
            ],
            [
              -83.74844,
              42.26534
            ],
            [
              -83.74856,
              42.26533
            ],
            [
              -83.749,
              42.26533
            ],
            [
              -83.74908,
              42.26536
            ],
            [
              -83.74912,
              42.2654
            ],
            [
              -83.74914,
              42.26546
            ],
            [
              -83.74916,
              42.2663
            ]
          ]
        ]
      }
    },
    {
      "type": "Feature",
      "properties": {
        "name": "Michigan Stadium West Press Box",
        "slug": "michigan-stadium",
        "category": "Athletic",
        "floors": 3,
        "isBuildingPart": true,
        "height": 36,
        "minHeight": 20,
        "replacesParent3d": true
      },
      "geometry": {
        "type": "Polygon",
        "coordinates": [
          [
            [
              -83.74965,
              42.26522
            ],
            [
              -83.74993,
              42.26525
            ],
            [
              -83.74992,
              42.26648
            ],
            [
              -83.74962,
              42.2665
            ],
            [
              -83.74965,
              42.26522
            ]
          ]
        ]
      }
    },
    {
      "type": "Feature",
      "properties": {
        "name": "Michigan Stadium North Scoreboard",
        "slug": "michigan-stadium",
        "category": "Athletic",
        "floors": 2,
        "isBuildingPart": true,
        "height": 32,
        "minHeight": 20,
        "replacesParent3d": true
      },
      "geometry": {
        "type": "Polygon",
        "coordinates": [
          [
            [
              -83.74905,
              42.26667
            ],
            [
              -83.7482,
              42.26667
            ],
            [
              -83.7482,
              42.26688
            ],
            [
              -83.74905,
              42.26688
            ],
            [
              -83.74905,
              42.26667
            ]
          ]
        ]
      }
    },
    {
      "type": "Feature",
      "properties": {
        "name": "Michigan Stadium South Scoreboard",
        "slug": "michigan-stadium",
        "category": "Athletic",
        "floors": 2,
        "isBuildingPart": true,
        "height": 32,
        "minHeight": 20,
        "replacesParent3d": true
      },
      "geometry": {
        "type": "Polygon",
        "coordinates": [
          [
            [
              -83.74905,
              42.26489
            ],
            [
              -83.7482,
              42.26489
            ],
            [
              -83.7482,
              42.2651
            ],
            [
              -83.74905,
              42.2651
            ],
            [
              -83.74905,
              42.26489
            ]
          ]
        ]
      }
    },
    {
      "type": "Feature",
      "properties": {
        "name": "Weiser Low Wing",
        "slug": "weiser-hall",
        "category": "Academic",
        "floors": 2,
        "isBuildingPart": true,
        "height": 8,
        "minHeight": 0,
        "replacesParent3d": true
      },
      "geometry": {
        "type": "Polygon",
        "coordinates": [
          [
            [
              -83.73484,
              42.27631
            ],
            [
              -83.73486,
              42.2767
            ],
            [
              -83.73504,
              42.2767
            ],
            [
              -83.73505,
              42.27674
            ],
            [
              -83.73513,
              42.27674
            ],
            [
              -83.73513,
              42.2767
            ],
            [
              -83.73516,
              42.2767
            ],
            [
              -83.73514,
              42.27631
            ],
            [
              -83.7351,
              42.27631
            ],
            [
              -83.7351,
              42.27628
            ],
            [
              -83.73519,
              42.27627
            ],
            [
              -83.73519,
              42.27623
            ],
            [
              -83.73505,
              42.27624
            ],
            [
              -83.73505,
              42.2763
            ],
            [
              -83.73484,
              42.27631
            ]
          ]
        ]
      }
    },
    {
      "type": "Feature",
      "properties": {
        "name": "Weiser Tower",
        "slug": "weiser-hall",
        "category": "Academic",
        "floors": 10,
        "isBuildingPart": true,
        "height": 38,
        "minHeight": 0,
        "replacesParent3d": true
      },
      "geometry": {
        "type": "Polygon",
        "coordinates": [
          [
            [
              -83.73502,
              42.27674
            ],
            [
              -83.73502,
              42.27681
            ],
            [
              -83.73505,
              42.27681
            ],
            [
              -83.73505,
              42.27685
            ],
            [
              -83.73508,
              42.27685
            ],
            [
              -83.73508,
              42.2769
            ],
            [
              -83.73511,
              42.2769
            ],
            [
              -83.73511,
              42.27692
            ],
            [
              -83.73521,
              42.27692
            ],
            [
              -83.73521,
              42.27689
            ],
            [
              -83.73566,
              42.27688
            ],
            [
              -83.73565,
              42.27683
            ],
            [
              -83.73568,
              42.27682
            ],
            [
              -83.73568,
              42.27679
            ],
            [
              -83.73569,
              42.27679
            ],
            [
              -83.73569,
              42.27673
            ],
            [
              -83.73502,
              42.27674
            ]
          ]
        ]
      }
    },
    {
      "type": "Feature",
      "properties": {
        "name": "Hatcher North Wing",
        "slug": "harlan-h-hatcher-graduate-library",
        "category": "Library/Museum",
        "floors": 4,
        "isBuildingPart": true,
        "height": 18,
        "minHeight": 0
      },
      "geometry": {
        "type": "Polygon",
        "coordinates": [
          [
            [
              -83.73859,
              42.27626
            ],
            [
              -83.73852,
              42.27626
            ],
            [
              -83.73852,
              42.27642
            ],
            [
              -83.73853,
              42.27642
            ],
            [
              -83.73854,
              42.27659
            ],
            [
              -83.73787,
              42.27659
            ],
            [
              -83.73787,
              42.27643
            ],
            [
              -83.73789,
              42.27643
            ],
            [
              -83.73788,
              42.27627
            ],
            [
              -83.73779,
              42.27627
            ],
            [
              -83.73779,
              42.27623
            ],
            [
              -83.73776,
              42.27623
            ],
            [
              -83.73776,
              42.27618
            ],
            [
              -83.73828,
              42.2761
            ],
            [
              -83.73856,
              42.2761
            ],
            [
              -83.73857,
              42.27622
            ],
            [
              -83.73859,
              42.27622
            ],
            [
              -83.73859,
              42.27626
            ]
          ]
        ]
      }
    },
    {
      "type": "Feature",
      "properties": {
        "name": "North Quad Academic Wing",
        "slug": "north-quadrangle-residential-and-academic-complex",
        "category": "Housing",
        "floors": 7,
        "isBuildingPart": true,
        "height": 28,
        "minHeight": 0,
        "replacesParent3d": true
      },
      "geometry": {
        "type": "Polygon",
        "coordinates": [
          [
            [
              -83.73981,
              42.2804
            ],
            [
              -83.73998,
              42.2804
            ],
            [
              -83.73998,
              42.28042
            ],
            [
              -83.74056,
              42.2804
            ],
            [
              -83.74057,
              42.28058
            ],
            [
              -83.73998,
              42.28059
            ],
            [
              -83.73999,
              42.28068
            ],
            [
              -83.73994,
              42.28069
            ],
            [
              -83.73982,
              42.28069
            ],
            [
              -83.73981,
              42.2804
            ]
          ]
        ]
      }
    },
    {
      "type": "Feature",
      "properties": {
        "name": "North Quad Residential Tower",
        "slug": "north-quadrangle-residential-and-academic-complex",
        "category": "Housing",
        "floors": 10,
        "isBuildingPart": true,
        "height": 40,
        "minHeight": 0,
        "replacesParent3d": true
      },
      "geometry": {
        "type": "Polygon",
        "coordinates": [
          [
            [
              -83.74056,
              42.2804
            ],
            [
              -83.74056,
              42.28038
            ],
            [
              -83.74073,
              42.28038
            ],
            [
              -83.74075,
              42.28081
            ],
            [
              -83.74058,
              42.28081
            ],
            [
              -83.74056,
              42.2804
            ]
          ]
        ]
      }
    },
    {
      "type": "Feature",
      "properties": {
        "isBuildingPart": true,
        "name": "Art and Architecture Building",
        "slug": "art-and-architecture-building",
        "acronym": "A&AB",
        "category": "Academic",
        "floors": 3,
        "height": 12,
        "minHeight": 0,
        "replacesParent3d": true
      },
      "geometry": {
        "type": "Polygon",
        "coordinates": [
          [
            [
              -83.71653,
              42.28963
            ],
            [
              -83.71677,
              42.28963
            ],
            [
              -83.71677,
              42.28988
            ],
            [
              -83.7165,
              42.28988
            ],
            [
              -83.7165,
              42.28995
            ],
            [
              -83.71648,
              42.28995
            ],
            [
              -83.71648,
              42.28997
            ],
            [
              -83.7165,
              42.28997
            ],
            [
              -83.7165,
              42.29006
            ],
            [
              -83.71806,
              42.29006
            ],
            [
              -83.71806,
              42.28988
            ],
            [
              -83.71757,
              42.28988
            ],
            [
              -83.71758,
              42.28963
            ],
            [
              -83.71783,
              42.28963
            ],
            [
              -83.71783,
              42.28936
            ],
            [
              -83.71766,
              42.28936
            ],
            [
              -83.71766,
              42.2893
            ],
            [
              -83.71768,
              42.2893
            ],
            [
              -83.71768,
              42.28928
            ],
            [
              -83.71816,
              42.28928
            ],
            [
              -83.71817,
              42.28904
            ],
            [
              -83.71662,
              42.28904
            ],
            [
              -83.71662,
              42.28929
            ],
            [
              -83.71665,
              42.28929
            ],
            [
              -83.71665,
              42.28931
            ],
            [
              -83.71667,
              42.28931
            ],
            [
              -83.71667,
              42.28936
            ],
            [
              -83.7165,
              42.28936
            ],
            [
              -83.7165,
              42.2896
            ],
            [
              -83.71653,
              42.28963
            ]
          ],
          [
            [
              -83.7175,
              42.28988
            ],
            [
              -83.71683,
              42.28988
            ],
            [
              -83.71683,
              42.28963
            ],
            [
              -83.7175,
              42.28963
            ],
            [
              -83.7175,
              42.28988
            ]
          ]
        ]
      }
    },
    {
      "type": "Feature",
      "properties": {
        "isBuildingPart": true,
        "name": "Mary Markley Hall",
        "slug": "mary-butler-markley-hall",
        "acronym": "MARKLEY",
        "category": "Housing",
        "floors": 7,
        "height": 21,
        "minHeight": 0,
        "replacesParent3d": true
      },
      "geometry": {
        "type": "Polygon",
        "coordinates": [
          [
            [
              -83.72915,
              42.28071
            ],
            [
              -83.72974,
              42.28068
            ],
            [
              -83.72974,
              42.28066
            ],
            [
              -83.72977,
              42.28066
            ],
            [
              -83.72977,
              42.28062
            ],
            [
              -83.72973,
              42.28062
            ],
            [
              -83.72973,
              42.28057
            ],
            [
              -83.72942,
              42.28059
            ],
            [
              -83.72942,
              42.28057
            ],
            [
              -83.72928,
              42.28057
            ],
            [
              -83.72928,
              42.28059
            ],
            [
              -83.72893,
              42.28061
            ],
            [
              -83.72893,
              42.28059
            ],
            [
              -83.72872,
              42.2806
            ],
            [
              -83.72872,
              42.28062
            ],
            [
              -83.72862,
              42.28063
            ],
            [
              -83.72837,
              42.28063
            ],
            [
              -83.72838,
              42.2806
            ],
            [
              -83.72823,
              42.2806
            ],
            [
              -83.72823,
              42.28063
            ],
            [
              -83.72792,
              42.28062
            ],
            [
              -83.72792,
              42.28067
            ],
            [
              -83.72789,
              42.28067
            ],
            [
              -83.72789,
              42.28072
            ],
            [
              -83.72793,
              42.28072
            ],
            [
              -83.72792,
              42.28073
            ],
            [
              -83.72859,
              42.28074
            ],
            [
              -83.72862,
              42.28109
            ],
            [
              -83.72839,
              42.28112
            ],
            [
              -83.72839,
              42.28109
            ],
            [
              -83.72826,
              42.28111
            ],
            [
              -83.72826,
              42.28113
            ],
            [
              -83.72793,
              42.28117
            ],
            [
              -83.72793,
              42.28118
            ],
            [
              -83.72789,
              42.28118
            ],
            [
              -83.72791,
              42.28125
            ],
            [
              -83.72794,
              42.28125
            ],
            [
              -83.72794,
              42.28128
            ],
            [
              -83.72866,
              42.28119
            ],
            [
              -83.72977,
              42.28113
            ],
            [
              -83.72977,
              42.2811
            ],
            [
              -83.7298,
              42.2811
            ],
            [
              -83.7298,
              42.28104
            ],
            [
              -83.72977,
              42.28104
            ],
            [
              -83.72977,
              42.28103
            ],
            [
              -83.72945,
              42.28105
            ],
            [
              -83.72945,
              42.28102
            ],
            [
              -83.7293,
              42.28103
            ],
            [
              -83.7293,
              42.28105
            ],
            [
              -83.72918,
              42.28106
            ],
            [
              -83.72915,
              42.28071
            ]
          ]
        ]
      }
    },
    {
      "type": "Feature",
      "properties": {
        "isBuildingPart": true,
        "name": "North Campus Research Complex Building 80",
        "slug": "north-campus-research-complex-building-80",
        "category": "Academic",
        "floors": 2,
        "height": 8,
        "minHeight": 0
      },
      "geometry": {
        "type": "Polygon",
        "coordinates": [
          [
            [
              -83.70558,
              42.29941
            ],
            [
              -83.70558,
              42.299
            ],
            [
              -83.70512,
              42.299
            ],
            [
              -83.70512,
              42.29916
            ],
            [
              -83.70503,
              42.29916
            ],
            [
              -83.70503,
              42.29934
            ],
            [
              -83.70542,
              42.29934
            ],
            [
              -83.70542,
              42.29941
            ],
            [
              -83.70558,
              42.29941
            ]
          ]
        ]
      }
    },
    {
      "type": "Feature",
      "properties": {
        "isBuildingPart": true,
        "name": "North Campus Research Complex Building 520",
        "slug": "north-campus-research-complex-building-520",
        "category": "Academic",
        "floors": 3,
        "height": 12,
        "minHeight": 0
      },
      "geometry": {
        "type": "Polygon",
        "coordinates": [
          [
            [
              -83.70265,
              42.30012
            ],
            [
              -83.70353,
              42.30012
            ],
            [
              -83.70352,
              42.29983
            ],
            [
              -83.70361,
              42.29983
            ],
            [
              -83.70361,
              42.2998
            ],
            [
              -83.70352,
              42.2998
            ],
            [
              -83.70352,
              42.29952
            ],
            [
              -83.70269,
              42.29952
            ],
            [
              -83.70269,
              42.29977
            ],
            [
              -83.70265,
              42.29977
            ],
            [
              -83.70265,
              42.30012
            ]
          ]
        ]
      }
    },
    {
      "type": "Feature",
      "properties": {
        "isBuildingPart": true,
        "name": "NCRC Building 200",
        "slug": "north-campus-research-complex-building-200",
        "category": "Academic",
        "floors": 1,
        "height": 3,
        "minHeight": 0
      },
      "geometry": {
        "type": "Polygon",
        "coordinates": [
          [
            [
              -83.70315,
              42.30076
            ],
            [
              -83.70315,
              42.30021
            ],
            [
              -83.70265,
              42.30021
            ],
            [
              -83.70265,
              42.30076
            ],
            [
              -83.70315,
              42.30076
            ]
          ]
        ]
      }
    },
    {
      "type": "Feature",
      "properties": {
        "isBuildingPart": true,
        "name": "NCRC Building 500",
        "slug": "north-campus-research-complex-building-500",
        "category": "Academic",
        "floors": 2,
        "height": 3,
        "minHeight": 0
      },
      "geometry": {
        "type": "Polygon",
        "coordinates": [
          [
            [
              -83.70256,
              42.30091
            ],
            [
              -83.70256,
              42.30046
            ],
            [
              -83.70193,
              42.30046
            ],
            [
              -83.70194,
              42.30091
            ],
            [
              -83.70256,
              42.30091
            ]
          ]
        ]
      }
    },
    {
      "type": "Feature",
      "properties": {
        "isBuildingPart": true,
        "name": "North Campus Research Complex Building 100",
        "slug": "north-campus-research-complex-building-100",
        "category": "Academic",
        "floors": 3,
        "height": 3,
        "minHeight": 0
      },
      "geometry": {
        "type": "Polygon",
        "coordinates": [
          [
            [
              -83.70306,
              42.30109
            ],
            [
              -83.70306,
              42.30119
            ],
            [
              -83.70336,
              42.30119
            ],
            [
              -83.70336,
              42.30083
            ],
            [
              -83.70306,
              42.30083
            ],
            [
              -83.70306,
              42.30109
            ]
          ]
        ]
      }
    },
    {
      "type": "Feature",
      "properties": {
        "isBuildingPart": true,
        "name": "NCRC Building 300",
        "slug": "north-campus-research-complex-building-300",
        "category": "Academic",
        "floors": 1,
        "height": 3,
        "minHeight": 0
      },
      "geometry": {
        "type": "Polygon",
        "coordinates": [
          [
            [
              -83.7025,
              42.30105
            ],
            [
              -83.70229,
              42.30105
            ],
            [
              -83.70229,
              42.30145
            ],
            [
              -83.70297,
              42.30145
            ],
            [
              -83.70297,
              42.30105
            ],
            [
              -83.7025,
              42.30105
            ]
          ]
        ]
      }
    },
    {
      "type": "Feature",
      "properties": {
        "isBuildingPart": true,
        "name": "Hill Auditorium",
        "slug": "hill-auditorium",
        "category": "Student Life",
        "floors": 3,
        "height": 3,
        "minHeight": 0,
        "replacesParent3d": true
      },
      "geometry": {
        "type": "Polygon",
        "coordinates": [
          [
            [
              -83.73936,
              42.27911
            ],
            [
              -83.73932,
              42.27911
            ],
            [
              -83.73932,
              42.27925
            ],
            [
              -83.73926,
              42.27925
            ],
            [
              -83.73927,
              42.27937
            ],
            [
              -83.73929,
              42.27937
            ],
            [
              -83.73932,
              42.27935
            ],
            [
              -83.73932,
              42.2793
            ],
            [
              -83.73938,
              42.2793
            ],
            [
              -83.73937,
              42.27911
            ],
            [
              -83.73936,
              42.27911
            ]
          ]
        ]
      }
    },
    {
      "type": "Feature",
      "properties": {
        "isBuildingPart": true,
        "name": "Mary Markley Hall",
        "slug": "mary-butler-markley-hall",
        "acronym": "MARKLEY",
        "category": "Housing",
        "floors": 7,
        "height": 28,
        "minHeight": 0,
        "replacesParent3d": true
      },
      "geometry": {
        "type": "Polygon",
        "coordinates": [
          [
            [
              -83.72893,
              42.28059
            ],
            [
              -83.72901,
              42.28059
            ],
            [
              -83.72901,
              42.28055
            ],
            [
              -83.72864,
              42.28057
            ],
            [
              -83.72865,
              42.28061
            ],
            [
              -83.72893,
              42.28059
            ]
          ]
        ]
      }
    },
    {
      "type": "Feature",
      "properties": {
        "isBuildingPart": true,
        "name": "Mott Children's Hospital",
        "slug": "neuroscience-hospital-unit-2",
        "acronym": "MOTT",
        "category": "Medical",
        "floors": 12,
        "height": 48,
        "minHeight": 0
      },
      "geometry": {
        "type": "Polygon",
        "coordinates": [
          [
            [
              -83.72657,
              42.28221
            ],
            [
              -83.72677,
              42.2822
            ],
            [
              -83.72677,
              42.28206
            ],
            [
              -83.72657,
              42.28206
            ],
            [
              -83.72657,
              42.28221
            ]
          ]
        ]
      }
    },
    {
      "type": "Feature",
      "properties": {
        "isBuildingPart": true,
        "name": "Michigan Union",
        "slug": "michigan-union",
        "acronym": "UNION",
        "category": "Student Life",
        "floors": 4,
        "height": 35,
        "minHeight": 0,
        "replacesParent3d": true
      },
      "geometry": {
        "type": "Polygon",
        "coordinates": [
          [
            [
              -83.74116,
              42.27525
            ],
            [
              -83.74116,
              42.27518
            ],
            [
              -83.74107,
              42.27518
            ],
            [
              -83.74107,
              42.27525
            ],
            [
              -83.74116,
              42.27525
            ]
          ]
        ]
      }
    },
    {
      "type": "Feature",
      "properties": {
        "isBuildingPart": true,
        "name": "Dana Building",
        "slug": "samuel-trask-dana-building",
        "category": "Academic",
        "floors": 3,
        "height": 14,
        "minHeight": 0,
        "replacesParent3d": true
      },
      "geometry": {
        "type": "Polygon",
        "coordinates": [
          [
            [
              -83.7368,
              42.27739
            ],
            [
              -83.73679,
              42.27728
            ],
            [
              -83.73644,
              42.27728
            ],
            [
              -83.73645,
              42.2774
            ],
            [
              -83.7368,
              42.27739
            ]
          ]
        ]
      }
    },
    {
      "type": "Feature",
      "properties": {
        "isBuildingPart": true,
        "name": "Michigan Union",
        "slug": "michigan-union",
        "acronym": "UNION",
        "category": "Student Life",
        "floors": 4,
        "height": 12,
        "minHeight": 9,
        "replacesParent3d": true
      },
      "geometry": {
        "type": "Polygon",
        "coordinates": [
          [
            [
              -83.74167,
              42.27505
            ],
            [
              -83.74167,
              42.2749
            ],
            [
              -83.74141,
              42.2749
            ],
            [
              -83.74142,
              42.27506
            ],
            [
              -83.74167,
              42.27505
            ]
          ]
        ]
      }
    },
    {
      "type": "Feature",
      "properties": {
        "isBuildingPart": true,
        "name": "Art and Architecture Building",
        "slug": "art-and-architecture-building",
        "acronym": "A&AB",
        "category": "Academic",
        "floors": 3,
        "height": 12,
        "minHeight": 0,
        "replacesParent3d": true
      },
      "geometry": {
        "type": "Polygon",
        "coordinates": [
          [
            [
              -83.71653,
              42.28963
            ],
            [
              -83.7165,
              42.2896
            ],
            [
              -83.7165,
              42.28955
            ],
            [
              -83.71638,
              42.28955
            ],
            [
              -83.71616,
              42.2896
            ],
            [
              -83.71623,
              42.28979
            ],
            [
              -83.7161,
              42.29003
            ],
            [
              -83.71627,
              42.29008
            ],
            [
              -83.7163,
              42.29003
            ],
            [
              -83.71633,
              42.29004
            ],
            [
              -83.71643,
              42.28985
            ],
            [
              -83.71658,
              42.28976
            ],
            [
              -83.71653,
              42.28972
            ],
            [
              -83.71653,
              42.28963
            ]
          ]
        ]
      }
    },
    {
      "type": "Feature",
      "properties": {
        "isBuildingPart": true,
        "name": "North Campus Administrative Complex",
        "slug": "north-campus-administrative-complex",
        "acronym": "NCAC",
        "category": "Administrative",
        "floors": 2,
        "height": 8,
        "minHeight": 0
      },
      "geometry": {
        "type": "Polygon",
        "coordinates": [
          [
            [
              -83.70345,
              42.29625
            ],
            [
              -83.70345,
              42.29639
            ],
            [
              -83.70351,
              42.29639
            ],
            [
              -83.70351,
              42.29642
            ],
            [
              -83.70375,
              42.29642
            ],
            [
              -83.70375,
              42.29639
            ],
            [
              -83.70379,
              42.29639
            ],
            [
              -83.70379,
              42.29625
            ],
            [
              -83.70374,
              42.29625
            ],
            [
              -83.70374,
              42.29623
            ],
            [
              -83.7035,
              42.29623
            ],
            [
              -83.7035,
              42.29625
            ],
            [
              -83.70345,
              42.29625
            ]
          ]
        ]
      }
    },
    {
      "type": "Feature",
      "properties": {
        "isBuildingPart": true,
        "name": "South Quad",
        "slug": "south-quadrangle",
        "acronym": "SQ",
        "category": "Housing",
        "floors": 5,
        "height": 20,
        "minHeight": 0,
        "replacesParent3d": true
      },
      "geometry": {
        "type": "Polygon",
        "coordinates": [
          [
            [
              -83.7425,
              42.27365
            ],
            [
              -83.74256,
              42.27365
            ],
            [
              -83.74256,
              42.27359
            ],
            [
              -83.74261,
              42.27359
            ],
            [
              -83.74261,
              42.27367
            ],
            [
              -83.7426,
              42.27367
            ],
            [
              -83.7426,
              42.27374
            ],
            [
              -83.74293,
              42.27373
            ],
            [
              -83.74293,
              42.27359
            ],
            [
              -83.74264,
              42.2736
            ],
            [
              -83.74264,
              42.27345
            ],
            [
              -83.7425,
              42.27345
            ],
            [
              -83.7425,
              42.27365
            ]
          ]
        ]
      }
    },
    {
      "type": "Feature",
      "properties": {
        "isBuildingPart": true,
        "name": "South Quad",
        "slug": "south-quadrangle",
        "acronym": "SQ",
        "category": "Housing",
        "floors": 5,
        "height": 20,
        "minHeight": 0,
        "replacesParent3d": true
      },
      "geometry": {
        "type": "Polygon",
        "coordinates": [
          [
            [
              -83.7424,
              42.27378
            ],
            [
              -83.7424,
              42.27404
            ],
            [
              -83.74259,
              42.27404
            ],
            [
              -83.74259,
              42.27381
            ],
            [
              -83.74249,
              42.27381
            ],
            [
              -83.74249,
              42.27378
            ],
            [
              -83.7424,
              42.27378
            ]
          ]
        ]
      }
    },
    {
      "type": "Feature",
      "properties": {
        "isBuildingPart": true,
        "name": "South Quad",
        "slug": "south-quadrangle",
        "acronym": "SQ",
        "category": "Housing",
        "floors": 5,
        "height": 20,
        "minHeight": 0,
        "replacesParent3d": true
      },
      "geometry": {
        "type": "Polygon",
        "coordinates": [
          [
            [
              -83.74172,
              42.27361
            ],
            [
              -83.74172,
              42.27345
            ],
            [
              -83.7416,
              42.27345
            ],
            [
              -83.7416,
              42.27361
            ],
            [
              -83.74136,
              42.27361
            ],
            [
              -83.74136,
              42.27368
            ],
            [
              -83.74137,
              42.27368
            ],
            [
              -83.74137,
              42.27372
            ],
            [
              -83.74139,
              42.27372
            ],
            [
              -83.74139,
              42.27374
            ],
            [
              -83.74166,
              42.27374
            ],
            [
              -83.74166,
              42.27404
            ],
            [
              -83.74185,
              42.27404
            ],
            [
              -83.74184,
              42.27397
            ],
            [
              -83.74184,
              42.27378
            ],
            [
              -83.74179,
              42.27378
            ],
            [
              -83.74179,
              42.27381
            ],
            [
              -83.74168,
              42.27381
            ],
            [
              -83.74168,
              42.27367
            ],
            [
              -83.74167,
              42.27367
            ],
            [
              -83.74167,
              42.27361
            ],
            [
              -83.74172,
              42.27361
            ]
          ]
        ]
      }
    },
    {
      "type": "Feature",
      "properties": {
        "isBuildingPart": true,
        "name": "South Quad",
        "slug": "south-quadrangle",
        "acronym": "SQ",
        "category": "Housing",
        "floors": 5,
        "height": 30,
        "minHeight": 0,
        "replacesParent3d": true
      },
      "geometry": {
        "type": "Polygon",
        "coordinates": [
          [
            [
              -83.74261,
              42.27359
            ],
            [
              -83.74256,
              42.27359
            ],
            [
              -83.74256,
              42.27365
            ],
            [
              -83.74173,
              42.27365
            ],
            [
              -83.74172,
              42.27361
            ],
            [
              -83.74167,
              42.27361
            ],
            [
              -83.74167,
              42.27367
            ],
            [
              -83.74168,
              42.27367
            ],
            [
              -83.74168,
              42.27381
            ],
            [
              -83.74179,
              42.27381
            ],
            [
              -83.74179,
              42.27378
            ],
            [
              -83.74249,
              42.27378
            ],
            [
              -83.74249,
              42.27381
            ],
            [
              -83.7426,
              42.27381
            ],
            [
              -83.7426,
              42.27367
            ],
            [
              -83.74261,
              42.27367
            ],
            [
              -83.74261,
              42.27359
            ]
          ]
        ]
      }
    },
    {
      "type": "Feature",
      "properties": {
        "isBuildingPart": true,
        "name": "South Quad",
        "slug": "south-quadrangle",
        "acronym": "SQ",
        "category": "Housing",
        "floors": 5,
        "height": 3,
        "minHeight": 0,
        "replacesParent3d": true
      },
      "geometry": {
        "type": "Polygon",
        "coordinates": [
          [
            [
              -83.7425,
              42.2734
            ],
            [
              -83.74172,
              42.2734
            ],
            [
              -83.74172,
              42.27361
            ],
            [
              -83.74173,
              42.27365
            ],
            [
              -83.7425,
              42.27365
            ],
            [
              -83.7425,
              42.2734
            ]
          ]
        ]
      }
    },
    {
      "type": "Feature",
      "properties": {
        "isBuildingPart": true,
        "name": "South Quad",
        "slug": "south-quadrangle",
        "acronym": "SQ",
        "category": "Housing",
        "floors": 5,
        "height": 3,
        "minHeight": 0,
        "replacesParent3d": true
      },
      "geometry": {
        "type": "Polygon",
        "coordinates": [
          [
            [
              -83.7424,
              42.27393
            ],
            [
              -83.7424,
              42.27378
            ],
            [
              -83.74184,
              42.27378
            ],
            [
              -83.74184,
              42.27397
            ],
            [
              -83.7424,
              42.27393
            ]
          ]
        ]
      }
    },
    {
      "type": "Feature",
      "properties": {
        "isBuildingPart": true,
        "name": "Dana Building",
        "slug": "samuel-trask-dana-building",
        "category": "Academic",
        "floors": 3,
        "height": 15,
        "minHeight": 0,
        "replacesParent3d": true
      },
      "geometry": {
        "type": "Polygon",
        "coordinates": [
          [
            [
              -83.73694,
              42.27752
            ],
            [
              -83.73694,
              42.27741
            ],
            [
              -83.73691,
              42.27741
            ],
            [
              -83.73691,
              42.27723
            ],
            [
              -83.73693,
              42.27723
            ],
            [
              -83.73693,
              42.27711
            ],
            [
              -83.73678,
              42.27712
            ],
            [
              -83.73678,
              42.27713
            ],
            [
              -83.73643,
              42.27714
            ],
            [
              -83.73642,
              42.27712
            ],
            [
              -83.73628,
              42.27712
            ],
            [
              -83.73628,
              42.27724
            ],
            [
              -83.7363,
              42.27724
            ],
            [
              -83.7363,
              42.27734
            ],
            [
              -83.73631,
              42.27738
            ],
            [
              -83.73631,
              42.27742
            ],
            [
              -83.73628,
              42.27742
            ],
            [
              -83.73629,
              42.27753
            ],
            [
              -83.73644,
              42.27752
            ],
            [
              -83.73644,
              42.27751
            ],
            [
              -83.7368,
              42.27751
            ],
            [
              -83.7368,
              42.27752
            ],
            [
              -83.73694,
              42.27752
            ]
          ]
        ]
      }
    },
    {
      "type": "Feature",
      "properties": {
        "isBuildingPart": true,
        "name": "Hill Auditorium",
        "slug": "hill-auditorium",
        "category": "Student Life",
        "floors": 3,
        "height": 9,
        "minHeight": 0,
        "replacesParent3d": true
      },
      "geometry": {
        "type": "Polygon",
        "coordinates": [
          [
            [
              -83.73932,
              42.27925
            ],
            [
              -83.73931,
              42.27891
            ],
            [
              -83.7392,
              42.27892
            ],
            [
              -83.73878,
              42.27892
            ],
            [
              -83.73878,
              42.27925
            ],
            [
              -83.73932,
              42.27925
            ]
          ]
        ]
      }
    },
    {
      "type": "Feature",
      "properties": {
        "isBuildingPart": true,
        "name": "Hill Auditorium",
        "slug": "hill-auditorium",
        "category": "Student Life",
        "floors": 3,
        "height": 12,
        "minHeight": 0,
        "replacesParent3d": true
      },
      "geometry": {
        "type": "Polygon",
        "coordinates": [
          [
            [
              -83.73926,
              42.27925
            ],
            [
              -83.73884,
              42.27925
            ],
            [
              -83.73884,
              42.2794
            ],
            [
              -83.73917,
              42.2794
            ],
            [
              -83.73927,
              42.27939
            ],
            [
              -83.73926,
              42.27925
            ]
          ]
        ]
      }
    },
    {
      "type": "Feature",
      "properties": {
        "isBuildingPart": true,
        "name": "Hill Auditorium",
        "slug": "hill-auditorium",
        "category": "Student Life",
        "floors": 3,
        "height": 9,
        "minHeight": 0,
        "replacesParent3d": true
      },
      "geometry": {
        "type": "Polygon",
        "coordinates": [
          [
            [
              -83.73878,
              42.27894
            ],
            [
              -83.73874,
              42.27894
            ],
            [
              -83.73874,
              42.27911
            ],
            [
              -83.73878,
              42.27911
            ],
            [
              -83.73878,
              42.27894
            ]
          ]
        ]
      }
    },
    {
      "type": "Feature",
      "properties": {
        "isBuildingPart": true,
        "name": "Hill Auditorium",
        "slug": "hill-auditorium",
        "category": "Student Life",
        "floors": 3,
        "height": 9,
        "minHeight": 0,
        "replacesParent3d": true
      },
      "geometry": {
        "type": "Polygon",
        "coordinates": [
          [
            [
              -83.73935,
              42.27893
            ],
            [
              -83.73931,
              42.27893
            ],
            [
              -83.73932,
              42.27911
            ],
            [
              -83.73936,
              42.27911
            ],
            [
              -83.73935,
              42.27893
            ]
          ]
        ]
      }
    },
    {
      "type": "Feature",
      "properties": {
        "isBuildingPart": true,
        "name": "Hill Auditorium",
        "slug": "hill-auditorium",
        "category": "Student Life",
        "floors": 3,
        "height": 12,
        "minHeight": 0,
        "replacesParent3d": true
      },
      "geometry": {
        "type": "Polygon",
        "coordinates": [
          [
            [
              -83.73927,
              42.27939
            ],
            [
              -83.73926,
              42.27925
            ],
            [
              -83.73932,
              42.27925
            ],
            [
              -83.73932,
              42.27911
            ],
            [
              -83.73936,
              42.27911
            ],
            [
              -83.73935,
              42.27893
            ],
            [
              -83.73931,
              42.27893
            ],
            [
              -83.73931,
              42.27891
            ],
            [
              -83.7392,
              42.27892
            ],
            [
              -83.73878,
              42.27892
            ],
            [
              -83.73878,
              42.27894
            ],
            [
              -83.73874,
              42.27894
            ],
            [
              -83.73874,
              42.27911
            ],
            [
              -83.73878,
              42.27911
            ],
            [
              -83.73878,
              42.27925
            ],
            [
              -83.73884,
              42.27925
            ],
            [
              -83.73884,
              42.2794
            ],
            [
              -83.73917,
              42.2794
            ],
            [
              -83.73927,
              42.27939
            ]
          ]
        ]
      }
    },
    {
      "type": "Feature",
      "properties": {
        "isBuildingPart": true,
        "name": "Michigan Union",
        "slug": "michigan-union",
        "acronym": "UNION",
        "category": "Student Life",
        "floors": 4,
        "height": 9,
        "minHeight": 0,
        "replacesParent3d": true
      },
      "geometry": {
        "type": "Polygon",
        "coordinates": [
          [
            [
              -83.74133,
              42.27539
            ],
            [
              -83.74133,
              42.27552
            ],
            [
              -83.74142,
              42.27552
            ],
            [
              -83.74142,
              42.27551
            ],
            [
              -83.74171,
              42.27551
            ],
            [
              -83.74171,
              42.27554
            ],
            [
              -83.74191,
              42.27554
            ],
            [
              -83.74191,
              42.27551
            ],
            [
              -83.74194,
              42.27551
            ],
            [
              -83.74194,
              42.27543
            ],
            [
              -83.74203,
              42.27543
            ],
            [
              -83.74202,
              42.27523
            ],
            [
              -83.74194,
              42.27523
            ],
            [
              -83.74193,
              42.27505
            ],
            [
              -83.74191,
              42.27505
            ],
            [
              -83.74191,
              42.275
            ],
            [
              -83.74186,
              42.275
            ],
            [
              -83.74186,
              42.27491
            ],
            [
              -83.74203,
              42.27491
            ],
            [
              -83.74203,
              42.2748
            ],
            [
              -83.74131,
              42.27481
            ],
            [
              -83.74131,
              42.27493
            ],
            [
              -83.74138,
              42.27493
            ],
            [
              -83.74139,
              42.27513
            ],
            [
              -83.74173,
              42.27513
            ],
            [
              -83.74173,
              42.27537
            ],
            [
              -83.74159,
              42.27537
            ],
            [
              -83.74159,
              42.27534
            ],
            [
              -83.74134,
              42.27534
            ],
            [
              -83.74134,
              42.27539
            ],
            [
              -83.74133,
              42.27539
            ]
          ]
        ]
      }
    },
    {
      "type": "Feature",
      "properties": {
        "isBuildingPart": true,
        "name": "Michigan Union",
        "slug": "michigan-union",
        "acronym": "UNION",
        "category": "Student Life",
        "floors": 4,
        "height": 12,
        "minHeight": 0,
        "replacesParent3d": true
      },
      "geometry": {
        "type": "Polygon",
        "coordinates": [
          [
            [
              -83.74108,
              42.27494
            ],
            [
              -83.74109,
              42.27518
            ],
            [
              -83.74116,
              42.27518
            ],
            [
              -83.74116,
              42.27525
            ],
            [
              -83.74109,
              42.27525
            ],
            [
              -83.7411,
              42.27539
            ],
            [
              -83.74134,
              42.27538
            ],
            [
              -83.74134,
              42.27534
            ],
            [
              -83.74159,
              42.27534
            ],
            [
              -83.74159,
              42.27537
            ],
            [
              -83.74173,
              42.27537
            ],
            [
              -83.74173,
              42.27513
            ],
            [
              -83.74139,
              42.27513
            ],
            [
              -83.74138,
              42.27493
            ],
            [
              -83.74108,
              42.27494
            ]
          ]
        ]
      }
    },
    {
      "type": "Feature",
      "properties": {
        "isBuildingPart": true,
        "name": "West Quadrangle",
        "slug": "west-quadrangle",
        "acronym": "WQ",
        "category": "Housing",
        "floors": 5,
        "height": 18,
        "minHeight": 0,
        "replacesParent3d": true
      },
      "geometry": {
        "type": "Polygon",
        "coordinates": [
          [
            [
              -83.74298,
              42.27482
            ],
            [
              -83.74298,
              42.27473
            ],
            [
              -83.74286,
              42.27473
            ],
            [
              -83.74286,
              42.27482
            ],
            [
              -83.74298,
              42.27482
            ]
          ]
        ]
      }
    },
    {
      "type": "Feature",
      "properties": {
        "isBuildingPart": true,
        "name": "West Quadrangle",
        "slug": "west-quadrangle",
        "acronym": "WQ",
        "category": "Housing",
        "floors": 5,
        "height": 15,
        "minHeight": 0,
        "replacesParent3d": true
      },
      "geometry": {
        "type": "Polygon",
        "coordinates": [
          [
            [
              -83.74298,
              42.27482
            ],
            [
              -83.74286,
              42.27482
            ],
            [
              -83.74286,
              42.27473
            ],
            [
              -83.74298,
              42.27473
            ],
            [
              -83.74297,
              42.27451
            ],
            [
              -83.74295,
              42.27451
            ],
            [
              -83.74294,
              42.27449
            ],
            [
              -83.74294,
              42.27435
            ],
            [
              -83.74278,
              42.27435
            ],
            [
              -83.74279,
              42.27439
            ],
            [
              -83.74206,
              42.2744
            ],
            [
              -83.74207,
              42.27451
            ],
            [
              -83.74231,
              42.27451
            ],
            [
              -83.74231,
              42.27452
            ],
            [
              -83.74242,
              42.27451
            ],
            [
              -83.74279,
              42.27451
            ],
            [
              -83.7428,
              42.27473
            ],
            [
              -83.74274,
              42.27474
            ],
            [
              -83.74274,
              42.27472
            ],
            [
              -83.74267,
              42.27472
            ],
            [
              -83.74267,
              42.27474
            ],
            [
              -83.74245,
              42.27474
            ],
            [
              -83.74245,
              42.27472
            ],
            [
              -83.74238,
              42.27472
            ],
            [
              -83.74238,
              42.27474
            ],
            [
              -83.74232,
              42.27474
            ],
            [
              -83.74232,
              42.27472
            ],
            [
              -83.74214,
              42.27472
            ],
            [
              -83.74216,
              42.27533
            ],
            [
              -83.74211,
              42.27533
            ],
            [
              -83.74211,
              42.27537
            ],
            [
              -83.7421,
              42.27537
            ],
            [
              -83.7421,
              42.27544
            ],
            [
              -83.74214,
              42.27543
            ],
            [
              -83.74215,
              42.27547
            ],
            [
              -83.74228,
              42.27533
            ],
            [
              -83.74228,
              42.2753
            ],
            [
              -83.74233,
              42.2753
            ],
            [
              -83.74233,
              42.27505
            ],
            [
              -83.74232,
              42.275
            ],
            [
              -83.74238,
              42.275
            ],
            [
              -83.74238,
              42.27501
            ],
            [
              -83.7424,
              42.27502
            ],
            [
              -83.74244,
              42.27502
            ],
            [
              -83.74246,
              42.27501
            ],
            [
              -83.74246,
              42.275
            ],
            [
              -83.74252,
              42.275
            ],
            [
              -83.74252,
              42.27505
            ],
            [
              -83.74261,
              42.27505
            ],
            [
              -83.74261,
              42.275
            ],
            [
              -83.74267,
              42.275
            ],
            [
              -83.74267,
              42.27501
            ],
            [
              -83.74269,
              42.27502
            ],
            [
              -83.74273,
              42.27502
            ],
            [
              -83.74275,
              42.27501
            ],
            [
              -83.74275,
              42.275
            ],
            [
              -83.7428,
              42.27499
            ],
            [
              -83.74281,
              42.2753
            ],
            [
              -83.743,
              42.27542
            ],
            [
              -83.74298,
              42.27482
            ]
          ]
        ]
      }
    },
    {
      "type": "Feature",
      "properties": {
        "isBuildingPart": true,
        "name": "West Quadrangle",
        "slug": "west-quadrangle",
        "acronym": "WQ",
        "category": "Housing",
        "floors": 5,
        "height": 15,
        "minHeight": 0,
        "replacesParent3d": true
      },
      "geometry": {
        "type": "Polygon",
        "coordinates": [
          [
            [
              -83.743,
              42.27542
            ],
            [
              -83.74281,
              42.2753
            ],
            [
              -83.74255,
              42.2753
            ],
            [
              -83.74255,
              42.27532
            ],
            [
              -83.74237,
              42.27532
            ],
            [
              -83.74228,
              42.27533
            ],
            [
              -83.74215,
              42.27547
            ],
            [
              -83.74253,
              42.27546
            ],
            [
              -83.74295,
              42.27546
            ],
            [
              -83.74295,
              42.27542
            ],
            [
              -83.743,
              42.27542
            ]
          ]
        ]
      }
    },
    {
      "type": "Feature",
      "properties": {
        "isBuildingPart": true,
        "name": "Mason Hall",
        "slug": "mason-hall",
        "acronym": "MH",
        "category": "Academic",
        "floors": 4,
        "height": 3,
        "minHeight": 0,
        "replacesParent3d": true
      },
      "geometry": {
        "type": "Polygon",
        "coordinates": [
          [
            [
              -83.73987,
              42.27712
            ],
            [
              -83.73986,
              42.27677
            ],
            [
              -83.73933,
              42.27677
            ],
            [
              -83.73933,
              42.27682
            ],
            [
              -83.73936,
              42.27682
            ],
            [
              -83.73937,
              42.27713
            ],
            [
              -83.73987,
              42.27712
            ]
          ]
        ]
      }
    },
    {
      "type": "Feature",
      "properties": {
        "isBuildingPart": true,
        "name": "Mason Hall",
        "slug": "mason-hall",
        "acronym": "MH",
        "category": "Academic",
        "floors": 4,
        "height": 12,
        "minHeight": 0,
        "replacesParent3d": true
      },
      "geometry": {
        "type": "Polygon",
        "coordinates": [
          [
            [
              -83.73987,
              42.27712
            ],
            [
              -83.73937,
              42.27713
            ],
            [
              -83.73936,
              42.27682
            ],
            [
              -83.73913,
              42.27682
            ],
            [
              -83.73914,
              42.27737
            ],
            [
              -83.7393,
              42.27737
            ],
            [
              -83.7393,
              42.27741
            ],
            [
              -83.73938,
              42.27741
            ],
            [
              -83.73938,
              42.27731
            ],
            [
              -83.73983,
              42.2773
            ],
            [
              -83.73983,
              42.27728
            ],
            [
              -83.7399,
              42.27728
            ],
            [
              -83.7399,
              42.27725
            ],
            [
              -83.73991,
              42.27725
            ],
            [
              -83.73991,
              42.27719
            ],
            [
              -83.73987,
              42.27719
            ],
            [
              -83.73987,
              42.27712
            ]
          ]
        ]
      }
    },
    {
      "type": "Feature",
      "properties": {
        "isBuildingPart": true,
        "name": "Hatcher Graduate Library",
        "slug": "harlan-h-hatcher-graduate-library",
        "category": "Library/Museum",
        "floors": 8,
        "height": 15,
        "minHeight": 0,
        "replacesParent3d": true
      },
      "geometry": {
        "type": "Polygon",
        "coordinates": [
          [
            [
              -83.73852,
              42.27626
            ],
            [
              -83.73852,
              42.27622
            ],
            [
              -83.73788,
              42.27623
            ],
            [
              -83.73789,
              42.27643
            ],
            [
              -83.73787,
              42.27643
            ],
            [
              -83.73787,
              42.27659
            ],
            [
              -83.73854,
              42.27659
            ],
            [
              -83.73853,
              42.27642
            ],
            [
              -83.73852,
              42.27642
            ],
            [
              -83.73852,
              42.27626
            ]
          ]
        ]
      }
    },
    {
      "type": "Feature",
      "properties": {
        "isBuildingPart": true,
        "name": "Hatcher Graduate Library",
        "slug": "harlan-h-hatcher-graduate-library",
        "category": "Library/Museum",
        "floors": 8,
        "height": 21,
        "minHeight": 0,
        "replacesParent3d": true
      },
      "geometry": {
        "type": "Polygon",
        "coordinates": [
          [
            [
              -83.73859,
              42.27626
            ],
            [
              -83.73859,
              42.27622
            ],
            [
              -83.73857,
              42.27622
            ],
            [
              -83.73856,
              42.2761
            ],
            [
              -83.73783,
              42.2761
            ],
            [
              -83.73783,
              42.27617
            ],
            [
              -83.73776,
              42.27618
            ],
            [
              -83.73776,
              42.27623
            ],
            [
              -83.73779,
              42.27623
            ],
            [
              -83.73779,
              42.27627
            ],
            [
              -83.73788,
              42.27627
            ],
            [
              -83.73788,
              42.27623
            ],
            [
              -83.73852,
              42.27622
            ],
            [
              -83.73852,
              42.27626
            ],
            [
              -83.73859,
              42.27626
            ]
          ]
        ]
      }
    },
    {
      "type": "Feature",
      "properties": {
        "isBuildingPart": true,
        "name": "Hatcher Graduate Library",
        "slug": "harlan-h-hatcher-graduate-library",
        "category": "Library/Museum",
        "floors": 8,
        "height": 15,
        "minHeight": 6,
        "replacesParent3d": true
      },
      "geometry": {
        "type": "Polygon",
        "coordinates": [
          [
            [
              -83.73827,
              42.27604
            ],
            [
              -83.73826,
              42.27604
            ],
            [
              -83.73826,
              42.2761
            ],
            [
              -83.73828,
              42.2761
            ],
            [
              -83.73827,
              42.27604
            ]
          ]
        ]
      }
    },
    {
      "type": "Feature",
      "properties": {
        "isBuildingPart": true,
        "name": "Hatcher Graduate Library",
        "slug": "harlan-h-hatcher-graduate-library",
        "category": "Library/Museum",
        "floors": 8,
        "height": 24,
        "minHeight": 3,
        "replacesParent3d": true
      },
      "geometry": {
        "type": "Polygon",
        "coordinates": [
          [
            [
              -83.7387,
              42.27599
            ],
            [
              -83.7387,
              42.27585
            ],
            [
              -83.73768,
              42.27586
            ],
            [
              -83.73768,
              42.276
            ],
            [
              -83.73791,
              42.276
            ],
            [
              -83.73813,
              42.27599
            ],
            [
              -83.7387,
              42.27599
            ]
          ]
        ]
      }
    },
    {
      "type": "Feature",
      "properties": {
        "isBuildingPart": true,
        "name": "Hatcher Graduate Library",
        "slug": "harlan-h-hatcher-graduate-library",
        "category": "Library/Museum",
        "floors": 8,
        "height": 24,
        "minHeight": 0,
        "replacesParent3d": true
      },
      "geometry": {
        "type": "Polygon",
        "coordinates": [
          [
            [
              -83.73858,
              42.27603
            ],
            [
              -83.73858,
              42.27599
            ],
            [
              -83.73848,
              42.27599
            ],
            [
              -83.73848,
              42.27603
            ],
            [
              -83.73858,
              42.27603
            ]
          ]
        ]
      }
    },
    {
      "type": "Feature",
      "properties": {
        "isBuildingPart": true,
        "name": "Hatcher Graduate Library",
        "slug": "harlan-h-hatcher-graduate-library",
        "category": "Library/Museum",
        "floors": 8,
        "height": 24,
        "minHeight": 0,
        "replacesParent3d": true
      },
      "geometry": {
        "type": "Polygon",
        "coordinates": [
          [
            [
              -83.73791,
              42.276
            ],
            [
              -83.73782,
              42.276
            ],
            [
              -83.73782,
              42.27604
            ],
            [
              -83.73791,
              42.27604
            ],
            [
              -83.73791,
              42.276
            ]
          ]
        ]
      }
    },
    {
      "type": "Feature",
      "properties": {
        "isBuildingPart": true,
        "name": "Hatcher Graduate Library",
        "slug": "harlan-h-hatcher-graduate-library",
        "category": "Library/Museum",
        "floors": 8,
        "height": 27,
        "minHeight": 0,
        "replacesParent3d": true
      },
      "geometry": {
        "type": "Polygon",
        "coordinates": [
          [
            [
              -83.73812,
              42.2761
            ],
            [
              -83.73826,
              42.2761
            ],
            [
              -83.73826,
              42.27599
            ],
            [
              -83.73813,
              42.27599
            ],
            [
              -83.73813,
              42.27607
            ],
            [
              -83.73812,
              42.27607
            ],
            [
              -83.73812,
              42.2761
            ]
          ]
        ]
      }
    },
    {
      "type": "Feature",
      "properties": {
        "isBuildingPart": true,
        "name": "Oxford Housing",
        "slug": "laurel-harper-seeley-hall",
        "category": "Housing",
        "floors": 3,
        "height": 3,
        "minHeight": 0,
        "replacesParent3d": true
      },
      "geometry": {
        "type": "Polygon",
        "coordinates": [
          [
            [
              -83.7254,
              42.2743
            ],
            [
              -83.7254,
              42.27424
            ],
            [
              -83.72519,
              42.27425
            ],
            [
              -83.72488,
              42.27425
            ],
            [
              -83.72488,
              42.2743
            ],
            [
              -83.72513,
              42.2743
            ],
            [
              -83.72513,
              42.27433
            ],
            [
              -83.7252,
              42.27433
            ],
            [
              -83.7252,
              42.2743
            ],
            [
              -83.7254,
              42.2743
            ]
          ]
        ]
      }
    },
    {
      "type": "Feature",
      "properties": {
        "isBuildingPart": true,
        "name": "Oxford Housing",
        "slug": "laurel-harper-seeley-hall",
        "category": "Housing",
        "floors": 3,
        "height": 12,
        "minHeight": 0,
        "replacesParent3d": true
      },
      "geometry": {
        "type": "Polygon",
        "coordinates": [
          [
            [
              -83.72508,
              42.2743
            ],
            [
              -83.72488,
              42.2743
            ],
            [
              -83.72488,
              42.27455
            ],
            [
              -83.72508,
              42.27454
            ],
            [
              -83.72508,
              42.2743
            ]
          ]
        ]
      }
    },
    {
      "type": "Feature",
      "properties": {
        "isBuildingPart": true,
        "name": "Oxford Housing",
        "slug": "laurel-harper-seeley-hall",
        "category": "Housing",
        "floors": 3,
        "height": 12,
        "minHeight": 0,
        "replacesParent3d": true
      },
      "geometry": {
        "type": "Polygon",
        "coordinates": [
          [
            [
              -83.7254,
              42.27401
            ],
            [
              -83.72519,
              42.27401
            ],
            [
              -83.72519,
              42.27425
            ],
            [
              -83.7254,
              42.27424
            ],
            [
              -83.7254,
              42.27401
            ]
          ]
        ]
      }
    },
    {
      "type": "Feature",
      "properties": {
        "isBuildingPart": true,
        "name": "Climate and Space Research Building",
        "slug": "climate-and-space-research-building-csrb",
        "acronym": "SRB",
        "category": "Academic",
        "floors": 4,
        "height": 3,
        "minHeight": 0
      },
      "geometry": {
        "type": "Polygon",
        "coordinates": [
          [
            [
              -83.71164,
              42.29418
            ],
            [
              -83.71164,
              42.29409
            ],
            [
              -83.71152,
              42.29409
            ],
            [
              -83.71152,
              42.29418
            ],
            [
              -83.71164,
              42.29418
            ]
          ]
        ]
      }
    },
    {
      "type": "Feature",
      "properties": {
        "isBuildingPart": true,
        "name": "Climate and Space Research Building",
        "slug": "climate-and-space-research-building-csrb",
        "acronym": "SRB",
        "category": "Academic",
        "floors": 4,
        "height": 3,
        "minHeight": 0
      },
      "geometry": {
        "type": "Polygon",
        "coordinates": [
          [
            [
              -83.71153,
              42.29441
            ],
            [
              -83.71138,
              42.29441
            ],
            [
              -83.71138,
              42.29468
            ],
            [
              -83.71165,
              42.29468
            ],
            [
              -83.71165,
              42.29457
            ],
            [
              -83.71161,
              42.29457
            ],
            [
              -83.71161,
              42.29447
            ],
            [
              -83.71153,
              42.29447
            ],
            [
              -83.71153,
              42.29441
            ]
          ]
        ]
      }
    },
    {
      "type": "Feature",
      "properties": {
        "isBuildingPart": true,
        "name": "Climate and Space Research Building",
        "slug": "climate-and-space-research-building-csrb",
        "acronym": "SRB",
        "category": "Academic",
        "floors": 4,
        "height": 9,
        "minHeight": 0
      },
      "geometry": {
        "type": "Polygon",
        "coordinates": [
          [
            [
              -83.71165,
              42.29441
            ],
            [
              -83.71165,
              42.29423
            ],
            [
              -83.71153,
              42.29423
            ],
            [
              -83.71153,
              42.29447
            ],
            [
              -83.71165,
              42.29447
            ],
            [
              -83.71165,
              42.29441
            ]
          ]
        ]
      }
    },
    {
      "type": "Feature",
      "properties": {
        "isBuildingPart": true,
        "name": "Climate and Space Research Building",
        "slug": "climate-and-space-research-building-csrb",
        "acronym": "SRB",
        "category": "Academic",
        "floors": 4,
        "height": 6,
        "minHeight": 0
      },
      "geometry": {
        "type": "Polygon",
        "coordinates": [
          [
            [
              -83.71105,
              42.29431
            ],
            [
              -83.71105,
              42.29427
            ],
            [
              -83.71072,
              42.29427
            ],
            [
              -83.71072,
              42.29457
            ],
            [
              -83.71078,
              42.29457
            ],
            [
              -83.71078,
              42.29459
            ],
            [
              -83.71083,
              42.29459
            ],
            [
              -83.71083,
              42.29457
            ],
            [
              -83.7109,
              42.29457
            ],
            [
              -83.7109,
              42.29441
            ],
            [
              -83.71105,
              42.29441
            ],
            [
              -83.71105,
              42.29431
            ]
          ]
        ]
      }
    },
    {
      "type": "Feature",
      "properties": {
        "isBuildingPart": true,
        "name": "Gorguze Family Laboratory",
        "slug": "gorguze-family-laboratory",
        "acronym": "GFL",
        "category": "Academic",
        "floors": 3,
        "height": 3,
        "minHeight": 0
      },
      "geometry": {
        "type": "Polygon",
        "coordinates": [
          [
            [
              -83.71084,
              42.29351
            ],
            [
              -83.71026,
              42.29351
            ],
            [
              -83.71026,
              42.29373
            ],
            [
              -83.71031,
              42.29373
            ],
            [
              -83.71031,
              42.29362
            ],
            [
              -83.71048,
              42.29362
            ],
            [
              -83.71048,
              42.29368
            ],
            [
              -83.71078,
              42.29368
            ],
            [
              -83.71078,
              42.29378
            ],
            [
              -83.71093,
              42.29378
            ],
            [
              -83.71093,
              42.29351
            ],
            [
              -83.71084,
              42.29351
            ]
          ]
        ]
      }
    },
    {
      "type": "Feature",
      "properties": {
        "isBuildingPart": true,
        "name": "Gorguze Family Laboratory",
        "slug": "gorguze-family-laboratory",
        "acronym": "GFL",
        "category": "Academic",
        "floors": 3,
        "height": 12,
        "minHeight": 0
      },
      "geometry": {
        "type": "Polygon",
        "coordinates": [
          [
            [
              -83.71064,
              42.29279
            ],
            [
              -83.71064,
              42.29291
            ],
            [
              -83.71117,
              42.29291
            ],
            [
              -83.71117,
              42.29279
            ],
            [
              -83.71064,
              42.29279
            ]
          ]
        ]
      }
    }
  ]
}
