{"type":"FeatureCollection","features":[{"type":"Feature","geometry":{"type":"Polygon","coordinates":[[[-83.661274,42.286593],[-83.661315,42.286609],[-83.661333,42.286614],[-83.661368,42.286618],[-83.661401,42.286619],[-83.661431,42.286616],[-83.661458,42.28661],[-83.661496,42.286597],[-83.661506,42.28659],[-83.661511,42.286583],[-83.661513,42.286574],[-83.661513,42.286565],[-83.661498,42.286547],[-83.661494,42.286536],[-83.661491,42.286509],[-83.661486,42.286498],[-83.661473,42.286483],[-83.66146,42.286474],[-83.661447,42.286467],[-83.661422,42.28646],[-83.661407,42.286459],[-83.66139,42.286459],[-83.661359,42.286468],[-83.661347,42.286469],[-83.661327,42.28646],[-83.661313,42.286457],[-83.661296,42.286455],[-83.661247,42.286455],[-83.661201,42.286458],[-83.661168,42.286463],[-83.661148,42.28647],[-83.661136,42.286478],[-83.661126,42.286488],[-83.661118,42.286499],[-83.661114,42.28651],[-83.661113,42.286518],[-83.661116,42.286529],[-83.661133,42.286558],[-83.661149,42.286579],[-83.661159,42.286588],[-83.661168,42.286592],[-83.661191,42.286596],[-83.661205,42.286596],[-83.661239,42.28659],[-83.661254,42.286589],[-83.661274,42.286593]],[[-83.661187,42.286534],[-83.661192,42.286524],[-83.661198,42.286521],[-83.661213,42.286519],[-83.66126,42.286511],[-83.661279,42.286511],[-83.661295,42.286513],[-83.661322,42.286527],[-83.661333,42.286529],[-83.661348,42.286527],[-83.661377,42.286518],[-83.661389,42.286516],[-83.661411,42.286517],[-83.661425,42.286523],[-83.661438,42.286534],[-83.661446,42.286546],[-83.661448,42.286558],[-83.661443,42.28657],[-83.661433,42.286576],[-83.661421,42.286581],[-83.6614,42.286584],[-83.661369,42.286588],[-83.661335,42.286588],[-83.661303,42.286585],[-83.661271,42.286578],[-83.66124,42.286568],[-83.66121,42.286556],[-83.661195,42.286549],[-83.661189,42.286544],[-83.661187,42.286534]]]},"properties":{"ObjectName":null}},{"type":"Feature","geometry":{"type":"Polygon","coordinates":[[[-83.656816,42.284816],[-83.656836,42.284794],[-83.656844,42.284787],[-83.656863,42.284777],[-83.656883,42.284771],[-83.656906,42.284769],[-83.656946,42.284771],[-83.657005,42.284777],[-83.657055,42.284786],[-83.657132,42.284815],[-83.657166,42.284823],[-83.657199,42.284829],[-83.657231,42.284833],[-83.657262,42.284835],[-83.657306,42.284836],[-83.657332,42.284832],[-83.657356,42.284822],[-83.657382,42.284804],[-83.657402,42.284782],[-83.657424,42.284747],[-83.657441,42.284717],[-83.657446,42.284699],[-83.657445,42.284685],[-83.65744,42.284668],[-83.657431,42.284652],[-83.657419,42.284636],[-83.657404,42.284622],[-83.657389,42.28461],[-83.657373,42.284602],[-83.657358,42.284597],[-83.657336,42.284596],[-83.65728,42.284604],[-83.65724,42.284605],[-83.657212,42.284603],[-83.657168,42.284591],[-83.657154,42.284589],[-83.657126,42.284588],[-83.65711,42.284591],[-83.657097,42.2846],[-83.657081,42.284625],[-83.657059,42.284666],[-83.657046,42.284681],[-83.657032,42.284689],[-83.657013,42.284696],[-83.65699,42.284702],[-83.656959,42.284708],[-83.656936,42.28471],[-83.656909,42.284711],[-83.656824,42.284704],[-83.656789,42.2847],[-83.656695,42.284685],[-83.656675,42.284683],[-83.656669,42.284684],[-83.656694,42.284695],[-83.656761,42.284718],[-83.65678,42.284727],[-83.656785,42.284729],[-83.656802,42.28474],[-83.656821,42.284758],[-83.65683,42.284775],[-83.65683,42.284784],[-83.656828,42.284794],[-83.656816,42.284816]]]},"properties":{"ObjectName":null}},{"type":"Feature","geometry":{"type":"Polygon","coordinates":[[[-83.664041,42.286727],[-83.664036,42.286728],[-83.664032,42.28673],[-83.664027,42.286732],[-83.664024,42.286735],[-83.664021,42.286738],[-83.664018,42.286741],[-83.664017,42.286745],[-83.664014,42.286749],[-83.664011,42.286753],[-83.664006,42.286756],[-83.664001,42.286759],[-83.663996,42.286762],[-83.66399,42.286763],[-83.663984,42.286764],[-83.663978,42.286766],[-83.663973,42.286769],[-83.663969,42.286773],[-83.663966,42.286777],[-83.663964,42.286781],[-83.663962,42.286786],[-83.663962,42.286791],[-83.663953,42.286809],[-83.663941,42.286827],[-83.663939,42.286833],[-83.663939,42.28684],[-83.663941,42.286847],[-83.663944,42.286853],[-83.663949,42.286859],[-83.663955,42.28686],[-83.663961,42.286861],[-83.663968,42.286861],[-83.663974,42.28686],[-83.66398,42.286858],[-83.663986,42.286856],[-83.663991,42.286852],[-83.663995,42.286849],[-83.663998,42.286845],[-83.66401,42.286831],[-83.664024,42.286818],[-83.66404,42.286807],[-83.664065,42.286792],[-83.664078,42.286782],[-83.664083,42.286777],[-83.664086,42.286772],[-83.664088,42.286766],[-83.664089,42.28676],[-83.664088,42.286754],[-83.664086,42.286749],[-83.664083,42.286743],[-83.664078,42.286739],[-83.664072,42.286734],[-83.664066,42.286731],[-83.664059,42.286729],[-83.664051,42.286727],[-83.664046,42.286727],[-83.664041,42.286727]]]},"properties":{"ObjectName":null}},{"type":"Feature","geometry":{"type":"Polygon","coordinates":[[[-83.749729,42.259323],[-83.749731,42.259325],[-83.749731,42.259328],[-83.749731,42.25933],[-83.749731,42.259332],[-83.749731,42.259335],[-83.749731,42.259338],[-83.749732,42.259341],[-83.749732,42.259344],[-83.749734,42.259347],[-83.749735,42.259349],[-83.749738,42.259351],[-83.749741,42.259354],[-83.749744,42.259356],[-83.749747,42.259357],[-83.74975,42.259358],[-83.749753,42.259359],[-83.749757,42.25936],[-83.74976,42.25936],[-83.749764,42.25936],[-83.749767,42.259359],[-83.74977,42.259358],[-83.749774,42.259357],[-83.749777,42.259356],[-83.749781,42.259355],[-83.749784,42.259353],[-83.749787,42.259352],[-83.74979,42.25935],[-83.749793,42.259348],[-83.749796,42.259345],[-83.749799,42.259343],[-83.749802,42.259341],[-83.749804,42.259338],[-83.749806,42.259336],[-83.749808,42.259333],[-83.74981,42.259331],[-83.749812,42.259328],[-83.749813,42.259326],[-83.749814,42.259324],[-83.749815,42.259321],[-83.749816,42.259318],[-83.749817,42.259315],[-83.749817,42.259312],[-83.749816,42.259309],[-83.749815,42.259306],[-83.749814,42.259303],[-83.749813,42.2593],[-83.749811,42.259298],[-83.749809,42.259295],[-83.749806,42.259293],[-83.749804,42.25929],[-83.749801,42.259288],[-83.749798,42.259286],[-83.749795,42.259284],[-83.749791,42.259282],[-83.749787,42.25928],[-83.749784,42.259278],[-83.74978,42.259277],[-83.749776,42.259275],[-83.749772,42.259274],[-83.749768,42.259272],[-83.749764,42.259271],[-83.74976,42.25927],[-83.749756,42.259269],[-83.749752,42.259267],[-83.749748,42.259267],[-83.749744,42.259266],[-83.74974,42.259265],[-83.749736,42.259264],[-83.749732,42.259264],[-83.749728,42.259264],[-83.749725,42.259264],[-83.749722,42.259265],[-83.749719,42.259267],[-83.749717,42.259269],[-83.749715,42.25927],[-83.749714,42.259272],[-83.749712,42.259274],[-83.74971,42.259276],[-83.749707,42.259277],[-83.749704,42.259279],[-83.749701,42.25928],[-83.749699,42.259281],[-83.749695,42.259282],[-83.749691,42.259283],[-83.749688,42.259283],[-83.749684,42.259284],[-83.749681,42.259284],[-83.749678,42.259285],[-83.749675,42.259285],[-83.749672,42.259286],[-83.749669,42.259287],[-83.749666,42.259288],[-83.749663,42.25929],[-83.74966,42.259292],[-83.749658,42.259294],[-83.749656,42.259296],[-83.749654,42.259298],[-83.749652,42.259301],[-83.749651,42.259303],[-83.74965,42.259306],[-83.74965,42.259308],[-83.74965,42.259311],[-83.74965,42.259313],[-83.749651,42.259316],[-83.749652,42.259318],[-83.749654,42.25932],[-83.749656,42.259322],[-83.749658,42.259324],[-83.749661,42.259325],[-83.749665,42.259327],[-83.749669,42.259328],[-83.749673,42.259329],[-83.749677,42.259329],[-83.74968,42.259328],[-83.749684,42.259327],[-83.749687,42.259326],[-83.74969,42.259325],[-83.749693,42.259324],[-83.749696,42.259322],[-83.749699,42.259321],[-83.749702,42.25932],[-83.749705,42.259319],[-83.749709,42.259318],[-83.749713,42.259318],[-83.749717,42.259319],[-83.749721,42.259319],[-83.749725,42.25932],[-83.749728,42.259322],[-83.749729,42.259323]]]},"properties":{"ObjectName":null}},{"type":"Feature","geometry":{"type":"Polygon","coordinates":[[[-83.745773,42.25857],[-83.745768,42.25857],[-83.745764,42.258571],[-83.745759,42.258572],[-83.745755,42.258573],[-83.745751,42.258575],[-83.745747,42.258577],[-83.745744,42.25858],[-83.745741,42.258583],[-83.745738,42.258586],[-83.745736,42.25859],[-83.745734,42.258594],[-83.745732,42.258598],[-83.745731,42.258601],[-83.74573,42.258604],[-83.74573,42.258607],[-83.745729,42.25861],[-83.745729,42.258613],[-83.745729,42.258616],[-83.745729,42.258619],[-83.745729,42.258622],[-83.745729,42.258625],[-83.74573,42.258627],[-83.74573,42.25863],[-83.745731,42.258633],[-83.745732,42.258635],[-83.745733,42.258638],[-83.745734,42.25864],[-83.745736,42.258643],[-83.745737,42.258645],[-83.745739,42.258648],[-83.74574,42.25865],[-83.745742,42.258652],[-83.745744,42.258655],[-83.745746,42.258657],[-83.745748,42.258659],[-83.74575,42.258661],[-83.745753,42.258663],[-83.745755,42.258666],[-83.745758,42.258668],[-83.74576,42.25867],[-83.745763,42.258671],[-83.745766,42.258673],[-83.745769,42.258675],[-83.745772,42.258677],[-83.745775,42.258679],[-83.745778,42.25868],[-83.745782,42.258682],[-83.745785,42.258684],[-83.745788,42.258685],[-83.745792,42.258687],[-83.745795,42.258688],[-83.745799,42.25869],[-83.745802,42.258691],[-83.745806,42.258692],[-83.745809,42.258694],[-83.745813,42.258695],[-83.745816,42.258697],[-83.74582,42.258698],[-83.745824,42.2587],[-83.745827,42.258701],[-83.745831,42.258703],[-83.745835,42.258704],[-83.745839,42.258706],[-83.745843,42.258707],[-83.745847,42.258709],[-83.745851,42.25871],[-83.745855,42.258712],[-83.745859,42.258713],[-83.745863,42.258715],[-83.745867,42.258716],[-83.745871,42.258718],[-83.745876,42.258719],[-83.74588,42.258721],[-83.745884,42.258722],[-83.745888,42.258723],[-83.745892,42.258725],[-83.745896,42.258726],[-83.7459,42.258727],[-83.745904,42.258728],[-83.745908,42.25873],[-83.745912,42.258731],[-83.745916,42.258732],[-83.74592,42.258733],[-83.745924,42.258734],[-83.745928,42.258735],[-83.745932,42.258735],[-83.745936,42.258736],[-83.74594,42.258737],[-83.745943,42.258737],[-83.745947,42.258738],[-83.745951,42.258738],[-83.745954,42.258739],[-83.745957,42.258739],[-83.745961,42.258739],[-83.745964,42.25874],[-83.745967,42.25874],[-83.74597,42.25874],[-83.745974,42.25874],[-83.745977,42.25874],[-83.74598,42.25874],[-83.745983,42.25874],[-83.745986,42.25874],[-83.745989,42.25874],[-83.745992,42.25874],[-83.745995,42.25874],[-83.745998,42.258739],[-83.746,42.258739],[-83.746003,42.258739],[-83.746006,42.258738],[-83.746009,42.258738],[-83.746011,42.258737],[-83.746014,42.258736],[-83.746016,42.258736],[-83.746019,42.258735],[-83.746021,42.258734],[-83.746023,42.258733],[-83.746026,42.258732],[-83.746028,42.258731],[-83.74603,42.258729],[-83.746032,42.258728],[-83.746034,42.258727],[-83.746036,42.258725],[-83.746038,42.258724],[-83.74604,42.258722],[-83.746042,42.25872],[-83.746044,42.258719],[-83.746045,42.258717],[-83.746047,42.258715],[-83.746049,42.258712],[-83.74605,42.25871],[-83.746052,42.258708],[-83.746054,42.258703],[-83.746056,42.258699],[-83.746057,42.258695],[-83.746058,42.258691],[-83.746058,42.258688],[-83.746058,42.258684],[-83.746057,42.258681],[-83.746056,42.258677],[-83.746055,42.258674],[-83.746053,42.258671],[-83.746051,42.258668],[-83.746048,42.258666],[-83.746045,42.258663],[-83.746042,42.25866],[-83.746039,42.258658],[-83.746035,42.258655],[-83.746031,42.258653],[-83.746027,42.258651],[-83.746023,42.258649],[-83.746018,42.258647],[-83.746014,42.258645],[-83.746009,42.258643],[-83.746004,42.258641],[-83.745999,42.258639],[-83.745994,42.258637],[-83.745989,42.258636],[-83.745984,42.258634],[-83.745979,42.258633],[-83.745974,42.258631],[-83.745968,42.25863],[-83.745963,42.258628],[-83.745958,42.258627],[-83.745953,42.258626],[-83.745948,42.258624],[-83.745944,42.258623],[-83.745939,42.258622],[-83.745935,42.25862],[-83.74593,42.258619],[-83.745926,42.258618],[-83.745923,42.258617],[-83.745919,42.258615],[-83.745915,42.258614],[-83.745911,42.258612],[-83.745906,42.258611],[-83.745902,42.258609],[-83.745897,42.258607],[-83.745892,42.258605],[-83.745887,42.258602],[-83.745881,42.2586],[-83.745876,42.258598],[-83.74587,42.258595],[-83.745865,42.258593],[-83.745859,42.258591],[-83.745853,42.258589],[-83.745847,42.258586],[-83.745841,42.258584],[-83.745835,42.258582],[-83.745829,42.25858],[-83.745823,42.258578],[-83.745817,42.258576],[-83.745811,42.258575],[-83.745806,42.258573],[-83.7458,42.258572],[-83.745794,42.258571],[-83.745789,42.258571],[-83.745783,42.25857],[-83.745778,42.25857],[-83.745773,42.25857]]]},"properties":{"ObjectName":null}},{"type":"Feature","geometry":{"type":"Polygon","coordinates":[[[-83.745662,42.254715],[-83.745674,42.254716],[-83.745686,42.254716],[-83.745698,42.254717],[-83.74571,42.254717],[-83.745722,42.254718],[-83.745734,42.254719],[-83.745746,42.25472],[-83.745758,42.254722],[-83.745769,42.254723],[-83.745781,42.254725],[-83.745793,42.254726],[-83.745805,42.254728],[-83.745817,42.25473],[-83.745829,42.254732],[-83.745841,42.254733],[-83.745854,42.254735],[-83.745866,42.254736],[-83.745879,42.254737],[-83.745891,42.254738],[-83.745904,42.254739],[-83.745917,42.25474],[-83.745929,42.25474],[-83.745942,42.254741],[-83.745955,42.254742],[-83.745967,42.254743],[-83.74598,42.254744],[-83.745992,42.254745],[-83.746003,42.254747],[-83.746014,42.254748],[-83.746025,42.254749],[-83.746036,42.254751],[-83.746047,42.254752],[-83.746058,42.254754],[-83.746069,42.254755],[-83.746081,42.254756],[-83.746092,42.254756],[-83.746103,42.254756],[-83.746114,42.254756],[-83.746125,42.254754],[-83.746135,42.254752],[-83.746145,42.25475],[-83.746153,42.254747],[-83.746158,42.254745],[-83.746162,42.254743],[-83.746165,42.254741],[-83.746169,42.254739],[-83.746172,42.254737],[-83.746175,42.254735],[-83.746177,42.254733],[-83.74618,42.25473],[-83.746182,42.254728],[-83.746184,42.254725],[-83.746186,42.254722],[-83.746189,42.254719],[-83.746191,42.254715],[-83.746193,42.254711],[-83.746197,42.254703],[-83.746201,42.254695],[-83.746204,42.254687],[-83.746206,42.254679],[-83.746209,42.25467],[-83.74621,42.254662],[-83.746212,42.254654],[-83.746213,42.254645],[-83.746214,42.254637],[-83.746216,42.254628],[-83.746217,42.25462],[-83.746218,42.254612],[-83.74622,42.254603],[-83.746222,42.254595],[-83.746223,42.254592],[-83.746224,42.254588],[-83.746224,42.254584],[-83.746225,42.25458],[-83.746226,42.254576],[-83.746226,42.254572],[-83.746226,42.254567],[-83.746225,42.254563],[-83.746224,42.254559],[-83.746223,42.254555],[-83.746221,42.254551],[-83.746218,42.254548],[-83.746214,42.254545],[-83.74621,42.254542],[-83.746206,42.254541],[-83.7462,42.25454],[-83.746194,42.254539],[-83.746188,42.254538],[-83.746181,42.254538],[-83.746173,42.254538],[-83.746166,42.254538],[-83.746158,42.254538],[-83.74615,42.254538],[-83.746143,42.254539],[-83.746135,42.254539],[-83.746128,42.254539],[-83.746122,42.25454],[-83.746117,42.25454],[-83.746111,42.25454],[-83.746104,42.25454],[-83.746098,42.25454],[-83.746092,42.25454],[-83.746085,42.25454],[-83.746079,42.25454],[-83.746073,42.25454],[-83.746066,42.25454],[-83.74606,42.25454],[-83.746054,42.254539],[-83.746047,42.254539],[-83.746041,42.254539],[-83.746035,42.254539],[-83.746028,42.254538],[-83.74602,42.254538],[-83.746008,42.254537],[-83.745996,42.254536],[-83.745984,42.254535],[-83.745972,42.254533],[-83.74596,42.254531],[-83.745948,42.254529],[-83.745936,42.254527],[-83.745924,42.254525],[-83.745912,42.254523],[-83.745901,42.254521],[-83.745889,42.254519],[-83.745877,42.254517],[-83.745865,42.254516],[-83.745853,42.254514],[-83.74584,42.254513],[-83.745827,42.254512],[-83.745814,42.254511],[-83.745801,42.25451],[-83.745788,42.25451],[-83.745776,42.25451],[-83.745763,42.25451],[-83.74575,42.25451],[-83.745737,42.25451],[-83.745725,42.254511],[-83.745712,42.254512],[-83.745699,42.254512],[-83.745687,42.254513],[-83.745674,42.254515],[-83.745666,42.254516],[-83.745657,42.254517],[-83.745649,42.254518],[-83.74564,42.25452],[-83.74563,42.254522],[-83.745621,42.254525],[-83.745612,42.254528],[-83.745604,42.254531],[-83.745595,42.254534],[-83.745587,42.254538],[-83.74558,42.254542],[-83.745573,42.254547],[-83.745567,42.254551],[-83.745562,42.254557],[-83.745558,42.254562],[-83.745554,42.254568],[-83.745552,42.254574],[-83.745549,42.25458],[-83.745547,42.254586],[-83.745546,42.254593],[-83.745545,42.254599],[-83.745544,42.254606],[-83.745544,42.254612],[-83.745543,42.254619],[-83.745543,42.254625],[-83.745543,42.254632],[-83.745543,42.254638],[-83.745543,42.254644],[-83.745543,42.254649],[-83.745543,42.254654],[-83.745543,42.254658],[-83.745543,42.254663],[-83.745543,42.254668],[-83.745543,42.254672],[-83.745544,42.254676],[-83.745545,42.254681],[-83.745546,42.254685],[-83.745548,42.254689],[-83.74555,42.254693],[-83.745553,42.254696],[-83.745556,42.2547],[-83.74556,42.254703],[-83.745565,42.254706],[-83.74557,42.254708],[-83.745575,42.25471],[-83.745581,42.254712],[-83.745587,42.254713],[-83.745593,42.254714],[-83.745599,42.254715],[-83.745605,42.254715],[-83.745611,42.254715],[-83.745618,42.254715],[-83.745624,42.254715],[-83.74563,42.254715],[-83.745637,42.254715],[-83.745643,42.254715],[-83.745649,42.254715],[-83.745662,42.254715]]]},"properties":{"ObjectName":null}},{"type":"Feature","geometry":{"type":"Polygon","coordinates":[[[-83.74556,42.259624],[-83.745568,42.259632],[-83.745577,42.259639],[-83.745585,42.259644],[-83.745592,42.25965],[-83.745599,42.259655],[-83.745606,42.259661],[-83.745613,42.259667],[-83.745621,42.259672],[-83.745629,42.259678],[-83.745638,42.259684],[-83.745647,42.259689],[-83.745657,42.259694],[-83.745666,42.259696],[-83.745673,42.259697],[-83.74568,42.259698],[-83.745687,42.259697],[-83.745694,42.259697],[-83.745705,42.259697],[-83.745722,42.259696],[-83.745739,42.259693],[-83.745755,42.259691],[-83.745772,42.259689],[-83.745789,42.259689],[-83.745805,42.25969],[-83.745821,42.259691],[-83.745837,42.259693],[-83.745852,42.259695],[-83.745875,42.259699],[-83.745906,42.259706],[-83.745938,42.259712],[-83.745969,42.259719],[-83.746001,42.259727],[-83.746024,42.259734],[-83.746039,42.259738],[-83.746054,42.259743],[-83.746068,42.259748],[-83.746083,42.259753],[-83.7461,42.259759],[-83.746119,42.259765],[-83.746138,42.259772],[-83.746158,42.25978],[-83.746177,42.259788],[-83.746231,42.259811],[-83.74632,42.259846],[-83.746409,42.259886],[-83.746463,42.259915],[-83.74648,42.259928],[-83.7465,42.25994],[-83.746523,42.259949],[-83.746543,42.259959],[-83.746564,42.25997],[-83.746595,42.259985],[-83.746632,42.260006],[-83.746668,42.260027],[-83.746701,42.260041],[-83.746726,42.260047],[-83.746754,42.260053],[-83.746783,42.260059],[-83.746811,42.26006],[-83.746842,42.260061],[-83.746871,42.260066],[-83.746896,42.260071],[-83.74692,42.260075],[-83.746957,42.260081],[-83.747014,42.260096],[-83.747071,42.260114],[-83.747118,42.260128],[-83.74715,42.260137],[-83.747183,42.260148],[-83.747238,42.260167],[-83.747332,42.2602],[-83.747426,42.260234],[-83.747508,42.26026],[-83.747562,42.260273],[-83.747618,42.260281],[-83.747668,42.260286],[-83.747696,42.260286],[-83.747727,42.260286],[-83.747775,42.260288],[-83.747859,42.260296],[-83.747944,42.260307],[-83.748016,42.26032],[-83.748065,42.260334],[-83.748113,42.26035],[-83.748163,42.260363],[-83.748218,42.260368],[-83.74827,42.260362],[-83.748303,42.260333],[-83.748319,42.260294],[-83.748311,42.260256],[-83.748277,42.260227],[-83.74823,42.260206],[-83.747977,42.260121],[-83.747925,42.260095],[-83.747869,42.260077],[-83.747803,42.260063],[-83.747742,42.260052],[-83.747682,42.26004],[-83.747621,42.260019],[-83.747566,42.259996],[-83.747515,42.259972],[-83.747469,42.259948],[-83.747425,42.259927],[-83.74738,42.259913],[-83.747351,42.259907],[-83.747325,42.259901],[-83.747299,42.259895],[-83.74727,42.259891],[-83.747241,42.259887],[-83.747207,42.259882],[-83.747153,42.259875],[-83.7471,42.259866],[-83.747046,42.25985],[-83.747003,42.259831],[-83.746965,42.259809],[-83.746926,42.259782],[-83.746891,42.259759],[-83.74685,42.259738],[-83.7468,42.259722],[-83.7467,42.259714],[-83.746599,42.259709],[-83.746504,42.259704],[-83.746467,42.259703],[-83.746427,42.259699],[-83.746388,42.259689],[-83.746303,42.259648],[-83.746222,42.259604],[-83.746139,42.259568],[-83.746093,42.25955],[-83.746041,42.259539],[-83.745985,42.259537],[-83.745963,42.259543],[-83.745942,42.259551],[-83.74592,42.259561],[-83.7459,42.259569],[-83.745881,42.259575],[-83.745861,42.259577],[-83.745841,42.259576],[-83.745821,42.25957],[-83.745817,42.259569],[-83.745813,42.259567],[-83.745808,42.259565],[-83.745804,42.259564],[-83.7458,42.259562],[-83.745796,42.25956],[-83.745791,42.259558],[-83.745786,42.259555],[-83.745782,42.259553],[-83.745777,42.259551],[-83.745773,42.259548],[-83.745769,42.259546],[-83.745766,42.259543],[-83.745763,42.25954],[-83.745759,42.259537],[-83.745752,42.259531],[-83.745753,42.259535],[-83.745755,42.259539],[-83.745757,42.259543],[-83.745758,42.259546],[-83.745759,42.259549],[-83.74576,42.259553],[-83.745761,42.259556],[-83.745762,42.259559],[-83.745762,42.259563],[-83.745762,42.259566],[-83.745762,42.259569],[-83.745762,42.259572],[-83.745761,42.259576],[-83.74576,42.259579],[-83.74576,42.259582],[-83.745758,42.259585],[-83.745757,42.259588],[-83.745756,42.259591],[-83.745754,42.259594],[-83.745752,42.259597],[-83.74575,42.2596],[-83.745748,42.259603],[-83.745746,42.259605],[-83.745744,42.259608],[-83.745741,42.259611],[-83.745738,42.259613],[-83.745735,42.259616],[-83.745732,42.259618],[-83.745729,42.25962],[-83.745726,42.259622],[-83.745723,42.259625],[-83.745719,42.259627],[-83.745716,42.259629],[-83.745712,42.25963],[-83.745709,42.259632],[-83.745705,42.259634],[-83.745701,42.259635],[-83.745697,42.259637],[-83.745693,42.259638],[-83.745689,42.259639],[-83.745684,42.25964],[-83.74568,42.259641],[-83.745676,42.259642],[-83.745672,42.259643],[-83.745668,42.259643],[-83.745664,42.259644],[-83.74566,42.259644],[-83.745656,42.259644],[-83.745652,42.259644],[-83.745648,42.259644],[-83.745644,42.259644],[-83.74564,42.259644],[-83.745636,42.259644],[-83.745632,42.259644],[-83.745628,42.259643],[-83.745624,42.259643],[-83.745621,42.259642],[-83.745617,42.259642],[-83.745613,42.259641],[-83.745609,42.25964],[-83.745605,42.25964],[-83.745601,42.259639],[-83.745598,42.259638],[-83.745594,42.259637],[-83.74559,42.259636],[-83.745587,42.259634],[-83.745583,42.259633],[-83.745579,42.259632],[-83.745576,42.259631],[-83.745572,42.259629],[-83.745569,42.259628],[-83.745565,42.259626],[-83.74556,42.259624]]]},"properties":{"ObjectName":null}},{"type":"Feature","geometry":{"type":"Polygon","coordinates":[[[-83.743692,42.262483],[-83.743682,42.262485],[-83.743671,42.262488],[-83.743666,42.26249],[-83.743659,42.262493],[-83.743651,42.262497],[-83.743642,42.262501],[-83.743631,42.262507],[-83.743624,42.262513],[-83.743618,42.262519],[-83.743616,42.262525],[-83.743616,42.262531],[-83.743618,42.262536],[-83.743623,42.262542],[-83.743628,42.262548],[-83.743637,42.262554],[-83.743649,42.262559],[-83.743665,42.262563],[-83.743679,42.262566],[-83.743688,42.262567],[-83.743721,42.262573],[-83.743729,42.262572],[-83.743735,42.262571],[-83.743747,42.262567],[-83.743756,42.262561],[-83.743762,42.262553],[-83.743764,42.262546],[-83.743763,42.262537],[-83.74376,42.262527],[-83.743755,42.262518],[-83.743746,42.262501],[-83.743735,42.262488],[-83.743728,42.262483],[-83.743721,42.262482],[-83.743705,42.262482],[-83.743692,42.262483]]]},"properties":{"ObjectName":null}},{"type":"Feature","geometry":{"type":"Polygon","coordinates":[[[-83.744501,42.254755],[-83.744496,42.254756],[-83.744493,42.254757],[-83.744489,42.254759],[-83.744486,42.254761],[-83.744482,42.254763],[-83.744479,42.254765],[-83.744475,42.254767],[-83.744471,42.254768],[-83.744468,42.254769],[-83.744464,42.25477],[-83.744461,42.254771],[-83.744457,42.254772],[-83.744454,42.254773],[-83.744451,42.254774],[-83.744449,42.254775],[-83.744445,42.254777],[-83.744442,42.25478],[-83.74444,42.254783],[-83.744438,42.254785],[-83.744437,42.254788],[-83.744436,42.254791],[-83.744435,42.254794],[-83.744435,42.254798],[-83.744436,42.254801],[-83.744437,42.254804],[-83.744439,42.254806],[-83.744441,42.254809],[-83.744444,42.254811],[-83.744446,42.254813],[-83.744449,42.254814],[-83.744454,42.254815],[-83.744458,42.254816],[-83.744463,42.254817],[-83.744467,42.254817],[-83.744472,42.254818],[-83.744475,42.254819],[-83.744478,42.254821],[-83.744483,42.254823],[-83.744485,42.254826],[-83.744487,42.254828],[-83.744488,42.254831],[-83.744489,42.254834],[-83.74449,42.254837],[-83.744492,42.254839],[-83.744494,42.254842],[-83.744496,42.254844],[-83.744499,42.254847],[-83.744503,42.254849],[-83.744507,42.25485],[-83.744512,42.254851],[-83.744516,42.254852],[-83.74452,42.254852],[-83.744525,42.254851],[-83.74453,42.25485],[-83.744534,42.254848],[-83.744538,42.254846],[-83.744542,42.254844],[-83.744545,42.254842],[-83.744547,42.254841],[-83.744548,42.254839],[-83.744551,42.254837],[-83.744553,42.254834],[-83.744556,42.254831],[-83.744558,42.254827],[-83.74456,42.254824],[-83.744561,42.25482],[-83.744562,42.254816],[-83.744563,42.254812],[-83.744564,42.254809],[-83.744564,42.254805],[-83.744564,42.254801],[-83.744564,42.254797],[-83.744563,42.254793],[-83.744562,42.25479],[-83.744561,42.254786],[-83.744559,42.254783],[-83.744557,42.254779],[-83.744555,42.254776],[-83.744552,42.254773],[-83.74455,42.25477],[-83.744546,42.254767],[-83.744543,42.254765],[-83.744539,42.254762],[-83.744535,42.25476],[-83.74453,42.254759],[-83.744526,42.254757],[-83.744521,42.254756],[-83.744515,42.254755],[-83.744508,42.254755],[-83.744504,42.254755],[-83.744501,42.254755]]]},"properties":{"ObjectName":null}},{"type":"Feature","geometry":{"type":"Polygon","coordinates":[[[-83.74438,42.262779],[-83.744385,42.262775],[-83.744389,42.26277],[-83.744394,42.262766],[-83.744398,42.262762],[-83.744403,42.262758],[-83.744409,42.262754],[-83.744414,42.262751],[-83.74442,42.262748],[-83.744426,42.262745],[-83.744433,42.262742],[-83.74444,42.26274],[-83.744447,42.262738],[-83.744454,42.262736],[-83.744462,42.262734],[-83.744467,42.262734],[-83.74447,42.262733],[-83.744474,42.262733],[-83.744478,42.262732],[-83.744482,42.262732],[-83.744485,42.262732],[-83.744489,42.262732],[-83.744493,42.262732],[-83.744497,42.262732],[-83.7445,42.262732],[-83.744504,42.262732],[-83.744508,42.262732],[-83.744512,42.262732],[-83.744515,42.262733],[-83.744519,42.262733],[-83.744523,42.262733],[-83.744526,42.262734],[-83.74453,42.262734],[-83.744534,42.262735],[-83.744537,42.262736],[-83.744541,42.262736],[-83.744544,42.262737],[-83.744548,42.262738],[-83.744551,42.262739],[-83.744555,42.26274],[-83.744558,42.262741],[-83.744562,42.262742],[-83.744565,42.262743],[-83.744568,42.262744],[-83.744571,42.262746],[-83.744575,42.262747],[-83.744578,42.262748],[-83.744581,42.26275],[-83.744584,42.262751],[-83.744587,42.262753],[-83.744589,42.262754],[-83.744592,42.262756],[-83.744594,42.262757],[-83.744596,42.262759],[-83.744598,42.262761],[-83.744601,42.262763],[-83.744603,42.262764],[-83.744605,42.262766],[-83.744606,42.262768],[-83.744608,42.26277],[-83.74461,42.262772],[-83.744612,42.262774],[-83.744613,42.262776],[-83.744615,42.262778],[-83.744616,42.26278],[-83.744618,42.262781],[-83.744618,42.262778],[-83.744616,42.262775],[-83.744615,42.262772],[-83.744614,42.262769],[-83.744613,42.262767],[-83.744612,42.262764],[-83.74461,42.262761],[-83.744609,42.262758],[-83.744608,42.262755],[-83.744607,42.262752],[-83.744606,42.262749],[-83.744605,42.262746],[-83.744604,42.262743],[-83.744603,42.26274],[-83.744602,42.262737],[-83.744601,42.262734],[-83.744601,42.262731],[-83.7446,42.262727],[-83.744599,42.262723],[-83.744598,42.262717],[-83.744597,42.262711],[-83.744596,42.262705],[-83.744595,42.262699],[-83.744594,42.262693],[-83.744593,42.262687],[-83.744593,42.262682],[-83.744592,42.262676],[-83.744591,42.26267],[-83.74459,42.262664],[-83.74459,42.262658],[-83.74459,42.262652],[-83.744589,42.262646],[-83.744589,42.26264],[-83.744589,42.262634],[-83.74459,42.262628],[-83.74459,42.262622],[-83.744591,42.262616],[-83.744592,42.26261],[-83.744592,42.262599],[-83.744591,42.262586],[-83.744588,42.262568],[-83.744585,42.262547],[-83.744583,42.262538],[-83.744577,42.262531],[-83.74457,42.262526],[-83.744562,42.26252],[-83.744555,42.262515],[-83.744547,42.26251],[-83.744539,42.262505],[-83.74453,42.262501],[-83.744521,42.262497],[-83.744512,42.262493],[-83.744502,42.26249],[-83.744494,42.262487],[-83.744488,42.262485],[-83.744482,42.262484],[-83.744475,42.262483],[-83.744469,42.262482],[-83.744463,42.262481],[-83.744456,42.262481],[-83.74445,42.26248],[-83.744443,42.26248],[-83.744436,42.26248],[-83.744429,42.26248],[-83.744422,42.26248],[-83.744416,42.26248],[-83.744409,42.26248],[-83.744403,42.26248],[-83.744396,42.26248],[-83.74439,42.262481],[-83.744383,42.262481],[-83.744376,42.262481],[-83.744369,42.262481],[-83.744362,42.262482],[-83.744356,42.262482],[-83.744349,42.262483],[-83.744343,42.262484],[-83.744336,42.262485],[-83.74433,42.262486],[-83.744325,42.262488],[-83.744315,42.262492],[-83.744307,42.262498],[-83.744302,42.262505],[-83.7443,42.262512],[-83.7443,42.26252],[-83.744301,42.262528],[-83.744305,42.262537],[-83.74431,42.262545],[-83.744316,42.262553],[-83.744322,42.262561],[-83.744329,42.262568],[-83.744335,42.262575],[-83.744342,42.262581],[-83.744347,42.262585],[-83.744353,42.26259],[-83.744358,42.262594],[-83.744363,42.262598],[-83.744368,42.262602],[-83.744373,42.262607],[-83.744378,42.262611],[-83.744383,42.262615],[-83.744388,42.262619],[-83.744392,42.262624],[-83.744397,42.262628],[-83.744402,42.262633],[-83.744406,42.262638],[-83.74441,42.262642],[-83.744411,42.262645],[-83.744412,42.26265],[-83.744413,42.262658],[-83.744413,42.262666],[-83.744413,42.262675],[-83.744412,42.262684],[-83.744411,42.262693],[-83.744409,42.262702],[-83.744406,42.26271],[-83.744404,42.262719],[-83.744401,42.262728],[-83.744398,42.262737],[-83.744394,42.262745],[-83.744391,42.262753],[-83.744388,42.262761],[-83.744385,42.262765],[-83.744383,42.26277],[-83.744382,42.262774],[-83.74438,42.262779]]]},"properties":{"ObjectName":null}},{"type":"Feature","geometry":{"type":"Polygon","coordinates":[[[-83.663252,42.287358],[-83.663271,42.287371],[-83.663286,42.287376],[-83.663309,42.28738],[-83.663342,42.287383],[-83.663382,42.287381],[-83.663416,42.287379],[-83.663434,42.287374],[-83.663444,42.287367],[-83.663443,42.287357],[-83.663439,42.287352],[-83.663425,42.287343],[-83.663421,42.287338],[-83.663418,42.287326],[-83.663419,42.28732],[-83.663427,42.287305],[-83.663427,42.287298],[-83.663423,42.287291],[-83.663417,42.287285],[-83.663406,42.28728],[-83.663394,42.287277],[-83.66338,42.287281],[-83.663359,42.287294],[-83.663343,42.287308],[-83.663335,42.287312],[-83.663322,42.287316],[-83.663302,42.287316],[-83.663296,42.287312],[-83.663286,42.2873],[-83.66328,42.287296],[-83.663266,42.287293],[-83.663249,42.287295],[-83.663242,42.2873],[-83.66323,42.287317],[-83.663223,42.287322],[-83.663198,42.287323],[-83.663177,42.287327],[-83.663166,42.287332],[-83.663157,42.287343],[-83.663156,42.287355],[-83.663161,42.287364],[-83.663167,42.287369],[-83.663181,42.287371],[-83.663199,42.28737],[-83.663226,42.287356],[-83.663237,42.287354],[-83.663252,42.287358]]]},"properties":{"ObjectName":null}},{"type":"Feature","geometry":{"type":"Polygon","coordinates":[[[-83.662295,42.283837],[-83.662308,42.28384],[-83.662327,42.283834],[-83.662338,42.283832],[-83.662367,42.283833],[-83.66238,42.283832],[-83.662398,42.283827],[-83.662406,42.283822],[-83.662409,42.283812],[-83.662404,42.283798],[-83.662399,42.28379],[-83.662388,42.283781],[-83.662378,42.283773],[-83.662371,42.28377],[-83.662351,42.283768],[-83.662337,42.283763],[-83.66233,42.283749],[-83.662318,42.283737],[-83.662307,42.283729],[-83.662295,42.283723],[-83.662275,42.283718],[-83.662256,42.283721],[-83.662244,42.283727],[-83.662237,42.283735],[-83.662235,42.28375],[-83.662238,42.283761],[-83.662242,42.283768],[-83.662257,42.283778],[-83.662278,42.283786],[-83.662284,42.28379],[-83.662286,42.283798],[-83.66228,42.283821],[-83.662282,42.283828],[-83.662295,42.283837]]]},"properties":{"ObjectName":null}},{"type":"Feature","geometry":{"type":"Polygon","coordinates":[[[-83.658387,42.284915],[-83.658399,42.284929],[-83.658433,42.28497],[-83.658443,42.284985],[-83.658448,42.284998],[-83.658453,42.285016],[-83.658454,42.285033],[-83.658453,42.28505],[-83.658449,42.285064],[-83.658441,42.285079],[-83.658474,42.285065],[-83.658498,42.285058],[-83.658519,42.285054],[-83.658542,42.285052],[-83.658592,42.285054],[-83.658606,42.285057],[-83.658643,42.285068],[-83.658662,42.285069],[-83.658677,42.285064],[-83.658709,42.285045],[-83.658742,42.285028],[-83.658762,42.285022],[-83.658783,42.285021],[-83.658832,42.285027],[-83.658921,42.285026],[-83.659007,42.285022],[-83.659086,42.285015],[-83.65916,42.285006],[-83.659228,42.284995],[-83.659291,42.284982],[-83.659349,42.284965],[-83.659403,42.284946],[-83.659452,42.284925],[-83.659482,42.284908],[-83.659547,42.284866],[-83.659579,42.284849],[-83.659626,42.284831],[-83.659678,42.284816],[-83.659735,42.284803],[-83.659794,42.284794],[-83.659856,42.284791],[-83.66,42.284793],[-83.660101,42.284789],[-83.660207,42.284781],[-83.660313,42.284769],[-83.660421,42.284753],[-83.660528,42.284732],[-83.660621,42.284712],[-83.660682,42.284696],[-83.66076,42.284664],[-83.660792,42.284654],[-83.660813,42.284651],[-83.660837,42.28465],[-83.660922,42.284651],[-83.661029,42.284652],[-83.66109,42.284649],[-83.661155,42.284644],[-83.661331,42.284625],[-83.661447,42.284616],[-83.661486,42.284611],[-83.661527,42.284603],[-83.66156,42.284591],[-83.661609,42.284565],[-83.661626,42.284552],[-83.661639,42.28454],[-83.661653,42.284521],[-83.661662,42.284501],[-83.661667,42.284482],[-83.661668,42.284465],[-83.661664,42.284451],[-83.661657,42.284435],[-83.661646,42.284419],[-83.661632,42.284403],[-83.661613,42.284385],[-83.661595,42.284371],[-83.661576,42.284361],[-83.661558,42.284354],[-83.661544,42.284352],[-83.661526,42.284351],[-83.661461,42.284357],[-83.661415,42.284361],[-83.661364,42.284367],[-83.661191,42.284397],[-83.661124,42.284406],[-83.660965,42.284425],[-83.660851,42.284435],[-83.660748,42.284442],[-83.660653,42.284445],[-83.660591,42.284443],[-83.660442,42.284433],[-83.660367,42.284433],[-83.660324,42.284436],[-83.660276,42.284442],[-83.660081,42.284475],[-83.659865,42.284502],[-83.65978,42.284514],[-83.659674,42.284533],[-83.659557,42.284558],[-83.659165,42.284651],[-83.659108,42.284662],[-83.658977,42.284681],[-83.658926,42.28469],[-83.658896,42.284699],[-83.65887,42.284708],[-83.658847,42.284719],[-83.658827,42.284731],[-83.658799,42.284755],[-83.658772,42.284783],[-83.658747,42.284817],[-83.658725,42.284854],[-83.658705,42.284897],[-83.658697,42.284926],[-83.658682,42.284947],[-83.658663,42.284964],[-83.65865,42.28497],[-83.658635,42.284975],[-83.658597,42.284982],[-83.658563,42.284981],[-83.658519,42.284974],[-83.658466,42.284959],[-83.658445,42.284951],[-83.658421,42.284938],[-83.658387,42.284915]]]},"properties":{"ObjectName":null}},{"type":"Feature","geometry":{"type":"Polygon","coordinates":[[[-83.741422,42.257234],[-83.741419,42.257234],[-83.741416,42.257235],[-83.741413,42.257236],[-83.741411,42.257238],[-83.741408,42.257239],[-83.741406,42.257241],[-83.741405,42.257243],[-83.741403,42.257245],[-83.741401,42.257248],[-83.7414,42.25725],[-83.741399,42.257252],[-83.741398,42.257255],[-83.741397,42.257257],[-83.741396,42.257259],[-83.741395,42.257261],[-83.741394,42.257263],[-83.741393,42.257265],[-83.741392,42.257268],[-83.741391,42.25727],[-83.74139,42.257272],[-83.74139,42.257275],[-83.741389,42.257277],[-83.741388,42.25728],[-83.741388,42.257282],[-83.741387,42.257285],[-83.741387,42.257287],[-83.741387,42.25729],[-83.741387,42.257292],[-83.741387,42.257295],[-83.741387,42.257297],[-83.741388,42.2573],[-83.741388,42.257302],[-83.741389,42.257305],[-83.74139,42.257307],[-83.741391,42.257309],[-83.741392,42.257312],[-83.741394,42.257314],[-83.741395,42.257316],[-83.741397,42.257318],[-83.741399,42.25732],[-83.741402,42.257321],[-83.741404,42.257323],[-83.741405,42.257324],[-83.741407,42.257325],[-83.74141,42.257327],[-83.741415,42.257329],[-83.741419,42.257332],[-83.741423,42.257334],[-83.741427,42.257335],[-83.741432,42.257337],[-83.741437,42.257339],[-83.741441,42.25734],[-83.741446,42.257342],[-83.741451,42.257343],[-83.741454,42.257344],[-83.741458,42.257345],[-83.741461,42.257345],[-83.741466,42.257346],[-83.74147,42.257347],[-83.741473,42.257348],[-83.741476,42.257348],[-83.741481,42.257349],[-83.741485,42.257349],[-83.741489,42.257349],[-83.741494,42.257348],[-83.741498,42.257348],[-83.741502,42.257346],[-83.741505,42.257345],[-83.741509,42.257342],[-83.741512,42.257339],[-83.741514,42.257337],[-83.741516,42.257336],[-83.741517,42.257334],[-83.741519,42.257332],[-83.74152,42.25733],[-83.741521,42.257328],[-83.741523,42.257327],[-83.741524,42.257325],[-83.741525,42.257323],[-83.741526,42.257321],[-83.741528,42.257319],[-83.741529,42.257317],[-83.74153,42.257315],[-83.741531,42.257313],[-83.741532,42.257311],[-83.741533,42.257309],[-83.741534,42.257307],[-83.741535,42.257305],[-83.741536,42.257301],[-83.741538,42.257298],[-83.741539,42.257294],[-83.74154,42.25729],[-83.74154,42.257287],[-83.74154,42.257283],[-83.741539,42.25728],[-83.741538,42.257277],[-83.741536,42.257273],[-83.741534,42.25727],[-83.741531,42.257268],[-83.741528,42.257265],[-83.741524,42.257263],[-83.741521,42.257261],[-83.741518,42.25726],[-83.741515,42.257259],[-83.741513,42.257258],[-83.74151,42.257257],[-83.741507,42.257256],[-83.741505,42.257255],[-83.741502,42.257254],[-83.741499,42.257253],[-83.741496,42.257252],[-83.741493,42.257251],[-83.74149,42.25725],[-83.741487,42.257249],[-83.741484,42.257248],[-83.741481,42.257247],[-83.741478,42.257246],[-83.741475,42.257245],[-83.741472,42.257244],[-83.741469,42.257243],[-83.741467,42.257243],[-83.741464,42.257242],[-83.741461,42.257241],[-83.741458,42.25724],[-83.741455,42.257239],[-83.741452,42.257239],[-83.741449,42.257238],[-83.741446,42.257237],[-83.741443,42.257236],[-83.741438,42.257235],[-83.741435,42.257234],[-83.741432,42.257234],[-83.741428,42.257234],[-83.741425,42.257234],[-83.741422,42.257234]]]},"properties":{"ObjectName":null}},{"type":"Feature","geometry":{"type":"Polygon","coordinates":[[[-83.655508,42.282466],[-83.655486,42.282472],[-83.655462,42.282486],[-83.655439,42.282503],[-83.655427,42.282519],[-83.655424,42.282532],[-83.655425,42.282549],[-83.655433,42.28257],[-83.65545,42.28259],[-83.655476,42.282611],[-83.655507,42.282629],[-83.655534,42.282642],[-83.655552,42.282646],[-83.65557,42.282644],[-83.655592,42.282638],[-83.655612,42.282628],[-83.655633,42.282612],[-83.655644,42.282602],[-83.65565,42.282595],[-83.655652,42.282586],[-83.655651,42.282572],[-83.655648,42.282555],[-83.655641,42.282537],[-83.65563,42.282519],[-83.655617,42.282502],[-83.655602,42.282489],[-83.655594,42.282483],[-83.655579,42.282475],[-83.655569,42.28247],[-83.655552,42.282466],[-83.655528,42.282464],[-83.655508,42.282466]]]},"properties":{"ObjectName":null}},{"type":"Feature","geometry":{"type":"Polygon","coordinates":[[[-83.746027,42.257067],[-83.746026,42.25707],[-83.746026,42.257072],[-83.746027,42.257075],[-83.746027,42.257077],[-83.746029,42.257079],[-83.74603,42.257082],[-83.746032,42.257084],[-83.746034,42.257086],[-83.746036,42.257088],[-83.746039,42.257089],[-83.746042,42.257091],[-83.746045,42.257093],[-83.746049,42.257094],[-83.746053,42.257095],[-83.746057,42.257096],[-83.746063,42.257097],[-83.746067,42.257097],[-83.746071,42.257098],[-83.746076,42.257098],[-83.746081,42.257098],[-83.746086,42.257098],[-83.74609,42.257098],[-83.746094,42.257098],[-83.746099,42.257097],[-83.746104,42.257097],[-83.746109,42.257096],[-83.746113,42.257095],[-83.746117,42.257094],[-83.746121,42.257093],[-83.746125,42.257092],[-83.746128,42.25709],[-83.74613,42.257088],[-83.746132,42.257086],[-83.746134,42.257084],[-83.746136,42.257081],[-83.746137,42.257078],[-83.746139,42.257076],[-83.74614,42.257073],[-83.746141,42.25707],[-83.746142,42.257068],[-83.746143,42.257066],[-83.746145,42.257064],[-83.746147,42.257061],[-83.746149,42.257059],[-83.746151,42.257057],[-83.746152,42.257056],[-83.746156,42.257054],[-83.746159,42.257052],[-83.746163,42.25705],[-83.746166,42.257049],[-83.74617,42.257049],[-83.746174,42.257048],[-83.746178,42.257048],[-83.746182,42.257047],[-83.746186,42.257047],[-83.746191,42.257047],[-83.746195,42.257048],[-83.746199,42.257048],[-83.746203,42.257048],[-83.746207,42.257048],[-83.746211,42.257048],[-83.746214,42.257048],[-83.746218,42.257047],[-83.746221,42.257047],[-83.746224,42.257046],[-83.746227,42.257045],[-83.74623,42.257044],[-83.746233,42.257042],[-83.746235,42.25704],[-83.746237,42.257038],[-83.746239,42.257035],[-83.74624,42.257031],[-83.746241,42.257028],[-83.746241,42.257023],[-83.746241,42.257021],[-83.746241,42.257018],[-83.746241,42.257016],[-83.746241,42.257014],[-83.746241,42.257012],[-83.74624,42.257009],[-83.74624,42.257007],[-83.746239,42.257005],[-83.746238,42.257003],[-83.746237,42.257001],[-83.746236,42.256999],[-83.746235,42.256997],[-83.746234,42.256995],[-83.746233,42.256993],[-83.746231,42.256991],[-83.74623,42.256989],[-83.746228,42.256988],[-83.746226,42.256986],[-83.746224,42.256984],[-83.746222,42.256983],[-83.74622,42.256981],[-83.746218,42.25698],[-83.746216,42.256979],[-83.746214,42.256977],[-83.746211,42.256976],[-83.746209,42.256975],[-83.746206,42.256974],[-83.746203,42.256973],[-83.746199,42.256972],[-83.746193,42.256971],[-83.746187,42.25697],[-83.746182,42.256969],[-83.746177,42.256969],[-83.746172,42.256969],[-83.746168,42.256969],[-83.746164,42.25697],[-83.74616,42.256971],[-83.746156,42.256972],[-83.746153,42.256974],[-83.74615,42.256975],[-83.746147,42.256977],[-83.746144,42.256979],[-83.746141,42.256981],[-83.746138,42.256984],[-83.746136,42.256986],[-83.746133,42.256989],[-83.746131,42.256991],[-83.746128,42.256994],[-83.746126,42.256997],[-83.746123,42.257],[-83.74612,42.257003],[-83.746118,42.257005],[-83.746115,42.257008],[-83.746112,42.257011],[-83.746109,42.257014],[-83.746105,42.257017],[-83.746101,42.25702],[-83.746098,42.257022],[-83.746095,42.257023],[-83.746092,42.257025],[-83.746088,42.257026],[-83.746085,42.257027],[-83.746081,42.257028],[-83.746078,42.257029],[-83.746074,42.25703],[-83.74607,42.257031],[-83.746067,42.257032],[-83.746063,42.257033],[-83.74606,42.257034],[-83.746057,42.257036],[-83.746054,42.257037],[-83.746051,42.257038],[-83.746048,42.25704],[-83.746045,42.257042],[-83.746041,42.257045],[-83.746039,42.257047],[-83.746036,42.257049],[-83.746034,42.257052],[-83.746032,42.257054],[-83.74603,42.257057],[-83.746029,42.257059],[-83.746028,42.257062],[-83.746027,42.257065],[-83.746027,42.257067]]]},"properties":{"ObjectName":null}},{"type":"Feature","geometry":{"type":"Polygon","coordinates":[[[-83.749606,42.258023],[-83.749602,42.258023],[-83.749598,42.258024],[-83.749595,42.258024],[-83.749591,42.258024],[-83.749588,42.258025],[-83.749585,42.258026],[-83.749582,42.258027],[-83.749579,42.258028],[-83.749576,42.258029],[-83.749574,42.258031],[-83.749572,42.258032],[-83.749569,42.258034],[-83.749567,42.258035],[-83.749565,42.258037],[-83.749563,42.258039],[-83.749562,42.258042],[-83.74956,42.258044],[-83.749559,42.258046],[-83.749557,42.258049],[-83.749556,42.258052],[-83.749555,42.258054],[-83.749554,42.258057],[-83.749553,42.25806],[-83.749552,42.258063],[-83.749551,42.258066],[-83.74955,42.258069],[-83.74955,42.258073],[-83.749549,42.258076],[-83.749548,42.25808],[-83.749547,42.258084],[-83.749547,42.258088],[-83.749546,42.25809],[-83.749546,42.258092],[-83.749546,42.258094],[-83.749545,42.258096],[-83.749545,42.258098],[-83.749545,42.2581],[-83.749545,42.258102],[-83.749545,42.258104],[-83.749545,42.258107],[-83.749545,42.258111],[-83.749545,42.258115],[-83.749546,42.258118],[-83.749546,42.258122],[-83.749547,42.258125],[-83.749548,42.258129],[-83.74955,42.258132],[-83.749551,42.258135],[-83.749553,42.258138],[-83.749555,42.25814],[-83.749558,42.258143],[-83.749561,42.258145],[-83.749564,42.258147],[-83.749567,42.258148],[-83.749569,42.258149],[-83.749572,42.25815],[-83.749575,42.258151],[-83.749578,42.258152],[-83.749581,42.258153],[-83.749584,42.258154],[-83.749587,42.258154],[-83.74959,42.258155],[-83.749594,42.258156],[-83.749597,42.258156],[-83.7496,42.258157],[-83.749604,42.258157],[-83.749607,42.258157],[-83.74961,42.258158],[-83.749613,42.258158],[-83.749617,42.258158],[-83.74962,42.258158],[-83.749623,42.258158],[-83.749626,42.258157],[-83.749629,42.258157],[-83.749631,42.258157],[-83.749637,42.258156],[-83.749642,42.258154],[-83.749648,42.258153],[-83.749653,42.258151],[-83.749657,42.258149],[-83.749662,42.258147],[-83.749666,42.258145],[-83.74967,42.258142],[-83.749674,42.25814],[-83.749678,42.258137],[-83.749681,42.258134],[-83.749684,42.258131],[-83.749686,42.258128],[-83.749689,42.258125],[-83.749691,42.258121],[-83.749693,42.258118],[-83.749695,42.258115],[-83.749696,42.258111],[-83.749697,42.258108],[-83.749698,42.258104],[-83.749699,42.2581],[-83.7497,42.258097],[-83.7497,42.258093],[-83.7497,42.258089],[-83.7497,42.258086],[-83.749699,42.258082],[-83.749698,42.258078],[-83.749697,42.258075],[-83.749696,42.258071],[-83.749694,42.258068],[-83.749693,42.258064],[-83.749691,42.258061],[-83.749689,42.258058],[-83.749686,42.258054],[-83.749683,42.258051],[-83.749681,42.258048],[-83.749677,42.258045],[-83.749674,42.258043],[-83.74967,42.25804],[-83.749667,42.258038],[-83.749663,42.258035],[-83.749658,42.258033],[-83.749654,42.258031],[-83.749649,42.258029],[-83.749644,42.258028],[-83.749639,42.258027],[-83.749633,42.258025],[-83.749628,42.258024],[-83.749622,42.258024],[-83.749615,42.258023],[-83.74961,42.258023],[-83.749606,42.258023]]]},"properties":{"ObjectName":null}},{"type":"Feature","geometry":{"type":"Polygon","coordinates":[[[-83.666736,42.283497],[-83.666721,42.283506],[-83.666712,42.283518],[-83.666709,42.283533],[-83.666711,42.283544],[-83.666718,42.283554],[-83.666729,42.283561],[-83.666746,42.283567],[-83.666754,42.283573],[-83.666757,42.283583],[-83.666755,42.283594],[-83.66675,42.283605],[-83.666742,42.283615],[-83.666728,42.283626],[-83.666708,42.283636],[-83.666702,42.283643],[-83.6667,42.283651],[-83.666701,42.283657],[-83.666705,42.283663],[-83.666711,42.283668],[-83.666718,42.283671],[-83.666726,42.283673],[-83.666735,42.283673],[-83.666743,42.283671],[-83.66675,42.283667],[-83.666778,42.283654],[-83.666801,42.283635],[-83.666814,42.283628],[-83.666835,42.283621],[-83.666859,42.283618],[-83.666879,42.28361],[-83.666887,42.283603],[-83.666893,42.283597],[-83.666897,42.283589],[-83.666898,42.28358],[-83.666896,42.283569],[-83.666887,42.28356],[-83.666872,42.283554],[-83.666846,42.283553],[-83.666827,42.283546],[-83.666808,42.283532],[-83.666788,42.28351],[-83.66678,42.283503],[-83.666767,42.283495],[-83.666754,42.283493],[-83.666736,42.283497]]]},"properties":{"ObjectName":null}},{"type":"Feature","geometry":{"type":"Polygon","coordinates":[[[-83.743539,42.259128],[-83.743536,42.259128],[-83.743533,42.259128],[-83.74353,42.259129],[-83.743526,42.259129],[-83.743523,42.25913],[-83.74352,42.25913],[-83.743517,42.259131],[-83.743514,42.259132],[-83.743511,42.259133],[-83.743508,42.259134],[-83.743505,42.259135],[-83.743502,42.259136],[-83.743499,42.259138],[-83.743496,42.259139],[-83.743493,42.25914],[-83.74349,42.259142],[-83.743487,42.259143],[-83.743484,42.259145],[-83.743482,42.259147],[-83.743479,42.259149],[-83.743477,42.25915],[-83.743474,42.259152],[-83.743472,42.259154],[-83.74347,42.259156],[-83.743468,42.259158],[-83.743466,42.25916],[-83.743464,42.259162],[-83.743463,42.259164],[-83.743461,42.259166],[-83.74346,42.259168],[-83.743459,42.25917],[-83.743458,42.259173],[-83.743457,42.259175],[-83.743456,42.259177],[-83.743456,42.259179],[-83.743456,42.259181],[-83.743456,42.259184],[-83.743456,42.259186],[-83.743456,42.259188],[-83.743457,42.25919],[-83.743458,42.259192],[-83.743459,42.259195],[-83.74346,42.259197],[-83.743462,42.259199],[-83.743464,42.259202],[-83.743467,42.259205],[-83.743469,42.259206],[-83.743471,42.259207],[-83.743473,42.259209],[-83.743476,42.25921],[-83.743478,42.259212],[-83.743481,42.259213],[-83.743484,42.259215],[-83.743487,42.259216],[-83.74349,42.259218],[-83.743493,42.259219],[-83.743496,42.259221],[-83.743499,42.259222],[-83.743503,42.259224],[-83.743506,42.259225],[-83.74351,42.259226],[-83.743513,42.259228],[-83.743517,42.259229],[-83.743521,42.25923],[-83.743525,42.259232],[-83.743528,42.259233],[-83.743532,42.259234],[-83.743536,42.259235],[-83.74354,42.259236],[-83.743544,42.259238],[-83.743548,42.259239],[-83.743552,42.25924],[-83.743555,42.259241],[-83.743559,42.259242],[-83.743563,42.259242],[-83.743567,42.259243],[-83.74357,42.259244],[-83.743574,42.259245],[-83.743578,42.259245],[-83.743581,42.259246],[-83.743584,42.259247],[-83.743588,42.259247],[-83.743591,42.259247],[-83.743594,42.259248],[-83.743597,42.259248],[-83.7436,42.259248],[-83.743603,42.259248],[-83.743607,42.259249],[-83.743612,42.259248],[-83.743616,42.259248],[-83.743619,42.259247],[-83.743622,42.259247],[-83.743625,42.259246],[-83.743628,42.259245],[-83.743631,42.259244],[-83.743634,42.259243],[-83.743636,42.259242],[-83.743639,42.259241],[-83.743641,42.25924],[-83.743644,42.259238],[-83.743646,42.259237],[-83.743648,42.259236],[-83.74365,42.259234],[-83.743652,42.259232],[-83.743654,42.259231],[-83.743655,42.259229],[-83.743657,42.259227],[-83.743658,42.259225],[-83.74366,42.259223],[-83.743661,42.259221],[-83.743662,42.259219],[-83.743663,42.259217],[-83.743664,42.259215],[-83.743665,42.259213],[-83.743665,42.259211],[-83.743666,42.259209],[-83.743666,42.259207],[-83.743667,42.259204],[-83.743667,42.259202],[-83.743667,42.2592],[-83.743667,42.259198],[-83.743667,42.259196],[-83.743666,42.259193],[-83.743666,42.259191],[-83.743665,42.259189],[-83.743665,42.259187],[-83.743664,42.259185],[-83.743663,42.259183],[-83.743662,42.259181],[-83.74366,42.259179],[-83.743659,42.259177],[-83.743658,42.259175],[-83.743656,42.259173],[-83.743654,42.259171],[-83.743652,42.259169],[-83.74365,42.259167],[-83.743648,42.259166],[-83.743646,42.259164],[-83.743643,42.259162],[-83.74364,42.259161],[-83.743637,42.259159],[-83.743634,42.259158],[-83.743631,42.259156],[-83.743628,42.259154],[-83.743624,42.259153],[-83.743621,42.259151],[-83.743617,42.25915],[-83.743614,42.259148],[-83.74361,42.259147],[-83.743606,42.259145],[-83.743602,42.259144],[-83.743599,42.259142],[-83.743595,42.259141],[-83.743591,42.25914],[-83.743587,42.259138],[-83.743583,42.259137],[-83.74358,42.259136],[-83.743576,42.259135],[-83.743572,42.259134],[-83.743569,42.259133],[-83.743565,42.259132],[-83.743562,42.259131],[-83.743559,42.25913],[-83.743556,42.259129],[-83.743554,42.259129],[-83.743551,42.259128],[-83.743548,42.259128],[-83.743545,42.259128],[-83.743542,42.259128],[-83.743539,42.259128]]]},"properties":{"ObjectName":null}},{"type":"Feature","geometry":{"type":"Polygon","coordinates":[[[-83.653616,42.282605],[-83.653627,42.282614],[-83.653662,42.282631],[-83.653675,42.282639],[-83.653693,42.282657],[-83.653708,42.28268],[-83.653747,42.282776],[-83.653796,42.282882],[-83.653823,42.28293],[-83.653849,42.282963],[-83.65388,42.282999],[-83.653917,42.283037],[-83.653974,42.28309],[-83.654086,42.283186],[-83.654163,42.283253],[-83.654183,42.283274],[-83.654197,42.283294],[-83.654214,42.283327],[-83.654225,42.283368],[-83.65423,42.28341],[-83.654234,42.2835],[-83.654239,42.283566],[-83.65424,42.283609],[-83.654238,42.283648],[-83.654232,42.283682],[-83.654223,42.28371],[-83.654209,42.28374],[-83.65414,42.28385],[-83.654116,42.283896],[-83.654092,42.283965],[-83.654064,42.284069],[-83.654023,42.284254],[-83.653992,42.284361],[-83.653982,42.284404],[-83.653971,42.284481],[-83.65396,42.28461],[-83.653945,42.284781],[-83.653943,42.284834],[-83.653945,42.284882],[-83.653944,42.284926],[-83.653947,42.284937],[-83.653952,42.284945],[-83.653962,42.284953],[-83.653976,42.28496],[-83.653991,42.284966],[-83.654007,42.284969],[-83.654022,42.28497],[-83.65404,42.284969],[-83.654057,42.284966],[-83.654073,42.284961],[-83.654085,42.284955],[-83.654097,42.284946],[-83.654124,42.284918],[-83.654137,42.284897],[-83.654144,42.284873],[-83.654146,42.284848],[-83.654146,42.284787],[-83.65415,42.284759],[-83.654164,42.284707],[-83.654184,42.284653],[-83.654208,42.284595],[-83.654238,42.284533],[-83.654282,42.28445],[-83.654321,42.284389],[-83.654404,42.284291],[-83.654438,42.284238],[-83.654467,42.284176],[-83.654493,42.284107],[-83.654529,42.283997],[-83.654557,42.283897],[-83.654578,42.2838],[-83.654593,42.283706],[-83.654601,42.283636],[-83.654604,42.283573],[-83.6546,42.283516],[-83.654589,42.283452],[-83.654569,42.283382],[-83.65454,42.283306],[-83.654499,42.283215],[-83.654456,42.28313],[-83.654418,42.283063],[-83.654379,42.283004],[-83.654338,42.282953],[-83.654289,42.282902],[-83.654233,42.282852],[-83.654171,42.282803],[-83.654102,42.282755],[-83.654057,42.282729],[-83.653941,42.282672],[-83.653912,42.282655],[-83.653889,42.282638],[-83.653875,42.282625],[-83.653862,42.282608],[-83.653819,42.282542],[-83.653803,42.282521],[-83.653785,42.282505],[-83.653776,42.282501],[-83.653766,42.282499],[-83.653773,42.282516],[-83.653773,42.282533],[-83.653767,42.282545],[-83.653753,42.282561],[-83.65375,42.282563],[-83.653747,42.282566],[-83.653739,42.282574],[-83.653724,42.282584],[-83.6537,42.282595],[-83.653669,42.282603],[-83.653632,42.282607],[-83.653616,42.282605]]]},"properties":{"ObjectName":null}},{"type":"Feature","geometry":{"type":"Polygon","coordinates":[[[-83.745941,42.255316],[-83.745937,42.255317],[-83.745933,42.255317],[-83.745929,42.255318],[-83.745926,42.255319],[-83.745922,42.25532],[-83.745919,42.255322],[-83.745916,42.255324],[-83.745914,42.255326],[-83.745911,42.255328],[-83.745909,42.25533],[-83.745907,42.255332],[-83.745905,42.255335],[-83.745903,42.255337],[-83.745902,42.25534],[-83.7459,42.255343],[-83.745899,42.255346],[-83.745898,42.255349],[-83.745898,42.255352],[-83.745897,42.255355],[-83.745897,42.255359],[-83.745896,42.255362],[-83.745896,42.255365],[-83.745897,42.255369],[-83.745897,42.255372],[-83.745897,42.255375],[-83.745898,42.255379],[-83.745899,42.255382],[-83.7459,42.255386],[-83.745901,42.255389],[-83.745903,42.255392],[-83.745904,42.255395],[-83.745906,42.255399],[-83.745908,42.255402],[-83.74591,42.255405],[-83.745912,42.255407],[-83.745914,42.25541],[-83.745917,42.255413],[-83.745919,42.255415],[-83.745922,42.255418],[-83.745925,42.25542],[-83.745928,42.255422],[-83.745931,42.255424],[-83.745935,42.255426],[-83.745938,42.255427],[-83.745942,42.255429],[-83.745946,42.25543],[-83.74595,42.255431],[-83.745953,42.255431],[-83.745956,42.255431],[-83.74596,42.255432],[-83.745964,42.255432],[-83.745968,42.255431],[-83.745972,42.255431],[-83.745975,42.25543],[-83.745978,42.255429],[-83.745981,42.255427],[-83.745984,42.255426],[-83.745987,42.255424],[-83.745989,42.255422],[-83.745992,42.25542],[-83.745994,42.255417],[-83.745996,42.255415],[-83.745998,42.255412],[-83.745999,42.255409],[-83.746001,42.255406],[-83.746002,42.255403],[-83.746003,42.2554],[-83.746004,42.255397],[-83.746005,42.255393],[-83.746005,42.25539],[-83.746006,42.255387],[-83.746006,42.255383],[-83.746006,42.25538],[-83.746006,42.255376],[-83.746005,42.255372],[-83.746005,42.255369],[-83.746004,42.255365],[-83.746003,42.255362],[-83.746002,42.255358],[-83.746001,42.255355],[-83.746,42.255352],[-83.745998,42.255348],[-83.745997,42.255345],[-83.745995,42.255342],[-83.745993,42.255339],[-83.74599,42.255336],[-83.745988,42.255334],[-83.745985,42.255331],[-83.745983,42.255329],[-83.74598,42.255326],[-83.745977,42.255324],[-83.745973,42.255322],[-83.74597,42.255321],[-83.745966,42.255319],[-83.745962,42.255318],[-83.745958,42.255317],[-83.745954,42.255317],[-83.74595,42.255316],[-83.745945,42.255316],[-83.745941,42.255316]]]},"properties":{"ObjectName":null}},{"type":"Feature","geometry":{"type":"Polygon","coordinates":[[[-83.654008,42.285145],[-83.653998,42.285149],[-83.653972,42.285164],[-83.653965,42.285172],[-83.653959,42.285181],[-83.65395,42.285209],[-83.653943,42.285242],[-83.653944,42.285253],[-83.653949,42.285261],[-83.65396,42.285269],[-83.653971,42.285274],[-83.653987,42.285273],[-83.654008,42.285265],[-83.654019,42.285258],[-83.654028,42.285248],[-83.654036,42.285234],[-83.654043,42.285215],[-83.654049,42.285189],[-83.654049,42.285179],[-83.654046,42.285171],[-83.654032,42.285154],[-83.654024,42.285148],[-83.654017,42.285145],[-83.654008,42.285145]]]},"properties":{"ObjectName":null}},{"type":"Feature","geometry":{"type":"Polygon","coordinates":[[[-83.654344,42.288498],[-83.654331,42.288508],[-83.654324,42.288521],[-83.65432,42.288537],[-83.654325,42.288549],[-83.654336,42.288559],[-83.654351,42.288565],[-83.654369,42.288565],[-83.654386,42.288559],[-83.654395,42.288549],[-83.654399,42.288537],[-83.654399,42.288524],[-83.654394,42.288512],[-83.654386,42.288503],[-83.654373,42.288497],[-83.654359,42.288495],[-83.654344,42.288498]]]},"properties":{"ObjectName":null}},{"type":"Feature","geometry":{"type":"Polygon","coordinates":[[[-83.664332,42.283094],[-83.664321,42.2831],[-83.664314,42.283109],[-83.664311,42.283125],[-83.664315,42.283142],[-83.664315,42.283154],[-83.664309,42.283168],[-83.664296,42.283186],[-83.664295,42.283195],[-83.664298,42.283203],[-83.664303,42.283209],[-83.664316,42.283221],[-83.664328,42.283236],[-83.664335,42.283248],[-83.664339,42.283266],[-83.664347,42.283283],[-83.664365,42.283309],[-83.664386,42.283329],[-83.66439,42.283338],[-83.66439,42.283346],[-83.664395,42.283358],[-83.664403,42.283369],[-83.664413,42.28338],[-83.66442,42.283385],[-83.664434,42.283389],[-83.664447,42.283388],[-83.664459,42.283385],[-83.664469,42.283378],[-83.664475,42.28337],[-83.664477,42.283363],[-83.664475,42.283351],[-83.664465,42.283337],[-83.664459,42.283322],[-83.664455,42.283303],[-83.664457,42.28329],[-83.664452,42.28328],[-83.664445,42.283273],[-83.664427,42.283264],[-83.664402,42.283245],[-83.664385,42.283227],[-83.664373,42.283213],[-83.664367,42.283204],[-83.664365,42.283189],[-83.664372,42.283162],[-83.664374,42.283139],[-83.664373,42.283118],[-83.66437,42.283106],[-83.664364,42.283098],[-83.664355,42.283094],[-83.664343,42.283092],[-83.664332,42.283094]]]},"properties":{"ObjectName":null}},{"type":"Feature","geometry":{"type":"Polygon","coordinates":[[[-83.744121,42.259456],[-83.744127,42.259458],[-83.744134,42.25946],[-83.744142,42.259461],[-83.74415,42.259463],[-83.744158,42.259464],[-83.744164,42.259467],[-83.74417,42.259469],[-83.744173,42.259473],[-83.744173,42.259478],[-83.744171,42.259483],[-83.744167,42.259488],[-83.744163,42.259493],[-83.744158,42.259497],[-83.744153,42.2595],[-83.744149,42.259504],[-83.744145,42.259508],[-83.744143,42.259513],[-83.744142,42.259517],[-83.744142,42.259522],[-83.744145,42.259528],[-83.744149,42.259532],[-83.744151,42.259535],[-83.744154,42.259537],[-83.744156,42.259538],[-83.744159,42.25954],[-83.744162,42.259541],[-83.744165,42.259542],[-83.744169,42.259543],[-83.744172,42.259543],[-83.744176,42.259543],[-83.744181,42.259543],[-83.744185,42.259543],[-83.74419,42.259542],[-83.744194,42.259541],[-83.744199,42.259539],[-83.744203,42.259538],[-83.744208,42.259536],[-83.744212,42.259533],[-83.744216,42.259531],[-83.74422,42.259529],[-83.744223,42.259527],[-83.744226,42.259525],[-83.744229,42.259522],[-83.744232,42.25952],[-83.744235,42.259518],[-83.744237,42.259515],[-83.74424,42.259513],[-83.744243,42.259511],[-83.744246,42.259509],[-83.74425,42.259508],[-83.744254,42.259507],[-83.744258,42.259506],[-83.744262,42.259506],[-83.744265,42.259507],[-83.744268,42.259507],[-83.744271,42.259508],[-83.744274,42.259509],[-83.744277,42.25951],[-83.744281,42.25951],[-83.744284,42.259511],[-83.744287,42.259511],[-83.744291,42.259511],[-83.744296,42.259511],[-83.744302,42.259509],[-83.744307,42.259507],[-83.744311,42.259504],[-83.744316,42.259501],[-83.744319,42.259498],[-83.744322,42.259494],[-83.744324,42.25949],[-83.744326,42.259486],[-83.744327,42.259481],[-83.744328,42.259477],[-83.744328,42.259475],[-83.744327,42.259473],[-83.744327,42.259471],[-83.744326,42.259469],[-83.744325,42.259467],[-83.744323,42.259465],[-83.744322,42.259463],[-83.74432,42.259462],[-83.744319,42.25946],[-83.744317,42.259458],[-83.744314,42.259454],[-83.744312,42.259449],[-83.744312,42.259444],[-83.744314,42.25944],[-83.744317,42.259437],[-83.744321,42.259434],[-83.744327,42.259431],[-83.744332,42.259429],[-83.744338,42.259426],[-83.744344,42.259424],[-83.744349,42.259422],[-83.744354,42.259419],[-83.744357,42.259416],[-83.74436,42.259413],[-83.744362,42.259409],[-83.744363,42.259405],[-83.744363,42.259401],[-83.744362,42.259397],[-83.74436,42.259393],[-83.744358,42.259389],[-83.744355,42.259386],[-83.744352,42.259383],[-83.74435,42.259381],[-83.744347,42.259379],[-83.744345,42.259377],[-83.744342,42.259376],[-83.744339,42.259374],[-83.744336,42.259373],[-83.744333,42.259372],[-83.74433,42.259371],[-83.744326,42.259371],[-83.744322,42.259371],[-83.744318,42.259371],[-83.744314,42.259372],[-83.744311,42.259372],[-83.744308,42.259373],[-83.744305,42.259375],[-83.744303,42.259376],[-83.744301,42.259378],[-83.744299,42.25938],[-83.744297,42.259382],[-83.744295,42.259385],[-83.744293,42.259387],[-83.744291,42.25939],[-83.744289,42.259392],[-83.744287,42.259394],[-83.744285,42.259396],[-83.744282,42.259398],[-83.744279,42.259399],[-83.744276,42.2594],[-83.744273,42.2594],[-83.74427,42.2594],[-83.744266,42.2594],[-83.744263,42.259399],[-83.74426,42.259397],[-83.744258,42.259396],[-83.744255,42.259394],[-83.744253,42.259392],[-83.744251,42.259391],[-83.744248,42.259389],[-83.744246,42.259387],[-83.744243,42.259386],[-83.74424,42.259384],[-83.744238,42.259383],[-83.744235,42.259382],[-83.744232,42.259381],[-83.744229,42.25938],[-83.744226,42.25938],[-83.744222,42.259379],[-83.744219,42.259378],[-83.744216,42.259378],[-83.744212,42.259377],[-83.744209,42.259377],[-83.744206,42.259377],[-83.744203,42.259378],[-83.744199,42.259378],[-83.744196,42.259378],[-83.744193,42.259378],[-83.74419,42.259379],[-83.744187,42.259379],[-83.744184,42.25938],[-83.744181,42.259381],[-83.744178,42.259382],[-83.744175,42.259383],[-83.744172,42.259384],[-83.74417,42.259386],[-83.744167,42.259387],[-83.744165,42.259388],[-83.744163,42.25939],[-83.74416,42.259392],[-83.744158,42.259395],[-83.744156,42.259396],[-83.744154,42.259398],[-83.744153,42.2594],[-83.744151,42.259402],[-83.744148,42.259404],[-83.744146,42.259405],[-83.744144,42.259406],[-83.744141,42.259407],[-83.744138,42.259407],[-83.744135,42.259408],[-83.744132,42.259408],[-83.744129,42.259409],[-83.744125,42.259409],[-83.744119,42.259411],[-83.744113,42.259414],[-83.744109,42.259418],[-83.744107,42.259423],[-83.744105,42.259428],[-83.744105,42.259434],[-83.744106,42.259439],[-83.744108,42.259444],[-83.744112,42.259449],[-83.744116,42.259453],[-83.744121,42.259456]]]},"properties":{"ObjectName":null}},{"type":"Feature","geometry":{"type":"Polygon","coordinates":[[[-83.658555,42.284299],[-83.658497,42.2843],[-83.658473,42.284301],[-83.658451,42.284306],[-83.658435,42.284315],[-83.658418,42.28433],[-83.658414,42.284337],[-83.658413,42.284342],[-83.658419,42.284354],[-83.658433,42.284365],[-83.658441,42.284368],[-83.658452,42.284369],[-83.658493,42.284368],[-83.658529,42.284366],[-83.658578,42.284362],[-83.658619,42.284359],[-83.658641,42.284355],[-83.658664,42.284348],[-83.658675,42.284341],[-83.658678,42.284328],[-83.658675,42.284315],[-83.658663,42.284307],[-83.658638,42.2843],[-83.658624,42.284297],[-83.658608,42.284296],[-83.658555,42.284299]]]},"properties":{"ObjectName":null}},{"type":"Feature","geometry":{"type":"Polygon","coordinates":[[[-83.66208,42.283402],[-83.66207,42.283407],[-83.662065,42.283414],[-83.662063,42.283422],[-83.662065,42.283434],[-83.662071,42.283443],[-83.662079,42.283447],[-83.66209,42.28345],[-83.662099,42.283449],[-83.662111,42.283447],[-83.662125,42.283441],[-83.662133,42.283435],[-83.662136,42.283427],[-83.662135,42.283418],[-83.662126,42.283406],[-83.662115,42.283401],[-83.662097,42.283399],[-83.66208,42.283402]]]},"properties":{"ObjectName":null}},{"type":"Feature","geometry":{"type":"Polygon","coordinates":[[[-83.659847,42.281825],[-83.659851,42.281836],[-83.659864,42.281854],[-83.659886,42.28188],[-83.659902,42.281904],[-83.65992,42.281917],[-83.659942,42.281924],[-83.659968,42.281926],[-83.659997,42.281923],[-83.660023,42.281916],[-83.66004,42.281909],[-83.66005,42.281902],[-83.66006,42.281889],[-83.660064,42.28187],[-83.660079,42.281857],[-83.660104,42.281845],[-83.66012,42.281833],[-83.660126,42.281824],[-83.660125,42.281812],[-83.66012,42.281802],[-83.660109,42.281796],[-83.660096,42.281792],[-83.660086,42.281794],[-83.660068,42.281801],[-83.660047,42.281812],[-83.660038,42.281815],[-83.660025,42.281815],[-83.660012,42.281814],[-83.659998,42.281807],[-83.659992,42.281798],[-83.65999,42.281779],[-83.659995,42.281755],[-83.659993,42.281746],[-83.659978,42.281735],[-83.659935,42.281721],[-83.659915,42.281706],[-83.659905,42.281703],[-83.659884,42.281704],[-83.659868,42.281707],[-83.659858,42.281711],[-83.659848,42.281718],[-83.659842,42.281727],[-83.659845,42.281733],[-83.659856,42.281744],[-83.659871,42.281756],[-83.659878,42.281766],[-83.659881,42.281774],[-83.659879,42.281783],[-83.659874,42.281793],[-83.659869,42.281797],[-83.659854,42.281806],[-83.659849,42.28181],[-83.659847,42.281825]]]},"properties":{"ObjectName":null}},{"type":"Feature","geometry":{"type":"Polygon","coordinates":[[[-83.745115,42.259854],[-83.745112,42.259855],[-83.745109,42.259855],[-83.745105,42.259856],[-83.745102,42.259857],[-83.745099,42.259858],[-83.745096,42.259859],[-83.745093,42.25986],[-83.745091,42.259862],[-83.745088,42.259864],[-83.745085,42.259865],[-83.745083,42.259867],[-83.745081,42.259869],[-83.745079,42.259872],[-83.745076,42.259874],[-83.745075,42.259876],[-83.745073,42.259879],[-83.745071,42.259881],[-83.745069,42.259884],[-83.745068,42.259887],[-83.745067,42.259889],[-83.745066,42.259891],[-83.745065,42.259893],[-83.745065,42.259895],[-83.745064,42.259897],[-83.745063,42.2599],[-83.745063,42.259903],[-83.745062,42.259906],[-83.745062,42.259909],[-83.745062,42.259911],[-83.745062,42.259914],[-83.745063,42.259917],[-83.745063,42.259919],[-83.745064,42.259922],[-83.745065,42.259924],[-83.745066,42.259927],[-83.745067,42.259929],[-83.745069,42.259931],[-83.745071,42.259933],[-83.745073,42.259935],[-83.745075,42.259937],[-83.745077,42.259938],[-83.74508,42.25994],[-83.745083,42.259941],[-83.745086,42.259943],[-83.745089,42.259944],[-83.745092,42.259944],[-83.745096,42.259945],[-83.7451,42.259946],[-83.745104,42.259946],[-83.745108,42.259946],[-83.745112,42.259946],[-83.745115,42.259945],[-83.745119,42.259945],[-83.745122,42.259944],[-83.745125,42.259943],[-83.745129,42.259942],[-83.745132,42.259941],[-83.745134,42.259939],[-83.745137,42.259938],[-83.74514,42.259936],[-83.745142,42.259934],[-83.745145,42.259932],[-83.745147,42.25993],[-83.745149,42.259928],[-83.745151,42.259926],[-83.745153,42.259924],[-83.745155,42.259921],[-83.745156,42.259919],[-83.745158,42.259916],[-83.745159,42.259914],[-83.74516,42.259911],[-83.745161,42.259909],[-83.745162,42.259907],[-83.745162,42.259904],[-83.745163,42.259902],[-83.745163,42.259899],[-83.745163,42.259896],[-83.745164,42.259894],[-83.745163,42.259891],[-83.745163,42.259888],[-83.745163,42.259886],[-83.745162,42.259883],[-83.745161,42.259881],[-83.74516,42.259878],[-83.745159,42.259876],[-83.745158,42.259873],[-83.745156,42.259871],[-83.745154,42.259869],[-83.745152,42.259867],[-83.74515,42.259865],[-83.745148,42.259863],[-83.745145,42.259862],[-83.745143,42.25986],[-83.74514,42.259859],[-83.745136,42.259858],[-83.745133,42.259857],[-83.745129,42.259856],[-83.745126,42.259855],[-83.745122,42.259855],[-83.745119,42.259854],[-83.745115,42.259854]]]},"properties":{"ObjectName":null}},{"type":"Feature","geometry":{"type":"Polygon","coordinates":[[[-83.746114,42.256814],[-83.746116,42.256811],[-83.746119,42.256805],[-83.746121,42.256798],[-83.746123,42.25679],[-83.746125,42.256781],[-83.746127,42.256773],[-83.746129,42.256766],[-83.746131,42.256758],[-83.746134,42.256751],[-83.746137,42.256744],[-83.746139,42.256737],[-83.746143,42.25673],[-83.746146,42.256723],[-83.746149,42.256716],[-83.746152,42.256709],[-83.746155,42.256702],[-83.746158,42.256694],[-83.746164,42.256681],[-83.74617,42.256667],[-83.746176,42.256654],[-83.746182,42.256641],[-83.746187,42.256627],[-83.746192,42.256614],[-83.746196,42.2566],[-83.746199,42.256586],[-83.7462,42.256572],[-83.746199,42.256558],[-83.746196,42.256544],[-83.746193,42.256532],[-83.746191,42.256526],[-83.746188,42.25652],[-83.746186,42.256514],[-83.746183,42.256508],[-83.746181,42.256502],[-83.746178,42.256496],[-83.746175,42.256489],[-83.746173,42.256483],[-83.74617,42.256477],[-83.746167,42.256471],[-83.746164,42.256465],[-83.746159,42.256458],[-83.746154,42.256449],[-83.746149,42.25644],[-83.746144,42.256431],[-83.746139,42.256423],[-83.746133,42.256414],[-83.746127,42.256406],[-83.746121,42.256397],[-83.746116,42.256389],[-83.74611,42.256381],[-83.746104,42.256373],[-83.746098,42.256364],[-83.746096,42.256361],[-83.746094,42.256358],[-83.746092,42.256355],[-83.74609,42.256351],[-83.746089,42.256348],[-83.746087,42.256345],[-83.746086,42.256341],[-83.746084,42.256338],[-83.746082,42.256334],[-83.746081,42.256331],[-83.746079,42.256328],[-83.746076,42.256324],[-83.746072,42.256318],[-83.746067,42.256311],[-83.746063,42.256305],[-83.746058,42.256298],[-83.746054,42.256292],[-83.74605,42.256286],[-83.746046,42.256279],[-83.746043,42.256273],[-83.74604,42.256266],[-83.746037,42.256259],[-83.746035,42.256252],[-83.746032,42.256239],[-83.74603,42.256222],[-83.74603,42.256206],[-83.74603,42.256189],[-83.746031,42.256173],[-83.746031,42.256156],[-83.746032,42.25614],[-83.746031,42.256124],[-83.74603,42.256108],[-83.746028,42.256091],[-83.746023,42.256076],[-83.746017,42.25606],[-83.746008,42.256045],[-83.745997,42.256033],[-83.745984,42.256022],[-83.745969,42.256012],[-83.745952,42.256004],[-83.745934,42.255998],[-83.745915,42.255993],[-83.745895,42.25599],[-83.745874,42.255988],[-83.745853,42.255988],[-83.745832,42.255989],[-83.745811,42.255992],[-83.745792,42.255998],[-83.745776,42.256007],[-83.745763,42.256018],[-83.745753,42.256031],[-83.745745,42.256046],[-83.745738,42.256061],[-83.745734,42.256078],[-83.745731,42.256095],[-83.745729,42.256111],[-83.745729,42.256127],[-83.745729,42.256141],[-83.74573,42.256154],[-83.745732,42.256165],[-83.745735,42.256177],[-83.745738,42.256189],[-83.745742,42.2562],[-83.745747,42.256212],[-83.745752,42.256223],[-83.745758,42.256234],[-83.745764,42.256246],[-83.74577,42.256257],[-83.745776,42.256268],[-83.745782,42.256278],[-83.745789,42.25629],[-83.745795,42.256303],[-83.7458,42.256316],[-83.745804,42.25633],[-83.745808,42.256344],[-83.745811,42.256357],[-83.745813,42.256371],[-83.745814,42.256385],[-83.745815,42.256399],[-83.745815,42.256413],[-83.745814,42.256427],[-83.745813,42.25644],[-83.74581,42.256454],[-83.745806,42.256468],[-83.7458,42.256482],[-83.745793,42.256496],[-83.745786,42.256509],[-83.745778,42.256522],[-83.74577,42.256536],[-83.745762,42.256549],[-83.745755,42.256563],[-83.745748,42.256576],[-83.745743,42.25659],[-83.745738,42.256604],[-83.745735,42.256618],[-83.745733,42.256634],[-83.745731,42.256651],[-83.74573,42.256668],[-83.745731,42.256685],[-83.745733,42.256702],[-83.745737,42.256718],[-83.745743,42.256734],[-83.745751,42.256748],[-83.745761,42.256761],[-83.745774,42.256771],[-83.745783,42.256777],[-83.74579,42.256781],[-83.745797,42.256784],[-83.745804,42.256787],[-83.74581,42.25679],[-83.745817,42.256793],[-83.745824,42.256796],[-83.74583,42.256799],[-83.745837,42.256803],[-83.745842,42.256807],[-83.745848,42.256811],[-83.745853,42.256816],[-83.745859,42.256825],[-83.745864,42.256837],[-83.745868,42.256849],[-83.745872,42.256862],[-83.745874,42.25687],[-83.745875,42.256868],[-83.745877,42.256866],[-83.745878,42.256864],[-83.74588,42.256862],[-83.745881,42.256861],[-83.745883,42.256859],[-83.745884,42.256857],[-83.745886,42.256855],[-83.745888,42.256853],[-83.745889,42.256851],[-83.745891,42.25685],[-83.745893,42.256848],[-83.745894,42.256846],[-83.745896,42.256844],[-83.745898,42.256842],[-83.7459,42.256841],[-83.745901,42.256839],[-83.745903,42.256837],[-83.745905,42.256835],[-83.745907,42.256833],[-83.745909,42.256832],[-83.745911,42.25683],[-83.745913,42.256828],[-83.745915,42.256827],[-83.745916,42.256825],[-83.745918,42.256823],[-83.745921,42.256821],[-83.745925,42.256818],[-83.745928,42.256815],[-83.745932,42.256812],[-83.745936,42.256809],[-83.74594,42.256806],[-83.745944,42.256804],[-83.745948,42.256801],[-83.745953,42.256798],[-83.745957,42.256795],[-83.745962,42.256793],[-83.745966,42.25679],[-83.745971,42.256788],[-83.745976,42.256785],[-83.745981,42.256783],[-83.745986,42.256781],[-83.745991,42.256779],[-83.745996,42.256777],[-83.746001,42.256775],[-83.746006,42.256774],[-83.746012,42.256772],[-83.746017,42.256771],[-83.746022,42.25677],[-83.746027,42.256769],[-83.746032,42.256769],[-83.746037,42.256769],[-83.746042,42.256769],[-83.746048,42.256769],[-83.746053,42.256769],[-83.746057,42.25677],[-83.746062,42.256771],[-83.746067,42.256773],[-83.746072,42.256774],[-83.746076,42.256776],[-83.746081,42.256779],[-83.746085,42.256781],[-83.74609,42.256785],[-83.746094,42.256788],[-83.746098,42.256792],[-83.746102,42.256796],[-83.746106,42.256802],[-83.746111,42.256808],[-83.746114,42.256814]]]},"properties":{"ObjectName":null}},{"type":"Feature","geometry":{"type":"Polygon","coordinates":[[[-83.654232,42.285831],[-83.654216,42.285839],[-83.654209,42.285846],[-83.654202,42.285857],[-83.654197,42.285876],[-83.654198,42.285898],[-83.654202,42.285913],[-83.654208,42.285924],[-83.654217,42.285934],[-83.654226,42.28594],[-83.654238,42.285943],[-83.654251,42.285944],[-83.654264,42.285942],[-83.654275,42.285935],[-83.654277,42.285929],[-83.654276,42.28592],[-83.654273,42.285914],[-83.654261,42.2859],[-83.65426,42.285894],[-83.654266,42.285883],[-83.654278,42.285872],[-83.654281,42.285862],[-83.654279,42.28585],[-83.654271,42.285839],[-83.654259,42.285832],[-83.654246,42.285829],[-83.654232,42.285831]]]},"properties":{"ObjectName":null}},{"type":"Feature","geometry":{"type":"Polygon","coordinates":[[[-83.742788,42.26216],[-83.742791,42.262162],[-83.742796,42.262164],[-83.742801,42.262164],[-83.742806,42.262164],[-83.74281,42.262162],[-83.742815,42.26216],[-83.742818,42.262157],[-83.742822,42.262154],[-83.742825,42.26215],[-83.742828,42.262147],[-83.742832,42.262143],[-83.742836,42.262139],[-83.74284,42.262135],[-83.742845,42.262132],[-83.74285,42.26213],[-83.742856,42.262128],[-83.742862,42.262127],[-83.742869,42.262127],[-83.742874,42.262128],[-83.742878,42.26213],[-83.742881,42.262132],[-83.742883,42.262134],[-83.742885,42.262136],[-83.742887,42.262139],[-83.742889,42.262141],[-83.742891,42.262144],[-83.742892,42.262147],[-83.742895,42.26215],[-83.742901,42.262155],[-83.742909,42.262158],[-83.742917,42.262159],[-83.742926,42.262159],[-83.742934,42.262158],[-83.742941,42.262154],[-83.742946,42.26215],[-83.742949,42.262144],[-83.742949,42.262138],[-83.742949,42.262135],[-83.742948,42.262132],[-83.742946,42.262129],[-83.742944,42.262127],[-83.742942,42.262124],[-83.742939,42.262122],[-83.742937,42.262119],[-83.742934,42.262117],[-83.742931,42.262115],[-83.742927,42.262113],[-83.742924,42.262111],[-83.742922,42.262108],[-83.74292,42.262106],[-83.742919,42.262103],[-83.742918,42.262101],[-83.742919,42.262098],[-83.74292,42.262095],[-83.742922,42.262092],[-83.742925,42.262089],[-83.742927,42.262087],[-83.74293,42.262085],[-83.742933,42.262082],[-83.742935,42.26208],[-83.742936,42.262078],[-83.742937,42.262075],[-83.742936,42.262073],[-83.742935,42.26207],[-83.742933,42.262067],[-83.74293,42.262065],[-83.742928,42.262063],[-83.742925,42.262061],[-83.742922,42.262059],[-83.742919,42.262057],[-83.742917,42.262055],[-83.742915,42.262052],[-83.742914,42.26205],[-83.742913,42.262048],[-83.742913,42.262045],[-83.742913,42.262043],[-83.742913,42.26204],[-83.742913,42.262038],[-83.742913,42.262035],[-83.742914,42.262033],[-83.742914,42.262031],[-83.742914,42.262028],[-83.742914,42.262026],[-83.742914,42.262024],[-83.742913,42.262022],[-83.742911,42.262018],[-83.74291,42.262015],[-83.742909,42.262013],[-83.742907,42.262011],[-83.7429,42.262005],[-83.742892,42.262001],[-83.742882,42.261999],[-83.742872,42.261999],[-83.742862,42.261999],[-83.742851,42.261998],[-83.742841,42.261998],[-83.742831,42.261996],[-83.742822,42.261993],[-83.742819,42.261992],[-83.742815,42.26199],[-83.742812,42.261988],[-83.742809,42.261986],[-83.742806,42.261984],[-83.742802,42.261983],[-83.742799,42.261981],[-83.742795,42.261981],[-83.742791,42.26198],[-83.742787,42.26198],[-83.742782,42.26198],[-83.742778,42.261981],[-83.742775,42.261982],[-83.742772,42.261984],[-83.742769,42.261986],[-83.742766,42.261988],[-83.742764,42.26199],[-83.742761,42.261994],[-83.742759,42.261996],[-83.742757,42.261999],[-83.742755,42.262001],[-83.742752,42.262004],[-83.74275,42.262006],[-83.742747,42.262008],[-83.742744,42.262009],[-83.74274,42.262011],[-83.742738,42.262013],[-83.742735,42.262016],[-83.742733,42.262021],[-83.742734,42.262026],[-83.742737,42.262031],[-83.742741,42.262036],[-83.742746,42.262041],[-83.742752,42.262045],[-83.742757,42.262049],[-83.742762,42.262052],[-83.742765,42.262054],[-83.742768,42.262056],[-83.742771,42.262058],[-83.742773,42.26206],[-83.742775,42.262062],[-83.742777,42.262064],[-83.742778,42.262067],[-83.742778,42.26207],[-83.742777,42.262073],[-83.742774,42.262078],[-83.742768,42.262083],[-83.742761,42.262085],[-83.742753,42.262086],[-83.742744,42.262087],[-83.742735,42.262087],[-83.742726,42.262087],[-83.742717,42.262088],[-83.742709,42.262089],[-83.742705,42.262091],[-83.742701,42.262093],[-83.742698,42.262095],[-83.742695,42.262097],[-83.742693,42.2621],[-83.742692,42.262102],[-83.74269,42.262105],[-83.74269,42.262108],[-83.74269,42.262111],[-83.742691,42.262114],[-83.742693,42.262117],[-83.742695,42.26212],[-83.742697,42.262122],[-83.7427,42.262124],[-83.742703,42.262126],[-83.742706,42.262128],[-83.74271,42.262129],[-83.742713,42.26213],[-83.742717,42.262131],[-83.742721,42.262131],[-83.742725,42.26213],[-83.742729,42.262129],[-83.742733,42.262128],[-83.742737,42.262127],[-83.742741,42.262126],[-83.742745,42.262125],[-83.742749,42.262124],[-83.742757,42.262123],[-83.742765,42.262124],[-83.74277,42.262127],[-83.742774,42.262132],[-83.742776,42.262137],[-83.742778,42.262143],[-83.74278,42.262148],[-83.742782,42.262154],[-83.742786,42.262158],[-83.742788,42.26216]]]},"properties":{"ObjectName":null}},{"type":"Feature","geometry":{"type":"Polygon","coordinates":[[[-83.660377,42.281254],[-83.660368,42.281257],[-83.660355,42.281268],[-83.660348,42.28128],[-83.660347,42.281287],[-83.660349,42.281296],[-83.66036,42.281315],[-83.660374,42.281329],[-83.660389,42.281338],[-83.660402,42.281341],[-83.660419,42.281343],[-83.660441,42.281343],[-83.660463,42.28134],[-83.66048,42.281335],[-83.66049,42.281327],[-83.660496,42.281314],[-83.660497,42.281298],[-83.660492,42.281281],[-83.660482,42.281268],[-83.660473,42.281262],[-83.660461,42.281258],[-83.660425,42.281253],[-83.660389,42.281252],[-83.660377,42.281254]]]},"properties":{"ObjectName":null}},{"type":"Feature","geometry":{"type":"Polygon","coordinates":[[[-83.741023,42.259068],[-83.741021,42.259064],[-83.741017,42.259058],[-83.741013,42.259054],[-83.741007,42.25905],[-83.741001,42.259048],[-83.740994,42.259046],[-83.740987,42.259044],[-83.740979,42.259044],[-83.740972,42.259044],[-83.740964,42.259046],[-83.740957,42.259048],[-83.740952,42.25905],[-83.740948,42.259052],[-83.740945,42.259054],[-83.740942,42.259056],[-83.740939,42.259058],[-83.740937,42.259061],[-83.740934,42.259063],[-83.740932,42.259066],[-83.740931,42.259069],[-83.740929,42.259072],[-83.740928,42.259075],[-83.740928,42.259078],[-83.740928,42.259082],[-83.740929,42.259086],[-83.74093,42.25909],[-83.740932,42.259093],[-83.740934,42.259097],[-83.740936,42.2591],[-83.740937,42.259104],[-83.740939,42.259108],[-83.740939,42.259111],[-83.740939,42.259115],[-83.740938,42.259118],[-83.740936,42.259121],[-83.740934,42.259124],[-83.740931,42.259127],[-83.740928,42.259129],[-83.740924,42.259132],[-83.74092,42.259134],[-83.740917,42.259136],[-83.740913,42.259139],[-83.740909,42.259141],[-83.740906,42.259144],[-83.740902,42.259148],[-83.740897,42.259155],[-83.740893,42.259163],[-83.740889,42.259171],[-83.740887,42.25918],[-83.740886,42.259189],[-83.740885,42.259198],[-83.740886,42.259207],[-83.740888,42.259216],[-83.74089,42.259224],[-83.740894,42.259231],[-83.740898,42.259237],[-83.740901,42.25924],[-83.740905,42.259243],[-83.740909,42.259246],[-83.740913,42.259248],[-83.740917,42.25925],[-83.740922,42.259251],[-83.740927,42.259252],[-83.740932,42.259252],[-83.740938,42.259251],[-83.740943,42.25925],[-83.740947,42.259249],[-83.74095,42.259248],[-83.740952,42.259246],[-83.740954,42.259245],[-83.740956,42.259243],[-83.74096,42.259241],[-83.740964,42.25924],[-83.740967,42.25924],[-83.74097,42.25924],[-83.740974,42.259241],[-83.740978,42.259243],[-83.740981,42.259245],[-83.740984,42.259247],[-83.740986,42.259249],[-83.74099,42.259251],[-83.740993,42.259253],[-83.740998,42.259255],[-83.741003,42.259256],[-83.741008,42.259257],[-83.741014,42.259257],[-83.741019,42.259257],[-83.741025,42.259257],[-83.741031,42.259256],[-83.741036,42.259255],[-83.741041,42.259253],[-83.741046,42.259252],[-83.74105,42.259249],[-83.741054,42.259246],[-83.741057,42.259243],[-83.741059,42.259239],[-83.741061,42.259235],[-83.741061,42.259232],[-83.741062,42.259228],[-83.741061,42.259224],[-83.741062,42.25922],[-83.74106,42.259216],[-83.741059,42.259211],[-83.741058,42.259208],[-83.741057,42.259205],[-83.741057,42.259202],[-83.741056,42.259199],[-83.741056,42.259196],[-83.741056,42.259193],[-83.741056,42.259189],[-83.741057,42.259186],[-83.741059,42.259184],[-83.741061,42.259181],[-83.741064,42.259179],[-83.741067,42.259177],[-83.741071,42.259176],[-83.741074,42.259176],[-83.741078,42.259175],[-83.741082,42.259175],[-83.741086,42.259176],[-83.74109,42.259176],[-83.741094,42.259177],[-83.741098,42.259177],[-83.741101,42.259178],[-83.741105,42.259179],[-83.741108,42.259179],[-83.741114,42.259179],[-83.74112,42.259179],[-83.741125,42.259179],[-83.74113,42.259178],[-83.741135,42.259177],[-83.74114,42.259176],[-83.741144,42.259174],[-83.741149,42.259172],[-83.741153,42.25917],[-83.741157,42.259167],[-83.741161,42.259165],[-83.741168,42.259158],[-83.741173,42.259152],[-83.741178,42.259145],[-83.741181,42.259138],[-83.741183,42.25913],[-83.741184,42.259123],[-83.741183,42.259116],[-83.741181,42.259108],[-83.741178,42.259101],[-83.741174,42.259094],[-83.741168,42.259087],[-83.741165,42.259084],[-83.741161,42.259081],[-83.741157,42.259078],[-83.741154,42.259076],[-83.741149,42.259074],[-83.741145,42.259072],[-83.741141,42.259071],[-83.741136,42.25907],[-83.741131,42.259069],[-83.741126,42.259068],[-83.741121,42.259067],[-83.741115,42.259067],[-83.741109,42.259067],[-83.741104,42.259068],[-83.7411,42.259069],[-83.741096,42.259071],[-83.741092,42.259073],[-83.741089,42.259075],[-83.741086,42.259078],[-83.741083,42.259081],[-83.74108,42.259084],[-83.741077,42.259088],[-83.741075,42.259091],[-83.741073,42.259095],[-83.741071,42.259098],[-83.741068,42.259102],[-83.741066,42.259105],[-83.741063,42.259108],[-83.74106,42.25911],[-83.741057,42.259112],[-83.741053,42.259112],[-83.741048,42.259111],[-83.741042,42.259109],[-83.741037,42.259107],[-83.741034,42.259104],[-83.741032,42.2591],[-83.74103,42.259097],[-83.741028,42.259093],[-83.741028,42.259089],[-83.741027,42.259085],[-83.741026,42.25908],[-83.741026,42.259076],[-83.741025,42.259072],[-83.741023,42.259068]]]},"properties":{"ObjectName":null}},{"type":"Feature","geometry":{"type":"Polygon","coordinates":[[[-83.65382,42.279322],[-83.653811,42.279326],[-83.653804,42.279334],[-83.653792,42.279375],[-83.653774,42.279416],[-83.653768,42.279441],[-83.653777,42.279487],[-83.653779,42.279513],[-83.653776,42.279529],[-83.653767,42.279545],[-83.653744,42.27957],[-83.653712,42.279599],[-83.653689,42.27963],[-83.653671,42.279667],[-83.653659,42.279706],[-83.653638,42.279791],[-83.653623,42.279848],[-83.653613,42.2799],[-83.653606,42.279949],[-83.653602,42.279995],[-83.653604,42.280045],[-83.653615,42.280159],[-83.653621,42.280286],[-83.653631,42.280385],[-83.653645,42.280483],[-83.65366,42.28058],[-83.653676,42.280638],[-83.653687,42.280666],[-83.653703,42.280697],[-83.653776,42.280824],[-83.653825,42.280904],[-83.653834,42.280927],[-83.653838,42.280947],[-83.653839,42.28098],[-83.653833,42.281009],[-83.653826,42.281023],[-83.653806,42.281052],[-83.6538,42.281064],[-83.653795,42.281087],[-83.653794,42.28111],[-83.653798,42.28114],[-83.653812,42.281176],[-83.653827,42.281206],[-83.653846,42.281231],[-83.653867,42.281251],[-83.653925,42.281293],[-83.653964,42.281328],[-83.654005,42.281369],[-83.654097,42.281475],[-83.654138,42.281516],[-83.65417,42.281543],[-83.654191,42.281557],[-83.654216,42.281572],[-83.654326,42.281628],[-83.654445,42.281697],[-83.654514,42.281732],[-83.654572,42.281756],[-83.6546,42.281767],[-83.654617,42.281772],[-83.654638,42.281775],[-83.654672,42.281775],[-83.654699,42.281776],[-83.654716,42.281771],[-83.654738,42.281762],[-83.654758,42.28175],[-83.654777,42.281736],[-83.654792,42.28172],[-83.6548,42.281706],[-83.654802,42.281695],[-83.654799,42.281683],[-83.654793,42.281668],[-83.654782,42.28165],[-83.654766,42.281632],[-83.654729,42.281601],[-83.65464,42.281529],[-83.654497,42.281423],[-83.654419,42.281372],[-83.654401,42.281358],[-83.654388,42.281344],[-83.654377,42.281327],[-83.654368,42.281308],[-83.654354,42.281259],[-83.654352,42.281243],[-83.654353,42.281204],[-83.65435,42.281187],[-83.65434,42.281166],[-83.654325,42.281145],[-83.654303,42.281122],[-83.654267,42.281089],[-83.654233,42.281061],[-83.654171,42.281017],[-83.654087,42.280966],[-83.654069,42.280953],[-83.654056,42.280939],[-83.654045,42.280925],[-83.654036,42.280907],[-83.654015,42.280852],[-83.654001,42.280808],[-83.65399,42.28076],[-83.653982,42.280708],[-83.653977,42.280647],[-83.653976,42.280599],[-83.653979,42.280523],[-83.653986,42.280389],[-83.653993,42.280317],[-83.654014,42.280148],[-83.654021,42.280063],[-83.654025,42.279976],[-83.654022,42.279926],[-83.654016,42.279892],[-83.654006,42.279857],[-83.653993,42.27982],[-83.653976,42.27978],[-83.653926,42.27969],[-83.653893,42.279612],[-83.653864,42.279571],[-83.653855,42.279554],[-83.65385,42.279532],[-83.653849,42.279515],[-83.653852,42.279504],[-83.653859,42.279493],[-83.653885,42.27946],[-83.653902,42.279442],[-83.653929,42.279418],[-83.653947,42.279404],[-83.654003,42.279368],[-83.654013,42.279358],[-83.654017,42.279351],[-83.654015,42.279348],[-83.654008,42.279355],[-83.654005,42.279358],[-83.653985,42.279374],[-83.653962,42.279386],[-83.653943,42.279392],[-83.653925,42.279397],[-83.653909,42.279399],[-83.653895,42.279398],[-83.653871,42.279393],[-83.653852,42.279383],[-83.653841,42.279371],[-83.653829,42.279348],[-83.653821,42.279326],[-83.65382,42.279322]]]},"properties":{"ObjectName":null}},{"type":"Feature","geometry":{"type":"Polygon","coordinates":[[[-83.654353,42.287722],[-83.654337,42.287727],[-83.654323,42.287736],[-83.654315,42.287746],[-83.654312,42.287757],[-83.654314,42.287765],[-83.654326,42.287774],[-83.654351,42.28778],[-83.654358,42.287785],[-83.654368,42.287802],[-83.654374,42.287808],[-83.654389,42.287814],[-83.6544,42.287815],[-83.654413,42.287814],[-83.654426,42.287811],[-83.654436,42.287806],[-83.654443,42.287799],[-83.654449,42.287786],[-83.654452,42.287769],[-83.654449,42.287755],[-83.654437,42.287742],[-83.654415,42.28773],[-83.654391,42.287722],[-83.65437,42.287719],[-83.654353,42.287722]]]},"properties":{"ObjectName":null}},{"type":"Feature","geometry":{"type":"Polygon","coordinates":[[[-83.662469,42.285648],[-83.662471,42.285657],[-83.662476,42.285666],[-83.662494,42.28568],[-83.662532,42.285703],[-83.662573,42.285722],[-83.662616,42.285737],[-83.662658,42.285746],[-83.66269,42.28575],[-83.662721,42.285744],[-83.662735,42.285739],[-83.662747,42.285732],[-83.662758,42.285722],[-83.662769,42.285711],[-83.662783,42.285688],[-83.662807,42.285634],[-83.662819,42.285613],[-83.662866,42.28554],[-83.662889,42.285491],[-83.662896,42.285478],[-83.662896,42.285471],[-83.662892,42.285463],[-83.662883,42.285457],[-83.662867,42.285453],[-83.662828,42.285451],[-83.662764,42.285438],[-83.662706,42.285422],[-83.662662,42.285404],[-83.662641,42.285399],[-83.662625,42.285398],[-83.662609,42.285402],[-83.662596,42.285411],[-83.662584,42.285423],[-83.662575,42.285437],[-83.662554,42.285502],[-83.662526,42.285569],[-83.662514,42.285587],[-83.662501,42.285601],[-83.662483,42.285616],[-83.662474,42.285627],[-83.66247,42.285638],[-83.662469,42.285648]]]},"properties":{"ObjectName":null}},{"type":"Feature","geometry":{"type":"Polygon","coordinates":[[[-83.745606,42.25855],[-83.745603,42.258551],[-83.745599,42.258551],[-83.745596,42.258551],[-83.745592,42.258551],[-83.745589,42.258552],[-83.745585,42.258552],[-83.745582,42.258553],[-83.745579,42.258554],[-83.745576,42.258555],[-83.745573,42.258556],[-83.74557,42.258557],[-83.745567,42.258558],[-83.745565,42.258559],[-83.745562,42.258561],[-83.74556,42.258562],[-83.745558,42.258564],[-83.745556,42.258565],[-83.745554,42.258567],[-83.745552,42.258569],[-83.745551,42.258571],[-83.745549,42.258573],[-83.745548,42.258575],[-83.745548,42.258577],[-83.745547,42.25858],[-83.745547,42.258582],[-83.745547,42.258585],[-83.745547,42.258587],[-83.745547,42.25859],[-83.745548,42.258593],[-83.745549,42.258595],[-83.74555,42.258597],[-83.745552,42.2586],[-83.745553,42.258602],[-83.745556,42.258605],[-83.745558,42.258607],[-83.745561,42.258609],[-83.745564,42.258611],[-83.745567,42.258613],[-83.74557,42.258614],[-83.745574,42.258616],[-83.745577,42.258617],[-83.745581,42.258618],[-83.745585,42.258619],[-83.745589,42.25862],[-83.745593,42.258621],[-83.745597,42.258621],[-83.745602,42.258622],[-83.745606,42.258622],[-83.74561,42.258622],[-83.745615,42.258622],[-83.745619,42.258622],[-83.745623,42.258622],[-83.745627,42.258621],[-83.745632,42.258621],[-83.745636,42.25862],[-83.74564,42.258619],[-83.745644,42.258618],[-83.745648,42.258617],[-83.745651,42.258616],[-83.745655,42.258615],[-83.745658,42.258613],[-83.745661,42.258612],[-83.745664,42.25861],[-83.745667,42.258609],[-83.745669,42.258607],[-83.745671,42.258605],[-83.745673,42.258603],[-83.745675,42.2586],[-83.745676,42.258598],[-83.745677,42.258596],[-83.745678,42.258593],[-83.745678,42.258591],[-83.745678,42.258588],[-83.745678,42.258585],[-83.745677,42.258582],[-83.745675,42.258579],[-83.745674,42.258576],[-83.745671,42.258573],[-83.74567,42.258571],[-83.745668,42.258569],[-83.745666,42.258567],[-83.745664,42.258565],[-83.745661,42.258564],[-83.745659,42.258562],[-83.745657,42.258561],[-83.745654,42.258559],[-83.745651,42.258558],[-83.745648,42.258557],[-83.745645,42.258556],[-83.745642,42.258555],[-83.745639,42.258554],[-83.745636,42.258553],[-83.745632,42.258553],[-83.745629,42.258552],[-83.745626,42.258552],[-83.745622,42.258551],[-83.745619,42.258551],[-83.745616,42.258551],[-83.745613,42.25855],[-83.74561,42.25855],[-83.745606,42.25855]]]},"properties":{"ObjectName":null}},{"type":"Feature","geometry":{"type":"Polygon","coordinates":[[[-83.746416,42.257994],[-83.746415,42.257998],[-83.746414,42.258001],[-83.746414,42.258005],[-83.746414,42.258008],[-83.746415,42.258012],[-83.746415,42.258016],[-83.746415,42.25802],[-83.746415,42.258023],[-83.746415,42.258027],[-83.746411,42.258028],[-83.746407,42.258028],[-83.746403,42.258028],[-83.746399,42.258027],[-83.746396,42.258026],[-83.746394,42.258024],[-83.746391,42.258023],[-83.746388,42.258021],[-83.746386,42.25802],[-83.746383,42.258018],[-83.74638,42.258016],[-83.746377,42.258015],[-83.746374,42.258014],[-83.74637,42.258012],[-83.746366,42.258012],[-83.746363,42.258011],[-83.746358,42.25801],[-83.746354,42.25801],[-83.74635,42.25801],[-83.746346,42.25801],[-83.746341,42.25801],[-83.746337,42.258011],[-83.746333,42.258012],[-83.746329,42.258012],[-83.746325,42.258014],[-83.746321,42.258015],[-83.746317,42.258016],[-83.746314,42.258018],[-83.746311,42.25802],[-83.746307,42.258022],[-83.746304,42.258025],[-83.746301,42.258028],[-83.746299,42.258032],[-83.746297,42.258035],[-83.746296,42.258039],[-83.746295,42.258043],[-83.746295,42.258047],[-83.746295,42.258051],[-83.746295,42.258055],[-83.746296,42.258059],[-83.746297,42.258062],[-83.746299,42.258066],[-83.746301,42.258069],[-83.746305,42.258072],[-83.746309,42.258075],[-83.746314,42.258077],[-83.746319,42.258078],[-83.746325,42.25808],[-83.746331,42.258081],[-83.746337,42.258082],[-83.746343,42.258083],[-83.746349,42.258084],[-83.746354,42.258085],[-83.746358,42.258087],[-83.746362,42.258089],[-83.746364,42.258092],[-83.746366,42.258095],[-83.746366,42.258097],[-83.746366,42.258099],[-83.746365,42.258101],[-83.746364,42.258103],[-83.746363,42.258105],[-83.746361,42.258106],[-83.746359,42.258108],[-83.746358,42.25811],[-83.746356,42.258111],[-83.746354,42.258113],[-83.746353,42.258115],[-83.746352,42.258118],[-83.746352,42.25812],[-83.746353,42.258124],[-83.746356,42.258127],[-83.746359,42.25813],[-83.746364,42.258132],[-83.746369,42.258134],[-83.746374,42.258135],[-83.74638,42.258136],[-83.746386,42.258137],[-83.746392,42.258137],[-83.746398,42.258137],[-83.746404,42.258137],[-83.746409,42.258136],[-83.746414,42.258136],[-83.746418,42.258135],[-83.746421,42.258133],[-83.746424,42.258132],[-83.746427,42.258131],[-83.746429,42.258131],[-83.746433,42.25813],[-83.746437,42.258129],[-83.746442,42.258128],[-83.746445,42.258127],[-83.746448,42.258127],[-83.746451,42.258126],[-83.746454,42.258126],[-83.746457,42.258125],[-83.74646,42.258125],[-83.746464,42.258124],[-83.746468,42.258123],[-83.746472,42.258121],[-83.746476,42.258119],[-83.74648,42.258117],[-83.746482,42.258114],[-83.746484,42.258113],[-83.746486,42.258111],[-83.746487,42.25811],[-83.746489,42.258108],[-83.74649,42.258106],[-83.746492,42.258105],[-83.746493,42.258103],[-83.746494,42.258101],[-83.746496,42.258099],[-83.746497,42.258097],[-83.746497,42.258095],[-83.746498,42.258093],[-83.746498,42.258091],[-83.746498,42.258089],[-83.746498,42.258087],[-83.746497,42.258084],[-83.746496,42.258083],[-83.746494,42.25808],[-83.746491,42.258078],[-83.746487,42.258076],[-83.746482,42.258074],[-83.746478,42.258073],[-83.746474,42.258071],[-83.746471,42.258068],[-83.746468,42.258067],[-83.746467,42.258064],[-83.746467,42.258059],[-83.746468,42.258055],[-83.74647,42.258051],[-83.746473,42.258047],[-83.746475,42.258043],[-83.746478,42.258039],[-83.746481,42.258035],[-83.746483,42.258032],[-83.746486,42.258028],[-83.746487,42.258024],[-83.746488,42.258019],[-83.746489,42.258014],[-83.746488,42.258009],[-83.746486,42.258005],[-83.746484,42.258002],[-83.746482,42.257999],[-83.746479,42.257996],[-83.746477,42.257994],[-83.746473,42.257991],[-83.74647,42.257989],[-83.746466,42.257988],[-83.746462,42.257986],[-83.746458,42.257985],[-83.746454,42.257984],[-83.746449,42.257984],[-83.746445,42.257984],[-83.74644,42.257984],[-83.746436,42.257984],[-83.746429,42.257986],[-83.746424,42.257987],[-83.746421,42.25799],[-83.746418,42.257992],[-83.746416,42.257994]]]},"properties":{"ObjectName":null}},{"type":"Feature","geometry":{"type":"Polygon","coordinates":[[[-83.7435,42.254239],[-83.743497,42.25424],[-83.743495,42.254242],[-83.743493,42.254245],[-83.743491,42.254248],[-83.74349,42.254251],[-83.743489,42.254254],[-83.743489,42.254257],[-83.74349,42.25426],[-83.743491,42.254262],[-83.743493,42.254264],[-83.743495,42.254266],[-83.743497,42.254268],[-83.7435,42.25427],[-83.743503,42.254271],[-83.743506,42.254273],[-83.743509,42.254274],[-83.743513,42.254276],[-83.743516,42.254277],[-83.743519,42.254279],[-83.743522,42.25428],[-83.743525,42.254282],[-83.743527,42.254284],[-83.74353,42.254285],[-83.743533,42.254287],[-83.743535,42.254289],[-83.743538,42.25429],[-83.74354,42.254292],[-83.743543,42.254293],[-83.743545,42.254295],[-83.743548,42.254296],[-83.74355,42.254298],[-83.743553,42.254299],[-83.743556,42.254301],[-83.743559,42.254302],[-83.743561,42.254304],[-83.743564,42.254305],[-83.743566,42.254307],[-83.743569,42.254308],[-83.743572,42.25431],[-83.743574,42.254312],[-83.743577,42.254314],[-83.74358,42.254315],[-83.743583,42.254316],[-83.743588,42.254317],[-83.743592,42.254317],[-83.743597,42.254317],[-83.743601,42.254316],[-83.743606,42.254316],[-83.74361,42.254317],[-83.743614,42.254318],[-83.743617,42.25432],[-83.743619,42.254322],[-83.743621,42.254324],[-83.743622,42.254327],[-83.743623,42.254329],[-83.743624,42.254332],[-83.743625,42.254335],[-83.743625,42.254338],[-83.743625,42.254341],[-83.743626,42.254344],[-83.743626,42.254347],[-83.743626,42.254351],[-83.743627,42.254353],[-83.743628,42.254356],[-83.74363,42.254359],[-83.743632,42.254361],[-83.743634,42.254363],[-83.743637,42.254366],[-83.74364,42.254368],[-83.743643,42.254369],[-83.743646,42.254371],[-83.74365,42.254372],[-83.743653,42.254374],[-83.743657,42.254375],[-83.743661,42.254376],[-83.743664,42.254376],[-83.743668,42.254377],[-83.743672,42.254377],[-83.743676,42.254377],[-83.74368,42.254377],[-83.743685,42.254377],[-83.743689,42.254375],[-83.743691,42.254373],[-83.743694,42.254371],[-83.743696,42.25437],[-83.743699,42.254368],[-83.743702,42.254367],[-83.743704,42.254365],[-83.743707,42.254364],[-83.743709,42.254362],[-83.743711,42.254361],[-83.743715,42.254359],[-83.743721,42.254356],[-83.743727,42.254354],[-83.74373,42.254352],[-83.743733,42.254351],[-83.743738,42.254348],[-83.743744,42.254346],[-83.74375,42.254343],[-83.743755,42.25434],[-83.743759,42.254336],[-83.743763,42.254333],[-83.743766,42.254329],[-83.743768,42.254324],[-83.74377,42.254319],[-83.74377,42.254314],[-83.74377,42.254309],[-83.743768,42.254302],[-83.743766,42.254299],[-83.743764,42.254296],[-83.743762,42.254294],[-83.74376,42.254292],[-83.743758,42.254291],[-83.743755,42.254289],[-83.743752,42.254288],[-83.743749,42.254287],[-83.743746,42.254286],[-83.743743,42.254286],[-83.743739,42.254285],[-83.743736,42.254284],[-83.743733,42.254283],[-83.743729,42.254282],[-83.743726,42.254281],[-83.74372,42.254279],[-83.743714,42.254275],[-83.743709,42.254272],[-83.743704,42.254268],[-83.7437,42.254264],[-83.743695,42.25426],[-83.743691,42.254256],[-83.743686,42.254252],[-83.743681,42.254249],[-83.743676,42.254246],[-83.743671,42.254244],[-83.743664,42.254243],[-83.743657,42.254243],[-83.743649,42.254244],[-83.743641,42.254246],[-83.743633,42.254248],[-83.743629,42.254249],[-83.743626,42.254251],[-83.743623,42.254253],[-83.74362,42.254254],[-83.743618,42.254255],[-83.743615,42.254257],[-83.74361,42.254259],[-83.743607,42.254259],[-83.743604,42.254259],[-83.743601,42.254259],[-83.743597,42.254258],[-83.743593,42.254256],[-83.743588,42.254255],[-83.743584,42.254253],[-83.743581,42.254251],[-83.743577,42.25425],[-83.743574,42.254248],[-83.743572,42.254247],[-83.743569,42.254246],[-83.743567,42.254245],[-83.743564,42.254243],[-83.743562,42.254242],[-83.743559,42.254241],[-83.743556,42.25424],[-83.743553,42.254239],[-83.743549,42.254238],[-83.743545,42.254238],[-83.743541,42.254237],[-83.743537,42.254236],[-83.743533,42.254236],[-83.743529,42.254236],[-83.743525,42.254235],[-83.743521,42.254235],[-83.743517,42.254235],[-83.743513,42.254235],[-83.74351,42.254236],[-83.743506,42.254236],[-83.743503,42.254237],[-83.7435,42.254239]]]},"properties":{"ObjectName":null}},{"type":"Feature","geometry":{"type":"Polygon","coordinates":[[[-83.664085,42.28684],[-83.664095,42.286839],[-83.664119,42.286834],[-83.664141,42.286833],[-83.664155,42.286835],[-83.664168,42.286841],[-83.664185,42.286856],[-83.664215,42.286891],[-83.664256,42.286932],[-83.664231,42.286898],[-83.664221,42.286881],[-83.664218,42.286865],[-83.664218,42.286854],[-83.664222,42.286839],[-83.664229,42.28683],[-83.664235,42.286826],[-83.664255,42.286819],[-83.664274,42.286807],[-83.664278,42.286799],[-83.664281,42.286786],[-83.664278,42.286749],[-83.664281,42.28672],[-83.664286,42.286702],[-83.664292,42.286691],[-83.664309,42.286676],[-83.664319,42.286671],[-83.66434,42.286664],[-83.664381,42.286651],[-83.664419,42.286642],[-83.664453,42.286639],[-83.664467,42.286635],[-83.66449,42.286618],[-83.664506,42.286604],[-83.66452,42.286587],[-83.664532,42.286569],[-83.664543,42.286548],[-83.664557,42.286508],[-83.664581,42.286416],[-83.664595,42.286379],[-83.664688,42.286177],[-83.664758,42.28604],[-83.66479,42.285987],[-83.664866,42.285865],[-83.664899,42.285808],[-83.664957,42.285691],[-83.664996,42.285596],[-83.665009,42.285551],[-83.665033,42.285448],[-83.665048,42.285401],[-83.665065,42.285362],[-83.665088,42.28532],[-83.665158,42.285203],[-83.665209,42.285133],[-83.665226,42.2851],[-83.665233,42.285075],[-83.665238,42.285048],[-83.665239,42.285017],[-83.665234,42.284959],[-83.665232,42.284899],[-83.665227,42.284866],[-83.665211,42.284813],[-83.665204,42.284784],[-83.665197,42.284771],[-83.665182,42.28476],[-83.665167,42.284752],[-83.665147,42.284749],[-83.665127,42.28475],[-83.665111,42.284754],[-83.665092,42.284764],[-83.665076,42.284776],[-83.665057,42.284797],[-83.665039,42.284822],[-83.665019,42.284858],[-83.665007,42.284885],[-83.664994,42.28492],[-83.664983,42.284954],[-83.664961,42.284988],[-83.664937,42.285014],[-83.664887,42.285056],[-83.664788,42.285133],[-83.664719,42.285188],[-83.664682,42.285222],[-83.664661,42.285246],[-83.66464,42.285275],[-83.664581,42.285369],[-83.664528,42.285451],[-83.664501,42.285503],[-83.664488,42.285538],[-83.664477,42.285575],[-83.664467,42.285616],[-83.66446,42.285662],[-83.664456,42.285701],[-83.664456,42.285783],[-83.664455,42.285819],[-83.664447,42.285877],[-83.664436,42.285936],[-83.664423,42.285997],[-83.664405,42.286059],[-83.664392,42.286098],[-83.664375,42.286141],[-83.664308,42.286287],[-83.664284,42.286345],[-83.664233,42.286481],[-83.664203,42.286576],[-83.664181,42.286654],[-83.664173,42.286701],[-83.664173,42.286754],[-83.664168,42.286775],[-83.664163,42.286788],[-83.664151,42.286801],[-83.664134,42.286816],[-83.66412,42.286824],[-83.664088,42.286838],[-83.664085,42.28684]]]},"properties":{"ObjectName":null}},{"type":"Feature","geometry":{"type":"Polygon","coordinates":[[[-83.742478,42.262369],[-83.742475,42.26237],[-83.742466,42.262374],[-83.742463,42.262375],[-83.74246,42.262377],[-83.742411,42.262404],[-83.74239,42.262415],[-83.74237,42.262428],[-83.742344,42.262443],[-83.742316,42.262463],[-83.742291,42.26248],[-83.742281,42.262494],[-83.742276,42.26251],[-83.742277,42.262525],[-83.742281,42.262541],[-83.742289,42.262557],[-83.742307,42.262563],[-83.742325,42.262561],[-83.742346,42.262553],[-83.742368,42.262539],[-83.742375,42.262531],[-83.742391,42.262518],[-83.742403,42.262507],[-83.742418,42.262496],[-83.742441,42.262483],[-83.742468,42.262468],[-83.742492,42.26246],[-83.742513,42.26245],[-83.742526,42.262439],[-83.742535,42.262423],[-83.742535,42.262409],[-83.74253,42.262397],[-83.742517,42.262378],[-83.742503,42.262369],[-83.7425,42.262368],[-83.742478,42.262369]]]},"properties":{"ObjectName":null}},{"type":"Feature","geometry":{"type":"Polygon","coordinates":[[[-83.743999,42.254502],[-83.743994,42.254503],[-83.74399,42.254504],[-83.743986,42.254506],[-83.743983,42.254507],[-83.74398,42.254508],[-83.743977,42.25451],[-83.743974,42.254512],[-83.743972,42.254515],[-83.743969,42.254517],[-83.743967,42.25452],[-83.743966,42.254523],[-83.743964,42.254526],[-83.743963,42.25453],[-83.743963,42.254533],[-83.743962,42.254537],[-83.743962,42.25454],[-83.743962,42.254542],[-83.743962,42.254544],[-83.743962,42.254546],[-83.743963,42.254548],[-83.743963,42.25455],[-83.743963,42.254552],[-83.743964,42.254554],[-83.743964,42.254556],[-83.743965,42.254559],[-83.743965,42.254561],[-83.743966,42.254563],[-83.743966,42.254565],[-83.743967,42.254567],[-83.743968,42.25457],[-83.743969,42.254572],[-83.74397,42.254574],[-83.743971,42.254576],[-83.743972,42.254579],[-83.743973,42.254581],[-83.743974,42.254583],[-83.743975,42.254585],[-83.743976,42.254587],[-83.743977,42.25459],[-83.743978,42.254592],[-83.74398,42.254594],[-83.743981,42.254596],[-83.743982,42.254598],[-83.743984,42.254601],[-83.743985,42.254603],[-83.743987,42.254605],[-83.743988,42.254607],[-83.74399,42.254609],[-83.743991,42.254611],[-83.743993,42.254613],[-83.743994,42.254615],[-83.743996,42.254617],[-83.743998,42.254619],[-83.743999,42.254621],[-83.744001,42.254623],[-83.744003,42.254625],[-83.744005,42.254627],[-83.744006,42.254629],[-83.744008,42.25463],[-83.74401,42.254632],[-83.744012,42.254634],[-83.744013,42.254635],[-83.744015,42.254637],[-83.744017,42.254638],[-83.744019,42.25464],[-83.744021,42.254641],[-83.744023,42.254643],[-83.744025,42.254645],[-83.744029,42.254647],[-83.744033,42.254649],[-83.744037,42.254651],[-83.74404,42.254653],[-83.744044,42.254654],[-83.744048,42.254655],[-83.744051,42.254656],[-83.744055,42.254656],[-83.744058,42.254656],[-83.744062,42.254656],[-83.744065,42.254656],[-83.744068,42.254654],[-83.744071,42.254653],[-83.744074,42.254651],[-83.744077,42.254649],[-83.744079,42.254647],[-83.744081,42.254644],[-83.744083,42.254641],[-83.744084,42.254638],[-83.744086,42.254635],[-83.744087,42.254632],[-83.744087,42.254628],[-83.744088,42.254625],[-83.744088,42.254623],[-83.744088,42.254621],[-83.744088,42.254619],[-83.744088,42.254617],[-83.744088,42.254615],[-83.744088,42.254612],[-83.744088,42.25461],[-83.744088,42.254608],[-83.744088,42.254606],[-83.744087,42.254604],[-83.744087,42.254601],[-83.744087,42.254599],[-83.744086,42.254597],[-83.744086,42.254594],[-83.744085,42.254592],[-83.744085,42.25459],[-83.744084,42.254587],[-83.744083,42.254585],[-83.744083,42.254582],[-83.744082,42.25458],[-83.744081,42.254578],[-83.74408,42.254575],[-83.744079,42.254573],[-83.744078,42.254571],[-83.744077,42.254568],[-83.744076,42.254566],[-83.744075,42.254563],[-83.744074,42.254561],[-83.744073,42.254559],[-83.744072,42.254557],[-83.744071,42.254554],[-83.744069,42.254552],[-83.744068,42.25455],[-83.744067,42.254548],[-83.744065,42.254545],[-83.744064,42.254543],[-83.744063,42.254541],[-83.744061,42.254539],[-83.74406,42.254537],[-83.744058,42.254535],[-83.744057,42.254533],[-83.744055,42.254531],[-83.744053,42.254529],[-83.744052,42.254527],[-83.74405,42.254525],[-83.744048,42.254524],[-83.744047,42.254522],[-83.744045,42.25452],[-83.744043,42.254519],[-83.744041,42.254517],[-83.74404,42.254516],[-83.744038,42.254514],[-83.744035,42.254512],[-83.744031,42.25451],[-83.744027,42.254508],[-83.744023,42.254506],[-83.744019,42.254504],[-83.744015,42.254503],[-83.744011,42.254502],[-83.744007,42.254502],[-83.744003,42.254502],[-83.743999,42.254502]]]},"properties":{"ObjectName":null}},{"type":"Feature","geometry":{"type":"Polygon","coordinates":[[[-83.740988,42.259947],[-83.740957,42.259953],[-83.740931,42.259965],[-83.740919,42.259969],[-83.740913,42.259977],[-83.740902,42.259981],[-83.74089,42.259989],[-83.740881,42.260028],[-83.740909,42.260071],[-83.740927,42.260094],[-83.740935,42.26012],[-83.74094,42.260132],[-83.740944,42.260145],[-83.740944,42.260158],[-83.740944,42.26017],[-83.740944,42.260182],[-83.740944,42.260194],[-83.740933,42.260216],[-83.740921,42.260236],[-83.740904,42.260254],[-83.740889,42.260272],[-83.740879,42.260285],[-83.740878,42.260302],[-83.740874,42.260325],[-83.740877,42.260344],[-83.740886,42.260362],[-83.740893,42.260385],[-83.740903,42.260407],[-83.740915,42.260428],[-83.740927,42.260452],[-83.740939,42.260475],[-83.740953,42.2605],[-83.74097,42.260524],[-83.740976,42.260537],[-83.740981,42.26055],[-83.740988,42.260561],[-83.740995,42.260574],[-83.741,42.260585],[-83.741005,42.260594],[-83.741012,42.260603],[-83.741019,42.260612],[-83.741031,42.260633],[-83.741048,42.260652],[-83.741062,42.260672],[-83.741074,42.260694],[-83.741086,42.260715],[-83.741098,42.260737],[-83.741116,42.260755],[-83.741131,42.260773],[-83.741136,42.260785],[-83.741142,42.260794],[-83.74115,42.260811],[-83.741162,42.260833],[-83.741177,42.260854],[-83.741194,42.260876],[-83.741207,42.260894],[-83.741219,42.260913],[-83.74123,42.260931],[-83.741238,42.260949],[-83.741254,42.260977],[-83.741269,42.26101],[-83.741278,42.261035],[-83.74129,42.261057],[-83.741302,42.261087],[-83.741318,42.261121],[-83.741328,42.261141],[-83.741334,42.261152],[-83.741336,42.261165],[-83.741346,42.261179],[-83.741359,42.261208],[-83.741377,42.261244],[-83.741384,42.261266],[-83.741394,42.261282],[-83.7414,42.261299],[-83.74141,42.261313],[-83.741416,42.261329],[-83.741425,42.261343],[-83.741437,42.261369],[-83.741453,42.261399],[-83.741468,42.261421],[-83.741474,42.261436],[-83.741484,42.26145],[-83.74149,42.261464],[-83.741506,42.261487],[-83.741525,42.261519],[-83.741549,42.261551],[-83.741586,42.261585],[-83.741614,42.261604],[-83.741626,42.261613],[-83.74165,42.261626],[-83.741687,42.261635],[-83.741728,42.261636],[-83.741768,42.261629],[-83.741805,42.261619],[-83.741838,42.261604],[-83.741872,42.261571],[-83.741886,42.261511],[-83.741873,42.261467],[-83.741861,42.26144],[-83.741848,42.261413],[-83.741829,42.261388],[-83.741827,42.261385],[-83.741808,42.261359],[-83.741787,42.261338],[-83.741762,42.261313],[-83.741732,42.261287],[-83.741703,42.261257],[-83.741678,42.261221],[-83.741655,42.261184],[-83.741627,42.261144],[-83.741607,42.261099],[-83.741589,42.261051],[-83.741572,42.261006],[-83.741554,42.26096],[-83.741535,42.260913],[-83.741509,42.260868],[-83.741487,42.260824],[-83.741468,42.260781],[-83.741444,42.26074],[-83.74142,42.260694],[-83.741392,42.26064],[-83.741356,42.260571],[-83.741327,42.26051],[-83.741304,42.260464],[-83.741292,42.260432],[-83.741289,42.260425],[-83.741287,42.260419],[-83.741284,42.260412],[-83.741282,42.260405],[-83.741279,42.260398],[-83.741275,42.260391],[-83.741272,42.260384],[-83.741269,42.260377],[-83.741265,42.26037],[-83.741262,42.260363],[-83.741258,42.260355],[-83.741254,42.260348],[-83.74125,42.260342],[-83.741247,42.260335],[-83.741244,42.260328],[-83.741241,42.260322],[-83.741238,42.260315],[-83.741235,42.260308],[-83.741233,42.260301],[-83.741231,42.260294],[-83.741229,42.260287],[-83.741227,42.26028],[-83.741225,42.260273],[-83.741223,42.260266],[-83.741222,42.260259],[-83.74122,42.260252],[-83.741219,42.260247],[-83.741218,42.260242],[-83.741217,42.260237],[-83.741216,42.260232],[-83.741215,42.260227],[-83.741214,42.260222],[-83.741213,42.260217],[-83.741213,42.260212],[-83.741212,42.260207],[-83.741211,42.260202],[-83.74121,42.260197],[-83.741209,42.260192],[-83.741208,42.260187],[-83.741207,42.260184],[-83.741206,42.260181],[-83.741206,42.260179],[-83.741206,42.260177],[-83.741205,42.260174],[-83.741205,42.260172],[-83.741204,42.260169],[-83.741204,42.260167],[-83.741204,42.260165],[-83.741203,42.260162],[-83.741203,42.26016],[-83.741203,42.260157],[-83.741202,42.260155],[-83.741202,42.260152],[-83.741201,42.260147],[-83.7412,42.260143],[-83.7412,42.260139],[-83.741199,42.260135],[-83.741198,42.26013],[-83.741197,42.260126],[-83.741197,42.260122],[-83.741196,42.260118],[-83.741195,42.260113],[-83.741194,42.260109],[-83.741193,42.260105],[-83.741174,42.260053],[-83.741166,42.260034],[-83.741137,42.259993],[-83.741102,42.259961],[-83.741077,42.259947],[-83.741046,42.259942],[-83.741014,42.25994],[-83.740988,42.259947]]]},"properties":{"ObjectName":null}},{"type":"Feature","geometry":{"type":"Polygon","coordinates":[[[-83.744501,42.25584],[-83.744498,42.255839],[-83.744494,42.255839],[-83.744491,42.255839],[-83.744488,42.255839],[-83.744486,42.25584],[-83.744483,42.25584],[-83.74448,42.255841],[-83.744477,42.255842],[-83.744473,42.255843],[-83.74447,42.255845],[-83.744468,42.255846],[-83.744466,42.255847],[-83.744463,42.255848],[-83.744461,42.255849],[-83.744459,42.25585],[-83.744457,42.255852],[-83.744455,42.255853],[-83.744454,42.255855],[-83.744452,42.255856],[-83.74445,42.255858],[-83.744449,42.25586],[-83.744447,42.255861],[-83.744446,42.255863],[-83.744444,42.255865],[-83.744443,42.255867],[-83.744442,42.255868],[-83.744441,42.25587],[-83.74444,42.255872],[-83.744439,42.255874],[-83.744438,42.255876],[-83.744437,42.255878],[-83.744436,42.255881],[-83.744436,42.255884],[-83.744435,42.255887],[-83.744435,42.25589],[-83.744436,42.255892],[-83.744436,42.255894],[-83.744437,42.255896],[-83.744438,42.255898],[-83.744439,42.2559],[-83.74444,42.255902],[-83.744441,42.255904],[-83.744443,42.255905],[-83.744444,42.255907],[-83.744446,42.255909],[-83.744447,42.255911],[-83.744449,42.255912],[-83.744451,42.255914],[-83.744452,42.255916],[-83.744454,42.255917],[-83.744456,42.255919],[-83.744457,42.25592],[-83.744459,42.255922],[-83.74446,42.255924],[-83.744462,42.255925],[-83.744464,42.255928],[-83.744466,42.255932],[-83.744467,42.255935],[-83.744468,42.255938],[-83.744468,42.25594],[-83.744467,42.255942],[-83.744466,42.255945],[-83.744465,42.255947],[-83.744464,42.255949],[-83.744462,42.255952],[-83.74446,42.255954],[-83.744458,42.255956],[-83.744456,42.255959],[-83.744455,42.255961],[-83.744454,42.255964],[-83.744453,42.255966],[-83.744453,42.255969],[-83.744453,42.255972],[-83.744455,42.255976],[-83.744457,42.255981],[-83.74446,42.255985],[-83.744463,42.255988],[-83.744467,42.255992],[-83.744472,42.255994],[-83.744477,42.255997],[-83.744482,42.255998],[-83.744487,42.256],[-83.744493,42.256001],[-83.744499,42.256001],[-83.744505,42.256002],[-83.744511,42.256002],[-83.744518,42.256001],[-83.744523,42.256],[-83.74453,42.255999],[-83.744536,42.255998],[-83.744542,42.255996],[-83.744548,42.255994],[-83.744554,42.255992],[-83.744559,42.255989],[-83.744564,42.255986],[-83.744569,42.255983],[-83.744573,42.25598],[-83.744576,42.255976],[-83.744579,42.255973],[-83.744582,42.255969],[-83.744584,42.255965],[-83.744585,42.25596],[-83.744585,42.255958],[-83.744586,42.255955],[-83.744585,42.255953],[-83.744585,42.25595],[-83.744584,42.255947],[-83.744582,42.255944],[-83.744579,42.255942],[-83.744575,42.255939],[-83.744571,42.255938],[-83.744566,42.255936],[-83.744562,42.255935],[-83.74456,42.255934],[-83.744557,42.255934],[-83.744555,42.255933],[-83.744552,42.255932],[-83.744549,42.255932],[-83.744547,42.255931],[-83.744544,42.25593],[-83.744542,42.255929],[-83.744539,42.255928],[-83.744537,42.255927],[-83.744535,42.255926],[-83.744532,42.255925],[-83.74453,42.255923],[-83.744528,42.255921],[-83.744526,42.255919],[-83.744525,42.255918],[-83.744523,42.255916],[-83.744522,42.255914],[-83.744521,42.255912],[-83.74452,42.25591],[-83.74452,42.255908],[-83.744519,42.255906],[-83.744519,42.255904],[-83.744519,42.255902],[-83.744519,42.2559],[-83.744519,42.255898],[-83.744519,42.255896],[-83.74452,42.255894],[-83.74452,42.255892],[-83.74452,42.25589],[-83.744521,42.255888],[-83.744521,42.255886],[-83.744522,42.255884],[-83.744522,42.255882],[-83.744523,42.25588],[-83.744523,42.255878],[-83.744523,42.255876],[-83.744524,42.255874],[-83.744524,42.255872],[-83.744524,42.25587],[-83.744524,42.255867],[-83.744524,42.255865],[-83.744524,42.255863],[-83.744524,42.25586],[-83.744523,42.255858],[-83.744522,42.255856],[-83.744522,42.255854],[-83.744521,42.255853],[-83.744519,42.25585],[-83.744516,42.255847],[-83.744513,42.255844],[-83.744509,42.255842],[-83.744505,42.255841],[-83.744501,42.25584]]]},"properties":{"ObjectName":null}},{"type":"Feature","geometry":{"type":"Polygon","coordinates":[[[-83.662077,42.283925],[-83.662061,42.28393],[-83.662048,42.283936],[-83.662037,42.283949],[-83.662031,42.283967],[-83.662033,42.283982],[-83.662041,42.283999],[-83.662052,42.284011],[-83.662068,42.284024],[-83.66209,42.284037],[-83.662113,42.284047],[-83.662136,42.284052],[-83.662158,42.284054],[-83.662177,42.284053],[-83.662193,42.28405],[-83.662212,42.284041],[-83.662226,42.28403],[-83.662231,42.284021],[-83.662235,42.284006],[-83.662238,42.28399],[-83.662237,42.283981],[-83.662231,42.283974],[-83.662216,42.283963],[-83.662197,42.283953],[-83.662172,42.283942],[-83.662148,42.283934],[-83.662126,42.283929],[-83.662096,42.283925],[-83.662077,42.283925]]]},"properties":{"ObjectName":null}},{"type":"Feature","geometry":{"type":"Polygon","coordinates":[[[-83.663448,42.287603],[-83.663436,42.287621],[-83.663433,42.287637],[-83.663418,42.287647],[-83.663403,42.287654],[-83.663389,42.287658],[-83.663383,42.287662],[-83.663378,42.287669],[-83.663377,42.287676],[-83.663378,42.287685],[-83.663382,42.287693],[-83.663388,42.287696],[-83.663398,42.287698],[-83.663411,42.2877],[-83.663426,42.287695],[-83.663436,42.287689],[-83.663449,42.287687],[-83.663469,42.287681],[-83.663483,42.28767],[-83.663487,42.287662],[-83.663488,42.287642],[-83.663491,42.287634],[-83.663499,42.287624],[-83.663512,42.287611],[-83.663524,42.287604],[-83.663541,42.287601],[-83.663561,42.287605],[-83.663584,42.287604],[-83.663595,42.287601],[-83.6636,42.287598],[-83.663601,42.287589],[-83.663599,42.287581],[-83.663595,42.287574],[-83.663588,42.287568],[-83.663578,42.287563],[-83.663567,42.287561],[-83.66355,42.287562],[-83.66353,42.287564],[-83.663505,42.287572],[-83.663473,42.287585],[-83.663458,42.287594],[-83.663448,42.287603]]]},"properties":{"ObjectName":null}},{"type":"Feature","geometry":{"type":"Polygon","coordinates":[[[-83.661505,42.286815],[-83.661491,42.286824],[-83.661425,42.28685],[-83.661411,42.286858],[-83.661401,42.286866],[-83.661391,42.286879],[-83.661395,42.286888],[-83.661408,42.286898],[-83.661428,42.286907],[-83.66144,42.286909],[-83.661451,42.286909],[-83.661464,42.286906],[-83.661477,42.2869],[-83.661487,42.286894],[-83.661493,42.286888],[-83.661493,42.286882],[-83.661487,42.286866],[-83.661487,42.286862],[-83.661494,42.286859],[-83.661524,42.286857],[-83.661544,42.286849],[-83.661549,42.286845],[-83.661551,42.28684],[-83.661548,42.286829],[-83.661541,42.28682],[-83.661533,42.286815],[-83.661523,42.286813],[-83.661513,42.286812],[-83.661505,42.286815]]]},"properties":{"ObjectName":null}},{"type":"Feature","geometry":{"type":"Polygon","coordinates":[[[-83.656603,42.28297],[-83.656591,42.282975],[-83.656587,42.282981],[-83.656586,42.282991],[-83.656589,42.283001],[-83.656597,42.283013],[-83.656618,42.283031],[-83.65662,42.283039],[-83.656614,42.28306],[-83.656614,42.28307],[-83.656618,42.283079],[-83.656623,42.283085],[-83.656631,42.283088],[-83.65664,42.283089],[-83.656652,42.283088],[-83.656667,42.283082],[-83.656678,42.283075],[-83.656685,42.283068],[-83.656688,42.28306],[-83.656688,42.283049],[-83.656685,42.283037],[-83.65668,42.283028],[-83.656662,42.283015],[-83.656652,42.282991],[-83.656643,42.28298],[-83.656633,42.282974],[-83.656622,42.28297],[-83.656603,42.28297]]]},"properties":{"ObjectName":null}},{"type":"Feature","geometry":{"type":"Polygon","coordinates":[[[-83.654721,42.282277],[-83.65475,42.282281],[-83.654788,42.282293],[-83.654803,42.282295],[-83.654828,42.282296],[-83.654842,42.282292],[-83.654851,42.282288],[-83.654856,42.282278],[-83.654856,42.282264],[-83.654852,42.282252],[-83.654845,42.282244],[-83.654832,42.282238],[-83.65481,42.282235],[-83.654778,42.282234],[-83.654766,42.28223],[-83.654755,42.282225],[-83.654749,42.28222],[-83.654738,42.282204],[-83.654732,42.282199],[-83.654712,42.28219],[-83.654677,42.282182],[-83.65466,42.282169],[-83.654641,42.282156],[-83.65463,42.282151],[-83.654617,42.282151],[-83.654597,42.282156],[-83.654572,42.282163],[-83.654559,42.28217],[-83.654551,42.28218],[-83.654547,42.282189],[-83.654551,42.282195],[-83.654571,42.282209],[-83.654574,42.282215],[-83.65457,42.282223],[-83.654563,42.28223],[-83.654539,42.282235],[-83.654529,42.282241],[-83.654524,42.282248],[-83.654526,42.282254],[-83.654536,42.282264],[-83.654547,42.282277],[-83.654556,42.282283],[-83.654573,42.282287],[-83.654593,42.282287],[-83.65464,42.282278],[-83.654673,42.282275],[-83.654696,42.282275],[-83.654721,42.282277]]]},"properties":{"ObjectName":null}},{"type":"Feature","geometry":{"type":"Polygon","coordinates":[[[-83.666562,42.283493],[-83.666559,42.283494],[-83.666555,42.283497],[-83.666544,42.283519],[-83.666528,42.283545],[-83.666514,42.283572],[-83.666503,42.2836],[-83.666494,42.283631],[-83.666487,42.283662],[-83.666484,42.283694],[-83.666483,42.283726],[-83.666488,42.283744],[-83.666505,42.283784],[-83.666519,42.283829],[-83.66653,42.283877],[-83.666537,42.283926],[-83.66654,42.283977],[-83.666539,42.284027],[-83.666534,42.284077],[-83.666524,42.284127],[-83.666508,42.284184],[-83.666496,42.284218],[-83.666486,42.28424],[-83.666473,42.284262],[-83.666453,42.284289],[-83.666421,42.284322],[-83.666384,42.284353],[-83.666349,42.284376],[-83.666298,42.284402],[-83.666283,42.284412],[-83.666268,42.284427],[-83.666258,42.284444],[-83.666253,42.284462],[-83.666254,42.284481],[-83.666257,42.28449],[-83.666262,42.284501],[-83.66628,42.28453],[-83.666293,42.284565],[-83.6663,42.284605],[-83.666299,42.284645],[-83.666295,42.28467],[-83.666287,42.284694],[-83.666274,42.284722],[-83.666257,42.284749],[-83.666247,42.284772],[-83.666232,42.284828],[-83.666199,42.284906],[-83.666173,42.284956],[-83.666157,42.28499],[-83.666144,42.285005],[-83.666134,42.285012],[-83.666105,42.285028],[-83.66607,42.285055],[-83.66604,42.285085],[-83.666017,42.285118],[-83.666003,42.285149],[-83.665994,42.28518],[-83.665991,42.285201],[-83.665992,42.285237],[-83.665987,42.285265],[-83.665977,42.285292],[-83.665962,42.285317],[-83.665941,42.285343],[-83.665914,42.285366],[-83.665883,42.285386],[-83.665849,42.285403],[-83.665835,42.285416],[-83.665817,42.285445],[-83.665792,42.285489],[-83.665779,42.285519],[-83.665769,42.28555],[-83.665762,42.285581],[-83.665758,42.285613],[-83.665756,42.285643],[-83.665758,42.285673],[-83.665762,42.285703],[-83.665769,42.285734],[-83.66577,42.285747],[-83.665769,42.285774],[-83.665765,42.285802],[-83.665757,42.28583],[-83.665746,42.285858],[-83.665729,42.285891],[-83.665698,42.28594],[-83.665674,42.285977],[-83.665646,42.286012],[-83.665616,42.286047],[-83.665596,42.286068],[-83.665583,42.28608],[-83.665564,42.286091],[-83.665544,42.2861],[-83.665522,42.286108],[-83.665493,42.286117],[-83.665474,42.286125],[-83.665463,42.286133],[-83.665453,42.286143],[-83.665446,42.286153],[-83.66544,42.286164],[-83.665437,42.286177],[-83.665437,42.28619],[-83.665441,42.286203],[-83.665447,42.286216],[-83.665468,42.286244],[-83.665481,42.286259],[-83.6655,42.286274],[-83.665521,42.286287],[-83.66554,42.286295],[-83.665561,42.286302],[-83.665582,42.286307],[-83.665605,42.28631],[-83.665619,42.286309],[-83.665634,42.286306],[-83.665685,42.286289],[-83.665754,42.286264],[-83.665845,42.286224],[-83.665863,42.286216],[-83.665881,42.286205],[-83.665897,42.286192],[-83.665911,42.286178],[-83.665922,42.286163],[-83.665931,42.286146],[-83.665937,42.286129],[-83.665945,42.286093],[-83.665958,42.286006],[-83.665987,42.28589],[-83.666005,42.28583],[-83.666022,42.285783],[-83.666055,42.285706],[-83.666075,42.285665],[-83.666091,42.28564],[-83.666103,42.285627],[-83.666118,42.285614],[-83.66618,42.285576],[-83.6662,42.285561],[-83.666216,42.285545],[-83.666224,42.285529],[-83.666226,42.285515],[-83.666226,42.28548],[-83.666234,42.285432],[-83.666249,42.285384],[-83.666269,42.285337],[-83.666291,42.2853],[-83.666316,42.285264],[-83.666381,42.285195],[-83.666427,42.285134],[-83.666465,42.28507],[-83.666494,42.285004],[-83.666511,42.284946],[-83.666522,42.284886],[-83.66653,42.284857],[-83.666542,42.284825],[-83.666599,42.284695],[-83.666669,42.284502],[-83.666725,42.28433],[-83.666757,42.284211],[-83.666776,42.284157],[-83.66679,42.284127],[-83.666801,42.284097],[-83.666809,42.284067],[-83.666815,42.284037],[-83.666818,42.283993],[-83.666815,42.283948],[-83.666807,42.283904],[-83.666794,42.283861],[-83.666789,42.283843],[-83.666783,42.283835],[-83.666766,42.283828],[-83.666751,42.283819],[-83.666738,42.283808],[-83.666729,42.283796],[-83.666723,42.283784],[-83.66672,42.283772],[-83.66672,42.28376],[-83.666724,42.283737],[-83.666718,42.283713],[-83.666712,42.2837],[-83.666706,42.283692],[-83.666691,42.283685],[-83.66668,42.283676],[-83.666674,42.283667],[-83.666671,42.283658],[-83.66667,42.283646],[-83.666674,42.283634],[-83.666681,42.283625],[-83.6667,42.283605],[-83.666706,42.283595],[-83.666709,42.283584],[-83.666708,42.283563],[-83.666698,42.283544],[-83.666698,42.283535],[-83.666702,42.283512],[-83.666701,42.283508],[-83.666698,42.283508],[-83.666682,42.283515],[-83.666664,42.28352],[-83.666645,42.283523],[-83.666626,42.283522],[-83.666607,42.283519],[-83.66659,42.283513],[-83.666588,42.283511],[-83.666575,42.283504],[-83.666573,42.283502],[-83.666562,42.283493]]]},"properties":{"ObjectName":null}},{"type":"Feature","geometry":{"type":"Polygon","coordinates":[[[-83.74917,42.259358],[-83.749167,42.259359],[-83.749163,42.259359],[-83.74916,42.25936],[-83.749157,42.259361],[-83.749154,42.259362],[-83.749151,42.259363],[-83.749149,42.259364],[-83.749147,42.259365],[-83.749144,42.259367],[-83.749142,42.259369],[-83.74914,42.259371],[-83.749138,42.259373],[-83.749137,42.259375],[-83.749135,42.259377],[-83.749135,42.25938],[-83.749134,42.259382],[-83.749134,42.259384],[-83.749134,42.259387],[-83.749134,42.259389],[-83.749135,42.259392],[-83.749135,42.259395],[-83.749136,42.259397],[-83.749137,42.2594],[-83.749139,42.259402],[-83.74914,42.259405],[-83.749142,42.259407],[-83.749144,42.25941],[-83.749146,42.259412],[-83.749148,42.259415],[-83.749151,42.259417],[-83.749153,42.259419],[-83.749156,42.259422],[-83.749159,42.259424],[-83.749161,42.259426],[-83.749163,42.259427],[-83.749166,42.259429],[-83.74917,42.259431],[-83.749173,42.259433],[-83.749176,42.259434],[-83.74918,42.259436],[-83.749183,42.259437],[-83.749187,42.259439],[-83.74919,42.25944],[-83.749194,42.259441],[-83.749197,42.259442],[-83.749201,42.259442],[-83.749205,42.259443],[-83.749208,42.259443],[-83.749212,42.259443],[-83.749215,42.259443],[-83.749219,42.259443],[-83.749222,42.259442],[-83.749226,42.259442],[-83.749229,42.259441],[-83.749233,42.25944],[-83.749236,42.259438],[-83.749239,42.259437],[-83.749242,42.259435],[-83.749244,42.259433],[-83.749247,42.259431],[-83.749249,42.259429],[-83.749251,42.259427],[-83.749253,42.259425],[-83.749254,42.259422],[-83.749255,42.25942],[-83.749256,42.259418],[-83.749256,42.259415],[-83.749256,42.259413],[-83.749256,42.25941],[-83.749256,42.259408],[-83.749255,42.259405],[-83.749255,42.259403],[-83.749253,42.2594],[-83.749252,42.259398],[-83.749251,42.259396],[-83.749249,42.259393],[-83.749247,42.259391],[-83.749245,42.259389],[-83.749243,42.259386],[-83.74924,42.259384],[-83.749237,42.259382],[-83.749235,42.25938],[-83.749232,42.259378],[-83.749229,42.259376],[-83.749226,42.259374],[-83.749223,42.259372],[-83.749219,42.25937],[-83.749216,42.259369],[-83.749213,42.259367],[-83.749209,42.259366],[-83.749206,42.259364],[-83.749202,42.259363],[-83.749198,42.259362],[-83.749195,42.259361],[-83.749191,42.25936],[-83.749188,42.25936],[-83.749184,42.259359],[-83.74918,42.259359],[-83.749177,42.259358],[-83.749173,42.259358],[-83.74917,42.259358]]]},"properties":{"ObjectName":null}},{"type":"Feature","geometry":{"type":"Polygon","coordinates":[[[-83.745018,42.25854],[-83.745014,42.25854],[-83.745011,42.25854],[-83.745008,42.25854],[-83.745005,42.25854],[-83.745002,42.25854],[-83.744999,42.258541],[-83.744996,42.258542],[-83.744993,42.258543],[-83.744991,42.258544],[-83.744988,42.258545],[-83.744986,42.258546],[-83.744984,42.258548],[-83.744982,42.25855],[-83.744981,42.258551],[-83.744979,42.258553],[-83.744978,42.258556],[-83.744978,42.258558],[-83.744977,42.25856],[-83.744977,42.258564],[-83.744977,42.258567],[-83.744977,42.25857],[-83.744978,42.258572],[-83.744978,42.258574],[-83.744979,42.258576],[-83.74498,42.258578],[-83.74498,42.25858],[-83.744981,42.258582],[-83.744982,42.258584],[-83.744983,42.258586],[-83.744985,42.258588],[-83.744986,42.25859],[-83.744987,42.258592],[-83.744989,42.258594],[-83.74499,42.258596],[-83.744992,42.258598],[-83.744994,42.2586],[-83.744995,42.258602],[-83.744997,42.258604],[-83.744999,42.258606],[-83.745001,42.258607],[-83.745003,42.258609],[-83.745005,42.258611],[-83.745007,42.258612],[-83.745009,42.258614],[-83.745011,42.258615],[-83.745013,42.258616],[-83.745015,42.258618],[-83.745018,42.258619],[-83.74502,42.25862],[-83.745023,42.258621],[-83.745028,42.258623],[-83.745033,42.258624],[-83.745037,42.258624],[-83.74504,42.258625],[-83.745044,42.258624],[-83.745047,42.258624],[-83.745051,42.258623],[-83.745055,42.258622],[-83.745059,42.258621],[-83.745062,42.25862],[-83.745065,42.258619],[-83.745068,42.258617],[-83.745072,42.258615],[-83.745075,42.258613],[-83.745078,42.258611],[-83.74508,42.258608],[-83.745082,42.258606],[-83.745084,42.258603],[-83.745086,42.258601],[-83.745086,42.258598],[-83.745086,42.258595],[-83.745086,42.258593],[-83.745085,42.258589],[-83.745083,42.258587],[-83.74508,42.258584],[-83.745078,42.258582],[-83.745075,42.25858],[-83.745072,42.258579],[-83.74507,42.258577],[-83.745067,42.258576],[-83.745064,42.258574],[-83.745061,42.258572],[-83.745058,42.25857],[-83.745055,42.258567],[-83.745052,42.258564],[-83.745049,42.258561],[-83.745047,42.258558],[-83.745045,42.258556],[-83.745044,42.258554],[-83.745041,42.258552],[-83.745038,42.258549],[-83.745035,42.258546],[-83.745031,42.258544],[-83.745028,42.258543],[-83.745025,42.258542],[-83.745021,42.258541],[-83.745018,42.25854]]]},"properties":{"ObjectName":null}},{"type":"Feature","geometry":{"type":"Polygon","coordinates":[[[-83.662316,42.287109],[-83.662306,42.287113],[-83.662298,42.287121],[-83.662289,42.287132],[-83.662283,42.287146],[-83.66228,42.287158],[-83.66228,42.287181],[-83.662277,42.287205],[-83.66228,42.287216],[-83.662293,42.287226],[-83.662312,42.287233],[-83.662332,42.287236],[-83.662348,42.287234],[-83.662366,42.287226],[-83.662379,42.287216],[-83.662389,42.287206],[-83.662398,42.287182],[-83.662405,42.287159],[-83.662406,42.287144],[-83.662402,42.287129],[-83.662396,42.28712],[-83.662383,42.287113],[-83.662356,42.287109],[-83.662332,42.287107],[-83.662316,42.287109]]]},"properties":{"ObjectName":null}},{"type":"Feature","geometry":{"type":"Polygon","coordinates":[[[-83.744208,42.2587],[-83.744204,42.2587],[-83.7442,42.2587],[-83.744196,42.2587],[-83.744193,42.258701],[-83.744189,42.258701],[-83.744186,42.258701],[-83.744182,42.258702],[-83.744179,42.258702],[-83.744176,42.258703],[-83.744173,42.258703],[-83.74417,42.258704],[-83.744167,42.258705],[-83.744163,42.258706],[-83.74416,42.258707],[-83.744158,42.258709],[-83.744155,42.25871],[-83.744151,42.258712],[-83.744148,42.258714],[-83.744146,42.258716],[-83.744144,42.258717],[-83.744142,42.258719],[-83.74414,42.258721],[-83.744139,42.258724],[-83.744138,42.258726],[-83.744138,42.258728],[-83.744138,42.25873],[-83.744139,42.258733],[-83.744141,42.258737],[-83.744143,42.258739],[-83.744145,42.25874],[-83.744147,42.258742],[-83.74415,42.258743],[-83.744152,42.258744],[-83.744155,42.258745],[-83.744158,42.258746],[-83.74416,42.258747],[-83.744163,42.258748],[-83.744167,42.258748],[-83.74417,42.258749],[-83.744173,42.25875],[-83.744176,42.25875],[-83.744179,42.258751],[-83.744182,42.258752],[-83.744185,42.258752],[-83.744188,42.258753],[-83.744191,42.258753],[-83.744194,42.258754],[-83.744197,42.258755],[-83.744202,42.258756],[-83.744206,42.258757],[-83.74421,42.258758],[-83.744213,42.258758],[-83.744215,42.258759],[-83.744218,42.25876],[-83.74422,42.25876],[-83.744223,42.258761],[-83.744226,42.258762],[-83.744229,42.258762],[-83.744231,42.258763],[-83.744234,42.258763],[-83.744237,42.258764],[-83.74424,42.258764],[-83.744243,42.258765],[-83.744246,42.258765],[-83.744249,42.258766],[-83.744251,42.258766],[-83.744254,42.258766],[-83.744257,42.258767],[-83.74426,42.258767],[-83.744263,42.258767],[-83.744265,42.258767],[-83.744268,42.258767],[-83.744271,42.258767],[-83.744275,42.258767],[-83.74428,42.258767],[-83.744285,42.258766],[-83.744289,42.258765],[-83.744293,42.258763],[-83.744297,42.258761],[-83.7443,42.258759],[-83.744303,42.258756],[-83.744305,42.258753],[-83.744307,42.258751],[-83.744307,42.258749],[-83.744308,42.258747],[-83.744309,42.258745],[-83.74431,42.258742],[-83.74431,42.25874],[-83.74431,42.258737],[-83.744309,42.258735],[-83.744309,42.258733],[-83.744308,42.25873],[-83.744307,42.258728],[-83.744305,42.258726],[-83.744304,42.258724],[-83.744302,42.258722],[-83.7443,42.258721],[-83.744297,42.258719],[-83.744295,42.258717],[-83.744292,42.258716],[-83.744289,42.258714],[-83.744286,42.258713],[-83.744283,42.258712],[-83.74428,42.25871],[-83.744276,42.258709],[-83.744273,42.258708],[-83.744269,42.258707],[-83.744265,42.258706],[-83.744261,42.258705],[-83.744257,42.258704],[-83.744253,42.258704],[-83.744249,42.258703],[-83.744245,42.258702],[-83.744241,42.258702],[-83.744237,42.258701],[-83.744233,42.258701],[-83.744229,42.258701],[-83.744224,42.2587],[-83.74422,42.2587],[-83.744216,42.2587],[-83.744212,42.2587],[-83.744208,42.2587]]]},"properties":{"ObjectName":null}},{"type":"Feature","geometry":{"type":"Polygon","coordinates":[[[-83.660582,42.281696],[-83.660574,42.281702],[-83.660573,42.281711],[-83.660581,42.281727],[-83.660591,42.28174],[-83.660612,42.281758],[-83.660629,42.281773],[-83.660645,42.281784],[-83.660656,42.28179],[-83.660678,42.281797],[-83.660691,42.281796],[-83.660699,42.281792],[-83.660706,42.281784],[-83.66071,42.281774],[-83.660708,42.281759],[-83.6607,42.281744],[-83.660683,42.281726],[-83.660661,42.281709],[-83.660638,42.281698],[-83.660612,42.281691],[-83.660595,42.281691],[-83.660582,42.281696]]]},"properties":{"ObjectName":null}},{"type":"Feature","geometry":{"type":"Polygon","coordinates":[[[-83.656407,42.286567],[-83.656411,42.286604],[-83.656409,42.286622],[-83.656403,42.286639],[-83.656389,42.286659],[-83.656372,42.286678],[-83.656353,42.286693],[-83.656334,42.286702],[-83.656285,42.286716],[-83.656268,42.286723],[-83.656254,42.286733],[-83.656241,42.28675],[-83.656231,42.286772],[-83.656224,42.286798],[-83.656221,42.286821],[-83.656224,42.286843],[-83.656232,42.286872],[-83.656257,42.286934],[-83.656285,42.286985],[-83.656294,42.287006],[-83.656299,42.287024],[-83.656299,42.287042],[-83.656297,42.28706],[-83.656293,42.28708],[-83.656265,42.287161],[-83.656219,42.287367],[-83.656189,42.287481],[-83.656165,42.287595],[-83.656146,42.287655],[-83.656131,42.287685],[-83.656113,42.287711],[-83.65609,42.287737],[-83.656061,42.287764],[-83.656004,42.287808],[-83.65591,42.287874],[-83.655805,42.287942],[-83.655733,42.287987],[-83.655667,42.288021],[-83.655628,42.288036],[-83.655535,42.288066],[-83.655497,42.288082],[-83.65546,42.2881],[-83.655435,42.288116],[-83.65542,42.288127],[-83.655411,42.288138],[-83.655403,42.288152],[-83.655399,42.288168],[-83.655398,42.288182],[-83.6554,42.288192],[-83.655405,42.288199],[-83.655414,42.288207],[-83.655426,42.288215],[-83.655443,42.288221],[-83.655461,42.288225],[-83.655483,42.288225],[-83.655522,42.288223],[-83.65558,42.288216],[-83.655625,42.28821],[-83.655664,42.288201],[-83.655706,42.288188],[-83.655751,42.288172],[-83.655813,42.288147],[-83.655863,42.288125],[-83.655917,42.288098],[-83.656061,42.288022],[-83.65611,42.287995],[-83.656138,42.287977],[-83.656167,42.287955],[-83.656195,42.287931],[-83.656223,42.287904],[-83.656268,42.287854],[-83.656289,42.287826],[-83.656307,42.287797],[-83.656329,42.287755],[-83.656343,42.287717],[-83.656346,42.287693],[-83.656347,42.287642],[-83.656348,42.287625],[-83.656355,42.287602],[-83.656364,42.287578],[-83.656384,42.287542],[-83.656424,42.287479],[-83.656496,42.287386],[-83.656524,42.287343],[-83.656547,42.287303],[-83.656566,42.287264],[-83.656581,42.287227],[-83.656593,42.287192],[-83.6566,42.287159],[-83.656608,42.287079],[-83.656616,42.287042],[-83.656625,42.287013],[-83.65665,42.286962],[-83.656656,42.286944],[-83.65666,42.286923],[-83.65666,42.286903],[-83.656656,42.286885],[-83.656649,42.286865],[-83.65663,42.286827],[-83.656615,42.286809],[-83.656573,42.286767],[-83.656543,42.286734],[-83.65653,42.286713],[-83.656522,42.286694],[-83.65652,42.286671],[-83.656523,42.286653],[-83.65653,42.286636],[-83.656548,42.28661],[-83.656565,42.286591],[-83.656591,42.286569],[-83.656611,42.286555],[-83.656573,42.28656],[-83.65653,42.286574],[-83.656496,42.28658],[-83.656468,42.286583],[-83.656445,42.286583],[-83.656427,42.286579],[-83.656411,42.28657],[-83.656407,42.286567]]]},"properties":{"ObjectName":null}},{"type":"Feature","geometry":{"type":"Polygon","coordinates":[[[-83.743064,42.260894],[-83.743063,42.260896],[-83.74306,42.260898],[-83.743058,42.260898],[-83.743055,42.260898],[-83.743052,42.260898],[-83.743049,42.260897],[-83.743046,42.260895],[-83.743043,42.260893],[-83.743041,42.26089],[-83.74304,42.260888],[-83.74304,42.260885],[-83.743039,42.260883],[-83.743039,42.26088],[-83.743039,42.260877],[-83.743039,42.260875],[-83.743039,42.260872],[-83.743039,42.260869],[-83.743039,42.260866],[-83.743039,42.260863],[-83.743038,42.260861],[-83.743036,42.260858],[-83.743034,42.260856],[-83.743031,42.260854],[-83.743027,42.260851],[-83.743023,42.260849],[-83.743018,42.260848],[-83.743013,42.260847],[-83.743009,42.260846],[-83.743004,42.260846],[-83.742999,42.260846],[-83.742995,42.260846],[-83.74299,42.260847],[-83.742985,42.260848],[-83.742981,42.260849],[-83.742976,42.260851],[-83.742972,42.260853],[-83.742968,42.260855],[-83.742964,42.260857],[-83.74296,42.260859],[-83.742957,42.260862],[-83.742953,42.260865],[-83.74295,42.260867],[-83.742947,42.26087],[-83.742944,42.260873],[-83.742942,42.260877],[-83.742939,42.26088],[-83.742936,42.260884],[-83.742934,42.260887],[-83.742932,42.260891],[-83.742931,42.260895],[-83.742929,42.260899],[-83.742929,42.260903],[-83.742929,42.260906],[-83.742929,42.26091],[-83.74293,42.260913],[-83.742932,42.260917],[-83.742935,42.260919],[-83.742937,42.260921],[-83.742939,42.260923],[-83.742941,42.260924],[-83.742944,42.260926],[-83.742946,42.260927],[-83.742949,42.260928],[-83.742952,42.26093],[-83.742954,42.260931],[-83.742957,42.260932],[-83.74296,42.260933],[-83.742962,42.260935],[-83.742965,42.260936],[-83.742967,42.260937],[-83.742969,42.260939],[-83.742972,42.260941],[-83.742974,42.260942],[-83.742978,42.260948],[-83.742983,42.260956],[-83.742984,42.260963],[-83.742983,42.26097],[-83.74298,42.260976],[-83.742975,42.260982],[-83.742968,42.260988],[-83.742961,42.260994],[-83.742953,42.260999],[-83.742944,42.261005],[-83.742936,42.261011],[-83.742928,42.261016],[-83.742921,42.261022],[-83.742916,42.261028],[-83.742912,42.261035],[-83.74291,42.261042],[-83.74291,42.261049],[-83.742911,42.261052],[-83.742911,42.261054],[-83.742913,42.261056],[-83.742914,42.261059],[-83.742916,42.261061],[-83.742918,42.261063],[-83.74292,42.261065],[-83.742922,42.261067],[-83.742925,42.261069],[-83.742927,42.26107],[-83.74293,42.261072],[-83.742933,42.261073],[-83.742937,42.261073],[-83.74294,42.261074],[-83.742944,42.261074],[-83.742948,42.261073],[-83.742953,42.261072],[-83.742958,42.26107],[-83.742964,42.261068],[-83.742968,42.261065],[-83.742972,42.261061],[-83.742976,42.261057],[-83.742979,42.261053],[-83.742982,42.261049],[-83.742985,42.261045],[-83.742989,42.261041],[-83.742992,42.261036],[-83.742996,42.261032],[-83.743,42.261029],[-83.743004,42.261026],[-83.743009,42.261023],[-83.743015,42.261021],[-83.743022,42.26102],[-83.743026,42.261019],[-83.743031,42.261019],[-83.743037,42.261019],[-83.743041,42.261019],[-83.743045,42.261019],[-83.743049,42.261019],[-83.743053,42.261019],[-83.743056,42.261019],[-83.74306,42.261018],[-83.743064,42.261018],[-83.743067,42.261017],[-83.743071,42.261016],[-83.743074,42.261015],[-83.743077,42.261014],[-83.74308,42.261012],[-83.743083,42.26101],[-83.743086,42.261008],[-83.743088,42.261006],[-83.74309,42.261003],[-83.743092,42.261001],[-83.743093,42.260999],[-83.743094,42.260996],[-83.743094,42.260994],[-83.743095,42.260991],[-83.743095,42.260989],[-83.743095,42.260987],[-83.743094,42.260984],[-83.743094,42.260982],[-83.743093,42.260979],[-83.743092,42.260977],[-83.74309,42.260975],[-83.743089,42.260972],[-83.743085,42.260967],[-83.743082,42.26096],[-83.743081,42.260955],[-83.743081,42.260951],[-83.743083,42.260947],[-83.743087,42.260944],[-83.743092,42.260942],[-83.743097,42.26094],[-83.743103,42.260938],[-83.74311,42.260936],[-83.743117,42.260935],[-83.743124,42.260933],[-83.743131,42.260932],[-83.743138,42.26093],[-83.743144,42.260927],[-83.743149,42.260925],[-83.743154,42.260921],[-83.743157,42.260917],[-83.743158,42.260913],[-83.743157,42.260908],[-83.743156,42.260904],[-83.743152,42.260899],[-83.743148,42.260894],[-83.743143,42.26089],[-83.743138,42.260886],[-83.743131,42.260882],[-83.743125,42.260879],[-83.743118,42.260877],[-83.743111,42.260875],[-83.743104,42.260873],[-83.743098,42.260873],[-83.743092,42.260873],[-83.743086,42.260874],[-83.743083,42.260876],[-83.743081,42.260877],[-83.743079,42.260879],[-83.743077,42.260881],[-83.743075,42.260883],[-83.743073,42.260886],[-83.743071,42.260888],[-83.743069,42.26089],[-83.743067,42.260893],[-83.743064,42.260894]]]},"properties":{"ObjectName":null}},{"type":"Feature","geometry":{"type":"Polygon","coordinates":[[[-83.653377,42.285879],[-83.653363,42.285889],[-83.653344,42.285913],[-83.653319,42.285948],[-83.653305,42.285977],[-83.6533,42.286002],[-83.653301,42.286013],[-83.653305,42.286023],[-83.65332,42.286045],[-83.653327,42.286053],[-83.653335,42.286057],[-83.653348,42.286061],[-83.653363,42.286062],[-83.653378,42.286062],[-83.653391,42.286059],[-83.653406,42.286051],[-83.653424,42.286035],[-83.653434,42.286023],[-83.653443,42.286009],[-83.653462,42.285967],[-83.653474,42.285938],[-83.653476,42.285921],[-83.653472,42.285904],[-83.653464,42.285893],[-83.653456,42.285887],[-83.653446,42.285882],[-83.65342,42.285875],[-83.653397,42.285875],[-83.653377,42.285879]]]},"properties":{"ObjectName":null}},{"type":"Feature","geometry":{"type":"Polygon","coordinates":[[[-83.742,42.254615],[-83.742015,42.254645],[-83.742017,42.254677],[-83.742007,42.25469],[-83.741995,42.254702],[-83.741984,42.254714],[-83.741978,42.254728],[-83.741976,42.254744],[-83.741975,42.254762],[-83.741978,42.254824],[-83.741985,42.254894],[-83.741989,42.254962],[-83.741989,42.255001],[-83.741987,42.255036],[-83.741981,42.255069],[-83.741971,42.255102],[-83.741959,42.255132],[-83.741948,42.255164],[-83.741931,42.255231],[-83.74191,42.255303],[-83.74189,42.255375],[-83.741889,42.255416],[-83.741894,42.255449],[-83.741901,42.255479],[-83.741907,42.255513],[-83.74191,42.255546],[-83.74191,42.255581],[-83.741913,42.255608],[-83.741912,42.255635],[-83.741909,42.255661],[-83.741907,42.25569],[-83.741911,42.25572],[-83.741916,42.255751],[-83.741918,42.255784],[-83.741921,42.255818],[-83.741924,42.255852],[-83.74192,42.25591],[-83.741909,42.255973],[-83.741893,42.256037],[-83.741873,42.256099],[-83.741845,42.25616],[-83.741819,42.256224],[-83.741807,42.256262],[-83.741798,42.256295],[-83.741795,42.256325],[-83.741807,42.256354],[-83.741819,42.256383],[-83.741832,42.25641],[-83.741847,42.256438],[-83.741858,42.256465],[-83.741866,42.256493],[-83.741866,42.256529],[-83.741856,42.256562],[-83.74184,42.256594],[-83.741819,42.25663],[-83.741798,42.256666],[-83.741777,42.256702],[-83.741731,42.256756],[-83.741669,42.256827],[-83.741644,42.256904],[-83.741666,42.256949],[-83.741696,42.256967],[-83.741734,42.256974],[-83.7418,42.256971],[-83.74186,42.256947],[-83.741906,42.256905],[-83.741941,42.256857],[-83.741975,42.256808],[-83.742008,42.25676],[-83.742048,42.256712],[-83.742084,42.256662],[-83.742102,42.256608],[-83.742102,42.256548],[-83.74209,42.256488],[-83.742073,42.256427],[-83.742063,42.256384],[-83.742064,42.256357],[-83.742071,42.256329],[-83.742086,42.256284],[-83.742116,42.25623],[-83.742143,42.256178],[-83.742155,42.256118],[-83.742152,42.256054],[-83.742144,42.25599],[-83.742144,42.255941],[-83.74215,42.255911],[-83.742161,42.255883],[-83.742171,42.255863],[-83.742175,42.255854],[-83.742179,42.255845],[-83.742183,42.255836],[-83.742187,42.255827],[-83.74219,42.255818],[-83.742193,42.255809],[-83.742197,42.2558],[-83.7422,42.255791],[-83.742204,42.255783],[-83.742208,42.255774],[-83.742212,42.255766],[-83.742216,42.255758],[-83.742219,42.25575],[-83.742222,42.255742],[-83.742224,42.255734],[-83.742227,42.255726],[-83.742229,42.255718],[-83.742232,42.25571],[-83.742234,42.255702],[-83.742237,42.255694],[-83.742239,42.255686],[-83.742243,42.255675],[-83.742248,42.255658],[-83.742253,42.255641],[-83.742256,42.255624],[-83.742259,42.255606],[-83.742262,42.255588],[-83.742264,42.255571],[-83.742266,42.255553],[-83.742267,42.255534],[-83.742267,42.255516],[-83.742268,42.255498],[-83.742268,42.25548],[-83.742267,42.255461],[-83.742266,42.255442],[-83.742264,42.255423],[-83.742261,42.255404],[-83.742258,42.255386],[-83.742254,42.255367],[-83.742251,42.255349],[-83.742246,42.25533],[-83.742242,42.255312],[-83.742238,42.255293],[-83.742235,42.255279],[-83.742234,42.255275],[-83.742234,42.255271],[-83.742233,42.255267],[-83.742232,42.255263],[-83.742232,42.255259],[-83.742231,42.255255],[-83.742231,42.255252],[-83.742231,42.255248],[-83.74223,42.255244],[-83.74223,42.25524],[-83.742229,42.255235],[-83.742228,42.255228],[-83.742227,42.255221],[-83.742225,42.255213],[-83.742224,42.255206],[-83.742222,42.255198],[-83.74222,42.255191],[-83.742219,42.255183],[-83.742217,42.255176],[-83.742216,42.255169],[-83.742214,42.255161],[-83.742213,42.255154],[-83.742212,42.255146],[-83.742212,42.255138],[-83.742212,42.25513],[-83.742212,42.255122],[-83.742213,42.255114],[-83.742213,42.255106],[-83.742214,42.255098],[-83.742215,42.25509],[-83.742216,42.255082],[-83.742216,42.255074],[-83.742217,42.255066],[-83.742218,42.255054],[-83.742219,42.255041],[-83.74222,42.255029],[-83.74222,42.255018],[-83.742221,42.255006],[-83.742222,42.254994],[-83.742222,42.254982],[-83.742223,42.25497],[-83.742224,42.254958],[-83.742224,42.254946],[-83.742225,42.254934],[-83.742226,42.25492],[-83.742227,42.254907],[-83.742228,42.254894],[-83.742229,42.254881],[-83.74223,42.254867],[-83.74223,42.254854],[-83.742229,42.254841],[-83.742227,42.254828],[-83.742223,42.254815],[-83.742194,42.254766],[-83.742178,42.254743],[-83.742171,42.254717],[-83.742171,42.254684],[-83.742181,42.254655],[-83.742196,42.254626],[-83.742196,42.254614],[-83.742194,42.254598],[-83.742164,42.254589],[-83.742118,42.254589],[-83.742075,42.254586],[-83.74203,42.254588],[-83.741987,42.254594],[-83.742,42.254615]]]},"properties":{"ObjectName":null}},{"type":"Feature","geometry":{"type":"Polygon","coordinates":[[[-83.658871,42.284481],[-83.658841,42.284486],[-83.658833,42.284489],[-83.658828,42.284493],[-83.658822,42.284506],[-83.658823,42.28452],[-83.658828,42.284526],[-83.658837,42.284532],[-83.658848,42.284537],[-83.658859,42.284539],[-83.658871,42.284539],[-83.658893,42.284535],[-83.658924,42.284531],[-83.658937,42.284525],[-83.658943,42.284516],[-83.658946,42.284505],[-83.658942,42.284491],[-83.658932,42.284479],[-83.658924,42.284476],[-83.658912,42.284475],[-83.658871,42.284481]]]},"properties":{"ObjectName":null}},{"type":"Feature","geometry":{"type":"Polygon","coordinates":[[[-83.749284,42.260029],[-83.749281,42.26003],[-83.749276,42.260032],[-83.749272,42.260034],[-83.749268,42.260036],[-83.749264,42.260039],[-83.749261,42.260042],[-83.749259,42.260045],[-83.749257,42.260048],[-83.749256,42.260051],[-83.749255,42.260055],[-83.749255,42.260059],[-83.749256,42.260063],[-83.749258,42.260067],[-83.749261,42.260071],[-83.749264,42.260075],[-83.749266,42.260077],[-83.749268,42.260079],[-83.749271,42.260081],[-83.749273,42.260082],[-83.749276,42.260084],[-83.749279,42.260085],[-83.749282,42.260086],[-83.749285,42.260087],[-83.749288,42.260088],[-83.749291,42.260089],[-83.749294,42.26009],[-83.749297,42.260091],[-83.749301,42.260092],[-83.749304,42.260093],[-83.749307,42.260094],[-83.74931,42.260095],[-83.749313,42.260096],[-83.749316,42.260097],[-83.749319,42.260099],[-83.749322,42.2601],[-83.749324,42.260102],[-83.749327,42.260103],[-83.74933,42.260106],[-83.749332,42.260109],[-83.749335,42.260111],[-83.749336,42.260114],[-83.749338,42.260117],[-83.749339,42.26012],[-83.74934,42.260123],[-83.749341,42.260126],[-83.749342,42.260129],[-83.749343,42.260132],[-83.749344,42.260135],[-83.749345,42.260138],[-83.749346,42.260141],[-83.749347,42.260144],[-83.749348,42.260147],[-83.74935,42.26015],[-83.749352,42.260153],[-83.749355,42.260155],[-83.749358,42.260158],[-83.749362,42.26016],[-83.749366,42.260162],[-83.74937,42.260165],[-83.749373,42.260166],[-83.749376,42.260167],[-83.749379,42.260167],[-83.749382,42.260168],[-83.749384,42.260168],[-83.749388,42.260169],[-83.749393,42.260169],[-83.749397,42.260168],[-83.749402,42.260167],[-83.749406,42.260166],[-83.749411,42.260165],[-83.749414,42.260163],[-83.749416,42.260163],[-83.749419,42.260162],[-83.749422,42.260161],[-83.749424,42.26016],[-83.749427,42.260159],[-83.749429,42.260158],[-83.749432,42.260158],[-83.749435,42.260157],[-83.749437,42.260156],[-83.74944,42.260156],[-83.749443,42.260155],[-83.749445,42.260154],[-83.749448,42.260154],[-83.749451,42.260153],[-83.749454,42.260153],[-83.749456,42.260153],[-83.749459,42.260152],[-83.749462,42.260152],[-83.749465,42.260152],[-83.749468,42.260152],[-83.74947,42.260152],[-83.749473,42.260152],[-83.749476,42.260152],[-83.749479,42.260152],[-83.749482,42.260152],[-83.749485,42.260152],[-83.749489,42.260153],[-83.749493,42.260153],[-83.749495,42.260154],[-83.749498,42.260155],[-83.749501,42.260155],[-83.749504,42.260156],[-83.749506,42.260157],[-83.749509,42.260157],[-83.749512,42.260158],[-83.749515,42.260158],[-83.749518,42.260159],[-83.749521,42.260159],[-83.749524,42.26016],[-83.749527,42.26016],[-83.749529,42.26016],[-83.749532,42.26016],[-83.749535,42.260159],[-83.749538,42.260158],[-83.749542,42.260157],[-83.749544,42.260156],[-83.749547,42.260153],[-83.74955,42.26015],[-83.749553,42.260146],[-83.749554,42.260143],[-83.749555,42.260139],[-83.749554,42.260135],[-83.749554,42.260132],[-83.749552,42.260128],[-83.74955,42.260124],[-83.749548,42.260121],[-83.749545,42.260117],[-83.749542,42.260114],[-83.749538,42.26011],[-83.749534,42.260107],[-83.74953,42.260104],[-83.749526,42.260101],[-83.749522,42.260099],[-83.749517,42.260096],[-83.749513,42.260094],[-83.749508,42.260093],[-83.749504,42.260091],[-83.7495,42.26009],[-83.749495,42.26009],[-83.74949,42.260089],[-83.749485,42.260089],[-83.74948,42.26009],[-83.749475,42.26009],[-83.74947,42.260091],[-83.749465,42.260092],[-83.74946,42.260093],[-83.749455,42.260094],[-83.74945,42.260096],[-83.749445,42.260097],[-83.74944,42.260098],[-83.749435,42.260099],[-83.74943,42.260099],[-83.749425,42.2601],[-83.749421,42.2601],[-83.749416,42.260099],[-83.749411,42.260099],[-83.749406,42.260098],[-83.749401,42.260096],[-83.749397,42.260094],[-83.749392,42.260091],[-83.749387,42.260088],[-83.749384,42.260085],[-83.749381,42.260081],[-83.749378,42.260078],[-83.749376,42.260075],[-83.749373,42.260072],[-83.749371,42.260069],[-83.74937,42.260065],[-83.749368,42.260062],[-83.749366,42.260059],[-83.749365,42.260056],[-83.749363,42.260053],[-83.749361,42.26005],[-83.749359,42.260047],[-83.749357,42.260044],[-83.749354,42.260042],[-83.749351,42.260039],[-83.749347,42.260037],[-83.749344,42.260034],[-83.749339,42.260032],[-83.749334,42.26003],[-83.749328,42.260029],[-83.749322,42.260027],[-83.749317,42.260027],[-83.749312,42.260026],[-83.749306,42.260026],[-83.749301,42.260026],[-83.749296,42.260027],[-83.74929,42.260028],[-83.749284,42.260029]]]},"properties":{"ObjectName":null}},{"type":"Feature","geometry":{"type":"Polygon","coordinates":[[[-83.654248,42.278849],[-83.654232,42.278856],[-83.654217,42.278867],[-83.65421,42.278878],[-83.654205,42.278889],[-83.654203,42.278906],[-83.654207,42.278922],[-83.654213,42.27893],[-83.654221,42.278939],[-83.654245,42.278955],[-83.654258,42.278961],[-83.654275,42.278965],[-83.654297,42.278966],[-83.654323,42.278963],[-83.654341,42.278956],[-83.654354,42.278946],[-83.654362,42.278933],[-83.654363,42.278918],[-83.654357,42.2789],[-83.654349,42.27889],[-83.654338,42.278879],[-83.654324,42.27887],[-83.654308,42.278861],[-83.654289,42.278854],[-83.654273,42.278849],[-83.654259,42.278848],[-83.654248,42.278849]]]},"properties":{"ObjectName":null}},{"type":"Feature","geometry":{"type":"Polygon","coordinates":[[[-83.742825,42.254975],[-83.74282,42.254975],[-83.742816,42.254976],[-83.742814,42.254977],[-83.742811,42.254978],[-83.742809,42.254979],[-83.742806,42.25498],[-83.742804,42.254982],[-83.742802,42.254983],[-83.7428,42.254985],[-83.742798,42.254987],[-83.742795,42.254989],[-83.742793,42.254991],[-83.742792,42.254993],[-83.74279,42.254995],[-83.742788,42.254998],[-83.742787,42.255001],[-83.742786,42.255004],[-83.742785,42.255007],[-83.742784,42.25501],[-83.742784,42.255012],[-83.742784,42.255015],[-83.742784,42.255017],[-83.742784,42.25502],[-83.742785,42.255022],[-83.742785,42.255025],[-83.742786,42.255027],[-83.742788,42.255029],[-83.742789,42.255031],[-83.742791,42.255033],[-83.742792,42.255035],[-83.742794,42.255037],[-83.742796,42.255039],[-83.742798,42.255041],[-83.742801,42.255042],[-83.742803,42.255044],[-83.742805,42.255045],[-83.742808,42.255046],[-83.742811,42.255047],[-83.742813,42.255048],[-83.742816,42.255049],[-83.742819,42.25505],[-83.742822,42.255051],[-83.742825,42.255051],[-83.742828,42.255051],[-83.742831,42.255052],[-83.742833,42.255052],[-83.742836,42.255052],[-83.742839,42.255051],[-83.742842,42.255051],[-83.742845,42.25505],[-83.742848,42.25505],[-83.74285,42.255049],[-83.742853,42.255048],[-83.742855,42.255047],[-83.742858,42.255045],[-83.74286,42.255044],[-83.742862,42.255042],[-83.742864,42.25504],[-83.742866,42.255038],[-83.742868,42.255036],[-83.74287,42.255033],[-83.742871,42.25503],[-83.742872,42.255028],[-83.742873,42.255025],[-83.742874,42.255023],[-83.742874,42.255021],[-83.742874,42.255018],[-83.742874,42.255016],[-83.742874,42.255014],[-83.742874,42.255011],[-83.742874,42.255009],[-83.742873,42.255007],[-83.742873,42.255005],[-83.742872,42.255003],[-83.742871,42.255001],[-83.74287,42.254999],[-83.742869,42.254997],[-83.742868,42.254995],[-83.742866,42.254993],[-83.742865,42.254991],[-83.742863,42.254989],[-83.742861,42.254988],[-83.74286,42.254986],[-83.742858,42.254985],[-83.742856,42.254983],[-83.742854,42.254982],[-83.742852,42.254981],[-83.742848,42.254979],[-83.742844,42.254977],[-83.742839,42.254976],[-83.742834,42.254975],[-83.74283,42.254975],[-83.742825,42.254975]]]},"properties":{"ObjectName":null}},{"type":"Feature","geometry":{"type":"Polygon","coordinates":[[[-83.740547,42.258904],[-83.74055,42.258905],[-83.740553,42.258906],[-83.740557,42.258906],[-83.740562,42.258907],[-83.740565,42.258907],[-83.740568,42.258907],[-83.740572,42.258906],[-83.740576,42.258905],[-83.74058,42.258904],[-83.740583,42.258902],[-83.740585,42.2589],[-83.740587,42.258898],[-83.740589,42.258896],[-83.740591,42.258893],[-83.740593,42.258891],[-83.740594,42.258888],[-83.740596,42.258885],[-83.740597,42.258882],[-83.740598,42.25888],[-83.740599,42.258876],[-83.740599,42.258873],[-83.740598,42.258871],[-83.740597,42.258868],[-83.740595,42.258865],[-83.740593,42.258863],[-83.740591,42.25886],[-83.74059,42.258857],[-83.740589,42.258855],[-83.74059,42.258852],[-83.740591,42.25885],[-83.740594,42.258848],[-83.740597,42.258846],[-83.7406,42.258844],[-83.740603,42.258842],[-83.740606,42.25884],[-83.740608,42.258838],[-83.74061,42.258836],[-83.740613,42.258834],[-83.740616,42.258831],[-83.740618,42.258827],[-83.740619,42.258825],[-83.740619,42.258822],[-83.740619,42.258819],[-83.740619,42.258816],[-83.740618,42.258813],[-83.740616,42.258811],[-83.740615,42.258808],[-83.740614,42.258806],[-83.740612,42.258804],[-83.74061,42.258801],[-83.740608,42.258799],[-83.740606,42.258797],[-83.740604,42.258795],[-83.740602,42.258792],[-83.7406,42.25879],[-83.740597,42.258788],[-83.740595,42.258786],[-83.740592,42.258785],[-83.74059,42.258783],[-83.740587,42.258781],[-83.740584,42.25878],[-83.740581,42.258779],[-83.740577,42.258778],[-83.740573,42.258778],[-83.740568,42.258777],[-83.740565,42.258777],[-83.740562,42.258777],[-83.740557,42.258778],[-83.740554,42.258778],[-83.740551,42.258779],[-83.740548,42.258781],[-83.740545,42.258782],[-83.740542,42.258784],[-83.74054,42.258787],[-83.740538,42.258789],[-83.740536,42.258792],[-83.740535,42.258794],[-83.740535,42.258796],[-83.740534,42.258799],[-83.740534,42.258801],[-83.740534,42.258804],[-83.740534,42.258806],[-83.740535,42.258808],[-83.740535,42.258811],[-83.740536,42.258813],[-83.740537,42.258816],[-83.740538,42.258818],[-83.74054,42.25882],[-83.740541,42.258823],[-83.740542,42.258825],[-83.740544,42.258828],[-83.740545,42.25883],[-83.740547,42.258833],[-83.740548,42.258836],[-83.740548,42.25884],[-83.740547,42.258844],[-83.740546,42.258848],[-83.740545,42.258852],[-83.740543,42.258856],[-83.740541,42.25886],[-83.740539,42.258864],[-83.740536,42.258868],[-83.740534,42.258872],[-83.740533,42.258876],[-83.740531,42.25888],[-83.74053,42.258883],[-83.74053,42.258887],[-83.740531,42.25889],[-83.740532,42.258894],[-83.740535,42.258897],[-83.740538,42.2589],[-83.740543,42.258903],[-83.740547,42.258904]]]},"properties":{"ObjectName":null}},{"type":"Feature","geometry":{"type":"Polygon","coordinates":[[[-83.653695,42.279409],[-83.653687,42.279415],[-83.653683,42.279421],[-83.653684,42.279428],[-83.65369,42.279435],[-83.653703,42.27944],[-83.653719,42.279441],[-83.65373,42.279439],[-83.653738,42.279434],[-83.653739,42.279424],[-83.653732,42.279413],[-83.653725,42.279409],[-83.653714,42.279407],[-83.653703,42.279407],[-83.653695,42.279409]]]},"properties":{"ObjectName":null}},{"type":"Feature","geometry":{"type":"Polygon","coordinates":[[[-83.749529,42.257585],[-83.749532,42.257585],[-83.749536,42.257586],[-83.74954,42.257588],[-83.749543,42.25759],[-83.749544,42.257593],[-83.749546,42.257596],[-83.749548,42.257599],[-83.74955,42.257601],[-83.749552,42.257603],[-83.749554,42.257605],[-83.749558,42.257606],[-83.74956,42.257607],[-83.749563,42.257607],[-83.749565,42.257608],[-83.749568,42.257608],[-83.749571,42.257608],[-83.749574,42.257608],[-83.749577,42.257608],[-83.74958,42.257608],[-83.749583,42.257608],[-83.749585,42.257608],[-83.749589,42.257607],[-83.749593,42.257606],[-83.749597,42.257604],[-83.7496,42.257603],[-83.749602,42.257601],[-83.749605,42.2576],[-83.749607,42.257598],[-83.749609,42.257595],[-83.74961,42.257593],[-83.749612,42.257591],[-83.749613,42.257588],[-83.749614,42.257586],[-83.749614,42.257583],[-83.749615,42.25758],[-83.749615,42.257578],[-83.749615,42.257575],[-83.749615,42.257572],[-83.749615,42.25757],[-83.749615,42.257567],[-83.749615,42.257564],[-83.749616,42.257561],[-83.749616,42.257559],[-83.749616,42.257556],[-83.749617,42.257553],[-83.749618,42.25755],[-83.749619,42.257548],[-83.749619,42.257545],[-83.74962,42.257543],[-83.749621,42.25754],[-83.749621,42.257538],[-83.749621,42.257535],[-83.749619,42.257532],[-83.749616,42.25753],[-83.749614,42.257529],[-83.74961,42.257528],[-83.749606,42.257527],[-83.749603,42.257527],[-83.749599,42.257528],[-83.749594,42.257528],[-83.74959,42.257529],[-83.749586,42.25753],[-83.749582,42.257531],[-83.749578,42.257531],[-83.749574,42.257531],[-83.74957,42.257531],[-83.749567,42.25753],[-83.749564,42.257529],[-83.749561,42.257527],[-83.749558,42.257524],[-83.749556,42.257521],[-83.749554,42.257518],[-83.749553,42.257515],[-83.749553,42.257512],[-83.749552,42.25751],[-83.749552,42.257507],[-83.749552,42.257505],[-83.749551,42.257503],[-83.749551,42.257501],[-83.74955,42.257499],[-83.749548,42.257497],[-83.749546,42.257495],[-83.749543,42.257493],[-83.749539,42.257491],[-83.749534,42.257489],[-83.749529,42.257487],[-83.749525,42.257486],[-83.74952,42.257484],[-83.749515,42.257482],[-83.74951,42.25748],[-83.749505,42.257479],[-83.7495,42.257477],[-83.749495,42.257476],[-83.74949,42.257474],[-83.749485,42.257474],[-83.74948,42.257473],[-83.749475,42.257473],[-83.74947,42.257473],[-83.749465,42.257474],[-83.749461,42.257475],[-83.749457,42.257477],[-83.749454,42.257478],[-83.749451,42.25748],[-83.749449,42.257483],[-83.749447,42.257486],[-83.749445,42.257489],[-83.749444,42.257493],[-83.749443,42.257496],[-83.749442,42.257499],[-83.74944,42.257501],[-83.749437,42.257505],[-83.749433,42.25751],[-83.749428,42.257514],[-83.749423,42.257518],[-83.749418,42.257522],[-83.749413,42.257527],[-83.749408,42.257531],[-83.749403,42.257536],[-83.749399,42.257541],[-83.749397,42.257545],[-83.749395,42.25755],[-83.749395,42.257555],[-83.749397,42.257559],[-83.7494,42.257564],[-83.749406,42.257568],[-83.749409,42.25757],[-83.749413,42.257572],[-83.749418,42.257573],[-83.749422,42.257574],[-83.749427,42.257574],[-83.749431,42.257575],[-83.749436,42.257577],[-83.749439,42.257579],[-83.749441,42.25758],[-83.749443,42.257582],[-83.749446,42.257585],[-83.749448,42.257588],[-83.74945,42.25759],[-83.749452,42.257593],[-83.749455,42.257595],[-83.749459,42.257598],[-83.749464,42.2576],[-83.74947,42.257602],[-83.749475,42.257603],[-83.74948,42.257603],[-83.749484,42.257602],[-83.749488,42.257601],[-83.749492,42.257599],[-83.749495,42.257597],[-83.749499,42.257595],[-83.749502,42.257592],[-83.749506,42.25759],[-83.74951,42.257588],[-83.749514,42.257587],[-83.749518,42.257585],[-83.749523,42.257585],[-83.749529,42.257585]]]},"properties":{"ObjectName":null}},{"type":"Feature","geometry":{"type":"Polygon","coordinates":[[[-83.656816,42.283667],[-83.656796,42.28367],[-83.656776,42.283678],[-83.656706,42.283716],[-83.656617,42.283755],[-83.656595,42.283768],[-83.656578,42.283782],[-83.656558,42.283803],[-83.656551,42.283818],[-83.656551,42.283827],[-83.656555,42.283837],[-83.656574,42.283864],[-83.656594,42.283889],[-83.656602,42.283896],[-83.656611,42.2839],[-83.656622,42.283901],[-83.656635,42.283901],[-83.656677,42.283891],[-83.656693,42.283886],[-83.65671,42.283877],[-83.65677,42.283839],[-83.65684,42.283803],[-83.656858,42.283791],[-83.656872,42.28378],[-83.656892,42.283761],[-83.656901,42.283748],[-83.656903,42.283729],[-83.656898,42.283708],[-83.656884,42.283684],[-83.656876,42.283676],[-83.656868,42.283671],[-83.656848,42.283667],[-83.656816,42.283667]]]},"properties":{"ObjectName":null}},{"type":"Feature","geometry":{"type":"Polygon","coordinates":[[[-83.664266,42.286833],[-83.664261,42.286834],[-83.664255,42.286836],[-83.664251,42.286838],[-83.664246,42.286841],[-83.664243,42.286842],[-83.66424,42.286843],[-83.664237,42.286845],[-83.664235,42.286848],[-83.664233,42.28685],[-83.664232,42.286853],[-83.664231,42.286855],[-83.664231,42.286858],[-83.664232,42.286861],[-83.664233,42.286863],[-83.664235,42.286866],[-83.664237,42.286868],[-83.66424,42.28687],[-83.664307,42.286908],[-83.664332,42.286931],[-83.664336,42.286933],[-83.664341,42.286934],[-83.664346,42.286935],[-83.664351,42.286936],[-83.664356,42.286935],[-83.664361,42.286934],[-83.664366,42.286933],[-83.664371,42.28693],[-83.664374,42.286928],[-83.664377,42.286924],[-83.66438,42.286921],[-83.664381,42.286917],[-83.664382,42.286913],[-83.664382,42.28691],[-83.664381,42.286906],[-83.664378,42.286896],[-83.664373,42.286887],[-83.664366,42.286879],[-83.664357,42.286871],[-83.664347,42.286865],[-83.664335,42.28686],[-83.664318,42.286854],[-83.664302,42.286846],[-83.664289,42.286836],[-83.664283,42.286834],[-83.664278,42.286833],[-83.664272,42.286833],[-83.664266,42.286833]]]},"properties":{"ObjectName":null}},{"type":"Feature","geometry":{"type":"Polygon","coordinates":[[[-83.74503,42.259276],[-83.745027,42.259276],[-83.745024,42.259276],[-83.74502,42.259276],[-83.745015,42.259277],[-83.745012,42.259277],[-83.745008,42.259278],[-83.745004,42.259279],[-83.745001,42.25928],[-83.744998,42.259281],[-83.744995,42.259282],[-83.744992,42.259283],[-83.74499,42.259284],[-83.744987,42.259286],[-83.744985,42.259287],[-83.744982,42.259289],[-83.74498,42.25929],[-83.744979,42.259292],[-83.744977,42.259294],[-83.744975,42.259296],[-83.744974,42.259298],[-83.744973,42.2593],[-83.744971,42.259302],[-83.74497,42.259304],[-83.744969,42.259306],[-83.744969,42.259308],[-83.744968,42.25931],[-83.744968,42.259312],[-83.744967,42.259314],[-83.744967,42.259317],[-83.744967,42.259319],[-83.744967,42.259321],[-83.744967,42.259324],[-83.744968,42.259326],[-83.744968,42.259328],[-83.744969,42.259331],[-83.744969,42.259333],[-83.74497,42.259335],[-83.744971,42.259338],[-83.744972,42.25934],[-83.744973,42.259343],[-83.744974,42.259345],[-83.744976,42.259347],[-83.744977,42.259349],[-83.744979,42.259352],[-83.74498,42.259354],[-83.744982,42.259356],[-83.744984,42.259358],[-83.744986,42.25936],[-83.744988,42.259362],[-83.74499,42.259364],[-83.744992,42.259366],[-83.744994,42.259368],[-83.744997,42.25937],[-83.744999,42.259371],[-83.745001,42.259373],[-83.745004,42.259375],[-83.745007,42.259376],[-83.74501,42.259378],[-83.745012,42.259379],[-83.745015,42.25938],[-83.745018,42.259381],[-83.745021,42.259382],[-83.745024,42.259383],[-83.745027,42.259384],[-83.745031,42.259385],[-83.745034,42.259385],[-83.745037,42.259386],[-83.745042,42.259386],[-83.745046,42.259386],[-83.74505,42.259386],[-83.745053,42.259386],[-83.745057,42.259386],[-83.74506,42.259385],[-83.745063,42.259384],[-83.745066,42.259383],[-83.745069,42.259382],[-83.745072,42.25938],[-83.745074,42.259379],[-83.745077,42.259377],[-83.745079,42.259375],[-83.745081,42.259373],[-83.745084,42.259371],[-83.745086,42.259369],[-83.745087,42.259367],[-83.745089,42.259365],[-83.745091,42.259362],[-83.745092,42.25936],[-83.745094,42.259357],[-83.745095,42.259355],[-83.745096,42.259352],[-83.745097,42.25935],[-83.745098,42.259348],[-83.745098,42.259345],[-83.745099,42.259343],[-83.7451,42.25934],[-83.7451,42.259337],[-83.745101,42.259335],[-83.745101,42.259332],[-83.745102,42.259329],[-83.745102,42.259327],[-83.745102,42.259325],[-83.745102,42.259322],[-83.745102,42.259319],[-83.745102,42.259316],[-83.745101,42.259313],[-83.7451,42.25931],[-83.7451,42.259308],[-83.745099,42.259305],[-83.745097,42.259303],[-83.745096,42.2593],[-83.745094,42.259298],[-83.745093,42.259296],[-83.745091,42.259294],[-83.745089,42.259292],[-83.745087,42.25929],[-83.745085,42.259289],[-83.745082,42.259287],[-83.74508,42.259286],[-83.745077,42.259284],[-83.745074,42.259283],[-83.745071,42.259282],[-83.745069,42.259281],[-83.745065,42.25928],[-83.745062,42.259279],[-83.745059,42.259278],[-83.745056,42.259278],[-83.745052,42.259277],[-83.745049,42.259276],[-83.745045,42.259276],[-83.745042,42.259276],[-83.745038,42.259276],[-83.745034,42.259276],[-83.74503,42.259276]]]},"properties":{"ObjectName":null}},{"type":"Feature","geometry":{"type":"Polygon","coordinates":[[[-83.742712,42.253999],[-83.742708,42.254],[-83.742704,42.254001],[-83.742701,42.254002],[-83.742698,42.254003],[-83.742696,42.254006],[-83.742693,42.254008],[-83.742691,42.25401],[-83.742689,42.254013],[-83.742687,42.254015],[-83.742685,42.254017],[-83.742684,42.254019],[-83.742682,42.254022],[-83.742681,42.254024],[-83.74268,42.254026],[-83.742679,42.254029],[-83.742678,42.254031],[-83.742678,42.254033],[-83.742677,42.254036],[-83.742677,42.254038],[-83.742676,42.254041],[-83.742676,42.254043],[-83.742676,42.254046],[-83.742676,42.254048],[-83.742677,42.254051],[-83.742677,42.254053],[-83.742678,42.254056],[-83.742679,42.254058],[-83.74268,42.25406],[-83.742681,42.254062],[-83.742682,42.254064],[-83.742684,42.254066],[-83.742686,42.254068],[-83.742688,42.25407],[-83.74269,42.254071],[-83.742693,42.254073],[-83.742695,42.254074],[-83.742698,42.254075],[-83.742701,42.254076],[-83.742705,42.254077],[-83.742708,42.254077],[-83.742713,42.254078],[-83.742716,42.254078],[-83.74272,42.254078],[-83.742724,42.254078],[-83.742728,42.254078],[-83.742732,42.254077],[-83.742736,42.254076],[-83.742739,42.254075],[-83.742742,42.254073],[-83.742744,42.254071],[-83.742746,42.254069],[-83.742747,42.254066],[-83.742749,42.254063],[-83.742749,42.25406],[-83.742749,42.254056],[-83.742749,42.254053],[-83.742748,42.254049],[-83.742748,42.254046],[-83.742747,42.254042],[-83.742747,42.254038],[-83.742747,42.254035],[-83.742747,42.254032],[-83.742747,42.254029],[-83.742748,42.254025],[-83.742748,42.254021],[-83.742747,42.254018],[-83.742747,42.254015],[-83.742746,42.254012],[-83.742746,42.25401],[-83.742744,42.254008],[-83.742742,42.254005],[-83.742738,42.254003],[-83.742735,42.254001],[-83.742731,42.254],[-83.742726,42.254],[-83.742722,42.253999],[-83.742717,42.253999],[-83.742712,42.253999]]]},"properties":{"ObjectName":null}},{"type":"Feature","geometry":{"type":"Polygon","coordinates":[[[-83.743252,42.254492],[-83.743256,42.25449],[-83.743259,42.254489],[-83.743262,42.254488],[-83.743265,42.254486],[-83.743268,42.254485],[-83.743271,42.254484],[-83.743275,42.254484],[-83.743278,42.254484],[-83.743281,42.254485],[-83.743285,42.254486],[-83.743288,42.254488],[-83.743291,42.254489],[-83.743294,42.254492],[-83.743296,42.254495],[-83.743298,42.254498],[-83.743299,42.254502],[-83.743299,42.254505],[-83.743299,42.254507],[-83.743299,42.254509],[-83.743299,42.254511],[-83.743299,42.254513],[-83.743299,42.254515],[-83.743299,42.254517],[-83.743299,42.254519],[-83.743298,42.254521],[-83.743298,42.254523],[-83.743298,42.254525],[-83.743298,42.254527],[-83.743299,42.254531],[-83.7433,42.254535],[-83.743302,42.254538],[-83.743304,42.254541],[-83.743308,42.254543],[-83.743311,42.254545],[-83.743313,42.254546],[-83.743316,42.254547],[-83.743319,42.254548],[-83.743322,42.254549],[-83.743325,42.254549],[-83.743328,42.25455],[-83.743331,42.25455],[-83.743334,42.254551],[-83.743337,42.254551],[-83.743341,42.254551],[-83.743344,42.254551],[-83.743347,42.254551],[-83.74335,42.254551],[-83.743354,42.254551],[-83.743357,42.254551],[-83.74336,42.254551],[-83.743363,42.25455],[-83.743366,42.25455],[-83.743369,42.254549],[-83.743371,42.254549],[-83.743375,42.254547],[-83.743379,42.254546],[-83.743382,42.254544],[-83.743384,42.254542],[-83.743386,42.254541],[-83.743387,42.254539],[-83.743389,42.254537],[-83.74339,42.254535],[-83.743392,42.254533],[-83.743393,42.254531],[-83.743394,42.254528],[-83.743395,42.254526],[-83.743396,42.254523],[-83.743397,42.254521],[-83.743398,42.254518],[-83.743399,42.254516],[-83.743399,42.254513],[-83.7434,42.25451],[-83.743401,42.254508],[-83.743401,42.254505],[-83.743401,42.254503],[-83.743402,42.2545],[-83.743402,42.254498],[-83.743402,42.254495],[-83.743403,42.254493],[-83.743403,42.254491],[-83.743403,42.254489],[-83.743403,42.254487],[-83.743403,42.254484],[-83.743402,42.254481],[-83.743401,42.254477],[-83.7434,42.254474],[-83.743398,42.25447],[-83.743396,42.254466],[-83.743394,42.254463],[-83.743391,42.254459],[-83.743388,42.254455],[-83.743384,42.254451],[-83.74338,42.254447],[-83.743376,42.254444],[-83.743372,42.25444],[-83.743367,42.254436],[-83.743363,42.254433],[-83.743358,42.25443],[-83.743353,42.254426],[-83.743348,42.254423],[-83.743342,42.25442],[-83.743337,42.254418],[-83.743332,42.254415],[-83.743327,42.254413],[-83.743321,42.254411],[-83.743316,42.254409],[-83.743311,42.254408],[-83.743306,42.254406],[-83.743301,42.254406],[-83.743296,42.254405],[-83.743291,42.254405],[-83.743287,42.254406],[-83.743286,42.254408],[-83.743285,42.254411],[-83.743284,42.254413],[-83.743284,42.254415],[-83.743284,42.254418],[-83.743283,42.25442],[-83.743284,42.254422],[-83.743284,42.254424],[-83.743284,42.254426],[-83.743284,42.254429],[-83.743285,42.254432],[-83.743285,42.254435],[-83.743284,42.254438],[-83.743281,42.25444],[-83.743277,42.25444],[-83.743273,42.254439],[-83.74327,42.254439],[-83.743266,42.254438],[-83.743262,42.254436],[-83.743257,42.254435],[-83.74325,42.254433],[-83.743242,42.254431],[-83.743234,42.25443],[-83.743227,42.25443],[-83.743221,42.254431],[-83.743215,42.254432],[-83.743209,42.254434],[-83.743204,42.254437],[-83.743199,42.25444],[-83.743195,42.254443],[-83.743192,42.254447],[-83.743189,42.254451],[-83.743187,42.254455],[-83.743185,42.254459],[-83.743184,42.254463],[-83.743184,42.254468],[-83.743184,42.254472],[-83.743185,42.254476],[-83.743187,42.25448],[-83.743189,42.254484],[-83.743192,42.254487],[-83.743196,42.25449],[-83.743201,42.254493],[-83.743206,42.254495],[-83.743212,42.254496],[-83.743219,42.254497],[-83.743227,42.254497],[-83.743236,42.254496],[-83.743244,42.254495],[-83.743247,42.254494],[-83.74325,42.254493],[-83.743252,42.254492]]]},"properties":{"ObjectName":null}},{"type":"Feature","geometry":{"type":"Polygon","coordinates":[[[-83.743723,42.257105],[-83.743719,42.257105],[-83.743715,42.257106],[-83.743713,42.257106],[-83.74371,42.257107],[-83.743708,42.257108],[-83.743706,42.257109],[-83.743703,42.257111],[-83.743701,42.257112],[-83.743699,42.257114],[-83.743697,42.257116],[-83.743696,42.257118],[-83.743694,42.25712],[-83.743692,42.257122],[-83.743691,42.257125],[-83.74369,42.257128],[-83.743688,42.257131],[-83.743687,42.257134],[-83.743687,42.257137],[-83.743687,42.257139],[-83.743686,42.257142],[-83.743686,42.257144],[-83.743687,42.257147],[-83.743687,42.257149],[-83.743688,42.257152],[-83.743689,42.257154],[-83.74369,42.257157],[-83.743691,42.257159],[-83.743692,42.257161],[-83.743694,42.257163],[-83.743695,42.257165],[-83.743697,42.257167],[-83.743699,42.257169],[-83.743701,42.257171],[-83.743703,42.257172],[-83.743705,42.257174],[-83.743708,42.257175],[-83.74371,42.257177],[-83.743712,42.257178],[-83.743715,42.257179],[-83.743717,42.25718],[-83.74372,42.257181],[-83.743723,42.257182],[-83.743725,42.257183],[-83.743728,42.257183],[-83.743731,42.257184],[-83.743733,42.257184],[-83.743736,42.257184],[-83.743739,42.257184],[-83.743741,42.257184],[-83.743744,42.257184],[-83.743747,42.257184],[-83.743749,42.257183],[-83.743752,42.257182],[-83.743754,42.257182],[-83.743756,42.257181],[-83.743759,42.25718],[-83.743761,42.257178],[-83.743763,42.257177],[-83.743765,42.257175],[-83.743767,42.257173],[-83.743768,42.257171],[-83.74377,42.257169],[-83.743771,42.257167],[-83.743773,42.257164],[-83.743774,42.257162],[-83.743775,42.257159],[-83.743775,42.257157],[-83.743776,42.257155],[-83.743776,42.257152],[-83.743776,42.257149],[-83.743776,42.257147],[-83.743776,42.257144],[-83.743776,42.257141],[-83.743775,42.257139],[-83.743774,42.257137],[-83.743773,42.257134],[-83.743772,42.257132],[-83.743771,42.25713],[-83.743769,42.257127],[-83.743768,42.257125],[-83.743766,42.257123],[-83.743764,42.257121],[-83.743762,42.25712],[-83.74376,42.257118],[-83.743758,42.257116],[-83.743756,42.257115],[-83.743754,42.257113],[-83.743751,42.257112],[-83.743749,42.257111],[-83.743746,42.257109],[-83.743744,42.257108],[-83.743741,42.257108],[-83.743739,42.257107],[-83.743736,42.257106],[-83.743733,42.257106],[-83.743731,42.257105],[-83.743728,42.257105],[-83.743726,42.257105],[-83.743723,42.257105]]]},"properties":{"ObjectName":null}},{"type":"Feature","geometry":{"type":"Polygon","coordinates":[[[-83.657093,42.285335],[-83.657084,42.28535],[-83.657078,42.285366],[-83.657084,42.285379],[-83.65709,42.285387],[-83.6571,42.285394],[-83.657145,42.285416],[-83.657205,42.285455],[-83.657223,42.285463],[-83.657241,42.285466],[-83.657261,42.285466],[-83.657278,42.285463],[-83.657292,42.285458],[-83.657307,42.285449],[-83.657319,42.28544],[-83.65733,42.285428],[-83.657339,42.285414],[-83.657345,42.285399],[-83.657349,42.285375],[-83.657345,42.285357],[-83.657338,42.285348],[-83.657327,42.285338],[-83.657312,42.285329],[-83.657293,42.285321],[-83.657269,42.285313],[-83.657251,42.285311],[-83.657239,42.285315],[-83.657213,42.285331],[-83.657202,42.285334],[-83.657193,42.285332],[-83.657168,42.285325],[-83.657127,42.285321],[-83.657113,42.285323],[-83.657103,42.285326],[-83.657093,42.285335]]]},"properties":{"ObjectName":null}},{"type":"Feature","geometry":{"type":"Polygon","coordinates":[[[-83.74618,42.256774],[-83.746177,42.256774],[-83.746173,42.256775],[-83.74617,42.256776],[-83.746166,42.256777],[-83.746163,42.256779],[-83.74616,42.256781],[-83.746157,42.256783],[-83.746155,42.256785],[-83.746152,42.256788],[-83.74615,42.25679],[-83.746147,42.256793],[-83.746145,42.256796],[-83.746143,42.256799],[-83.746142,42.256803],[-83.74614,42.256806],[-83.746139,42.25681],[-83.746137,42.256813],[-83.746136,42.256817],[-83.746135,42.256821],[-83.746135,42.256824],[-83.746134,42.256828],[-83.746134,42.256832],[-83.746134,42.256836],[-83.746134,42.256839],[-83.746134,42.256843],[-83.746135,42.256847],[-83.746136,42.25685],[-83.746137,42.256854],[-83.746138,42.256857],[-83.74614,42.25686],[-83.746141,42.256863],[-83.746143,42.256866],[-83.746146,42.256869],[-83.746148,42.256871],[-83.746151,42.256874],[-83.746154,42.256876],[-83.746157,42.256878],[-83.746161,42.256879],[-83.746164,42.25688],[-83.746168,42.256882],[-83.746173,42.256882],[-83.746177,42.256883],[-83.746182,42.256883],[-83.746189,42.256883],[-83.746192,42.256882],[-83.746196,42.256882],[-83.746199,42.256881],[-83.746202,42.25688],[-83.746204,42.256879],[-83.746207,42.256878],[-83.746211,42.256875],[-83.746213,42.256872],[-83.746214,42.256869],[-83.746215,42.256866],[-83.746215,42.256862],[-83.746215,42.25686],[-83.746215,42.256858],[-83.746214,42.256856],[-83.746214,42.256854],[-83.746213,42.256852],[-83.746212,42.256849],[-83.746211,42.256846],[-83.74621,42.256843],[-83.746209,42.256841],[-83.746208,42.256839],[-83.746207,42.256837],[-83.746206,42.256835],[-83.746205,42.256833],[-83.746205,42.256831],[-83.746204,42.256829],[-83.746204,42.256826],[-83.746204,42.256824],[-83.746204,42.256821],[-83.746205,42.256818],[-83.746206,42.256815],[-83.746207,42.256812],[-83.746208,42.256809],[-83.74621,42.256805],[-83.746212,42.256802],[-83.746213,42.256799],[-83.746214,42.256795],[-83.746214,42.256792],[-83.746214,42.256789],[-83.746212,42.256786],[-83.74621,42.256783],[-83.746207,42.256781],[-83.746204,42.256779],[-83.7462,42.256777],[-83.746196,42.256776],[-83.746192,42.256775],[-83.746188,42.256774],[-83.746184,42.256774],[-83.74618,42.256774]]]},"properties":{"ObjectName":null}},{"type":"Feature","geometry":{"type":"Polygon","coordinates":[[[-83.744079,42.255812],[-83.744077,42.255814],[-83.744071,42.255818],[-83.744066,42.255821],[-83.744063,42.255824],[-83.74406,42.255827],[-83.744057,42.255829],[-83.744055,42.255832],[-83.744053,42.255835],[-83.744052,42.255837],[-83.744052,42.25584],[-83.744052,42.255843],[-83.744052,42.255845],[-83.744053,42.255848],[-83.744054,42.255851],[-83.744055,42.255854],[-83.744057,42.255857],[-83.744059,42.255861],[-83.744062,42.255864],[-83.744064,42.255868],[-83.744066,42.255871],[-83.744067,42.255874],[-83.744067,42.255877],[-83.744066,42.25588],[-83.744066,42.255884],[-83.744064,42.255887],[-83.744063,42.25589],[-83.744062,42.255893],[-83.74406,42.255897],[-83.744059,42.2559],[-83.744057,42.255904],[-83.744056,42.255908],[-83.744055,42.255911],[-83.744055,42.255915],[-83.744055,42.255919],[-83.744055,42.255923],[-83.744057,42.255926],[-83.744058,42.25593],[-83.74406,42.255933],[-83.744062,42.255936],[-83.744065,42.255939],[-83.744068,42.255941],[-83.744071,42.255943],[-83.744074,42.255945],[-83.744078,42.255947],[-83.744082,42.255949],[-83.744086,42.25595],[-83.744091,42.255951],[-83.744095,42.255952],[-83.7441,42.255952],[-83.744105,42.255952],[-83.744109,42.255952],[-83.744114,42.255952],[-83.744117,42.255952],[-83.744121,42.255951],[-83.744124,42.255951],[-83.744128,42.25595],[-83.744131,42.255949],[-83.744135,42.255948],[-83.744139,42.255947],[-83.744142,42.255946],[-83.744146,42.255944],[-83.744149,42.255943],[-83.744152,42.255941],[-83.744156,42.255939],[-83.744159,42.255937],[-83.744161,42.255935],[-83.744164,42.255933],[-83.744166,42.255931],[-83.744168,42.255929],[-83.74417,42.255926],[-83.744172,42.255923],[-83.744172,42.255921],[-83.744173,42.255918],[-83.744172,42.255916],[-83.744172,42.255913],[-83.744171,42.255911],[-83.744169,42.255909],[-83.744168,42.255906],[-83.744166,42.255904],[-83.744164,42.255902],[-83.744161,42.2559],[-83.744159,42.255897],[-83.744157,42.255895],[-83.744155,42.255893],[-83.744153,42.25589],[-83.744151,42.255889],[-83.744149,42.255886],[-83.744147,42.255884],[-83.744145,42.255881],[-83.744142,42.255878],[-83.74414,42.255875],[-83.744138,42.255872],[-83.744137,42.255869],[-83.744136,42.255866],[-83.744135,42.255863],[-83.744135,42.255861],[-83.744136,42.255859],[-83.744138,42.255858],[-83.744141,42.255856],[-83.744145,42.255856],[-83.744149,42.255856],[-83.744156,42.255857],[-83.744163,42.255859],[-83.744168,42.255862],[-83.744174,42.255865],[-83.744178,42.255869],[-83.744182,42.255873],[-83.744186,42.255877],[-83.744189,42.255882],[-83.744193,42.255886],[-83.744196,42.255891],[-83.7442,42.255895],[-83.744204,42.255899],[-83.744208,42.255903],[-83.744213,42.255906],[-83.744218,42.255908],[-83.744225,42.25591],[-83.744232,42.255911],[-83.744238,42.255911],[-83.744245,42.255911],[-83.744251,42.255909],[-83.744257,42.255908],[-83.744262,42.255906],[-83.744268,42.255903],[-83.744273,42.2559],[-83.744277,42.255897],[-83.744282,42.255894],[-83.744285,42.25589],[-83.744288,42.255886],[-83.744291,42.255881],[-83.744293,42.255877],[-83.744294,42.255873],[-83.744294,42.255868],[-83.744294,42.255863],[-83.744293,42.255859],[-83.744292,42.255856],[-83.74429,42.255853],[-83.744288,42.25585],[-83.744286,42.255848],[-83.744284,42.255846],[-83.744282,42.255843],[-83.744279,42.255841],[-83.744276,42.255839],[-83.744273,42.255837],[-83.74427,42.255837],[-83.744266,42.255836],[-83.744263,42.255836],[-83.74426,42.255836],[-83.744257,42.255836],[-83.744255,42.255836],[-83.744252,42.255836],[-83.744249,42.255836],[-83.744247,42.255837],[-83.744244,42.255837],[-83.74424,42.255837],[-83.744235,42.255837],[-83.744231,42.255837],[-83.744225,42.255836],[-83.744221,42.255834],[-83.744218,42.255832],[-83.744215,42.25583],[-83.744214,42.255827],[-83.744213,42.255824],[-83.744213,42.255821],[-83.744214,42.255818],[-83.744214,42.255814],[-83.744215,42.255811],[-83.744216,42.255807],[-83.744217,42.255803],[-83.744217,42.2558],[-83.744217,42.255796],[-83.744217,42.255793],[-83.744216,42.255789],[-83.744211,42.255782],[-83.744204,42.255774],[-83.744196,42.255769],[-83.744187,42.255766],[-83.744178,42.255764],[-83.744168,42.255765],[-83.744159,42.255767],[-83.744148,42.25577],[-83.744138,42.255774],[-83.744128,42.255779],[-83.744118,42.255785],[-83.744109,42.255791],[-83.7441,42.255797],[-83.744091,42.255803],[-83.744083,42.255809],[-83.744079,42.255812]]]},"properties":{"ObjectName":null}},{"type":"Feature","geometry":{"type":"Polygon","coordinates":[[[-83.74913,42.2548],[-83.74913,42.254809],[-83.749129,42.254817],[-83.749129,42.254824],[-83.749129,42.254832],[-83.749129,42.254839],[-83.749129,42.254845],[-83.749131,42.254859],[-83.749133,42.254874],[-83.749134,42.254889],[-83.749135,42.254903],[-83.749134,42.254917],[-83.749134,42.254931],[-83.749132,42.254945],[-83.74913,42.254958],[-83.749128,42.254968],[-83.749127,42.254974],[-83.749126,42.254979],[-83.749125,42.254983],[-83.749123,42.254987],[-83.74912,42.254991],[-83.749118,42.254994],[-83.749115,42.254998],[-83.749112,42.255001],[-83.749111,42.255007],[-83.749111,42.255013],[-83.749111,42.255018],[-83.749111,42.255024],[-83.74911,42.255029],[-83.749109,42.255034],[-83.749107,42.25504],[-83.749105,42.255045],[-83.749103,42.255051],[-83.7491,42.255058],[-83.749097,42.255065],[-83.749095,42.255072],[-83.749093,42.255079],[-83.749091,42.255087],[-83.749091,42.255094],[-83.749091,42.255101],[-83.749092,42.255108],[-83.749095,42.255115],[-83.749101,42.255124],[-83.74911,42.255129],[-83.749121,42.255133],[-83.749134,42.255136],[-83.749148,42.255137],[-83.749162,42.255137],[-83.749176,42.255137],[-83.749188,42.255137],[-83.749194,42.255137],[-83.749198,42.255136],[-83.749203,42.255135],[-83.749209,42.255134],[-83.749216,42.255132],[-83.749222,42.255131],[-83.749229,42.255129],[-83.749235,42.255127],[-83.749241,42.255125],[-83.749247,42.25512],[-83.749252,42.255114],[-83.749258,42.255108],[-83.749263,42.255102],[-83.749268,42.255095],[-83.749273,42.255088],[-83.749277,42.255081],[-83.74928,42.255074],[-83.749283,42.255068],[-83.749286,42.255062],[-83.749289,42.255055],[-83.749291,42.255049],[-83.749294,42.255043],[-83.749296,42.255037],[-83.749297,42.25503],[-83.749298,42.255024],[-83.749299,42.255018],[-83.749301,42.25501],[-83.749304,42.255002],[-83.749307,42.254994],[-83.74931,42.254987],[-83.749313,42.25498],[-83.749316,42.254972],[-83.749318,42.254965],[-83.749321,42.254957],[-83.749324,42.254949],[-83.749327,42.254943],[-83.749329,42.254936],[-83.74933,42.25493],[-83.749331,42.254923],[-83.749332,42.254916],[-83.749332,42.254909],[-83.749333,42.254901],[-83.749333,42.254894],[-83.749332,42.254882],[-83.749329,42.254867],[-83.749328,42.254852],[-83.749326,42.254836],[-83.749325,42.25482],[-83.749324,42.254805],[-83.749324,42.254802],[-83.74932,42.254802],[-83.74932,42.254797],[-83.749323,42.254797],[-83.749322,42.254789],[-83.749321,42.254774],[-83.74932,42.254774],[-83.74932,42.254773],[-83.749318,42.254759],[-83.749315,42.254744],[-83.749312,42.254729],[-83.749308,42.254715],[-83.749304,42.2547],[-83.749299,42.254686],[-83.749294,42.254672],[-83.749288,42.254658],[-83.749283,42.254645],[-83.749276,42.25463],[-83.749262,42.254601],[-83.749247,42.254572],[-83.74923,42.254544],[-83.749212,42.254517],[-83.749193,42.25449],[-83.74919,42.254487],[-83.749172,42.254464],[-83.749149,42.254439],[-83.749123,42.254415],[-83.749118,42.25441],[-83.749103,42.254398],[-83.749091,42.254389],[-83.749077,42.254381],[-83.749062,42.254375],[-83.749046,42.25437],[-83.749031,42.254367],[-83.749012,42.254365],[-83.748993,42.254364],[-83.748974,42.254365],[-83.748963,42.254366],[-83.748955,42.254367],[-83.748947,42.254369],[-83.748939,42.254372],[-83.748931,42.254375],[-83.748923,42.254378],[-83.748916,42.254382],[-83.74891,42.254386],[-83.748905,42.254391],[-83.748903,42.254399],[-83.748903,42.254406],[-83.748904,42.254412],[-83.748906,42.254418],[-83.748909,42.254424],[-83.748913,42.25443],[-83.748916,42.254435],[-83.748919,42.254441],[-83.748924,42.254446],[-83.748929,42.254451],[-83.748935,42.254455],[-83.748941,42.254459],[-83.748946,42.254463],[-83.748952,42.254468],[-83.748957,42.254472],[-83.748963,42.254476],[-83.748969,42.25448],[-83.748974,42.254486],[-83.748979,42.254492],[-83.748983,42.254497],[-83.748988,42.254502],[-83.748992,42.254507],[-83.748996,42.254511],[-83.749001,42.254516],[-83.749006,42.25452],[-83.749012,42.254526],[-83.74902,42.254537],[-83.749028,42.254548],[-83.749036,42.254559],[-83.749044,42.254571],[-83.749052,42.254582],[-83.749059,42.254594],[-83.749061,42.254597],[-83.749066,42.254605],[-83.749072,42.254616],[-83.749077,42.254627],[-83.749082,42.254637],[-83.749086,42.254648],[-83.74909,42.254658],[-83.749094,42.254669],[-83.749097,42.254679],[-83.7491,42.25469],[-83.749103,42.2547],[-83.749106,42.254711],[-83.749106,42.254714],[-83.749107,42.254717],[-83.749108,42.25472],[-83.74911,42.254723],[-83.749112,42.254727],[-83.749115,42.254731],[-83.749117,42.254735],[-83.74912,42.254739],[-83.749122,42.254743],[-83.749122,42.254748],[-83.749122,42.254752],[-83.749122,42.254756],[-83.749123,42.25476],[-83.749124,42.254764],[-83.749125,42.254769],[-83.749127,42.254773],[-83.749129,42.254777],[-83.74913,42.254784],[-83.74913,42.254792],[-83.74913,42.2548]]]},"properties":{"ObjectName":null}},{"type":"Feature","geometry":{"type":"Polygon","coordinates":[[[-83.661918,42.283831],[-83.66191,42.283833],[-83.661897,42.283843],[-83.661893,42.283852],[-83.661897,42.283858],[-83.661911,42.283867],[-83.661926,42.283875],[-83.661946,42.283882],[-83.661966,42.283886],[-83.661988,42.283889],[-83.662009,42.28389],[-83.662017,42.283888],[-83.662021,42.283882],[-83.662023,42.28387],[-83.662023,42.283859],[-83.66202,42.283851],[-83.662014,42.283846],[-83.662005,42.283842],[-83.661964,42.283837],[-83.661928,42.283831],[-83.661918,42.283831]]]},"properties":{"ObjectName":null}},{"type":"Feature","geometry":{"type":"Polygon","coordinates":[[[-83.655923,42.283052],[-83.65592,42.283065],[-83.655919,42.283078],[-83.65592,42.283092],[-83.655924,42.283104],[-83.655931,42.283114],[-83.655945,42.283126],[-83.65596,42.283134],[-83.655985,42.283138],[-83.656016,42.283139],[-83.656037,42.283136],[-83.656047,42.283131],[-83.656067,42.28311],[-83.656084,42.283099],[-83.656116,42.283084],[-83.656133,42.283074],[-83.656142,42.283066],[-83.65615,42.283054],[-83.656152,42.283042],[-83.656145,42.28303],[-83.656129,42.283016],[-83.656116,42.283008],[-83.656104,42.283004],[-83.656076,42.283002],[-83.65606,42.282998],[-83.656049,42.282992],[-83.656028,42.282977],[-83.656017,42.282972],[-83.655992,42.28297],[-83.655984,42.282971],[-83.655979,42.282973],[-83.655972,42.282982],[-83.65597,42.282998],[-83.655976,42.283012],[-83.655991,42.283024],[-83.656014,42.283029],[-83.65602,42.283034],[-83.656023,42.283039],[-83.656023,42.283045],[-83.656011,42.283047],[-83.656,42.283045],[-83.655974,42.283036],[-83.655963,42.283034],[-83.655943,42.283035],[-83.655935,42.283039],[-83.655927,42.283045],[-83.655923,42.283052]]]},"properties":{"ObjectName":null}},{"type":"Feature","geometry":{"type":"Polygon","coordinates":[[[-83.654664,42.282317],[-83.654657,42.282314],[-83.654648,42.282313],[-83.654615,42.282315],[-83.654603,42.282314],[-83.654576,42.282309],[-83.654556,42.282302],[-83.654535,42.282291],[-83.654512,42.282273],[-83.654501,42.282261],[-83.654475,42.282228],[-83.654423,42.282182],[-83.654346,42.282118],[-83.654317,42.282099],[-83.654289,42.282085],[-83.654254,42.282069],[-83.654232,42.282064],[-83.654207,42.282062],[-83.654183,42.282065],[-83.654155,42.282073],[-83.654138,42.282084],[-83.65413,42.282096],[-83.654125,42.282117],[-83.654122,42.282141],[-83.654124,42.28216],[-83.654132,42.282172],[-83.654148,42.282181],[-83.654168,42.282189],[-83.65423,42.282207],[-83.654246,42.282215],[-83.654258,42.282222],[-83.654275,42.282237],[-83.654284,42.282248],[-83.654291,42.282268],[-83.654291,42.282295],[-83.654285,42.282318],[-83.654275,42.282335],[-83.654266,42.282344],[-83.654238,42.282364],[-83.654216,42.282382],[-83.654206,42.282394],[-83.654194,42.282416],[-83.654192,42.282435],[-83.654199,42.282453],[-83.654213,42.28247],[-83.654225,42.282479],[-83.654241,42.282487],[-83.654261,42.282494],[-83.654291,42.282501],[-83.654318,42.282506],[-83.654349,42.282508],[-83.654385,42.282507],[-83.65443,42.282504],[-83.654476,42.282498],[-83.654545,42.282494],[-83.654604,42.282494],[-83.65463,42.282495],[-83.65465,42.282502],[-83.65463,42.28248],[-83.654614,42.282456],[-83.654603,42.282431],[-83.654596,42.282407],[-83.654591,42.282376],[-83.654594,42.282363],[-83.6546,42.282352],[-83.654611,42.282341],[-83.654624,42.282331],[-83.654638,42.282323],[-83.654649,42.282319],[-83.654664,42.282317]]]},"properties":{"ObjectName":null}},{"type":"Feature","geometry":{"type":"Polygon","coordinates":[[[-83.744534,42.258776],[-83.74453,42.258776],[-83.744527,42.258776],[-83.744523,42.258777],[-83.74452,42.258777],[-83.744517,42.258777],[-83.744514,42.258778],[-83.744511,42.258778],[-83.744508,42.258779],[-83.744505,42.25878],[-83.744502,42.258781],[-83.744499,42.258782],[-83.744496,42.258783],[-83.744493,42.258784],[-83.744491,42.258785],[-83.744488,42.258786],[-83.744486,42.258788],[-83.744484,42.258789],[-83.744482,42.258791],[-83.744479,42.258793],[-83.744477,42.258795],[-83.744476,42.258797],[-83.744474,42.258799],[-83.744472,42.258802],[-83.744471,42.258804],[-83.744469,42.258807],[-83.744468,42.25881],[-83.744467,42.258813],[-83.744466,42.258816],[-83.744465,42.258819],[-83.744464,42.258823],[-83.744464,42.258826],[-83.744464,42.25883],[-83.744464,42.258833],[-83.744464,42.258836],[-83.744464,42.258839],[-83.744465,42.258841],[-83.744466,42.258844],[-83.744467,42.258847],[-83.744469,42.258849],[-83.744471,42.258851],[-83.744472,42.258854],[-83.744474,42.258856],[-83.744477,42.258858],[-83.744479,42.258859],[-83.744482,42.258861],[-83.744484,42.258863],[-83.744487,42.258864],[-83.74449,42.258866],[-83.744493,42.258867],[-83.744497,42.258869],[-83.7445,42.25887],[-83.744503,42.258871],[-83.744507,42.258872],[-83.744511,42.258873],[-83.744514,42.258874],[-83.744518,42.258875],[-83.744522,42.258875],[-83.744526,42.258876],[-83.74453,42.258877],[-83.744534,42.258877],[-83.744538,42.258878],[-83.744542,42.258879],[-83.744546,42.258879],[-83.744551,42.258879],[-83.744555,42.25888],[-83.744559,42.25888],[-83.744563,42.258881],[-83.744567,42.258881],[-83.744571,42.258881],[-83.744575,42.258882],[-83.744579,42.258882],[-83.744583,42.258882],[-83.744587,42.258882],[-83.744591,42.258883],[-83.744595,42.258883],[-83.744598,42.258883],[-83.744602,42.258883],[-83.744605,42.258883],[-83.744609,42.258884],[-83.744612,42.258884],[-83.744615,42.258884],[-83.744618,42.258885],[-83.744621,42.258885],[-83.744624,42.258885],[-83.744628,42.258886],[-83.744631,42.258886],[-83.744635,42.258886],[-83.744638,42.258887],[-83.744642,42.258887],[-83.744646,42.258887],[-83.744649,42.258888],[-83.744653,42.258888],[-83.744657,42.258889],[-83.744661,42.258889],[-83.744665,42.258889],[-83.744669,42.258889],[-83.744673,42.25889],[-83.744676,42.25889],[-83.74468,42.25889],[-83.744684,42.25889],[-83.744688,42.25889],[-83.744692,42.25889],[-83.744695,42.25889],[-83.744699,42.25889],[-83.744703,42.258889],[-83.744706,42.258889],[-83.74471,42.258889],[-83.744713,42.258888],[-83.744716,42.258887],[-83.74472,42.258887],[-83.744723,42.258886],[-83.744726,42.258885],[-83.744728,42.258884],[-83.744731,42.258883],[-83.744734,42.258881],[-83.744736,42.25888],[-83.744738,42.258879],[-83.74474,42.258877],[-83.744742,42.258875],[-83.744744,42.258873],[-83.744746,42.258871],[-83.744747,42.258869],[-83.744748,42.258866],[-83.744749,42.258864],[-83.74475,42.258861],[-83.74475,42.258858],[-83.74475,42.258855],[-83.74475,42.258852],[-83.74475,42.258848],[-83.74475,42.258845],[-83.744749,42.258843],[-83.744748,42.25884],[-83.744748,42.258837],[-83.744746,42.258835],[-83.744745,42.258833],[-83.744744,42.25883],[-83.744742,42.258828],[-83.74474,42.258826],[-83.744738,42.258824],[-83.744736,42.258822],[-83.744734,42.25882],[-83.744731,42.258818],[-83.744729,42.258816],[-83.744726,42.258814],[-83.744723,42.258813],[-83.74472,42.258811],[-83.744718,42.25881],[-83.744714,42.258808],[-83.744711,42.258807],[-83.744708,42.258805],[-83.744705,42.258804],[-83.744701,42.258803],[-83.744698,42.258802],[-83.744694,42.2588],[-83.744691,42.258799],[-83.744687,42.258798],[-83.744684,42.258797],[-83.74468,42.258796],[-83.744676,42.258795],[-83.744672,42.258794],[-83.744669,42.258793],[-83.744665,42.258793],[-83.744661,42.258792],[-83.744657,42.258791],[-83.744654,42.25879],[-83.74465,42.25879],[-83.744646,42.258789],[-83.744643,42.258788],[-83.744639,42.258788],[-83.744635,42.258787],[-83.744632,42.258787],[-83.744628,42.258786],[-83.744625,42.258786],[-83.744621,42.258785],[-83.744618,42.258785],[-83.744615,42.258784],[-83.744612,42.258784],[-83.744609,42.258783],[-83.744606,42.258783],[-83.744602,42.258782],[-83.744598,42.258782],[-83.744595,42.258781],[-83.744591,42.258781],[-83.744588,42.25878],[-83.744584,42.25878],[-83.74458,42.258779],[-83.744577,42.258779],[-83.744573,42.258779],[-83.744569,42.258778],[-83.744566,42.258778],[-83.744562,42.258777],[-83.744558,42.258777],[-83.744555,42.258777],[-83.744551,42.258777],[-83.744548,42.258776],[-83.744544,42.258776],[-83.74454,42.258776],[-83.744537,42.258776],[-83.744534,42.258776]]]},"properties":{"ObjectName":null}},{"type":"Feature","geometry":{"type":"Polygon","coordinates":[[[-83.663116,42.287586],[-83.66313,42.287596],[-83.663139,42.287598],[-83.663154,42.287599],[-83.663181,42.287599],[-83.663198,42.287597],[-83.663209,42.287593],[-83.663221,42.287584],[-83.663237,42.287575],[-83.663251,42.287574],[-83.663267,42.287578],[-83.66328,42.287586],[-83.663295,42.287593],[-83.663305,42.287594],[-83.663318,42.287593],[-83.663329,42.28759],[-83.663339,42.287585],[-83.663347,42.287577],[-83.663354,42.287565],[-83.663359,42.287545],[-83.663359,42.28753],[-83.663356,42.287516],[-83.663343,42.287494],[-83.663334,42.287482],[-83.663326,42.287475],[-83.663307,42.287466],[-83.66329,42.287463],[-83.663278,42.287463],[-83.663272,42.287465],[-83.663268,42.287476],[-83.663268,42.28749],[-83.663281,42.287506],[-83.663289,42.287524],[-83.66329,42.287537],[-83.663287,42.287545],[-83.663282,42.287546],[-83.663272,42.287545],[-83.663261,42.287542],[-83.663251,42.287542],[-83.663239,42.287543],[-83.663228,42.28754],[-83.663216,42.287533],[-83.663212,42.287528],[-83.663209,42.28752],[-83.66321,42.287502],[-83.663217,42.287488],[-83.663217,42.28748],[-83.663214,42.287472],[-83.663207,42.287464],[-83.6632,42.287459],[-83.663191,42.287459],[-83.663176,42.287461],[-83.663163,42.287465],[-83.663155,42.287469],[-83.663151,42.287475],[-83.663148,42.287486],[-83.663148,42.287507],[-83.663135,42.287525],[-83.663125,42.287541],[-83.663111,42.287561],[-83.663108,42.287573],[-83.663116,42.287586]]]},"properties":{"ObjectName":null}},{"type":"Feature","geometry":{"type":"Polygon","coordinates":[[[-83.65618,42.284535],[-83.656168,42.284543],[-83.656152,42.284561],[-83.656136,42.284582],[-83.656122,42.284605],[-83.656111,42.284631],[-83.656103,42.284657],[-83.656099,42.284675],[-83.656099,42.284685],[-83.656104,42.284699],[-83.656112,42.284707],[-83.65612,42.28471],[-83.656135,42.284712],[-83.656156,42.284712],[-83.656164,42.284708],[-83.656176,42.284698],[-83.656193,42.284682],[-83.656209,42.284664],[-83.656223,42.284642],[-83.656237,42.284617],[-83.656246,42.284596],[-83.65625,42.284582],[-83.656253,42.284563],[-83.65625,42.284553],[-83.656239,42.284544],[-83.656223,42.284536],[-83.6562,42.284533],[-83.65618,42.284535]]]},"properties":{"ObjectName":null}},{"type":"Feature","geometry":{"type":"Polygon","coordinates":[[[-83.743809,42.258853],[-83.743805,42.258853],[-83.7438,42.258853],[-83.743796,42.258854],[-83.743792,42.258855],[-83.743788,42.258856],[-83.743784,42.258857],[-83.743781,42.258858],[-83.743777,42.25886],[-83.743774,42.258861],[-83.743771,42.258863],[-83.743768,42.258866],[-83.743765,42.258868],[-83.743762,42.258871],[-83.74376,42.258874],[-83.743758,42.258877],[-83.743757,42.25888],[-83.743756,42.258881],[-83.743755,42.258883],[-83.743754,42.258885],[-83.743753,42.258888],[-83.743752,42.258892],[-83.743751,42.258895],[-83.74375,42.258899],[-83.74375,42.258903],[-83.74375,42.258907],[-83.74375,42.258911],[-83.74375,42.258915],[-83.74375,42.258918],[-83.743751,42.258922],[-83.743752,42.258926],[-83.743754,42.258929],[-83.743755,42.258933],[-83.743757,42.258936],[-83.743759,42.25894],[-83.743761,42.258943],[-83.743763,42.258946],[-83.743766,42.258949],[-83.743769,42.258952],[-83.743772,42.258955],[-83.743775,42.258958],[-83.743779,42.25896],[-83.743782,42.258962],[-83.743786,42.258965],[-83.74379,42.258967],[-83.743795,42.258968],[-83.743799,42.25897],[-83.743804,42.258971],[-83.743808,42.258972],[-83.743811,42.258973],[-83.743813,42.258973],[-83.743816,42.258973],[-83.743819,42.258974],[-83.743821,42.258974],[-83.743824,42.258974],[-83.743827,42.258974],[-83.74383,42.258974],[-83.743833,42.258974],[-83.743836,42.258974],[-83.743839,42.258974],[-83.743841,42.258973],[-83.743844,42.258973],[-83.743847,42.258972],[-83.743849,42.258972],[-83.743852,42.258971],[-83.743855,42.25897],[-83.743857,42.258969],[-83.74386,42.258968],[-83.743862,42.258967],[-83.743864,42.258966],[-83.743867,42.258965],[-83.743869,42.258963],[-83.743871,42.258962],[-83.743873,42.258961],[-83.743875,42.258959],[-83.743877,42.258958],[-83.743879,42.258956],[-83.743881,42.258954],[-83.743883,42.258953],[-83.743884,42.258951],[-83.743886,42.258949],[-83.743888,42.258947],[-83.743889,42.258945],[-83.74389,42.258944],[-83.743892,42.258942],[-83.743893,42.25894],[-83.743894,42.258938],[-83.743895,42.258936],[-83.743897,42.258934],[-83.743898,42.258932],[-83.743898,42.25893],[-83.743899,42.258927],[-83.7439,42.258925],[-83.743901,42.258923],[-83.743901,42.258921],[-83.743902,42.258919],[-83.743902,42.258917],[-83.743902,42.258915],[-83.743902,42.258913],[-83.743903,42.25891],[-83.743903,42.258908],[-83.743902,42.258906],[-83.743902,42.258904],[-83.743902,42.258902],[-83.743902,42.2589],[-83.743901,42.258898],[-83.743901,42.258896],[-83.7439,42.258894],[-83.743899,42.258892],[-83.743898,42.25889],[-83.743897,42.258888],[-83.743896,42.258886],[-83.743895,42.258884],[-83.743893,42.258883],[-83.743892,42.258881],[-83.74389,42.258879],[-83.743889,42.258878],[-83.743887,42.258876],[-83.743885,42.258874],[-83.743883,42.258873],[-83.74388,42.258871],[-83.743877,42.258869],[-83.743874,42.258867],[-83.74387,42.258866],[-83.743866,42.258864],[-83.743863,42.258862],[-83.743859,42.258861],[-83.743855,42.25886],[-83.74385,42.258858],[-83.743846,42.258857],[-83.743843,42.258856],[-83.74384,42.258856],[-83.743835,42.258855],[-83.743831,42.258854],[-83.743826,42.258854],[-83.743822,42.258853],[-83.743818,42.258853],[-83.743813,42.258853],[-83.743809,42.258853]]]},"properties":{"ObjectName":null}},{"type":"Feature","geometry":{"type":"Polygon","coordinates":[[[-83.655084,42.288401],[-83.655054,42.28841],[-83.655025,42.288424],[-83.655006,42.288438],[-83.654997,42.288448],[-83.654991,42.288461],[-83.654991,42.288473],[-83.655,42.288486],[-83.655017,42.288497],[-83.655036,42.288503],[-83.655056,42.288501],[-83.655084,42.288493],[-83.655112,42.288479],[-83.655126,42.288469],[-83.655138,42.288457],[-83.655144,42.288444],[-83.655147,42.28843],[-83.655145,42.288421],[-83.655138,42.288412],[-83.655126,42.288404],[-83.655114,42.2884],[-83.655101,42.288399],[-83.655084,42.288401]]]},"properties":{"ObjectName":null}},{"type":"Feature","geometry":{"type":"Polygon","coordinates":[[[-83.743037,42.261058],[-83.743033,42.261057],[-83.743028,42.261057],[-83.743025,42.261058],[-83.743022,42.261058],[-83.743019,42.261059],[-83.743016,42.26106],[-83.743013,42.261061],[-83.743011,42.261062],[-83.743008,42.261063],[-83.743005,42.261065],[-83.743002,42.261067],[-83.743,42.261068],[-83.742997,42.26107],[-83.742994,42.261072],[-83.742992,42.261075],[-83.74299,42.261077],[-83.742988,42.261079],[-83.742986,42.261082],[-83.742984,42.261084],[-83.742982,42.261086],[-83.742981,42.261089],[-83.742979,42.261092],[-83.742978,42.261094],[-83.742977,42.261097],[-83.742977,42.261099],[-83.742976,42.261102],[-83.742976,42.261105],[-83.742976,42.261107],[-83.742976,42.26111],[-83.742977,42.261112],[-83.742978,42.261114],[-83.742979,42.261117],[-83.74298,42.261119],[-83.742982,42.261121],[-83.742984,42.261123],[-83.742987,42.261125],[-83.74299,42.261127],[-83.742992,42.261128],[-83.742994,42.261129],[-83.742997,42.26113],[-83.743,42.261131],[-83.743003,42.261132],[-83.743005,42.261132],[-83.743008,42.261133],[-83.743011,42.261133],[-83.743014,42.261133],[-83.743016,42.261133],[-83.743019,42.261133],[-83.743022,42.261132],[-83.743024,42.261132],[-83.743028,42.261131],[-83.74303,42.26113],[-83.743033,42.261129],[-83.743035,42.261128],[-83.743037,42.261127],[-83.74304,42.261126],[-83.743042,42.261125],[-83.743044,42.261123],[-83.743046,42.261122],[-83.743047,42.26112],[-83.743049,42.261118],[-83.743051,42.261117],[-83.743052,42.261115],[-83.743053,42.261113],[-83.743054,42.261111],[-83.743055,42.261109],[-83.743056,42.261107],[-83.743057,42.261105],[-83.743058,42.261103],[-83.743058,42.261101],[-83.743058,42.261099],[-83.743058,42.261097],[-83.743058,42.261093],[-83.743057,42.26109],[-83.743057,42.261086],[-83.743056,42.261083],[-83.743056,42.26108],[-83.743055,42.261078],[-83.743053,42.261074],[-83.743051,42.26107],[-83.743049,42.261067],[-83.743047,42.261064],[-83.743044,42.261062],[-83.743041,42.26106],[-83.743037,42.261058]]]},"properties":{"ObjectName":null}},{"type":"Feature","geometry":{"type":"Polygon","coordinates":[[[-83.664678,42.283544],[-83.664686,42.283546],[-83.664689,42.283549],[-83.664695,42.283554],[-83.664701,42.283565],[-83.664713,42.283588],[-83.664719,42.283597],[-83.664727,42.283603],[-83.664739,42.283608],[-83.664754,42.283608],[-83.664768,42.283603],[-83.664775,42.283595],[-83.664771,42.283584],[-83.664759,42.283561],[-83.664756,42.283538],[-83.664753,42.28353],[-83.664746,42.283521],[-83.664736,42.283513],[-83.664718,42.283507],[-83.664696,42.283508],[-83.664684,42.283506],[-83.664671,42.283501],[-83.664641,42.283484],[-83.664632,42.283482],[-83.664624,42.283483],[-83.664613,42.283487],[-83.664604,42.283494],[-83.664597,42.283506],[-83.664594,42.283515],[-83.664594,42.283523],[-83.664598,42.283533],[-83.664608,42.283542],[-83.664616,42.283545],[-83.664625,42.283546],[-83.664648,42.283546],[-83.664669,42.283543],[-83.664678,42.283544]]]},"properties":{"ObjectName":null}},{"type":"Feature","geometry":{"type":"Polygon","coordinates":[[[-83.745162,42.257944],[-83.745262,42.257927],[-83.745323,42.257868],[-83.745324,42.257864],[-83.745328,42.257827],[-83.745315,42.257789],[-83.745293,42.257752],[-83.745284,42.257713],[-83.745285,42.25767],[-83.745293,42.257626],[-83.745337,42.257566],[-83.745397,42.257509],[-83.745426,42.257442],[-83.74542,42.257401],[-83.745407,42.257362],[-83.745395,42.257324],[-83.745389,42.257278],[-83.745389,42.257234],[-83.745395,42.257192],[-83.745401,42.257148],[-83.745404,42.257102],[-83.745405,42.257054],[-83.745403,42.257014],[-83.745394,42.256977],[-83.745376,42.256939],[-83.74533,42.256805],[-83.74531,42.256657],[-83.745266,42.25651],[-83.745206,42.25644],[-83.745146,42.256386],[-83.745105,42.25632],[-83.745101,42.256283],[-83.745103,42.256256],[-83.745115,42.256228],[-83.745139,42.256209],[-83.745164,42.256193],[-83.745188,42.256173],[-83.745207,42.256149],[-83.745223,42.256124],[-83.745227,42.256096],[-83.745208,42.256042],[-83.745175,42.255981],[-83.745144,42.255921],[-83.745126,42.255884],[-83.74511,42.255852],[-83.745094,42.255819],[-83.745073,42.255716],[-83.745083,42.255592],[-83.74509,42.255465],[-83.745082,42.255407],[-83.745069,42.25537],[-83.745056,42.25533],[-83.745047,42.255252],[-83.745055,42.255162],[-83.74506,42.255071],[-83.745048,42.255017],[-83.745024,42.254981],[-83.744983,42.25495],[-83.744928,42.254932],[-83.744865,42.254918],[-83.744814,42.254893],[-83.744795,42.254869],[-83.744786,42.254851],[-83.744782,42.254833],[-83.744776,42.254814],[-83.744769,42.254795],[-83.744766,42.254774],[-83.744766,42.254761],[-83.744766,42.254752],[-83.744766,42.25474],[-83.74477,42.254731],[-83.744773,42.254721],[-83.744774,42.254715],[-83.744772,42.254717],[-83.74477,42.254721],[-83.744768,42.254724],[-83.744766,42.254727],[-83.744763,42.25473],[-83.744761,42.254733],[-83.744758,42.254737],[-83.744756,42.25474],[-83.744753,42.254743],[-83.74475,42.254746],[-83.744747,42.254749],[-83.744743,42.254752],[-83.74474,42.254755],[-83.744737,42.254757],[-83.744734,42.254759],[-83.744731,42.254761],[-83.744727,42.254763],[-83.744724,42.254765],[-83.74472,42.254766],[-83.744717,42.254767],[-83.744713,42.254768],[-83.744709,42.254769],[-83.744705,42.25477],[-83.744701,42.25477],[-83.744697,42.254771],[-83.744692,42.254771],[-83.744688,42.254771],[-83.744683,42.254771],[-83.744678,42.254771],[-83.744673,42.25477],[-83.744667,42.25477],[-83.744662,42.254769],[-83.744657,42.254768],[-83.744652,42.254768],[-83.744648,42.254767],[-83.744643,42.254766],[-83.744639,42.254765],[-83.744634,42.254764],[-83.744654,42.254775],[-83.744669,42.254785],[-83.744688,42.254797],[-83.744703,42.254809],[-83.744726,42.254844],[-83.74471,42.254898],[-83.744675,42.254952],[-83.744665,42.254987],[-83.744662,42.255006],[-83.744662,42.255027],[-83.744678,42.255054],[-83.744705,42.255084],[-83.744728,42.255115],[-83.74474,42.255139],[-83.744743,42.255157],[-83.744746,42.255175],[-83.744748,42.255194],[-83.744749,42.255212],[-83.74475,42.255229],[-83.74475,42.255242],[-83.74475,42.255254],[-83.74475,42.255267],[-83.744749,42.255279],[-83.744748,42.255292],[-83.744746,42.25531],[-83.744743,42.255334],[-83.74474,42.255358],[-83.744737,42.255382],[-83.744734,42.255405],[-83.744733,42.25543],[-83.744732,42.255445],[-83.744731,42.25546],[-83.74473,42.255474],[-83.744728,42.255489],[-83.744727,42.255503],[-83.744726,42.255523],[-83.744726,42.255552],[-83.744729,42.25558],[-83.744732,42.255609],[-83.744735,42.255638],[-83.744737,42.255667],[-83.744737,42.255702],[-83.744738,42.255737],[-83.744738,42.255773],[-83.744738,42.255809],[-83.744738,42.255844],[-83.744738,42.255876],[-83.744741,42.2559],[-83.744745,42.255924],[-83.744749,42.255947],[-83.744751,42.25597],[-83.744749,42.255992],[-83.744744,42.256016],[-83.744739,42.256041],[-83.744737,42.256067],[-83.744738,42.256092],[-83.744745,42.256116],[-83.744762,42.256144],[-83.74479,42.256186],[-83.744811,42.256227],[-83.744827,42.25627],[-83.744838,42.256314],[-83.744844,42.25636],[-83.744846,42.25641],[-83.744847,42.256461],[-83.744846,42.256512],[-83.744845,42.256562],[-83.744843,42.256613],[-83.744843,42.256663],[-83.744852,42.256709],[-83.744872,42.256753],[-83.744899,42.256796],[-83.744927,42.256838],[-83.744954,42.25688],[-83.744967,42.256907],[-83.744976,42.256927],[-83.744984,42.256948],[-83.744992,42.256968],[-83.744999,42.256989],[-83.745006,42.25701],[-83.745012,42.257033],[-83.745016,42.257056],[-83.745018,42.25708],[-83.745019,42.257104],[-83.745019,42.257129],[-83.745019,42.257146],[-83.745019,42.257158],[-83.745019,42.257171],[-83.745019,42.257184],[-83.745018,42.257197],[-83.745015,42.257208],[-83.745011,42.257219],[-83.745006,42.25723],[-83.745001,42.257241],[-83.744996,42.257251],[-83.744993,42.257262],[-83.744988,42.25729],[-83.744984,42.257329],[-83.744981,42.257368],[-83.744978,42.257408],[-83.744976,42.257447],[-83.744973,42.257486],[-83.74497,42.257532],[-83.744967,42.257576],[-83.744966,42.257619],[-83.744968,42.257663],[-83.744974,42.257707],[-83.744982,42.257747],[-83.744989,42.257784],[-83.744998,42.257821],[-83.745012,42.257856],[-83.745034,42.257888],[-83.745066,42.257916],[-83.74507,42.257914],[-83.745162,42.257944]]]},"properties":{"ObjectName":null}},{"type":"Feature","geometry":{"type":"Polygon","coordinates":[[[-83.663546,42.287363],[-83.663529,42.287365],[-83.66349,42.287375],[-83.663454,42.287387],[-83.663425,42.287393],[-83.663389,42.287396],[-83.663361,42.287397],[-83.663313,42.287394],[-83.663259,42.287391],[-83.66321,42.287391],[-83.663188,42.287388],[-83.663163,42.287381],[-83.663146,42.287373],[-83.663138,42.287365],[-83.663125,42.287348],[-83.663095,42.287301],[-83.663069,42.28726],[-83.663051,42.287243],[-83.663026,42.287221],[-83.662999,42.287202],[-83.662978,42.287188],[-83.662951,42.287174],[-83.662932,42.287168],[-83.662906,42.287167],[-83.662874,42.287172],[-83.662852,42.287179],[-83.662834,42.287187],[-83.662813,42.287204],[-83.662794,42.28723],[-83.662781,42.287259],[-83.662776,42.287291],[-83.662777,42.287307],[-83.662781,42.287324],[-83.662799,42.287372],[-83.662817,42.287412],[-83.662835,42.28744],[-83.662866,42.287474],[-83.66288,42.287486],[-83.662895,42.287495],[-83.66292,42.287506],[-83.662942,42.287512],[-83.662965,42.287514],[-83.662997,42.287513],[-83.663035,42.287509],[-83.663057,42.287503],[-83.663069,42.287495],[-83.663095,42.287472],[-83.663119,42.287456],[-83.663136,42.287447],[-83.663155,42.287441],[-83.663179,42.287436],[-83.663201,42.287434],[-83.663226,42.287434],[-83.663307,42.287445],[-83.663339,42.287449],[-83.663357,42.287452],[-83.663386,42.287463],[-83.663417,42.287481],[-83.663456,42.287513],[-83.66344,42.287488],[-83.663429,42.287474],[-83.663426,42.287465],[-83.663425,42.287453],[-83.663428,42.287442],[-83.663433,42.28743],[-83.663441,42.28742],[-83.663451,42.28741],[-83.663464,42.287401],[-83.663495,42.287387],[-83.663537,42.287368],[-83.663546,42.287363]]]},"properties":{"ObjectName":null}},{"type":"Feature","geometry":{"type":"Polygon","coordinates":[[[-83.662491,42.283513],[-83.662474,42.28352],[-83.662461,42.28353],[-83.662458,42.283539],[-83.662457,42.283549],[-83.662459,42.283559],[-83.662464,42.283568],[-83.662479,42.283581],[-83.662509,42.283589],[-83.662539,42.283601],[-83.662554,42.283613],[-83.662557,42.283619],[-83.662559,42.283635],[-83.662562,42.283641],[-83.662578,42.283651],[-83.662588,42.283656],[-83.662596,42.283655],[-83.662605,42.28365],[-83.662611,42.283641],[-83.662613,42.283626],[-83.662611,42.283615],[-83.662606,42.2836],[-83.662595,42.283573],[-83.662581,42.283551],[-83.662564,42.283534],[-83.662545,42.283522],[-83.662526,42.283514],[-83.662507,42.283512],[-83.662491,42.283513]]]},"properties":{"ObjectName":null}},{"type":"Feature","geometry":{"type":"Polygon","coordinates":[[[-83.662805,42.284379],[-83.662802,42.284356],[-83.662798,42.284345],[-83.662792,42.284335],[-83.662776,42.284321],[-83.662764,42.284316],[-83.662749,42.284312],[-83.662734,42.28431],[-83.662721,42.284311],[-83.662706,42.284315],[-83.662691,42.284323],[-83.662677,42.284332],[-83.662669,42.284342],[-83.662662,42.284355],[-83.662658,42.284373],[-83.662655,42.284396],[-83.662657,42.28441],[-83.662661,42.284419],[-83.66267,42.284428],[-83.662684,42.284436],[-83.662699,42.284441],[-83.662712,42.284443],[-83.662727,42.284443],[-83.662743,42.28444],[-83.662758,42.284436],[-83.66278,42.284422],[-83.66279,42.284413],[-83.662791,42.28441],[-83.662797,42.284402],[-83.662802,42.284391],[-83.662805,42.284379]]]},"properties":{"ObjectName":null}},{"type":"Feature","geometry":{"type":"Polygon","coordinates":[[[-83.659427,42.285723],[-83.659433,42.285731],[-83.659433,42.285736],[-83.659428,42.285746],[-83.659422,42.285758],[-83.659421,42.285772],[-83.659426,42.285787],[-83.659444,42.2858],[-83.659458,42.285808],[-83.659477,42.285812],[-83.659498,42.285808],[-83.659517,42.285802],[-83.659526,42.285794],[-83.659526,42.285789],[-83.659523,42.285781],[-83.65951,42.285764],[-83.659507,42.285752],[-83.65951,42.285748],[-83.659519,42.285741],[-83.659532,42.285732],[-83.659534,42.285727],[-83.659532,42.285717],[-83.659529,42.285706],[-83.659524,42.2857],[-83.659505,42.285698],[-83.659483,42.285696],[-83.659476,42.285696],[-83.659471,42.285694],[-83.659464,42.285685],[-83.659452,42.285671],[-83.659439,42.285666],[-83.659425,42.285666],[-83.659409,42.285673],[-83.659395,42.285684],[-83.659387,42.285692],[-83.659385,42.285697],[-83.659388,42.285707],[-83.659393,42.285711],[-83.659401,42.285715],[-83.659408,42.285718],[-83.659421,42.285718],[-83.659427,42.285723]]]},"properties":{"ObjectName":null}},{"type":"Feature","geometry":{"type":"Polygon","coordinates":[[[-83.655786,42.281635],[-83.655766,42.281646],[-83.655756,42.281656],[-83.655746,42.28167],[-83.655738,42.281683],[-83.655735,42.281693],[-83.655735,42.281711],[-83.655741,42.281724],[-83.655752,42.281734],[-83.655765,42.28174],[-83.6558,42.281742],[-83.655813,42.281748],[-83.655821,42.281753],[-83.655823,42.281761],[-83.655821,42.281777],[-83.655816,42.281802],[-83.655804,42.281821],[-83.655796,42.28184],[-83.655794,42.281852],[-83.655796,42.28186],[-83.655805,42.281872],[-83.655821,42.281882],[-83.655834,42.281887],[-83.655845,42.281889],[-83.655857,42.281888],[-83.655867,42.281883],[-83.655873,42.281878],[-83.655881,42.281868],[-83.655897,42.281842],[-83.65591,42.281818],[-83.655916,42.281801],[-83.655919,42.281776],[-83.655917,42.281745],[-83.655907,42.281706],[-83.655906,42.281689],[-83.655907,42.281676],[-83.655911,42.281668],[-83.655917,42.28166],[-83.655955,42.281628],[-83.65596,42.28162],[-83.655963,42.281613],[-83.655961,42.281591],[-83.655958,42.281583],[-83.655954,42.281577],[-83.655946,42.281572],[-83.655934,42.281568],[-83.655922,42.281565],[-83.655911,42.281565],[-83.65589,42.28157],[-83.655875,42.28158],[-83.65587,42.281587],[-83.655867,42.281602],[-83.655866,42.281624],[-83.655862,42.281631],[-83.655858,42.281633],[-83.655852,42.281633],[-83.655822,42.281629],[-83.65581,42.281629],[-83.655786,42.281635]]]},"properties":{"ObjectName":null}},{"type":"Feature","geometry":{"type":"Polygon","coordinates":[[[-83.744775,42.262796],[-83.744772,42.262798],[-83.74477,42.262801],[-83.744768,42.262803],[-83.744766,42.262806],[-83.744763,42.262808],[-83.744761,42.26281],[-83.744758,42.262812],[-83.744755,42.262812],[-83.744752,42.262812],[-83.744748,42.26281],[-83.744744,42.262807],[-83.744742,42.262805],[-83.744741,42.262803],[-83.744739,42.262801],[-83.744737,42.262798],[-83.744736,42.262796],[-83.744734,42.262793],[-83.744733,42.262791],[-83.744731,42.262789],[-83.744729,42.262786],[-83.744727,42.262784],[-83.744722,42.26278],[-83.744716,42.262776],[-83.74471,42.262773],[-83.744702,42.26277],[-83.744695,42.262768],[-83.744688,42.262767],[-83.744681,42.262767],[-83.744675,42.262769],[-83.74467,42.262773],[-83.744667,42.262778],[-83.744665,42.262781],[-83.744664,42.262784],[-83.744664,42.262787],[-83.744663,42.26279],[-83.744663,42.262793],[-83.744663,42.262796],[-83.744663,42.2628],[-83.744664,42.262803],[-83.744664,42.262806],[-83.744665,42.262809],[-83.744666,42.262811],[-83.744667,42.262814],[-83.744669,42.262816],[-83.74467,42.262819],[-83.744671,42.262822],[-83.744673,42.262824],[-83.744674,42.262827],[-83.744676,42.262829],[-83.744678,42.262832],[-83.744681,42.262834],[-83.744685,42.262836],[-83.744688,42.262837],[-83.744692,42.262838],[-83.744696,42.262838],[-83.7447,42.262838],[-83.744703,42.262838],[-83.744707,42.262837],[-83.744711,42.262837],[-83.744715,42.262836],[-83.74472,42.262836],[-83.744725,42.262837],[-83.744727,42.262838],[-83.744729,42.262839],[-83.744729,42.262842],[-83.744728,42.262844],[-83.744727,42.262846],[-83.744725,42.262849],[-83.744722,42.262852],[-83.74472,42.262854],[-83.744717,42.262858],[-83.744714,42.262863],[-83.744712,42.262868],[-83.744712,42.262874],[-83.744713,42.262878],[-83.744715,42.262883],[-83.744719,42.262887],[-83.744724,42.262891],[-83.74473,42.262894],[-83.744737,42.262896],[-83.744744,42.262897],[-83.744748,42.262898],[-83.74475,42.262898],[-83.744753,42.262899],[-83.744755,42.262899],[-83.744759,42.262899],[-83.744764,42.262898],[-83.744769,42.262897],[-83.744772,42.262894],[-83.744776,42.262892],[-83.744779,42.262891],[-83.744783,42.26289],[-83.744785,42.262889],[-83.744789,42.262889],[-83.744791,42.262889],[-83.744795,42.262889],[-83.7448,42.26289],[-83.744804,42.262892],[-83.744807,42.262893],[-83.744809,42.262894],[-83.744813,42.262897],[-83.744816,42.262901],[-83.744818,42.262906],[-83.74482,42.26291],[-83.74482,42.262915],[-83.744821,42.26292],[-83.744822,42.262925],[-83.744824,42.262929],[-83.744827,42.262932],[-83.744831,42.262935],[-83.744836,42.262936],[-83.74484,42.262937],[-83.744844,42.262937],[-83.744848,42.262937],[-83.744851,42.262937],[-83.744855,42.262936],[-83.744858,42.262936],[-83.744862,42.262935],[-83.744866,42.262933],[-83.74487,42.262932],[-83.744873,42.262931],[-83.744875,42.262929],[-83.744878,42.262927],[-83.74488,42.262925],[-83.744883,42.262923],[-83.744885,42.262921],[-83.744887,42.262919],[-83.744889,42.262917],[-83.744891,42.262915],[-83.744893,42.262913],[-83.744896,42.262911],[-83.744898,42.262908],[-83.7449,42.262905],[-83.744902,42.262903],[-83.744903,42.2629],[-83.744905,42.262897],[-83.744906,42.262894],[-83.744906,42.262891],[-83.744906,42.262888],[-83.744906,42.262885],[-83.744905,42.262883],[-83.744904,42.262881],[-83.744903,42.262878],[-83.744902,42.262876],[-83.7449,42.262874],[-83.744899,42.262872],[-83.744897,42.26287],[-83.744895,42.262868],[-83.744892,42.262867],[-83.74489,42.262866],[-83.744887,42.262865],[-83.744883,42.262864],[-83.74488,42.262864],[-83.744876,42.262863],[-83.744872,42.262863],[-83.744868,42.262863],[-83.744865,42.262863],[-83.744861,42.262862],[-83.744858,42.262861],[-83.744855,42.26286],[-83.744852,42.262858],[-83.74485,42.262856],[-83.744848,42.262854],[-83.744847,42.262851],[-83.744847,42.262849],[-83.744847,42.262846],[-83.744847,42.262844],[-83.744848,42.262841],[-83.744848,42.262839],[-83.744848,42.262836],[-83.744847,42.262832],[-83.744845,42.262828],[-83.744842,42.262823],[-83.744838,42.262818],[-83.744834,42.262814],[-83.744829,42.262809],[-83.744823,42.262805],[-83.744818,42.262801],[-83.744813,42.262798],[-83.744808,42.262796],[-83.744805,42.262795],[-83.744801,42.262794],[-83.744797,42.262793],[-83.744793,42.262793],[-83.744789,42.262793],[-83.744785,42.262793],[-83.744781,42.262793],[-83.744777,42.262795],[-83.744775,42.262796]]]},"properties":{"ObjectName":null}},{"type":"Feature","geometry":{"type":"Polygon","coordinates":[[[-83.749,42.260323],[-83.749,42.260328],[-83.749001,42.260332],[-83.749003,42.260337],[-83.749005,42.26034],[-83.749008,42.260342],[-83.74901,42.260344],[-83.749012,42.260345],[-83.749015,42.260347],[-83.749017,42.260348],[-83.74902,42.26035],[-83.749022,42.260351],[-83.749025,42.260352],[-83.749028,42.260354],[-83.749032,42.260356],[-83.749035,42.260358],[-83.749037,42.26036],[-83.749039,42.260361],[-83.749041,42.260363],[-83.749043,42.260364],[-83.749045,42.260366],[-83.749047,42.260368],[-83.749049,42.260369],[-83.74905,42.260371],[-83.749052,42.260372],[-83.749054,42.260374],[-83.749055,42.260376],[-83.749057,42.260377],[-83.74906,42.260379],[-83.749063,42.260382],[-83.749066,42.260383],[-83.749068,42.260385],[-83.749071,42.260386],[-83.749073,42.260387],[-83.749076,42.260388],[-83.74908,42.260389],[-83.749084,42.26039],[-83.749088,42.260391],[-83.749091,42.260391],[-83.749094,42.260392],[-83.749097,42.260393],[-83.7491,42.260394],[-83.749104,42.260396],[-83.749109,42.260398],[-83.749114,42.260401],[-83.749118,42.260404],[-83.749123,42.260408],[-83.749128,42.260411],[-83.749132,42.260415],[-83.749137,42.260418],[-83.749142,42.260422],[-83.749147,42.260425],[-83.749152,42.260427],[-83.749157,42.260429],[-83.749163,42.26043],[-83.74917,42.26043],[-83.749176,42.26043],[-83.749184,42.260428],[-83.749187,42.260427],[-83.749189,42.260426],[-83.749192,42.260424],[-83.749194,42.260422],[-83.749196,42.26042],[-83.749198,42.260418],[-83.7492,42.260416],[-83.749202,42.260414],[-83.749204,42.260412],[-83.749206,42.260409],[-83.749208,42.260407],[-83.74921,42.260405],[-83.749212,42.260404],[-83.749215,42.260402],[-83.749218,42.260401],[-83.749223,42.260399],[-83.749231,42.260398],[-83.749239,42.260398],[-83.749247,42.260398],[-83.749256,42.260399],[-83.749264,42.2604],[-83.749273,42.260401],[-83.749282,42.260402],[-83.74929,42.260403],[-83.749298,42.260403],[-83.749305,42.260403],[-83.749312,42.260401],[-83.749317,42.260398],[-83.749322,42.260395],[-83.749326,42.260389],[-83.749328,42.260383],[-83.749328,42.26038],[-83.749328,42.260377],[-83.749328,42.260374],[-83.749327,42.260371],[-83.749325,42.260369],[-83.749323,42.260367],[-83.749321,42.260365],[-83.749318,42.260364],[-83.749315,42.260363],[-83.749312,42.260362],[-83.749309,42.26036],[-83.749305,42.26036],[-83.749301,42.260359],[-83.749297,42.260358],[-83.749293,42.260357],[-83.749288,42.260356],[-83.749284,42.260356],[-83.74928,42.260355],[-83.749277,42.260355],[-83.749274,42.260354],[-83.74927,42.260353],[-83.749268,42.260353],[-83.749265,42.260352],[-83.749262,42.260351],[-83.74926,42.26035],[-83.749257,42.260348],[-83.749254,42.260346],[-83.749252,42.260344],[-83.749249,42.260341],[-83.749246,42.260338],[-83.749243,42.260335],[-83.749241,42.260333],[-83.74924,42.26033],[-83.749238,42.260328],[-83.749236,42.260325],[-83.749235,42.260323],[-83.749234,42.260321],[-83.749232,42.260319],[-83.74923,42.260317],[-83.749228,42.260316],[-83.749226,42.260314],[-83.749223,42.260313],[-83.74922,42.260312],[-83.749217,42.260311],[-83.749213,42.26031],[-83.749208,42.260309],[-83.749204,42.260309],[-83.7492,42.260309],[-83.749196,42.260309],[-83.749192,42.26031],[-83.749189,42.260311],[-83.749186,42.260311],[-83.749182,42.260313],[-83.749179,42.260314],[-83.749176,42.260316],[-83.749174,42.260317],[-83.749171,42.260319],[-83.749169,42.260321],[-83.749166,42.260324],[-83.749164,42.260326],[-83.749163,42.260329],[-83.749162,42.260331],[-83.749161,42.260333],[-83.74916,42.260336],[-83.749159,42.260338],[-83.749159,42.260341],[-83.749158,42.260343],[-83.749157,42.260346],[-83.749156,42.260348],[-83.749155,42.260351],[-83.749154,42.260353],[-83.749152,42.260355],[-83.749149,42.260356],[-83.749146,42.260358],[-83.749142,42.260358],[-83.749138,42.260359],[-83.749131,42.260358],[-83.749125,42.260356],[-83.74912,42.260352],[-83.749116,42.260347],[-83.749112,42.26034],[-83.749109,42.260334],[-83.749106,42.260326],[-83.749102,42.260319],[-83.749099,42.260311],[-83.749094,42.260304],[-83.749089,42.260298],[-83.749083,42.260292],[-83.749076,42.260288],[-83.749067,42.260285],[-83.749057,42.260283],[-83.749048,42.260283],[-83.749042,42.260284],[-83.749036,42.260286],[-83.749031,42.260288],[-83.749025,42.26029],[-83.749021,42.260293],[-83.749016,42.260297],[-83.749012,42.260301],[-83.749008,42.260305],[-83.749005,42.260309],[-83.749003,42.260313],[-83.749001,42.260318],[-83.749,42.260323]]]},"properties":{"ObjectName":null}},{"type":"Feature","geometry":{"type":"Polygon","coordinates":[[[-83.740933,42.258133],[-83.740933,42.258136],[-83.740933,42.258138],[-83.740933,42.258141],[-83.740934,42.258143],[-83.740935,42.258145],[-83.740937,42.258146],[-83.740939,42.258148],[-83.740941,42.258149],[-83.740944,42.25815],[-83.740946,42.258152],[-83.74095,42.258153],[-83.740954,42.258155],[-83.740959,42.258159],[-83.740962,42.258163],[-83.740962,42.258167],[-83.740961,42.258171],[-83.740958,42.258175],[-83.740955,42.25818],[-83.740951,42.258184],[-83.740948,42.258189],[-83.740945,42.258193],[-83.740944,42.258198],[-83.740944,42.258202],[-83.740945,42.258205],[-83.740947,42.258207],[-83.740949,42.258209],[-83.740951,42.258211],[-83.740953,42.258212],[-83.740955,42.258214],[-83.740958,42.258215],[-83.740961,42.258216],[-83.740964,42.258216],[-83.740967,42.258217],[-83.74097,42.258217],[-83.740973,42.258218],[-83.740977,42.258218],[-83.74098,42.258218],[-83.740984,42.258218],[-83.740987,42.258218],[-83.74099,42.258218],[-83.740993,42.258217],[-83.740996,42.258217],[-83.740999,42.258216],[-83.741001,42.258214],[-83.741004,42.258213],[-83.741006,42.258211],[-83.741008,42.258209],[-83.74101,42.258207],[-83.741012,42.258205],[-83.741013,42.258203],[-83.741014,42.258201],[-83.741015,42.258198],[-83.741017,42.258196],[-83.741017,42.258194],[-83.741018,42.258192],[-83.741019,42.258189],[-83.741021,42.258187],[-83.741022,42.258185],[-83.741023,42.258183],[-83.741025,42.258181],[-83.741027,42.258179],[-83.741029,42.258177],[-83.741032,42.258176],[-83.741034,42.258174],[-83.741037,42.258173],[-83.74104,42.258172],[-83.741043,42.258172],[-83.741046,42.258171],[-83.741049,42.258171],[-83.741053,42.258172],[-83.741056,42.258172],[-83.741059,42.258173],[-83.741062,42.258174],[-83.741065,42.258175],[-83.741067,42.258176],[-83.741069,42.258178],[-83.741071,42.258179],[-83.741073,42.258181],[-83.741075,42.258182],[-83.741077,42.258184],[-83.741079,42.258186],[-83.741081,42.258188],[-83.741085,42.258192],[-83.741089,42.258195],[-83.741094,42.258199],[-83.741099,42.258201],[-83.741105,42.258204],[-83.741111,42.258206],[-83.741117,42.258207],[-83.741123,42.258207],[-83.741129,42.258207],[-83.741135,42.258206],[-83.741141,42.258204],[-83.741146,42.258201],[-83.741149,42.258199],[-83.741151,42.258197],[-83.741153,42.258195],[-83.741155,42.258193],[-83.741157,42.25819],[-83.741158,42.258188],[-83.741159,42.258185],[-83.741159,42.258182],[-83.741159,42.25818],[-83.74116,42.258177],[-83.74116,42.258174],[-83.741159,42.25817],[-83.741158,42.258165],[-83.741155,42.258161],[-83.741151,42.258157],[-83.741147,42.258152],[-83.741143,42.258149],[-83.741138,42.258145],[-83.741133,42.258141],[-83.741128,42.258137],[-83.741126,42.258136],[-83.741123,42.258134],[-83.741119,42.25813],[-83.741115,42.258127],[-83.741113,42.258125],[-83.741111,42.258123],[-83.741108,42.258122],[-83.741106,42.25812],[-83.741103,42.258119],[-83.7411,42.258118],[-83.741098,42.258117],[-83.741095,42.258117],[-83.741092,42.258116],[-83.741089,42.258115],[-83.741086,42.258114],[-83.741083,42.258113],[-83.74108,42.258111],[-83.741077,42.25811],[-83.741075,42.258108],[-83.741074,42.258106],[-83.741073,42.258104],[-83.741072,42.258102],[-83.741071,42.2581],[-83.741071,42.258098],[-83.74107,42.258095],[-83.74107,42.258093],[-83.741069,42.25809],[-83.741068,42.258087],[-83.741067,42.258085],[-83.741065,42.258083],[-83.741064,42.258081],[-83.741062,42.25808],[-83.74106,42.258078],[-83.741057,42.258077],[-83.741055,42.258076],[-83.741052,42.258075],[-83.741049,42.258074],[-83.741046,42.258073],[-83.741043,42.258073],[-83.74104,42.258072],[-83.741036,42.258072],[-83.741033,42.258072],[-83.741029,42.258071],[-83.741026,42.258071],[-83.741022,42.258072],[-83.741019,42.258072],[-83.741015,42.258073],[-83.741012,42.258073],[-83.741009,42.258075],[-83.741007,42.258076],[-83.741004,42.258078],[-83.741002,42.25808],[-83.741001,42.258083],[-83.741,42.258085],[-83.741,42.258088],[-83.740999,42.25809],[-83.740999,42.258093],[-83.740999,42.258095],[-83.740998,42.258098],[-83.740997,42.2581],[-83.740996,42.258102],[-83.740995,42.258104],[-83.740992,42.258106],[-83.74099,42.258108],[-83.740987,42.258109],[-83.740983,42.25811],[-83.74098,42.25811],[-83.740976,42.258111],[-83.740973,42.258111],[-83.740969,42.258111],[-83.740965,42.258111],[-83.740962,42.258111],[-83.740958,42.258111],[-83.740955,42.258112],[-83.740952,42.258112],[-83.740949,42.258113],[-83.740946,42.258115],[-83.740944,42.258116],[-83.740942,42.258118],[-83.74094,42.25812],[-83.740938,42.258121],[-83.740937,42.258123],[-83.740936,42.258126],[-83.740935,42.258128],[-83.740934,42.25813],[-83.740933,42.258133]]]},"properties":{"ObjectName":null}},{"type":"Feature","geometry":{"type":"Polygon","coordinates":[[[-83.660123,42.281301],[-83.660109,42.281308],[-83.660097,42.281317],[-83.66009,42.281327],[-83.660087,42.281338],[-83.660088,42.281348],[-83.660094,42.281363],[-83.660104,42.281375],[-83.660133,42.2814],[-83.66014,42.281411],[-83.660142,42.281452],[-83.660149,42.281467],[-83.66016,42.281481],[-83.660173,42.281492],[-83.660186,42.281501],[-83.6602,42.281507],[-83.66021,42.281509],[-83.660218,42.281508],[-83.660229,42.281504],[-83.660246,42.281494],[-83.660258,42.281478],[-83.660262,42.281463],[-83.660261,42.281448],[-83.660256,42.281436],[-83.660248,42.281425],[-83.660224,42.281408],[-83.660217,42.281392],[-83.660218,42.281358],[-83.660216,42.28134],[-83.660213,42.28133],[-83.660204,42.281319],[-83.660193,42.281309],[-83.660171,42.2813],[-83.660146,42.281297],[-83.660123,42.281301]]]},"properties":{"ObjectName":null}},{"type":"Feature","geometry":{"type":"Polygon","coordinates":[[[-83.653973,42.278664],[-83.653963,42.278666],[-83.653957,42.278669],[-83.653949,42.278681],[-83.653946,42.278698],[-83.653949,42.278711],[-83.653962,42.278731],[-83.653974,42.27875],[-83.653983,42.278759],[-83.653994,42.278766],[-83.654008,42.278771],[-83.654023,42.278774],[-83.654037,42.278775],[-83.654058,42.278773],[-83.654076,42.278766],[-83.65409,42.278756],[-83.6541,42.278742],[-83.654103,42.278728],[-83.6541,42.278713],[-83.654089,42.2787],[-83.654064,42.278685],[-83.65403,42.27867],[-83.654015,42.278665],[-83.654,42.278664],[-83.653973,42.278664]]]},"properties":{"ObjectName":null}},{"type":"Feature","geometry":{"type":"Polygon","coordinates":[[[-83.744716,42.258672],[-83.74472,42.258673],[-83.744723,42.258674],[-83.744727,42.258676],[-83.744731,42.258678],[-83.744734,42.25868],[-83.744737,42.258682],[-83.744739,42.258684],[-83.744742,42.258686],[-83.744744,42.258689],[-83.744745,42.258692],[-83.744746,42.258694],[-83.744747,42.258696],[-83.744747,42.258699],[-83.744748,42.258702],[-83.744748,42.258705],[-83.74475,42.258707],[-83.744752,42.25871],[-83.744754,42.258711],[-83.744757,42.258713],[-83.744761,42.258715],[-83.744765,42.258716],[-83.744768,42.258717],[-83.744771,42.258717],[-83.744776,42.258718],[-83.74478,42.258718],[-83.744784,42.258718],[-83.744792,42.258717],[-83.744799,42.258716],[-83.744806,42.258713],[-83.744812,42.258709],[-83.744817,42.258705],[-83.744822,42.258701],[-83.744825,42.258696],[-83.744828,42.25869],[-83.74483,42.258685],[-83.74483,42.25868],[-83.744829,42.258674],[-83.744826,42.25867],[-83.744821,42.258665],[-83.744815,42.258661],[-83.74481,42.258659],[-83.744807,42.258657],[-83.744803,42.258656],[-83.7448,42.258655],[-83.744796,42.258654],[-83.744793,42.258653],[-83.74479,42.258652],[-83.744787,42.25865],[-83.744784,42.258649],[-83.744782,42.258647],[-83.744779,42.258645],[-83.744777,42.258643],[-83.744775,42.258641],[-83.744773,42.258638],[-83.744772,42.258635],[-83.74477,42.258632],[-83.744769,42.258629],[-83.744769,42.258626],[-83.744768,42.258623],[-83.744767,42.25862],[-83.744766,42.258617],[-83.744765,42.258614],[-83.744764,42.258612],[-83.744763,42.258609],[-83.744762,42.258606],[-83.74476,42.258603],[-83.744758,42.258601],[-83.744756,42.258598],[-83.744753,42.258595],[-83.744747,42.258591],[-83.744742,42.258587],[-83.744736,42.258584],[-83.74473,42.25858],[-83.744723,42.258577],[-83.744717,42.258574],[-83.74471,42.258571],[-83.744704,42.258568],[-83.744697,42.258565],[-83.744691,42.258562],[-83.744685,42.258559],[-83.744679,42.258556],[-83.744673,42.258552],[-83.744667,42.258548],[-83.744665,42.258546],[-83.744662,42.258544],[-83.74466,42.258542],[-83.744657,42.25854],[-83.744655,42.258538],[-83.744652,42.258536],[-83.74465,42.258534],[-83.744647,42.258532],[-83.744645,42.258531],[-83.744642,42.258529],[-83.744638,42.258528],[-83.744635,42.258527],[-83.744631,42.258526],[-83.744627,42.258525],[-83.744623,42.258525],[-83.744619,42.258525],[-83.744614,42.258525],[-83.74461,42.258526],[-83.744607,42.258527],[-83.744603,42.258528],[-83.7446,42.25853],[-83.744597,42.258532],[-83.744594,42.258534],[-83.744591,42.258536],[-83.744589,42.258539],[-83.744587,42.258541],[-83.744586,42.258544],[-83.744584,42.258547],[-83.744584,42.258551],[-83.744583,42.258554],[-83.744584,42.258557],[-83.744585,42.25856],[-83.744587,42.258563],[-83.744588,42.258566],[-83.74459,42.258569],[-83.744591,42.258572],[-83.744592,42.258575],[-83.744593,42.258578],[-83.744593,42.258581],[-83.744594,42.258584],[-83.744595,42.258587],[-83.744596,42.25859],[-83.744598,42.258592],[-83.744601,42.258595],[-83.744603,42.258596],[-83.744606,42.258598],[-83.744609,42.258599],[-83.744613,42.2586],[-83.744616,42.258601],[-83.744619,42.258602],[-83.744623,42.258603],[-83.744626,42.258604],[-83.74463,42.258605],[-83.744633,42.258606],[-83.744636,42.258607],[-83.744639,42.258609],[-83.744641,42.258611],[-83.744645,42.258616],[-83.744647,42.258621],[-83.744648,42.258626],[-83.744647,42.258632],[-83.744645,42.258638],[-83.744643,42.258644],[-83.74464,42.25865],[-83.744638,42.258656],[-83.744636,42.258662],[-83.744636,42.258668],[-83.744637,42.258673],[-83.74464,42.258678],[-83.744645,42.258683],[-83.744652,42.258687],[-83.744659,42.258689],[-83.744663,42.25869],[-83.744667,42.25869],[-83.744671,42.258689],[-83.744674,42.258689],[-83.744677,42.258687],[-83.74468,42.258686],[-83.744682,42.258684],[-83.744685,42.258682],[-83.744687,42.25868],[-83.74469,42.258678],[-83.744693,42.258676],[-83.744696,42.258675],[-83.744699,42.258673],[-83.744703,42.258672],[-83.744707,42.258672],[-83.744712,42.258672],[-83.744716,42.258672]]]},"properties":{"ObjectName":null}},{"type":"Feature","geometry":{"type":"Polygon","coordinates":[[[-83.746912,42.255624],[-83.746908,42.255622],[-83.746901,42.255619],[-83.746895,42.255617],[-83.746888,42.255614],[-83.746881,42.255611],[-83.746875,42.255608],[-83.746867,42.255604],[-83.746855,42.255597],[-83.746843,42.25559],[-83.746832,42.255583],[-83.746821,42.255574],[-83.746811,42.255566],[-83.746802,42.255557],[-83.746794,42.255547],[-83.746788,42.255537],[-83.746782,42.255526],[-83.746778,42.255512],[-83.746777,42.2555],[-83.746778,42.255488],[-83.746781,42.255476],[-83.746787,42.255465],[-83.746794,42.255454],[-83.746802,42.255443],[-83.746812,42.255432],[-83.746823,42.255422],[-83.746832,42.255413],[-83.746842,42.255403],[-83.746852,42.255394],[-83.746861,42.255384],[-83.746869,42.255374],[-83.746877,42.255363],[-83.746882,42.255353],[-83.746886,42.255341],[-83.746887,42.25533],[-83.746884,42.255315],[-83.746877,42.255303],[-83.746865,42.255295],[-83.746851,42.255289],[-83.746834,42.255286],[-83.746816,42.255285],[-83.746797,42.255284],[-83.746779,42.255285],[-83.746761,42.255286],[-83.746751,42.255287],[-83.746741,42.255287],[-83.746731,42.255288],[-83.74672,42.255288],[-83.746709,42.255289],[-83.746699,42.255288],[-83.746688,42.255288],[-83.746678,42.255287],[-83.746669,42.255286],[-83.74666,42.255285],[-83.746651,42.255283],[-83.746643,42.255281],[-83.746634,42.255279],[-83.746626,42.255277],[-83.746618,42.255274],[-83.746609,42.255272],[-83.746601,42.255269],[-83.746593,42.255267],[-83.746585,42.255264],[-83.746577,42.255261],[-83.746569,42.255259],[-83.746561,42.255256],[-83.746553,42.255253],[-83.746545,42.25525],[-83.746537,42.255247],[-83.746529,42.255245],[-83.746521,42.255243],[-83.746513,42.255241],[-83.746504,42.255238],[-83.746495,42.255236],[-83.746485,42.255234],[-83.746474,42.255232],[-83.746464,42.25523],[-83.746454,42.25523],[-83.746445,42.25523],[-83.746436,42.255231],[-83.746423,42.255235],[-83.74641,42.255242],[-83.746399,42.255251],[-83.746388,42.255261],[-83.746379,42.255273],[-83.74637,42.255285],[-83.746363,42.255297],[-83.746356,42.255309],[-83.74635,42.255319],[-83.746343,42.255331],[-83.746337,42.255343],[-83.746331,42.255356],[-83.746326,42.25537],[-83.746322,42.255383],[-83.746319,42.255397],[-83.746316,42.255411],[-83.746314,42.255424],[-83.746312,42.255438],[-83.746312,42.255448],[-83.746311,42.255455],[-83.74631,42.255463],[-83.746309,42.255471],[-83.746308,42.255479],[-83.746307,42.255487],[-83.746307,42.255495],[-83.746308,42.255503],[-83.746309,42.25551],[-83.746311,42.255516],[-83.746314,42.255521],[-83.746317,42.255526],[-83.746322,42.255531],[-83.746327,42.255536],[-83.746332,42.255541],[-83.746338,42.255546],[-83.746343,42.25555],[-83.746348,42.255554],[-83.746356,42.255561],[-83.746368,42.255569],[-83.74638,42.255576],[-83.746393,42.255582],[-83.746406,42.255588],[-83.746419,42.255594],[-83.746432,42.2556],[-83.746444,42.255607],[-83.746455,42.255616],[-83.746463,42.255622],[-83.746468,42.255627],[-83.746473,42.255631],[-83.746478,42.255635],[-83.746483,42.25564],[-83.746488,42.255644],[-83.746494,42.255648],[-83.746499,42.255652],[-83.746505,42.255655],[-83.746512,42.255659],[-83.746518,42.255663],[-83.746524,42.255666],[-83.746531,42.255669],[-83.746537,42.255673],[-83.746543,42.255676],[-83.746549,42.25568],[-83.746555,42.255684],[-83.74656,42.255689],[-83.746567,42.255697],[-83.746575,42.255708],[-83.74658,42.25572],[-83.746585,42.255733],[-83.746589,42.255745],[-83.746593,42.255757],[-83.746594,42.255751],[-83.746596,42.255743],[-83.746599,42.255735],[-83.746602,42.255728],[-83.746607,42.255721],[-83.746614,42.255715],[-83.746622,42.255709],[-83.746631,42.255705],[-83.746643,42.255702],[-83.746656,42.255699],[-83.746671,42.255698],[-83.746681,42.255698],[-83.746687,42.255698],[-83.746694,42.255699],[-83.7467,42.255699],[-83.746706,42.2557],[-83.746712,42.255701],[-83.746718,42.255702],[-83.746723,42.255703],[-83.746729,42.255703],[-83.746734,42.255704],[-83.74674,42.255704],[-83.746745,42.255704],[-83.746751,42.255704],[-83.746756,42.255704],[-83.746762,42.255703],[-83.746767,42.255702],[-83.746773,42.2557],[-83.746779,42.255698],[-83.746785,42.255695],[-83.746791,42.255691],[-83.746795,42.255688],[-83.746799,42.255686],[-83.746803,42.255683],[-83.746806,42.25568],[-83.74681,42.255677],[-83.746813,42.255675],[-83.746817,42.255672],[-83.74682,42.255669],[-83.746824,42.255666],[-83.746827,42.255663],[-83.746831,42.25566],[-83.746834,42.255657],[-83.746838,42.255654],[-83.746841,42.255651],[-83.746845,42.255649],[-83.746849,42.255646],[-83.746853,42.255643],[-83.746857,42.255641],[-83.746861,42.255639],[-83.746866,42.255636],[-83.746879,42.255631],[-83.746893,42.255627],[-83.746905,42.255624],[-83.746912,42.255624]]]},"properties":{"ObjectName":null}},{"type":"Feature","geometry":{"type":"Polygon","coordinates":[[[-83.745646,42.25486],[-83.745642,42.25486],[-83.745638,42.254861],[-83.745634,42.254862],[-83.745631,42.254863],[-83.745627,42.254864],[-83.745624,42.254866],[-83.745621,42.254867],[-83.745619,42.254869],[-83.745616,42.254871],[-83.745614,42.254873],[-83.745612,42.254876],[-83.74561,42.254878],[-83.745608,42.254881],[-83.745607,42.254883],[-83.745605,42.254886],[-83.745604,42.254889],[-83.745603,42.254892],[-83.745602,42.254895],[-83.745602,42.254898],[-83.745601,42.254901],[-83.745601,42.254904],[-83.745601,42.254907],[-83.745601,42.25491],[-83.745601,42.254914],[-83.745601,42.254917],[-83.745602,42.25492],[-83.745603,42.254923],[-83.745603,42.254926],[-83.745604,42.254929],[-83.745606,42.254932],[-83.745607,42.254935],[-83.745609,42.254938],[-83.74561,42.25494],[-83.745612,42.254943],[-83.745614,42.254946],[-83.745616,42.254948],[-83.745619,42.25495],[-83.745621,42.254952],[-83.745624,42.254954],[-83.745627,42.254956],[-83.745629,42.254958],[-83.745633,42.254959],[-83.745636,42.25496],[-83.745639,42.254961],[-83.745643,42.254962],[-83.745646,42.254962],[-83.74565,42.254963],[-83.745654,42.254963],[-83.745657,42.254963],[-83.74566,42.254962],[-83.745664,42.254962],[-83.745667,42.254961],[-83.745671,42.25496],[-83.745674,42.254959],[-83.745677,42.254958],[-83.74568,42.254956],[-83.745683,42.254954],[-83.745686,42.254952],[-83.745688,42.25495],[-83.745691,42.254948],[-83.745693,42.254946],[-83.745695,42.254944],[-83.745697,42.254941],[-83.745698,42.254939],[-83.7457,42.254936],[-83.745701,42.254933],[-83.745702,42.25493],[-83.745703,42.254928],[-83.745704,42.254925],[-83.745704,42.254922],[-83.745705,42.254919],[-83.745705,42.254916],[-83.745705,42.254913],[-83.745705,42.25491],[-83.745705,42.254906],[-83.745705,42.254903],[-83.745704,42.2549],[-83.745703,42.254897],[-83.745702,42.254895],[-83.745701,42.254892],[-83.7457,42.254889],[-83.745699,42.254886],[-83.745697,42.254883],[-83.745696,42.254881],[-83.745694,42.254878],[-83.745692,42.254876],[-83.745689,42.254874],[-83.745687,42.254872],[-83.745685,42.25487],[-83.745682,42.254868],[-83.745679,42.254866],[-83.745676,42.254865],[-83.745673,42.254863],[-83.745669,42.254862],[-83.745666,42.254861],[-83.745662,42.254861],[-83.745658,42.25486],[-83.745654,42.25486],[-83.74565,42.25486],[-83.745646,42.25486]]]},"properties":{"ObjectName":null}},{"type":"Feature","geometry":{"type":"Polygon","coordinates":[[[-83.746212,42.257153],[-83.746209,42.257153],[-83.746205,42.257153],[-83.746202,42.257153],[-83.746199,42.257153],[-83.746196,42.257154],[-83.746193,42.257154],[-83.74619,42.257155],[-83.746187,42.257156],[-83.746185,42.257156],[-83.746182,42.257157],[-83.746179,42.257158],[-83.746177,42.257159],[-83.746175,42.257161],[-83.746173,42.257162],[-83.746171,42.257164],[-83.746169,42.257165],[-83.746167,42.257167],[-83.746165,42.257169],[-83.746164,42.257171],[-83.746163,42.257173],[-83.746161,42.257176],[-83.746161,42.257178],[-83.74616,42.257181],[-83.746159,42.257184],[-83.746159,42.257187],[-83.746159,42.25719],[-83.746159,42.257192],[-83.746159,42.257194],[-83.746159,42.257196],[-83.74616,42.257198],[-83.746161,42.2572],[-83.746162,42.257202],[-83.746163,42.257204],[-83.746165,42.257205],[-83.746166,42.257207],[-83.746168,42.257208],[-83.74617,42.25721],[-83.746172,42.257211],[-83.746174,42.257213],[-83.746176,42.257214],[-83.746178,42.257215],[-83.746181,42.257216],[-83.746183,42.257217],[-83.746186,42.257218],[-83.746189,42.257219],[-83.746191,42.25722],[-83.746194,42.257221],[-83.746197,42.257222],[-83.7462,42.257223],[-83.746203,42.257223],[-83.746206,42.257224],[-83.746209,42.257225],[-83.746213,42.257226],[-83.746216,42.257226],[-83.746219,42.257227],[-83.746222,42.257227],[-83.746225,42.257228],[-83.746229,42.257228],[-83.746232,42.257229],[-83.746235,42.257229],[-83.746238,42.25723],[-83.746241,42.25723],[-83.746244,42.25723],[-83.746247,42.257231],[-83.746251,42.257231],[-83.746253,42.257231],[-83.746256,42.257232],[-83.746259,42.257232],[-83.746262,42.257232],[-83.746265,42.257233],[-83.746268,42.257233],[-83.746273,42.257234],[-83.746277,42.257234],[-83.74628,42.257235],[-83.746283,42.257235],[-83.746286,42.257236],[-83.746289,42.257237],[-83.746292,42.257237],[-83.746296,42.257238],[-83.746299,42.257238],[-83.746302,42.257239],[-83.746305,42.257239],[-83.746309,42.25724],[-83.746312,42.25724],[-83.746316,42.257241],[-83.746319,42.257241],[-83.746322,42.257241],[-83.746326,42.257242],[-83.746329,42.257242],[-83.746333,42.257242],[-83.746336,42.257243],[-83.74634,42.257243],[-83.746343,42.257243],[-83.746346,42.257243],[-83.74635,42.257243],[-83.746353,42.257243],[-83.746356,42.257243],[-83.74636,42.257243],[-83.746363,42.257243],[-83.746366,42.257242],[-83.746369,42.257242],[-83.746373,42.257242],[-83.746376,42.257241],[-83.746379,42.25724],[-83.746382,42.25724],[-83.746385,42.257239],[-83.746387,42.257238],[-83.74639,42.257237],[-83.746393,42.257236],[-83.746396,42.257235],[-83.746398,42.257233],[-83.746401,42.257232],[-83.746403,42.257231],[-83.746405,42.257229],[-83.746408,42.257227],[-83.74641,42.257225],[-83.746412,42.257223],[-83.746414,42.257221],[-83.746415,42.257219],[-83.746417,42.257216],[-83.746419,42.257214],[-83.74642,42.257211],[-83.746422,42.257208],[-83.746423,42.257205],[-83.746423,42.257203],[-83.746424,42.2572],[-83.746424,42.257198],[-83.746424,42.257195],[-83.746424,42.257193],[-83.746423,42.257191],[-83.746422,42.257189],[-83.746421,42.257187],[-83.746419,42.257185],[-83.746418,42.257184],[-83.746416,42.257182],[-83.746414,42.25718],[-83.746412,42.257179],[-83.746409,42.257177],[-83.746407,42.257176],[-83.746404,42.257175],[-83.746401,42.257174],[-83.746398,42.257173],[-83.746395,42.257172],[-83.746392,42.257171],[-83.746389,42.25717],[-83.746385,42.257169],[-83.746382,42.257168],[-83.746378,42.257168],[-83.746374,42.257167],[-83.746371,42.257166],[-83.746367,42.257166],[-83.746363,42.257165],[-83.746359,42.257165],[-83.746356,42.257165],[-83.746352,42.257164],[-83.746348,42.257164],[-83.746344,42.257164],[-83.74634,42.257163],[-83.746336,42.257163],[-83.746333,42.257163],[-83.746329,42.257163],[-83.746326,42.257162],[-83.746322,42.257162],[-83.746319,42.257162],[-83.746315,42.257162],[-83.746312,42.257162],[-83.746309,42.257162],[-83.746306,42.257161],[-83.746303,42.257161],[-83.746301,42.257161],[-83.746297,42.257161],[-83.746293,42.257161],[-83.74629,42.25716],[-83.746287,42.25716],[-83.746284,42.25716],[-83.746281,42.257159],[-83.746278,42.257159],[-83.746275,42.257159],[-83.746271,42.257158],[-83.746268,42.257158],[-83.746264,42.257157],[-83.746261,42.257157],[-83.746258,42.257156],[-83.746254,42.257156],[-83.74625,42.257156],[-83.746247,42.257155],[-83.746243,42.257155],[-83.74624,42.257154],[-83.746236,42.257154],[-83.746233,42.257154],[-83.746229,42.257153],[-83.746226,42.257153],[-83.746222,42.257153],[-83.746219,42.257153],[-83.746215,42.257153],[-83.746212,42.257153]]]},"properties":{"ObjectName":null}},{"type":"Feature","geometry":{"type":"Polygon","coordinates":[[[-83.657504,42.283136],[-83.6575,42.283146],[-83.657503,42.28316],[-83.657512,42.28317],[-83.657526,42.283178],[-83.65755,42.283185],[-83.657571,42.283187],[-83.65759,42.283187],[-83.65761,42.283182],[-83.65763,42.283175],[-83.657661,42.28315],[-83.657679,42.283141],[-83.657697,42.283134],[-83.657734,42.283127],[-83.657753,42.283119],[-83.657763,42.283112],[-83.657766,42.283101],[-83.657765,42.283091],[-83.657761,42.283084],[-83.657754,42.283078],[-83.657748,42.283076],[-83.65774,42.283075],[-83.657712,42.283079],[-83.657681,42.283083],[-83.657662,42.283091],[-83.657655,42.283097],[-83.657642,42.283116],[-83.657634,42.283123],[-83.657622,42.283129],[-83.657607,42.283134],[-83.657591,42.283135],[-83.657546,42.283127],[-83.657526,42.283128],[-83.657511,42.283132],[-83.657504,42.283136]]]},"properties":{"ObjectName":null}},{"type":"Feature","geometry":{"type":"Polygon","coordinates":[[[-83.65404,42.279387],[-83.654024,42.279393],[-83.654001,42.279409],[-83.653992,42.279413],[-83.653966,42.279418],[-83.653957,42.279424],[-83.65395,42.279441],[-83.653951,42.27946],[-83.653946,42.279467],[-83.653937,42.279474],[-83.653916,42.279479],[-83.6539,42.279486],[-83.653887,42.279493],[-83.653876,42.279502],[-83.653869,42.279511],[-83.653866,42.279521],[-83.653866,42.279532],[-83.653872,42.279544],[-83.653887,42.279557],[-83.653898,42.279564],[-83.653933,42.279578],[-83.653952,42.27959],[-83.65396,42.279598],[-83.653963,42.279603],[-83.653961,42.27961],[-83.653951,42.279621],[-83.653932,42.279637],[-83.653923,42.279652],[-83.653921,42.279662],[-83.653925,42.279669],[-83.653937,42.279679],[-83.653947,42.279688],[-83.653955,42.279692],[-83.653966,42.279694],[-83.653985,42.279694],[-83.65401,42.279691],[-83.654028,42.279686],[-83.654038,42.27968],[-83.654051,42.279668],[-83.654065,42.279656],[-83.65407,42.279648],[-83.654068,42.279639],[-83.654059,42.279627],[-83.654037,42.279612],[-83.65403,42.2796],[-83.654028,42.27959],[-83.654036,42.279574],[-83.65404,42.279552],[-83.654037,42.279515],[-83.654022,42.279473],[-83.654022,42.279464],[-83.654027,42.279456],[-83.654047,42.279443],[-83.654062,42.279429],[-83.654071,42.279416],[-83.654075,42.279405],[-83.654072,42.279397],[-83.654062,42.27939],[-83.654051,42.279386],[-83.65404,42.279387]]]},"properties":{"ObjectName":null}},{"type":"Feature","geometry":{"type":"Polygon","coordinates":[[[-83.744765,42.260244],[-83.744732,42.260256],[-83.744706,42.260273],[-83.744688,42.260295],[-83.744675,42.26032],[-83.744667,42.260347],[-83.744662,42.260375],[-83.744653,42.260401],[-83.74464,42.260426],[-83.744625,42.260451],[-83.744608,42.260475],[-83.744593,42.260501],[-83.74458,42.260525],[-83.744572,42.260537],[-83.744566,42.26055],[-83.744561,42.260563],[-83.744556,42.260576],[-83.744552,42.260589],[-83.744547,42.260601],[-83.744544,42.260618],[-83.744543,42.260635],[-83.744542,42.260652],[-83.744542,42.260669],[-83.744541,42.260685],[-83.744539,42.260701],[-83.744537,42.260715],[-83.744536,42.26073],[-83.744533,42.260744],[-83.744529,42.260759],[-83.744523,42.260774],[-83.744517,42.260788],[-83.744511,42.260803],[-83.744506,42.260817],[-83.744502,42.26083],[-83.744497,42.260842],[-83.744491,42.260854],[-83.744485,42.260866],[-83.744477,42.260878],[-83.744469,42.260892],[-83.744462,42.260905],[-83.744454,42.260918],[-83.744448,42.26093],[-83.744442,42.260942],[-83.744438,42.260954],[-83.74442,42.260994],[-83.744403,42.261037],[-83.744388,42.261082],[-83.744382,42.261127],[-83.744386,42.261171],[-83.744404,42.261212],[-83.744424,42.261235],[-83.744447,42.261251],[-83.744472,42.261264],[-83.744498,42.261277],[-83.744524,42.26129],[-83.744548,42.261305],[-83.744568,42.261325],[-83.744583,42.261351],[-83.74459,42.261381],[-83.744591,42.261413],[-83.744587,42.261445],[-83.744578,42.261476],[-83.744568,42.261498],[-83.74456,42.261509],[-83.744552,42.261519],[-83.744542,42.261528],[-83.744531,42.261536],[-83.744518,42.261543],[-83.744504,42.261548],[-83.744493,42.261551],[-83.744482,42.261553],[-83.744472,42.261554],[-83.744463,42.261555],[-83.744452,42.261557],[-83.744441,42.26156],[-83.744412,42.26156],[-83.744377,42.261562],[-83.744341,42.261567],[-83.744307,42.261575],[-83.744277,42.261588],[-83.744256,42.261606],[-83.744249,42.261621],[-83.744248,42.261632],[-83.744247,42.261642],[-83.744247,42.261653],[-83.744247,42.261663],[-83.744245,42.261674],[-83.744243,42.261684],[-83.744242,42.261693],[-83.74424,42.261702],[-83.744238,42.261712],[-83.744236,42.261722],[-83.744235,42.261732],[-83.744234,42.261744],[-83.744236,42.261759],[-83.744241,42.261773],[-83.744248,42.261786],[-83.744259,42.261797],[-83.744273,42.261807],[-83.744291,42.261814],[-83.744307,42.261817],[-83.744323,42.261816],[-83.744338,42.261811],[-83.744354,42.261803],[-83.74437,42.261795],[-83.744386,42.261786],[-83.744409,42.261772],[-83.744437,42.261758],[-83.744468,42.261745],[-83.744499,42.261733],[-83.744532,42.261723],[-83.744564,42.261715],[-83.744599,42.261708],[-83.744637,42.261702],[-83.744675,42.261696],[-83.74471,42.261687],[-83.744741,42.261673],[-83.744764,42.261652],[-83.744775,42.261629],[-83.744778,42.261614],[-83.74478,42.261598],[-83.744782,42.261582],[-83.744782,42.261566],[-83.744783,42.26155],[-83.744783,42.261536],[-83.744786,42.261527],[-83.744787,42.261519],[-83.744787,42.26151],[-83.744787,42.261501],[-83.744789,42.261492],[-83.744791,42.261483],[-83.744796,42.261461],[-83.744801,42.261436],[-83.744807,42.261412],[-83.744812,42.261387],[-83.744815,42.261362],[-83.744817,42.261338],[-83.744822,42.261308],[-83.744827,42.261275],[-83.744829,42.261241],[-83.74483,42.261207],[-83.744832,42.261172],[-83.744834,42.261137],[-83.744838,42.261112],[-83.744843,42.261099],[-83.744849,42.261086],[-83.744856,42.261073],[-83.744864,42.261061],[-83.744872,42.261049],[-83.744879,42.261037],[-83.744883,42.261021],[-83.744886,42.261006],[-83.74489,42.26099],[-83.744892,42.260974],[-83.744894,42.260958],[-83.744894,42.260942],[-83.744892,42.26091],[-83.744892,42.260878],[-83.744895,42.260846],[-83.744901,42.260815],[-83.744909,42.260784],[-83.744919,42.260755],[-83.744924,42.260737],[-83.744927,42.260722],[-83.744928,42.260706],[-83.744929,42.26069],[-83.74493,42.260674],[-83.74493,42.260659],[-83.74493,42.260648],[-83.74493,42.260639],[-83.744931,42.26063],[-83.744932,42.260621],[-83.744934,42.260613],[-83.744937,42.260604],[-83.744939,42.260594],[-83.74494,42.260581],[-83.744942,42.260566],[-83.744945,42.260552],[-83.744949,42.260538],[-83.744953,42.260524],[-83.744957,42.260511],[-83.744966,42.260497],[-83.744975,42.260484],[-83.744984,42.260471],[-83.744993,42.260457],[-83.745,42.260444],[-83.745005,42.26043],[-83.745013,42.260409],[-83.745018,42.260389],[-83.74502,42.260369],[-83.745019,42.260348],[-83.745013,42.260328],[-83.745002,42.260307],[-83.744982,42.260286],[-83.744953,42.260268],[-83.744918,42.260254],[-83.744881,42.260245],[-83.744842,42.26024],[-83.744804,42.260239],[-83.744765,42.260244]]]},"properties":{"ObjectName":null}},{"type":"Feature","geometry":{"type":"Polygon","coordinates":[[[-83.743872,42.256034],[-83.743868,42.256034],[-83.743864,42.256034],[-83.743859,42.256035],[-83.743855,42.256035],[-83.743851,42.256036],[-83.743847,42.256037],[-83.743843,42.256038],[-83.743839,42.256039],[-83.743835,42.25604],[-83.743831,42.256041],[-83.743827,42.256043],[-83.743823,42.256044],[-83.743819,42.256046],[-83.743815,42.256047],[-83.743812,42.256049],[-83.743809,42.256051],[-83.743806,42.256052],[-83.743803,42.256054],[-83.7438,42.256056],[-83.743798,42.256058],[-83.743796,42.25606],[-83.743794,42.256063],[-83.743792,42.256065],[-83.74379,42.256068],[-83.743789,42.256071],[-83.743788,42.256074],[-83.743787,42.256077],[-83.743787,42.25608],[-83.743786,42.256083],[-83.743786,42.256086],[-83.743786,42.256089],[-83.743787,42.256093],[-83.743787,42.256096],[-83.743788,42.256099],[-83.743789,42.256103],[-83.74379,42.256106],[-83.743791,42.256109],[-83.743793,42.256112],[-83.743794,42.256116],[-83.743795,42.256119],[-83.743797,42.256122],[-83.743798,42.256125],[-83.7438,42.256128],[-83.743802,42.256131],[-83.743803,42.256134],[-83.743805,42.256137],[-83.743806,42.25614],[-83.743808,42.256142],[-83.743809,42.256145],[-83.743811,42.256147],[-83.743812,42.256149],[-83.743814,42.256152],[-83.743815,42.256154],[-83.743817,42.256156],[-83.743819,42.256159],[-83.74382,42.256161],[-83.743822,42.256163],[-83.743824,42.256165],[-83.743825,42.256168],[-83.743827,42.25617],[-83.743829,42.256172],[-83.74383,42.256174],[-83.743832,42.256176],[-83.743834,42.256179],[-83.743836,42.256181],[-83.743837,42.256183],[-83.743839,42.256185],[-83.743841,42.256188],[-83.743842,42.25619],[-83.743844,42.256192],[-83.743846,42.256194],[-83.743847,42.256197],[-83.743849,42.256199],[-83.743851,42.256201],[-83.743852,42.256204],[-83.743854,42.256206],[-83.743855,42.256208],[-83.743856,42.256211],[-83.743858,42.256213],[-83.743859,42.256216],[-83.74386,42.256218],[-83.743861,42.25622],[-83.743862,42.256223],[-83.743863,42.256225],[-83.743864,42.256228],[-83.743865,42.25623],[-83.743865,42.256233],[-83.743866,42.256235],[-83.743867,42.256238],[-83.743867,42.256241],[-83.743868,42.256243],[-83.743869,42.256246],[-83.743869,42.256248],[-83.74387,42.256251],[-83.743871,42.256253],[-83.743872,42.256256],[-83.743872,42.256258],[-83.743873,42.256261],[-83.743874,42.256263],[-83.743875,42.256266],[-83.743876,42.256268],[-83.743877,42.25627],[-83.743878,42.256273],[-83.74388,42.256275],[-83.743881,42.256278],[-83.743883,42.25628],[-83.743885,42.256283],[-83.743888,42.256287],[-83.743892,42.256291],[-83.743896,42.256294],[-83.7439,42.256297],[-83.743904,42.2563],[-83.743908,42.256303],[-83.743913,42.256306],[-83.743918,42.256308],[-83.743923,42.25631],[-83.743928,42.256311],[-83.743933,42.256313],[-83.743938,42.256314],[-83.743944,42.256315],[-83.743949,42.256316],[-83.743955,42.256317],[-83.743961,42.256317],[-83.743966,42.256317],[-83.743972,42.256317],[-83.743978,42.256316],[-83.743983,42.256316],[-83.743989,42.256315],[-83.743995,42.256314],[-83.744,42.256312],[-83.744006,42.256311],[-83.744011,42.256309],[-83.744017,42.256307],[-83.744022,42.256305],[-83.744027,42.256302],[-83.744035,42.256298],[-83.744043,42.256293],[-83.744048,42.256288],[-83.744053,42.256283],[-83.744056,42.256278],[-83.744058,42.256273],[-83.744058,42.256268],[-83.744058,42.256263],[-83.744057,42.256258],[-83.744055,42.256253],[-83.744052,42.256248],[-83.744048,42.256243],[-83.744044,42.256238],[-83.74404,42.256233],[-83.744034,42.256228],[-83.744029,42.256223],[-83.744023,42.256219],[-83.744017,42.256214],[-83.744011,42.256209],[-83.744005,42.256204],[-83.743998,42.2562],[-83.743992,42.256195],[-83.743987,42.256191],[-83.743981,42.256187],[-83.743976,42.256182],[-83.743971,42.256178],[-83.743967,42.256174],[-83.743963,42.25617],[-83.74396,42.256166],[-83.743957,42.256162],[-83.743955,42.256157],[-83.743953,42.256153],[-83.743951,42.256148],[-83.74395,42.256143],[-83.743948,42.256138],[-83.743947,42.256133],[-83.743947,42.256127],[-83.743946,42.256122],[-83.743945,42.256117],[-83.743944,42.256112],[-83.743944,42.256106],[-83.743943,42.256101],[-83.743942,42.256096],[-83.743941,42.25609],[-83.74394,42.256085],[-83.743938,42.25608],[-83.743937,42.256075],[-83.743935,42.256071],[-83.743932,42.256066],[-83.74393,42.256062],[-83.743927,42.256057],[-83.743923,42.256053],[-83.743919,42.25605],[-83.743914,42.256046],[-83.743909,42.256043],[-83.743903,42.25604],[-83.743896,42.256037],[-83.743893,42.256036],[-83.74389,42.256035],[-83.743887,42.256035],[-83.743883,42.256034],[-83.743879,42.256034],[-83.743876,42.256034],[-83.743872,42.256034]]]},"properties":{"ObjectName":null}},{"type":"Feature","geometry":{"type":"Polygon","coordinates":[[[-83.657248,42.282802],[-83.657233,42.282806],[-83.657185,42.282829],[-83.657127,42.282863],[-83.657049,42.282902],[-83.656987,42.282925],[-83.656963,42.282938],[-83.656948,42.282954],[-83.656934,42.282974],[-83.656923,42.282994],[-83.656919,42.283011],[-83.656919,42.283029],[-83.656923,42.283043],[-83.656936,42.283056],[-83.656952,42.283064],[-83.656964,42.283067],[-83.656977,42.283067],[-83.656989,42.283063],[-83.657009,42.283051],[-83.657049,42.283025],[-83.657068,42.283019],[-83.657124,42.283005],[-83.657167,42.282987],[-83.657219,42.282971],[-83.657277,42.282963],[-83.657298,42.282956],[-83.657312,42.282947],[-83.657328,42.282933],[-83.657344,42.282918],[-83.65735,42.282908],[-83.65735,42.282894],[-83.657338,42.282869],[-83.657328,42.282839],[-83.657317,42.282824],[-83.657305,42.282816],[-83.657291,42.282809],[-83.657276,42.282804],[-83.657262,42.282801],[-83.657248,42.282802]]]},"properties":{"ObjectName":null}},{"type":"Feature","geometry":{"type":"Polygon","coordinates":[[[-83.742314,42.254712],[-83.742317,42.254711],[-83.742321,42.254711],[-83.742323,42.254711],[-83.742326,42.254712],[-83.74233,42.254713],[-83.742333,42.254715],[-83.742335,42.254716],[-83.742337,42.254717],[-83.742339,42.254719],[-83.74234,42.254721],[-83.742342,42.254723],[-83.742344,42.254725],[-83.742348,42.254729],[-83.742352,42.254732],[-83.742357,42.254735],[-83.742362,42.254737],[-83.742367,42.254738],[-83.742373,42.254739],[-83.742378,42.25474],[-83.742384,42.25474],[-83.74239,42.25474],[-83.742396,42.25474],[-83.742402,42.254739],[-83.742408,42.254738],[-83.742414,42.254737],[-83.742419,42.254736],[-83.742424,42.254735],[-83.742429,42.254733],[-83.742433,42.254731],[-83.742438,42.254728],[-83.742442,42.254726],[-83.742445,42.254723],[-83.742449,42.254719],[-83.742452,42.254716],[-83.742455,42.254712],[-83.742457,42.254709],[-83.74246,42.254705],[-83.742462,42.254701],[-83.742465,42.254697],[-83.742466,42.254692],[-83.742467,42.254688],[-83.742467,42.254684],[-83.742466,42.25468],[-83.742464,42.254676],[-83.742462,42.254672],[-83.742458,42.254668],[-83.742455,42.254665],[-83.742451,42.254662],[-83.742447,42.254659],[-83.742443,42.254656],[-83.742438,42.254653],[-83.742434,42.25465],[-83.742431,42.254647],[-83.742428,42.254644],[-83.742425,42.254641],[-83.742423,42.254637],[-83.742422,42.254634],[-83.74242,42.25463],[-83.74242,42.254626],[-83.742419,42.254623],[-83.742419,42.254619],[-83.74242,42.254615],[-83.742421,42.254612],[-83.742422,42.254608],[-83.742424,42.254605],[-83.742425,42.254602],[-83.742426,42.2546],[-83.742427,42.254598],[-83.742428,42.254596],[-83.742428,42.254594],[-83.742429,42.254591],[-83.742428,42.254588],[-83.742427,42.254585],[-83.742426,42.254583],[-83.742425,42.254581],[-83.742423,42.254579],[-83.742422,42.254577],[-83.742421,42.254575],[-83.74242,42.254573],[-83.742419,42.254571],[-83.742418,42.254569],[-83.742416,42.254567],[-83.742415,42.254566],[-83.742414,42.254564],[-83.742412,42.254562],[-83.742411,42.25456],[-83.742409,42.254559],[-83.742407,42.254557],[-83.742405,42.254556],[-83.742402,42.254554],[-83.742397,42.254552],[-83.742391,42.254551],[-83.742386,42.254551],[-83.74238,42.254551],[-83.742374,42.254551],[-83.742368,42.254552],[-83.742362,42.254553],[-83.742359,42.254554],[-83.742356,42.254555],[-83.74235,42.254557],[-83.742345,42.25456],[-83.74234,42.254562],[-83.742336,42.254565],[-83.742333,42.254568],[-83.74233,42.254572],[-83.742328,42.254576],[-83.742328,42.25458],[-83.742328,42.254585],[-83.742328,42.25459],[-83.742328,42.254594],[-83.742329,42.254599],[-83.742329,42.254604],[-83.742329,42.254608],[-83.742328,42.254612],[-83.742325,42.254615],[-83.742322,42.254618],[-83.742317,42.254621],[-83.742314,42.254622],[-83.742311,42.254622],[-83.742308,42.254623],[-83.742305,42.254623],[-83.742302,42.254622],[-83.742299,42.254622],[-83.742296,42.254621],[-83.742294,42.254621],[-83.742291,42.25462],[-83.742288,42.254619],[-83.742286,42.254618],[-83.742283,42.254617],[-83.74228,42.254616],[-83.742277,42.254615],[-83.742274,42.254615],[-83.742271,42.254615],[-83.742268,42.254614],[-83.742265,42.254615],[-83.742262,42.254615],[-83.742259,42.254615],[-83.742256,42.254616],[-83.742254,42.254616],[-83.742251,42.254617],[-83.742248,42.254618],[-83.742245,42.254619],[-83.742243,42.25462],[-83.742239,42.254622],[-83.742234,42.254624],[-83.742229,42.254627],[-83.742226,42.254631],[-83.742222,42.254634],[-83.74222,42.254638],[-83.742218,42.254642],[-83.742216,42.254646],[-83.742215,42.254651],[-83.742215,42.254655],[-83.742215,42.25466],[-83.742215,42.254664],[-83.742216,42.254669],[-83.742217,42.254673],[-83.742218,42.254676],[-83.742219,42.254679],[-83.742219,42.254681],[-83.74222,42.254684],[-83.742221,42.254687],[-83.742221,42.254689],[-83.742222,42.254692],[-83.742223,42.254694],[-83.742225,42.254697],[-83.742226,42.254699],[-83.742228,42.254701],[-83.74223,42.254703],[-83.742233,42.254706],[-83.742235,42.254707],[-83.742238,42.254709],[-83.742241,42.254711],[-83.742244,42.254712],[-83.742247,42.254714],[-83.74225,42.254715],[-83.742253,42.254716],[-83.742257,42.254717],[-83.74226,42.254718],[-83.742264,42.254719],[-83.742267,42.254719],[-83.742271,42.25472],[-83.742274,42.25472],[-83.742277,42.25472],[-83.74228,42.254719],[-83.742283,42.254719],[-83.742286,42.254718],[-83.742289,42.254718],[-83.742292,42.254717],[-83.742294,42.254716],[-83.742297,42.254716],[-83.7423,42.254715],[-83.742303,42.254714],[-83.742305,42.254713],[-83.742308,42.254713],[-83.742311,42.254712],[-83.742314,42.254712]],[[-83.742335,42.254668],[-83.742339,42.254668],[-83.742343,42.254668],[-83.742347,42.25467],[-83.742351,42.254671],[-83.742354,42.254674],[-83.742356,42.254676],[-83.742356,42.254679],[-83.742356,42.254682],[-83.742354,42.254685],[-83.742351,42.254688],[-83.742348,42.254689],[-83.742344,42.25469],[-83.74234,42.254691],[-83.742335,42.25469],[-83.742332,42.25469],[-83.742328,42.254688],[-83.742325,42.254687],[-83.742323,42.254685],[-83.742321,42.254683],[-83.74232,42.25468],[-83.74232,42.254678],[-83.742321,42.254676],[-83.742323,42.254674],[-83.742324,42.254672],[-83.742327,42.25467],[-83.742331,42.254669],[-83.742335,42.254668]]]},"properties":{"ObjectName":null}},{"type":"Feature","geometry":{"type":"Polygon","coordinates":[[[-83.662715,42.284049],[-83.662704,42.284055],[-83.662688,42.284072],[-83.662661,42.284103],[-83.662645,42.284133],[-83.662639,42.284161],[-83.662639,42.284174],[-83.662641,42.284182],[-83.662646,42.284187],[-83.662654,42.284192],[-83.662686,42.284203],[-83.662705,42.284208],[-83.662765,42.28422],[-83.662817,42.284238],[-83.662837,42.284243],[-83.66285,42.284244],[-83.662865,42.284243],[-83.662883,42.284239],[-83.662908,42.28423],[-83.662924,42.28422],[-83.662932,42.284208],[-83.662935,42.284198],[-83.662933,42.284192],[-83.662927,42.284185],[-83.662901,42.284167],[-83.662871,42.284155],[-83.662862,42.28415],[-83.662855,42.284141],[-83.662842,42.284119],[-83.662823,42.284095],[-83.662808,42.28408],[-83.662783,42.284063],[-83.662762,42.284053],[-83.662734,42.284047],[-83.662723,42.284047],[-83.662715,42.284049]]]},"properties":{"ObjectName":null}},{"type":"Feature","geometry":{"type":"Polygon","coordinates":[[[-83.748432,42.257303],[-83.748427,42.257315],[-83.748416,42.257335],[-83.748403,42.257348],[-83.748385,42.257352],[-83.748368,42.257348],[-83.748361,42.257345],[-83.748356,42.257341],[-83.748351,42.257337],[-83.748348,42.257332],[-83.748344,42.257328],[-83.74834,42.257324],[-83.748336,42.257321],[-83.74833,42.257317],[-83.748322,42.257312],[-83.748314,42.257309],[-83.748306,42.257307],[-83.748299,42.257307],[-83.748291,42.257308],[-83.748284,42.257311],[-83.748276,42.257314],[-83.748267,42.257318],[-83.74826,42.257322],[-83.748252,42.257326],[-83.748243,42.25733],[-83.748233,42.257333],[-83.748223,42.257337],[-83.748215,42.257341],[-83.748208,42.257346],[-83.748202,42.257352],[-83.748199,42.257356],[-83.748197,42.25736],[-83.748196,42.257364],[-83.748195,42.25737],[-83.748196,42.257375],[-83.748198,42.25738],[-83.748201,42.257385],[-83.748205,42.257389],[-83.748211,42.257391],[-83.748217,42.257393],[-83.748222,42.257394],[-83.748228,42.257394],[-83.748233,42.257394],[-83.748238,42.257394],[-83.748242,42.257394],[-83.748246,42.257395],[-83.74825,42.257397],[-83.748253,42.257399],[-83.748257,42.257401],[-83.748261,42.257403],[-83.748265,42.257405],[-83.74827,42.257407],[-83.748274,42.257408],[-83.748278,42.257409],[-83.748281,42.257409],[-83.748288,42.257411],[-83.748297,42.257413],[-83.748304,42.257416],[-83.748312,42.257418],[-83.748319,42.257421],[-83.748326,42.257424],[-83.748334,42.257428],[-83.748342,42.257432],[-83.74835,42.257435],[-83.748357,42.257438],[-83.748365,42.25744],[-83.748374,42.257443],[-83.748384,42.257445],[-83.748393,42.257447],[-83.748403,42.257448],[-83.748413,42.257448],[-83.748423,42.257446],[-83.748436,42.257444],[-83.748447,42.257438],[-83.748457,42.257431],[-83.748466,42.257424],[-83.748475,42.257418],[-83.748484,42.257416],[-83.748495,42.257419],[-83.748509,42.257427],[-83.748514,42.257434],[-83.748519,42.257439],[-83.748526,42.257444],[-83.748534,42.257447],[-83.748543,42.25745],[-83.748553,42.257452],[-83.748562,42.257453],[-83.748572,42.257453],[-83.748577,42.257452],[-83.748581,42.25745],[-83.748585,42.257449],[-83.748589,42.257448],[-83.748594,42.257447],[-83.748598,42.257446],[-83.748602,42.257444],[-83.748606,42.257443],[-83.74861,42.257441],[-83.748615,42.257441],[-83.74862,42.257441],[-83.748624,42.257441],[-83.748628,42.257441],[-83.748632,42.25744],[-83.748635,42.257439],[-83.748638,42.257437],[-83.748641,42.257435],[-83.748644,42.257435],[-83.748647,42.257435],[-83.74865,42.257433],[-83.748653,42.257432],[-83.748656,42.25743],[-83.748659,42.257428],[-83.748662,42.257426],[-83.748665,42.257424],[-83.748669,42.257419],[-83.748673,42.257413],[-83.748675,42.257407],[-83.748676,42.257402],[-83.748676,42.257396],[-83.748675,42.257391],[-83.748675,42.257385],[-83.748674,42.257379],[-83.748677,42.257374],[-83.748682,42.257372],[-83.748688,42.257371],[-83.748694,42.25737],[-83.748699,42.25737],[-83.748704,42.257369],[-83.748708,42.257369],[-83.748712,42.257369],[-83.748715,42.257369],[-83.748718,42.257367],[-83.748721,42.257365],[-83.748724,42.257362],[-83.748727,42.25736],[-83.74873,42.257358],[-83.748733,42.257356],[-83.748736,42.257354],[-83.748739,42.257351],[-83.748744,42.257346],[-83.748749,42.257339],[-83.748754,42.257332],[-83.748757,42.257325],[-83.74876,42.257318],[-83.748762,42.257311],[-83.748764,42.257302],[-83.748764,42.257295],[-83.748763,42.257287],[-83.748759,42.257281],[-83.748753,42.257276],[-83.748747,42.257271],[-83.748739,42.257266],[-83.748732,42.257262],[-83.748723,42.257259],[-83.748714,42.257256],[-83.748704,42.257253],[-83.748692,42.257253],[-83.748684,42.257254],[-83.748677,42.257256],[-83.748673,42.25726],[-83.748668,42.257265],[-83.748664,42.257271],[-83.748658,42.257277],[-83.748651,42.257284],[-83.748647,42.257286],[-83.748643,42.257288],[-83.748639,42.25729],[-83.748634,42.257292],[-83.748629,42.257293],[-83.748623,42.257295],[-83.748617,42.257295],[-83.748611,42.257296],[-83.748608,42.257291],[-83.748608,42.257284],[-83.748608,42.257276],[-83.748609,42.257269],[-83.748608,42.257262],[-83.748605,42.257257],[-83.748598,42.257254],[-83.748587,42.257253],[-83.748576,42.257253],[-83.748573,42.257254],[-83.74857,42.257255],[-83.748567,42.257256],[-83.748564,42.257257],[-83.748561,42.257259],[-83.748558,42.257261],[-83.748555,42.257263],[-83.748552,42.257265],[-83.748544,42.257267],[-83.748538,42.257268],[-83.748533,42.257268],[-83.748529,42.257267],[-83.748526,42.257265],[-83.748522,42.257264],[-83.748518,42.257262],[-83.748513,42.257259],[-83.748487,42.257255],[-83.748464,42.25726],[-83.748448,42.257275],[-83.748437,42.257294],[-83.748432,42.257303]],[[-83.748534,42.257352],[-83.748537,42.257352],[-83.74854,42.257352],[-83.748542,42.257353],[-83.748544,42.257354],[-83.748546,42.257356],[-83.748548,42.257358],[-83.748549,42.25736],[-83.74855,42.257362],[-83.748551,42.257365],[-83.748552,42.257367],[-83.748552,42.257371],[-83.748552,42.257374],[-83.748551,42.257377],[-83.748551,42.257379],[-83.748549,42.257382],[-83.748548,42.257384],[-83.748546,42.257386],[-83.748544,42.257387],[-83.748541,42.257389],[-83.748537,42.25739],[-83.748533,42.25739],[-83.748529,42.25739],[-83.748526,42.257388],[-83.748523,42.257386],[-83.748521,42.257383],[-83.74852,42.257379],[-83.748519,42.257377],[-83.748518,42.257375],[-83.748518,42.257372],[-83.748518,42.257369],[-83.748518,42.257365],[-83.748519,42.257362],[-83.748521,42.257359],[-83.748523,42.257356],[-83.748525,42.257355],[-83.748528,42.257354],[-83.748531,42.257352],[-83.748534,42.257352]]]},"properties":{"ObjectName":null}},{"type":"Feature","geometry":{"type":"Polygon","coordinates":[[[-83.654113,42.285845],[-83.654127,42.285849],[-83.654139,42.285856],[-83.654151,42.285866],[-83.654177,42.285902],[-83.654193,42.285932],[-83.654193,42.285926],[-83.654179,42.285881],[-83.654175,42.285842],[-83.654176,42.28583],[-83.65418,42.285821],[-83.654187,42.285811],[-83.654199,42.285801],[-83.654246,42.285774],[-83.654279,42.28576],[-83.654359,42.285734],[-83.654376,42.285726],[-83.654391,42.285717],[-83.654415,42.285699],[-83.654435,42.285681],[-83.65445,42.285664],[-83.65446,42.285647],[-83.654464,42.285635],[-83.654466,42.285621],[-83.654461,42.285569],[-83.654461,42.285549],[-83.65447,42.285513],[-83.654485,42.285475],[-83.654507,42.285433],[-83.654542,42.285374],[-83.654536,42.285365],[-83.654533,42.285356],[-83.654531,42.285346],[-83.65453,42.285336],[-83.654532,42.285326],[-83.654535,42.285316],[-83.65454,42.285308],[-83.654546,42.2853],[-83.654559,42.285288],[-83.654573,42.285279],[-83.654589,42.285272],[-83.654605,42.285268],[-83.654622,42.285266],[-83.654637,42.285249],[-83.654679,42.285207],[-83.654753,42.285142],[-83.654936,42.284993],[-83.655014,42.284925],[-83.655191,42.284758],[-83.655292,42.284671],[-83.655326,42.284645],[-83.655366,42.284618],[-83.65551,42.284529],[-83.655565,42.284493],[-83.655616,42.284454],[-83.655658,42.284415],[-83.655693,42.28438],[-83.655706,42.28436],[-83.655712,42.284338],[-83.655712,42.284313],[-83.655707,42.284293],[-83.655698,42.28428],[-83.655691,42.284275],[-83.655682,42.284272],[-83.655656,42.284269],[-83.655622,42.284269],[-83.655563,42.284275],[-83.655526,42.28428],[-83.655486,42.28429],[-83.655446,42.284302],[-83.655359,42.284333],[-83.65524,42.284377],[-83.655133,42.284423],[-83.655043,42.284468],[-83.654977,42.284507],[-83.65494,42.284532],[-83.654902,42.284563],[-83.654795,42.284661],[-83.654739,42.284715],[-83.654681,42.284774],[-83.654553,42.284915],[-83.654467,42.285014],[-83.654419,42.285077],[-83.654384,42.285133],[-83.654349,42.285199],[-83.654327,42.285247],[-83.654288,42.285356],[-83.654268,42.285403],[-83.654253,42.285435],[-83.654254,42.285448],[-83.654253,42.28546],[-83.65425,42.285472],[-83.654246,42.285484],[-83.654239,42.285495],[-83.654231,42.285504],[-83.654222,42.285512],[-83.654211,42.285519],[-83.654202,42.285534],[-83.654183,42.285563],[-83.65415,42.285602],[-83.654145,42.285607],[-83.654144,42.285619],[-83.654141,42.28563],[-83.654136,42.28564],[-83.65413,42.28565],[-83.654122,42.285658],[-83.654112,42.285665],[-83.654102,42.28567],[-83.654091,42.285674],[-83.654079,42.285675],[-83.653996,42.285752],[-83.653977,42.285774],[-83.653964,42.285795],[-83.653952,42.285822],[-83.653944,42.285846],[-83.65394,42.285868],[-83.65394,42.285888],[-83.653946,42.285918],[-83.653951,42.28593],[-83.653955,42.285911],[-83.653963,42.285892],[-83.653974,42.285876],[-83.653988,42.285864],[-83.654001,42.285856],[-83.654019,42.28585],[-83.654039,42.285845],[-83.654059,42.285843],[-83.654097,42.285843],[-83.654113,42.285845]]]},"properties":{"ObjectName":null}},{"type":"Feature","geometry":{"type":"Polygon","coordinates":[[[-83.744375,42.259339],[-83.744383,42.259347],[-83.744391,42.259356],[-83.744398,42.259365],[-83.744403,42.259376],[-83.744406,42.259396],[-83.744405,42.259429],[-83.744399,42.259462],[-83.744388,42.259492],[-83.744369,42.259515],[-83.744343,42.259532],[-83.744308,42.259545],[-83.744272,42.259552],[-83.744236,42.259561],[-83.744208,42.259573],[-83.744196,42.259582],[-83.744187,42.259593],[-83.744171,42.259621],[-83.744151,42.259681],[-83.744136,42.259739],[-83.744104,42.259832],[-83.744036,42.259995],[-83.743954,42.260153],[-83.743889,42.260277],[-83.743857,42.260326],[-83.743822,42.260375],[-83.743786,42.260425],[-83.743749,42.260475],[-83.743729,42.26053],[-83.743731,42.260583],[-83.743738,42.260611],[-83.743748,42.260641],[-83.743758,42.260683],[-83.743763,42.260748],[-83.743756,42.260813],[-83.743744,42.260872],[-83.743738,42.2609],[-83.743727,42.260932],[-83.743713,42.260969],[-83.743686,42.261021],[-83.74366,42.261072],[-83.743641,42.26112],[-83.743631,42.261152],[-83.743628,42.261185],[-83.743627,42.261218],[-83.743634,42.261249],[-83.743646,42.261278],[-83.743664,42.261311],[-83.743693,42.26136],[-83.743737,42.261403],[-83.7438,42.261433],[-83.743874,42.261439],[-83.743944,42.261418],[-83.743987,42.261378],[-83.744006,42.261353],[-83.744024,42.261327],[-83.744037,42.261297],[-83.744053,42.261254],[-83.744067,42.26121],[-83.744078,42.261163],[-83.744083,42.261108],[-83.744085,42.261054],[-83.744086,42.260998],[-83.744092,42.260929],[-83.744103,42.260863],[-83.744113,42.260795],[-83.744125,42.260739],[-83.744153,42.260684],[-83.744189,42.260634],[-83.744206,42.260606],[-83.744222,42.260579],[-83.74424,42.260548],[-83.744273,42.260478],[-83.744303,42.260404],[-83.74433,42.260331],[-83.744349,42.260271],[-83.744367,42.260209],[-83.744381,42.260142],[-83.74439,42.260039],[-83.744398,42.259935],[-83.744424,42.259837],[-83.744443,42.259781],[-83.744466,42.259726],[-83.744491,42.259674],[-83.744508,42.259644],[-83.744517,42.259614],[-83.744524,42.259584],[-83.744526,42.259533],[-83.744527,42.259526],[-83.744528,42.25952],[-83.744529,42.259513],[-83.74453,42.259506],[-83.744531,42.259499],[-83.744532,42.259492],[-83.744533,42.259486],[-83.744534,42.259479],[-83.744535,42.259472],[-83.744536,42.259465],[-83.744537,42.259458],[-83.744538,42.259452],[-83.744539,42.259445],[-83.74454,42.259438],[-83.744541,42.259431],[-83.744542,42.259424],[-83.744543,42.259418],[-83.744544,42.259411],[-83.744545,42.259409],[-83.744545,42.259407],[-83.744552,42.259391],[-83.744561,42.25938],[-83.74458,42.259361],[-83.744596,42.259347],[-83.744599,42.259342],[-83.744595,42.259344],[-83.744591,42.259347],[-83.744586,42.259349],[-83.744582,42.259351],[-83.744578,42.259353],[-83.744574,42.259354],[-83.744569,42.259356],[-83.744565,42.259357],[-83.74456,42.259358],[-83.744556,42.259359],[-83.744551,42.25936],[-83.744546,42.25936],[-83.744541,42.259361],[-83.744536,42.259361],[-83.744531,42.259362],[-83.744525,42.259362],[-83.744519,42.259362],[-83.744514,42.259362],[-83.744508,42.259362],[-83.744501,42.259362],[-83.744495,42.259362],[-83.744489,42.259362],[-83.744483,42.259362],[-83.744478,42.259361],[-83.744472,42.259361],[-83.744466,42.259361],[-83.744461,42.25936],[-83.744456,42.25936],[-83.74445,42.259359],[-83.744445,42.259359],[-83.74444,42.259358],[-83.744435,42.259357],[-83.744429,42.259356],[-83.744424,42.259355],[-83.744419,42.259354],[-83.744414,42.259353],[-83.744409,42.259351],[-83.744403,42.25935],[-83.744398,42.259348],[-83.744393,42.259346],[-83.744387,42.259344],[-83.744381,42.259342],[-83.744375,42.259339]]]},"properties":{"ObjectName":null}},{"type":"Feature","geometry":{"type":"Polygon","coordinates":[[[-83.657589,42.285799],[-83.657575,42.285803],[-83.657564,42.285809],[-83.657557,42.285823],[-83.657558,42.285838],[-83.657567,42.285847],[-83.657593,42.285861],[-83.657631,42.285882],[-83.65766,42.285895],[-83.657687,42.285903],[-83.657713,42.285906],[-83.657734,42.285907],[-83.657746,42.285904],[-83.657756,42.285898],[-83.657762,42.28589],[-83.657761,42.28588],[-83.657755,42.285868],[-83.657746,42.285861],[-83.657726,42.28585],[-83.65768,42.285825],[-83.657642,42.28581],[-83.657608,42.2858],[-83.657598,42.285798],[-83.657589,42.285799]]]},"properties":{"ObjectName":null}},{"type":"Feature","geometry":{"type":"Polygon","coordinates":[[[-83.744634,42.254803],[-83.744631,42.254804],[-83.744628,42.254806],[-83.744626,42.254808],[-83.744623,42.254811],[-83.744621,42.254814],[-83.744619,42.254818],[-83.744617,42.254821],[-83.744615,42.254824],[-83.744613,42.254826],[-83.74461,42.254829],[-83.744608,42.254831],[-83.744606,42.254832],[-83.744603,42.254834],[-83.744598,42.254835],[-83.744594,42.254836],[-83.744589,42.254837],[-83.744585,42.254838],[-83.744582,42.25484],[-83.744579,42.254841],[-83.744575,42.254844],[-83.744573,42.254846],[-83.744571,42.254849],[-83.744569,42.254852],[-83.744567,42.254855],[-83.744566,42.254858],[-83.744565,42.254861],[-83.744565,42.254864],[-83.744565,42.254868],[-83.744564,42.254871],[-83.744565,42.254875],[-83.744565,42.254878],[-83.744566,42.254881],[-83.744567,42.254885],[-83.744568,42.254888],[-83.74457,42.254892],[-83.744571,42.254895],[-83.744573,42.254898],[-83.744575,42.254901],[-83.744577,42.254904],[-83.74458,42.254907],[-83.744583,42.254909],[-83.744585,42.254912],[-83.744588,42.254914],[-83.744591,42.254916],[-83.744595,42.254917],[-83.744598,42.254919],[-83.744602,42.25492],[-83.744605,42.25492],[-83.744609,42.254921],[-83.744612,42.254921],[-83.744614,42.254921],[-83.744618,42.254921],[-83.744623,42.25492],[-83.744626,42.254918],[-83.74463,42.254916],[-83.744632,42.254913],[-83.744635,42.25491],[-83.744637,42.254907],[-83.74464,42.254904],[-83.744642,42.254901],[-83.744643,42.254899],[-83.744645,42.254897],[-83.744648,42.254894],[-83.744651,42.254892],[-83.744653,42.25489],[-83.744656,42.254889],[-83.74466,42.254887],[-83.744664,42.254886],[-83.744666,42.254885],[-83.744669,42.254884],[-83.744671,42.254883],[-83.744674,42.254882],[-83.744677,42.254882],[-83.744679,42.254881],[-83.744682,42.25488],[-83.744684,42.254879],[-83.744687,42.254878],[-83.74469,42.254876],[-83.744694,42.254874],[-83.744697,42.254871],[-83.744699,42.254869],[-83.7447,42.254865],[-83.7447,42.254863],[-83.7447,42.254861],[-83.744699,42.254859],[-83.744698,42.254857],[-83.744695,42.254853],[-83.744692,42.254851],[-83.74469,42.254849],[-83.744687,42.254848],[-83.744685,42.254846],[-83.744682,42.254845],[-83.74468,42.254843],[-83.744677,42.254842],[-83.744674,42.254839],[-83.744672,42.254837],[-83.744671,42.254835],[-83.74467,42.254833],[-83.744669,42.254831],[-83.744669,42.254829],[-83.744668,42.254827],[-83.744668,42.254825],[-83.744667,42.254823],[-83.744666,42.254821],[-83.744666,42.254819],[-83.744665,42.254817],[-83.744663,42.254815],[-83.744662,42.254813],[-83.74466,42.254811],[-83.744657,42.254809],[-83.744653,42.254807],[-83.74465,42.254805],[-83.744647,42.254804],[-83.744645,42.254803],[-83.744641,42.254802],[-83.744637,42.254802],[-83.744634,42.254803]]]},"properties":{"ObjectName":null}},{"type":"Feature","geometry":{"type":"Polygon","coordinates":[[[-83.749325,42.258736],[-83.749319,42.258735],[-83.749314,42.258732],[-83.749311,42.258729],[-83.749307,42.258726],[-83.749304,42.258723],[-83.7493,42.25872],[-83.749295,42.258717],[-83.749289,42.258714],[-83.749281,42.258712],[-83.749275,42.25871],[-83.749268,42.258709],[-83.74926,42.25871],[-83.749252,42.25871],[-83.749245,42.258712],[-83.749237,42.258715],[-83.749231,42.258718],[-83.749226,42.258721],[-83.749222,42.258725],[-83.749218,42.258729],[-83.749214,42.258734],[-83.749212,42.258738],[-83.749211,42.258742],[-83.749211,42.258746],[-83.749211,42.25875],[-83.749213,42.258755],[-83.749215,42.258759],[-83.749216,42.258761],[-83.749217,42.258764],[-83.749221,42.258766],[-83.749224,42.258768],[-83.749227,42.258769],[-83.74923,42.25877],[-83.749232,42.258773],[-83.749232,42.258776],[-83.749231,42.258779],[-83.74923,42.258782],[-83.749228,42.258784],[-83.749227,42.258786],[-83.749225,42.258788],[-83.749224,42.258791],[-83.749224,42.258794],[-83.749225,42.2588],[-83.749229,42.258807],[-83.749234,42.258812],[-83.74924,42.258816],[-83.749247,42.25882],[-83.749254,42.258823],[-83.749262,42.258825],[-83.74927,42.258828],[-83.749279,42.258832],[-83.749291,42.258839],[-83.749298,42.258847],[-83.749298,42.258854],[-83.749293,42.25886],[-83.749286,42.258866],[-83.749276,42.258873],[-83.749267,42.258879],[-83.74926,42.258887],[-83.749255,42.258895],[-83.749252,42.258903],[-83.749255,42.25891],[-83.749261,42.258916],[-83.74927,42.258922],[-83.749281,42.258925],[-83.749293,42.258928],[-83.749305,42.258928],[-83.749311,42.258927],[-83.749316,42.258926],[-83.749322,42.258921],[-83.749325,42.258915],[-83.749328,42.258908],[-83.749332,42.258902],[-83.749337,42.258896],[-83.749342,42.258892],[-83.749349,42.258889],[-83.749358,42.258887],[-83.749368,42.258888],[-83.749374,42.258896],[-83.749383,42.258902],[-83.749395,42.258905],[-83.749409,42.258905],[-83.749423,42.258903],[-83.749436,42.258897],[-83.749446,42.25889],[-83.749451,42.25888],[-83.749451,42.25887],[-83.749449,42.258868],[-83.749447,42.258867],[-83.749445,42.258865],[-83.749442,42.258863],[-83.749439,42.258861],[-83.749437,42.258859],[-83.749435,42.258857],[-83.749435,42.258855],[-83.749434,42.258853],[-83.749432,42.258851],[-83.749431,42.258849],[-83.74943,42.258846],[-83.749428,42.258844],[-83.749428,42.258842],[-83.749427,42.25884],[-83.749425,42.258835],[-83.749421,42.25883],[-83.749417,42.258827],[-83.749412,42.258824],[-83.749407,42.258822],[-83.749402,42.25882],[-83.749397,42.258819],[-83.749391,42.258817],[-83.749386,42.258815],[-83.749383,42.258813],[-83.749381,42.258812],[-83.749378,42.258811],[-83.749375,42.258809],[-83.749372,42.258806],[-83.749371,42.258804],[-83.749371,42.258801],[-83.749371,42.258797],[-83.749373,42.258794],[-83.749374,42.258792],[-83.749376,42.25879],[-83.74938,42.258789],[-83.749384,42.258789],[-83.749387,42.258791],[-83.749392,42.258792],[-83.749397,42.258793],[-83.749402,42.258796],[-83.749406,42.258799],[-83.749411,42.258802],[-83.749417,42.258805],[-83.749423,42.258808],[-83.74943,42.258809],[-83.749436,42.25881],[-83.749439,42.258809],[-83.749442,42.258809],[-83.749445,42.258808],[-83.749448,42.258807],[-83.749451,42.258807],[-83.749453,42.258807],[-83.749456,42.258808],[-83.749459,42.258809],[-83.749463,42.25881],[-83.749466,42.258813],[-83.749467,42.258815],[-83.749469,42.258817],[-83.74947,42.25882],[-83.749472,42.258823],[-83.749474,42.258826],[-83.749476,42.258828],[-83.749482,42.258829],[-83.749488,42.25883],[-83.749495,42.258829],[-83.749502,42.258827],[-83.749509,42.258825],[-83.749516,42.258823],[-83.749523,42.25882],[-83.74953,42.258818],[-83.749535,42.258815],[-83.749541,42.25881],[-83.749546,42.258804],[-83.749551,42.258798],[-83.749554,42.258791],[-83.749556,42.258785],[-83.749557,42.258778],[-83.749556,42.258771],[-83.749552,42.258764],[-83.749544,42.258758],[-83.749533,42.258754],[-83.749519,42.25875],[-83.749504,42.258748],[-83.749488,42.258746],[-83.749473,42.258743],[-83.749459,42.25874],[-83.749446,42.258736],[-83.749436,42.258731],[-83.749431,42.258729],[-83.749425,42.258727],[-83.749419,42.258725],[-83.749413,42.258723],[-83.749407,42.258721],[-83.7494,42.25872],[-83.749393,42.258719],[-83.749385,42.258719],[-83.749378,42.258719],[-83.749372,42.258722],[-83.749367,42.258724],[-83.749362,42.258727],[-83.749357,42.25873],[-83.749351,42.258732],[-83.749344,42.258734],[-83.749335,42.258736],[-83.749325,42.258736]]]},"properties":{"ObjectName":null}},{"type":"Feature","geometry":{"type":"Polygon","coordinates":[[[-83.745202,42.258938],[-83.745198,42.258938],[-83.745195,42.258938],[-83.745191,42.258939],[-83.745188,42.25894],[-83.745185,42.258941],[-83.745182,42.258942],[-83.745179,42.258943],[-83.745176,42.258945],[-83.745173,42.258947],[-83.745171,42.258949],[-83.745168,42.258951],[-83.745166,42.258953],[-83.745164,42.258956],[-83.745162,42.258958],[-83.74516,42.258961],[-83.745158,42.258964],[-83.745157,42.258968],[-83.745156,42.258971],[-83.745155,42.258974],[-83.745155,42.258977],[-83.745154,42.25898],[-83.745154,42.258983],[-83.745155,42.258986],[-83.745155,42.258989],[-83.745156,42.258992],[-83.745156,42.258994],[-83.745158,42.258997],[-83.745159,42.258999],[-83.74516,42.259002],[-83.745162,42.259004],[-83.745163,42.259007],[-83.745165,42.259009],[-83.745167,42.259011],[-83.745169,42.259013],[-83.745171,42.259015],[-83.745174,42.259017],[-83.745176,42.259019],[-83.745179,42.259021],[-83.745181,42.259022],[-83.745184,42.259024],[-83.745187,42.259025],[-83.74519,42.259026],[-83.745193,42.259028],[-83.745196,42.259029],[-83.745199,42.259029],[-83.745202,42.25903],[-83.745205,42.259031],[-83.745208,42.259031],[-83.745211,42.259032],[-83.745214,42.259032],[-83.745217,42.259032],[-83.74522,42.259031],[-83.745223,42.259031],[-83.745226,42.259031],[-83.745229,42.25903],[-83.745232,42.259029],[-83.745235,42.259028],[-83.745237,42.259027],[-83.74524,42.259025],[-83.745243,42.259024],[-83.745245,42.259022],[-83.745247,42.25902],[-83.74525,42.259018],[-83.745252,42.259015],[-83.745254,42.259012],[-83.745256,42.25901],[-83.745258,42.259006],[-83.745259,42.259003],[-83.745261,42.259],[-83.745261,42.258998],[-83.745262,42.258996],[-83.745263,42.258994],[-83.745263,42.25899],[-83.745264,42.258986],[-83.745264,42.258983],[-83.745264,42.25898],[-83.745263,42.258976],[-83.745263,42.258973],[-83.745262,42.25897],[-83.745261,42.258967],[-83.745259,42.258965],[-83.745258,42.258962],[-83.745256,42.258959],[-83.745254,42.258957],[-83.745251,42.258955],[-83.745249,42.258953],[-83.745247,42.25895],[-83.745244,42.258949],[-83.745241,42.258947],[-83.745238,42.258945],[-83.745235,42.258944],[-83.745232,42.258943],[-83.745229,42.258941],[-83.745225,42.25894],[-83.745222,42.258939],[-83.745219,42.258939],[-83.745215,42.258938],[-83.745212,42.258938],[-83.745208,42.258938],[-83.745205,42.258938],[-83.745202,42.258938]]]},"properties":{"ObjectName":null}},{"type":"Feature","geometry":{"type":"Polygon","coordinates":[[[-83.654522,42.282633],[-83.654534,42.282637],[-83.654541,42.282636],[-83.654564,42.282627],[-83.654601,42.28263],[-83.654622,42.282629],[-83.654636,42.282623],[-83.654643,42.282617],[-83.654634,42.282603],[-83.654628,42.282584],[-83.65463,42.282565],[-83.654628,42.282558],[-83.654618,42.28255],[-83.654596,42.282545],[-83.654579,42.282535],[-83.654562,42.282519],[-83.65455,42.282514],[-83.654533,42.28251],[-83.654517,42.282509],[-83.654501,42.282509],[-83.654489,42.282511],[-83.654479,42.282515],[-83.654469,42.282524],[-83.654461,42.282537],[-83.654458,42.282551],[-83.65446,42.282567],[-83.654465,42.28258],[-83.654475,42.282595],[-83.654488,42.28261],[-83.654504,42.282622],[-83.654522,42.282633]]]},"properties":{"ObjectName":null}},{"type":"Feature","geometry":{"type":"Polygon","coordinates":[[[-83.749374,42.257968],[-83.74937,42.257969],[-83.749366,42.257969],[-83.749362,42.25797],[-83.749358,42.257971],[-83.749355,42.257972],[-83.749352,42.257974],[-83.749349,42.257975],[-83.749347,42.257977],[-83.749344,42.257979],[-83.749342,42.257982],[-83.74934,42.257984],[-83.749339,42.257986],[-83.749337,42.257989],[-83.749336,42.257992],[-83.749335,42.257995],[-83.749334,42.257998],[-83.749333,42.258001],[-83.749333,42.258004],[-83.749333,42.258007],[-83.749333,42.25801],[-83.749333,42.258014],[-83.749333,42.258017],[-83.749334,42.25802],[-83.749335,42.258024],[-83.749336,42.258027],[-83.749337,42.25803],[-83.749338,42.258034],[-83.74934,42.258036],[-83.749341,42.258039],[-83.749342,42.258041],[-83.749344,42.258044],[-83.749346,42.258047],[-83.749348,42.25805],[-83.74935,42.258053],[-83.749353,42.258055],[-83.749356,42.258058],[-83.749358,42.258061],[-83.749362,42.258063],[-83.749365,42.258066],[-83.749368,42.258068],[-83.749372,42.25807],[-83.749375,42.258071],[-83.749379,42.258073],[-83.749383,42.258074],[-83.749387,42.258076],[-83.749391,42.258077],[-83.749396,42.258077],[-83.7494,42.258078],[-83.749405,42.258078],[-83.74941,42.258078],[-83.749414,42.258078],[-83.749419,42.258077],[-83.749423,42.258076],[-83.749426,42.258075],[-83.74943,42.258074],[-83.749433,42.258073],[-83.749436,42.258071],[-83.749439,42.258069],[-83.749441,42.258067],[-83.749443,42.258065],[-83.749445,42.258063],[-83.749447,42.258061],[-83.749449,42.258058],[-83.74945,42.258055],[-83.749451,42.258053],[-83.749452,42.25805],[-83.749453,42.258047],[-83.749453,42.258044],[-83.749454,42.258041],[-83.749454,42.258038],[-83.749453,42.258035],[-83.749453,42.258031],[-83.749453,42.258028],[-83.749452,42.258025],[-83.749451,42.258022],[-83.74945,42.258019],[-83.749448,42.258015],[-83.749447,42.258012],[-83.749445,42.258009],[-83.749444,42.258007],[-83.749443,42.258004],[-83.74944,42.258001],[-83.749438,42.257998],[-83.749436,42.257995],[-83.749433,42.257993],[-83.749431,42.25799],[-83.749428,42.257987],[-83.749425,42.257985],[-83.749422,42.257983],[-83.749418,42.25798],[-83.749415,42.257978],[-83.749411,42.257976],[-83.749408,42.257975],[-83.749404,42.257973],[-83.7494,42.257972],[-83.749396,42.257971],[-83.749392,42.25797],[-83.749387,42.257969],[-83.749383,42.257969],[-83.749378,42.257968],[-83.749374,42.257968]]]},"properties":{"ObjectName":null}},{"type":"Feature","geometry":{"type":"Polygon","coordinates":[[[-83.749776,42.26058],[-83.749772,42.26058],[-83.749768,42.260581],[-83.749764,42.260582],[-83.74976,42.260582],[-83.749756,42.260584],[-83.749753,42.260585],[-83.74975,42.260586],[-83.749747,42.260588],[-83.749745,42.26059],[-83.749743,42.260592],[-83.749741,42.260593],[-83.74974,42.260596],[-83.749739,42.260598],[-83.749738,42.2606],[-83.749738,42.260603],[-83.749738,42.260605],[-83.749739,42.260607],[-83.749739,42.260609],[-83.749741,42.260612],[-83.749743,42.260615],[-83.749746,42.260617],[-83.749748,42.260618],[-83.74975,42.260619],[-83.749752,42.260621],[-83.749755,42.260621],[-83.749758,42.260622],[-83.74976,42.260623],[-83.749763,42.260624],[-83.749766,42.260624],[-83.749769,42.260624],[-83.749772,42.260625],[-83.749775,42.260625],[-83.749778,42.260625],[-83.749782,42.260625],[-83.749785,42.260625],[-83.749788,42.260624],[-83.749791,42.260624],[-83.749794,42.260624],[-83.749797,42.260623],[-83.7498,42.260623],[-83.749803,42.260622],[-83.749806,42.260621],[-83.749808,42.26062],[-83.749811,42.260619],[-83.749813,42.260618],[-83.749815,42.260617],[-83.749818,42.260615],[-83.749821,42.260613],[-83.749824,42.26061],[-83.749825,42.260606],[-83.749825,42.260603],[-83.749824,42.2606],[-83.749824,42.260598],[-83.749822,42.260596],[-83.749821,42.260594],[-83.749818,42.260591],[-83.749816,42.260589],[-83.749813,42.260588],[-83.749811,42.260586],[-83.749807,42.260585],[-83.749804,42.260584],[-83.7498,42.260583],[-83.749796,42.260582],[-83.749792,42.260581],[-83.749788,42.260581],[-83.749785,42.26058],[-83.749781,42.26058],[-83.749776,42.26058]]]},"properties":{"ObjectName":null}},{"type":"Feature","geometry":{"type":"Polygon","coordinates":[[[-83.66467,42.287002],[-83.664662,42.287003],[-83.664653,42.287005],[-83.664646,42.287009],[-83.664639,42.287013],[-83.664634,42.287018],[-83.664629,42.287023],[-83.664626,42.287029],[-83.664605,42.287068],[-83.664579,42.287105],[-83.664547,42.287139],[-83.66451,42.287171],[-83.664468,42.287199],[-83.664465,42.287201],[-83.664463,42.287203],[-83.664461,42.287206],[-83.66446,42.287209],[-83.664459,42.287212],[-83.664459,42.287215],[-83.66446,42.287218],[-83.664462,42.287221],[-83.664464,42.287224],[-83.664466,42.287226],[-83.66447,42.287228],[-83.664473,42.28723],[-83.664477,42.287231],[-83.664481,42.287231],[-83.664485,42.287232],[-83.664489,42.287231],[-83.664493,42.28723],[-83.66475,42.287095],[-83.664756,42.287089],[-83.664761,42.287083],[-83.664765,42.287077],[-83.664767,42.28707],[-83.664767,42.287063],[-83.664767,42.287055],[-83.664764,42.287049],[-83.664761,42.287042],[-83.664755,42.287036],[-83.664749,42.287031],[-83.664704,42.287007],[-83.664696,42.287004],[-83.664688,42.287002],[-83.664679,42.287001],[-83.66467,42.287002]]]},"properties":{"ObjectName":null}},{"type":"Feature","geometry":{"type":"Polygon","coordinates":[[[-83.665829,42.283529],[-83.665812,42.283532],[-83.665797,42.283536],[-83.665782,42.283543],[-83.665749,42.283588],[-83.665722,42.283635],[-83.665702,42.283684],[-83.665688,42.283734],[-83.665633,42.283868],[-83.665585,42.284003],[-83.665544,42.28414],[-83.665535,42.284186],[-83.665533,42.284232],[-83.665532,42.284244],[-83.665534,42.284255],[-83.665538,42.284266],[-83.665544,42.284276],[-83.665553,42.284286],[-83.665562,42.284291],[-83.665572,42.284295],[-83.665583,42.284298],[-83.665595,42.284299],[-83.665607,42.284299],[-83.665618,42.284297],[-83.665629,42.284294],[-83.665639,42.284289],[-83.665648,42.284283],[-83.665655,42.284277],[-83.665661,42.284269],[-83.665664,42.284261],[-83.665666,42.284252],[-83.665666,42.284244],[-83.665664,42.284235],[-83.66566,42.284227],[-83.665656,42.28419],[-83.66566,42.284152],[-83.66567,42.284116],[-83.665684,42.284097],[-83.665688,42.284081],[-83.665739,42.284019],[-83.665746,42.284012],[-83.665768,42.283988],[-83.665795,42.283932],[-83.665801,42.283856],[-83.665799,42.28384],[-83.665798,42.283801],[-83.6658,42.283767],[-83.665808,42.283732],[-83.66583,42.283696],[-83.665876,42.283671],[-83.66591,42.283652],[-83.665928,42.283635],[-83.66594,42.283612],[-83.665938,42.283587],[-83.665927,42.283569],[-83.665918,42.28356],[-83.665895,42.283536],[-83.665879,42.283531],[-83.665863,42.283528],[-83.665846,42.283527],[-83.665829,42.283529]]]},"properties":{"ObjectName":null}},{"type":"Feature","geometry":{"type":"Polygon","coordinates":[[[-83.656822,42.284669],[-83.656855,42.284676],[-83.656881,42.28469],[-83.656897,42.284694],[-83.656918,42.284695],[-83.656939,42.284693],[-83.656954,42.284689],[-83.656988,42.284679],[-83.657005,42.284673],[-83.657036,42.284655],[-83.65705,42.284648],[-83.657055,42.284643],[-83.657057,42.284635],[-83.657055,42.284626],[-83.65705,42.28462],[-83.657043,42.284616],[-83.657034,42.284615],[-83.657023,42.284615],[-83.657005,42.284622],[-83.656992,42.284637],[-83.656983,42.284653],[-83.656975,42.284658],[-83.656965,42.284661],[-83.656951,42.284662],[-83.656939,42.284661],[-83.656931,42.284657],[-83.656923,42.28465],[-83.656918,42.284643],[-83.656916,42.284637],[-83.656919,42.284631],[-83.656926,42.284621],[-83.656942,42.284608],[-83.656946,42.284602],[-83.656944,42.284594],[-83.65694,42.284587],[-83.656932,42.284582],[-83.656923,42.284579],[-83.656911,42.284578],[-83.656897,42.284581],[-83.656887,42.284586],[-83.656874,42.284597],[-83.656858,42.284613],[-83.656838,42.28462],[-83.656804,42.28462],[-83.656778,42.284621],[-83.656765,42.284625],[-83.656755,42.284634],[-83.656749,42.284644],[-83.656749,42.284655],[-83.656752,42.284661],[-83.656765,42.284667],[-83.65678,42.28467],[-83.65681,42.284668],[-83.656822,42.284669]]]},"properties":{"ObjectName":null}},{"type":"Feature","geometry":{"type":"Polygon","coordinates":[[[-83.747104,42.255674],[-83.7471,42.255674],[-83.747095,42.255675],[-83.747091,42.255676],[-83.747087,42.255676],[-83.747083,42.255678],[-83.74708,42.255679],[-83.747076,42.255681],[-83.747074,42.255682],[-83.747072,42.255683],[-83.747069,42.255685],[-83.747067,42.255688],[-83.747065,42.25569],[-83.747064,42.255693],[-83.747063,42.255695],[-83.747063,42.255697],[-83.747063,42.255699],[-83.747064,42.255702],[-83.747065,42.255704],[-83.747066,42.255706],[-83.747068,42.255709],[-83.747069,42.255711],[-83.747071,42.255714],[-83.747072,42.255716],[-83.747073,42.255718],[-83.747075,42.25572],[-83.747077,42.255723],[-83.747078,42.255726],[-83.74708,42.255729],[-83.747082,42.255731],[-83.747083,42.255734],[-83.747085,42.255737],[-83.747086,42.25574],[-83.747087,42.255743],[-83.747088,42.255746],[-83.747088,42.255749],[-83.747088,42.255752],[-83.747088,42.255755],[-83.747087,42.255758],[-83.747085,42.25576],[-83.747084,42.255763],[-83.747081,42.255766],[-83.747079,42.255768],[-83.747076,42.255771],[-83.747074,42.255773],[-83.747072,42.255775],[-83.747069,42.255778],[-83.747066,42.25578],[-83.747064,42.255783],[-83.747062,42.255786],[-83.747061,42.255789],[-83.74706,42.255792],[-83.74706,42.255794],[-83.747061,42.255797],[-83.747062,42.255799],[-83.747063,42.255801],[-83.747065,42.255803],[-83.747067,42.255805],[-83.74707,42.255807],[-83.747073,42.255808],[-83.747076,42.25581],[-83.747079,42.255811],[-83.747082,42.255812],[-83.747086,42.255813],[-83.747089,42.255814],[-83.747093,42.255815],[-83.747097,42.255815],[-83.747101,42.255816],[-83.747105,42.255816],[-83.747109,42.255816],[-83.747113,42.255816],[-83.747117,42.255816],[-83.74712,42.255816],[-83.747124,42.255815],[-83.747128,42.255815],[-83.747131,42.255814],[-83.747134,42.255813],[-83.747137,42.255812],[-83.74714,42.255811],[-83.747142,42.25581],[-83.747144,42.255808],[-83.747147,42.255806],[-83.747149,42.255803],[-83.74715,42.255799],[-83.747151,42.255796],[-83.747151,42.255794],[-83.747151,42.255792],[-83.747151,42.25579],[-83.74715,42.255788],[-83.74715,42.255786],[-83.747149,42.255783],[-83.747148,42.255781],[-83.747148,42.255779],[-83.747147,42.255777],[-83.747146,42.255775],[-83.747145,42.255772],[-83.747144,42.25577],[-83.747144,42.255768],[-83.747143,42.255766],[-83.747142,42.255764],[-83.747141,42.255762],[-83.747141,42.25576],[-83.74714,42.255758],[-83.74714,42.255755],[-83.747139,42.255751],[-83.747139,42.255748],[-83.74714,42.255745],[-83.747141,42.255742],[-83.747142,42.255739],[-83.747143,42.255736],[-83.747144,42.255733],[-83.747145,42.25573],[-83.747147,42.255728],[-83.747148,42.255725],[-83.747149,42.255722],[-83.747151,42.255719],[-83.747152,42.255716],[-83.747153,42.255713],[-83.747154,42.25571],[-83.747155,42.255707],[-83.747156,42.255705],[-83.747156,42.255702],[-83.747156,42.255699],[-83.747156,42.255697],[-83.747155,42.255694],[-83.747154,42.255692],[-83.747153,42.25569],[-83.747151,42.255687],[-83.747149,42.255685],[-83.747146,42.255683],[-83.747142,42.255681],[-83.747138,42.25568],[-83.747134,42.255678],[-83.747129,42.255677],[-83.747126,42.255676],[-83.747121,42.255675],[-83.747117,42.255675],[-83.747113,42.255674],[-83.747109,42.255674],[-83.747104,42.255674]]]},"properties":{"ObjectName":null}},{"type":"Feature","geometry":{"type":"Polygon","coordinates":[[[-83.658416,42.284464],[-83.658378,42.284475],[-83.658366,42.284481],[-83.658359,42.284487],[-83.658351,42.284504],[-83.658352,42.284522],[-83.658361,42.284535],[-83.658376,42.284547],[-83.658395,42.284553],[-83.65843,42.284557],[-83.658465,42.284558],[-83.658523,42.284554],[-83.658581,42.284549],[-83.658634,42.284543],[-83.658687,42.284536],[-83.658701,42.284532],[-83.658711,42.284527],[-83.658728,42.284513],[-83.658736,42.2845],[-83.658735,42.284487],[-83.658729,42.284474],[-83.658715,42.284466],[-83.658684,42.284458],[-83.65866,42.284454],[-83.658632,42.284453],[-83.658543,42.284462],[-83.658516,42.284463],[-83.658447,42.28446],[-83.65843,42.284461],[-83.658416,42.284464]]]},"properties":{"ObjectName":null}},{"type":"Feature","geometry":{"type":"Polygon","coordinates":[[[-83.663246,42.283522],[-83.66326,42.283531],[-83.663279,42.283538],[-83.663302,42.283543],[-83.663321,42.283544],[-83.663343,42.283543],[-83.663368,42.283539],[-83.663394,42.283531],[-83.663418,42.283521],[-83.663438,42.28351],[-83.663465,42.283485],[-83.663492,42.28346],[-83.663511,42.283431],[-83.663536,42.283377],[-83.663561,42.283321],[-83.66357,42.283295],[-83.663573,42.283278],[-83.663573,42.28326],[-83.66357,42.283244],[-83.663561,42.283226],[-83.663547,42.283208],[-83.663534,42.283195],[-83.663512,42.283179],[-83.663487,42.283161],[-83.663469,42.283152],[-83.663442,42.283144],[-83.663412,42.283142],[-83.663385,42.283146],[-83.663348,42.283157],[-83.663318,42.283169],[-83.663296,42.283181],[-83.663277,42.283197],[-83.663262,42.283214],[-83.663249,42.283237],[-83.663242,42.283268],[-83.663241,42.283313],[-83.663233,42.28337],[-83.663218,42.283417],[-83.663214,42.283435],[-83.663212,42.283459],[-83.663214,42.283475],[-83.663221,42.283494],[-83.663233,42.28351],[-83.663246,42.283522]],[[-83.663394,42.28317],[-83.663413,42.283167],[-83.663434,42.283169],[-83.663454,42.283174],[-83.663466,42.28318],[-83.663489,42.283196],[-83.663509,42.283212],[-83.66352,42.283222],[-83.663531,42.283236],[-83.663537,42.28325],[-83.66354,42.283262],[-83.66354,42.283276],[-83.663537,42.28329],[-83.663529,42.283314],[-83.663505,42.283369],[-83.663481,42.283422],[-83.663464,42.283447],[-83.663439,42.28347],[-83.663415,42.283492],[-83.6634,42.283501],[-83.66338,42.283509],[-83.663358,42.283515],[-83.663338,42.283519],[-83.663321,42.283519],[-83.663308,42.283518],[-83.663291,42.283515],[-83.663279,42.28351],[-83.663269,42.283504],[-83.66326,42.283496],[-83.663252,42.283484],[-83.663246,42.28347],[-83.663245,42.283459],[-83.663247,42.283438],[-83.66325,42.283422],[-83.663265,42.283375],[-83.663266,42.283373],[-83.663274,42.283315],[-83.663274,42.283313],[-83.663275,42.28327],[-83.663281,42.283244],[-83.663291,42.283226],[-83.663303,42.283212],[-83.663319,42.2832],[-83.663336,42.28319],[-83.663362,42.28318],[-83.663394,42.28317]]]},"properties":{"ObjectName":null}},{"type":"Feature","geometry":{"type":"Polygon","coordinates":[[[-83.653407,42.282643],[-83.653407,42.282651],[-83.653411,42.282663],[-83.65342,42.282673],[-83.653444,42.282688],[-83.653473,42.282706],[-83.653494,42.282715],[-83.653509,42.282716],[-83.653535,42.282712],[-83.653566,42.282707],[-83.653595,42.282706],[-83.653611,42.282705],[-83.65362,42.282703],[-83.65363,42.282697],[-83.653638,42.282687],[-83.653642,42.282675],[-83.65364,42.28266],[-83.653629,42.282642],[-83.653616,42.282634],[-83.653593,42.282623],[-83.653568,42.282614],[-83.653551,42.282611],[-83.653536,42.282612],[-83.653528,42.282617],[-83.653512,42.282636],[-83.653504,42.282642],[-83.653491,42.282642],[-83.653453,42.28263],[-83.653445,42.282629],[-83.653437,42.282629],[-83.653417,42.282636],[-83.653407,42.282643]]]},"properties":{"ObjectName":null}},{"type":"Feature","geometry":{"type":"Polygon","coordinates":[[[-83.656593,42.286602],[-83.656584,42.286609],[-83.656581,42.286615],[-83.65658,42.286625],[-83.656582,42.286633],[-83.656596,42.286651],[-83.656599,42.28666],[-83.656598,42.286671],[-83.656594,42.286685],[-83.656586,42.286702],[-83.656587,42.286709],[-83.65659,42.286715],[-83.656596,42.286718],[-83.656606,42.286722],[-83.656632,42.286726],[-83.656644,42.28673],[-83.65665,42.286735],[-83.656652,42.286748],[-83.65665,42.286756],[-83.65664,42.286775],[-83.656639,42.286782],[-83.656641,42.286792],[-83.656646,42.2868],[-83.656652,42.286808],[-83.656658,42.286812],[-83.656669,42.286815],[-83.656685,42.286814],[-83.656696,42.286811],[-83.656711,42.286804],[-83.656728,42.286794],[-83.656737,42.286785],[-83.656741,42.286773],[-83.656741,42.286759],[-83.656736,42.28675],[-83.65672,42.286731],[-83.656717,42.286722],[-83.656724,42.286703],[-83.656722,42.286688],[-83.65671,42.286674],[-83.656688,42.286664],[-83.656673,42.286655],[-83.656665,42.286648],[-83.656656,42.286622],[-83.656646,42.28661],[-83.656634,42.286603],[-83.65662,42.286598],[-83.656607,42.286598],[-83.656593,42.286602]]]},"properties":{"ObjectName":null}},{"type":"Feature","geometry":{"type":"Polygon","coordinates":[[[-83.655362,42.279328],[-83.655355,42.279334],[-83.655351,42.279341],[-83.65535,42.27935],[-83.655352,42.27936],[-83.655358,42.279369],[-83.655372,42.279383],[-83.655409,42.279408],[-83.655427,42.279426],[-83.655462,42.279468],[-83.655481,42.279485],[-83.655492,42.279493],[-83.655498,42.279496],[-83.655506,42.279497],[-83.655518,42.279495],[-83.655532,42.279491],[-83.65554,42.279486],[-83.655541,42.27948],[-83.65554,42.27947],[-83.655535,42.279458],[-83.655521,42.279439],[-83.655491,42.279398],[-83.655464,42.279369],[-83.655436,42.279348],[-83.655407,42.279332],[-83.655386,42.279324],[-83.655375,42.279322],[-83.655362,42.279328]]]},"properties":{"ObjectName":null}},{"type":"Feature","geometry":{"type":"Polygon","coordinates":[[[-83.661659,42.287046],[-83.661649,42.287049],[-83.661639,42.287055],[-83.661632,42.28706],[-83.661629,42.287067],[-83.661628,42.287081],[-83.661625,42.287107],[-83.661625,42.287152],[-83.661623,42.287172],[-83.661624,42.287182],[-83.661628,42.287193],[-83.661634,42.287202],[-83.661643,42.287209],[-83.661658,42.287217],[-83.66168,42.287224],[-83.661714,42.287228],[-83.661742,42.28723],[-83.661764,42.287228],[-83.661791,42.287224],[-83.661807,42.287218],[-83.661818,42.287206],[-83.661827,42.287186],[-83.661829,42.287175],[-83.66183,42.287145],[-83.661842,42.287108],[-83.661844,42.287094],[-83.661842,42.287086],[-83.661835,42.287076],[-83.661823,42.287068],[-83.661809,42.287063],[-83.661782,42.287059],[-83.661728,42.287056],[-83.661672,42.287046],[-83.661659,42.287046]]]},"properties":{"ObjectName":null}},{"type":"Feature","geometry":{"type":"Polygon","coordinates":[[[-83.663744,42.285732],[-83.663731,42.285745],[-83.663724,42.285757],[-83.663716,42.28578],[-83.6637,42.285828],[-83.663697,42.285846],[-83.663698,42.285865],[-83.6637,42.285884],[-83.663699,42.28591],[-83.663692,42.285931],[-83.66369,42.285945],[-83.663698,42.285954],[-83.663709,42.285959],[-83.663723,42.28596],[-83.663736,42.285957],[-83.66374,42.285952],[-83.663744,42.285942],[-83.663748,42.285917],[-83.663752,42.285896],[-83.663757,42.285885],[-83.663769,42.28587],[-83.663778,42.285857],[-83.663788,42.285834],[-83.663806,42.285792],[-83.663812,42.285765],[-83.663812,42.285754],[-83.663811,42.285748],[-83.663802,42.285739],[-83.663791,42.285734],[-83.663777,42.28573],[-83.663758,42.285729],[-83.663744,42.285732]]]},"properties":{"ObjectName":null}},{"type":"Feature","geometry":{"type":"Polygon","coordinates":[[[-83.66185,42.282997],[-83.66184,42.283003],[-83.66183,42.283013],[-83.661821,42.283023],[-83.661816,42.283034],[-83.661814,42.283045],[-83.661815,42.283055],[-83.661819,42.283064],[-83.661827,42.283073],[-83.661838,42.283081],[-83.661851,42.283088],[-83.661868,42.283094],[-83.661878,42.283094],[-83.661887,42.283093],[-83.661901,42.283083],[-83.661907,42.283076],[-83.661911,42.283066],[-83.661915,42.283039],[-83.661912,42.283019],[-83.661906,42.283009],[-83.661898,42.283001],[-83.661881,42.282993],[-83.661867,42.282993],[-83.66185,42.282997]]]},"properties":{"ObjectName":null}},{"type":"Feature","geometry":{"type":"Polygon","coordinates":[[[-83.742342,42.259038],[-83.742344,42.259045],[-83.742349,42.259056],[-83.742355,42.259066],[-83.742362,42.259077],[-83.742371,42.259086],[-83.742382,42.259094],[-83.742393,42.259101],[-83.742405,42.259107],[-83.742417,42.25911],[-83.742431,42.259112],[-83.742444,42.259111],[-83.742451,42.259109],[-83.742458,42.259107],[-83.742465,42.259105],[-83.742471,42.259102],[-83.742478,42.259099],[-83.742484,42.259097],[-83.74249,42.259094],[-83.742497,42.259092],[-83.742503,42.25909],[-83.742509,42.259089],[-83.742515,42.259089],[-83.742521,42.25909],[-83.742528,42.259092],[-83.742534,42.259095],[-83.74254,42.259099],[-83.742544,42.259104],[-83.742547,42.259108],[-83.74255,42.259113],[-83.742552,42.259119],[-83.742554,42.259124],[-83.742556,42.259131],[-83.742559,42.259137],[-83.742561,42.259142],[-83.742564,42.259148],[-83.742568,42.259153],[-83.742573,42.259157],[-83.742578,42.25916],[-83.742584,42.259162],[-83.742591,42.259163],[-83.7426,42.259162],[-83.742607,42.259161],[-83.742611,42.25916],[-83.742614,42.259158],[-83.742617,42.259157],[-83.742619,42.259155],[-83.742621,42.259153],[-83.742623,42.259151],[-83.742624,42.259149],[-83.742626,42.259147],[-83.742628,42.259146],[-83.74263,42.259144],[-83.742632,42.259142],[-83.742635,42.259141],[-83.742638,42.25914],[-83.742642,42.259139],[-83.742646,42.259138],[-83.74265,42.259138],[-83.742653,42.259138],[-83.742657,42.259138],[-83.74266,42.259139],[-83.742664,42.25914],[-83.742667,42.25914],[-83.742671,42.259141],[-83.742675,42.259141],[-83.742678,42.259141],[-83.742682,42.259141],[-83.742685,42.259141],[-83.742689,42.25914],[-83.742692,42.259138],[-83.742695,42.259136],[-83.742699,42.259133],[-83.742702,42.259129],[-83.742704,42.259126],[-83.742705,42.259123],[-83.742705,42.25912],[-83.742704,42.259118],[-83.742703,42.259116],[-83.7427,42.259115],[-83.742698,42.259114],[-83.742694,42.259113],[-83.742691,42.259112],[-83.742687,42.259112],[-83.742683,42.259111],[-83.742679,42.25911],[-83.742675,42.25911],[-83.742671,42.259109],[-83.742667,42.259108],[-83.742663,42.259106],[-83.74266,42.259105],[-83.742657,42.259104],[-83.742654,42.259102],[-83.742652,42.2591],[-83.742649,42.259099],[-83.742647,42.259097],[-83.742646,42.259095],[-83.742644,42.259093],[-83.742643,42.259091],[-83.742642,42.259088],[-83.742641,42.259086],[-83.74264,42.259083],[-83.742639,42.25908],[-83.742638,42.259076],[-83.742636,42.259069],[-83.742634,42.259062],[-83.742632,42.259057],[-83.742629,42.259052],[-83.742627,42.259048],[-83.742624,42.259044],[-83.74262,42.259041],[-83.742616,42.259039],[-83.742612,42.259036],[-83.742607,42.259034],[-83.742602,42.259032],[-83.742596,42.25903],[-83.742588,42.259027],[-83.742581,42.259024],[-83.742572,42.259021],[-83.742567,42.25902],[-83.742564,42.259018],[-83.74256,42.259017],[-83.742557,42.259015],[-83.742554,42.259014],[-83.742551,42.259012],[-83.742549,42.25901],[-83.742547,42.259008],[-83.742545,42.259006],[-83.742544,42.259004],[-83.742543,42.259001],[-83.742543,42.258999],[-83.742543,42.258996],[-83.742544,42.258993],[-83.742545,42.25899],[-83.742547,42.258987],[-83.742549,42.258985],[-83.742551,42.258983],[-83.742554,42.258981],[-83.742556,42.258979],[-83.742559,42.258978],[-83.742562,42.258977],[-83.742566,42.258976],[-83.742569,42.258975],[-83.742572,42.258974],[-83.742575,42.258973],[-83.742578,42.258972],[-83.742581,42.258971],[-83.742584,42.258969],[-83.742586,42.258968],[-83.74259,42.258965],[-83.742594,42.258959],[-83.742597,42.258954],[-83.742597,42.258949],[-83.742595,42.258945],[-83.742592,42.258941],[-83.742587,42.258937],[-83.742581,42.258933],[-83.742575,42.25893],[-83.742567,42.258927],[-83.74256,42.258925],[-83.742551,42.258923],[-83.742543,42.258922],[-83.742536,42.258921],[-83.742528,42.25892],[-83.742522,42.25892],[-83.742514,42.258921],[-83.742506,42.258922],[-83.742499,42.258924],[-83.742493,42.258926],[-83.742487,42.258929],[-83.742481,42.258933],[-83.742476,42.258936],[-83.742472,42.25894],[-83.742468,42.258944],[-83.742465,42.258949],[-83.742461,42.258954],[-83.742459,42.258959],[-83.742456,42.258964],[-83.742454,42.25897],[-83.742452,42.258975],[-83.742446,42.258978],[-83.742438,42.258977],[-83.742431,42.258977],[-83.742424,42.258976],[-83.742417,42.258976],[-83.74241,42.258975],[-83.742403,42.258975],[-83.742397,42.258975],[-83.742391,42.258975],[-83.742385,42.258975],[-83.742379,42.258977],[-83.742373,42.258978],[-83.742368,42.258981],[-83.742362,42.258984],[-83.742356,42.258988],[-83.74235,42.258994],[-83.742345,42.259003],[-83.742341,42.259013],[-83.74234,42.259023],[-83.742341,42.259034],[-83.742342,42.259038]],[[-83.742466,42.259005],[-83.74247,42.259005],[-83.742473,42.259006],[-83.742476,42.259009],[-83.742477,42.259012],[-83.742477,42.259015],[-83.742477,42.259017],[-83.742478,42.259019],[-83.742479,42.259022],[-83.742481,42.259024],[-83.742483,42.259026],[-83.742484,42.259028],[-83.742483,42.259031],[-83.742482,42.259033],[-83.742481,42.259034],[-83.742479,42.259036],[-83.742477,42.259037],[-83.742474,42.259038],[-83.742471,42.259039],[-83.742468,42.25904],[-83.742465,42.25904],[-83.742462,42.259039],[-83.742458,42.259038],[-83.742455,42.259037],[-83.742453,42.259035],[-83.742451,42.259033],[-83.74245,42.25903],[-83.742449,42.259028],[-83.742449,42.259025],[-83.742449,42.259022],[-83.742449,42.259019],[-83.74245,42.259016],[-83.742451,42.259014],[-83.742453,42.259011],[-83.742455,42.259009],[-83.742457,42.259008],[-83.74246,42.259007],[-83.742463,42.259006],[-83.742466,42.259005]]]},"properties":{"ObjectName":null}},{"type":"Feature","geometry":{"type":"Polygon","coordinates":[[[-83.658777,42.282302],[-83.658781,42.282315],[-83.658787,42.282326],[-83.658798,42.282336],[-83.658815,42.282345],[-83.658838,42.282351],[-83.658875,42.282354],[-83.658899,42.282355],[-83.658916,42.282355],[-83.658934,42.282351],[-83.658959,42.282343],[-83.658976,42.282335],[-83.659012,42.282313],[-83.65903,42.282306],[-83.659077,42.282296],[-83.659131,42.282291],[-83.659156,42.282291],[-83.659166,42.28229],[-83.659179,42.282281],[-83.659194,42.282262],[-83.659208,42.282237],[-83.659231,42.282206],[-83.659259,42.282176],[-83.659292,42.282148],[-83.659318,42.282133],[-83.659355,42.282117],[-83.65938,42.282107],[-83.659399,42.282102],[-83.659435,42.282097],[-83.659459,42.282088],[-83.659474,42.282078],[-83.659484,42.282064],[-83.659487,42.28205],[-83.659483,42.282038],[-83.659473,42.282023],[-83.659461,42.282013],[-83.659459,42.282009],[-83.65946,42.282004],[-83.65947,42.28199],[-83.659473,42.281978],[-83.659471,42.281972],[-83.659464,42.281967],[-83.65945,42.281963],[-83.659431,42.28196],[-83.659421,42.281953],[-83.659412,42.281939],[-83.659402,42.281935],[-83.65939,42.281934],[-83.659384,42.281935],[-83.659378,42.281939],[-83.659356,42.281963],[-83.659328,42.28198],[-83.659306,42.281991],[-83.659299,42.281993],[-83.659293,42.281993],[-83.659285,42.281989],[-83.659279,42.281983],[-83.659276,42.281968],[-83.659269,42.281962],[-83.659259,42.281959],[-83.659241,42.281959],[-83.659234,42.281962],[-83.659221,42.28197],[-83.659202,42.281983],[-83.659191,42.281993],[-83.65918,42.282014],[-83.659172,42.282027],[-83.659165,42.282032],[-83.659157,42.282035],[-83.659151,42.282033],[-83.659144,42.282027],[-83.659142,42.28202],[-83.659144,42.282006],[-83.659149,42.281972],[-83.659156,42.281949],[-83.659171,42.281928],[-83.659173,42.281917],[-83.659172,42.281909],[-83.659166,42.281901],[-83.659157,42.281895],[-83.659145,42.281892],[-83.65913,42.281892],[-83.659117,42.281896],[-83.659103,42.281903],[-83.659096,42.281909],[-83.659083,42.281928],[-83.659059,42.281948],[-83.659045,42.281962],[-83.659039,42.28197],[-83.659035,42.281984],[-83.659037,42.281995],[-83.659055,42.282014],[-83.659056,42.282023],[-83.659051,42.282045],[-83.659052,42.282054],[-83.659061,42.282066],[-83.659096,42.282091],[-83.659108,42.282101],[-83.659111,42.282107],[-83.659109,42.282119],[-83.659103,42.282126],[-83.659092,42.282132],[-83.659079,42.282136],[-83.659055,42.282138],[-83.659019,42.28214],[-83.65899,42.282149],[-83.658973,42.282155],[-83.658965,42.28216],[-83.658957,42.282175],[-83.658952,42.282189],[-83.658953,42.282198],[-83.658959,42.282207],[-83.65897,42.282214],[-83.658992,42.282219],[-83.659017,42.282222],[-83.65903,42.282228],[-83.659035,42.282233],[-83.659033,42.282238],[-83.659025,42.282247],[-83.65901,42.282263],[-83.658998,42.282271],[-83.658984,42.282277],[-83.658959,42.282285],[-83.658943,42.282286],[-83.658933,42.282282],[-83.658931,42.282277],[-83.658933,42.282269],[-83.658937,42.282265],[-83.658954,42.282254],[-83.65896,42.282245],[-83.658958,42.282239],[-83.658951,42.282231],[-83.658942,42.282227],[-83.658922,42.282224],[-83.658896,42.282219],[-83.658878,42.282218],[-83.658848,42.282223],[-83.658823,42.282231],[-83.658806,42.28224],[-83.658792,42.282253],[-83.658782,42.282272],[-83.658777,42.282288],[-83.658777,42.282302]],[[-83.659249,42.282035],[-83.65926,42.282034],[-83.65927,42.282035],[-83.659277,42.282039],[-83.659282,42.282045],[-83.659285,42.282055],[-83.659296,42.28207],[-83.659316,42.282079],[-83.65932,42.282083],[-83.659319,42.282094],[-83.659312,42.282099],[-83.659298,42.282104],[-83.659274,42.282108],[-83.659256,42.282119],[-83.659245,42.282124],[-83.659239,42.282126],[-83.659231,42.282124],[-83.659225,42.282121],[-83.659224,42.282118],[-83.659226,42.282107],[-83.65922,42.282099],[-83.659196,42.282084],[-83.659192,42.282077],[-83.659194,42.282065],[-83.659211,42.28206],[-83.659232,42.282049],[-83.659244,42.282038],[-83.659249,42.282035]]]},"properties":{"ObjectName":null}},{"type":"Feature","geometry":{"type":"Polygon","coordinates":[[[-83.659906,42.283429],[-83.659888,42.283439],[-83.659875,42.283453],[-83.659868,42.28347],[-83.659867,42.28349],[-83.659875,42.283506],[-83.659882,42.283515],[-83.659904,42.283533],[-83.659912,42.283542],[-83.659921,42.283558],[-83.659922,42.283575],[-83.659926,42.283583],[-83.659939,42.283594],[-83.659954,42.283598],[-83.659973,42.2836],[-83.659994,42.283599],[-83.660013,42.283596],[-83.660026,42.283593],[-83.660039,42.283585],[-83.660048,42.283575],[-83.660051,42.283566],[-83.66005,42.283555],[-83.660043,42.283531],[-83.660032,42.283508],[-83.660006,42.283475],[-83.65999,42.283447],[-83.659973,42.283433],[-83.65996,42.283427],[-83.659949,42.283423],[-83.659929,42.283423],[-83.659906,42.283429]]]},"properties":{"ObjectName":null}},{"type":"Feature","geometry":{"type":"Polygon","coordinates":[[[-83.662334,42.284448],[-83.662353,42.28445],[-83.662427,42.284446],[-83.662484,42.284446],[-83.662516,42.284444],[-83.662548,42.284439],[-83.662564,42.284433],[-83.662572,42.284425],[-83.662577,42.284413],[-83.662578,42.284396],[-83.662575,42.284372],[-83.662572,42.284352],[-83.662566,42.284336],[-83.662559,42.284324],[-83.662551,42.284316],[-83.66254,42.284311],[-83.662525,42.284308],[-83.66246,42.284307],[-83.662346,42.284298],[-83.662273,42.284296],[-83.662179,42.284298],[-83.662145,42.284302],[-83.662115,42.284306],[-83.662048,42.284319],[-83.662032,42.284326],[-83.662022,42.284335],[-83.662017,42.284345],[-83.662016,42.284359],[-83.662017,42.284374],[-83.662022,42.284387],[-83.66203,42.2844],[-83.662039,42.284409],[-83.662055,42.284415],[-83.662081,42.284418],[-83.662101,42.284417],[-83.66215,42.284406],[-83.662191,42.284402],[-83.662224,42.284401],[-83.662251,42.284401],[-83.662265,42.284404],[-83.662276,42.284409],[-83.662294,42.284423],[-83.662319,42.284443],[-83.662334,42.284448]]]},"properties":{"ObjectName":null}},{"type":"Feature","geometry":{"type":"Polygon","coordinates":[[[-83.742582,42.254509],[-83.74258,42.25451],[-83.742579,42.254512],[-83.742578,42.254515],[-83.742576,42.254517],[-83.742576,42.254519],[-83.742575,42.254521],[-83.742574,42.254524],[-83.742574,42.254526],[-83.742574,42.254528],[-83.742574,42.254531],[-83.742574,42.254533],[-83.742574,42.254535],[-83.742574,42.254537],[-83.742575,42.25454],[-83.742576,42.254542],[-83.742577,42.254544],[-83.742578,42.254546],[-83.742579,42.254548],[-83.74258,42.25455],[-83.742582,42.254552],[-83.742583,42.254554],[-83.742585,42.254555],[-83.742587,42.254557],[-83.742589,42.254559],[-83.742592,42.254561],[-83.742594,42.254562],[-83.742597,42.254564],[-83.742599,42.254565],[-83.742602,42.254567],[-83.742607,42.254569],[-83.742611,42.25457],[-83.742615,42.254572],[-83.74262,42.254574],[-83.742624,42.254575],[-83.742629,42.254576],[-83.742634,42.254577],[-83.742638,42.254578],[-83.742643,42.254578],[-83.742649,42.254579],[-83.742652,42.254579],[-83.742655,42.254579],[-83.742658,42.254579],[-83.742661,42.254579],[-83.742663,42.25458],[-83.742666,42.25458],[-83.742669,42.25458],[-83.742672,42.25458],[-83.742675,42.25458],[-83.742677,42.254581],[-83.74268,42.254581],[-83.742683,42.254581],[-83.742686,42.254581],[-83.742688,42.254582],[-83.742691,42.254582],[-83.742694,42.254582],[-83.742697,42.254582],[-83.742699,42.254582],[-83.742702,42.254582],[-83.742705,42.254582],[-83.742708,42.254582],[-83.74271,42.254582],[-83.742713,42.254582],[-83.742716,42.254582],[-83.742719,42.254582],[-83.742721,42.254581],[-83.742724,42.254581],[-83.742727,42.25458],[-83.74273,42.25458],[-83.742733,42.25458],[-83.742736,42.254579],[-83.742738,42.254579],[-83.742741,42.254579],[-83.742744,42.254578],[-83.742747,42.254578],[-83.742749,42.254577],[-83.742752,42.254577],[-83.742755,42.254576],[-83.742757,42.254576],[-83.742761,42.254575],[-83.742765,42.254573],[-83.742769,42.254571],[-83.742772,42.254569],[-83.742774,42.254568],[-83.742775,42.254566],[-83.742777,42.254564],[-83.742778,42.254562],[-83.742779,42.25456],[-83.74278,42.254558],[-83.742781,42.254556],[-83.742781,42.254554],[-83.742782,42.254552],[-83.742782,42.254549],[-83.742782,42.254547],[-83.742782,42.254545],[-83.742782,42.254543],[-83.742782,42.25454],[-83.742782,42.254538],[-83.742781,42.254536],[-83.742781,42.254534],[-83.74278,42.254531],[-83.742779,42.254529],[-83.742778,42.254527],[-83.742777,42.254525],[-83.742775,42.254523],[-83.742774,42.254521],[-83.742772,42.254519],[-83.742771,42.254517],[-83.742769,42.254516],[-83.742767,42.254514],[-83.742765,42.254513],[-83.742762,42.254512],[-83.74276,42.254511],[-83.742756,42.254509],[-83.742753,42.254509],[-83.74275,42.254508],[-83.742746,42.254508],[-83.742742,42.254508],[-83.742738,42.254508],[-83.742734,42.254508],[-83.74273,42.254508],[-83.742726,42.254508],[-83.742722,42.254508],[-83.742718,42.254508],[-83.742714,42.254509],[-83.742711,42.254509],[-83.742707,42.254509],[-83.742703,42.254508],[-83.742699,42.254508],[-83.742695,42.254508],[-83.742692,42.254508],[-83.742688,42.254508],[-83.742684,42.254507],[-83.74268,42.254507],[-83.742677,42.254507],[-83.742673,42.254507],[-83.742669,42.254506],[-83.742665,42.254506],[-83.742662,42.254506],[-83.742659,42.254506],[-83.742656,42.254506],[-83.742653,42.254506],[-83.742649,42.254505],[-83.742645,42.254505],[-83.742641,42.254505],[-83.742637,42.254504],[-83.742633,42.254504],[-83.742629,42.254503],[-83.742625,42.254503],[-83.742621,42.254503],[-83.742616,42.254503],[-83.742612,42.254503],[-83.742608,42.254503],[-83.742604,42.254503],[-83.742601,42.254503],[-83.742597,42.254503],[-83.742593,42.254504],[-83.74259,42.254505],[-83.742587,42.254506],[-83.742585,42.254507],[-83.742582,42.254509]]]},"properties":{"ObjectName":null}},{"type":"Feature","geometry":{"type":"Polygon","coordinates":[[[-83.744179,42.256866],[-83.744156,42.256867],[-83.744135,42.25687],[-83.744115,42.256874],[-83.744095,42.25688],[-83.744076,42.25689],[-83.744062,42.256902],[-83.744051,42.256916],[-83.744044,42.256931],[-83.74404,42.256947],[-83.744038,42.256965],[-83.744038,42.256982],[-83.74404,42.257],[-83.744043,42.257017],[-83.744046,42.257033],[-83.744051,42.257049],[-83.744055,42.257065],[-83.74406,42.257082],[-83.744065,42.257098],[-83.744071,42.257115],[-83.744076,42.257131],[-83.744082,42.257148],[-83.744087,42.257164],[-83.744091,42.257181],[-83.744096,42.257198],[-83.7441,42.257214],[-83.744102,42.257227],[-83.744104,42.257236],[-83.744105,42.257245],[-83.744106,42.257254],[-83.744107,42.257263],[-83.744108,42.257272],[-83.744109,42.257281],[-83.74411,42.25729],[-83.74411,42.257299],[-83.744111,42.257308],[-83.744111,42.257318],[-83.744112,42.257331],[-83.744113,42.257349],[-83.744115,42.257366],[-83.744116,42.257384],[-83.744118,42.257401],[-83.744119,42.257419],[-83.744121,42.257436],[-83.744123,42.257454],[-83.744125,42.257471],[-83.744127,42.257489],[-83.744129,42.257506],[-83.744131,42.25752],[-83.744132,42.257528],[-83.744132,42.257536],[-83.744133,42.257545],[-83.744134,42.257554],[-83.744134,42.257562],[-83.744135,42.257571],[-83.744136,42.257579],[-83.744137,42.257588],[-83.744138,42.257597],[-83.74414,42.257605],[-83.744141,42.257611],[-83.744142,42.257615],[-83.744143,42.257622],[-83.744145,42.257632],[-83.744147,42.257644],[-83.74415,42.257657],[-83.744153,42.25767],[-83.744155,42.257682],[-83.744157,42.257693],[-83.744159,42.257701],[-83.74416,42.257706],[-83.74416,42.25771],[-83.74416,42.257719],[-83.74416,42.257728],[-83.744161,42.257737],[-83.744162,42.257745],[-83.744163,42.257754],[-83.744164,42.257763],[-83.744166,42.257771],[-83.744168,42.25778],[-83.744171,42.257788],[-83.744173,42.257796],[-83.744177,42.257806],[-83.744185,42.257819],[-83.744194,42.257832],[-83.744206,42.257844],[-83.744219,42.257855],[-83.744232,42.257866],[-83.744247,42.257877],[-83.744262,42.257887],[-83.744276,42.257897],[-83.74429,42.257907],[-83.744304,42.257917],[-83.744319,42.25793],[-83.74434,42.257954],[-83.744358,42.257981],[-83.744374,42.258009],[-83.744389,42.258039],[-83.744404,42.258067],[-83.744422,42.258095],[-83.744443,42.258119],[-83.744467,42.258139],[-83.744498,42.258154],[-83.744535,42.258163],[-83.744576,42.258164],[-83.744599,42.258162],[-83.744619,42.258156],[-83.744637,42.258148],[-83.744652,42.258138],[-83.744664,42.258127],[-83.744673,42.258114],[-83.744679,42.258099],[-83.744683,42.258084],[-83.744683,42.258068],[-83.744681,42.258051],[-83.744676,42.258035],[-83.744669,42.258018],[-83.744661,42.258002],[-83.744654,42.257986],[-83.744647,42.25797],[-83.74464,42.257954],[-83.744634,42.257937],[-83.744629,42.257921],[-83.744625,42.257904],[-83.744624,42.257886],[-83.744624,42.257869],[-83.744627,42.25785],[-83.74463,42.257832],[-83.744631,42.257814],[-83.74463,42.257797],[-83.744628,42.25778],[-83.744624,42.257764],[-83.744619,42.257748],[-83.744613,42.257732],[-83.744606,42.257716],[-83.744598,42.2577],[-83.74459,42.257684],[-83.744582,42.257667],[-83.744575,42.257654],[-83.744569,42.257641],[-83.744563,42.257629],[-83.744557,42.257616],[-83.744551,42.257603],[-83.744544,42.257591],[-83.744538,42.257578],[-83.744531,42.257566],[-83.744523,42.257553],[-83.744515,42.257541],[-83.744507,42.257529],[-83.744498,42.257518],[-83.74449,42.257508],[-83.744481,42.257498],[-83.744471,42.257488],[-83.744461,42.257478],[-83.744452,42.257468],[-83.744442,42.257458],[-83.744432,42.257447],[-83.744423,42.257437],[-83.744414,42.257427],[-83.744406,42.257416],[-83.744399,42.257406],[-83.744392,42.257396],[-83.744386,42.257385],[-83.744381,42.257374],[-83.744377,42.257362],[-83.744373,42.257351],[-83.744371,42.257339],[-83.744368,42.257327],[-83.744367,42.257315],[-83.744367,42.257304],[-83.744367,42.257292],[-83.744368,42.257274],[-83.744369,42.257256],[-83.74437,42.257237],[-83.744371,42.257218],[-83.744372,42.257199],[-83.744373,42.257181],[-83.744374,42.257162],[-83.744376,42.257143],[-83.744378,42.257125],[-83.74438,42.257106],[-83.744382,42.257088],[-83.744384,42.257072],[-83.744385,42.257056],[-83.744386,42.257039],[-83.744386,42.257021],[-83.744385,42.257003],[-83.744382,42.256985],[-83.744378,42.256967],[-83.744372,42.25695],[-83.744365,42.256934],[-83.744356,42.256919],[-83.744345,42.256906],[-83.744331,42.256895],[-83.744314,42.256886],[-83.744295,42.256879],[-83.744274,42.256873],[-83.744251,42.256869],[-83.744227,42.256867],[-83.744203,42.256866],[-83.744179,42.256866]]]},"properties":{"ObjectName":null}},{"type":"Feature","geometry":{"type":"Polygon","coordinates":[[[-83.743159,42.261891],[-83.743154,42.261892],[-83.74315,42.261892],[-83.743147,42.261892],[-83.743144,42.261892],[-83.743141,42.261891],[-83.743138,42.261891],[-83.743135,42.26189],[-83.743133,42.26189],[-83.74313,42.261889],[-83.743127,42.261888],[-83.743125,42.261887],[-83.743122,42.261887],[-83.743119,42.261886],[-83.743117,42.261886],[-83.743114,42.261885],[-83.743112,42.261885],[-83.743109,42.261885],[-83.743106,42.261885],[-83.743103,42.261886],[-83.743101,42.261887],[-83.743097,42.261889],[-83.743095,42.261891],[-83.743094,42.261893],[-83.743093,42.261895],[-83.743092,42.261897],[-83.743091,42.2619],[-83.743091,42.261902],[-83.743091,42.261905],[-83.743091,42.261907],[-83.743091,42.261909],[-83.743091,42.261912],[-83.743092,42.261914],[-83.743092,42.261916],[-83.743093,42.261918],[-83.743095,42.261922],[-83.743097,42.261925],[-83.743099,42.261928],[-83.743101,42.261931],[-83.743103,42.261934],[-83.743105,42.261937],[-83.743108,42.26194],[-83.74311,42.261943],[-83.743113,42.261946],[-83.743116,42.261949],[-83.743119,42.261951],[-83.743121,42.261954],[-83.743124,42.261957],[-83.743127,42.261959],[-83.743129,42.261961],[-83.743132,42.261963],[-83.743135,42.261965],[-83.743138,42.261966],[-83.743141,42.261967],[-83.743144,42.261968],[-83.743148,42.261969],[-83.743151,42.26197],[-83.743154,42.261971],[-83.743157,42.261972],[-83.74316,42.261973],[-83.743163,42.261974],[-83.743166,42.261976],[-83.743169,42.261977],[-83.743171,42.26198],[-83.743173,42.261982],[-83.743175,42.261984],[-83.743177,42.261987],[-83.743178,42.26199],[-83.743179,42.261993],[-83.74318,42.261996],[-83.743181,42.261999],[-83.743183,42.262001],[-83.743185,42.262004],[-83.743187,42.262006],[-83.743189,42.262008],[-83.743193,42.262009],[-83.743196,42.262011],[-83.7432,42.262011],[-83.743202,42.262011],[-83.743205,42.262012],[-83.743208,42.262012],[-83.743211,42.262012],[-83.743213,42.262011],[-83.743216,42.262011],[-83.743219,42.262011],[-83.743222,42.26201],[-83.743224,42.262009],[-83.743227,42.262008],[-83.743229,42.262007],[-83.743231,42.262006],[-83.743233,42.262005],[-83.743236,42.262003],[-83.743237,42.262001],[-83.743239,42.261999],[-83.74324,42.261997],[-83.74324,42.261993],[-83.743238,42.26199],[-83.743236,42.261987],[-83.743234,42.261985],[-83.743232,42.261983],[-83.743231,42.261982],[-83.743229,42.26198],[-83.743227,42.261978],[-83.743226,42.261975],[-83.743226,42.261973],[-83.743226,42.26197],[-83.743228,42.261967],[-83.743232,42.261964],[-83.743235,42.261963],[-83.743238,42.261962],[-83.74324,42.261961],[-83.743244,42.26196],[-83.743248,42.261959],[-83.743252,42.261958],[-83.743255,42.261956],[-83.743257,42.261955],[-83.743259,42.261953],[-83.74326,42.26195],[-83.74326,42.261946],[-83.743259,42.261944],[-83.743258,42.261941],[-83.743257,42.261939],[-83.743256,42.261936],[-83.743254,42.261934],[-83.743252,42.261932],[-83.74325,42.26193],[-83.743248,42.261929],[-83.743245,42.261928],[-83.743241,42.261927],[-83.743237,42.261927],[-83.743233,42.261926],[-83.743229,42.261926],[-83.743225,42.261925],[-83.743221,42.261924],[-83.743218,42.261923],[-83.743215,42.261921],[-83.743213,42.261919],[-83.743212,42.261916],[-83.74321,42.261914],[-83.743209,42.261912],[-83.743208,42.26191],[-83.743206,42.261907],[-83.743203,42.261905],[-83.7432,42.261902],[-83.743198,42.2619],[-83.743195,42.261898],[-83.743191,42.261896],[-83.743187,42.261894],[-83.743183,42.261893],[-83.743179,42.261892],[-83.743176,42.261892],[-83.743173,42.261891],[-83.743169,42.261891],[-83.743166,42.261891],[-83.743163,42.261891],[-83.743159,42.261891]]]},"properties":{"ObjectName":null}},{"type":"Feature","geometry":{"type":"Polygon","coordinates":[[[-83.654476,42.288747],[-83.654461,42.288749],[-83.654444,42.288753],[-83.654408,42.28877],[-83.654378,42.288789],[-83.654369,42.288797],[-83.654365,42.288805],[-83.654365,42.288815],[-83.654369,42.288828],[-83.654378,42.288841],[-83.654389,42.288853],[-83.6544,42.28886],[-83.654413,42.288867],[-83.654427,42.288872],[-83.65444,42.288874],[-83.654461,42.288873],[-83.654487,42.288867],[-83.654514,42.288854],[-83.654535,42.288837],[-83.654548,42.288819],[-83.654553,42.2888],[-83.654552,42.288787],[-83.654549,42.288775],[-83.654544,42.288765],[-83.654537,42.288758],[-83.654527,42.288753],[-83.654513,42.288749],[-83.654495,42.288747],[-83.654476,42.288747]]]},"properties":{"ObjectName":null}},{"type":"Feature","geometry":{"type":"Polygon","coordinates":[[[-83.749473,42.257355],[-83.749464,42.257358],[-83.74945,42.257363],[-83.749433,42.257367],[-83.749416,42.25737],[-83.749399,42.257373],[-83.749381,42.257374],[-83.749364,42.257375],[-83.749346,42.257374],[-83.74933,42.257373],[-83.749304,42.257369],[-83.749279,42.257362],[-83.749255,42.257353],[-83.749232,42.257342],[-83.74921,42.257329],[-83.749188,42.257316],[-83.749167,42.257303],[-83.749144,42.25729],[-83.749117,42.25728],[-83.749087,42.257274],[-83.749056,42.257272],[-83.749025,42.257275],[-83.748994,42.257281],[-83.748966,42.257291],[-83.748939,42.257303],[-83.748918,42.257316],[-83.748899,42.257329],[-83.748881,42.257342],[-83.748863,42.257357],[-83.748844,42.257372],[-83.748825,42.257387],[-83.748805,42.257401],[-83.748783,42.257416],[-83.74876,42.257426],[-83.748736,42.257437],[-83.74871,42.257448],[-83.748684,42.257458],[-83.748657,42.257467],[-83.748631,42.257475],[-83.748604,42.257481],[-83.748571,42.257486],[-83.748509,42.25749],[-83.74845,42.257487],[-83.748393,42.257476],[-83.748337,42.25746],[-83.748281,42.257441],[-83.748226,42.25742],[-83.74817,42.2574],[-83.748135,42.257388],[-83.74812,42.257384],[-83.748105,42.257381],[-83.74809,42.257379],[-83.748075,42.257376],[-83.748059,42.257374],[-83.748042,42.25737],[-83.748024,42.257366],[-83.747993,42.257361],[-83.74796,42.257356],[-83.747926,42.257352],[-83.747892,42.257348],[-83.747857,42.257345],[-83.747823,42.257342],[-83.747787,42.25734],[-83.747757,42.25734],[-83.74774,42.257342],[-83.747723,42.257344],[-83.747706,42.257345],[-83.747688,42.257346],[-83.74767,42.257347],[-83.747653,42.257349],[-83.747637,42.25735],[-83.747613,42.257354],[-83.747581,42.257356],[-83.747548,42.257357],[-83.747514,42.257358],[-83.747482,42.257362],[-83.747452,42.257369],[-83.747425,42.25738],[-83.747402,42.257397],[-83.74739,42.257416],[-83.747381,42.257437],[-83.747376,42.257461],[-83.747375,42.257485],[-83.747378,42.257509],[-83.747387,42.257531],[-83.747401,42.257551],[-83.74742,42.257565],[-83.747436,42.257572],[-83.747452,42.257577],[-83.747468,42.25758],[-83.747484,42.257581],[-83.7475,42.257582],[-83.747516,42.257582],[-83.747532,42.257581],[-83.747548,42.257583],[-83.747564,42.257585],[-83.747579,42.257588],[-83.747595,42.257591],[-83.74761,42.257594],[-83.747624,42.257597],[-83.747638,42.257601],[-83.747651,42.257606],[-83.747678,42.257618],[-83.747704,42.257629],[-83.747729,42.25764],[-83.747754,42.25765],[-83.747779,42.257659],[-83.747805,42.257666],[-83.747834,42.257672],[-83.747865,42.257674],[-83.747896,42.257674],[-83.747927,42.257671],[-83.747958,42.257666],[-83.747988,42.257659],[-83.748019,42.257651],[-83.74805,42.257643],[-83.748081,42.257635],[-83.748134,42.257624],[-83.748197,42.257619],[-83.74826,42.25762],[-83.748322,42.257627],[-83.748385,42.257637],[-83.748447,42.257648],[-83.74851,42.257658],[-83.748573,42.257665],[-83.748592,42.257668],[-83.74861,42.257669],[-83.748628,42.25767],[-83.748646,42.257671],[-83.748663,42.257672],[-83.748681,42.257672],[-83.7487,42.257672],[-83.748723,42.257672],[-83.748754,42.25767],[-83.748785,42.257666],[-83.748816,42.25766],[-83.748846,42.257654],[-83.748877,42.257647],[-83.748908,42.257642],[-83.748939,42.257638],[-83.748965,42.257635],[-83.748987,42.257632],[-83.749009,42.257629],[-83.749032,42.257625],[-83.749054,42.257621],[-83.749077,42.257617],[-83.749099,42.257612],[-83.749122,42.257608],[-83.749144,42.257605],[-83.749165,42.257601],[-83.749185,42.257595],[-83.749206,42.257588],[-83.749225,42.257581],[-83.749245,42.257571],[-83.749264,42.257561],[-83.749281,42.257551],[-83.749293,42.257544],[-83.749303,42.257537],[-83.749312,42.257529],[-83.749321,42.257522],[-83.74933,42.257514],[-83.749338,42.257505],[-83.749348,42.257496],[-83.749357,42.257487],[-83.749367,42.257479],[-83.749377,42.257473],[-83.749388,42.257467],[-83.7494,42.257463],[-83.749412,42.25746],[-83.749426,42.257458],[-83.749442,42.257458],[-83.749461,42.257457],[-83.749481,42.257457],[-83.749502,42.257459],[-83.749523,42.257461],[-83.749518,42.257458],[-83.749512,42.257455],[-83.749506,42.257452],[-83.7495,42.257449],[-83.749495,42.257446],[-83.74949,42.257443],[-83.749485,42.257439],[-83.749481,42.257436],[-83.749477,42.257432],[-83.749473,42.257428],[-83.749469,42.257425],[-83.749466,42.257421],[-83.749463,42.257416],[-83.749461,42.257412],[-83.749459,42.257408],[-83.749458,42.257403],[-83.749458,42.257398],[-83.749458,42.257393],[-83.749458,42.257388],[-83.749459,42.257382],[-83.749461,42.257377],[-83.749463,42.257371],[-83.749467,42.257365],[-83.74947,42.257359],[-83.749473,42.257355]]]},"properties":{"ObjectName":null}},{"type":"Feature","geometry":{"type":"Polygon","coordinates":[[[-83.74416,42.256327],[-83.744156,42.256328],[-83.744151,42.256329],[-83.744147,42.25633],[-83.744143,42.256332],[-83.74414,42.256334],[-83.744137,42.256336],[-83.744134,42.256339],[-83.744132,42.256341],[-83.74413,42.256345],[-83.744128,42.256348],[-83.744126,42.256351],[-83.744125,42.256354],[-83.744125,42.256356],[-83.744124,42.256359],[-83.744124,42.256362],[-83.744124,42.256364],[-83.744124,42.256366],[-83.744125,42.256369],[-83.744126,42.256372],[-83.744127,42.256375],[-83.744129,42.256379],[-83.744131,42.256382],[-83.744133,42.256385],[-83.744136,42.256387],[-83.744139,42.25639],[-83.744142,42.256391],[-83.744145,42.256393],[-83.744148,42.256394],[-83.744152,42.256396],[-83.744155,42.256397],[-83.744158,42.256397],[-83.744162,42.256398],[-83.744165,42.256398],[-83.744168,42.256398],[-83.744171,42.256398],[-83.744174,42.256398],[-83.744176,42.256397],[-83.744179,42.256396],[-83.744182,42.256396],[-83.744184,42.256394],[-83.744186,42.256393],[-83.744188,42.256392],[-83.744191,42.25639],[-83.744192,42.256388],[-83.744194,42.256387],[-83.744196,42.256385],[-83.744198,42.256383],[-83.744199,42.256381],[-83.7442,42.256378],[-83.744201,42.256376],[-83.744202,42.256374],[-83.744203,42.256371],[-83.744204,42.256369],[-83.744204,42.256367],[-83.744204,42.256364],[-83.744205,42.256361],[-83.744204,42.256358],[-83.744204,42.256356],[-83.744204,42.256353],[-83.744203,42.256351],[-83.744202,42.256349],[-83.744201,42.256346],[-83.7442,42.256344],[-83.744198,42.256342],[-83.744197,42.25634],[-83.744195,42.256338],[-83.744193,42.256336],[-83.744191,42.256335],[-83.744188,42.256333],[-83.744185,42.256332],[-83.744182,42.256331],[-83.744179,42.25633],[-83.744176,42.256329],[-83.744172,42.256328],[-83.744169,42.256328],[-83.744165,42.256327],[-83.74416,42.256327]]]},"properties":{"ObjectName":null}},{"type":"Feature","geometry":{"type":"Polygon","coordinates":[[[-83.741896,42.254505],[-83.741899,42.254506],[-83.741902,42.254507],[-83.741905,42.254508],[-83.741908,42.254509],[-83.741911,42.25451],[-83.741914,42.254511],[-83.741917,42.254512],[-83.74192,42.254512],[-83.741924,42.254512],[-83.741928,42.254512],[-83.741932,42.254511],[-83.741936,42.25451],[-83.741939,42.254508],[-83.741943,42.254506],[-83.741947,42.254504],[-83.74195,42.254502],[-83.741952,42.2545],[-83.741954,42.254499],[-83.741957,42.254497],[-83.74196,42.254495],[-83.741962,42.254494],[-83.741965,42.254492],[-83.741967,42.254491],[-83.74197,42.254489],[-83.741973,42.254487],[-83.741975,42.254485],[-83.741978,42.254483],[-83.741981,42.254481],[-83.741983,42.254479],[-83.741986,42.254477],[-83.741988,42.254475],[-83.741991,42.254473],[-83.741993,42.25447],[-83.741994,42.254468],[-83.741996,42.254466],[-83.741997,42.254464],[-83.741998,42.254462],[-83.741998,42.254459],[-83.741998,42.254456],[-83.741996,42.254453],[-83.741994,42.254452],[-83.741992,42.25445],[-83.74199,42.254448],[-83.741987,42.254447],[-83.741985,42.254446],[-83.741982,42.254444],[-83.74198,42.254443],[-83.741978,42.254441],[-83.741976,42.254439],[-83.741974,42.254437],[-83.741973,42.254435],[-83.741973,42.254433],[-83.741973,42.25443],[-83.741973,42.254428],[-83.741973,42.254425],[-83.741973,42.254423],[-83.741973,42.25442],[-83.741972,42.254418],[-83.741972,42.254415],[-83.74197,42.254413],[-83.741968,42.25441],[-83.741965,42.254408],[-83.741962,42.254407],[-83.741959,42.254406],[-83.741956,42.254405],[-83.741952,42.254404],[-83.741949,42.254403],[-83.741946,42.254403],[-83.741943,42.254402],[-83.741939,42.254402],[-83.741935,42.254403],[-83.741932,42.254404],[-83.741929,42.254405],[-83.741927,42.254407],[-83.741925,42.254408],[-83.741923,42.254411],[-83.741922,42.254413],[-83.741922,42.254416],[-83.741921,42.254418],[-83.741921,42.254421],[-83.74192,42.254424],[-83.74192,42.254426],[-83.741919,42.254429],[-83.741918,42.254432],[-83.741917,42.254434],[-83.741916,42.254435],[-83.741913,42.254437],[-83.74191,42.25444],[-83.741906,42.254442],[-83.741902,42.254444],[-83.741897,42.254445],[-83.741893,42.254447],[-83.741889,42.254449],[-83.741886,42.254451],[-83.741883,42.254454],[-83.741881,42.254457],[-83.74188,42.254458],[-83.741879,42.254461],[-83.741878,42.254463],[-83.741877,42.254465],[-83.741877,42.254468],[-83.741876,42.25447],[-83.741876,42.254473],[-83.741876,42.254475],[-83.741876,42.254478],[-83.741876,42.25448],[-83.741876,42.254482],[-83.741876,42.254485],[-83.741876,42.254487],[-83.741877,42.25449],[-83.741879,42.254493],[-83.741881,42.254495],[-83.741884,42.254498],[-83.741887,42.2545],[-83.74189,42.254501],[-83.741893,42.254503],[-83.741896,42.254505]]]},"properties":{"ObjectName":null}},{"type":"Feature","geometry":{"type":"Polygon","coordinates":[[[-83.746119,42.258261],[-83.74612,42.258263],[-83.746122,42.258265],[-83.746125,42.258267],[-83.746128,42.258269],[-83.746132,42.25827],[-83.746134,42.258271],[-83.746138,42.258272],[-83.746142,42.258272],[-83.746146,42.258273],[-83.74615,42.258273],[-83.746154,42.258273],[-83.746159,42.258272],[-83.746163,42.258272],[-83.746168,42.258271],[-83.746172,42.25827],[-83.746176,42.258269],[-83.74618,42.258267],[-83.746184,42.258266],[-83.746188,42.258264],[-83.746192,42.258262],[-83.746196,42.25826],[-83.746199,42.258258],[-83.746202,42.258256],[-83.746205,42.258253],[-83.746208,42.258251],[-83.74621,42.258248],[-83.746212,42.258246],[-83.746214,42.258243],[-83.746215,42.25824],[-83.746216,42.258238],[-83.746217,42.258235],[-83.746217,42.258232],[-83.746217,42.258229],[-83.746216,42.258226],[-83.746215,42.258223],[-83.746213,42.25822],[-83.746211,42.258218],[-83.746208,42.258215],[-83.746204,42.258212],[-83.746202,42.25821],[-83.7462,42.258209],[-83.746197,42.258208],[-83.746193,42.258206],[-83.746189,42.258205],[-83.746185,42.258204],[-83.746181,42.258204],[-83.746177,42.258204],[-83.746173,42.258205],[-83.746169,42.258205],[-83.746165,42.258205],[-83.746161,42.258206],[-83.746157,42.258206],[-83.746153,42.258206],[-83.746149,42.258205],[-83.746145,42.258205],[-83.746141,42.258203],[-83.746137,42.258202],[-83.746134,42.2582],[-83.74613,42.258198],[-83.746125,42.258196],[-83.746121,42.258194],[-83.746117,42.258193],[-83.746112,42.258191],[-83.746108,42.25819],[-83.746103,42.258188],[-83.746098,42.258187],[-83.746094,42.258186],[-83.746089,42.258186],[-83.746085,42.258185],[-83.74608,42.258184],[-83.746076,42.258184],[-83.746071,42.258184],[-83.746067,42.258184],[-83.746062,42.258184],[-83.746058,42.258185],[-83.746054,42.258185],[-83.74605,42.258186],[-83.746046,42.258187],[-83.746042,42.258188],[-83.746039,42.25819],[-83.746035,42.258192],[-83.746032,42.258194],[-83.746029,42.258196],[-83.746026,42.258198],[-83.746024,42.258201],[-83.746022,42.258204],[-83.74602,42.258208],[-83.746018,42.258211],[-83.746016,42.258215],[-83.746015,42.258219],[-83.746014,42.258223],[-83.746014,42.258227],[-83.746014,42.25823],[-83.746015,42.258234],[-83.746016,42.258238],[-83.746017,42.258241],[-83.746019,42.258245],[-83.746021,42.258248],[-83.746024,42.258251],[-83.746027,42.258254],[-83.74603,42.258256],[-83.746034,42.258257],[-83.746038,42.258259],[-83.746043,42.258259],[-83.746046,42.258259],[-83.746049,42.258258],[-83.746052,42.258258],[-83.746054,42.258257],[-83.746057,42.258256],[-83.74606,42.258255],[-83.746062,42.258254],[-83.746064,42.258252],[-83.746067,42.25825],[-83.746069,42.258247],[-83.746072,42.258245],[-83.746074,42.258243],[-83.746076,42.258241],[-83.746079,42.258239],[-83.746082,42.258236],[-83.746085,42.258234],[-83.746088,42.258232],[-83.746091,42.258231],[-83.746095,42.25823],[-83.746098,42.25823],[-83.746102,42.258231],[-83.746106,42.258232],[-83.746109,42.258233],[-83.746111,42.258234],[-83.746113,42.258237],[-83.746114,42.258239],[-83.746115,42.258241],[-83.746116,42.258244],[-83.746117,42.258246],[-83.746117,42.258249],[-83.746117,42.258251],[-83.746117,42.258253],[-83.746117,42.258256],[-83.746118,42.258258],[-83.746119,42.258261]]]},"properties":{"ObjectName":null}},{"type":"Feature","geometry":{"type":"Polygon","coordinates":[[[-83.657576,42.283393],[-83.657581,42.283384],[-83.657589,42.283348],[-83.657596,42.283331],[-83.657604,42.283322],[-83.657613,42.283316],[-83.657625,42.283311],[-83.65766,42.283303],[-83.657677,42.283302],[-83.657695,42.283304],[-83.657742,42.283313],[-83.65779,42.28333],[-83.657833,42.283338],[-83.657871,42.283338],[-83.657906,42.283332],[-83.657932,42.283323],[-83.657944,42.283314],[-83.65797,42.283286],[-83.658003,42.283261],[-83.65803,42.283247],[-83.658055,42.28324],[-83.658084,42.283236],[-83.658119,42.283235],[-83.658159,42.283237],[-83.658195,42.283241],[-83.658226,42.283247],[-83.658252,42.283255],[-83.658273,42.283265],[-83.658287,42.283276],[-83.658313,42.283305],[-83.658326,42.283317],[-83.658344,42.283328],[-83.658367,42.283339],[-83.658428,42.283361],[-83.658462,42.283369],[-83.658518,42.28338],[-83.658615,42.283396],[-83.658736,42.28341],[-83.658809,42.283417],[-83.658913,42.283424],[-83.659096,42.283434],[-83.659222,42.283435],[-83.65929,42.283432],[-83.659365,42.283426],[-83.659617,42.283398],[-83.659748,42.283382],[-83.659809,42.283376],[-83.659892,42.283371],[-83.659917,42.283372],[-83.659938,42.283375],[-83.659963,42.283381],[-83.659989,42.283391],[-83.660016,42.283403],[-83.660048,42.28342],[-83.660067,42.283434],[-83.660107,42.283468],[-83.660127,42.28348],[-83.660164,42.283496],[-83.660238,42.283518],[-83.660336,42.283545],[-83.660578,42.283599],[-83.660636,42.283614],[-83.660686,42.283628],[-83.660774,42.283658],[-83.660977,42.283732],[-83.661187,42.283802],[-83.661271,42.283831],[-83.661347,42.283861],[-83.661527,42.28394],[-83.661577,42.28396],[-83.661622,42.283975],[-83.661657,42.283988],[-83.661677,42.283992],[-83.661712,42.283996],[-83.661738,42.283993],[-83.661758,42.283985],[-83.661778,42.28397],[-83.661793,42.283953],[-83.661813,42.283917],[-83.661847,42.283865],[-83.661854,42.28385],[-83.661857,42.283836],[-83.661859,42.283812],[-83.661855,42.283797],[-83.661843,42.283784],[-83.661823,42.283771],[-83.661801,42.283763],[-83.661749,42.283754],[-83.661702,42.28374],[-83.661652,42.283723],[-83.661522,42.283673],[-83.661399,42.283619],[-83.661266,42.283553],[-83.66109,42.283454],[-83.66102,42.283419],[-83.660953,42.283389],[-83.660887,42.283361],[-83.660823,42.283336],[-83.660757,42.283313],[-83.660688,42.283291],[-83.660617,42.283271],[-83.660544,42.283253],[-83.660446,42.283234],[-83.660256,42.283206],[-83.660179,42.283193],[-83.659979,42.283151],[-83.659835,42.283127],[-83.659698,42.283107],[-83.659498,42.283081],[-83.659378,42.283063],[-83.659346,42.28306],[-83.659316,42.28306],[-83.659278,42.283063],[-83.659229,42.283069],[-83.659136,42.283087],[-83.65908,42.283094],[-83.659032,42.283096],[-83.658995,42.283095],[-83.658953,42.28309],[-83.658822,42.283065],[-83.658719,42.283044],[-83.658605,42.283016],[-83.65847,42.282975],[-83.658418,42.282962],[-83.658333,42.282943],[-83.658282,42.282934],[-83.658236,42.28293],[-83.658195,42.282931],[-83.658157,42.282936],[-83.658115,42.282947],[-83.658069,42.282963],[-83.658005,42.282988],[-83.65795,42.283011],[-83.657916,42.283026],[-83.657888,42.283043],[-83.657864,42.283059],[-83.657849,42.283075],[-83.657817,42.283117],[-83.6578,42.283135],[-83.657781,42.28315],[-83.657757,42.283166],[-83.657687,42.283204],[-83.657648,42.283223],[-83.657604,42.283241],[-83.657496,42.283279],[-83.657409,42.283301],[-83.657394,42.283306],[-83.657386,42.283311],[-83.657408,42.283307],[-83.65744,42.283304],[-83.657466,42.283303],[-83.657487,42.283305],[-83.657505,42.283309],[-83.657529,42.283322],[-83.657551,42.283339],[-83.657563,42.283355],[-83.657572,42.283376],[-83.657575,42.283389],[-83.657576,42.283393]]]},"properties":{"ObjectName":null}},{"type":"Feature","geometry":{"type":"Polygon","coordinates":[[[-83.662368,42.284149],[-83.662392,42.284156],[-83.66242,42.284158],[-83.662443,42.284157],[-83.662469,42.284151],[-83.662495,42.284143],[-83.662504,42.284143],[-83.66253,42.284149],[-83.662549,42.284149],[-83.662564,42.284146],[-83.662579,42.284138],[-83.662594,42.284123],[-83.662601,42.284113],[-83.662606,42.284102],[-83.66261,42.284075],[-83.662605,42.284048],[-83.6626,42.284036],[-83.662593,42.284026],[-83.662583,42.284017],[-83.662567,42.284008],[-83.662516,42.283989],[-83.662479,42.283975],[-83.662457,42.283969],[-83.662437,42.283967],[-83.66242,42.283969],[-83.662402,42.283976],[-83.66238,42.283989],[-83.662357,42.284009],[-83.662337,42.284034],[-83.662323,42.284056],[-83.662316,42.284073],[-83.662313,42.284089],[-83.662315,42.284102],[-83.662327,42.284122],[-83.662345,42.284137],[-83.662368,42.284149]]]},"properties":{"ObjectName":null}},{"type":"Feature","geometry":{"type":"Polygon","coordinates":[[[-83.742314,42.262123],[-83.742311,42.262123],[-83.742308,42.262123],[-83.742305,42.262124],[-83.742303,42.262124],[-83.7423,42.262124],[-83.742297,42.262124],[-83.742294,42.262125],[-83.742291,42.262125],[-83.742289,42.262126],[-83.742285,42.262127],[-83.742281,42.262128],[-83.742277,42.26213],[-83.742273,42.262132],[-83.742269,42.262135],[-83.742265,42.262137],[-83.742262,42.262139],[-83.742258,42.262141],[-83.742255,42.262144],[-83.742251,42.262146],[-83.742248,42.262148],[-83.742244,42.262151],[-83.742241,42.262154],[-83.742238,42.262156],[-83.742235,42.262159],[-83.742232,42.262162],[-83.742229,42.262165],[-83.742226,42.262168],[-83.742223,42.262171],[-83.742221,42.262174],[-83.742218,42.262177],[-83.742216,42.26218],[-83.742214,42.262183],[-83.742213,42.262186],[-83.742211,42.26219],[-83.74221,42.262194],[-83.742209,42.262198],[-83.742209,42.262202],[-83.742209,42.262206],[-83.74221,42.26221],[-83.742211,42.262214],[-83.742212,42.262218],[-83.742213,42.262222],[-83.742215,42.262226],[-83.742217,42.26223],[-83.742219,42.262234],[-83.742221,42.262238],[-83.742223,42.262241],[-83.742226,42.262244],[-83.742228,42.262247],[-83.742231,42.26225],[-83.742234,42.262253],[-83.742236,42.262256],[-83.742239,42.262258],[-83.742242,42.262261],[-83.742245,42.262263],[-83.742248,42.262266],[-83.742252,42.262268],[-83.742255,42.262271],[-83.742258,42.262273],[-83.742261,42.262276],[-83.742264,42.262278],[-83.742267,42.262281],[-83.74227,42.262283],[-83.742273,42.262286],[-83.742276,42.262289],[-83.742279,42.262291],[-83.742282,42.262294],[-83.742285,42.262297],[-83.742287,42.2623],[-83.74229,42.262303],[-83.742293,42.262306],[-83.742296,42.262308],[-83.742299,42.262311],[-83.742302,42.262314],[-83.742305,42.262316],[-83.742308,42.262319],[-83.742311,42.262321],[-83.742315,42.262324],[-83.742318,42.262326],[-83.742322,42.262327],[-83.742325,42.262329],[-83.742329,42.26233],[-83.742333,42.262331],[-83.742337,42.262332],[-83.74234,42.262333],[-83.742344,42.262334],[-83.742349,42.262335],[-83.742353,42.262335],[-83.742357,42.262336],[-83.742361,42.262336],[-83.742365,42.262336],[-83.742369,42.262336],[-83.742373,42.262337],[-83.742377,42.262337],[-83.742382,42.262336],[-83.742386,42.262336],[-83.742391,42.262336],[-83.742396,42.262335],[-83.742401,42.262334],[-83.742406,42.262333],[-83.742411,42.262332],[-83.742416,42.26233],[-83.742421,42.262329],[-83.742426,42.262327],[-83.74243,42.262325],[-83.742435,42.262323],[-83.742438,42.26232],[-83.742442,42.262318],[-83.742445,42.262315],[-83.742448,42.262312],[-83.74245,42.262309],[-83.742453,42.262305],[-83.742455,42.262302],[-83.742456,42.262298],[-83.742458,42.262294],[-83.742459,42.262289],[-83.74246,42.262285],[-83.742461,42.262281],[-83.742461,42.262277],[-83.742461,42.262273],[-83.742461,42.262269],[-83.742461,42.262264],[-83.74246,42.26226],[-83.74246,42.262257],[-83.742459,42.262253],[-83.742458,42.262249],[-83.742456,42.262246],[-83.742455,42.262243],[-83.742453,42.26224],[-83.742451,42.262236],[-83.742449,42.262233],[-83.742447,42.26223],[-83.742445,42.262227],[-83.742442,42.262224],[-83.74244,42.262221],[-83.742437,42.262218],[-83.742435,42.262215],[-83.742432,42.262212],[-83.742429,42.262209],[-83.742427,42.262207],[-83.742425,42.262205],[-83.742423,42.262203],[-83.742422,42.262201],[-83.74242,42.262199],[-83.742418,42.262198],[-83.742417,42.262196],[-83.742415,42.262194],[-83.742414,42.262192],[-83.742412,42.26219],[-83.742411,42.262188],[-83.742409,42.262187],[-83.742407,42.262185],[-83.742406,42.262183],[-83.742405,42.262181],[-83.742403,42.262179],[-83.742401,42.262177],[-83.742399,42.262174],[-83.742397,42.262171],[-83.742394,42.262167],[-83.742392,42.262164],[-83.74239,42.262161],[-83.742388,42.262158],[-83.742386,42.262155],[-83.742384,42.262152],[-83.742382,42.262149],[-83.742379,42.262145],[-83.742376,42.262142],[-83.742374,42.262139],[-83.742371,42.262137],[-83.742367,42.262134],[-83.742364,42.262132],[-83.742361,42.26213],[-83.742357,42.262129],[-83.742353,42.262127],[-83.742348,42.262126],[-83.742344,42.262125],[-83.742339,42.262124],[-83.742333,42.262124],[-83.742328,42.262124],[-83.742325,42.262124],[-83.742323,42.262123],[-83.74232,42.262123],[-83.742317,42.262123],[-83.742314,42.262123]]]},"properties":{"ObjectName":null}},{"type":"Feature","geometry":{"type":"Polygon","coordinates":[[[-83.657697,42.285538],[-83.657678,42.285543],[-83.657664,42.28555],[-83.657651,42.285562],[-83.657643,42.285578],[-83.657642,42.285595],[-83.657646,42.285612],[-83.657658,42.285627],[-83.657678,42.285642],[-83.657694,42.285649],[-83.657715,42.285653],[-83.657734,42.285653],[-83.657744,42.285649],[-83.657752,42.285642],[-83.657769,42.285618],[-83.657777,42.285595],[-83.657775,42.285576],[-83.657769,42.285565],[-83.657758,42.285553],[-83.657745,42.285544],[-83.657733,42.285538],[-83.657716,42.285537],[-83.657697,42.285538]]]},"properties":{"ObjectName":null}},{"type":"Feature","geometry":{"type":"Polygon","coordinates":[[[-83.743931,42.254183],[-83.743927,42.254183],[-83.743924,42.254184],[-83.74392,42.254185],[-83.743916,42.254186],[-83.743913,42.254187],[-83.743909,42.254189],[-83.743906,42.254191],[-83.743903,42.254193],[-83.743901,42.254195],[-83.743898,42.254197],[-83.743896,42.254199],[-83.743894,42.254202],[-83.743892,42.254205],[-83.743891,42.254207],[-83.74389,42.25421],[-83.743888,42.254213],[-83.743887,42.254216],[-83.743887,42.254219],[-83.743886,42.254223],[-83.743886,42.254226],[-83.743885,42.254229],[-83.743885,42.254232],[-83.743885,42.254236],[-83.743886,42.254239],[-83.743886,42.254242],[-83.743887,42.254246],[-83.743888,42.254249],[-83.743889,42.254252],[-83.74389,42.254255],[-83.743891,42.254258],[-83.743893,42.254261],[-83.743894,42.254264],[-83.743896,42.254267],[-83.743898,42.25427],[-83.7439,42.254273],[-83.743902,42.254275],[-83.743905,42.254278],[-83.743907,42.25428],[-83.74391,42.254282],[-83.743912,42.254284],[-83.743915,42.254286],[-83.743918,42.254288],[-83.743921,42.254289],[-83.743925,42.254291],[-83.743928,42.254292],[-83.743932,42.254292],[-83.743935,42.254293],[-83.743939,42.254293],[-83.743943,42.254293],[-83.743947,42.254293],[-83.743951,42.254293],[-83.743955,42.254292],[-83.743959,42.254291],[-83.743963,42.25429],[-83.743967,42.254288],[-83.74397,42.254287],[-83.743974,42.254285],[-83.743977,42.254283],[-83.743979,42.254281],[-83.743982,42.254278],[-83.743984,42.254276],[-83.743986,42.254273],[-83.743987,42.254271],[-83.743989,42.254268],[-83.74399,42.254265],[-83.743991,42.254262],[-83.743992,42.254259],[-83.743993,42.254256],[-83.743993,42.254253],[-83.743993,42.25425],[-83.743993,42.254246],[-83.743993,42.254243],[-83.743992,42.25424],[-83.743992,42.254237],[-83.743991,42.254233],[-83.74399,42.254231],[-83.743989,42.254228],[-83.743988,42.254225],[-83.743987,42.254222],[-83.743985,42.254219],[-83.743984,42.254216],[-83.743982,42.254213],[-83.74398,42.25421],[-83.743978,42.254207],[-83.743976,42.254205],[-83.743973,42.254202],[-83.743971,42.2542],[-83.743968,42.254197],[-83.743966,42.254195],[-83.743963,42.254193],[-83.74396,42.254191],[-83.743957,42.254189],[-83.743954,42.254188],[-83.743951,42.254187],[-83.743948,42.254185],[-83.743944,42.254184],[-83.743941,42.254184],[-83.743938,42.254183],[-83.743934,42.254183],[-83.743931,42.254183]]]},"properties":{"ObjectName":null}},{"type":"Feature","geometry":{"type":"Polygon","coordinates":[[[-83.659559,42.285663],[-83.659572,42.285664],[-83.659583,42.285663],[-83.659591,42.28566],[-83.659609,42.285648],[-83.659644,42.285636],[-83.65967,42.285634],[-83.659678,42.285631],[-83.659685,42.285626],[-83.659691,42.285617],[-83.659696,42.285607],[-83.659698,42.285594],[-83.659695,42.285578],[-83.659688,42.285563],[-83.659675,42.285552],[-83.659638,42.285532],[-83.659586,42.285496],[-83.659538,42.285453],[-83.659516,42.285432],[-83.659502,42.285423],[-83.659489,42.285415],[-83.65948,42.285412],[-83.659469,42.285411],[-83.659458,42.285412],[-83.659446,42.285417],[-83.659438,42.285424],[-83.659438,42.28544],[-83.659436,42.285486],[-83.659437,42.285511],[-83.659441,42.285529],[-83.659448,42.285547],[-83.659461,42.285571],[-83.659474,42.285595],[-83.659485,42.285609],[-83.659498,42.285621],[-83.659522,42.285638],[-83.659545,42.285657],[-83.659559,42.285663]]]},"properties":{"ObjectName":null}},{"type":"Feature","geometry":{"type":"Polygon","coordinates":[[[-83.745244,42.258711],[-83.745239,42.258711],[-83.745234,42.258712],[-83.745229,42.258712],[-83.745225,42.258712],[-83.745221,42.258713],[-83.745216,42.258714],[-83.745211,42.258714],[-83.745207,42.258715],[-83.745202,42.258716],[-83.745197,42.258718],[-83.745193,42.258719],[-83.745188,42.25872],[-83.745184,42.258722],[-83.74518,42.258724],[-83.745176,42.258725],[-83.745173,42.258727],[-83.745169,42.258729],[-83.745166,42.258731],[-83.745164,42.258734],[-83.745161,42.258736],[-83.745159,42.258738],[-83.745157,42.258741],[-83.745156,42.258744],[-83.745154,42.258746],[-83.745153,42.258749],[-83.745152,42.258751],[-83.745151,42.258754],[-83.745151,42.258756],[-83.74515,42.258759],[-83.74515,42.258761],[-83.74515,42.258764],[-83.74515,42.258766],[-83.745151,42.258768],[-83.745151,42.258771],[-83.745151,42.258773],[-83.745152,42.258776],[-83.745153,42.258778],[-83.745154,42.25878],[-83.745155,42.258783],[-83.745156,42.258785],[-83.745158,42.258787],[-83.745159,42.258789],[-83.745161,42.258792],[-83.745162,42.258794],[-83.745164,42.258796],[-83.745166,42.258798],[-83.745168,42.2588],[-83.74517,42.258802],[-83.745172,42.258804],[-83.745175,42.258806],[-83.745177,42.258808],[-83.745179,42.258809],[-83.745182,42.258811],[-83.745185,42.258813],[-83.745187,42.258815],[-83.74519,42.258816],[-83.745193,42.258818],[-83.745196,42.258819],[-83.745199,42.25882],[-83.745202,42.258822],[-83.745205,42.258823],[-83.745208,42.258824],[-83.745211,42.258825],[-83.745214,42.258826],[-83.745217,42.258827],[-83.745221,42.258827],[-83.745224,42.258828],[-83.745227,42.258829],[-83.74523,42.258829],[-83.745234,42.25883],[-83.745237,42.25883],[-83.74524,42.25883],[-83.745244,42.25883],[-83.745247,42.25883],[-83.74525,42.25883],[-83.745253,42.25883],[-83.745257,42.25883],[-83.74526,42.258829],[-83.745263,42.258829],[-83.745266,42.258828],[-83.74527,42.258827],[-83.745273,42.258826],[-83.745276,42.258825],[-83.745279,42.258824],[-83.745282,42.258823],[-83.745285,42.258821],[-83.745288,42.25882],[-83.745291,42.258818],[-83.745294,42.258816],[-83.745296,42.258814],[-83.745299,42.258811],[-83.745301,42.258809],[-83.745304,42.258806],[-83.745306,42.258803],[-83.745308,42.258801],[-83.745309,42.258797],[-83.745311,42.258794],[-83.745313,42.258791],[-83.745314,42.258788],[-83.745315,42.258784],[-83.745316,42.258781],[-83.745317,42.258778],[-83.745318,42.258774],[-83.745318,42.258771],[-83.745318,42.258767],[-83.745318,42.258764],[-83.745318,42.25876],[-83.745318,42.258757],[-83.745317,42.258753],[-83.745317,42.25875],[-83.745316,42.258747],[-83.745315,42.258743],[-83.745313,42.25874],[-83.745312,42.258737],[-83.74531,42.258735],[-83.745308,42.258732],[-83.745306,42.258729],[-83.745304,42.258727],[-83.745301,42.258725],[-83.745298,42.258723],[-83.745295,42.258721],[-83.745292,42.258719],[-83.745289,42.258718],[-83.745285,42.258716],[-83.745281,42.258715],[-83.745277,42.258714],[-83.745273,42.258713],[-83.745268,42.258713],[-83.745264,42.258712],[-83.745259,42.258712],[-83.745254,42.258711],[-83.745249,42.258711],[-83.745244,42.258711]]]},"properties":{"ObjectName":null}},{"type":"Feature","geometry":{"type":"Polygon","coordinates":[[[-83.663325,42.286395],[-83.663304,42.286399],[-83.663287,42.286408],[-83.663279,42.286415],[-83.663273,42.286423],[-83.663249,42.286459],[-83.663231,42.286491],[-83.663218,42.286521],[-83.663211,42.286549],[-83.663209,42.28656],[-83.663211,42.286571],[-83.663217,42.286581],[-83.663226,42.28659],[-83.663236,42.286596],[-83.663248,42.2866],[-83.663266,42.286604],[-83.663281,42.286604],[-83.663296,42.286603],[-83.66331,42.2866],[-83.663323,42.286595],[-83.663334,42.286588],[-83.663343,42.286581],[-83.663362,42.28656],[-83.66338,42.286534],[-83.663394,42.286506],[-83.663418,42.28645],[-83.663423,42.28644],[-83.663421,42.286431],[-83.663416,42.286423],[-83.663402,42.286412],[-83.66338,42.286402],[-83.663356,42.286397],[-83.663339,42.286395],[-83.663325,42.286395]]]},"properties":{"ObjectName":null}},{"type":"Feature","geometry":{"type":"Polygon","coordinates":[[[-83.740655,42.258813],[-83.740648,42.258817],[-83.740647,42.258822],[-83.740651,42.258837],[-83.740653,42.258855],[-83.740649,42.258873],[-83.740644,42.258892],[-83.740634,42.258912],[-83.740619,42.258933],[-83.740604,42.258953],[-83.740598,42.258972],[-83.740596,42.258991],[-83.740596,42.259011],[-83.740597,42.259029],[-83.740601,42.259047],[-83.740609,42.259071],[-83.740618,42.2591],[-83.74063,42.259129],[-83.740639,42.259158],[-83.740643,42.259187],[-83.740643,42.259214],[-83.740644,42.259231],[-83.740647,42.259239],[-83.740651,42.259246],[-83.740654,42.259259],[-83.740654,42.259277],[-83.740651,42.259295],[-83.740651,42.259323],[-83.740653,42.259359],[-83.740652,42.259392],[-83.740645,42.259426],[-83.740637,42.259462],[-83.740633,42.259498],[-83.740636,42.259532],[-83.74064,42.259565],[-83.740644,42.259601],[-83.740649,42.259632],[-83.740657,42.259661],[-83.740671,42.25969],[-83.74068,42.259705],[-83.740682,42.259709],[-83.740684,42.259712],[-83.740687,42.259715],[-83.740689,42.259718],[-83.740692,42.259722],[-83.740695,42.259724],[-83.740697,42.259727],[-83.7407,42.25973],[-83.740703,42.259733],[-83.740707,42.259735],[-83.74071,42.259738],[-83.740713,42.25974],[-83.740717,42.259742],[-83.74072,42.259744],[-83.740724,42.259746],[-83.740728,42.259748],[-83.740732,42.25975],[-83.740736,42.259752],[-83.74074,42.259754],[-83.740744,42.259755],[-83.740748,42.259757],[-83.740752,42.259758],[-83.740756,42.25976],[-83.740761,42.259761],[-83.740765,42.259762],[-83.74077,42.259763],[-83.740774,42.259764],[-83.740779,42.259765],[-83.740784,42.259766],[-83.740788,42.259767],[-83.740793,42.259768],[-83.740798,42.259769],[-83.740803,42.259769],[-83.740807,42.25977],[-83.740812,42.259771],[-83.740817,42.259771],[-83.740822,42.259772],[-83.740827,42.259772],[-83.740832,42.259773],[-83.740837,42.259773],[-83.740842,42.259773],[-83.740847,42.259774],[-83.740851,42.259774],[-83.740856,42.259774],[-83.740861,42.259774],[-83.740866,42.259774],[-83.740871,42.259774],[-83.740876,42.259774],[-83.740881,42.259775],[-83.740885,42.259775],[-83.740889,42.259774],[-83.740894,42.259774],[-83.740898,42.259774],[-83.740903,42.259774],[-83.740907,42.259773],[-83.740911,42.259773],[-83.740915,42.259772],[-83.740919,42.259771],[-83.740923,42.259771],[-83.740927,42.25977],[-83.740931,42.259769],[-83.740935,42.259768],[-83.740939,42.259767],[-83.740943,42.259766],[-83.740946,42.259765],[-83.74095,42.259763],[-83.740954,42.259762],[-83.740958,42.259761],[-83.740962,42.25976],[-83.740966,42.259758],[-83.74097,42.259757],[-83.740974,42.259756],[-83.740978,42.259754],[-83.74103,42.259736],[-83.741052,42.259709],[-83.741057,42.259679],[-83.741047,42.259651],[-83.741035,42.259623],[-83.74102,42.259596],[-83.741007,42.259567],[-83.741005,42.259552],[-83.740999,42.259536],[-83.740992,42.259518],[-83.740991,42.259504],[-83.740991,42.259488],[-83.740992,42.25947],[-83.740974,42.259418],[-83.740947,42.259365],[-83.740908,42.259315],[-83.740882,42.259292],[-83.740861,42.259268],[-83.740848,42.259241],[-83.740842,42.259225],[-83.740839,42.259209],[-83.740839,42.259191],[-83.740841,42.259177],[-83.740845,42.259162],[-83.740848,42.259148],[-83.740849,42.259136],[-83.740853,42.259124],[-83.740856,42.259112],[-83.74086,42.2591],[-83.740859,42.259088],[-83.740857,42.259076],[-83.740856,42.25906],[-83.740853,42.259046],[-83.740843,42.259034],[-83.740833,42.259022],[-83.740819,42.259011],[-83.740803,42.259002],[-83.740792,42.258991],[-83.74078,42.25898],[-83.74077,42.258972],[-83.74076,42.258956],[-83.740748,42.258938],[-83.740738,42.25892],[-83.740736,42.258902],[-83.740738,42.258884],[-83.740743,42.258865],[-83.740748,42.258851],[-83.740757,42.258837],[-83.740756,42.258827],[-83.740754,42.258825],[-83.740747,42.258828],[-83.74074,42.25883],[-83.740736,42.258832],[-83.740732,42.258833],[-83.740728,42.258834],[-83.740723,42.258836],[-83.740719,42.258837],[-83.740714,42.258837],[-83.74071,42.258838],[-83.740705,42.258838],[-83.740701,42.258838],[-83.740698,42.258838],[-83.740695,42.258838],[-83.74069,42.258837],[-83.740686,42.258836],[-83.740682,42.258835],[-83.740678,42.258833],[-83.740675,42.258831],[-83.740671,42.258829],[-83.740668,42.258826],[-83.740665,42.258823],[-83.740663,42.258821],[-83.74066,42.258818],[-83.740658,42.258815],[-83.740655,42.258813]]]},"properties":{"ObjectName":null}},{"type":"Feature","geometry":{"type":"Polygon","coordinates":[[[-83.654745,42.282608],[-83.654734,42.282617],[-83.654727,42.282627],[-83.654724,42.282642],[-83.654728,42.282652],[-83.654735,42.282656],[-83.654745,42.28266],[-83.654759,42.282662],[-83.65478,42.282661],[-83.654807,42.282656],[-83.654819,42.282649],[-83.654828,42.282636],[-83.654839,42.282625],[-83.654852,42.282615],[-83.654866,42.282608],[-83.654881,42.282604],[-83.654897,42.282602],[-83.654913,42.282603],[-83.654928,42.282606],[-83.654943,42.282612],[-83.654956,42.282621],[-83.654958,42.28262],[-83.654972,42.282604],[-83.654986,42.28258],[-83.655002,42.282565],[-83.65501,42.282562],[-83.655031,42.28256],[-83.655037,42.282557],[-83.655047,42.282546],[-83.655052,42.282531],[-83.65505,42.282518],[-83.655042,42.282505],[-83.65503,42.282496],[-83.65502,42.282491],[-83.655008,42.282493],[-83.654993,42.282499],[-83.654982,42.282506],[-83.654968,42.282521],[-83.654946,42.282547],[-83.654931,42.282562],[-83.654919,42.282566],[-83.654881,42.282571],[-83.654869,42.282576],[-83.654844,42.28259],[-83.654831,42.282594],[-83.654818,42.282596],[-83.654786,42.282595],[-83.654774,42.282596],[-83.654757,42.282602],[-83.654745,42.282608]]]},"properties":{"ObjectName":null}},{"type":"Feature","geometry":{"type":"Polygon","coordinates":[[[-83.744861,42.258853],[-83.744857,42.258853],[-83.744854,42.258854],[-83.744851,42.258854],[-83.744847,42.258855],[-83.744843,42.258855],[-83.74484,42.258856],[-83.744837,42.258857],[-83.744833,42.258858],[-83.744829,42.25886],[-83.744826,42.258862],[-83.744823,42.258863],[-83.74482,42.258865],[-83.744817,42.258867],[-83.744815,42.258869],[-83.744813,42.258871],[-83.744811,42.258873],[-83.744809,42.258875],[-83.744808,42.258877],[-83.744806,42.258879],[-83.744805,42.258881],[-83.744804,42.258883],[-83.744803,42.258885],[-83.744802,42.258887],[-83.744801,42.258889],[-83.744801,42.258892],[-83.744801,42.258894],[-83.744801,42.258896],[-83.744801,42.258898],[-83.744801,42.2589],[-83.744802,42.258903],[-83.744802,42.258905],[-83.744803,42.258907],[-83.744805,42.258909],[-83.744806,42.258911],[-83.744808,42.258913],[-83.74481,42.258915],[-83.744812,42.258916],[-83.744815,42.258918],[-83.744817,42.25892],[-83.74482,42.258921],[-83.744822,42.258922],[-83.744824,42.258923],[-83.744827,42.258924],[-83.744829,42.258924],[-83.744832,42.258925],[-83.744835,42.258926],[-83.744838,42.258926],[-83.744841,42.258927],[-83.744844,42.258927],[-83.744848,42.258928],[-83.744851,42.258928],[-83.744854,42.258928],[-83.744858,42.258929],[-83.744861,42.258929],[-83.744865,42.258929],[-83.744869,42.258929],[-83.744872,42.258929],[-83.744876,42.258929],[-83.74488,42.258929],[-83.744883,42.258928],[-83.744887,42.258928],[-83.744891,42.258928],[-83.744895,42.258927],[-83.744898,42.258927],[-83.744902,42.258926],[-83.744906,42.258926],[-83.744909,42.258925],[-83.744913,42.258925],[-83.744916,42.258924],[-83.74492,42.258923],[-83.744923,42.258923],[-83.744926,42.258922],[-83.744929,42.258921],[-83.744933,42.25892],[-83.744936,42.258919],[-83.744939,42.258918],[-83.744941,42.258917],[-83.744944,42.258916],[-83.744947,42.258915],[-83.744949,42.258914],[-83.744951,42.258912],[-83.744954,42.258911],[-83.744958,42.258908],[-83.744961,42.258905],[-83.744963,42.258902],[-83.744964,42.258899],[-83.744965,42.258896],[-83.744964,42.258893],[-83.744963,42.25889],[-83.744961,42.258887],[-83.744959,42.258885],[-83.744957,42.258884],[-83.744955,42.258882],[-83.744953,42.25888],[-83.74495,42.258878],[-83.744947,42.258876],[-83.744944,42.258875],[-83.74494,42.258873],[-83.744937,42.258871],[-83.744934,42.25887],[-83.744932,42.258869],[-83.744929,42.258868],[-83.744926,42.258867],[-83.744923,42.258865],[-83.74492,42.258864],[-83.744917,42.258863],[-83.744914,42.258862],[-83.744911,42.258861],[-83.744906,42.25886],[-83.744902,42.258859],[-83.744899,42.258858],[-83.744894,42.258857],[-83.744891,42.258856],[-83.744888,42.258856],[-83.744884,42.258855],[-83.744881,42.258854],[-83.744877,42.258854],[-83.744874,42.258854],[-83.744871,42.258854],[-83.744867,42.258853],[-83.744864,42.258853],[-83.744861,42.258853]]]},"properties":{"ObjectName":null}},{"type":"Feature","geometry":{"type":"Polygon","coordinates":[[[-83.665721,42.286468],[-83.665716,42.286469],[-83.665711,42.286471],[-83.665706,42.286473],[-83.665702,42.286476],[-83.665699,42.28648],[-83.665696,42.286484],[-83.665669,42.286525],[-83.665635,42.286563],[-83.665594,42.286597],[-83.665592,42.286601],[-83.66559,42.286605],[-83.66559,42.286609],[-83.66559,42.286614],[-83.665592,42.286618],[-83.665594,42.286622],[-83.665597,42.286625],[-83.665602,42.286628],[-83.665606,42.286631],[-83.665611,42.286633],[-83.665617,42.286634],[-83.665623,42.286634],[-83.665629,42.286634],[-83.665634,42.286633],[-83.665639,42.286631],[-83.665644,42.286629],[-83.665758,42.286503],[-83.66576,42.286499],[-83.665761,42.286495],[-83.665761,42.286491],[-83.66576,42.286487],[-83.665758,42.286483],[-83.665756,42.286479],[-83.665752,42.286476],[-83.665748,42.286473],[-83.665743,42.286471],[-83.665738,42.286469],[-83.665733,42.286468],[-83.665727,42.286468],[-83.665721,42.286468]]]},"properties":{"ObjectName":null}},{"type":"Feature","geometry":{"type":"Polygon","coordinates":[[[-83.74936,42.260575],[-83.749364,42.260575],[-83.749369,42.260575],[-83.749374,42.260575],[-83.749378,42.260575],[-83.749383,42.260576],[-83.749388,42.260576],[-83.749392,42.260577],[-83.749397,42.260577],[-83.749402,42.260578],[-83.749406,42.260578],[-83.74941,42.260579],[-83.749415,42.26058],[-83.749419,42.26058],[-83.749424,42.260581],[-83.749428,42.260582],[-83.749433,42.260583],[-83.749437,42.260584],[-83.749442,42.260585],[-83.749447,42.260586],[-83.749451,42.260587],[-83.749456,42.260588],[-83.749461,42.26059],[-83.749466,42.260591],[-83.749471,42.260592],[-83.749476,42.260593],[-83.749481,42.260594],[-83.749486,42.260594],[-83.749491,42.260595],[-83.749496,42.260595],[-83.749501,42.260596],[-83.749505,42.260596],[-83.74951,42.260596],[-83.749515,42.260596],[-83.749519,42.260595],[-83.749524,42.260595],[-83.749529,42.260594],[-83.749533,42.260592],[-83.749537,42.260591],[-83.749541,42.260589],[-83.749545,42.260587],[-83.749551,42.260584],[-83.749556,42.260579],[-83.749559,42.260575],[-83.749561,42.260571],[-83.74956,42.260567],[-83.749558,42.260563],[-83.749555,42.260559],[-83.74955,42.260555],[-83.749543,42.260552],[-83.749536,42.260548],[-83.749527,42.260545],[-83.749518,42.260542],[-83.749508,42.260539],[-83.749498,42.260537],[-83.749487,42.260534],[-83.749475,42.260532],[-83.749464,42.260529],[-83.749452,42.260527],[-83.74944,42.260525],[-83.749429,42.260524],[-83.749418,42.260522],[-83.749408,42.26052],[-83.749398,42.260519],[-83.749389,42.260518],[-83.74938,42.260517],[-83.749373,42.260516],[-83.749367,42.260515],[-83.749362,42.260514],[-83.749359,42.260514],[-83.749354,42.260513],[-83.74935,42.260513],[-83.749345,42.260512],[-83.74934,42.260512],[-83.749336,42.260512],[-83.749331,42.260512],[-83.749327,42.260511],[-83.749322,42.260511],[-83.749318,42.260512],[-83.749313,42.260512],[-83.749309,42.260512],[-83.749305,42.260512],[-83.7493,42.260512],[-83.749296,42.260513],[-83.749291,42.260513],[-83.749287,42.260514],[-83.749283,42.260514],[-83.749278,42.260514],[-83.749274,42.260515],[-83.749269,42.260515],[-83.749265,42.260516],[-83.74926,42.260516],[-83.749256,42.260517],[-83.749251,42.260517],[-83.749247,42.260517],[-83.749242,42.260518],[-83.749238,42.260518],[-83.749233,42.260518],[-83.749229,42.260518],[-83.749225,42.260518],[-83.749221,42.260518],[-83.749217,42.260517],[-83.749213,42.260517],[-83.749209,42.260516],[-83.749205,42.260515],[-83.7492,42.260514],[-83.749196,42.260514],[-83.749191,42.260513],[-83.749187,42.260512],[-83.749182,42.260511],[-83.749178,42.26051],[-83.749174,42.26051],[-83.749169,42.260509],[-83.749165,42.260509],[-83.749161,42.260509],[-83.749156,42.260508],[-83.749152,42.260509],[-83.749148,42.260509],[-83.749145,42.26051],[-83.749141,42.26051],[-83.749137,42.260512],[-83.749134,42.260513],[-83.749131,42.260515],[-83.749128,42.260517],[-83.749125,42.26052],[-83.749123,42.260523],[-83.749121,42.260526],[-83.749119,42.26053],[-83.749118,42.260533],[-83.749117,42.260536],[-83.749116,42.260539],[-83.749116,42.260543],[-83.749116,42.260546],[-83.749116,42.260549],[-83.749117,42.260552],[-83.749117,42.260555],[-83.749119,42.260557],[-83.74912,42.26056],[-83.749121,42.260563],[-83.749123,42.260565],[-83.749125,42.260568],[-83.749128,42.26057],[-83.74913,42.260572],[-83.749133,42.260574],[-83.749135,42.260577],[-83.749138,42.260578],[-83.749142,42.26058],[-83.749145,42.260582],[-83.749148,42.260584],[-83.749152,42.260585],[-83.749156,42.260586],[-83.749159,42.260588],[-83.749163,42.260589],[-83.749167,42.26059],[-83.749172,42.26059],[-83.749176,42.260591],[-83.74918,42.260592],[-83.749184,42.260592],[-83.749188,42.260593],[-83.749192,42.260593],[-83.749197,42.260593],[-83.749201,42.260593],[-83.749205,42.260594],[-83.749209,42.260594],[-83.749213,42.260594],[-83.749217,42.260594],[-83.749221,42.260593],[-83.749225,42.260593],[-83.749229,42.260593],[-83.749233,42.260593],[-83.749237,42.260592],[-83.749241,42.260592],[-83.749245,42.260591],[-83.749248,42.260591],[-83.749252,42.26059],[-83.749256,42.26059],[-83.74926,42.260589],[-83.749264,42.260588],[-83.749268,42.260587],[-83.749271,42.260586],[-83.749275,42.260585],[-83.749279,42.260585],[-83.749283,42.260584],[-83.749287,42.260582],[-83.749291,42.260581],[-83.749295,42.26058],[-83.7493,42.260579],[-83.749304,42.260578],[-83.749309,42.260578],[-83.749313,42.260577],[-83.749318,42.260576],[-83.749322,42.260576],[-83.749327,42.260576],[-83.749332,42.260575],[-83.749336,42.260575],[-83.749341,42.260575],[-83.749346,42.260575],[-83.74935,42.260574],[-83.749355,42.260574],[-83.74936,42.260575]]]},"properties":{"ObjectName":null}},{"type":"Feature","geometry":{"type":"Polygon","coordinates":[[[-83.661297,42.286908],[-83.66129,42.286914],[-83.661279,42.28693],[-83.661273,42.286936],[-83.661263,42.28694],[-83.661238,42.286944],[-83.66123,42.286947],[-83.661218,42.286956],[-83.66122,42.286961],[-83.661227,42.286968],[-83.661239,42.286977],[-83.661255,42.286984],[-83.66128,42.286989],[-83.6613,42.286989],[-83.661315,42.286984],[-83.661329,42.286974],[-83.66134,42.28696],[-83.661346,42.286943],[-83.661345,42.286927],[-83.66134,42.286915],[-83.661325,42.286906],[-83.661317,42.286903],[-83.661309,42.286903],[-83.661297,42.286908]]]},"properties":{"ObjectName":null}},{"type":"Feature","geometry":{"type":"Polygon","coordinates":[[[-83.746391,42.255749],[-83.746392,42.255752],[-83.746393,42.255755],[-83.746395,42.255758],[-83.746397,42.255761],[-83.7464,42.255763],[-83.746403,42.255765],[-83.746406,42.255766],[-83.746409,42.255767],[-83.746413,42.255767],[-83.746416,42.255768],[-83.74642,42.255768],[-83.746424,42.255767],[-83.746428,42.255766],[-83.746432,42.255765],[-83.746435,42.255764],[-83.746439,42.255762],[-83.746442,42.255761],[-83.746446,42.255759],[-83.746449,42.255756],[-83.746451,42.255754],[-83.746454,42.255752],[-83.746456,42.255749],[-83.746458,42.255747],[-83.746461,42.255747],[-83.746464,42.255747],[-83.746467,42.255747],[-83.74647,42.255747],[-83.746473,42.255748],[-83.746476,42.255748],[-83.746479,42.255749],[-83.746483,42.255749],[-83.746486,42.25575],[-83.746489,42.25575],[-83.746492,42.25575],[-83.746495,42.255751],[-83.746498,42.255751],[-83.746501,42.255751],[-83.746504,42.255751],[-83.746507,42.255751],[-83.746509,42.255751],[-83.746512,42.25575],[-83.746515,42.25575],[-83.746518,42.255749],[-83.74652,42.255748],[-83.746523,42.255746],[-83.746526,42.255743],[-83.746529,42.25574],[-83.746531,42.255738],[-83.746532,42.255736],[-83.746533,42.255734],[-83.746534,42.255732],[-83.746535,42.25573],[-83.746535,42.255728],[-83.746536,42.255726],[-83.746536,42.255724],[-83.746537,42.255722],[-83.746537,42.25572],[-83.746537,42.255718],[-83.746537,42.255716],[-83.746537,42.255713],[-83.746536,42.255709],[-83.746535,42.255707],[-83.746533,42.255705],[-83.746531,42.255702],[-83.746529,42.2557],[-83.746525,42.255697],[-83.746522,42.255696],[-83.746518,42.255694],[-83.746514,42.255694],[-83.74651,42.255693],[-83.746505,42.255692],[-83.7465,42.255691],[-83.746497,42.25569],[-83.746494,42.25569],[-83.746492,42.255689],[-83.746488,42.255688],[-83.746484,42.255687],[-83.746481,42.255685],[-83.746478,42.255684],[-83.746476,42.255682],[-83.746474,42.255681],[-83.746472,42.255679],[-83.74647,42.255677],[-83.746468,42.255675],[-83.746466,42.255673],[-83.746464,42.25567],[-83.746461,42.255667],[-83.746459,42.255665],[-83.746457,42.255662],[-83.746455,42.25566],[-83.746453,42.255658],[-83.746451,42.255656],[-83.746449,42.255654],[-83.746447,42.255651],[-83.746445,42.255649],[-83.746443,42.255647],[-83.746441,42.255646],[-83.746439,42.255644],[-83.746437,42.255642],[-83.746434,42.25564],[-83.746432,42.255639],[-83.746429,42.255637],[-83.746426,42.255636],[-83.746423,42.255635],[-83.74642,42.255634],[-83.746416,42.255633],[-83.746412,42.255632],[-83.746409,42.255631],[-83.746404,42.25563],[-83.746399,42.25563],[-83.746394,42.25563],[-83.74639,42.25563],[-83.746386,42.25563],[-83.746383,42.255631],[-83.74638,42.255632],[-83.746377,42.255633],[-83.746374,42.255635],[-83.746372,42.255636],[-83.74637,42.255638],[-83.746369,42.25564],[-83.746368,42.255642],[-83.746367,42.255644],[-83.746367,42.255647],[-83.746367,42.25565],[-83.746367,42.255652],[-83.746367,42.255655],[-83.746368,42.255658],[-83.74637,42.255661],[-83.746371,42.255664],[-83.746373,42.255667],[-83.746375,42.25567],[-83.746376,42.255672],[-83.746377,42.255673],[-83.746379,42.255675],[-83.746381,42.255677],[-83.746382,42.255679],[-83.746384,42.255681],[-83.746386,42.255683],[-83.746387,42.255685],[-83.746389,42.255687],[-83.746391,42.255689],[-83.746392,42.25569],[-83.746394,42.255692],[-83.746395,42.255694],[-83.746397,42.255696],[-83.746398,42.255698],[-83.7464,42.2557],[-83.746401,42.255702],[-83.746402,42.255704],[-83.746402,42.255707],[-83.746403,42.255709],[-83.746404,42.255711],[-83.746404,42.255713],[-83.746404,42.255716],[-83.746403,42.255719],[-83.746402,42.255723],[-83.7464,42.255726],[-83.746399,42.25573],[-83.746397,42.255733],[-83.746395,42.255736],[-83.746393,42.25574],[-83.746392,42.255743],[-83.746391,42.255746],[-83.746391,42.255749]]]},"properties":{"ObjectName":null}},{"type":"Feature","geometry":{"type":"Polygon","coordinates":[[[-83.656518,42.284836],[-83.656506,42.284841],[-83.65649,42.284854],[-83.656485,42.284862],[-83.656483,42.284868],[-83.656489,42.284881],[-83.656489,42.284891],[-83.65648,42.284912],[-83.65648,42.284921],[-83.656487,42.284934],[-83.656499,42.284941],[-83.656507,42.284942],[-83.656518,42.284941],[-83.656531,42.284937],[-83.656544,42.284928],[-83.656548,42.28492],[-83.656553,42.284897],[-83.656573,42.284873],[-83.656577,42.284863],[-83.656578,42.284852],[-83.656571,42.284845],[-83.656555,42.284838],[-83.65654,42.284834],[-83.656528,42.284833],[-83.656518,42.284836]]]},"properties":{"ObjectName":null}},{"type":"Feature","geometry":{"type":"Polygon","coordinates":[[[-83.744857,42.258521],[-83.744859,42.258521],[-83.744863,42.258521],[-83.744867,42.258522],[-83.744871,42.258523],[-83.744875,42.258524],[-83.744879,42.258524],[-83.744883,42.258525],[-83.744887,42.258525],[-83.744889,42.258525],[-83.744892,42.258525],[-83.744896,42.258525],[-83.7449,42.258525],[-83.744904,42.258524],[-83.744907,42.258523],[-83.74491,42.258521],[-83.744913,42.25852],[-83.744915,42.258518],[-83.744918,42.258516],[-83.74492,42.258514],[-83.744922,42.258511],[-83.744923,42.258509],[-83.744925,42.258506],[-83.744926,42.258503],[-83.744927,42.2585],[-83.744928,42.258497],[-83.744929,42.258494],[-83.744929,42.258491],[-83.74493,42.258488],[-83.74493,42.258485],[-83.74493,42.258482],[-83.744929,42.258479],[-83.744929,42.258476],[-83.744928,42.258473],[-83.744927,42.25847],[-83.744926,42.258467],[-83.744925,42.258465],[-83.744923,42.258462],[-83.744921,42.25846],[-83.744919,42.258457],[-83.744917,42.258455],[-83.744915,42.258453],[-83.744912,42.258452],[-83.744909,42.25845],[-83.744906,42.258449],[-83.744902,42.258448],[-83.744898,42.258448],[-83.744893,42.258448],[-83.744889,42.258448],[-83.744887,42.258448],[-83.744884,42.258449],[-83.744881,42.258449],[-83.744878,42.25845],[-83.744875,42.258451],[-83.744872,42.258452],[-83.74487,42.258452],[-83.744867,42.258453],[-83.744864,42.258454],[-83.744861,42.258455],[-83.744858,42.258456],[-83.744855,42.258457],[-83.744852,42.258459],[-83.744849,42.25846],[-83.744846,42.258461],[-83.744844,42.258462],[-83.744841,42.258463],[-83.744838,42.258465],[-83.744836,42.258466],[-83.744833,42.258467],[-83.744831,42.258468],[-83.744829,42.258469],[-83.744826,42.258471],[-83.744822,42.258473],[-83.744819,42.258475],[-83.744817,42.258477],[-83.744815,42.258479],[-83.744813,42.258482],[-83.744812,42.258484],[-83.744811,42.258487],[-83.74481,42.25849],[-83.74481,42.258492],[-83.74481,42.258494],[-83.74481,42.258496],[-83.74481,42.258498],[-83.74481,42.258501],[-83.744811,42.258504],[-83.744812,42.258506],[-83.744812,42.258509],[-83.744814,42.258511],[-83.744815,42.258513],[-83.744817,42.258515],[-83.744818,42.258517],[-83.744821,42.258518],[-83.744823,42.258519],[-83.744825,42.25852],[-83.744828,42.258521],[-83.744831,42.258522],[-83.744835,42.258522],[-83.744838,42.258522],[-83.744841,42.258521],[-83.744844,42.258521],[-83.744848,42.258521],[-83.744851,42.25852],[-83.744854,42.25852],[-83.744857,42.258521]]]},"properties":{"ObjectName":null}},{"type":"Feature","geometry":{"type":"Polygon","coordinates":[[[-83.660607,42.281537],[-83.66058,42.281544],[-83.660559,42.281551],[-83.66054,42.28156],[-83.660518,42.281575],[-83.660505,42.281589],[-83.660495,42.281606],[-83.660494,42.28162],[-83.660501,42.281631],[-83.660512,42.28164],[-83.660522,42.281643],[-83.66054,42.281645],[-83.660572,42.281644],[-83.660609,42.281637],[-83.660628,42.281631],[-83.660644,42.281624],[-83.660656,42.281615],[-83.660665,42.281607],[-83.660674,42.281593],[-83.660677,42.281581],[-83.660674,42.281565],[-83.660664,42.281551],[-83.660648,42.281542],[-83.660627,42.281537],[-83.660607,42.281537]]]},"properties":{"ObjectName":null}},{"type":"Feature","geometry":{"type":"Polygon","coordinates":[[[-83.662487,42.287121],[-83.662468,42.287134],[-83.662453,42.287149],[-83.662444,42.287165],[-83.662441,42.287179],[-83.662443,42.287202],[-83.662445,42.287222],[-83.66245,42.287232],[-83.66246,42.287238],[-83.662475,42.287242],[-83.662494,42.287242],[-83.662514,42.287239],[-83.66253,42.287231],[-83.662543,42.287219],[-83.662551,42.287207],[-83.662557,42.287186],[-83.66256,42.287163],[-83.662554,42.287145],[-83.662542,42.28713],[-83.662521,42.28712],[-83.66251,42.287117],[-83.662501,42.287116],[-83.662487,42.287121]]]},"properties":{"ObjectName":null}},{"type":"Feature","geometry":{"type":"Polygon","coordinates":[[[-83.658516,42.284897],[-83.658528,42.284905],[-83.658531,42.284911],[-83.658532,42.284927],[-83.658534,42.284937],[-83.658538,42.284943],[-83.658546,42.284947],[-83.658562,42.284949],[-83.658576,42.28495],[-83.658592,42.284949],[-83.658611,42.284944],[-83.658628,42.284936],[-83.65864,42.284928],[-83.658646,42.284922],[-83.65865,42.28491],[-83.658648,42.284901],[-83.658643,42.284895],[-83.658632,42.284889],[-83.658624,42.284887],[-83.6586,42.284885],[-83.658591,42.284883],[-83.658583,42.284876],[-83.65857,42.284856],[-83.658562,42.28485],[-83.658548,42.284846],[-83.658533,42.284845],[-83.658515,42.284849],[-83.658505,42.284848],[-83.658494,42.284844],[-83.658476,42.284831],[-83.658462,42.284822],[-83.658452,42.284819],[-83.658443,42.284819],[-83.658433,42.284822],[-83.658423,42.284826],[-83.658415,42.284832],[-83.658408,42.284841],[-83.658405,42.284852],[-83.658407,42.284862],[-83.658413,42.284874],[-83.658422,42.284885],[-83.658433,42.284891],[-83.658443,42.284894],[-83.658461,42.284896],[-83.658502,42.284894],[-83.658516,42.284897]]]},"properties":{"ObjectName":null}},{"type":"Feature","geometry":{"type":"Polygon","coordinates":[[[-83.742522,42.255564],[-83.742521,42.255643],[-83.742555,42.255719],[-83.742577,42.255758],[-83.742601,42.255788],[-83.742622,42.25582],[-83.74263,42.255862],[-83.742629,42.255906],[-83.74262,42.255947],[-83.742601,42.255987],[-83.742573,42.256025],[-83.742542,42.256061],[-83.742513,42.256097],[-83.742494,42.256134],[-83.74248,42.256174],[-83.742469,42.256217],[-83.742462,42.256262],[-83.742458,42.256306],[-83.742466,42.256345],[-83.742483,42.256384],[-83.742501,42.256423],[-83.742518,42.256477],[-83.742524,42.25654],[-83.742527,42.256603],[-83.742527,42.256637],[-83.742522,42.256658],[-83.742514,42.256676],[-83.742506,42.256711],[-83.742497,42.256754],[-83.742489,42.256799],[-83.742479,42.256872],[-83.742476,42.256956],[-83.742494,42.25704],[-83.742523,42.257097],[-83.742542,42.257137],[-83.742549,42.25718],[-83.742545,42.257285],[-83.742556,42.257421],[-83.742576,42.257558],[-83.742593,42.257655],[-83.742626,42.257724],[-83.742683,42.257784],[-83.742754,42.257828],[-83.742828,42.257859],[-83.742908,42.257883],[-83.742999,42.25791],[-83.743096,42.25795],[-83.743184,42.257997],[-83.743229,42.258026],[-83.743245,42.258039],[-83.743259,42.258051],[-83.743291,42.258067],[-83.743346,42.258075],[-83.7434,42.25807],[-83.743441,42.258049],[-83.74347,42.258018],[-83.743485,42.257983],[-83.743479,42.257946],[-83.743448,42.25792],[-83.743405,42.257902],[-83.74335,42.25788],[-83.743286,42.25785],[-83.743231,42.257812],[-83.74321,42.257788],[-83.743206,42.257786],[-83.743204,42.257784],[-83.743202,42.257782],[-83.7432,42.257781],[-83.743198,42.257779],[-83.743195,42.257777],[-83.743193,42.257775],[-83.74319,42.257772],[-83.743187,42.25777],[-83.743184,42.257767],[-83.743181,42.257764],[-83.743178,42.257762],[-83.743175,42.257759],[-83.743172,42.257756],[-83.743171,42.257755],[-83.743169,42.257753],[-83.743167,42.257752],[-83.743166,42.25775],[-83.743164,42.257749],[-83.743162,42.257747],[-83.743161,42.257746],[-83.743159,42.257744],[-83.743157,42.257742],[-83.743155,42.257741],[-83.743154,42.257739],[-83.743152,42.257738],[-83.74315,42.257736],[-83.743148,42.257734],[-83.743147,42.257733],[-83.743145,42.257731],[-83.743143,42.25773],[-83.743141,42.257728],[-83.74314,42.257726],[-83.743138,42.257725],[-83.743136,42.257723],[-83.743135,42.257722],[-83.743133,42.25772],[-83.743131,42.257719],[-83.74313,42.257717],[-83.743127,42.257715],[-83.743124,42.257712],[-83.743121,42.257709],[-83.743118,42.257706],[-83.743115,42.257704],[-83.743113,42.257701],[-83.74311,42.257699],[-83.743108,42.257697],[-83.743105,42.257694],[-83.743103,42.257692],[-83.743101,42.257691],[-83.743099,42.257688],[-83.743096,42.257686],[-83.743094,42.257684],[-83.743066,42.257655],[-83.743036,42.257626],[-83.743009,42.2576],[-83.742961,42.257533],[-83.742924,42.257463],[-83.742897,42.257395],[-83.742858,42.257292],[-83.742834,42.257185],[-83.742826,42.257077],[-83.742829,42.257031],[-83.742835,42.256989],[-83.742843,42.256947],[-83.742848,42.256859],[-83.742847,42.256767],[-83.742846,42.256673],[-83.742844,42.256586],[-83.742836,42.2565],[-83.742818,42.256418],[-83.742801,42.256334],[-83.742789,42.256244],[-83.742792,42.256158],[-83.74281,42.25611],[-83.742829,42.256069],[-83.742843,42.256028],[-83.742849,42.255985],[-83.74286,42.25594],[-83.742863,42.255896],[-83.742859,42.255852],[-83.742848,42.255807],[-83.742833,42.255763],[-83.742825,42.255723],[-83.742822,42.25568],[-83.742817,42.255636],[-83.742779,42.255572],[-83.742699,42.255523],[-83.742599,42.255514],[-83.742522,42.255564]]]},"properties":{"ObjectName":null}},{"type":"Feature","geometry":{"type":"Polygon","coordinates":[[[-83.656186,42.282084],[-83.656211,42.282094],[-83.656233,42.282101],[-83.656251,42.282105],[-83.656282,42.282103],[-83.656314,42.282093],[-83.656353,42.282087],[-83.656388,42.282084],[-83.656411,42.282086],[-83.656449,42.282098],[-83.656467,42.282098],[-83.656483,42.282096],[-83.656504,42.282088],[-83.656514,42.282078],[-83.656514,42.282066],[-83.656505,42.282051],[-83.656479,42.282034],[-83.656462,42.282011],[-83.65645,42.282003],[-83.656439,42.281999],[-83.656429,42.281998],[-83.65641,42.282],[-83.656381,42.282004],[-83.656319,42.282021],[-83.656291,42.282026],[-83.656239,42.282026],[-83.656219,42.282029],[-83.656189,42.282041],[-83.656181,42.282047],[-83.656176,42.282054],[-83.656174,42.282065],[-83.656176,42.282075],[-83.656186,42.282084]]]},"properties":{"ObjectName":null}},{"type":"Feature","geometry":{"type":"Polygon","coordinates":[[[-83.654476,42.278982],[-83.654435,42.278995],[-83.654403,42.279005],[-83.654382,42.279016],[-83.654372,42.279026],[-83.654369,42.279035],[-83.654371,42.279053],[-83.654371,42.279094],[-83.654375,42.279117],[-83.654384,42.279136],[-83.654398,42.27915],[-83.654414,42.279159],[-83.654428,42.27916],[-83.654441,42.279157],[-83.654448,42.279152],[-83.654459,42.279137],[-83.654506,42.279082],[-83.654517,42.279063],[-83.654524,42.279046],[-83.654531,42.279021],[-83.654529,42.279006],[-83.654516,42.278992],[-83.654498,42.278982],[-83.654488,42.278981],[-83.654476,42.278982]]]},"properties":{"ObjectName":null}},{"type":"Feature","geometry":{"type":"Polygon","coordinates":[[[-83.656279,42.28648],[-83.656266,42.286485],[-83.656255,42.286493],[-83.656249,42.2865],[-83.656251,42.286509],[-83.656256,42.286523],[-83.656277,42.286562],[-83.656282,42.286577],[-83.65628,42.286585],[-83.656276,42.286595],[-83.656259,42.286613],[-83.656257,42.286622],[-83.656258,42.286637],[-83.656259,42.28665],[-83.656262,42.286658],[-83.656268,42.286665],[-83.656275,42.286667],[-83.656286,42.286667],[-83.656292,42.286665],[-83.656307,42.286658],[-83.656334,42.28665],[-83.656346,42.286642],[-83.656357,42.286627],[-83.656359,42.28661],[-83.656357,42.286597],[-83.656349,42.286583],[-83.656341,42.286573],[-83.656323,42.286558],[-83.656319,42.28655],[-83.656317,42.286534],[-83.656323,42.28651],[-83.656326,42.286495],[-83.656324,42.286487],[-83.656313,42.286481],[-83.656304,42.286479],[-83.656293,42.286478],[-83.656279,42.28648]]]},"properties":{"ObjectName":null}},{"type":"Feature","geometry":{"type":"Polygon","coordinates":[[[-83.664516,42.283293],[-83.664513,42.283297],[-83.664507,42.283339],[-83.6645,42.283358],[-83.664486,42.283377],[-83.66447,42.283394],[-83.664455,42.283404],[-83.664412,42.283428],[-83.664383,42.28345],[-83.664351,42.283479],[-83.664314,42.283513],[-83.664295,42.283538],[-83.664287,42.283553],[-83.664281,42.28357],[-83.664269,42.283625],[-83.664266,42.283653],[-83.664267,42.283721],[-83.664264,42.283739],[-83.66426,42.283755],[-83.664234,42.283806],[-83.66422,42.283834],[-83.664215,42.283849],[-83.664213,42.283868],[-83.664214,42.283888],[-83.664218,42.2839],[-83.664236,42.283939],[-83.664241,42.283969],[-83.664241,42.283996],[-83.664231,42.284029],[-83.664212,42.284065],[-83.6642,42.28408],[-83.664171,42.284111],[-83.664126,42.284164],[-83.664108,42.284193],[-83.664091,42.284227],[-83.664077,42.284265],[-83.664056,42.284329],[-83.664042,42.284377],[-83.664021,42.284463],[-83.663981,42.284638],[-83.663952,42.284778],[-83.663935,42.284858],[-83.663923,42.284902],[-83.663898,42.284971],[-83.663838,42.285104],[-83.663785,42.285218],[-83.663765,42.285274],[-83.663749,42.285335],[-83.663747,42.285355],[-83.663748,42.285372],[-83.663755,42.285405],[-83.66376,42.285416],[-83.663766,42.285425],[-83.663786,42.285439],[-83.663818,42.285454],[-83.663837,42.285461],[-83.663851,42.285464],[-83.663867,42.285465],[-83.663886,42.285464],[-83.663906,42.285459],[-83.663925,42.285453],[-83.663944,42.285442],[-83.663967,42.285424],[-83.663981,42.285409],[-83.663994,42.28539],[-83.664028,42.285311],[-83.664101,42.28518],[-83.664135,42.285116],[-83.664167,42.285047],[-83.664198,42.284973],[-83.664228,42.284893],[-83.664259,42.284805],[-83.664289,42.284713],[-83.664307,42.284646],[-83.66432,42.284586],[-83.664337,42.284485],[-83.664357,42.284351],[-83.664378,42.284244],[-83.664398,42.284168],[-83.664425,42.284085],[-83.664452,42.284023],[-83.664484,42.283967],[-83.664535,42.283892],[-83.664601,42.283809],[-83.664622,42.28378],[-83.664648,42.283742],[-83.664658,42.283719],[-83.664661,42.283701],[-83.664661,42.283682],[-83.664657,42.283662],[-83.664651,42.283646],[-83.664634,42.283626],[-83.664615,42.283613],[-83.664602,42.28361],[-83.664568,42.283608],[-83.664555,42.283604],[-83.664539,42.283592],[-83.664533,42.283579],[-83.664534,42.283559],[-83.664538,42.283545],[-83.664553,42.283519],[-83.664592,42.283454],[-83.664619,42.28341],[-83.664637,42.283387],[-83.664651,42.283374],[-83.664687,42.283347],[-83.664692,42.28334],[-83.664685,42.283342],[-83.664637,42.283361],[-83.664613,42.283366],[-83.664586,42.283365],[-83.664566,42.28336],[-83.66455,42.283349],[-83.664533,42.283331],[-83.664516,42.283293]]]},"properties":{"ObjectName":null}},{"type":"Feature","geometry":{"type":"Polygon","coordinates":[[[-83.653512,42.285691],[-83.653497,42.285693],[-83.653481,42.285698],[-83.653468,42.285704],[-83.653458,42.285712],[-83.653449,42.285723],[-83.653433,42.285759],[-83.653423,42.285787],[-83.653422,42.285795],[-83.653424,42.285803],[-83.653429,42.285812],[-83.653437,42.285821],[-83.653447,42.285827],[-83.653456,42.285831],[-83.653471,42.285833],[-83.653491,42.285832],[-83.653511,42.285827],[-83.65353,42.285819],[-83.653542,42.28581],[-83.653552,42.285797],[-83.653561,42.285781],[-83.653569,42.285758],[-83.653578,42.285729],[-83.653578,42.285721],[-83.653575,42.285714],[-83.653568,42.285706],[-83.653555,42.285699],[-83.65354,42.285693],[-83.653525,42.285691],[-83.653512,42.285691]]]},"properties":{"ObjectName":null}},{"type":"Feature","geometry":{"type":"Polygon","coordinates":[[[-83.744257,42.255965],[-83.744261,42.255963],[-83.744264,42.25596],[-83.744267,42.255958],[-83.744271,42.255955],[-83.744274,42.255953],[-83.744277,42.255951],[-83.744281,42.255949],[-83.744284,42.255947],[-83.744288,42.255946],[-83.744292,42.255944],[-83.744296,42.255943],[-83.7443,42.255942],[-83.744304,42.255941],[-83.744309,42.25594],[-83.744313,42.255939],[-83.744318,42.255939],[-83.744323,42.255939],[-83.744328,42.255939],[-83.744333,42.255939],[-83.744338,42.255939],[-83.744342,42.25594],[-83.744347,42.25594],[-83.744351,42.255941],[-83.744355,42.255942],[-83.744359,42.255943],[-83.744363,42.255944],[-83.744367,42.255946],[-83.74437,42.255947],[-83.744374,42.255949],[-83.744377,42.255951],[-83.744381,42.255952],[-83.744384,42.255954],[-83.744387,42.255956],[-83.74439,42.255958],[-83.744393,42.255961],[-83.744396,42.255963],[-83.744399,42.255965],[-83.744402,42.255968],[-83.744404,42.25597],[-83.744407,42.255973],[-83.744409,42.255975],[-83.744412,42.255978],[-83.744414,42.255981],[-83.744416,42.255983],[-83.744418,42.255986],[-83.74442,42.255989],[-83.744423,42.255991],[-83.744422,42.255988],[-83.744422,42.255985],[-83.744421,42.255983],[-83.744421,42.255981],[-83.74442,42.255978],[-83.74442,42.255976],[-83.744419,42.255973],[-83.744419,42.255971],[-83.744419,42.255968],[-83.744418,42.255966],[-83.744418,42.255964],[-83.744418,42.255961],[-83.744417,42.255959],[-83.744417,42.255956],[-83.744417,42.255952],[-83.744416,42.255946],[-83.744416,42.255941],[-83.744416,42.255936],[-83.744415,42.255931],[-83.744415,42.255926],[-83.744414,42.255921],[-83.744414,42.255916],[-83.744414,42.255911],[-83.744413,42.255906],[-83.744413,42.255901],[-83.744413,42.255896],[-83.744413,42.255892],[-83.744413,42.255887],[-83.744413,42.255882],[-83.744414,42.255877],[-83.744414,42.255872],[-83.744415,42.255867],[-83.744415,42.255862],[-83.744416,42.255858],[-83.744417,42.255855],[-83.744418,42.255851],[-83.744419,42.255848],[-83.744419,42.255845],[-83.74442,42.255842],[-83.74442,42.255839],[-83.744421,42.255835],[-83.744421,42.255832],[-83.744421,42.255828],[-83.744421,42.255825],[-83.74442,42.255819],[-83.744418,42.255813],[-83.744416,42.255807],[-83.744414,42.255801],[-83.744411,42.255795],[-83.744409,42.255789],[-83.744406,42.255783],[-83.744404,42.255777],[-83.744402,42.255772],[-83.744399,42.255765],[-83.744396,42.255752],[-83.744394,42.255739],[-83.744392,42.255726],[-83.744392,42.255713],[-83.744391,42.255699],[-83.744391,42.255686],[-83.74439,42.255673],[-83.744389,42.25566],[-83.744386,42.255647],[-83.744383,42.255634],[-83.74438,42.255624],[-83.744376,42.255613],[-83.744372,42.255603],[-83.744366,42.255593],[-83.744359,42.255583],[-83.744351,42.255574],[-83.744342,42.255567],[-83.74433,42.25556],[-83.744317,42.255554],[-83.744303,42.25555],[-83.744288,42.255548],[-83.744272,42.255546],[-83.744255,42.255546],[-83.744238,42.255547],[-83.74422,42.255548],[-83.744204,42.255551],[-83.744188,42.255555],[-83.744173,42.255561],[-83.74416,42.255567],[-83.744145,42.255578],[-83.744127,42.255598],[-83.74412,42.255618],[-83.744122,42.255638],[-83.74413,42.255658],[-83.744144,42.255677],[-83.744163,42.255696],[-83.744183,42.255714],[-83.744204,42.255731],[-83.744224,42.255748],[-83.744239,42.25576],[-83.744248,42.255768],[-83.744257,42.255776],[-83.744265,42.255784],[-83.744274,42.255792],[-83.744282,42.2558],[-83.74429,42.255809],[-83.744297,42.255818],[-83.744303,42.255827],[-83.744309,42.255836],[-83.744313,42.255844],[-83.744315,42.255849],[-83.744316,42.255854],[-83.744318,42.255859],[-83.744319,42.255864],[-83.744319,42.255869],[-83.744319,42.255874],[-83.744319,42.255879],[-83.744319,42.255884],[-83.744318,42.255889],[-83.744317,42.255894],[-83.744315,42.255899],[-83.744313,42.255904],[-83.74431,42.255908],[-83.744307,42.255913],[-83.744304,42.255917],[-83.7443,42.255921],[-83.744296,42.255925],[-83.744292,42.255929],[-83.744288,42.255933],[-83.744284,42.255936],[-83.744281,42.255939],[-83.744278,42.255941],[-83.744276,42.255944],[-83.744273,42.255946],[-83.74427,42.255949],[-83.744267,42.255952],[-83.744265,42.255955],[-83.744262,42.255958],[-83.74426,42.25596],[-83.744258,42.255963],[-83.744257,42.255965]]]},"properties":{"ObjectName":null}},{"type":"Feature","geometry":{"type":"Polygon","coordinates":[[[-83.654392,42.288143],[-83.654382,42.288148],[-83.654348,42.288184],[-83.654331,42.288195],[-83.654299,42.288203],[-83.654289,42.288207],[-83.65428,42.288216],[-83.654271,42.288231],[-83.654263,42.288249],[-83.654263,42.288261],[-83.654266,42.28827],[-83.65427,42.288275],[-83.654277,42.288278],[-83.654286,42.288281],[-83.654292,42.28828],[-83.6543,42.288278],[-83.654321,42.288265],[-83.654343,42.288248],[-83.654371,42.288239],[-83.654385,42.288236],[-83.654422,42.288232],[-83.654439,42.288226],[-83.654454,42.288212],[-83.654463,42.288198],[-83.654464,42.288185],[-83.654462,42.288172],[-83.654455,42.288158],[-83.654445,42.288149],[-83.654427,42.288143],[-83.654403,42.28814],[-83.654392,42.288143]]]},"properties":{"ObjectName":null}},{"type":"Feature","geometry":{"type":"Polygon","coordinates":[[[-83.66189,42.2843],[-83.661874,42.284303],[-83.661861,42.284308],[-83.661852,42.284314],[-83.661847,42.284322],[-83.661843,42.284332],[-83.661842,42.284342],[-83.661845,42.28435],[-83.661852,42.284358],[-83.661862,42.284366],[-83.661875,42.28437],[-83.661894,42.284374],[-83.661913,42.284375],[-83.661931,42.284375],[-83.661945,42.284372],[-83.661956,42.284367],[-83.661968,42.284358],[-83.661976,42.284347],[-83.661977,42.284331],[-83.66197,42.284315],[-83.661961,42.284309],[-83.661947,42.284303],[-83.661928,42.2843],[-83.661908,42.284298],[-83.66189,42.2843]]]},"properties":{"ObjectName":null}},{"type":"Feature","geometry":{"type":"Polygon","coordinates":[[[-83.741124,42.258437],[-83.74112,42.25844],[-83.741118,42.258443],[-83.741116,42.258446],[-83.741114,42.258449],[-83.741114,42.258452],[-83.741116,42.258455],[-83.741118,42.258458],[-83.74112,42.25846],[-83.741123,42.258462],[-83.741127,42.258463],[-83.741129,42.258464],[-83.741132,42.258464],[-83.741134,42.258465],[-83.741137,42.258465],[-83.74114,42.258465],[-83.741143,42.258465],[-83.741146,42.258465],[-83.741149,42.258465],[-83.741151,42.258465],[-83.741154,42.258465],[-83.741157,42.258465],[-83.741161,42.258464],[-83.741165,42.258463],[-83.74117,42.258462],[-83.741174,42.25846],[-83.741178,42.258458],[-83.741181,42.258456],[-83.741184,42.258453],[-83.741187,42.258451],[-83.741188,42.258449],[-83.74119,42.258447],[-83.741192,42.258444],[-83.741194,42.258442],[-83.741198,42.25844],[-83.741201,42.258439],[-83.741205,42.258439],[-83.741208,42.258439],[-83.741211,42.25844],[-83.741214,42.25844],[-83.741217,42.25844],[-83.741219,42.25844],[-83.741223,42.25844],[-83.741227,42.258439],[-83.741231,42.258438],[-83.741233,42.258437],[-83.741236,42.258436],[-83.741238,42.258435],[-83.741241,42.258434],[-83.741243,42.258433],[-83.741245,42.258432],[-83.741248,42.25843],[-83.741251,42.258428],[-83.741253,42.258426],[-83.741255,42.258423],[-83.741257,42.25842],[-83.741259,42.258416],[-83.74126,42.258412],[-83.74126,42.258408],[-83.74126,42.258404],[-83.74126,42.258399],[-83.741259,42.258395],[-83.741258,42.258391],[-83.741256,42.258388],[-83.741253,42.258384],[-83.74125,42.258382],[-83.741246,42.25838],[-83.741241,42.258379],[-83.741235,42.258378],[-83.741231,42.258379],[-83.741228,42.258379],[-83.741226,42.25838],[-83.741223,42.258381],[-83.74122,42.258381],[-83.741216,42.258381],[-83.741212,42.25838],[-83.741208,42.258379],[-83.741205,42.258376],[-83.741203,42.258374],[-83.741202,42.258372],[-83.741199,42.258369],[-83.741197,42.258366],[-83.741194,42.258364],[-83.741192,42.258361],[-83.741188,42.258359],[-83.741185,42.258357],[-83.74118,42.258356],[-83.741177,42.258355],[-83.741174,42.258354],[-83.741171,42.258354],[-83.741168,42.258354],[-83.741166,42.258354],[-83.741163,42.258354],[-83.74116,42.258354],[-83.741157,42.258354],[-83.741154,42.258354],[-83.741151,42.258354],[-83.741148,42.258354],[-83.741145,42.258355],[-83.741142,42.258355],[-83.74114,42.258356],[-83.741137,42.258356],[-83.741135,42.258357],[-83.741131,42.258358],[-83.741127,42.25836],[-83.741123,42.258361],[-83.74112,42.258364],[-83.741117,42.258366],[-83.741114,42.258369],[-83.741112,42.258372],[-83.74111,42.258375],[-83.741109,42.258378],[-83.741108,42.258381],[-83.741108,42.258384],[-83.741108,42.258387],[-83.741109,42.25839],[-83.741111,42.258393],[-83.741113,42.258396],[-83.741116,42.258398],[-83.741119,42.2584],[-83.741123,42.258402],[-83.741127,42.258403],[-83.74113,42.258405],[-83.741134,42.258406],[-83.741137,42.258409],[-83.741138,42.258411],[-83.741139,42.258412],[-83.74114,42.258416],[-83.74114,42.258419],[-83.741138,42.258423],[-83.741136,42.258426],[-83.741133,42.258429],[-83.74113,42.258432],[-83.741127,42.258434],[-83.741124,42.258437]]]},"properties":{"ObjectName":null}},{"type":"Feature","geometry":{"type":"Polygon","coordinates":[[[-83.742758,42.258803],[-83.742754,42.258805],[-83.742749,42.258808],[-83.742745,42.258811],[-83.742742,42.258814],[-83.742739,42.258818],[-83.742736,42.258821],[-83.742733,42.258825],[-83.742732,42.258828],[-83.74273,42.258832],[-83.742729,42.258836],[-83.742729,42.25884],[-83.742729,42.258844],[-83.742729,42.258848],[-83.74273,42.258852],[-83.742732,42.258855],[-83.742734,42.258859],[-83.742737,42.258862],[-83.742741,42.258865],[-83.742745,42.258868],[-83.74275,42.258871],[-83.742755,42.258873],[-83.742761,42.258875],[-83.742765,42.258876],[-83.742768,42.258877],[-83.742772,42.258877],[-83.742776,42.258877],[-83.742779,42.258877],[-83.742783,42.258877],[-83.742787,42.258877],[-83.74279,42.258876],[-83.742794,42.258876],[-83.742797,42.258875],[-83.7428,42.258875],[-83.742804,42.258875],[-83.742807,42.258875],[-83.74281,42.258875],[-83.742813,42.258875],[-83.742816,42.258876],[-83.742819,42.258877],[-83.742823,42.258878],[-83.742826,42.25888],[-83.742829,42.258881],[-83.742832,42.258883],[-83.742836,42.258885],[-83.742839,42.258887],[-83.742842,42.258889],[-83.742845,42.258892],[-83.742848,42.258894],[-83.742852,42.258896],[-83.742855,42.258898],[-83.742858,42.2589],[-83.742861,42.258902],[-83.742865,42.258904],[-83.742868,42.258905],[-83.742871,42.258906],[-83.742875,42.258907],[-83.742878,42.258908],[-83.742882,42.258908],[-83.742885,42.258908],[-83.742889,42.258908],[-83.742893,42.258907],[-83.742896,42.258905],[-83.7429,42.258903],[-83.742904,42.258901],[-83.742908,42.258898],[-83.742911,42.258896],[-83.742913,42.258894],[-83.742914,42.258892],[-83.742916,42.258889],[-83.742917,42.258886],[-83.742917,42.258883],[-83.742916,42.25888],[-83.742915,42.258877],[-83.742913,42.258874],[-83.74291,42.258871],[-83.742908,42.258869],[-83.742905,42.258866],[-83.742903,42.258863],[-83.742901,42.25886],[-83.742899,42.258857],[-83.742899,42.258854],[-83.742902,42.258853],[-83.742905,42.258852],[-83.742909,42.258851],[-83.742913,42.25885],[-83.742917,42.258848],[-83.742921,42.258845],[-83.742924,42.258843],[-83.742926,42.25884],[-83.742928,42.258838],[-83.742929,42.258835],[-83.742929,42.258832],[-83.742928,42.258828],[-83.742927,42.258825],[-83.742925,42.258823],[-83.742923,42.258821],[-83.742921,42.25882],[-83.742919,42.258818],[-83.742916,42.258817],[-83.742913,42.258815],[-83.74291,42.258814],[-83.742908,42.258814],[-83.742905,42.258813],[-83.742903,42.258812],[-83.742899,42.258812],[-83.742894,42.258812],[-83.742889,42.258813],[-83.742884,42.258814],[-83.742879,42.258815],[-83.742876,42.258816],[-83.742872,42.258817],[-83.742867,42.258818],[-83.742863,42.25882],[-83.742858,42.25882],[-83.742853,42.258821],[-83.74285,42.258821],[-83.742846,42.258821],[-83.742841,42.25882],[-83.742838,42.258818],[-83.742834,42.258817],[-83.742831,42.258815],[-83.742828,42.258813],[-83.742825,42.25881],[-83.742822,42.258808],[-83.742818,42.258806],[-83.742815,42.258803],[-83.742811,42.258801],[-83.742807,42.2588],[-83.742803,42.258798],[-83.742799,42.258798],[-83.742796,42.258797],[-83.742792,42.258797],[-83.742786,42.258797],[-83.74278,42.258797],[-83.742774,42.258798],[-83.742769,42.258799],[-83.742763,42.258801],[-83.742758,42.258803]]]},"properties":{"ObjectName":null}},{"type":"Feature","geometry":{"type":"Polygon","coordinates":[[[-83.663394,42.28317],[-83.663362,42.28318],[-83.663336,42.28319],[-83.663319,42.2832],[-83.663303,42.283212],[-83.663291,42.283226],[-83.663281,42.283244],[-83.663275,42.28327],[-83.663274,42.283313],[-83.663274,42.283315],[-83.663266,42.283373],[-83.663265,42.283375],[-83.66325,42.283422],[-83.663247,42.283438],[-83.663245,42.283459],[-83.663246,42.28347],[-83.663252,42.283484],[-83.66326,42.283496],[-83.663269,42.283504],[-83.663279,42.28351],[-83.663291,42.283515],[-83.663308,42.283518],[-83.663321,42.283519],[-83.663338,42.283519],[-83.663358,42.283515],[-83.66338,42.283509],[-83.6634,42.283501],[-83.663415,42.283492],[-83.663439,42.28347],[-83.663464,42.283447],[-83.663481,42.283422],[-83.663505,42.283369],[-83.663529,42.283314],[-83.663537,42.28329],[-83.66354,42.283276],[-83.66354,42.283262],[-83.663537,42.28325],[-83.663531,42.283236],[-83.66352,42.283222],[-83.663509,42.283212],[-83.663489,42.283196],[-83.663466,42.28318],[-83.663454,42.283174],[-83.663434,42.283169],[-83.663413,42.283167],[-83.663394,42.28317]]]},"properties":{"ObjectName":null}},{"type":"Feature","geometry":{"type":"Polygon","coordinates":[[[-83.658208,42.283331],[-83.658168,42.283335],[-83.658157,42.283339],[-83.658149,42.283343],[-83.658137,42.283356],[-83.658132,42.283368],[-83.658135,42.283377],[-83.658145,42.283391],[-83.658159,42.283404],[-83.658163,42.28341],[-83.658159,42.283424],[-83.658152,42.283434],[-83.658131,42.283457],[-83.658126,42.28347],[-83.658128,42.28348],[-83.658132,42.283488],[-83.658141,42.283498],[-83.658151,42.283504],[-83.65816,42.283506],[-83.658176,42.283506],[-83.658195,42.283505],[-83.65821,42.283501],[-83.658221,42.283496],[-83.658236,42.283485],[-83.658247,42.283475],[-83.658257,42.283461],[-83.658281,42.283416],[-83.658292,42.283393],[-83.658289,42.283372],[-83.658285,42.283357],[-83.658278,42.283346],[-83.658268,42.283335],[-83.658258,42.283329],[-83.65825,42.283327],[-83.658241,42.283326],[-83.658208,42.283331]]]},"properties":{"ObjectName":null}},{"type":"Feature","geometry":{"type":"Polygon","coordinates":[[[-83.656465,42.283664],[-83.656443,42.283671],[-83.656426,42.28368],[-83.656414,42.283692],[-83.656405,42.283708],[-83.656402,42.283723],[-83.656404,42.283736],[-83.656414,42.28375],[-83.65643,42.283762],[-83.656448,42.28377],[-83.656466,42.283774],[-83.656478,42.283773],[-83.656492,42.283769],[-83.656506,42.283763],[-83.656522,42.283754],[-83.656539,42.283739],[-83.656549,42.283725],[-83.656551,42.283708],[-83.656546,42.28369],[-83.656539,42.283682],[-83.656529,42.283674],[-83.656516,42.283667],[-83.656504,42.283663],[-83.656486,42.283661],[-83.656465,42.283664]]]},"properties":{"ObjectName":null}},{"type":"Feature","geometry":{"type":"Polygon","coordinates":[[[-83.656276,42.284371],[-83.656254,42.284383],[-83.656241,42.284396],[-83.656232,42.284411],[-83.656229,42.284426],[-83.65623,42.284437],[-83.656238,42.284451],[-83.656252,42.284463],[-83.656269,42.28447],[-83.656285,42.284473],[-83.656296,42.28447],[-83.656313,42.284463],[-83.656334,42.284448],[-83.656348,42.28443],[-83.656354,42.284412],[-83.656353,42.284396],[-83.656347,42.28438],[-83.656337,42.28437],[-83.656321,42.284365],[-83.656299,42.284365],[-83.656276,42.284371]]]},"properties":{"ObjectName":null}},{"type":"Feature","geometry":{"type":"Polygon","coordinates":[[[-83.65901,42.286317],[-83.659029,42.286307],[-83.659041,42.286297],[-83.659064,42.286266],[-83.659072,42.286262],[-83.659079,42.286261],[-83.659094,42.286268],[-83.659103,42.286275],[-83.659102,42.286283],[-83.659084,42.286299],[-83.65908,42.286306],[-83.659079,42.286323],[-83.659086,42.286344],[-83.659095,42.28636],[-83.659105,42.28637],[-83.659118,42.286377],[-83.65913,42.286381],[-83.659139,42.286381],[-83.659149,42.28638],[-83.659182,42.286368],[-83.659209,42.286352],[-83.659215,42.286351],[-83.65922,42.286351],[-83.659229,42.286356],[-83.659228,42.286364],[-83.659224,42.286372],[-83.659207,42.28639],[-83.659204,42.286399],[-83.659205,42.286409],[-83.659208,42.286416],[-83.659215,42.286421],[-83.659226,42.286425],[-83.659239,42.286427],[-83.659258,42.286427],[-83.659283,42.286422],[-83.659298,42.286417],[-83.659313,42.28641],[-83.659349,42.286385],[-83.659363,42.286375],[-83.659368,42.286369],[-83.659371,42.286351],[-83.659369,42.286331],[-83.659363,42.286316],[-83.659347,42.2863],[-83.659326,42.286288],[-83.65931,42.286286],[-83.659271,42.286287],[-83.659259,42.286284],[-83.659255,42.28628],[-83.659254,42.286275],[-83.659258,42.286242],[-83.659255,42.286229],[-83.659247,42.286219],[-83.659236,42.28621],[-83.659225,42.286203],[-83.659214,42.286198],[-83.659186,42.286194],[-83.659157,42.286195],[-83.659119,42.286206],[-83.659105,42.286207],[-83.659081,42.286202],[-83.659062,42.286194],[-83.659053,42.286183],[-83.659047,42.286157],[-83.659041,42.286147],[-83.659024,42.286128],[-83.659017,42.286123],[-83.65901,42.286121],[-83.658988,42.286121],[-83.658975,42.286124],[-83.658962,42.286129],[-83.65895,42.286138],[-83.65894,42.286147],[-83.658933,42.286158],[-83.65893,42.286168],[-83.658931,42.286179],[-83.658936,42.28619],[-83.658952,42.286202],[-83.658955,42.286207],[-83.658955,42.286214],[-83.658953,42.286223],[-83.658949,42.286228],[-83.658935,42.28624],[-83.65893,42.286245],[-83.658927,42.286255],[-83.658925,42.286264],[-83.658928,42.28628],[-83.658934,42.286289],[-83.658942,42.286298],[-83.658953,42.286307],[-83.658965,42.286313],[-83.658978,42.286318],[-83.658989,42.28632],[-83.65901,42.286317]]]},"properties":{"ObjectName":null}},{"type":"Feature","geometry":{"type":"Polygon","coordinates":[[[-83.741755,42.256489],[-83.741751,42.25649],[-83.741747,42.25649],[-83.741744,42.256491],[-83.741741,42.256493],[-83.741738,42.256494],[-83.741735,42.256496],[-83.741733,42.256498],[-83.741731,42.2565],[-83.74173,42.256503],[-83.741728,42.256505],[-83.741727,42.256508],[-83.741726,42.25651],[-83.741725,42.256513],[-83.741724,42.256516],[-83.741723,42.256519],[-83.741722,42.256522],[-83.741722,42.256526],[-83.741722,42.256529],[-83.741721,42.256531],[-83.741722,42.256534],[-83.741722,42.256537],[-83.741722,42.25654],[-83.741723,42.256543],[-83.741724,42.256546],[-83.741725,42.256549],[-83.741727,42.256552],[-83.741729,42.256554],[-83.741732,42.256557],[-83.741734,42.256559],[-83.741737,42.256561],[-83.741741,42.256562],[-83.741745,42.256563],[-83.741748,42.256564],[-83.741751,42.256565],[-83.741754,42.256565],[-83.741757,42.256565],[-83.74176,42.256565],[-83.741763,42.256565],[-83.741766,42.256564],[-83.741769,42.256564],[-83.741772,42.256563],[-83.741774,42.256562],[-83.741778,42.25656],[-83.741782,42.256557],[-83.741785,42.256554],[-83.741788,42.256552],[-83.741789,42.256551],[-83.741791,42.256549],[-83.741792,42.256547],[-83.741794,42.256546],[-83.741795,42.256544],[-83.741796,42.256542],[-83.741797,42.25654],[-83.741798,42.256539],[-83.741799,42.256537],[-83.7418,42.256535],[-83.741801,42.256533],[-83.741801,42.256531],[-83.741802,42.256528],[-83.741802,42.256524],[-83.741803,42.256521],[-83.741802,42.256517],[-83.741801,42.256513],[-83.7418,42.25651],[-83.741798,42.256506],[-83.741796,42.256503],[-83.741792,42.2565],[-83.74179,42.256498],[-83.741788,42.256497],[-83.741784,42.256495],[-83.741781,42.256494],[-83.741777,42.256492],[-83.741773,42.256491],[-83.741769,42.25649],[-83.741766,42.25649],[-83.741763,42.25649],[-83.741759,42.256489],[-83.741755,42.256489]]]},"properties":{"ObjectName":null}},{"type":"Feature","geometry":{"type":"Polygon","coordinates":[[[-83.743761,42.257546],[-83.743756,42.257546],[-83.743751,42.257546],[-83.743746,42.257547],[-83.743741,42.257548],[-83.743736,42.257549],[-83.743731,42.257551],[-83.743726,42.257552],[-83.743722,42.257554],[-83.743717,42.257556],[-83.743713,42.257559],[-83.74371,42.25756],[-83.743708,42.257562],[-83.743705,42.257565],[-83.743702,42.257567],[-83.743701,42.25757],[-83.743699,42.257573],[-83.743698,42.257576],[-83.743697,42.257578],[-83.743697,42.257581],[-83.743697,42.257584],[-83.743696,42.257587],[-83.743697,42.257591],[-83.743697,42.257594],[-83.743697,42.257597],[-83.743697,42.2576],[-83.743697,42.257604],[-83.743697,42.257607],[-83.743697,42.257611],[-83.743696,42.257614],[-83.743696,42.257617],[-83.743696,42.25762],[-83.743696,42.257623],[-83.743696,42.257627],[-83.743696,42.25763],[-83.743696,42.257633],[-83.743696,42.257636],[-83.743697,42.257639],[-83.743697,42.257642],[-83.743697,42.257645],[-83.743697,42.257648],[-83.743697,42.257651],[-83.743698,42.257654],[-83.743698,42.257657],[-83.743698,42.25766],[-83.743699,42.257663],[-83.743699,42.257666],[-83.743699,42.257669],[-83.7437,42.257672],[-83.7437,42.257675],[-83.7437,42.257678],[-83.743701,42.257681],[-83.743701,42.257685],[-83.743701,42.257688],[-83.743702,42.257691],[-83.743702,42.257694],[-83.743702,42.257697],[-83.743702,42.2577],[-83.743703,42.257703],[-83.743703,42.257707],[-83.743703,42.25771],[-83.743703,42.257714],[-83.743704,42.257719],[-83.743704,42.257724],[-83.743704,42.25773],[-83.743704,42.257737],[-83.743704,42.257743],[-83.743704,42.25775],[-83.743704,42.257757],[-83.743704,42.257765],[-83.743704,42.257772],[-83.743705,42.257779],[-83.743705,42.257787],[-83.743706,42.257794],[-83.743707,42.257801],[-83.743708,42.257809],[-83.74371,42.257816],[-83.743712,42.257822],[-83.743715,42.257829],[-83.743717,42.257835],[-83.743721,42.257841],[-83.743724,42.257847],[-83.743729,42.257852],[-83.743733,42.257856],[-83.743739,42.257861],[-83.743745,42.257864],[-83.743751,42.257867],[-83.743758,42.257869],[-83.743766,42.257871],[-83.743775,42.257872],[-83.743784,42.257872],[-83.743795,42.257871],[-83.743806,42.257869],[-83.743817,42.257867],[-83.743829,42.257863],[-83.743835,42.257861],[-83.743841,42.257858],[-83.743846,42.257856],[-83.743851,42.257852],[-83.743855,42.257849],[-83.743859,42.257845],[-83.743862,42.257841],[-83.743864,42.257836],[-83.743867,42.257832],[-83.743869,42.257827],[-83.74387,42.257822],[-83.743871,42.257817],[-83.743872,42.257811],[-83.743872,42.257806],[-83.743873,42.2578],[-83.743873,42.257795],[-83.743873,42.257789],[-83.743872,42.257783],[-83.743872,42.257777],[-83.743871,42.257771],[-83.74387,42.257766],[-83.743869,42.25776],[-83.743868,42.257754],[-83.743867,42.257749],[-83.743866,42.257743],[-83.743865,42.257738],[-83.743864,42.257732],[-83.743864,42.257727],[-83.743863,42.257722],[-83.743862,42.257717],[-83.743862,42.257713],[-83.743861,42.257708],[-83.743861,42.257704],[-83.743861,42.257701],[-83.743861,42.257697],[-83.743862,42.257694],[-83.743862,42.257691],[-83.743862,42.257687],[-83.743862,42.257684],[-83.743863,42.25768],[-83.743863,42.257677],[-83.743863,42.257673],[-83.743863,42.25767],[-83.743864,42.257666],[-83.743864,42.257663],[-83.743864,42.257659],[-83.743865,42.257656],[-83.743865,42.257652],[-83.743865,42.257648],[-83.743865,42.257645],[-83.743865,42.257641],[-83.743865,42.257638],[-83.743865,42.257634],[-83.743865,42.257631],[-83.743865,42.257627],[-83.743864,42.257624],[-83.743864,42.25762],[-83.743864,42.257617],[-83.743863,42.257613],[-83.743862,42.25761],[-83.743861,42.257607],[-83.74386,42.257603],[-83.743859,42.2576],[-83.743858,42.257597],[-83.743857,42.257593],[-83.743855,42.25759],[-83.743854,42.257587],[-83.743852,42.257583],[-83.743849,42.25758],[-83.743846,42.257577],[-83.743843,42.257574],[-83.74384,42.257571],[-83.743837,42.257569],[-83.743833,42.257566],[-83.743829,42.257563],[-83.743825,42.257561],[-83.743821,42.257559],[-83.743816,42.257557],[-83.743812,42.257555],[-83.743807,42.257553],[-83.743802,42.257552],[-83.743797,42.25755],[-83.743792,42.257549],[-83.743787,42.257548],[-83.743782,42.257547],[-83.743777,42.257547],[-83.743772,42.257546],[-83.743766,42.257546],[-83.743761,42.257546]]]},"properties":{"ObjectName":null}},{"type":"Feature","geometry":{"type":"Polygon","coordinates":[[[-83.745019,42.259423],[-83.745015,42.259424],[-83.745011,42.259424],[-83.745007,42.259425],[-83.745003,42.259426],[-83.744998,42.259427],[-83.744994,42.259429],[-83.744991,42.25943],[-83.744988,42.259432],[-83.744985,42.259434],[-83.744981,42.259436],[-83.744978,42.259439],[-83.744976,42.259441],[-83.744973,42.259443],[-83.744972,42.259446],[-83.74497,42.259448],[-83.744969,42.259451],[-83.744968,42.259453],[-83.744967,42.259455],[-83.744967,42.259458],[-83.744967,42.25946],[-83.744967,42.259463],[-83.744968,42.259465],[-83.744969,42.259468],[-83.74497,42.25947],[-83.744971,42.259473],[-83.744972,42.259475],[-83.744974,42.259477],[-83.744976,42.25948],[-83.744978,42.259482],[-83.744981,42.259484],[-83.744983,42.259486],[-83.744986,42.259488],[-83.744989,42.25949],[-83.744992,42.259492],[-83.744995,42.259494],[-83.744998,42.259496],[-83.745001,42.259498],[-83.745005,42.2595],[-83.745008,42.259501],[-83.745012,42.259503],[-83.745016,42.259504],[-83.745019,42.259505],[-83.745021,42.259506],[-83.745025,42.259507],[-83.745029,42.259508],[-83.745033,42.259509],[-83.745037,42.25951],[-83.745041,42.25951],[-83.745045,42.259511],[-83.745049,42.259511],[-83.745053,42.259511],[-83.745057,42.259511],[-83.745061,42.259511],[-83.745064,42.259511],[-83.745068,42.25951],[-83.745072,42.25951],[-83.745076,42.259509],[-83.745079,42.259508],[-83.745083,42.259506],[-83.745087,42.259505],[-83.74509,42.259503],[-83.745092,42.259501],[-83.745095,42.259499],[-83.745097,42.259497],[-83.745099,42.259495],[-83.7451,42.259493],[-83.745101,42.25949],[-83.745102,42.259488],[-83.745102,42.259485],[-83.745103,42.259483],[-83.745103,42.25948],[-83.745102,42.259478],[-83.745102,42.259475],[-83.745101,42.259472],[-83.7451,42.259469],[-83.745099,42.259467],[-83.745097,42.259464],[-83.745095,42.259461],[-83.745093,42.259458],[-83.745091,42.259456],[-83.745089,42.259453],[-83.745086,42.25945],[-83.745084,42.259448],[-83.745081,42.259445],[-83.745078,42.259443],[-83.745075,42.259441],[-83.745072,42.259439],[-83.74507,42.259437],[-83.745067,42.259435],[-83.745063,42.259433],[-83.745059,42.259432],[-83.745056,42.25943],[-83.745052,42.259429],[-83.745048,42.259427],[-83.745044,42.259426],[-83.74504,42.259425],[-83.745036,42.259424],[-83.745032,42.259424],[-83.745028,42.259423],[-83.745023,42.259423],[-83.745019,42.259423]]]},"properties":{"ObjectName":null}},{"type":"Feature","geometry":{"type":"Polygon","coordinates":[[[-83.663925,42.286971],[-83.663917,42.286972],[-83.66391,42.286974],[-83.663903,42.286977],[-83.663897,42.286981],[-83.663892,42.286986],[-83.663888,42.286991],[-83.663887,42.286996],[-83.663888,42.287001],[-83.66389,42.287007],[-83.663893,42.287011],[-83.663897,42.287016],[-83.663901,42.28702],[-83.663903,42.287025],[-83.663904,42.287031],[-83.663904,42.287036],[-83.663904,42.287041],[-83.663902,42.287046],[-83.663902,42.287053],[-83.663903,42.28706],[-83.663906,42.287067],[-83.663911,42.287073],[-83.663916,42.287078],[-83.663924,42.287083],[-83.663932,42.287087],[-83.663937,42.287088],[-83.663942,42.287089],[-83.663947,42.287089],[-83.663953,42.287089],[-83.663958,42.287087],[-83.663963,42.287086],[-83.663967,42.287083],[-83.663971,42.28708],[-83.663974,42.287077],[-83.663976,42.287073],[-83.663977,42.287065],[-83.663973,42.287054],[-83.663967,42.287044],[-83.663959,42.287034],[-83.663957,42.287024],[-83.663956,42.287014],[-83.663958,42.287004],[-83.663961,42.286994],[-83.663963,42.286992],[-83.663963,42.28699],[-83.663964,42.286988],[-83.663964,42.286986],[-83.663963,42.286984],[-83.663962,42.286982],[-83.663961,42.28698],[-83.663959,42.286978],[-83.663957,42.286977],[-83.663954,42.286975],[-83.663951,42.286975],[-83.663948,42.286974],[-83.663941,42.286972],[-83.663933,42.286971],[-83.663925,42.286971]]]},"properties":{"ObjectName":null}},{"type":"Feature","geometry":{"type":"Polygon","coordinates":[[[-83.749322,42.257272],[-83.749321,42.257277],[-83.749321,42.257282],[-83.749322,42.257286],[-83.749323,42.257288],[-83.749324,42.257291],[-83.749325,42.257293],[-83.749327,42.257295],[-83.749328,42.257296],[-83.74933,42.257298],[-83.749332,42.257299],[-83.749334,42.257301],[-83.749335,42.257302],[-83.749337,42.257304],[-83.749339,42.257305],[-83.749341,42.257306],[-83.749343,42.257308],[-83.749345,42.257309],[-83.749347,42.257311],[-83.749349,42.257313],[-83.749351,42.257314],[-83.749353,42.257316],[-83.749354,42.257319],[-83.749355,42.257321],[-83.749356,42.257323],[-83.749357,42.257325],[-83.749358,42.257328],[-83.749358,42.25733],[-83.749359,42.257333],[-83.74936,42.257335],[-83.749361,42.257337],[-83.749362,42.257339],[-83.749364,42.257341],[-83.749365,42.257343],[-83.749367,42.257345],[-83.74937,42.257347],[-83.749372,42.257348],[-83.749376,42.25735],[-83.749379,42.257351],[-83.749383,42.257352],[-83.749388,42.257352],[-83.749392,42.257353],[-83.749397,42.257353],[-83.749401,42.257353],[-83.749406,42.257352],[-83.749411,42.257352],[-83.749415,42.257351],[-83.74942,42.25735],[-83.749424,42.257349],[-83.749428,42.257348],[-83.749432,42.257347],[-83.749435,42.257345],[-83.749439,42.257343],[-83.749441,42.257342],[-83.749444,42.25734],[-83.749446,42.257337],[-83.749447,42.257334],[-83.749449,42.257331],[-83.74945,42.257328],[-83.749451,42.257325],[-83.749452,42.257322],[-83.749453,42.257319],[-83.749454,42.257315],[-83.749455,42.257312],[-83.749457,42.257309],[-83.749459,42.257307],[-83.749461,42.257305],[-83.749464,42.257303],[-83.749467,42.257301],[-83.749471,42.2573],[-83.749474,42.2573],[-83.749478,42.2573],[-83.749482,42.257301],[-83.749487,42.257302],[-83.749491,42.257303],[-83.749496,42.257304],[-83.7495,42.257305],[-83.749505,42.257306],[-83.749509,42.257306],[-83.749513,42.257305],[-83.749517,42.257305],[-83.749522,42.257304],[-83.749526,42.257302],[-83.74953,42.257301],[-83.749535,42.257299],[-83.749539,42.257297],[-83.749542,42.257295],[-83.749546,42.257293],[-83.749548,42.25729],[-83.74955,42.257287],[-83.749552,42.257285],[-83.749552,42.257281],[-83.749552,42.257278],[-83.74955,42.257275],[-83.749548,42.257272],[-83.749545,42.257269],[-83.749542,42.257268],[-83.74954,42.257267],[-83.749535,42.257266],[-83.749531,42.257265],[-83.749527,42.257263],[-83.749523,42.257262],[-83.74952,42.25726],[-83.749519,42.257257],[-83.749518,42.257255],[-83.749518,42.257251],[-83.74952,42.257248],[-83.749522,42.257245],[-83.749525,42.257241],[-83.749528,42.257238],[-83.74953,42.257235],[-83.749532,42.257232],[-83.749532,42.257229],[-83.749532,42.257227],[-83.74953,42.257224],[-83.749527,42.257222],[-83.749524,42.257219],[-83.749521,42.257218],[-83.749518,42.257216],[-83.749514,42.257215],[-83.74951,42.257213],[-83.749507,42.257213],[-83.749501,42.257212],[-83.749496,42.257212],[-83.749492,42.257212],[-83.749488,42.257213],[-83.749485,42.257215],[-83.749482,42.257217],[-83.749479,42.257219],[-83.749476,42.257221],[-83.749474,42.257224],[-83.749471,42.257227],[-83.749469,42.257229],[-83.749466,42.257232],[-83.749463,42.257235],[-83.749461,42.257237],[-83.749457,42.257239],[-83.749454,42.257241],[-83.749449,42.257243],[-83.749444,42.257244],[-83.749439,42.257245],[-83.749434,42.257245],[-83.749429,42.257245],[-83.749425,42.257244],[-83.74942,42.257243],[-83.749416,42.257242],[-83.749412,42.25724],[-83.749408,42.257239],[-83.749404,42.257237],[-83.7494,42.257236],[-83.749396,42.257234],[-83.749391,42.257233],[-83.749387,42.257232],[-83.749382,42.257231],[-83.749377,42.257231],[-83.749371,42.257231],[-83.749365,42.257232],[-83.749359,42.257234],[-83.749353,42.257235],[-83.749348,42.257238],[-83.749344,42.257241],[-83.749339,42.257244],[-83.749335,42.257247],[-83.749332,42.257251],[-83.749329,42.257255],[-83.749326,42.257259],[-83.749324,42.257264],[-83.749322,42.257268],[-83.749322,42.257272]]]},"properties":{"ObjectName":null}},{"type":"Feature","geometry":{"type":"Polygon","coordinates":[[[-83.743626,42.254913],[-83.743622,42.254911],[-83.743618,42.25491],[-83.743613,42.25491],[-83.743608,42.25491],[-83.743604,42.25491],[-83.743601,42.254911],[-83.743597,42.254912],[-83.743595,42.254913],[-83.743592,42.254915],[-83.74359,42.254917],[-83.743588,42.254919],[-83.743586,42.254921],[-83.743585,42.254924],[-83.743584,42.254927],[-83.743584,42.254929],[-83.743583,42.254932],[-83.743583,42.254935],[-83.743583,42.254938],[-83.743583,42.254941],[-83.743583,42.254945],[-83.743583,42.254948],[-83.743583,42.254951],[-83.743582,42.254953],[-83.743581,42.254956],[-83.743578,42.254959],[-83.743575,42.254962],[-83.743572,42.254964],[-83.743569,42.254965],[-83.743567,42.254967],[-83.743564,42.254968],[-83.743561,42.25497],[-83.743558,42.254973],[-83.743556,42.254975],[-83.743553,42.254977],[-83.743552,42.25498],[-83.74355,42.254982],[-83.743549,42.254984],[-83.743548,42.254986],[-83.743548,42.254989],[-83.743548,42.254991],[-83.743548,42.254994],[-83.743548,42.254996],[-83.743549,42.254998],[-83.743549,42.255001],[-83.74355,42.255003],[-83.743552,42.255005],[-83.743553,42.255008],[-83.743555,42.25501],[-83.743556,42.255013],[-83.743558,42.255015],[-83.74356,42.255017],[-83.743563,42.255019],[-83.743567,42.255021],[-83.743571,42.255022],[-83.743575,42.255022],[-83.743579,42.255023],[-83.743583,42.255023],[-83.743585,42.255024],[-83.743588,42.255025],[-83.743591,42.255026],[-83.743594,42.255027],[-83.743597,42.255029],[-83.743599,42.25503],[-83.7436,42.255033],[-83.7436,42.255035],[-83.743597,42.255037],[-83.743595,42.255039],[-83.743591,42.255041],[-83.743588,42.255044],[-83.743585,42.255047],[-83.743582,42.255052],[-83.743579,42.255057],[-83.743579,42.255062],[-83.743579,42.255068],[-83.743581,42.255073],[-83.743583,42.255079],[-83.743587,42.255084],[-83.743591,42.255089],[-83.743596,42.255093],[-83.743601,42.255098],[-83.743607,42.255101],[-83.743614,42.255105],[-83.74362,42.255107],[-83.743627,42.255109],[-83.743634,42.25511],[-83.743641,42.255111],[-83.743648,42.25511],[-83.743654,42.255109],[-83.743661,42.255108],[-83.743666,42.255107],[-83.743673,42.255104],[-83.74368,42.255102],[-83.743686,42.255099],[-83.743691,42.255096],[-83.743696,42.255093],[-83.743701,42.255089],[-83.743705,42.255085],[-83.743708,42.255081],[-83.74371,42.255077],[-83.743712,42.255072],[-83.743712,42.255067],[-83.743711,42.255062],[-83.743709,42.255057],[-83.743707,42.255054],[-83.743705,42.255051],[-83.743702,42.255049],[-83.743699,42.255047],[-83.743696,42.255045],[-83.743692,42.255043],[-83.743689,42.255042],[-83.743685,42.25504],[-83.743682,42.255039],[-83.743678,42.255037],[-83.743675,42.255035],[-83.743672,42.255033],[-83.743669,42.255031],[-83.743666,42.255029],[-83.743664,42.255026],[-83.743663,42.255023],[-83.743662,42.255019],[-83.743661,42.255015],[-83.74366,42.255012],[-83.74366,42.255008],[-83.743661,42.255005],[-83.743661,42.255001],[-83.743662,42.254998],[-83.743663,42.254994],[-83.743665,42.254991],[-83.743667,42.254987],[-83.743669,42.254984],[-83.743671,42.254981],[-83.743674,42.254978],[-83.743676,42.254975],[-83.743679,42.254972],[-83.743683,42.254969],[-83.743686,42.254967],[-83.743689,42.254965],[-83.743692,42.254963],[-83.743694,42.254961],[-83.743698,42.254959],[-83.743701,42.254957],[-83.743703,42.254955],[-83.743706,42.254953],[-83.743709,42.254951],[-83.743711,42.254949],[-83.743713,42.254947],[-83.743714,42.254945],[-83.743715,42.254942],[-83.743715,42.25494],[-83.743715,42.254937],[-83.743713,42.254934],[-83.743711,42.254932],[-83.743708,42.254929],[-83.743706,42.254927],[-83.743703,42.254925],[-83.7437,42.254924],[-83.743696,42.254923],[-83.743692,42.254922],[-83.743689,42.254921],[-83.743685,42.254921],[-83.743681,42.254921],[-83.743677,42.254922],[-83.743674,42.254923],[-83.743671,42.254924],[-83.743667,42.254925],[-83.743665,42.254927],[-83.743662,42.254929],[-83.74366,42.254931],[-83.743659,42.254934],[-83.743655,42.254935],[-83.743652,42.254935],[-83.743648,42.254935],[-83.743646,42.254934],[-83.743644,42.254933],[-83.743642,42.254931],[-83.74364,42.254929],[-83.743638,42.254927],[-83.743637,42.254925],[-83.743635,42.254923],[-83.743634,42.25492],[-83.743632,42.254918],[-83.74363,42.254916],[-83.743626,42.254913]]]},"properties":{"ObjectName":null}},{"type":"Feature","geometry":{"type":"Polygon","coordinates":[[[-83.656074,42.282135],[-83.656064,42.282141],[-83.656057,42.28215],[-83.656056,42.282156],[-83.656057,42.282163],[-83.656072,42.282188],[-83.656085,42.282212],[-83.656096,42.282227],[-83.656109,42.282238],[-83.656122,42.282245],[-83.656135,42.282249],[-83.656143,42.28225],[-83.656152,42.282249],[-83.65616,42.282245],[-83.656167,42.282236],[-83.656169,42.282218],[-83.656168,42.282204],[-83.656164,42.282189],[-83.656156,42.282174],[-83.656145,42.28216],[-83.656126,42.282141],[-83.656118,42.282136],[-83.65611,42.282133],[-83.65609,42.282131],[-83.656074,42.282135]]]},"properties":{"ObjectName":null}},{"type":"Feature","geometry":{"type":"Polygon","coordinates":[[[-83.666755,42.283753],[-83.666751,42.283764],[-83.666752,42.28377],[-83.666758,42.283777],[-83.666774,42.283788],[-83.666783,42.283791],[-83.666795,42.283793],[-83.666815,42.283792],[-83.666848,42.283789],[-83.666879,42.283782],[-83.666909,42.283771],[-83.666926,42.283763],[-83.666935,42.283757],[-83.666943,42.283749],[-83.666948,42.283741],[-83.666949,42.283734],[-83.666947,42.283727],[-83.666943,42.28372],[-83.666935,42.283715],[-83.666926,42.283712],[-83.666916,42.283711],[-83.666902,42.283714],[-83.666885,42.28372],[-83.66685,42.283741],[-83.666831,42.283746],[-83.66682,42.283747],[-83.666786,42.283743],[-83.666775,42.283744],[-83.666766,42.283745],[-83.666755,42.283753]]]},"properties":{"ObjectName":null}},{"type":"Feature","geometry":{"type":"Polygon","coordinates":[[[-83.745796,42.256855],[-83.745792,42.256855],[-83.745789,42.256856],[-83.745786,42.256856],[-83.745783,42.256857],[-83.74578,42.256858],[-83.745777,42.256859],[-83.745775,42.25686],[-83.745772,42.256862],[-83.74577,42.256863],[-83.745768,42.256865],[-83.745766,42.256867],[-83.745764,42.256869],[-83.745762,42.256871],[-83.74576,42.256873],[-83.745759,42.256875],[-83.745757,42.256877],[-83.745756,42.256879],[-83.745755,42.256882],[-83.745754,42.256884],[-83.745753,42.256886],[-83.745753,42.256889],[-83.745752,42.256891],[-83.745752,42.256894],[-83.745751,42.256897],[-83.745751,42.256899],[-83.745751,42.256902],[-83.745751,42.256904],[-83.745751,42.256907],[-83.745751,42.25691],[-83.745751,42.256912],[-83.745752,42.256915],[-83.745752,42.256917],[-83.745753,42.25692],[-83.745754,42.256922],[-83.745755,42.256924],[-83.745756,42.256927],[-83.745757,42.256929],[-83.745758,42.256931],[-83.745759,42.256933],[-83.745761,42.256935],[-83.745762,42.256937],[-83.745764,42.256939],[-83.745766,42.25694],[-83.745767,42.256942],[-83.745769,42.256943],[-83.745771,42.256944],[-83.745774,42.256946],[-83.745779,42.256948],[-83.745784,42.256949],[-83.745787,42.256949],[-83.74579,42.256949],[-83.745793,42.256949],[-83.745796,42.256948],[-83.745799,42.256948],[-83.745802,42.256947],[-83.745805,42.256946],[-83.745808,42.256944],[-83.745811,42.256943],[-83.745813,42.256941],[-83.745816,42.256939],[-83.745818,42.256937],[-83.745819,42.256934],[-83.745821,42.256932],[-83.745822,42.256929],[-83.745823,42.256926],[-83.745824,42.256923],[-83.745825,42.25692],[-83.745825,42.256917],[-83.745826,42.256914],[-83.745827,42.256911],[-83.745827,42.256909],[-83.745828,42.256906],[-83.745829,42.256904],[-83.745831,42.256901],[-83.745832,42.256898],[-83.745834,42.256896],[-83.745835,42.256893],[-83.745837,42.25689],[-83.745839,42.256887],[-83.74584,42.256884],[-83.745841,42.256881],[-83.745842,42.256878],[-83.745843,42.256875],[-83.745843,42.256872],[-83.745842,42.256869],[-83.74584,42.256867],[-83.745838,42.256865],[-83.745835,42.256862],[-83.745831,42.25686],[-83.745827,42.256859],[-83.745823,42.256858],[-83.74582,42.256857],[-83.745815,42.256856],[-83.745811,42.256855],[-83.745807,42.256855],[-83.745803,42.256855],[-83.745799,42.256855],[-83.745796,42.256855]]]},"properties":{"ObjectName":null}},{"type":"Feature","geometry":{"type":"Polygon","coordinates":[[[-83.743714,42.26194],[-83.743708,42.26194],[-83.743702,42.261941],[-83.743696,42.261942],[-83.743691,42.261943],[-83.743686,42.261945],[-83.743682,42.261947],[-83.743677,42.26195],[-83.743673,42.261953],[-83.74367,42.261956],[-83.743666,42.26196],[-83.743663,42.261964],[-83.74366,42.261968],[-83.743658,42.261971],[-83.743657,42.261973],[-83.743656,42.261975],[-83.743655,42.261977],[-83.743654,42.261979],[-83.743653,42.261981],[-83.743651,42.261983],[-83.74365,42.261985],[-83.74365,42.261987],[-83.743649,42.261989],[-83.743648,42.261991],[-83.743647,42.261993],[-83.743647,42.261996],[-83.743646,42.261998],[-83.743646,42.262001],[-83.743646,42.262003],[-83.743646,42.262006],[-83.743646,42.262008],[-83.743646,42.262011],[-83.743646,42.262014],[-83.743647,42.262016],[-83.743647,42.262019],[-83.743647,42.262021],[-83.743647,42.262024],[-83.743648,42.262026],[-83.743648,42.262029],[-83.743648,42.262032],[-83.743649,42.262042],[-83.74365,42.262053],[-83.743651,42.262063],[-83.743651,42.262072],[-83.743651,42.262082],[-83.74365,42.262092],[-83.743649,42.262102],[-83.743647,42.262111],[-83.743645,42.262121],[-83.743643,42.262131],[-83.74364,42.262141],[-83.743636,42.26215],[-83.743632,42.26216],[-83.743631,42.262163],[-83.74363,42.262165],[-83.743629,42.262167],[-83.743628,42.262169],[-83.743627,42.262172],[-83.743626,42.262174],[-83.743625,42.262176],[-83.743625,42.262178],[-83.743624,42.26218],[-83.743623,42.262182],[-83.743621,42.262184],[-83.74362,42.262186],[-83.743619,42.262188],[-83.743618,42.26219],[-83.743617,42.262192],[-83.743616,42.262194],[-83.743614,42.262196],[-83.743613,42.262198],[-83.743612,42.2622],[-83.743611,42.262202],[-83.74361,42.262205],[-83.743609,42.262207],[-83.743608,42.262209],[-83.743608,42.262211],[-83.743607,42.262214],[-83.743607,42.262216],[-83.743606,42.262219],[-83.743606,42.262224],[-83.743606,42.262229],[-83.743606,42.262234],[-83.743608,42.262239],[-83.743609,42.262243],[-83.743612,42.262247],[-83.743615,42.262251],[-83.743618,42.262254],[-83.743623,42.262257],[-83.743628,42.262259],[-83.743634,42.26226],[-83.74364,42.26226],[-83.743648,42.26226],[-83.743653,42.262259],[-83.743658,42.262258],[-83.743663,42.262256],[-83.743668,42.262255],[-83.743672,42.262253],[-83.743677,42.262251],[-83.743681,42.262249],[-83.743686,42.262246],[-83.74369,42.262244],[-83.743694,42.262241],[-83.743697,42.262238],[-83.743701,42.262235],[-83.743704,42.262231],[-83.74371,42.262225],[-83.743716,42.262218],[-83.743722,42.26221],[-83.743728,42.262203],[-83.743734,42.262195],[-83.743739,42.262188],[-83.743745,42.26218],[-83.74375,42.262172],[-83.743756,42.262164],[-83.743761,42.262157],[-83.743766,42.262149],[-83.743771,42.262141],[-83.743775,42.262133],[-83.743778,42.262128],[-83.74378,42.262125],[-83.743781,42.262122],[-83.743783,42.262119],[-83.743784,42.262116],[-83.743786,42.262113],[-83.743787,42.262111],[-83.743788,42.262109],[-83.743789,42.262105],[-83.743791,42.262101],[-83.743793,42.262098],[-83.743794,42.262094],[-83.743795,42.26209],[-83.743797,42.262086],[-83.743798,42.262082],[-83.743799,42.262078],[-83.7438,42.262074],[-83.743801,42.26207],[-83.743801,42.262066],[-83.743802,42.262062],[-83.743802,42.262058],[-83.743803,42.262055],[-83.743803,42.262053],[-83.743803,42.26205],[-83.743803,42.262047],[-83.743803,42.262045],[-83.743804,42.262042],[-83.743804,42.262039],[-83.743804,42.262037],[-83.743804,42.262034],[-83.743804,42.262032],[-83.743804,42.262029],[-83.743805,42.262026],[-83.743805,42.262024],[-83.743805,42.262021],[-83.743804,42.262019],[-83.743804,42.262016],[-83.743804,42.262014],[-83.743804,42.262012],[-83.743803,42.26201],[-83.743803,42.262007],[-83.743802,42.262005],[-83.743801,42.262003],[-83.743801,42.262001],[-83.7438,42.261999],[-83.743799,42.261996],[-83.743799,42.261994],[-83.743798,42.261992],[-83.743797,42.26199],[-83.743796,42.261987],[-83.743796,42.261985],[-83.743795,42.261983],[-83.743794,42.26198],[-83.743793,42.261978],[-83.743792,42.261975],[-83.743791,42.261973],[-83.74379,42.261971],[-83.743789,42.261969],[-83.743788,42.261967],[-83.743787,42.261964],[-83.743785,42.261962],[-83.743782,42.261959],[-83.743778,42.261955],[-83.743774,42.261952],[-83.743769,42.26195],[-83.743765,42.261948],[-83.74376,42.261946],[-83.743755,42.261944],[-83.743749,42.261943],[-83.743744,42.261942],[-83.743738,42.261941],[-83.743732,42.26194],[-83.743727,42.26194],[-83.743721,42.26194],[-83.743714,42.26194]]]},"properties":{"ObjectName":null}},{"type":"Feature","geometry":{"type":"Polygon","coordinates":[[[-83.653428,42.281658],[-83.65341,42.281662],[-83.653397,42.281667],[-83.65339,42.281673],[-83.653387,42.28168],[-83.653386,42.281688],[-83.653391,42.28171],[-83.653402,42.28173],[-83.653423,42.28175],[-83.653444,42.281765],[-83.653467,42.281776],[-83.653502,42.281785],[-83.653516,42.281787],[-83.653527,42.281785],[-83.653549,42.281778],[-83.653565,42.281766],[-83.653571,42.281757],[-83.653575,42.281745],[-83.653575,42.281733],[-83.653573,42.281722],[-83.653567,42.281714],[-83.653557,42.281706],[-83.653514,42.281685],[-83.653472,42.281662],[-83.653458,42.281658],[-83.653445,42.281657],[-83.653428,42.281658]]]},"properties":{"ObjectName":null}},{"type":"Feature","geometry":{"type":"Polygon","coordinates":[[[-83.749592,42.257808],[-83.749587,42.257808],[-83.749583,42.257809],[-83.749578,42.257811],[-83.749574,42.257812],[-83.749569,42.257814],[-83.749564,42.257816],[-83.74956,42.257819],[-83.749556,42.257822],[-83.749554,42.257824],[-83.749551,42.257826],[-83.749549,42.257828],[-83.749548,42.25783],[-83.749546,42.257833],[-83.749544,42.257835],[-83.749543,42.257838],[-83.749542,42.25784],[-83.749541,42.257843],[-83.74954,42.257845],[-83.74954,42.257848],[-83.749539,42.25785],[-83.749539,42.257853],[-83.749539,42.257856],[-83.749538,42.257859],[-83.749538,42.257861],[-83.749538,42.257864],[-83.749538,42.257867],[-83.749539,42.25787],[-83.749539,42.257873],[-83.749539,42.257875],[-83.749539,42.257878],[-83.74954,42.257881],[-83.74954,42.257884],[-83.749541,42.257887],[-83.749541,42.257889],[-83.749541,42.257892],[-83.749542,42.257895],[-83.749542,42.257897],[-83.749542,42.2579],[-83.749543,42.257903],[-83.749543,42.257905],[-83.749543,42.257908],[-83.749543,42.25791],[-83.749543,42.257912],[-83.749543,42.257915],[-83.749543,42.257917],[-83.749543,42.25792],[-83.749542,42.257922],[-83.749542,42.257925],[-83.749542,42.257927],[-83.749542,42.25793],[-83.749542,42.257932],[-83.749542,42.257934],[-83.749541,42.257937],[-83.749541,42.257939],[-83.749541,42.257942],[-83.749541,42.257944],[-83.749542,42.257946],[-83.749542,42.257949],[-83.749542,42.257951],[-83.749543,42.257953],[-83.749543,42.257955],[-83.749544,42.257958],[-83.749545,42.25796],[-83.749546,42.257962],[-83.749547,42.257964],[-83.749548,42.257966],[-83.74955,42.257968],[-83.749551,42.25797],[-83.749553,42.257972],[-83.749556,42.257974],[-83.749558,42.257976],[-83.749561,42.257977],[-83.749563,42.257979],[-83.749567,42.257981],[-83.749569,42.257982],[-83.749571,42.257983],[-83.749574,42.257984],[-83.749577,42.257985],[-83.74958,42.257986],[-83.749582,42.257986],[-83.749585,42.257987],[-83.749588,42.257988],[-83.749591,42.257988],[-83.749594,42.257989],[-83.749597,42.257989],[-83.7496,42.257989],[-83.749603,42.257989],[-83.749606,42.257989],[-83.74961,42.25799],[-83.749613,42.257989],[-83.749616,42.257989],[-83.749619,42.257989],[-83.749622,42.257989],[-83.749625,42.257989],[-83.749628,42.257988],[-83.749631,42.257988],[-83.749634,42.257987],[-83.749637,42.257986],[-83.74964,42.257986],[-83.749643,42.257985],[-83.749645,42.257984],[-83.749648,42.257983],[-83.749651,42.257982],[-83.749653,42.257981],[-83.749656,42.25798],[-83.749658,42.257978],[-83.74966,42.257977],[-83.749663,42.257975],[-83.749665,42.257973],[-83.749667,42.257972],[-83.749669,42.25797],[-83.749671,42.257968],[-83.749673,42.257966],[-83.749674,42.257964],[-83.749676,42.257962],[-83.749677,42.25796],[-83.749677,42.257958],[-83.749678,42.257956],[-83.749679,42.257954],[-83.749679,42.257952],[-83.74968,42.25795],[-83.74968,42.257948],[-83.74968,42.257946],[-83.74968,42.257943],[-83.74968,42.257941],[-83.749679,42.257939],[-83.749679,42.257937],[-83.749679,42.257935],[-83.749678,42.257933],[-83.749678,42.257931],[-83.749677,42.257928],[-83.749677,42.257926],[-83.749676,42.257924],[-83.749676,42.257922],[-83.749675,42.25792],[-83.749674,42.257917],[-83.749674,42.257915],[-83.749673,42.257913],[-83.749673,42.257911],[-83.749672,42.257908],[-83.749672,42.257906],[-83.749671,42.257904],[-83.749671,42.257901],[-83.749671,42.257899],[-83.74967,42.257896],[-83.74967,42.257893],[-83.74967,42.257891],[-83.74967,42.257888],[-83.74967,42.257886],[-83.74967,42.257883],[-83.74967,42.257881],[-83.74967,42.257878],[-83.74967,42.257875],[-83.74967,42.257873],[-83.74967,42.25787],[-83.74967,42.257867],[-83.749669,42.257865],[-83.749669,42.257863],[-83.749669,42.257859],[-83.749668,42.257856],[-83.749667,42.257852],[-83.749665,42.257849],[-83.749664,42.257846],[-83.749662,42.257842],[-83.749659,42.257839],[-83.749657,42.257836],[-83.749654,42.257833],[-83.749651,42.25783],[-83.749648,42.257827],[-83.749645,42.257824],[-83.749642,42.257822],[-83.749638,42.257819],[-83.749635,42.257817],[-83.749631,42.257815],[-83.749627,42.257814],[-83.749623,42.257812],[-83.749618,42.257811],[-83.749614,42.257809],[-83.74961,42.257809],[-83.749605,42.257808],[-83.749601,42.257808],[-83.749596,42.257808],[-83.749592,42.257808]]]},"properties":{"ObjectName":null}},{"type":"Feature","geometry":{"type":"Polygon","coordinates":[[[-83.749518,42.259545],[-83.749515,42.259545],[-83.749513,42.259546],[-83.74951,42.259546],[-83.749507,42.259547],[-83.749504,42.259547],[-83.749501,42.259548],[-83.749498,42.259549],[-83.749495,42.25955],[-83.749492,42.259551],[-83.749489,42.259553],[-83.749487,42.259555],[-83.749484,42.259556],[-83.749481,42.259558],[-83.749478,42.259561],[-83.749476,42.259563],[-83.749473,42.259565],[-83.74947,42.259569],[-83.749466,42.259573],[-83.749463,42.259578],[-83.74946,42.259582],[-83.749458,42.259586],[-83.749456,42.259591],[-83.749455,42.259595],[-83.749454,42.259599],[-83.749453,42.259603],[-83.749453,42.259607],[-83.749453,42.259611],[-83.749453,42.259615],[-83.749454,42.259619],[-83.749455,42.259623],[-83.749457,42.259627],[-83.749459,42.25963],[-83.749461,42.259634],[-83.749463,42.259638],[-83.749466,42.259641],[-83.749469,42.259645],[-83.749472,42.259648],[-83.749475,42.259652],[-83.749478,42.259655],[-83.749482,42.259658],[-83.749486,42.259661],[-83.74949,42.259664],[-83.749494,42.259667],[-83.749499,42.25967],[-83.749503,42.259673],[-83.749508,42.259676],[-83.749512,42.259679],[-83.749517,42.259681],[-83.749522,42.259684],[-83.749527,42.259686],[-83.749532,42.259689],[-83.749537,42.259691],[-83.749542,42.259693],[-83.749547,42.259695],[-83.749552,42.259697],[-83.749557,42.259699],[-83.749561,42.2597],[-83.749566,42.259702],[-83.749571,42.259704],[-83.749576,42.259706],[-83.749581,42.259708],[-83.749586,42.259711],[-83.749592,42.259713],[-83.749597,42.259716],[-83.749603,42.259718],[-83.749609,42.259721],[-83.749615,42.259723],[-83.749621,42.259726],[-83.749627,42.259729],[-83.749633,42.259732],[-83.74964,42.259734],[-83.749646,42.259737],[-83.749653,42.259739],[-83.749659,42.259742],[-83.749666,42.259744],[-83.749672,42.259747],[-83.749679,42.259749],[-83.749685,42.259751],[-83.749692,42.259753],[-83.749699,42.259755],[-83.749705,42.259757],[-83.749712,42.259759],[-83.749718,42.25976],[-83.749725,42.259761],[-83.749731,42.259762],[-83.749737,42.259763],[-83.749743,42.259764],[-83.749749,42.259764],[-83.749755,42.259764],[-83.749761,42.259764],[-83.749767,42.259763],[-83.749773,42.259762],[-83.749778,42.259761],[-83.749784,42.259759],[-83.749789,42.259757],[-83.749794,42.259755],[-83.749799,42.259752],[-83.749804,42.259749],[-83.749808,42.259746],[-83.749812,42.259743],[-83.749815,42.25974],[-83.749817,42.259736],[-83.749819,42.259733],[-83.74982,42.25973],[-83.74982,42.259726],[-83.74982,42.259723],[-83.74982,42.259719],[-83.749819,42.259716],[-83.749818,42.259712],[-83.749816,42.259709],[-83.749814,42.259705],[-83.749812,42.259702],[-83.749809,42.259698],[-83.749806,42.259695],[-83.749803,42.259691],[-83.749799,42.259688],[-83.749796,42.259684],[-83.749792,42.259681],[-83.749788,42.259677],[-83.749783,42.259674],[-83.749779,42.259671],[-83.749775,42.259667],[-83.74977,42.259664],[-83.749765,42.259661],[-83.749761,42.259658],[-83.749756,42.259655],[-83.749752,42.259652],[-83.749747,42.259649],[-83.749743,42.259647],[-83.749739,42.259644],[-83.749734,42.259642],[-83.74973,42.259639],[-83.749727,42.259637],[-83.749723,42.259635],[-83.74972,42.259633],[-83.749717,42.259631],[-83.749714,42.259629],[-83.749711,42.259627],[-83.749707,42.259625],[-83.749704,42.259624],[-83.749701,42.259622],[-83.749698,42.25962],[-83.749695,42.259619],[-83.749692,42.259617],[-83.749689,42.259615],[-83.749686,42.259614],[-83.749683,42.259612],[-83.749679,42.259611],[-83.749676,42.259609],[-83.749673,42.259607],[-83.74967,42.259606],[-83.749666,42.259604],[-83.749663,42.259603],[-83.74966,42.259601],[-83.749657,42.2596],[-83.749654,42.259598],[-83.74965,42.259597],[-83.749647,42.259595],[-83.749644,42.259594],[-83.749641,42.259592],[-83.749637,42.259591],[-83.749634,42.259589],[-83.749631,42.259587],[-83.749627,42.259586],[-83.749624,42.259584],[-83.749621,42.259583],[-83.749618,42.259581],[-83.749615,42.25958],[-83.749611,42.259578],[-83.749608,42.259577],[-83.749605,42.259575],[-83.749602,42.259573],[-83.749598,42.259572],[-83.749595,42.25957],[-83.749592,42.259569],[-83.749589,42.259567],[-83.749586,42.259565],[-83.749583,42.259564],[-83.74958,42.259562],[-83.749577,42.259561],[-83.749574,42.259559],[-83.749571,42.259558],[-83.749568,42.259557],[-83.749565,42.259555],[-83.749561,42.259554],[-83.749558,42.259553],[-83.749555,42.259552],[-83.749552,42.259551],[-83.749549,42.25955],[-83.749546,42.259549],[-83.749543,42.259548],[-83.74954,42.259547],[-83.749537,42.259547],[-83.749534,42.259546],[-83.749531,42.259546],[-83.749528,42.259546],[-83.749525,42.259545],[-83.749522,42.259545],[-83.749518,42.259545]]]},"properties":{"ObjectName":null}},{"type":"Feature","geometry":{"type":"Polygon","coordinates":[[[-83.655855,42.281243],[-83.655843,42.28125],[-83.655826,42.28127],[-83.655805,42.281292],[-83.655797,42.281306],[-83.655793,42.281321],[-83.655795,42.281334],[-83.655799,42.28134],[-83.655815,42.281354],[-83.655819,42.281361],[-83.655817,42.281371],[-83.655809,42.281387],[-83.6558,42.281397],[-83.655772,42.281416],[-83.655768,42.281422],[-83.655766,42.281427],[-83.655768,42.281436],[-83.655779,42.281456],[-83.655781,42.281472],[-83.655777,42.281514],[-83.65578,42.281524],[-83.655786,42.281533],[-83.655807,42.281547],[-83.655822,42.281554],[-83.655834,42.281558],[-83.655847,42.281557],[-83.655863,42.281554],[-83.655878,42.281547],[-83.65589,42.281538],[-83.655902,42.28152],[-83.655905,42.281512],[-83.655905,42.281502],[-83.655897,42.281465],[-83.655896,42.28145],[-83.6559,42.281429],[-83.655906,42.281414],[-83.655929,42.281382],[-83.655938,42.281362],[-83.655943,42.281342],[-83.655945,42.281323],[-83.655942,42.281306],[-83.655932,42.281285],[-83.655916,42.281263],[-83.655904,42.28125],[-83.655895,42.281244],[-83.655875,42.281241],[-83.655855,42.281243]]]},"properties":{"ObjectName":null}},{"type":"Feature","geometry":{"type":"Polygon","coordinates":[[[-83.744026,42.258395],[-83.744027,42.258398],[-83.744029,42.258399],[-83.74403,42.258401],[-83.744032,42.258403],[-83.744034,42.258404],[-83.744036,42.258406],[-83.744037,42.258407],[-83.744039,42.258409],[-83.744042,42.258411],[-83.744046,42.258413],[-83.744049,42.258414],[-83.744051,42.258415],[-83.744054,42.258416],[-83.744056,42.258416],[-83.74406,42.258417],[-83.744065,42.258417],[-83.74407,42.258416],[-83.744075,42.258415],[-83.744079,42.258413],[-83.744083,42.258411],[-83.744087,42.258409],[-83.744089,42.258406],[-83.744091,42.258405],[-83.744093,42.258403],[-83.744094,42.258402],[-83.744096,42.2584],[-83.744098,42.258398],[-83.7441,42.258394],[-83.744101,42.258391],[-83.744102,42.25839],[-83.744104,42.258388],[-83.744105,42.258385],[-83.744108,42.258382],[-83.74411,42.258379],[-83.744113,42.258376],[-83.744116,42.258373],[-83.744119,42.258371],[-83.744123,42.258369],[-83.744126,42.258366],[-83.74413,42.258364],[-83.744134,42.258363],[-83.744139,42.258361],[-83.744142,42.258359],[-83.744145,42.258359],[-83.744147,42.258358],[-83.744151,42.258357],[-83.744155,42.258355],[-83.744157,42.258355],[-83.744161,42.258354],[-83.744165,42.258352],[-83.744169,42.25835],[-83.744171,42.258348],[-83.744173,42.258345],[-83.744174,42.258343],[-83.744175,42.258341],[-83.744175,42.258339],[-83.744176,42.258336],[-83.744176,42.258334],[-83.744176,42.258331],[-83.744176,42.258329],[-83.744175,42.258327],[-83.744175,42.258324],[-83.744174,42.258322],[-83.744173,42.25832],[-83.744173,42.258317],[-83.744172,42.258315],[-83.744171,42.258313],[-83.744169,42.258311],[-83.744165,42.258308],[-83.744163,42.258306],[-83.744161,42.258304],[-83.744158,42.258303],[-83.744155,42.258302],[-83.744153,42.258302],[-83.74415,42.258301],[-83.744147,42.258301],[-83.744145,42.258301],[-83.744142,42.258301],[-83.744139,42.258301],[-83.744136,42.258301],[-83.744134,42.258302],[-83.744131,42.258303],[-83.744128,42.258303],[-83.744125,42.258304],[-83.744122,42.258305],[-83.74412,42.258306],[-83.744117,42.258307],[-83.744114,42.258308],[-83.744111,42.25831],[-83.744109,42.258311],[-83.744106,42.258312],[-83.744104,42.258313],[-83.744101,42.258315],[-83.744099,42.258316],[-83.744096,42.258317],[-83.744094,42.258318],[-83.744092,42.258319],[-83.744089,42.25832],[-83.744086,42.258321],[-83.744084,42.258322],[-83.744081,42.258324],[-83.744078,42.258325],[-83.744075,42.258326],[-83.744072,42.258327],[-83.744069,42.258328],[-83.744066,42.258329],[-83.744063,42.258331],[-83.744059,42.258332],[-83.744056,42.258333],[-83.744053,42.258334],[-83.74405,42.258336],[-83.744048,42.258337],[-83.744045,42.258338],[-83.744042,42.25834],[-83.744039,42.258341],[-83.744037,42.258343],[-83.744034,42.258344],[-83.744032,42.258346],[-83.74403,42.258348],[-83.744028,42.25835],[-83.744026,42.258352],[-83.744024,42.258354],[-83.744022,42.258356],[-83.744021,42.258358],[-83.74402,42.25836],[-83.744019,42.258362],[-83.744018,42.258364],[-83.744018,42.258366],[-83.744017,42.258368],[-83.744017,42.25837],[-83.744017,42.258372],[-83.744017,42.258374],[-83.744017,42.258376],[-83.744018,42.258378],[-83.744018,42.25838],[-83.744019,42.258382],[-83.74402,42.258384],[-83.74402,42.258386],[-83.744021,42.258388],[-83.744022,42.25839],[-83.744023,42.258392],[-83.744026,42.258395]]]},"properties":{"ObjectName":null}},{"type":"Feature","geometry":{"type":"Polygon","coordinates":[[[-83.664794,42.283416],[-83.664807,42.283424],[-83.664817,42.283426],[-83.664827,42.283426],[-83.66484,42.28342],[-83.664853,42.283411],[-83.664855,42.283405],[-83.664856,42.283397],[-83.664853,42.283385],[-83.664847,42.283379],[-83.664824,42.283365],[-83.664817,42.283355],[-83.664816,42.283346],[-83.664818,42.283339],[-83.664825,42.283322],[-83.664826,42.283314],[-83.664825,42.283308],[-83.664816,42.2833],[-83.664802,42.283297],[-83.664794,42.283298],[-83.664785,42.283302],[-83.664768,42.283314],[-83.66476,42.283322],[-83.664752,42.283339],[-83.664742,42.283352],[-83.664729,42.283363],[-83.664711,42.283374],[-83.664706,42.283379],[-83.664702,42.283386],[-83.664701,42.283394],[-83.664702,42.283401],[-83.664707,42.28341],[-83.664714,42.283415],[-83.664723,42.283419],[-83.66474,42.28342],[-83.664763,42.283413],[-83.664778,42.283412],[-83.664794,42.283416]]]},"properties":{"ObjectName":null}},{"type":"Feature","geometry":{"type":"Polygon","coordinates":[[[-83.659312,42.285406],[-83.659301,42.285411],[-83.659291,42.285422],[-83.659279,42.285435],[-83.659278,42.285444],[-83.659284,42.285456],[-83.65929,42.285459],[-83.659308,42.285464],[-83.659325,42.285473],[-83.659333,42.285478],[-83.659332,42.285486],[-83.659326,42.285493],[-83.659309,42.285501],[-83.659297,42.28551],[-83.659287,42.285521],[-83.659284,42.28553],[-83.659283,42.285541],[-83.659289,42.28555],[-83.659299,42.285556],[-83.659314,42.285564],[-83.659319,42.285568],[-83.659324,42.285576],[-83.659329,42.285583],[-83.659337,42.285591],[-83.659346,42.285599],[-83.659354,42.2856],[-83.659362,42.285599],[-83.659367,42.285596],[-83.659385,42.285585],[-83.6594,42.285577],[-83.659404,42.285567],[-83.6594,42.285554],[-83.659384,42.285543],[-83.659369,42.285535],[-83.659364,42.285527],[-83.659363,42.285518],[-83.659365,42.285509],[-83.659374,42.285496],[-83.659386,42.285478],[-83.659389,42.285466],[-83.659389,42.285451],[-83.659386,42.285434],[-83.659372,42.285419],[-83.659359,42.285409],[-83.659342,42.285404],[-83.659326,42.285404],[-83.659312,42.285406]]]},"properties":{"ObjectName":null}},{"type":"Feature","geometry":{"type":"Polygon","coordinates":[[[-83.656923,42.285221],[-83.656917,42.285228],[-83.656911,42.285241],[-83.656909,42.285253],[-83.656911,42.285262],[-83.656921,42.285271],[-83.656943,42.285281],[-83.65697,42.285288],[-83.656991,42.285288],[-83.65701,42.285283],[-83.657022,42.285275],[-83.657025,42.285264],[-83.657023,42.285251],[-83.657015,42.285243],[-83.656996,42.285232],[-83.656976,42.285223],[-83.656958,42.285219],[-83.656936,42.285218],[-83.656923,42.285221]]]},"properties":{"ObjectName":null}},{"type":"Feature","geometry":{"type":"Polygon","coordinates":[[[-83.744286,42.262745],[-83.74429,42.262747],[-83.744296,42.26275],[-83.744302,42.262751],[-83.744308,42.262753],[-83.744315,42.262753],[-83.744321,42.262754],[-83.744328,42.262753],[-83.744335,42.262752],[-83.744341,42.262751],[-83.744347,42.262749],[-83.744352,42.262747],[-83.744356,42.262744],[-83.74436,42.26274],[-83.744364,42.262736],[-83.744366,42.262732],[-83.744369,42.262728],[-83.74437,42.262723],[-83.74437,42.262719],[-83.74437,42.262715],[-83.744369,42.26271],[-83.744367,42.262706],[-83.744364,42.262703],[-83.74436,42.262699],[-83.744356,42.262696],[-83.74435,42.262693],[-83.744344,42.26269],[-83.74434,42.262687],[-83.744338,42.262683],[-83.744337,42.26268],[-83.744337,42.262676],[-83.744338,42.262672],[-83.74434,42.262668],[-83.744342,42.262664],[-83.744345,42.26266],[-83.744348,42.262656],[-83.74435,42.262651],[-83.744353,42.262647],[-83.744354,42.262645],[-83.744356,42.262642],[-83.744357,42.26264],[-83.744358,42.262637],[-83.744358,42.262635],[-83.744359,42.262632],[-83.74436,42.262629],[-83.74436,42.262626],[-83.74436,42.262624],[-83.74436,42.262621],[-83.744359,42.262618],[-83.744358,42.262616],[-83.744357,42.262614],[-83.744355,42.262611],[-83.744353,42.262609],[-83.74435,42.262606],[-83.744347,42.262604],[-83.744344,42.262602],[-83.74434,42.2626],[-83.744336,42.262598],[-83.744332,42.262596],[-83.744329,42.262594],[-83.744325,42.262593],[-83.744321,42.262591],[-83.744318,42.262591],[-83.744314,42.26259],[-83.744311,42.262589],[-83.744308,42.262589],[-83.744304,42.262589],[-83.744301,42.262589],[-83.744298,42.262589],[-83.744295,42.262589],[-83.744292,42.26259],[-83.744289,42.262591],[-83.744286,42.262592],[-83.744284,42.262594],[-83.744281,42.262595],[-83.74428,42.262597],[-83.744278,42.262599],[-83.744277,42.262601],[-83.744276,42.262603],[-83.744275,42.262605],[-83.744273,42.262608],[-83.744272,42.26261],[-83.744271,42.262612],[-83.74427,42.262614],[-83.744268,42.262616],[-83.744267,42.262617],[-83.744265,42.262619],[-83.744263,42.26262],[-83.74426,42.262621],[-83.744256,42.262621],[-83.744253,42.26262],[-83.74425,42.26262],[-83.744248,42.262619],[-83.744246,42.262617],[-83.744244,42.262616],[-83.744242,42.262614],[-83.74424,42.262612],[-83.744238,42.262611],[-83.744237,42.262609],[-83.744233,42.262607],[-83.744228,42.262606],[-83.744223,42.262605],[-83.744218,42.262605],[-83.744213,42.262604],[-83.744208,42.262604],[-83.744203,42.262605],[-83.744199,42.262605],[-83.744194,42.262607],[-83.74419,42.262608],[-83.744187,42.262611],[-83.744184,42.262614],[-83.744182,42.262617],[-83.744181,42.262619],[-83.744179,42.262622],[-83.744178,42.262625],[-83.744178,42.262628],[-83.744178,42.262632],[-83.744179,42.262635],[-83.744179,42.262638],[-83.74418,42.262641],[-83.744181,42.262643],[-83.744181,42.262645],[-83.74418,42.262648],[-83.744178,42.262651],[-83.744175,42.262653],[-83.744172,42.262655],[-83.74417,42.262656],[-83.744167,42.262657],[-83.744165,42.262658],[-83.744162,42.262659],[-83.74416,42.262661],[-83.744158,42.262662],[-83.744156,42.262664],[-83.744155,42.262666],[-83.744154,42.262667],[-83.744153,42.262669],[-83.744153,42.262671],[-83.744152,42.262673],[-83.744152,42.262675],[-83.744153,42.262678],[-83.744153,42.26268],[-83.744154,42.262682],[-83.744155,42.262683],[-83.744157,42.262685],[-83.744158,42.262687],[-83.74416,42.262688],[-83.744162,42.26269],[-83.744165,42.262691],[-83.744167,42.262693],[-83.74417,42.262694],[-83.744172,42.262695],[-83.744175,42.262697],[-83.744179,42.262698],[-83.744182,42.262699],[-83.744185,42.2627],[-83.744188,42.2627],[-83.744191,42.262701],[-83.744195,42.262702],[-83.744198,42.262702],[-83.744202,42.262703],[-83.744205,42.262703],[-83.744209,42.262703],[-83.744212,42.262703],[-83.744215,42.262703],[-83.744218,42.262702],[-83.744221,42.262701],[-83.744224,42.2627],[-83.744226,42.262699],[-83.744229,42.262697],[-83.744232,42.262696],[-83.744234,42.262695],[-83.744237,42.262694],[-83.74424,42.262693],[-83.744243,42.262693],[-83.744246,42.262693],[-83.744249,42.262693],[-83.744252,42.262694],[-83.744257,42.262696],[-83.744262,42.262699],[-83.744265,42.262703],[-83.744268,42.262707],[-83.74427,42.262711],[-83.744271,42.262715],[-83.744273,42.26272],[-83.744274,42.262724],[-83.744275,42.262729],[-83.744277,42.262733],[-83.744279,42.262738],[-83.744282,42.262741],[-83.744286,42.262745]]]},"properties":{"ObjectName":null}},{"type":"Feature","geometry":{"type":"Polygon","coordinates":[[[-83.656021,42.281655],[-83.65603,42.281651],[-83.656045,42.281645],[-83.656075,42.28164],[-83.656108,42.281639],[-83.656138,42.281644],[-83.656156,42.28165],[-83.656174,42.281659],[-83.656191,42.28167],[-83.656205,42.281683],[-83.656209,42.281687],[-83.656231,42.281675],[-83.656268,42.281644],[-83.656318,42.281605],[-83.656344,42.281579],[-83.656368,42.281543],[-83.656373,42.281529],[-83.656375,42.281517],[-83.65637,42.281498],[-83.656351,42.281463],[-83.656332,42.281428],[-83.656284,42.281351],[-83.656266,42.281315],[-83.656238,42.281245],[-83.656223,42.281188],[-83.656218,42.281157],[-83.656217,42.281123],[-83.656222,42.281037],[-83.656229,42.280994],[-83.656254,42.280901],[-83.65626,42.280862],[-83.656263,42.28081],[-83.656261,42.280775],[-83.656256,42.280755],[-83.656247,42.280733],[-83.656202,42.280653],[-83.656187,42.280619],[-83.656177,42.280576],[-83.656172,42.280527],[-83.656171,42.28048],[-83.656173,42.280364],[-83.656177,42.280266],[-83.656175,42.280223],[-83.656169,42.280186],[-83.656159,42.280148],[-83.656146,42.280108],[-83.656129,42.280068],[-83.656107,42.280022],[-83.656077,42.279973],[-83.656041,42.279922],[-83.655995,42.279864],[-83.655926,42.279778],[-83.655882,42.279731],[-83.655859,42.27971],[-83.655836,42.279691],[-83.655812,42.279675],[-83.655788,42.279662],[-83.655723,42.27963],[-83.655674,42.279611],[-83.65565,42.279604],[-83.655629,42.2796],[-83.655608,42.279598],[-83.655588,42.279598],[-83.655571,42.279601],[-83.655529,42.279612],[-83.65551,42.279614],[-83.655487,42.279612],[-83.655464,42.279606],[-83.655441,42.279598],[-83.655421,42.279587],[-83.655411,42.279578],[-83.655391,42.279555],[-83.655382,42.279547],[-83.655364,42.279537],[-83.655343,42.279529],[-83.655318,42.279523],[-83.655293,42.27952],[-83.655259,42.279518],[-83.655247,42.279519],[-83.655238,42.279522],[-83.655225,42.27953],[-83.655207,42.279552],[-83.655188,42.279574],[-83.655176,42.279592],[-83.655161,42.279618],[-83.655155,42.279639],[-83.655156,42.279657],[-83.655161,42.279674],[-83.655168,42.279687],[-83.655181,42.279701],[-83.655243,42.279745],[-83.655374,42.279853],[-83.655528,42.279977],[-83.655574,42.280011],[-83.655687,42.280086],[-83.655735,42.28012],[-83.655781,42.28016],[-83.655816,42.280198],[-83.655835,42.280225],[-83.655853,42.280256],[-83.655895,42.280339],[-83.655915,42.280385],[-83.655932,42.280431],[-83.655962,42.28053],[-83.655976,42.280595],[-83.655987,42.280662],[-83.655993,42.280733],[-83.655995,42.280808],[-83.655994,42.280874],[-83.655988,42.280953],[-83.655981,42.280999],[-83.655956,42.28112],[-83.655952,42.281155],[-83.655952,42.281187],[-83.655956,42.281229],[-83.655962,42.281263],[-83.65598,42.281311],[-83.655984,42.281328],[-83.655985,42.281355],[-83.65598,42.281402],[-83.655971,42.281471],[-83.655966,42.281513],[-83.655967,42.281525],[-83.65597,42.281535],[-83.655976,42.281543],[-83.656001,42.28157],[-83.656008,42.281588],[-83.656014,42.281618],[-83.656022,42.281644],[-83.656021,42.281655]]]},"properties":{"ObjectName":null}},{"type":"Feature","geometry":{"type":"Polygon","coordinates":[[[-83.742699,42.254108],[-83.742696,42.254109],[-83.742692,42.25411],[-83.742689,42.254112],[-83.742686,42.254113],[-83.742683,42.254115],[-83.74268,42.254118],[-83.742678,42.25412],[-83.742676,42.254123],[-83.742674,42.254126],[-83.742672,42.254129],[-83.74267,42.254133],[-83.742669,42.254136],[-83.742667,42.25414],[-83.742666,42.254143],[-83.742665,42.254147],[-83.742664,42.25415],[-83.742663,42.254153],[-83.742662,42.254157],[-83.742662,42.25416],[-83.742661,42.254163],[-83.74266,42.254167],[-83.74266,42.25417],[-83.742659,42.254174],[-83.742658,42.254177],[-83.742657,42.254181],[-83.742657,42.254184],[-83.742656,42.254188],[-83.742656,42.254191],[-83.742656,42.254194],[-83.742656,42.254197],[-83.742656,42.2542],[-83.742657,42.254203],[-83.742657,42.254206],[-83.742658,42.254209],[-83.74266,42.254212],[-83.742661,42.254214],[-83.742663,42.254217],[-83.742666,42.254219],[-83.742669,42.254221],[-83.742672,42.254223],[-83.742676,42.254224],[-83.74268,42.254225],[-83.742684,42.254226],[-83.742686,42.254227],[-83.742689,42.254227],[-83.742692,42.254228],[-83.742695,42.254228],[-83.742698,42.254228],[-83.742703,42.254229],[-83.742708,42.254229],[-83.742713,42.254229],[-83.742717,42.254229],[-83.742722,42.254229],[-83.742726,42.254229],[-83.74273,42.254228],[-83.742733,42.254227],[-83.742737,42.254226],[-83.74274,42.254225],[-83.742743,42.254224],[-83.742746,42.254223],[-83.742749,42.254221],[-83.742752,42.254219],[-83.742754,42.254217],[-83.742756,42.254215],[-83.742758,42.254213],[-83.742759,42.25421],[-83.742761,42.254207],[-83.742762,42.254204],[-83.742762,42.254201],[-83.742763,42.254197],[-83.742763,42.254194],[-83.742763,42.254191],[-83.742763,42.254188],[-83.742763,42.254185],[-83.742763,42.254182],[-83.742763,42.254178],[-83.742763,42.254174],[-83.742762,42.254171],[-83.742762,42.254167],[-83.742762,42.254164],[-83.742761,42.25416],[-83.74276,42.254156],[-83.742759,42.254153],[-83.742758,42.254149],[-83.742757,42.254145],[-83.742756,42.254142],[-83.742754,42.254139],[-83.742752,42.254135],[-83.74275,42.254132],[-83.742748,42.254129],[-83.742745,42.254126],[-83.742743,42.254123],[-83.74274,42.254121],[-83.742737,42.254118],[-83.742733,42.254116],[-83.742729,42.254114],[-83.742725,42.254112],[-83.742721,42.254111],[-83.742719,42.25411],[-83.742716,42.254109],[-83.742712,42.254108],[-83.742708,42.254108],[-83.742703,42.254108],[-83.742699,42.254108]]]},"properties":{"ObjectName":null}},{"type":"Feature","geometry":{"type":"Polygon","coordinates":[[[-83.662286,42.283569],[-83.662316,42.283559],[-83.662345,42.283549],[-83.662363,42.283547],[-83.662376,42.28355],[-83.662396,42.283559],[-83.662416,42.283572],[-83.662449,42.2836],[-83.662498,42.283636],[-83.662495,42.283629],[-83.662461,42.283594],[-83.662447,42.283578],[-83.662436,42.283561],[-83.662433,42.283551],[-83.662434,42.283541],[-83.66244,42.283528],[-83.662449,42.283517],[-83.66248,42.283492],[-83.662498,42.28347],[-83.662515,42.283445],[-83.662529,42.283414],[-83.662539,42.283378],[-83.662545,42.283338],[-83.662548,42.283276],[-83.662551,42.283229],[-83.662547,42.283201],[-83.662541,42.283184],[-83.66253,42.283166],[-83.662497,42.283122],[-83.662482,42.283107],[-83.662464,42.283092],[-83.662443,42.283077],[-83.662418,42.283064],[-83.662369,42.283041],[-83.662244,42.28299],[-83.662213,42.282975],[-83.662187,42.282961],[-83.662091,42.282903],[-83.662034,42.282862],[-83.661987,42.28282],[-83.66193,42.282759],[-83.661907,42.282731],[-83.661855,42.282658],[-83.661822,42.282623],[-83.661769,42.282581],[-83.661702,42.282538],[-83.661655,42.282513],[-83.661606,42.282489],[-83.661556,42.282469],[-83.661506,42.282451],[-83.661439,42.282432],[-83.661377,42.282419],[-83.661317,42.282407],[-83.661299,42.282406],[-83.661284,42.282408],[-83.661259,42.282413],[-83.661243,42.282421],[-83.661235,42.28243],[-83.661225,42.282451],[-83.66121,42.282474],[-83.661206,42.282485],[-83.661207,42.2825],[-83.661216,42.282518],[-83.661231,42.282536],[-83.661251,42.282552],[-83.661263,42.282558],[-83.661294,42.282568],[-83.661307,42.282574],[-83.661323,42.282586],[-83.661337,42.282602],[-83.661371,42.282665],[-83.661395,42.282707],[-83.661424,42.282769],[-83.661457,42.28286],[-83.661466,42.282881],[-83.661477,42.282898],[-83.661501,42.28293],[-83.661524,42.282954],[-83.661555,42.282981],[-83.661567,42.282988],[-83.661578,42.282993],[-83.661592,42.282996],[-83.661609,42.282997],[-83.661646,42.282995],[-83.661671,42.282988],[-83.661713,42.28297],[-83.661779,42.28294],[-83.661808,42.282929],[-83.661827,42.282924],[-83.661862,42.282921],[-83.661898,42.282923],[-83.661922,42.282927],[-83.661946,42.282935],[-83.661964,42.282943],[-83.661983,42.282953],[-83.662,42.282966],[-83.662016,42.28298],[-83.662031,42.282996],[-83.662043,42.283015],[-83.662054,42.283036],[-83.662061,42.283058],[-83.662066,42.283094],[-83.662066,42.283109],[-83.662063,42.283122],[-83.662049,42.283146],[-83.662019,42.28318],[-83.661986,42.283211],[-83.661937,42.283248],[-83.661896,42.283271],[-83.661883,42.283284],[-83.661876,42.283297],[-83.661872,42.283313],[-83.661872,42.283327],[-83.661877,42.283338],[-83.661884,42.283345],[-83.661895,42.283352],[-83.66193,42.283366],[-83.661961,42.283372],[-83.662017,42.283377],[-83.662047,42.283378],[-83.66212,42.283378],[-83.662157,42.283382],[-83.662194,42.283388],[-83.662229,42.283397],[-83.662259,42.283407],[-83.662286,42.283418],[-83.662315,42.283433],[-83.662335,42.283447],[-83.66236,42.283469],[-83.662366,42.283477],[-83.662369,42.283485],[-83.66237,42.283495],[-83.662367,42.283506],[-83.662362,42.283518],[-83.662355,42.283527],[-83.662344,42.283535],[-83.662304,42.283553],[-83.662286,42.283567],[-83.662286,42.283569]]]},"properties":{"ObjectName":null}},{"type":"Feature","geometry":{"type":"Polygon","coordinates":[[[-83.742457,42.255869],[-83.742454,42.255869],[-83.742449,42.255867],[-83.742445,42.255865],[-83.742441,42.255863],[-83.742438,42.255862],[-83.742435,42.255861],[-83.742432,42.25586],[-83.742427,42.255859],[-83.742421,42.255858],[-83.742415,42.255858],[-83.742409,42.255858],[-83.742403,42.255858],[-83.742397,42.255858],[-83.742392,42.255859],[-83.742386,42.255861],[-83.742381,42.255863],[-83.742377,42.255865],[-83.742373,42.255868],[-83.742369,42.255871],[-83.742366,42.255875],[-83.742364,42.25588],[-83.742363,42.255884],[-83.742362,42.255891],[-83.742362,42.255897],[-83.742363,42.255902],[-83.742365,42.255906],[-83.742368,42.25591],[-83.742372,42.255913],[-83.742376,42.255915],[-83.742381,42.255917],[-83.742386,42.255919],[-83.742392,42.255921],[-83.742398,42.255922],[-83.742403,42.255924],[-83.742409,42.255925],[-83.742415,42.255927],[-83.74242,42.25593],[-83.742421,42.255933],[-83.742416,42.255937],[-83.742411,42.255941],[-83.742405,42.255944],[-83.742398,42.255946],[-83.742391,42.255948],[-83.742385,42.25595],[-83.742378,42.255952],[-83.742371,42.255954],[-83.742365,42.255956],[-83.742359,42.255958],[-83.742354,42.255961],[-83.742349,42.255964],[-83.742346,42.255968],[-83.742343,42.255973],[-83.742341,42.255979],[-83.742341,42.255984],[-83.742342,42.255989],[-83.742344,42.255995],[-83.742347,42.256001],[-83.742351,42.256006],[-83.742355,42.256011],[-83.742361,42.256016],[-83.742367,42.25602],[-83.742373,42.256024],[-83.74238,42.256027],[-83.742387,42.25603],[-83.742395,42.256031],[-83.742402,42.256031],[-83.74241,42.25603],[-83.742418,42.256028],[-83.742422,42.256027],[-83.742424,42.256025],[-83.742426,42.256023],[-83.742428,42.256021],[-83.742429,42.25602],[-83.742431,42.256018],[-83.742432,42.256015],[-83.742433,42.256013],[-83.742434,42.256011],[-83.742436,42.256009],[-83.742437,42.256007],[-83.742439,42.256005],[-83.742442,42.256003],[-83.742445,42.256002],[-83.742448,42.256],[-83.742453,42.255998],[-83.742458,42.255997],[-83.742463,42.255997],[-83.742466,42.255996],[-83.742469,42.255997],[-83.742473,42.255998],[-83.742476,42.256],[-83.742477,42.256002],[-83.742479,42.256004],[-83.74248,42.256006],[-83.742482,42.256008],[-83.742483,42.25601],[-83.742486,42.256012],[-83.742488,42.256014],[-83.742491,42.256016],[-83.742494,42.256018],[-83.742497,42.256019],[-83.7425,42.25602],[-83.742504,42.256021],[-83.742507,42.256022],[-83.74251,42.256022],[-83.742513,42.256023],[-83.742516,42.256022],[-83.742519,42.256022],[-83.742522,42.256022],[-83.742525,42.256021],[-83.742528,42.256019],[-83.742531,42.256018],[-83.742534,42.256016],[-83.742536,42.256014],[-83.74254,42.256009],[-83.742542,42.256004],[-83.742542,42.255999],[-83.742541,42.255994],[-83.742538,42.255989],[-83.742535,42.255985],[-83.74253,42.25598],[-83.742526,42.255975],[-83.742522,42.25597],[-83.742518,42.255965],[-83.742515,42.25596],[-83.742514,42.255956],[-83.742514,42.255951],[-83.742516,42.255946],[-83.74252,42.255941],[-83.742524,42.255938],[-83.742528,42.255936],[-83.742532,42.255934],[-83.742536,42.255933],[-83.742541,42.255932],[-83.742545,42.255932],[-83.74255,42.255931],[-83.742555,42.25593],[-83.742559,42.255929],[-83.742563,42.255928],[-83.742567,42.255926],[-83.742571,42.255924],[-83.742574,42.255922],[-83.742577,42.255919],[-83.742579,42.255915],[-83.742581,42.25591],[-83.742581,42.255906],[-83.742581,42.255903],[-83.74258,42.255899],[-83.742578,42.255896],[-83.742575,42.255894],[-83.742572,42.255891],[-83.742568,42.255889],[-83.742564,42.255887],[-83.742559,42.255886],[-83.742555,42.255884],[-83.74255,42.255883],[-83.742545,42.255883],[-83.74254,42.255882],[-83.742535,42.255882],[-83.742531,42.255882],[-83.742529,42.255879],[-83.742528,42.255877],[-83.742527,42.255874],[-83.742526,42.255871],[-83.742524,42.255869],[-83.742523,42.255866],[-83.742522,42.255864],[-83.74252,42.255862],[-83.742518,42.25586],[-83.742516,42.255858],[-83.742513,42.255857],[-83.74251,42.255856],[-83.742507,42.255856],[-83.742503,42.255856],[-83.742498,42.255857],[-83.742494,42.255857],[-83.742492,42.255859],[-83.742489,42.255861],[-83.742486,42.255863],[-83.742483,42.255866],[-83.742479,42.255868],[-83.742475,42.255869],[-83.742471,42.25587],[-83.742468,42.25587],[-83.742465,42.255871],[-83.742462,42.25587],[-83.742459,42.25587],[-83.742457,42.255869]],[[-83.742477,42.255896],[-83.742482,42.255896],[-83.742485,42.255897],[-83.742487,42.255899],[-83.742489,42.255901],[-83.74249,42.255904],[-83.742491,42.255907],[-83.74249,42.25591],[-83.742489,42.255914],[-83.742488,42.255916],[-83.742487,42.255918],[-83.742486,42.25592],[-83.742485,42.255923],[-83.742483,42.255926],[-83.742481,42.255929],[-83.74248,42.255932],[-83.742478,42.255934],[-83.742476,42.255935],[-83.742473,42.255935],[-83.742469,42.255934],[-83.742466,42.255934],[-83.742463,42.255932],[-83.742462,42.255931],[-83.74246,42.255929],[-83.742459,42.255927],[-83.742458,42.255925],[-83.742458,42.255922],[-83.742458,42.25592],[-83.742459,42.255917],[-83.74246,42.255915],[-83.742461,42.255912],[-83.742462,42.255909],[-83.742464,42.255907],[-83.742466,42.255905],[-83.742468,42.255902],[-83.74247,42.255901],[-83.742472,42.255899],[-83.742474,42.255898],[-83.742477,42.255896]]]},"properties":{"ObjectName":null}},{"type":"Feature","geometry":{"type":"Polygon","coordinates":[[[-83.747797,42.255104],[-83.747825,42.255104],[-83.747855,42.255104],[-83.747885,42.255104],[-83.747914,42.255104],[-83.747942,42.255104],[-83.747971,42.255104],[-83.748,42.255104],[-83.74803,42.255105],[-83.74806,42.255105],[-83.748091,42.255105],[-83.74812,42.255105],[-83.748146,42.255102],[-83.748171,42.255097],[-83.748196,42.255091],[-83.748222,42.255085],[-83.74825,42.255082],[-83.74828,42.255083],[-83.748308,42.255087],[-83.748335,42.25509],[-83.748361,42.255092],[-83.748386,42.255093],[-83.748412,42.255092],[-83.748438,42.255088],[-83.748465,42.255083],[-83.748494,42.255079],[-83.748523,42.255076],[-83.748553,42.255075],[-83.748583,42.255075],[-83.748613,42.255076],[-83.748639,42.255078],[-83.748665,42.25508],[-83.748693,42.255082],[-83.748721,42.255083],[-83.748747,42.255081],[-83.748771,42.255074],[-83.748789,42.255063],[-83.748799,42.255048],[-83.748808,42.255029],[-83.748813,42.255009],[-83.748815,42.254989],[-83.748812,42.254969],[-83.748804,42.254953],[-83.748798,42.254941],[-83.748788,42.254931],[-83.748775,42.254921],[-83.748762,42.254911],[-83.74875,42.254901],[-83.748741,42.25489],[-83.748736,42.254876],[-83.748733,42.254858],[-83.748733,42.254841],[-83.748734,42.254823],[-83.748734,42.254806],[-83.748731,42.254789],[-83.748723,42.254774],[-83.748711,42.254759],[-83.748698,42.254748],[-83.748684,42.254738],[-83.74867,42.25473],[-83.748655,42.254721],[-83.74864,42.254712],[-83.748627,42.254701],[-83.748617,42.254688],[-83.748608,42.254671],[-83.748601,42.254653],[-83.748594,42.254634],[-83.748589,42.254617],[-83.748586,42.254601],[-83.748588,42.254583],[-83.748591,42.254564],[-83.748594,42.254545],[-83.748593,42.254528],[-83.748587,42.254511],[-83.748575,42.254498],[-83.748556,42.254489],[-83.748531,42.254484],[-83.748502,42.25448],[-83.74847,42.254479],[-83.74844,42.254479],[-83.748413,42.25448],[-83.748391,42.254484],[-83.748369,42.254491],[-83.748348,42.254499],[-83.748327,42.254506],[-83.748306,42.254514],[-83.748284,42.25452],[-83.748262,42.254524],[-83.748233,42.254526],[-83.748205,42.254526],[-83.748179,42.254525],[-83.748153,42.254522],[-83.748128,42.254518],[-83.748102,42.254513],[-83.748077,42.254507],[-83.748053,42.2545],[-83.748028,42.254496],[-83.748003,42.254494],[-83.748006,42.254495],[-83.748008,42.254497],[-83.748011,42.2545],[-83.748013,42.254502],[-83.748032,42.254525],[-83.748032,42.254527],[-83.748032,42.254529],[-83.748032,42.254531],[-83.748031,42.254534],[-83.748031,42.254536],[-83.748029,42.254537],[-83.748028,42.254539],[-83.748026,42.25454],[-83.748024,42.254541],[-83.748022,42.254542],[-83.74802,42.254542],[-83.748018,42.254542],[-83.748016,42.254541],[-83.748014,42.254541],[-83.748009,42.254541],[-83.748004,42.254542],[-83.747999,42.254544],[-83.747994,42.254546],[-83.747991,42.25455],[-83.747987,42.254553],[-83.747985,42.254558],[-83.747983,42.254563],[-83.747982,42.254568],[-83.747982,42.254573],[-83.747983,42.254578],[-83.747984,42.254583],[-83.747987,42.254587],[-83.747992,42.254593],[-83.747991,42.2546],[-83.747989,42.254607],[-83.747986,42.254614],[-83.747982,42.254619],[-83.747977,42.254625],[-83.747971,42.254629],[-83.747964,42.254632],[-83.747957,42.254634],[-83.74795,42.254635],[-83.747943,42.254635],[-83.747936,42.254633],[-83.747929,42.254631],[-83.747923,42.254627],[-83.747917,42.254622],[-83.747913,42.254617],[-83.747904,42.254603],[-83.747894,42.254591],[-83.747882,42.25458],[-83.747869,42.254571],[-83.747862,42.254567],[-83.747857,42.254562],[-83.747852,42.254556],[-83.747848,42.254549],[-83.747846,42.254542],[-83.747844,42.254534],[-83.747844,42.254527],[-83.747851,42.254522],[-83.747859,42.254519],[-83.747867,42.254516],[-83.747875,42.254515],[-83.747884,42.254515],[-83.747901,42.254517],[-83.747919,42.254517],[-83.747937,42.254514],[-83.747954,42.254509],[-83.74797,42.254501],[-83.747972,42.254498],[-83.747975,42.254496],[-83.747978,42.254494],[-83.747982,42.254493],[-83.747977,42.254492],[-83.74795,42.254492],[-83.747923,42.254492],[-83.747894,42.254493],[-83.747866,42.254495],[-83.747839,42.254498],[-83.747812,42.254501],[-83.747785,42.254505],[-83.747756,42.254508],[-83.747708,42.254511],[-83.747652,42.254512],[-83.747596,42.254509],[-83.747539,42.254504],[-83.747482,42.2545],[-83.747424,42.254496],[-83.74737,42.254495],[-83.747335,42.254494],[-83.747297,42.254493],[-83.747259,42.254493],[-83.747221,42.254493],[-83.747184,42.254495],[-83.747148,42.254499],[-83.747115,42.254505],[-83.747083,42.25451],[-83.747053,42.254515],[-83.747023,42.254518],[-83.746994,42.254519],[-83.746964,42.254515],[-83.746934,42.254508],[-83.746904,42.254503],[-83.746875,42.254497],[-83.746846,42.254493],[-83.746816,42.254489],[-83.746784,42.254487],[-83.746751,42.254486],[-83.746723,42.254486],[-83.746698,42.254486],[-83.746676,42.254488],[-83.746655,42.254492],[-83.746635,42.254499],[-83.746613,42.25451],[-83.746585,42.254532],[-83.74656,42.254564],[-83.746541,42.254597],[-83.746528,42.254632],[-83.746518,42.254668],[-83.74651,42.254704],[-83.746504,42.254735],[-83.746502,42.254745],[-83.746499,42.254755],[-83.746495,42.254765],[-83.74649,42.254774],[-83.746485,42.254783],[-83.74648,42.254791],[-83.746479,42.2548],[-83.746479,42.254809],[-83.746479,42.254819],[-83.746479,42.25483],[-83.746478,42.254841],[-83.746478,42.254852],[-83.746478,42.254869],[-83.746483,42.25489],[-83.746493,42.254906],[-83.746508,42.254916],[-83.746528,42.254924],[-83.746552,42.254931],[-83.746581,42.254939],[-83.746633,42.254951],[-83.746688,42.254962],[-83.746745,42.25497],[-83.746802,42.254978],[-83.746859,42.254987],[-83.746914,42.254996],[-83.746965,42.255007],[-83.747014,42.255019],[-83.747067,42.255029],[-83.747121,42.255038],[-83.747175,42.255046],[-83.747228,42.25505],[-83.747278,42.255052],[-83.747307,42.255052],[-83.747323,42.255052],[-83.747322,42.255038],[-83.747324,42.255025],[-83.747328,42.255012],[-83.747335,42.255],[-83.747343,42.254989],[-83.747353,42.254979],[-83.747364,42.254972],[-83.747377,42.254966],[-83.74739,42.254963],[-83.747404,42.254962],[-83.747417,42.254963],[-83.747431,42.254967],[-83.747443,42.254973],[-83.747454,42.254981],[-83.747464,42.25499],[-83.747472,42.255002],[-83.747476,42.255014],[-83.747481,42.255025],[-83.747487,42.255024],[-83.747511,42.25502],[-83.747536,42.255019],[-83.747561,42.255022],[-83.747585,42.255028],[-83.747607,42.255038],[-83.747626,42.255046],[-83.747645,42.255055],[-83.747664,42.255063],[-83.747683,42.255072],[-83.747702,42.255081],[-83.747721,42.255089],[-83.747744,42.255097],[-83.747769,42.255101],[-83.747797,42.255104]],[[-83.74799,42.254563],[-83.747991,42.254558],[-83.747993,42.254553],[-83.747995,42.254549],[-83.747999,42.254545],[-83.748003,42.254542],[-83.748007,42.254539],[-83.748012,42.254537],[-83.748017,42.254536],[-83.748022,42.254536],[-83.748027,42.254537],[-83.748032,42.254539],[-83.748036,42.254541],[-83.74804,42.254545],[-83.748044,42.254549],[-83.748046,42.254553],[-83.748048,42.254558],[-83.748049,42.254563],[-83.748049,42.254568],[-83.748048,42.254573],[-83.748046,42.254578],[-83.748044,42.254582],[-83.748041,42.254586],[-83.748037,42.25459],[-83.748032,42.254592],[-83.748027,42.254594],[-83.748022,42.254595],[-83.748017,42.254595],[-83.748012,42.254594],[-83.748007,42.254592],[-83.748003,42.25459],[-83.747999,42.254587],[-83.747996,42.254583],[-83.747993,42.254578],[-83.747991,42.254573],[-83.74799,42.254568],[-83.74799,42.254563]]]},"properties":{"ObjectName":null}},{"type":"Feature","geometry":{"type":"Polygon","coordinates":[[[-83.654006,42.28767],[-83.654008,42.287677],[-83.654015,42.287682],[-83.654025,42.287686],[-83.654033,42.287687],[-83.654047,42.287685],[-83.654063,42.28768],[-83.654097,42.287666],[-83.654113,42.287662],[-83.654123,42.287663],[-83.654148,42.287669],[-83.65416,42.287669],[-83.654175,42.287665],[-83.654186,42.287659],[-83.654192,42.287649],[-83.654193,42.287636],[-83.654185,42.287624],[-83.654167,42.287611],[-83.654151,42.287605],[-83.654133,42.2876],[-83.65411,42.287598],[-83.654091,42.287601],[-83.654081,42.287606],[-83.65406,42.287621],[-83.65403,42.287637],[-83.654015,42.287649],[-83.654008,42.287659],[-83.654006,42.28767]]]},"properties":{"ObjectName":null}},{"type":"Feature","geometry":{"type":"Polygon","coordinates":[[[-83.749526,42.258864],[-83.749524,42.258866],[-83.749521,42.25887],[-83.749518,42.258874],[-83.749516,42.258878],[-83.749514,42.258882],[-83.749512,42.258887],[-83.74951,42.258891],[-83.749509,42.258895],[-83.749508,42.2589],[-83.749507,42.258904],[-83.749506,42.258908],[-83.749505,42.258913],[-83.749505,42.258917],[-83.749505,42.258922],[-83.749504,42.258927],[-83.749504,42.258931],[-83.749504,42.258935],[-83.749504,42.258938],[-83.749504,42.258942],[-83.749505,42.258946],[-83.749505,42.25895],[-83.749506,42.258955],[-83.749506,42.258959],[-83.749507,42.258964],[-83.749509,42.258968],[-83.74951,42.258973],[-83.749512,42.258977],[-83.749513,42.258981],[-83.749515,42.258985],[-83.749518,42.258989],[-83.74952,42.258992],[-83.749523,42.258995],[-83.749526,42.258997],[-83.749532,42.259],[-83.749537,42.259001],[-83.749544,42.259002],[-83.74955,42.259002],[-83.749557,42.259001],[-83.749564,42.259],[-83.749571,42.258998],[-83.749577,42.258996],[-83.749585,42.258993],[-83.749592,42.25899],[-83.749598,42.258987],[-83.749605,42.258984],[-83.749611,42.258981],[-83.749617,42.258978],[-83.749622,42.258975],[-83.749627,42.258973],[-83.749633,42.25897],[-83.749643,42.258965],[-83.749652,42.25896],[-83.749662,42.258956],[-83.749671,42.258951],[-83.74968,42.258946],[-83.74969,42.258942],[-83.749699,42.258937],[-83.749708,42.258932],[-83.749717,42.258927],[-83.749725,42.258922],[-83.749734,42.258916],[-83.749742,42.258911],[-83.74975,42.258905],[-83.749758,42.258898],[-83.749765,42.258892],[-83.749772,42.258885],[-83.749782,42.258874],[-83.749788,42.258862],[-83.749792,42.258851],[-83.749793,42.25884],[-83.749791,42.25883],[-83.749787,42.258819],[-83.749782,42.258809],[-83.749776,42.258799],[-83.749768,42.258789],[-83.74976,42.258779],[-83.749751,42.258769],[-83.749742,42.258759],[-83.749734,42.258749],[-83.749726,42.258739],[-83.74972,42.258729],[-83.749714,42.258718],[-83.749711,42.25871],[-83.74971,42.258707],[-83.74971,42.258704],[-83.749709,42.258701],[-83.749708,42.258698],[-83.749708,42.258695],[-83.749708,42.258692],[-83.749707,42.258689],[-83.749707,42.258686],[-83.749707,42.258683],[-83.749706,42.25868],[-83.749706,42.258677],[-83.749706,42.258674],[-83.749706,42.258671],[-83.749706,42.258668],[-83.749706,42.258665],[-83.749705,42.258662],[-83.749705,42.258657],[-83.749705,42.258651],[-83.749705,42.258645],[-83.749706,42.258639],[-83.749706,42.258632],[-83.749706,42.258626],[-83.749707,42.258619],[-83.749707,42.258613],[-83.749708,42.258606],[-83.749708,42.2586],[-83.749708,42.258593],[-83.749707,42.258587],[-83.749707,42.258581],[-83.749706,42.258575],[-83.749705,42.258569],[-83.749703,42.258563],[-83.749701,42.258557],[-83.749696,42.258547],[-83.749689,42.258538],[-83.749681,42.25853],[-83.749672,42.258523],[-83.749662,42.258516],[-83.74965,42.258509],[-83.749638,42.258503],[-83.749626,42.258498],[-83.749613,42.258494],[-83.749599,42.25849],[-83.749585,42.258486],[-83.749571,42.258484],[-83.749557,42.258481],[-83.749544,42.25848],[-83.74953,42.258479],[-83.749517,42.258478],[-83.749506,42.258478],[-83.749499,42.258478],[-83.749491,42.258478],[-83.749484,42.258478],[-83.749476,42.258478],[-83.749469,42.258479],[-83.749462,42.258479],[-83.749455,42.25848],[-83.749448,42.258481],[-83.749441,42.258482],[-83.749434,42.258483],[-83.749428,42.258485],[-83.749421,42.258486],[-83.749415,42.258489],[-83.749409,42.258491],[-83.749402,42.258494],[-83.749396,42.258497],[-83.749381,42.258506],[-83.749367,42.258518],[-83.749356,42.25853],[-83.749348,42.258544],[-83.749342,42.258558],[-83.749338,42.258573],[-83.749337,42.258588],[-83.749338,42.258602],[-83.749342,42.258617],[-83.749348,42.258631],[-83.749356,42.258644],[-83.749367,42.258657],[-83.74938,42.258668],[-83.749396,42.258678],[-83.749413,42.258686],[-83.749433,42.258692],[-83.74945,42.258695],[-83.749456,42.258695],[-83.749463,42.258696],[-83.749471,42.258697],[-83.749478,42.258697],[-83.749486,42.258698],[-83.749493,42.258699],[-83.749501,42.258699],[-83.749509,42.2587],[-83.749517,42.258701],[-83.749524,42.258702],[-83.749532,42.258704],[-83.749539,42.258705],[-83.749545,42.258707],[-83.749552,42.258709],[-83.749557,42.258712],[-83.749563,42.258715],[-83.749572,42.258722],[-83.749581,42.258731],[-83.749587,42.25874],[-83.749591,42.258749],[-83.749592,42.258758],[-83.749592,42.258767],[-83.74959,42.258776],[-83.749587,42.258786],[-83.749583,42.258795],[-83.749577,42.258804],[-83.749571,42.258813],[-83.749564,42.258822],[-83.749556,42.258831],[-83.749549,42.258839],[-83.749541,42.258847],[-83.749534,42.258855],[-83.749529,42.25886],[-83.749527,42.258862],[-83.749526,42.258864]]]},"properties":{"ObjectName":null}},{"type":"Feature","geometry":{"type":"Polygon","coordinates":[[[-83.745899,42.254927],[-83.745894,42.254928],[-83.745889,42.254929],[-83.745884,42.25493],[-83.745879,42.254931],[-83.745875,42.254933],[-83.74587,42.254934],[-83.745866,42.254936],[-83.745862,42.254939],[-83.745858,42.254941],[-83.745854,42.254944],[-83.745851,42.254947],[-83.745848,42.25495],[-83.745844,42.254953],[-83.745842,42.254956],[-83.745839,42.25496],[-83.745837,42.254963],[-83.745835,42.254967],[-83.745833,42.254971],[-83.745831,42.254975],[-83.74583,42.254979],[-83.745829,42.254983],[-83.745828,42.254987],[-83.745828,42.25499],[-83.745828,42.254993],[-83.745827,42.254997],[-83.745827,42.255],[-83.745827,42.255004],[-83.745827,42.255007],[-83.745827,42.25501],[-83.745827,42.255014],[-83.745827,42.255017],[-83.745827,42.255021],[-83.745827,42.255024],[-83.745827,42.255028],[-83.745827,42.25503],[-83.745826,42.255034],[-83.745826,42.255038],[-83.745826,42.255041],[-83.745825,42.255045],[-83.745825,42.255049],[-83.745824,42.255053],[-83.745824,42.255057],[-83.745823,42.255061],[-83.745823,42.255064],[-83.745822,42.255068],[-83.745822,42.255072],[-83.745822,42.255076],[-83.745822,42.255079],[-83.745822,42.255083],[-83.745822,42.255087],[-83.745822,42.25509],[-83.745822,42.255094],[-83.745823,42.255097],[-83.745824,42.255101],[-83.745825,42.255104],[-83.745826,42.255108],[-83.745828,42.255111],[-83.745829,42.255115],[-83.745831,42.255118],[-83.745834,42.255122],[-83.745836,42.255125],[-83.745839,42.255128],[-83.745843,42.255131],[-83.745846,42.255134],[-83.745848,42.255136],[-83.74585,42.255137],[-83.745852,42.255139],[-83.745854,42.255141],[-83.745855,42.255142],[-83.745858,42.255144],[-83.745862,42.255147],[-83.745865,42.255149],[-83.745869,42.255152],[-83.745872,42.255154],[-83.745876,42.255156],[-83.74588,42.255157],[-83.745885,42.255159],[-83.745889,42.255159],[-83.745891,42.25516],[-83.745894,42.25516],[-83.745897,42.255161],[-83.7459,42.255161],[-83.745903,42.255161],[-83.745906,42.255162],[-83.745913,42.255162],[-83.74592,42.255161],[-83.745926,42.255161],[-83.745932,42.255159],[-83.745937,42.255158],[-83.745941,42.255156],[-83.745945,42.255153],[-83.745948,42.255151],[-83.745951,42.255148],[-83.745954,42.255144],[-83.745956,42.255141],[-83.745958,42.255137],[-83.745959,42.255133],[-83.74596,42.255129],[-83.745961,42.255125],[-83.745961,42.25512],[-83.745961,42.255116],[-83.745962,42.255111],[-83.745961,42.255107],[-83.745961,42.255102],[-83.745961,42.255097],[-83.745961,42.255093],[-83.74596,42.255088],[-83.74596,42.255084],[-83.74596,42.25508],[-83.745959,42.255076],[-83.745959,42.255072],[-83.745959,42.255068],[-83.745959,42.255065],[-83.745959,42.255062],[-83.74596,42.255059],[-83.74596,42.255057],[-83.74596,42.255054],[-83.74596,42.255051],[-83.74596,42.255048],[-83.74596,42.255045],[-83.74596,42.255043],[-83.74596,42.25504],[-83.74596,42.255037],[-83.74596,42.255034],[-83.74596,42.255032],[-83.74596,42.255029],[-83.74596,42.255026],[-83.74596,42.255023],[-83.74596,42.255021],[-83.74596,42.255018],[-83.74596,42.255015],[-83.74596,42.255012],[-83.74596,42.255009],[-83.74596,42.255007],[-83.74596,42.255004],[-83.74596,42.255001],[-83.74596,42.254998],[-83.74596,42.254996],[-83.74596,42.254993],[-83.74596,42.25499],[-83.74596,42.254987],[-83.74596,42.254985],[-83.74596,42.254982],[-83.74596,42.25498],[-83.745961,42.254978],[-83.745961,42.254976],[-83.745961,42.254974],[-83.745961,42.254971],[-83.745961,42.254969],[-83.745961,42.254967],[-83.745962,42.254965],[-83.745962,42.254961],[-83.745961,42.254957],[-83.74596,42.254954],[-83.745959,42.254951],[-83.745957,42.254948],[-83.745954,42.254945],[-83.745953,42.254944],[-83.745951,42.254942],[-83.745949,42.254941],[-83.745946,42.254939],[-83.745944,42.254938],[-83.745941,42.254936],[-83.745936,42.254934],[-83.745931,42.254932],[-83.745925,42.25493],[-83.74592,42.254929],[-83.745914,42.254928],[-83.745909,42.254928],[-83.745904,42.254927],[-83.745899,42.254927]]]},"properties":{"ObjectName":null}},{"type":"Feature","geometry":{"type":"Polygon","coordinates":[[[-83.657231,42.283206],[-83.657228,42.283211],[-83.657232,42.283217],[-83.657249,42.283226],[-83.657289,42.283246],[-83.657306,42.283251],[-83.657322,42.283254],[-83.657354,42.283255],[-83.657392,42.283248],[-83.657412,42.283242],[-83.657423,42.283237],[-83.657438,42.283223],[-83.657442,42.283217],[-83.657441,42.283212],[-83.657436,42.283205],[-83.657427,42.283199],[-83.657418,42.283196],[-83.657402,42.283194],[-83.657381,42.283193],[-83.657351,42.283195],[-83.657314,42.283203],[-83.6573,42.283204],[-83.657267,42.283198],[-83.657249,42.283198],[-83.657239,42.283201],[-83.657231,42.283206]]]},"properties":{"ObjectName":null}},{"type":"Feature","geometry":{"type":"Polygon","coordinates":[[[-83.745812,42.259429],[-83.745814,42.259434],[-83.745813,42.259437],[-83.745811,42.25944],[-83.745808,42.259442],[-83.745803,42.259444],[-83.745798,42.259446],[-83.745792,42.259447],[-83.745786,42.259448],[-83.745779,42.259449],[-83.745773,42.25945],[-83.745768,42.259451],[-83.745763,42.259452],[-83.745757,42.259454],[-83.745751,42.259457],[-83.745746,42.259459],[-83.745743,42.259462],[-83.74574,42.259465],[-83.745738,42.259469],[-83.745738,42.259472],[-83.745737,42.259476],[-83.745738,42.259479],[-83.74574,42.259483],[-83.745742,42.259487],[-83.745744,42.259492],[-83.745748,42.259496],[-83.74575,42.259499],[-83.745751,42.2595],[-83.745753,42.259502],[-83.745755,42.259504],[-83.745756,42.259505],[-83.745758,42.259507],[-83.74576,42.259508],[-83.745762,42.25951],[-83.745764,42.259511],[-83.745766,42.259512],[-83.745768,42.259514],[-83.74577,42.259515],[-83.745773,42.259516],[-83.745776,42.259516],[-83.745779,42.259517],[-83.745782,42.259517],[-83.745785,42.259518],[-83.745788,42.259518],[-83.745792,42.259518],[-83.745795,42.259518],[-83.745798,42.259518],[-83.745801,42.259518],[-83.745804,42.259519],[-83.745808,42.259519],[-83.745811,42.25952],[-83.745814,42.259521],[-83.745817,42.259523],[-83.745819,42.259525],[-83.74582,42.259528],[-83.745821,42.259531],[-83.745822,42.259535],[-83.745824,42.259538],[-83.745825,42.259541],[-83.745827,42.259542],[-83.74583,42.259544],[-83.745834,42.259546],[-83.745838,42.259548],[-83.745842,42.259549],[-83.745847,42.25955],[-83.745851,42.25955],[-83.745856,42.25955],[-83.745861,42.25955],[-83.745866,42.259549],[-83.74587,42.259548],[-83.745874,42.259547],[-83.745878,42.259545],[-83.745881,42.259543],[-83.745884,42.25954],[-83.745887,42.259538],[-83.74589,42.259535],[-83.745892,42.259532],[-83.745894,42.259529],[-83.745897,42.259526],[-83.745899,42.259523],[-83.745902,42.259519],[-83.745905,42.259514],[-83.745907,42.25951],[-83.745908,42.259507],[-83.745909,42.259503],[-83.745909,42.259499],[-83.745909,42.259496],[-83.745908,42.259492],[-83.745907,42.259488],[-83.745906,42.259484],[-83.745905,42.25948],[-83.745903,42.259475],[-83.745901,42.259471],[-83.745899,42.259466],[-83.745899,42.259462],[-83.7459,42.259459],[-83.745902,42.259455],[-83.745904,42.259452],[-83.745907,42.259449],[-83.745911,42.259446],[-83.745915,42.259443],[-83.745919,42.25944],[-83.745923,42.259438],[-83.745927,42.259435],[-83.745931,42.259432],[-83.745934,42.259429],[-83.745938,42.259424],[-83.745941,42.25942],[-83.745943,42.259416],[-83.745943,42.259413],[-83.745943,42.25941],[-83.745943,42.259407],[-83.745942,42.259403],[-83.74594,42.2594],[-83.745938,42.259397],[-83.745936,42.259394],[-83.745933,42.25939],[-83.745931,42.259386],[-83.745929,42.259382],[-83.745928,42.259378],[-83.745926,42.259373],[-83.745924,42.259369],[-83.745922,42.259366],[-83.74592,42.259362],[-83.745917,42.259358],[-83.745914,42.259354],[-83.74591,42.259351],[-83.745907,42.259348],[-83.745902,42.259345],[-83.745898,42.259343],[-83.745893,42.259341],[-83.745887,42.25934],[-83.745882,42.259339],[-83.745878,42.259339],[-83.745875,42.259339],[-83.745871,42.259339],[-83.745867,42.25934],[-83.745862,42.259342],[-83.745859,42.259343],[-83.745856,42.259344],[-83.745854,42.259345],[-83.745851,42.259346],[-83.745848,42.259346],[-83.745845,42.259347],[-83.745842,42.259348],[-83.745839,42.259348],[-83.745835,42.259348],[-83.745831,42.259347],[-83.745827,42.259346],[-83.745823,42.259345],[-83.745819,42.259344],[-83.745815,42.259343],[-83.74581,42.259343],[-83.745804,42.259344],[-83.745798,42.259345],[-83.745792,42.259346],[-83.745787,42.259348],[-83.745782,42.259351],[-83.745778,42.259354],[-83.745775,42.259357],[-83.745772,42.259361],[-83.74577,42.259365],[-83.745768,42.259369],[-83.745767,42.259374],[-83.745768,42.259379],[-83.745768,42.259383],[-83.74577,42.259387],[-83.745772,42.259391],[-83.745774,42.259394],[-83.745777,42.259398],[-83.74578,42.259401],[-83.745783,42.259404],[-83.745787,42.259406],[-83.74579,42.259409],[-83.745794,42.259412],[-83.745798,42.259415],[-83.745801,42.259418],[-83.745805,42.259421],[-83.745808,42.259424],[-83.745812,42.259429]]]},"properties":{"ObjectName":null}},{"type":"Feature","geometry":{"type":"Polygon","coordinates":[[[-83.740847,42.258945],[-83.740843,42.258946],[-83.740839,42.258947],[-83.740836,42.258948],[-83.740833,42.25895],[-83.74083,42.258951],[-83.740828,42.258953],[-83.740826,42.258956],[-83.740824,42.258959],[-83.740823,42.258961],[-83.740822,42.258964],[-83.740822,42.258967],[-83.740823,42.25897],[-83.740824,42.258973],[-83.740826,42.258975],[-83.740829,42.258978],[-83.740832,42.258981],[-83.740835,42.258983],[-83.740837,42.258985],[-83.740839,42.258987],[-83.740841,42.258988],[-83.740843,42.258989],[-83.740846,42.258991],[-83.74085,42.258993],[-83.740854,42.258995],[-83.740859,42.258997],[-83.740862,42.258998],[-83.740866,42.258998],[-83.74087,42.258997],[-83.740873,42.258996],[-83.740876,42.258994],[-83.740879,42.258992],[-83.740882,42.258989],[-83.740884,42.258986],[-83.740886,42.258983],[-83.740887,42.258981],[-83.740888,42.258977],[-83.740889,42.258974],[-83.740889,42.258971],[-83.740889,42.258967],[-83.740889,42.258965],[-83.740888,42.258962],[-83.740886,42.258959],[-83.740883,42.258956],[-83.74088,42.258954],[-83.740877,42.258952],[-83.740873,42.25895],[-83.740869,42.258948],[-83.740864,42.258947],[-83.74086,42.258946],[-83.740856,42.258946],[-83.740851,42.258945],[-83.740847,42.258945]]]},"properties":{"ObjectName":null}},{"type":"Feature","geometry":{"type":"Polygon","coordinates":[[[-83.74268,42.262696],[-83.742667,42.262699],[-83.742654,42.262706],[-83.742641,42.262713],[-83.74263,42.262727],[-83.742627,42.262737],[-83.742625,42.262744],[-83.742622,42.262755],[-83.742622,42.262768],[-83.742628,42.262782],[-83.742632,42.262796],[-83.742644,42.262809],[-83.742657,42.262821],[-83.742668,42.262832],[-83.742675,42.262846],[-83.742678,42.262856],[-83.742685,42.262872],[-83.742689,42.262887],[-83.742695,42.262896],[-83.742705,42.262905],[-83.74272,42.262911],[-83.742733,42.262915],[-83.742744,42.262916],[-83.742767,42.262917],[-83.742806,42.262913],[-83.742821,42.262909],[-83.742834,42.262904],[-83.742844,42.262896],[-83.742846,42.262888],[-83.742848,42.262877],[-83.742847,42.262867],[-83.742841,42.262852],[-83.74283,42.262839],[-83.742824,42.262832],[-83.742822,42.26283],[-83.74278,42.262787],[-83.742776,42.262783],[-83.742774,42.262781],[-83.74277,42.262777],[-83.742768,42.262776],[-83.742765,42.262772],[-83.742763,42.26277],[-83.74274,42.262739],[-83.74273,42.262725],[-83.742723,42.262711],[-83.742718,42.262706],[-83.742707,42.262699],[-83.742693,42.262694],[-83.74268,42.262696]]]},"properties":{"ObjectName":null}},{"type":"Feature","geometry":{"type":"Polygon","coordinates":[[[-83.653745,42.280942],[-83.653733,42.280946],[-83.65372,42.280952],[-83.653709,42.280963],[-83.653699,42.280979],[-83.653696,42.28099],[-83.653692,42.281021],[-83.653687,42.281043],[-83.653681,42.281053],[-83.653663,42.281063],[-83.653641,42.281068],[-83.653634,42.281072],[-83.653627,42.281081],[-83.653625,42.281094],[-83.653627,42.281103],[-83.653633,42.281112],[-83.653649,42.281125],[-83.653656,42.281134],[-83.653669,42.281156],[-83.653677,42.281165],[-83.653688,42.281172],[-83.653695,42.281175],[-83.653715,42.281174],[-83.653735,42.281171],[-83.653747,42.281166],[-83.653755,42.281159],[-83.653763,42.281147],[-83.653766,42.281137],[-83.653768,42.281118],[-83.653767,42.281102],[-83.653756,42.281062],[-83.653756,42.281052],[-83.653758,42.281043],[-83.653781,42.281009],[-83.653789,42.280986],[-83.65379,42.280971],[-83.653782,42.280953],[-83.653776,42.280947],[-83.65377,42.280944],[-83.653759,42.280942],[-83.653745,42.280942]]]},"properties":{"ObjectName":null}},{"type":"Feature","geometry":{"type":"Polygon","coordinates":[[[-83.744439,42.261427],[-83.744435,42.261428],[-83.744431,42.261431],[-83.74443,42.261434],[-83.74443,42.261437],[-83.74443,42.26144],[-83.744431,42.261442],[-83.744432,42.261444],[-83.744434,42.261447],[-83.744436,42.261448],[-83.744438,42.261451],[-83.744442,42.261453],[-83.744446,42.261454],[-83.74445,42.261455],[-83.744453,42.261454],[-83.744455,42.261452],[-83.744458,42.26145],[-83.744459,42.261447],[-83.74446,42.261445],[-83.74446,42.261442],[-83.74446,42.26144],[-83.744459,42.261438],[-83.744458,42.261436],[-83.744457,42.261434],[-83.744455,42.261431],[-83.744452,42.261429],[-83.744449,42.261428],[-83.744446,42.261427],[-83.744442,42.261427],[-83.744439,42.261427]]]},"properties":{"ObjectName":null}},{"type":"Feature","geometry":{"type":"Polygon","coordinates":[[[-83.656298,42.283022],[-83.656302,42.283028],[-83.656312,42.283036],[-83.656327,42.283044],[-83.656362,42.283052],[-83.656375,42.283057],[-83.656407,42.283075],[-83.656426,42.283092],[-83.656463,42.283139],[-83.656475,42.283149],[-83.656489,42.283157],[-83.656511,42.283164],[-83.656527,42.283165],[-83.656537,42.283163],[-83.656544,42.283158],[-83.656548,42.283151],[-83.656546,42.283142],[-83.656537,42.28313],[-83.656517,42.283116],[-83.656514,42.283105],[-83.656517,42.28309],[-83.656529,42.283067],[-83.656532,42.283049],[-83.65653,42.283033],[-83.65652,42.283015],[-83.656506,42.283],[-83.656489,42.282991],[-83.65646,42.282982],[-83.656448,42.282978],[-83.656442,42.282978],[-83.656436,42.282982],[-83.65643,42.28299],[-83.656428,42.283006],[-83.656423,42.283014],[-83.656413,42.283017],[-83.656408,42.283015],[-83.656398,42.283007],[-83.656369,42.282994],[-83.656345,42.282988],[-83.65633,42.282988],[-83.65632,42.28299],[-83.656311,42.282996],[-83.656302,42.283009],[-83.656298,42.283022]]]},"properties":{"ObjectName":null}},{"type":"Feature","geometry":{"type":"Polygon","coordinates":[[[-83.658925,42.286264],[-83.658913,42.28625],[-83.658903,42.286206],[-83.658889,42.286173],[-83.658859,42.286145],[-83.658773,42.286111],[-83.658383,42.285939],[-83.658213,42.28587],[-83.65805,42.285829],[-83.657936,42.285835],[-83.657893,42.285866],[-83.65788,42.285903],[-83.657907,42.285946],[-83.657971,42.285981],[-83.658058,42.286024],[-83.658203,42.286128],[-83.658323,42.286223],[-83.658414,42.28631],[-83.658455,42.286339],[-83.658534,42.286391],[-83.658601,42.28646],[-83.658647,42.286515],[-83.658701,42.2866],[-83.658787,42.286712],[-83.658835,42.286773],[-83.658924,42.286812],[-83.659008,42.286827],[-83.659154,42.286832],[-83.659382,42.286827],[-83.659673,42.286809],[-83.66004,42.286778],[-83.660243,42.286761],[-83.660347,42.286771],[-83.660417,42.28679],[-83.660523,42.286801],[-83.66059,42.286798],[-83.660657,42.286797],[-83.660799,42.286766],[-83.660906,42.286734],[-83.66097,42.286721],[-83.661032,42.286727],[-83.661104,42.286755],[-83.661175,42.28678],[-83.661256,42.286797],[-83.661239,42.28679],[-83.661218,42.286778],[-83.661193,42.286762],[-83.661181,42.28675],[-83.661175,42.286736],[-83.661175,42.286721],[-83.661181,42.286705],[-83.661194,42.28669],[-83.661214,42.286678],[-83.661247,42.286667],[-83.661201,42.286663],[-83.661136,42.286647],[-83.661044,42.286605],[-83.660939,42.286551],[-83.660841,42.286508],[-83.660609,42.286469],[-83.660227,42.286459],[-83.660095,42.286477],[-83.659978,42.286527],[-83.659854,42.286538],[-83.659715,42.286529],[-83.659564,42.286516],[-83.65945,42.286526],[-83.659334,42.286516],[-83.659223,42.286473],[-83.659137,42.286401],[-83.659073,42.286356],[-83.65901,42.286317],[-83.658989,42.28632],[-83.658978,42.286318],[-83.658965,42.286313],[-83.658953,42.286307],[-83.658942,42.286298],[-83.658934,42.286289],[-83.658928,42.28628],[-83.658925,42.286264]]]},"properties":{"ObjectName":null}},{"type":"Feature","geometry":{"type":"Polygon","coordinates":[[[-83.656229,42.283839],[-83.656201,42.283846],[-83.656189,42.283853],[-83.656179,42.283864],[-83.656159,42.283912],[-83.656149,42.283928],[-83.656118,42.283961],[-83.656086,42.283989],[-83.656071,42.283999],[-83.656027,42.284021],[-83.656017,42.284028],[-83.656009,42.284036],[-83.655998,42.284053],[-83.655992,42.284066],[-83.655991,42.284076],[-83.655994,42.284084],[-83.656009,42.284093],[-83.656027,42.284098],[-83.656041,42.284095],[-83.656063,42.284086],[-83.656083,42.284074],[-83.656121,42.284039],[-83.65619,42.283992],[-83.656247,42.283952],[-83.65628,42.283926],[-83.656306,42.283907],[-83.656314,42.283895],[-83.656316,42.283886],[-83.656314,42.283875],[-83.656311,42.283865],[-83.656305,42.283857],[-83.656297,42.283851],[-83.656285,42.283845],[-83.656256,42.283839],[-83.656229,42.283839]]]},"properties":{"ObjectName":null}},{"type":"Feature","geometry":{"type":"Polygon","coordinates":[[[-83.742234,42.256277],[-83.742229,42.256279],[-83.742224,42.25628],[-83.742219,42.25628],[-83.742214,42.25628],[-83.74221,42.256279],[-83.742205,42.256277],[-83.7422,42.256275],[-83.742195,42.256273],[-83.74219,42.256271],[-83.742185,42.256269],[-83.74218,42.256267],[-83.742174,42.256266],[-83.742169,42.256266],[-83.742163,42.256266],[-83.742157,42.256268],[-83.74215,42.25627],[-83.742147,42.256273],[-83.742146,42.256276],[-83.742146,42.256278],[-83.742146,42.256281],[-83.742146,42.256283],[-83.742148,42.256286],[-83.74215,42.256289],[-83.742153,42.256292],[-83.742156,42.256295],[-83.742158,42.256297],[-83.742159,42.256299],[-83.742159,42.256301],[-83.74216,42.256304],[-83.74216,42.256307],[-83.74216,42.256309],[-83.742159,42.256312],[-83.742158,42.256314],[-83.742155,42.256317],[-83.742152,42.25632],[-83.742149,42.256322],[-83.742147,42.256323],[-83.742145,42.256325],[-83.742143,42.256326],[-83.742141,42.256328],[-83.742139,42.25633],[-83.742137,42.256333],[-83.742135,42.256337],[-83.742133,42.256341],[-83.742132,42.256346],[-83.742131,42.25635],[-83.742131,42.256354],[-83.742132,42.256359],[-83.742132,42.256363],[-83.742134,42.256368],[-83.742135,42.256372],[-83.742137,42.256376],[-83.742139,42.25638],[-83.742142,42.256384],[-83.742144,42.256388],[-83.742147,42.256392],[-83.74215,42.256396],[-83.742153,42.256399],[-83.742156,42.256402],[-83.742159,42.256405],[-83.742162,42.256408],[-83.742166,42.256412],[-83.74217,42.256415],[-83.742174,42.256418],[-83.742178,42.256421],[-83.742183,42.256423],[-83.742188,42.256426],[-83.742192,42.256428],[-83.742197,42.25643],[-83.742203,42.256431],[-83.742208,42.256433],[-83.742213,42.256433],[-83.742218,42.256433],[-83.742225,42.256433],[-83.742228,42.256432],[-83.742232,42.256431],[-83.742236,42.25643],[-83.742239,42.256428],[-83.742241,42.256427],[-83.742244,42.256425],[-83.742247,42.256422],[-83.742249,42.25642],[-83.742251,42.256418],[-83.742254,42.256416],[-83.742256,42.256413],[-83.742258,42.256411],[-83.742261,42.256409],[-83.742263,42.256407],[-83.742266,42.256405],[-83.742269,42.256404],[-83.742273,42.256402],[-83.742277,42.256401],[-83.742281,42.2564],[-83.742285,42.2564],[-83.742289,42.256401],[-83.742293,42.256401],[-83.742297,42.256403],[-83.7423,42.256404],[-83.742304,42.256406],[-83.742307,42.256407],[-83.74231,42.256409],[-83.742314,42.25641],[-83.742317,42.256412],[-83.742321,42.256413],[-83.742325,42.256414],[-83.742329,42.256414],[-83.742333,42.256414],[-83.742337,42.256414],[-83.742341,42.256413],[-83.742344,42.256411],[-83.742348,42.256409],[-83.742351,42.256407],[-83.742354,42.256405],[-83.742357,42.256402],[-83.74236,42.256399],[-83.742362,42.256396],[-83.742364,42.256392],[-83.742365,42.256389],[-83.742366,42.256385],[-83.742367,42.256382],[-83.742367,42.256379],[-83.742367,42.256376],[-83.742366,42.256373],[-83.742364,42.25637],[-83.742363,42.256368],[-83.742361,42.256366],[-83.742358,42.256364],[-83.742356,42.256363],[-83.742353,42.256362],[-83.74235,42.256361],[-83.742347,42.25636],[-83.742344,42.256359],[-83.74234,42.256358],[-83.742337,42.256358],[-83.742334,42.256357],[-83.742331,42.256356],[-83.742328,42.256355],[-83.742325,42.256354],[-83.742322,42.256353],[-83.742319,42.256351],[-83.742317,42.25635],[-83.742312,42.256346],[-83.742309,42.256342],[-83.742307,42.256339],[-83.742305,42.256335],[-83.742305,42.256332],[-83.742305,42.256329],[-83.742306,42.256326],[-83.742308,42.256324],[-83.74231,42.256321],[-83.742313,42.256319],[-83.742316,42.256316],[-83.742319,42.256314],[-83.742322,42.256311],[-83.742325,42.256309],[-83.742328,42.256306],[-83.742331,42.256304],[-83.742335,42.2563],[-83.742339,42.256293],[-83.742341,42.256287],[-83.742341,42.256281],[-83.74234,42.256275],[-83.742337,42.256269],[-83.742333,42.256263],[-83.742328,42.256258],[-83.742322,42.256253],[-83.742316,42.256249],[-83.742308,42.256245],[-83.7423,42.256243],[-83.742292,42.256241],[-83.742284,42.25624],[-83.742275,42.25624],[-83.742267,42.256242],[-83.742258,42.256245],[-83.742255,42.256246],[-83.742253,42.256248],[-83.742251,42.25625],[-83.742249,42.256252],[-83.742248,42.256253],[-83.742247,42.256255],[-83.742246,42.256258],[-83.742246,42.25626],[-83.742245,42.256262],[-83.742244,42.256264],[-83.742244,42.256266],[-83.742243,42.256268],[-83.742242,42.25627],[-83.742241,42.256272],[-83.742239,42.256274],[-83.742237,42.256275],[-83.742234,42.256277]]]},"properties":{"ObjectName":null}},{"type":"Feature","geometry":{"type":"Polygon","coordinates":[[[-83.660846,42.285352],[-83.660837,42.28536],[-83.660834,42.285367],[-83.660832,42.285383],[-83.66083,42.285403],[-83.660828,42.285416],[-83.660824,42.285422],[-83.660813,42.285429],[-83.66079,42.28543],[-83.660773,42.285432],[-83.660763,42.285436],[-83.660754,42.285442],[-83.660746,42.285451],[-83.660742,42.28546],[-83.660741,42.285468],[-83.660744,42.285476],[-83.660749,42.285484],[-83.660762,42.285492],[-83.66078,42.285492],[-83.660789,42.28549],[-83.660805,42.285483],[-83.660825,42.285473],[-83.660842,42.285461],[-83.660866,42.28544],[-83.660883,42.285416],[-83.660891,42.285402],[-83.660894,42.285393],[-83.660894,42.285383],[-83.660891,42.285371],[-83.660887,42.285359],[-83.660884,42.285354],[-83.660871,42.285349],[-83.660856,42.285348],[-83.660846,42.285352]]]},"properties":{"ObjectName":null}},{"type":"Feature","geometry":{"type":"Polygon","coordinates":[[[-83.749793,42.258995],[-83.749788,42.258992],[-83.749784,42.258989],[-83.74978,42.258987],[-83.749776,42.258985],[-83.749772,42.258984],[-83.749767,42.258983],[-83.749763,42.258982],[-83.749758,42.258981],[-83.749754,42.258981],[-83.749749,42.258982],[-83.749746,42.258983],[-83.749743,42.258984],[-83.749741,42.258985],[-83.749738,42.258986],[-83.749736,42.258987],[-83.749734,42.258989],[-83.749732,42.25899],[-83.74973,42.258992],[-83.749728,42.258993],[-83.749726,42.258995],[-83.749724,42.258996],[-83.749722,42.258998],[-83.74972,42.258999],[-83.749717,42.259],[-83.749714,42.259],[-83.749711,42.259001],[-83.749707,42.259001],[-83.749703,42.259001],[-83.749699,42.259],[-83.749696,42.258999],[-83.749693,42.258999],[-83.74969,42.258998],[-83.749687,42.258996],[-83.749685,42.258995],[-83.749683,42.258994],[-83.749681,42.258992],[-83.749679,42.258991],[-83.749677,42.25899],[-83.749675,42.258988],[-83.749672,42.258987],[-83.74967,42.258986],[-83.749667,42.258985],[-83.749665,42.258984],[-83.749661,42.258984],[-83.749658,42.258983],[-83.749654,42.258983],[-83.74965,42.258983],[-83.749647,42.258983],[-83.749644,42.258984],[-83.749641,42.258985],[-83.749638,42.258985],[-83.749635,42.258986],[-83.749633,42.258987],[-83.74963,42.258988],[-83.749628,42.25899],[-83.749625,42.258991],[-83.749623,42.258993],[-83.749621,42.258994],[-83.749619,42.258996],[-83.749617,42.258998],[-83.749616,42.259],[-83.749615,42.259002],[-83.749614,42.259004],[-83.749613,42.259006],[-83.749612,42.259008],[-83.749612,42.259011],[-83.749611,42.259014],[-83.749612,42.259016],[-83.749612,42.259018],[-83.749613,42.259021],[-83.749614,42.259023],[-83.749615,42.259025],[-83.749616,42.259028],[-83.749617,42.25903],[-83.749619,42.259032],[-83.74962,42.259034],[-83.749622,42.259036],[-83.749623,42.259038],[-83.749625,42.25904],[-83.749626,42.259042],[-83.749628,42.259044],[-83.749629,42.259047],[-83.74963,42.259049],[-83.749632,42.259052],[-83.749633,42.259055],[-83.749634,42.259057],[-83.749634,42.25906],[-83.749635,42.259062],[-83.749636,42.259064],[-83.749637,42.259066],[-83.749639,42.259069],[-83.749642,42.259071],[-83.749646,42.259073],[-83.749649,42.259074],[-83.749652,42.259074],[-83.749656,42.259075],[-83.749661,42.259075],[-83.749665,42.259076],[-83.749669,42.259076],[-83.749672,42.259075],[-83.749675,42.259075],[-83.749679,42.259074],[-83.749682,42.259074],[-83.749686,42.259073],[-83.749689,42.259072],[-83.749693,42.259072],[-83.749696,42.259071],[-83.7497,42.259071],[-83.749703,42.259071],[-83.749706,42.259071],[-83.749709,42.259071],[-83.749712,42.259072],[-83.749716,42.259074],[-83.749717,42.259075],[-83.749719,42.259078],[-83.749719,42.259081],[-83.749718,42.259084],[-83.749717,42.259086],[-83.749716,42.259088],[-83.749715,42.259091],[-83.749713,42.259093],[-83.749712,42.259095],[-83.749711,42.259097],[-83.74971,42.2591],[-83.749709,42.259102],[-83.749709,42.259105],[-83.749709,42.259107],[-83.749709,42.25911],[-83.74971,42.259112],[-83.749711,42.259115],[-83.749713,42.259118],[-83.749716,42.25912],[-83.749719,42.259122],[-83.749722,42.259124],[-83.749726,42.259126],[-83.74973,42.259127],[-83.749734,42.259128],[-83.749739,42.259129],[-83.749743,42.25913],[-83.749747,42.25913],[-83.749752,42.25913],[-83.749756,42.25913],[-83.749761,42.25913],[-83.749765,42.259129],[-83.749769,42.259128],[-83.749773,42.259127],[-83.749777,42.259125],[-83.74978,42.259123],[-83.749785,42.25912],[-83.749788,42.259118],[-83.74979,42.259114],[-83.749792,42.259112],[-83.749793,42.259109],[-83.749793,42.259106],[-83.749792,42.259104],[-83.749791,42.259101],[-83.74979,42.259099],[-83.749788,42.259096],[-83.749786,42.259094],[-83.749783,42.259092],[-83.749781,42.259089],[-83.749779,42.259087],[-83.749777,42.259084],[-83.749776,42.259081],[-83.749775,42.259078],[-83.749774,42.259075],[-83.749775,42.259072],[-83.749779,42.25907],[-83.749783,42.259068],[-83.749787,42.259066],[-83.74979,42.259063],[-83.749794,42.259061],[-83.749797,42.259058],[-83.749799,42.259055],[-83.749802,42.259052],[-83.749804,42.259049],[-83.749806,42.259046],[-83.749808,42.259043],[-83.749809,42.259039],[-83.74981,42.259036],[-83.749811,42.259032],[-83.749811,42.259029],[-83.749811,42.259025],[-83.749811,42.259022],[-83.74981,42.259018],[-83.749809,42.259015],[-83.749808,42.259012],[-83.749806,42.259009],[-83.749804,42.259006],[-83.749801,42.259003],[-83.749798,42.259],[-83.749795,42.258997],[-83.749793,42.258995]]]},"properties":{"ObjectName":null}},{"type":"Feature","geometry":{"type":"Polygon","coordinates":[[[-83.74544,42.25766],[-83.745437,42.25766],[-83.745433,42.257661],[-83.74543,42.257662],[-83.745426,42.257664],[-83.745423,42.257666],[-83.745419,42.257668],[-83.745416,42.25767],[-83.745414,42.257673],[-83.745412,42.257674],[-83.74541,42.257676],[-83.745409,42.257678],[-83.745406,42.257681],[-83.745404,42.257684],[-83.745403,42.257687],[-83.745402,42.257691],[-83.745402,42.257695],[-83.745402,42.257698],[-83.745402,42.2577],[-83.745402,42.257702],[-83.745403,42.257704],[-83.745403,42.257706],[-83.745404,42.257708],[-83.745404,42.25771],[-83.745405,42.257712],[-83.745406,42.257714],[-83.745407,42.257716],[-83.745408,42.257718],[-83.745409,42.25772],[-83.745411,42.257722],[-83.745412,42.257723],[-83.745413,42.257725],[-83.745415,42.257727],[-83.745416,42.257729],[-83.745418,42.257731],[-83.74542,42.257732],[-83.745421,42.257734],[-83.745423,42.257735],[-83.745425,42.257737],[-83.745427,42.257738],[-83.745429,42.25774],[-83.745431,42.257741],[-83.745433,42.257742],[-83.745436,42.257744],[-83.745441,42.257746],[-83.745446,42.257747],[-83.74545,42.257748],[-83.745455,42.257748],[-83.74546,42.257748],[-83.745464,42.257748],[-83.745467,42.257747],[-83.74547,42.257746],[-83.745474,42.257745],[-83.745478,42.257743],[-83.745481,42.257742],[-83.745484,42.25774],[-83.745487,42.257738],[-83.745489,42.257735],[-83.745491,42.257733],[-83.745493,42.25773],[-83.745494,42.257728],[-83.745496,42.257725],[-83.745496,42.257722],[-83.745497,42.257719],[-83.745497,42.257716],[-83.745497,42.257713],[-83.745497,42.25771],[-83.745497,42.257707],[-83.745496,42.257704],[-83.745495,42.257701],[-83.745494,42.257698],[-83.745493,42.257695],[-83.745492,42.257693],[-83.745491,42.25769],[-83.745489,42.257687],[-83.745487,42.257684],[-83.745485,42.257681],[-83.745483,42.257679],[-83.74548,42.257676],[-83.745478,42.257674],[-83.745475,42.257671],[-83.745472,42.257669],[-83.745469,42.257667],[-83.745467,42.257666],[-83.745463,42.257664],[-83.74546,42.257663],[-83.745457,42.257662],[-83.745454,42.257661],[-83.74545,42.25766],[-83.745447,42.25766],[-83.745444,42.25766],[-83.74544,42.25766]]]},"properties":{"ObjectName":null}},{"type":"Feature","geometry":{"type":"Polygon","coordinates":[[[-83.74406,42.254719],[-83.744055,42.25472],[-83.744049,42.25472],[-83.744044,42.254722],[-83.744039,42.254723],[-83.744034,42.254724],[-83.744029,42.254726],[-83.744025,42.254728],[-83.744021,42.254731],[-83.744017,42.254733],[-83.744014,42.254736],[-83.744011,42.254739],[-83.744008,42.254742],[-83.744005,42.254745],[-83.744002,42.254749],[-83.744,42.254752],[-83.743998,42.254756],[-83.743996,42.25476],[-83.743994,42.254764],[-83.743993,42.254768],[-83.743991,42.254772],[-83.74399,42.254776],[-83.743989,42.25478],[-83.743988,42.254785],[-83.743987,42.254789],[-83.743987,42.254793],[-83.743987,42.254798],[-83.743986,42.254802],[-83.743986,42.254806],[-83.743986,42.254811],[-83.743987,42.254814],[-83.743987,42.254816],[-83.743987,42.254819],[-83.743987,42.254821],[-83.743987,42.254823],[-83.743988,42.254825],[-83.743988,42.254828],[-83.743988,42.25483],[-83.743989,42.254832],[-83.743989,42.254835],[-83.743989,42.254837],[-83.74399,42.254839],[-83.74399,42.254841],[-83.743991,42.254844],[-83.743991,42.254846],[-83.743992,42.254848],[-83.743992,42.254851],[-83.743993,42.254853],[-83.743994,42.254855],[-83.743994,42.254857],[-83.743995,42.25486],[-83.743996,42.254862],[-83.743996,42.254864],[-83.743997,42.254866],[-83.743998,42.254869],[-83.743999,42.254871],[-83.744,42.254873],[-83.744001,42.254875],[-83.744001,42.254877],[-83.744002,42.25488],[-83.744003,42.254882],[-83.744004,42.254884],[-83.744005,42.254886],[-83.744006,42.254888],[-83.744008,42.254891],[-83.744009,42.254893],[-83.74401,42.254896],[-83.744011,42.254898],[-83.744012,42.254901],[-83.744014,42.254904],[-83.744015,42.254907],[-83.744016,42.25491],[-83.744018,42.254913],[-83.744019,42.254915],[-83.744021,42.254918],[-83.744022,42.254921],[-83.744024,42.254924],[-83.744025,42.254927],[-83.744027,42.25493],[-83.744029,42.254933],[-83.74403,42.254936],[-83.744032,42.254939],[-83.744034,42.254942],[-83.744036,42.254945],[-83.744037,42.254948],[-83.744039,42.25495],[-83.744041,42.254953],[-83.744043,42.254956],[-83.744046,42.254958],[-83.744048,42.254961],[-83.74405,42.254963],[-83.744052,42.254965],[-83.744054,42.254967],[-83.744057,42.254969],[-83.744059,42.254971],[-83.744062,42.254973],[-83.744065,42.254975],[-83.744069,42.254977],[-83.744073,42.254978],[-83.744078,42.25498],[-83.744084,42.254981],[-83.74409,42.254982],[-83.744096,42.254982],[-83.744102,42.254982],[-83.744109,42.254982],[-83.744116,42.254982],[-83.744123,42.254981],[-83.74413,42.25498],[-83.744138,42.254979],[-83.744145,42.254978],[-83.744153,42.254976],[-83.74416,42.254974],[-83.744168,42.254972],[-83.744175,42.25497],[-83.744182,42.254968],[-83.744189,42.254965],[-83.744196,42.254963],[-83.744203,42.25496],[-83.744209,42.254957],[-83.744215,42.254954],[-83.744221,42.254951],[-83.744226,42.254948],[-83.744231,42.254944],[-83.744236,42.254941],[-83.74424,42.254937],[-83.744243,42.254934],[-83.744246,42.25493],[-83.744248,42.254926],[-83.74425,42.254923],[-83.744251,42.254919],[-83.744251,42.254916],[-83.744251,42.254914],[-83.744251,42.254911],[-83.74425,42.254909],[-83.74425,42.254907],[-83.744249,42.254905],[-83.744248,42.254902],[-83.744247,42.2549],[-83.744245,42.254898],[-83.744244,42.254896],[-83.744242,42.254894],[-83.744241,42.254892],[-83.744239,42.254891],[-83.744237,42.254889],[-83.744235,42.254887],[-83.744233,42.254885],[-83.74423,42.254883],[-83.744228,42.254882],[-83.744226,42.25488],[-83.744223,42.254878],[-83.744221,42.254876],[-83.744219,42.254875],[-83.744216,42.254873],[-83.744214,42.254871],[-83.744212,42.254869],[-83.74421,42.254868],[-83.744207,42.254866],[-83.744205,42.254864],[-83.744203,42.254862],[-83.744201,42.25486],[-83.744199,42.254858],[-83.744198,42.254856],[-83.744196,42.254854],[-83.744193,42.25485],[-83.74419,42.254846],[-83.744187,42.254841],[-83.744185,42.254836],[-83.744183,42.254831],[-83.744181,42.254826],[-83.744179,42.254821],[-83.744177,42.254816],[-83.744176,42.254811],[-83.744174,42.254806],[-83.744173,42.254801],[-83.744172,42.254796],[-83.74417,42.254791],[-83.744169,42.254786],[-83.744167,42.254781],[-83.744165,42.254777],[-83.744164,42.254772],[-83.744162,42.254768],[-83.744159,42.254763],[-83.744157,42.254759],[-83.744154,42.254755],[-83.744151,42.254751],[-83.744148,42.254747],[-83.744144,42.254743],[-83.74414,42.25474],[-83.744135,42.254737],[-83.74413,42.254734],[-83.744124,42.254731],[-83.744118,42.254728],[-83.744111,42.254726],[-83.744104,42.254724],[-83.744096,42.254722],[-83.744088,42.254721],[-83.74408,42.25472],[-83.744073,42.254719],[-83.744067,42.254719],[-83.74406,42.254719]]]},"properties":{"ObjectName":null}},{"type":"Feature","geometry":{"type":"Polygon","coordinates":[[[-83.742852,42.261935],[-83.742931,42.261997],[-83.742931,42.261979],[-83.742933,42.261962],[-83.742939,42.261947],[-83.742954,42.261933],[-83.742979,42.261926],[-83.743004,42.261927],[-83.74304,42.261936],[-83.742981,42.261884],[-83.742971,42.261857],[-83.742965,42.261821],[-83.742963,42.261782],[-83.742966,42.261746],[-83.742969,42.261695],[-83.742984,42.261626],[-83.74299,42.261541],[-83.743004,42.261452],[-83.743013,42.261419],[-83.743019,42.261386],[-83.743022,42.261354],[-83.743012,42.261294],[-83.742995,42.261233],[-83.742968,42.261179],[-83.74292,42.261119],[-83.742885,42.26106],[-83.742892,42.260988],[-83.742903,42.260955],[-83.742902,42.260928],[-83.742903,42.2609],[-83.742908,42.260871],[-83.742922,42.260847],[-83.742943,42.260827],[-83.742964,42.260806],[-83.74299,42.260787],[-83.743016,42.260767],[-83.743036,42.260743],[-83.743047,42.260718],[-83.743059,42.26069],[-83.743084,42.260636],[-83.743109,42.260582],[-83.743126,42.260525],[-83.743139,42.260455],[-83.743161,42.260386],[-83.74319,42.260321],[-83.743209,42.260287],[-83.743225,42.26026],[-83.743242,42.260231],[-83.743253,42.260206],[-83.743267,42.260182],[-83.743283,42.260158],[-83.743317,42.260115],[-83.74335,42.260066],[-83.743374,42.260014],[-83.743387,42.259978],[-83.743393,42.259945],[-83.743395,42.259913],[-83.74339,42.259881],[-83.74337,42.259859],[-83.743333,42.259846],[-83.743266,42.259844],[-83.743191,42.259859],[-83.743124,42.259892],[-83.743092,42.259917],[-83.743071,42.259935],[-83.74305,42.259953],[-83.743024,42.259975],[-83.742996,42.259996],[-83.742968,42.260018],[-83.742933,42.260049],[-83.742897,42.260083],[-83.742864,42.260116],[-83.742802,42.260187],[-83.742742,42.260275],[-83.742694,42.260368],[-83.742663,42.260436],[-83.74264,42.260491],[-83.742619,42.260548],[-83.742595,42.260641],[-83.742582,42.260754],[-83.742578,42.260868],[-83.742577,42.260987],[-83.742577,42.26111],[-83.74258,42.261233],[-83.74259,42.261314],[-83.742613,42.261367],[-83.742647,42.261417],[-83.742685,42.261463],[-83.742723,42.261513],[-83.74274,42.261566],[-83.742725,42.261617],[-83.742713,42.261665],[-83.742704,42.261713],[-83.742696,42.261744],[-83.742694,42.261766],[-83.742697,42.261789],[-83.742703,42.26181],[-83.742709,42.261828],[-83.742717,42.261846],[-83.742732,42.261861],[-83.742744,42.261876],[-83.742757,42.261891],[-83.742777,42.261903],[-83.742801,42.261912],[-83.742826,42.261922],[-83.742852,42.261935]]]},"properties":{"ObjectName":null}},{"type":"Feature","geometry":{"type":"Polygon","coordinates":[[[-83.743692,42.261772],[-83.743689,42.261772],[-83.743685,42.261772],[-83.743681,42.261772],[-83.743678,42.261773],[-83.743674,42.261773],[-83.743671,42.261774],[-83.743668,42.261774],[-83.743665,42.261775],[-83.743662,42.261775],[-83.743659,42.261776],[-83.743655,42.261777],[-83.743651,42.261779],[-83.743647,42.261781],[-83.743644,42.261784],[-83.743642,42.261787],[-83.74364,42.26179],[-83.743638,42.261793],[-83.743637,42.261796],[-83.743636,42.261799],[-83.743635,42.261803],[-83.743635,42.261805],[-83.743635,42.261808],[-83.743635,42.261811],[-83.743635,42.261814],[-83.743636,42.261817],[-83.743637,42.26182],[-83.743638,42.261823],[-83.74364,42.261827],[-83.743642,42.261829],[-83.743645,42.261832],[-83.743648,42.261835],[-83.743651,42.261837],[-83.743655,42.261839],[-83.743659,42.261841],[-83.743663,42.261843],[-83.743668,42.261845],[-83.743672,42.261846],[-83.743677,42.261847],[-83.743681,42.261848],[-83.743683,42.261849],[-83.743686,42.261849],[-83.743688,42.26185],[-83.743691,42.26185],[-83.743694,42.261851],[-83.743696,42.261851],[-83.743699,42.261852],[-83.743702,42.261852],[-83.743705,42.261852],[-83.743708,42.261852],[-83.743711,42.261853],[-83.743713,42.261853],[-83.743716,42.261853],[-83.743719,42.261853],[-83.743722,42.261853],[-83.743725,42.261853],[-83.743728,42.261853],[-83.743731,42.261853],[-83.743734,42.261853],[-83.743736,42.261853],[-83.743739,42.261852],[-83.743742,42.261852],[-83.743745,42.261852],[-83.743747,42.261851],[-83.74375,42.261851],[-83.743753,42.26185],[-83.743755,42.26185],[-83.743758,42.261849],[-83.74376,42.261848],[-83.743763,42.261847],[-83.743765,42.261847],[-83.743767,42.261846],[-83.743771,42.261844],[-83.743775,42.261842],[-83.743779,42.261839],[-83.743781,42.261837],[-83.743783,42.261835],[-83.743784,42.261834],[-83.743786,42.261832],[-83.743787,42.26183],[-83.743788,42.261828],[-83.743789,42.261826],[-83.74379,42.261824],[-83.743791,42.261821],[-83.743792,42.261818],[-83.743792,42.261815],[-83.743792,42.261813],[-83.743792,42.26181],[-83.743791,42.261808],[-83.743791,42.261806],[-83.74379,42.261803],[-83.743788,42.261801],[-83.743787,42.261799],[-83.743785,42.261797],[-83.743783,42.261795],[-83.743781,42.261793],[-83.743779,42.261792],[-83.743776,42.26179],[-83.743774,42.261788],[-83.743771,42.261787],[-83.743768,42.261785],[-83.743765,42.261784],[-83.743761,42.261783],[-83.743758,42.261781],[-83.743754,42.26178],[-83.743751,42.261779],[-83.743747,42.261778],[-83.743743,42.261777],[-83.74374,42.261776],[-83.743736,42.261776],[-83.743732,42.261775],[-83.743728,42.261774],[-83.743724,42.261774],[-83.74372,42.261773],[-83.743716,42.261773],[-83.743712,42.261772],[-83.743708,42.261772],[-83.743704,42.261772],[-83.7437,42.261772],[-83.743696,42.261772],[-83.743692,42.261772]]]},"properties":{"ObjectName":null}},{"type":"Feature","geometry":{"type":"Polygon","coordinates":[[[-83.657075,42.284865],[-83.657091,42.284874],[-83.657113,42.284892],[-83.657127,42.284897],[-83.657143,42.284899],[-83.657159,42.284898],[-83.657169,42.284895],[-83.657174,42.28489],[-83.657179,42.284881],[-83.657181,42.28487],[-83.657179,42.28486],[-83.657171,42.284853],[-83.657158,42.284846],[-83.657126,42.284844],[-83.657102,42.284837],[-83.657089,42.284831],[-83.657063,42.284812],[-83.65705,42.284807],[-83.657032,42.284803],[-83.65701,42.2848],[-83.656975,42.2848],[-83.656962,42.284796],[-83.656935,42.284783],[-83.656922,42.284781],[-83.656899,42.284781],[-83.656882,42.284786],[-83.656872,42.284793],[-83.656864,42.284803],[-83.65686,42.284813],[-83.65686,42.284823],[-83.656863,42.284835],[-83.656869,42.284844],[-83.656877,42.284849],[-83.656889,42.284854],[-83.656906,42.284857],[-83.656926,42.284857],[-83.656949,42.284852],[-83.656975,42.284839],[-83.656986,42.284837],[-83.656997,42.28484],[-83.657004,42.284845],[-83.657016,42.28486],[-83.657023,42.284865],[-83.657033,42.284867],[-83.657062,42.284864],[-83.657075,42.284865]]]},"properties":{"ObjectName":null}},{"type":"Feature","geometry":{"type":"Polygon","coordinates":[[[-83.744862,42.254861],[-83.744868,42.254865],[-83.744875,42.254868],[-83.744882,42.25487],[-83.74489,42.254871],[-83.744898,42.254872],[-83.744907,42.254871],[-83.744915,42.25487],[-83.744917,42.254869],[-83.74492,42.254868],[-83.744922,42.254867],[-83.744925,42.254866],[-83.744927,42.254865],[-83.74493,42.254864],[-83.744932,42.254863],[-83.744935,42.254862],[-83.744938,42.254862],[-83.744942,42.254861],[-83.744945,42.254862],[-83.744948,42.254862],[-83.744952,42.254862],[-83.744956,42.254863],[-83.74496,42.254864],[-83.744964,42.254864],[-83.744967,42.254865],[-83.744974,42.254865],[-83.744979,42.254865],[-83.744984,42.254864],[-83.744989,42.254863],[-83.744993,42.254861],[-83.744996,42.254859],[-83.744999,42.254857],[-83.745002,42.254855],[-83.745005,42.254852],[-83.745007,42.25485],[-83.745008,42.254847],[-83.745009,42.254843],[-83.745009,42.25484],[-83.745009,42.254837],[-83.745008,42.254833],[-83.745007,42.25483],[-83.745005,42.254826],[-83.745002,42.254822],[-83.744999,42.254819],[-83.744996,42.254816],[-83.744992,42.254814],[-83.744988,42.254811],[-83.744984,42.254809],[-83.744979,42.254807],[-83.744975,42.254805],[-83.74497,42.254803],[-83.744966,42.254801],[-83.744961,42.254799],[-83.744957,42.254796],[-83.744954,42.254794],[-83.744951,42.254791],[-83.744948,42.254788],[-83.744946,42.254785],[-83.744945,42.254782],[-83.744945,42.254778],[-83.744945,42.254773],[-83.744946,42.25477],[-83.744947,42.254766],[-83.744948,42.254763],[-83.744949,42.25476],[-83.74495,42.254757],[-83.744951,42.254754],[-83.744951,42.254751],[-83.744952,42.254748],[-83.744952,42.254745],[-83.744952,42.254742],[-83.744951,42.25474],[-83.74495,42.254737],[-83.744949,42.254735],[-83.744947,42.254732],[-83.744944,42.25473],[-83.74494,42.254728],[-83.744936,42.254726],[-83.744931,42.254725],[-83.744927,42.254724],[-83.744923,42.254723],[-83.744919,42.254722],[-83.744915,42.254722],[-83.744911,42.254722],[-83.744907,42.254722],[-83.744903,42.254723],[-83.744899,42.254725],[-83.744896,42.254727],[-83.744893,42.25473],[-83.744892,42.254733],[-83.744891,42.254737],[-83.744891,42.25474],[-83.744891,42.254743],[-83.744892,42.254745],[-83.744891,42.254749],[-83.744891,42.254752],[-83.744889,42.254755],[-83.744887,42.254757],[-83.744884,42.254759],[-83.74488,42.25476],[-83.744877,42.254761],[-83.744873,42.254761],[-83.744869,42.254761],[-83.744866,42.25476],[-83.744862,42.254759],[-83.744858,42.254758],[-83.744854,42.254756],[-83.74485,42.254755],[-83.744846,42.254753],[-83.744841,42.254752],[-83.744837,42.25475],[-83.744833,42.254749],[-83.744829,42.254748],[-83.744825,42.254748],[-83.74482,42.254748],[-83.744816,42.254749],[-83.744813,42.254751],[-83.74481,42.254753],[-83.744807,42.254756],[-83.744804,42.254758],[-83.744803,42.25476],[-83.744802,42.254761],[-83.744801,42.254763],[-83.7448,42.254765],[-83.744799,42.254767],[-83.744798,42.25477],[-83.744798,42.254774],[-83.744798,42.254777],[-83.744799,42.254779],[-83.7448,42.254781],[-83.744803,42.254784],[-83.744806,42.254786],[-83.744809,42.254788],[-83.744812,42.25479],[-83.744815,42.254793],[-83.744818,42.254795],[-83.74482,42.254798],[-83.744821,42.2548],[-83.744822,42.254803],[-83.744824,42.254809],[-83.744827,42.254814],[-83.744829,42.25482],[-83.744832,42.254826],[-83.744835,42.254832],[-83.744839,42.254837],[-83.744842,42.254843],[-83.744847,42.254848],[-83.744851,42.254853],[-83.744856,42.254857],[-83.744862,42.254861]]]},"properties":{"ObjectName":null}},{"type":"Feature","geometry":{"type":"Polygon","coordinates":[[[-83.656393,42.283117],[-83.656378,42.283101],[-83.656348,42.283077],[-83.6563,42.283048],[-83.656282,42.283034],[-83.656275,42.283025],[-83.656273,42.283014],[-83.656275,42.283001],[-83.656283,42.282987],[-83.656294,42.282976],[-83.656307,42.282971],[-83.656333,42.282967],[-83.65639,42.282959],[-83.656418,42.282953],[-83.656433,42.282948],[-83.656443,42.282941],[-83.656453,42.282933],[-83.656467,42.28291],[-83.656472,42.282889],[-83.65647,42.282862],[-83.656462,42.282838],[-83.656445,42.282806],[-83.656426,42.28278],[-83.656392,42.282741],[-83.65635,42.282696],[-83.656309,42.282657],[-83.656278,42.282634],[-83.656267,42.282622],[-83.656262,42.282608],[-83.656257,42.282574],[-83.65625,42.282538],[-83.656241,42.28252],[-83.656228,42.282506],[-83.656205,42.282488],[-83.656171,42.282466],[-83.656142,42.282454],[-83.656124,42.282449],[-83.656104,42.282446],[-83.656053,42.282444],[-83.65601,42.282445],[-83.655982,42.28245],[-83.655953,42.282463],[-83.655942,42.28247],[-83.655934,42.282477],[-83.655928,42.282486],[-83.655925,42.282496],[-83.655922,42.282524],[-83.655926,42.282546],[-83.65594,42.282586],[-83.655974,42.282676],[-83.655997,42.282742],[-83.656003,42.282782],[-83.656003,42.28281],[-83.655998,42.282839],[-83.655985,42.282875],[-83.655983,42.282889],[-83.655986,42.282912],[-83.655995,42.282927],[-83.656011,42.282938],[-83.656046,42.282951],[-83.656067,42.282958],[-83.656115,42.282971],[-83.656135,42.282978],[-83.65617,42.282994],[-83.656189,42.283007],[-83.656202,42.283028],[-83.656207,42.28305],[-83.656203,42.283064],[-83.656192,42.283086],[-83.656184,42.283098],[-83.65616,42.283124],[-83.656155,42.283133],[-83.656165,42.283124],[-83.656193,42.283096],[-83.656213,42.283083],[-83.656228,42.283078],[-83.656246,42.283074],[-83.656266,42.283072],[-83.656285,42.283072],[-83.656304,42.283074],[-83.656324,42.28308],[-83.656347,42.28309],[-83.656375,42.283104],[-83.656393,42.283117]]]},"properties":{"ObjectName":null}},{"type":"Feature","geometry":{"type":"Polygon","coordinates":[[[-83.745083,42.259138],[-83.74508,42.259138],[-83.745077,42.259139],[-83.745074,42.259139],[-83.745071,42.25914],[-83.745069,42.259141],[-83.745066,42.259142],[-83.745064,42.259143],[-83.745062,42.259144],[-83.745059,42.259146],[-83.745057,42.259147],[-83.745055,42.259149],[-83.745053,42.259151],[-83.745051,42.259153],[-83.745049,42.259155],[-83.745046,42.259158],[-83.745044,42.259161],[-83.745042,42.259164],[-83.74504,42.259167],[-83.745038,42.25917],[-83.745036,42.259174],[-83.745035,42.259177],[-83.745034,42.25918],[-83.745034,42.259182],[-83.745033,42.259186],[-83.745032,42.259189],[-83.745032,42.259193],[-83.745032,42.259197],[-83.745032,42.2592],[-83.745033,42.259203],[-83.745034,42.259207],[-83.745035,42.25921],[-83.745036,42.259213],[-83.745037,42.259216],[-83.745039,42.259219],[-83.745041,42.259222],[-83.745044,42.259225],[-83.745046,42.259227],[-83.745049,42.259229],[-83.745052,42.259231],[-83.745056,42.259233],[-83.74506,42.259235],[-83.745064,42.259236],[-83.745068,42.259237],[-83.745073,42.259238],[-83.745078,42.259239],[-83.745082,42.259239],[-83.745085,42.259239],[-83.745087,42.259239],[-83.745091,42.259239],[-83.745094,42.259239],[-83.745098,42.259238],[-83.745101,42.259238],[-83.745104,42.259237],[-83.745108,42.259237],[-83.745111,42.259236],[-83.745114,42.259235],[-83.745116,42.259234],[-83.745119,42.259233],[-83.745122,42.259232],[-83.745124,42.259231],[-83.745127,42.25923],[-83.745129,42.259228],[-83.745131,42.259227],[-83.745133,42.259225],[-83.745135,42.259224],[-83.745137,42.259222],[-83.745139,42.25922],[-83.745141,42.259219],[-83.745142,42.259217],[-83.745144,42.259215],[-83.745145,42.259213],[-83.745146,42.259211],[-83.745147,42.259209],[-83.745148,42.259207],[-83.745149,42.259205],[-83.74515,42.259203],[-83.745151,42.259201],[-83.745151,42.259199],[-83.745152,42.259197],[-83.745152,42.259195],[-83.745152,42.259193],[-83.745152,42.259191],[-83.745153,42.259189],[-83.745152,42.259187],[-83.745152,42.259184],[-83.745152,42.259182],[-83.745152,42.25918],[-83.745151,42.259178],[-83.74515,42.259176],[-83.74515,42.259174],[-83.745149,42.259172],[-83.745148,42.25917],[-83.745147,42.259168],[-83.745146,42.259166],[-83.745144,42.259164],[-83.745143,42.259162],[-83.745142,42.25916],[-83.74514,42.259159],[-83.745138,42.259157],[-83.745136,42.259155],[-83.745135,42.259154],[-83.745133,42.259152],[-83.74513,42.259151],[-83.745128,42.259149],[-83.745126,42.259148],[-83.745123,42.259147],[-83.745121,42.259145],[-83.745118,42.259144],[-83.745115,42.259143],[-83.745112,42.259142],[-83.745109,42.259141],[-83.745106,42.259141],[-83.745103,42.25914],[-83.7451,42.259139],[-83.745094,42.259139],[-83.74509,42.259138],[-83.745086,42.259138],[-83.745083,42.259138]]]},"properties":{"ObjectName":null}},{"type":"Feature","geometry":{"type":"Polygon","coordinates":[[[-83.653017,42.281562],[-83.652998,42.281564],[-83.652979,42.28157],[-83.652965,42.281577],[-83.652951,42.281589],[-83.652935,42.281613],[-83.65292,42.281636],[-83.652914,42.28165],[-83.652914,42.281672],[-83.652921,42.281688],[-83.652935,42.281701],[-83.652953,42.281708],[-83.652966,42.281709],[-83.652987,42.281706],[-83.653007,42.281702],[-83.653026,42.281696],[-83.653053,42.281682],[-83.653072,42.281665],[-83.653083,42.281646],[-83.65309,42.28162],[-83.653092,42.281593],[-83.65309,42.281584],[-83.653086,42.281578],[-83.653079,42.281572],[-83.653067,42.281568],[-83.653036,42.281561],[-83.653017,42.281562]]]},"properties":{"ObjectName":null}},{"type":"Feature","geometry":{"type":"Polygon","coordinates":[[[-83.749303,42.257824],[-83.7493,42.257824],[-83.749297,42.257825],[-83.749294,42.257826],[-83.749291,42.257828],[-83.749289,42.257829],[-83.749286,42.257831],[-83.749284,42.257833],[-83.749282,42.257835],[-83.74928,42.257837],[-83.749278,42.25784],[-83.749277,42.257843],[-83.749276,42.257846],[-83.749274,42.257849],[-83.749273,42.257852],[-83.749272,42.257855],[-83.749272,42.257858],[-83.749271,42.257862],[-83.749271,42.257865],[-83.749271,42.257869],[-83.74927,42.257872],[-83.749271,42.257876],[-83.749271,42.257879],[-83.749271,42.257883],[-83.749272,42.257886],[-83.749272,42.257888],[-83.749273,42.257892],[-83.749274,42.257896],[-83.749275,42.257899],[-83.749277,42.257903],[-83.749278,42.257906],[-83.74928,42.257909],[-83.749282,42.257912],[-83.749284,42.257915],[-83.749286,42.257918],[-83.749289,42.257921],[-83.749291,42.257924],[-83.749294,42.257926],[-83.749297,42.257928],[-83.7493,42.25793],[-83.749303,42.257932],[-83.749307,42.257934],[-83.74931,42.257935],[-83.749314,42.257936],[-83.749318,42.257937],[-83.749322,42.257938],[-83.749327,42.257938],[-83.749331,42.257938],[-83.749335,42.257938],[-83.749339,42.257938],[-83.749343,42.257937],[-83.749348,42.257936],[-83.749352,42.257935],[-83.749355,42.257934],[-83.749359,42.257932],[-83.749362,42.257931],[-83.749365,42.257929],[-83.749368,42.257927],[-83.74937,42.257925],[-83.749372,42.257923],[-83.749374,42.25792],[-83.749376,42.257918],[-83.749377,42.257915],[-83.749378,42.257912],[-83.749379,42.25791],[-83.74938,42.257907],[-83.74938,42.257904],[-83.74938,42.257901],[-83.74938,42.257897],[-83.74938,42.257894],[-83.74938,42.257891],[-83.749379,42.257888],[-83.749378,42.257885],[-83.749377,42.257881],[-83.749376,42.257878],[-83.749375,42.257875],[-83.749374,42.257872],[-83.749372,42.257868],[-83.74937,42.257865],[-83.749369,42.257863],[-83.749367,42.25786],[-83.749365,42.257857],[-83.749363,42.257854],[-83.74936,42.257852],[-83.749358,42.257849],[-83.749355,42.257846],[-83.749352,42.257843],[-83.74935,42.257841],[-83.749347,42.257839],[-83.749344,42.257836],[-83.749341,42.257834],[-83.749337,42.257832],[-83.749334,42.257831],[-83.749331,42.257829],[-83.749327,42.257828],[-83.749324,42.257826],[-83.74932,42.257825],[-83.749317,42.257824],[-83.749313,42.257824],[-83.749309,42.257823],[-83.749306,42.257823],[-83.749303,42.257824]]]},"properties":{"ObjectName":null}},{"type":"Feature","geometry":{"type":"Polygon","coordinates":[[[-83.665255,42.284424],[-83.665246,42.284426],[-83.665238,42.284428],[-83.665231,42.284431],[-83.665224,42.284435],[-83.665219,42.28444],[-83.665196,42.284484],[-83.665177,42.284528],[-83.665163,42.284573],[-83.665162,42.284579],[-83.665162,42.284586],[-83.665164,42.284592],[-83.665167,42.284598],[-83.665171,42.284603],[-83.665177,42.284608],[-83.665183,42.284612],[-83.665191,42.284615],[-83.665198,42.284617],[-83.665207,42.284618],[-83.665215,42.284618],[-83.665223,42.284617],[-83.665231,42.284615],[-83.665239,42.284612],[-83.665245,42.284608],[-83.665251,42.284603],[-83.665255,42.284598],[-83.665262,42.284588],[-83.665289,42.28453],[-83.665309,42.28447],[-83.665311,42.284464],[-83.66531,42.284457],[-83.665309,42.284451],[-83.665305,42.284445],[-83.665301,42.284439],[-83.665295,42.284434],[-83.665288,42.28443],[-83.665281,42.284427],[-83.665272,42.284425],[-83.665264,42.284424],[-83.665255,42.284424]]]},"properties":{"ObjectName":null}},{"type":"Feature","geometry":{"type":"Polygon","coordinates":[[[-83.741246,42.258782],[-83.741252,42.258783],[-83.741259,42.258783],[-83.741265,42.258784],[-83.741271,42.258785],[-83.741278,42.258787],[-83.741284,42.258788],[-83.741291,42.25879],[-83.741298,42.258791],[-83.741304,42.258793],[-83.741311,42.258794],[-83.741318,42.258796],[-83.741325,42.258797],[-83.741331,42.258799],[-83.741338,42.2588],[-83.741344,42.258801],[-83.741351,42.258802],[-83.741358,42.258802],[-83.741364,42.258803],[-83.74137,42.258803],[-83.741377,42.258802],[-83.741383,42.258801],[-83.741389,42.2588],[-83.741394,42.258798],[-83.741398,42.258797],[-83.741402,42.258795],[-83.741405,42.258792],[-83.741409,42.25879],[-83.741412,42.258787],[-83.741414,42.258784],[-83.741417,42.258781],[-83.741419,42.258778],[-83.741421,42.258774],[-83.741423,42.258771],[-83.741425,42.258767],[-83.741427,42.258764],[-83.741429,42.25876],[-83.741431,42.258757],[-83.741433,42.258753],[-83.741435,42.25875],[-83.741437,42.258746],[-83.741439,42.258743],[-83.741442,42.25874],[-83.741444,42.258737],[-83.741447,42.258734],[-83.74145,42.258731],[-83.741454,42.258728],[-83.741457,42.258725],[-83.741461,42.258722],[-83.741464,42.258719],[-83.741468,42.258717],[-83.741471,42.258714],[-83.741475,42.258711],[-83.741478,42.258708],[-83.741481,42.258706],[-83.741484,42.258703],[-83.741487,42.2587],[-83.74149,42.258697],[-83.741492,42.258694],[-83.741494,42.258691],[-83.741496,42.258687],[-83.741497,42.258684],[-83.741499,42.25868],[-83.741499,42.258677],[-83.741499,42.258673],[-83.741499,42.258669],[-83.741498,42.258664],[-83.741497,42.25866],[-83.741495,42.258657],[-83.741493,42.258653],[-83.741491,42.25865],[-83.741488,42.258646],[-83.741484,42.258643],[-83.741481,42.258641],[-83.741477,42.258638],[-83.741473,42.258636],[-83.741468,42.258633],[-83.741464,42.258631],[-83.741459,42.25863],[-83.741454,42.258628],[-83.741449,42.258626],[-83.741444,42.258625],[-83.741439,42.258624],[-83.741433,42.258623],[-83.741428,42.258623],[-83.741423,42.258622],[-83.741418,42.258622],[-83.741412,42.258622],[-83.741407,42.258622],[-83.741401,42.258623],[-83.741393,42.258623],[-83.741386,42.258624],[-83.74138,42.258624],[-83.741373,42.258624],[-83.741367,42.258625],[-83.741361,42.258625],[-83.741355,42.258625],[-83.741349,42.258625],[-83.741343,42.258625],[-83.741337,42.258625],[-83.741332,42.258624],[-83.741326,42.258624],[-83.74132,42.258623],[-83.741315,42.258622],[-83.741309,42.258621],[-83.741303,42.25862],[-83.741297,42.258618],[-83.741291,42.258616],[-83.741285,42.258614],[-83.741279,42.258611],[-83.741272,42.258608],[-83.741266,42.258605],[-83.741257,42.258602],[-83.741248,42.258598],[-83.741237,42.258595],[-83.741226,42.258592],[-83.741213,42.258588],[-83.7412,42.258585],[-83.741187,42.258583],[-83.741173,42.25858],[-83.741159,42.258578],[-83.741145,42.258577],[-83.741131,42.258576],[-83.741118,42.258575],[-83.741105,42.258576],[-83.741093,42.258577],[-83.741081,42.258579],[-83.741071,42.258582],[-83.741062,42.258586],[-83.741055,42.258592],[-83.741049,42.258598],[-83.741045,42.258606],[-83.741042,42.258615],[-83.741042,42.258622],[-83.741042,42.258626],[-83.741042,42.25863],[-83.741042,42.258634],[-83.741043,42.258638],[-83.741043,42.258643],[-83.741043,42.258647],[-83.741044,42.258651],[-83.741045,42.258656],[-83.741046,42.25866],[-83.741046,42.258665],[-83.741047,42.258669],[-83.741048,42.258673],[-83.741049,42.258678],[-83.74105,42.258682],[-83.741052,42.258687],[-83.741053,42.258691],[-83.741054,42.258695],[-83.741055,42.258699],[-83.741057,42.258703],[-83.741058,42.258707],[-83.741059,42.258711],[-83.741061,42.258714],[-83.741062,42.258717],[-83.741064,42.258721],[-83.741065,42.258724],[-83.741067,42.258727],[-83.741069,42.25873],[-83.741072,42.258734],[-83.741074,42.258737],[-83.741077,42.25874],[-83.741079,42.258743],[-83.741082,42.258746],[-83.741085,42.258749],[-83.741088,42.258752],[-83.741091,42.258754],[-83.741094,42.258757],[-83.741097,42.25876],[-83.741101,42.258762],[-83.741104,42.258765],[-83.741108,42.258767],[-83.741111,42.258769],[-83.741115,42.258771],[-83.741119,42.258773],[-83.741123,42.258775],[-83.741128,42.258778],[-83.741134,42.258779],[-83.741139,42.258781],[-83.741145,42.258782],[-83.74115,42.258783],[-83.741156,42.258784],[-83.741161,42.258785],[-83.741166,42.258785],[-83.741172,42.258785],[-83.741178,42.258785],[-83.741183,42.258785],[-83.741189,42.258785],[-83.741194,42.258785],[-83.7412,42.258784],[-83.741206,42.258784],[-83.741211,42.258784],[-83.741217,42.258783],[-83.741223,42.258783],[-83.741229,42.258783],[-83.741234,42.258782],[-83.74124,42.258782],[-83.741246,42.258782]]]},"properties":{"ObjectName":null}},{"type":"Feature","geometry":{"type":"Polygon","coordinates":[[[-83.747019,42.255968],[-83.747016,42.255968],[-83.747013,42.255969],[-83.74701,42.255969],[-83.747007,42.25597],[-83.747005,42.255971],[-83.747002,42.255972],[-83.747,42.255973],[-83.746997,42.255974],[-83.746995,42.255975],[-83.746993,42.255976],[-83.746991,42.255978],[-83.74699,42.255979],[-83.746988,42.255981],[-83.746987,42.255983],[-83.746985,42.255985],[-83.746984,42.255986],[-83.746983,42.255988],[-83.746983,42.25599],[-83.746982,42.255992],[-83.746982,42.255994],[-83.746981,42.255997],[-83.746981,42.255999],[-83.746982,42.256001],[-83.746982,42.256003],[-83.746983,42.256005],[-83.746983,42.256007],[-83.746984,42.25601],[-83.746986,42.256012],[-83.746987,42.256014],[-83.746989,42.256016],[-83.74699,42.256018],[-83.746993,42.256021],[-83.746996,42.256023],[-83.746999,42.256025],[-83.747002,42.256026],[-83.747005,42.256028],[-83.747008,42.256029],[-83.747011,42.25603],[-83.747015,42.256031],[-83.747018,42.256032],[-83.747022,42.256033],[-83.747025,42.256034],[-83.747029,42.256035],[-83.747033,42.256036],[-83.747036,42.256037],[-83.74704,42.256038],[-83.747043,42.256039],[-83.747046,42.25604],[-83.747049,42.256042],[-83.747053,42.256043],[-83.747056,42.256045],[-83.747059,42.256047],[-83.747062,42.256049],[-83.747065,42.256051],[-83.747067,42.256053],[-83.74707,42.256055],[-83.747072,42.256057],[-83.747075,42.256059],[-83.747078,42.256061],[-83.74708,42.256063],[-83.747083,42.256065],[-83.747086,42.256067],[-83.747089,42.256069],[-83.747092,42.25607],[-83.747095,42.256071],[-83.747098,42.256072],[-83.747102,42.256073],[-83.747105,42.256074],[-83.747109,42.256075],[-83.747112,42.256075],[-83.747116,42.256075],[-83.74712,42.256075],[-83.747123,42.256075],[-83.747127,42.256074],[-83.74713,42.256074],[-83.747133,42.256073],[-83.747136,42.256072],[-83.747139,42.256071],[-83.747142,42.256069],[-83.747145,42.256068],[-83.747148,42.256066],[-83.74715,42.256065],[-83.747152,42.256063],[-83.747154,42.256061],[-83.747156,42.256059],[-83.747157,42.256057],[-83.747158,42.256055],[-83.747159,42.256053],[-83.74716,42.25605],[-83.74716,42.256048],[-83.74716,42.256045],[-83.747159,42.256043],[-83.747158,42.25604],[-83.747157,42.256038],[-83.747155,42.256035],[-83.747153,42.256033],[-83.747151,42.25603],[-83.747148,42.256028],[-83.747146,42.256027],[-83.747143,42.256025],[-83.747139,42.256024],[-83.747135,42.256023],[-83.747131,42.256022],[-83.747126,42.256022],[-83.747122,42.256022],[-83.747117,42.256022],[-83.747114,42.256022],[-83.747111,42.256022],[-83.747106,42.256022],[-83.747102,42.256022],[-83.747097,42.256021],[-83.747093,42.256021],[-83.747089,42.25602],[-83.747085,42.256018],[-83.747082,42.256017],[-83.747078,42.256015],[-83.747076,42.256013],[-83.747075,42.256012],[-83.747073,42.25601],[-83.747072,42.256008],[-83.74707,42.256007],[-83.747069,42.256005],[-83.747068,42.256003],[-83.747067,42.256001],[-83.747067,42.255999],[-83.747065,42.255997],[-83.747064,42.255993],[-83.747062,42.255989],[-83.747061,42.255986],[-83.747059,42.255982],[-83.747057,42.255979],[-83.747054,42.255976],[-83.747051,42.255974],[-83.747047,42.255972],[-83.747045,42.255971],[-83.747042,42.25597],[-83.74704,42.255969],[-83.747036,42.255969],[-83.747033,42.255968],[-83.747029,42.255968],[-83.747026,42.255968],[-83.747022,42.255968],[-83.747019,42.255968]]]},"properties":{"ObjectName":null}},{"type":"Feature","geometry":{"type":"Polygon","coordinates":[[[-83.658169,42.284465],[-83.658152,42.284474],[-83.658137,42.284485],[-83.658098,42.284521],[-83.658085,42.28453],[-83.658073,42.284536],[-83.658034,42.284547],[-83.658022,42.284554],[-83.658016,42.284563],[-83.658014,42.284575],[-83.658015,42.284586],[-83.658019,42.284595],[-83.658032,42.284606],[-83.658054,42.284615],[-83.658065,42.284617],[-83.658079,42.284617],[-83.658128,42.284608],[-83.65818,42.284602],[-83.658212,42.284595],[-83.658247,42.284588],[-83.658255,42.284584],[-83.658261,42.284579],[-83.658265,42.28457],[-83.658268,42.284553],[-83.658268,42.284528],[-83.658263,42.284506],[-83.658254,42.284485],[-83.658244,42.284473],[-83.658235,42.284468],[-83.658222,42.284465],[-83.658186,42.284462],[-83.658169,42.284465]]]},"properties":{"ObjectName":null}},{"type":"Feature","geometry":{"type":"Polygon","coordinates":[[[-83.665253,42.28697],[-83.665244,42.286972],[-83.665236,42.286975],[-83.665229,42.286979],[-83.665223,42.286984],[-83.665218,42.28699],[-83.665214,42.286996],[-83.665212,42.287003],[-83.665195,42.287059],[-83.665182,42.28713],[-83.66516,42.287184],[-83.66512,42.287246],[-83.665074,42.287313],[-83.665041,42.287379],[-83.665042,42.287384],[-83.665044,42.287388],[-83.665047,42.287392],[-83.665051,42.287396],[-83.665056,42.287399],[-83.665061,42.287402],[-83.665067,42.287403],[-83.665073,42.287404],[-83.66508,42.287405],[-83.665086,42.287404],[-83.665092,42.287403],[-83.665098,42.287401],[-83.665103,42.287398],[-83.665107,42.287395],[-83.665111,42.287391],[-83.665114,42.287387],[-83.665145,42.287332],[-83.665196,42.287261],[-83.665253,42.287155],[-83.665316,42.287026],[-83.665319,42.287017],[-83.66532,42.287011],[-83.66532,42.287004],[-83.665318,42.286997],[-83.665314,42.286991],[-83.66531,42.286985],[-83.665304,42.28698],[-83.665296,42.286976],[-83.665289,42.286973],[-83.66528,42.28697],[-83.665271,42.286969],[-83.665262,42.286969],[-83.665253,42.28697]]]},"properties":{"ObjectName":null}},{"type":"Feature","geometry":{"type":"Polygon","coordinates":[[[-83.661749,42.283057],[-83.661738,42.283062],[-83.661727,42.28307],[-83.661717,42.283086],[-83.661715,42.283103],[-83.661716,42.283119],[-83.661722,42.283125],[-83.661733,42.283133],[-83.661753,42.283144],[-83.661778,42.283151],[-83.661798,42.283163],[-83.661819,42.283169],[-83.661836,42.283168],[-83.661846,42.283162],[-83.661853,42.283153],[-83.661855,42.283139],[-83.66185,42.283125],[-83.661832,42.283104],[-83.661813,42.283081],[-83.661799,42.283069],[-83.661785,42.28306],[-83.661771,42.283057],[-83.661749,42.283057]]]},"properties":{"ObjectName":null}},{"type":"Feature","geometry":{"type":"Polygon","coordinates":[[[-83.65546,42.281491],[-83.655447,42.281495],[-83.655438,42.2815],[-83.655433,42.281506],[-83.655429,42.281515],[-83.655426,42.281544],[-83.655428,42.281557],[-83.655433,42.28157],[-83.655462,42.281619],[-83.655519,42.281713],[-83.655557,42.28178],[-83.655579,42.281823],[-83.655619,42.281926],[-83.655642,42.281981],[-83.655651,42.281996],[-83.655661,42.282009],[-83.655679,42.282029],[-83.655692,42.282037],[-83.655708,42.282038],[-83.65573,42.282036],[-83.655751,42.28203],[-83.655763,42.282023],[-83.655768,42.282014],[-83.655769,42.281996],[-83.655767,42.28198],[-83.655761,42.281962],[-83.655723,42.281901],[-83.655674,42.281823],[-83.655658,42.28179],[-83.655649,42.281759],[-83.655636,42.28169],[-83.655622,42.28162],[-83.655608,42.281583],[-83.655592,42.28155],[-83.655582,42.281532],[-83.65557,42.281518],[-83.655556,42.281507],[-83.65554,42.281499],[-83.655523,42.281493],[-83.655507,42.28149],[-83.655492,42.281488],[-83.65546,42.281491]]]},"properties":{"ObjectName":null}},{"type":"Feature","geometry":{"type":"Polygon","coordinates":[[[-83.65336,42.282025],[-83.653328,42.282028],[-83.653298,42.282034],[-83.653264,42.282042],[-83.653244,42.282049],[-83.653228,42.282057],[-83.653219,42.282065],[-83.653214,42.282075],[-83.653211,42.282087],[-83.65321,42.2821],[-83.653212,42.282112],[-83.653221,42.28213],[-83.653239,42.28215],[-83.653257,42.282164],[-83.653277,42.282175],[-83.653289,42.282179],[-83.653303,42.282182],[-83.653369,42.282186],[-83.653446,42.282202],[-83.653488,42.282207],[-83.653519,42.282208],[-83.653569,42.282204],[-83.653587,42.2822],[-83.653602,42.282194],[-83.653621,42.282183],[-83.653632,42.282172],[-83.653634,42.282165],[-83.653634,42.282156],[-83.653626,42.282131],[-83.653615,42.282111],[-83.653599,42.282093],[-83.653588,42.282085],[-83.653572,42.282077],[-83.653519,42.282056],[-83.653464,42.282036],[-83.653423,42.282027],[-83.653393,42.282025],[-83.65336,42.282025]]]},"properties":{"ObjectName":null}},{"type":"Feature","geometry":{"type":"Polygon","coordinates":[[[-83.743551,42.258291],[-83.743549,42.258292],[-83.743547,42.258294],[-83.743544,42.258295],[-83.743542,42.258296],[-83.743539,42.258298],[-83.743537,42.258299],[-83.743534,42.2583],[-83.743531,42.258301],[-83.743529,42.258303],[-83.743527,42.258304],[-83.743524,42.258306],[-83.743521,42.25831],[-83.743518,42.258315],[-83.743516,42.25832],[-83.743515,42.258325],[-83.743515,42.25833],[-83.743515,42.258335],[-83.743517,42.25834],[-83.74352,42.258344],[-83.743523,42.258349],[-83.743527,42.258352],[-83.743533,42.258356],[-83.743538,42.258359],[-83.743545,42.258361],[-83.743551,42.258362],[-83.743558,42.258363],[-83.743565,42.258363],[-83.743572,42.258363],[-83.74358,42.258364],[-83.743587,42.258365],[-83.743594,42.258367],[-83.7436,42.258369],[-83.743607,42.258372],[-83.743611,42.258375],[-83.743615,42.258379],[-83.743618,42.258382],[-83.74362,42.258385],[-83.743623,42.258389],[-83.743625,42.258392],[-83.743628,42.258395],[-83.743631,42.258398],[-83.743635,42.2584],[-83.74364,42.258402],[-83.743647,42.258404],[-83.743653,42.258405],[-83.74366,42.258405],[-83.743666,42.258405],[-83.743673,42.258404],[-83.743679,42.258403],[-83.743686,42.258402],[-83.743692,42.2584],[-83.743699,42.258399],[-83.743705,42.258398],[-83.743712,42.258398],[-83.743719,42.258398],[-83.743723,42.2584],[-83.743725,42.258403],[-83.743727,42.258406],[-83.743729,42.258409],[-83.74373,42.258413],[-83.743733,42.258416],[-83.743735,42.258419],[-83.743738,42.258422],[-83.743741,42.258424],[-83.743745,42.258426],[-83.743749,42.258427],[-83.743754,42.258428],[-83.743759,42.258428],[-83.743764,42.258427],[-83.743768,42.258425],[-83.743772,42.258423],[-83.743776,42.258421],[-83.743779,42.258419],[-83.743783,42.258416],[-83.743787,42.258414],[-83.74379,42.258412],[-83.743795,42.25841],[-83.7438,42.258409],[-83.743805,42.258408],[-83.74381,42.258408],[-83.743816,42.258408],[-83.743821,42.258408],[-83.743827,42.258408],[-83.743832,42.258408],[-83.743837,42.258407],[-83.743842,42.258406],[-83.743846,42.258404],[-83.74385,42.258401],[-83.743854,42.258398],[-83.743856,42.258395],[-83.743858,42.25839],[-83.74386,42.258386],[-83.743861,42.258381],[-83.743861,42.258376],[-83.743861,42.258371],[-83.74386,42.258367],[-83.743858,42.258363],[-83.743856,42.258359],[-83.743852,42.258356],[-83.743848,42.258352],[-83.743842,42.258346],[-83.743832,42.258342],[-83.743819,42.258338],[-83.743805,42.258336],[-83.743789,42.258334],[-83.743772,42.258333],[-83.743756,42.258332],[-83.74374,42.258331],[-83.743727,42.25833],[-83.743716,42.258328],[-83.743709,42.258327],[-83.743704,42.258325],[-83.743698,42.258323],[-83.743692,42.258321],[-83.743685,42.258318],[-83.743679,42.258314],[-83.743674,42.258311],[-83.74367,42.258307],[-83.743669,42.258303],[-83.74367,42.258299],[-83.743674,42.258295],[-83.74368,42.258292],[-83.743683,42.258291],[-83.743686,42.258291],[-83.743689,42.258291],[-83.743692,42.258292],[-83.743695,42.258293],[-83.743698,42.258294],[-83.743701,42.258295],[-83.743703,42.258297],[-83.743706,42.258298],[-83.743709,42.2583],[-83.743712,42.258301],[-83.743715,42.258302],[-83.743719,42.258303],[-83.743722,42.258304],[-83.743726,42.258305],[-83.743729,42.258305],[-83.743733,42.258306],[-83.743736,42.258306],[-83.74374,42.258306],[-83.743744,42.258306],[-83.743748,42.258306],[-83.743753,42.258306],[-83.743762,42.258307],[-83.74377,42.258307],[-83.743777,42.258307],[-83.743783,42.258306],[-83.743789,42.258305],[-83.743793,42.258303],[-83.743796,42.258301],[-83.743798,42.258297],[-83.743799,42.258291],[-83.7438,42.258285],[-83.743798,42.258277],[-83.743788,42.258275],[-83.743779,42.258272],[-83.74377,42.258269],[-83.743761,42.258267],[-83.743753,42.258264],[-83.743745,42.258261],[-83.743738,42.258257],[-83.743731,42.258252],[-83.743724,42.258247],[-83.743718,42.258241],[-83.743713,42.258234],[-83.743707,42.258228],[-83.743701,42.258223],[-83.743694,42.25822],[-83.743687,42.258217],[-83.743678,42.258216],[-83.74367,42.258216],[-83.743661,42.258216],[-83.743652,42.258217],[-83.743643,42.258218],[-83.743634,42.258219],[-83.743625,42.25822],[-83.743616,42.258221],[-83.743607,42.258222],[-83.743599,42.258223],[-83.743591,42.258225],[-83.743583,42.258228],[-83.743577,42.258231],[-83.743571,42.258235],[-83.743566,42.258239],[-83.743562,42.258245],[-83.743559,42.258252],[-83.743558,42.258259],[-83.743557,42.258262],[-83.743557,42.258265],[-83.743557,42.258268],[-83.743557,42.258271],[-83.743557,42.258274],[-83.743556,42.258277],[-83.743556,42.25828],[-83.743555,42.258283],[-83.743554,42.258285],[-83.743553,42.258288],[-83.743551,42.258291]]]},"properties":{"ObjectName":null}},{"type":"Feature","geometry":{"type":"Polygon","coordinates":[[[-83.661529,42.287092],[-83.661513,42.287097],[-83.6615,42.287107],[-83.66149,42.287125],[-83.661485,42.287154],[-83.66148,42.287171],[-83.661481,42.287178],[-83.661485,42.287182],[-83.661493,42.287186],[-83.661517,42.287192],[-83.661531,42.287193],[-83.661543,42.287191],[-83.661555,42.287188],[-83.661566,42.287182],[-83.661576,42.28717],[-83.661583,42.28715],[-83.661585,42.287135],[-83.661584,42.287121],[-83.661577,42.287106],[-83.661569,42.287097],[-83.661558,42.287093],[-83.661545,42.28709],[-83.661529,42.287092]]]},"properties":{"ObjectName":null}},{"type":"Feature","geometry":{"type":"Polygon","coordinates":[[[-83.659909,42.281534],[-83.659845,42.281567],[-83.659798,42.281599],[-83.659777,42.28161],[-83.65975,42.281622],[-83.65973,42.281627],[-83.659696,42.28163],[-83.65966,42.281625],[-83.659646,42.281621],[-83.659631,42.281613],[-83.659577,42.281574],[-83.659524,42.281543],[-83.659493,42.281529],[-83.659463,42.28152],[-83.659429,42.281513],[-83.659388,42.281509],[-83.659337,42.281505],[-83.659288,42.281507],[-83.659182,42.281521],[-83.659141,42.281521],[-83.659114,42.281518],[-83.659045,42.281504],[-83.659026,42.281502],[-83.65901,42.281503],[-83.658988,42.281509],[-83.658964,42.28152],[-83.65894,42.281534],[-83.658897,42.281563],[-83.658875,42.281579],[-83.658854,42.281597],[-83.658834,42.281618],[-83.658815,42.281641],[-83.658783,42.281686],[-83.658718,42.28179],[-83.658686,42.281832],[-83.658599,42.281942],[-83.658547,42.282],[-83.658478,42.282065],[-83.658417,42.282115],[-83.658364,42.282151],[-83.658285,42.282198],[-83.65819,42.28225],[-83.658081,42.282304],[-83.657951,42.282357],[-83.657924,42.282369],[-83.6579,42.282382],[-83.657844,42.282418],[-83.657828,42.282431],[-83.657816,42.282444],[-83.657799,42.282468],[-83.657794,42.282486],[-83.657798,42.282503],[-83.65781,42.282524],[-83.65782,42.282536],[-83.657834,42.282548],[-83.657875,42.282573],[-83.657897,42.282583],[-83.65792,42.282592],[-83.657943,42.282599],[-83.657966,42.282603],[-83.658008,42.282606],[-83.658059,42.282602],[-83.658101,42.282595],[-83.658129,42.282587],[-83.658152,42.282573],[-83.65819,42.28254],[-83.658261,42.28248],[-83.658289,42.282458],[-83.658347,42.282422],[-83.658442,42.282372],[-83.658507,42.282339],[-83.658569,42.28231],[-83.65871,42.282252],[-83.658802,42.282214],[-83.658848,42.282189],[-83.658886,42.282162],[-83.658917,42.282136],[-83.658941,42.282111],[-83.658957,42.282087],[-83.658963,42.282072],[-83.658966,42.282054],[-83.658963,42.281979],[-83.658968,42.281949],[-83.658986,42.281901],[-83.659011,42.281857],[-83.659044,42.281808],[-83.659057,42.281795],[-83.659072,42.281785],[-83.659088,42.281778],[-83.659107,42.281772],[-83.659154,42.281764],[-83.659194,42.281764],[-83.659269,42.281772],[-83.659349,42.281781],[-83.659478,42.281799],[-83.659568,42.281817],[-83.659591,42.28182],[-83.659611,42.281819],[-83.659649,42.281812],[-83.659693,42.281797],[-83.659712,42.281788],[-83.659731,42.281776],[-83.659789,42.281732],[-83.659811,42.281716],[-83.659883,42.28167],[-83.659906,42.281659],[-83.659928,42.281651],[-83.659947,42.281648],[-83.659992,42.281646],[-83.660008,42.281642],[-83.65999,42.281636],[-83.659971,42.281627],[-83.659958,42.281618],[-83.659952,42.281614],[-83.659947,42.28161],[-83.659934,42.2816],[-83.659921,42.281585],[-83.659912,42.281571],[-83.659909,42.28156],[-83.659908,42.281546],[-83.659909,42.281534]]]},"properties":{"ObjectName":null}},{"type":"Feature","geometry":{"type":"Polygon","coordinates":[[[-83.663534,42.2861],[-83.663526,42.286104],[-83.663517,42.286111],[-83.663501,42.286133],[-83.663489,42.28615],[-83.663468,42.286168],[-83.663447,42.286178],[-83.663423,42.286185],[-83.663407,42.286193],[-83.663395,42.286203],[-83.66338,42.286227],[-83.663354,42.286262],[-83.663346,42.286278],[-83.663341,42.286295],[-83.663342,42.286306],[-83.663347,42.286317],[-83.663358,42.286329],[-83.663379,42.286343],[-83.663395,42.286351],[-83.663409,42.286356],[-83.663438,42.286359],[-83.663456,42.286358],[-83.663469,42.286356],[-83.663483,42.28635],[-83.663495,42.286342],[-83.663503,42.286332],[-83.663513,42.28631],[-83.663546,42.286237],[-83.663586,42.286156],[-83.663593,42.286142],[-83.663595,42.286127],[-83.663589,42.286115],[-83.663576,42.286105],[-83.663557,42.2861],[-83.663544,42.286099],[-83.663534,42.2861]]]},"properties":{"ObjectName":null}},{"type":"Feature","geometry":{"type":"Polygon","coordinates":[[[-83.746203,42.258894],[-83.746199,42.258894],[-83.746196,42.258894],[-83.746193,42.258895],[-83.746189,42.258895],[-83.746186,42.258896],[-83.746182,42.258897],[-83.746179,42.258898],[-83.746176,42.258899],[-83.746172,42.2589],[-83.746169,42.258902],[-83.746165,42.258904],[-83.746162,42.258905],[-83.74616,42.258907],[-83.746157,42.25891],[-83.746154,42.258912],[-83.746152,42.258915],[-83.74615,42.258918],[-83.746149,42.258921],[-83.746147,42.258925],[-83.746146,42.258928],[-83.746145,42.258932],[-83.746145,42.258936],[-83.746144,42.258939],[-83.746144,42.258942],[-83.746144,42.258946],[-83.746144,42.258949],[-83.746145,42.258953],[-83.746145,42.258957],[-83.746145,42.25896],[-83.746146,42.258963],[-83.746147,42.258966],[-83.746148,42.258969],[-83.74615,42.258972],[-83.746152,42.258975],[-83.746155,42.258978],[-83.746157,42.258981],[-83.74616,42.258984],[-83.746163,42.258986],[-83.746167,42.258989],[-83.74617,42.258991],[-83.746174,42.258993],[-83.746178,42.258995],[-83.746182,42.258997],[-83.746185,42.258998],[-83.746189,42.259],[-83.746193,42.259001],[-83.746197,42.259002],[-83.746202,42.259004],[-83.746207,42.259005],[-83.746211,42.259005],[-83.746216,42.259006],[-83.74622,42.259006],[-83.746225,42.259007],[-83.74623,42.259007],[-83.746234,42.259006],[-83.746238,42.259006],[-83.746243,42.259005],[-83.746247,42.259004],[-83.746251,42.259003],[-83.746255,42.259001],[-83.746258,42.258999],[-83.746261,42.258998],[-83.746263,42.258996],[-83.746266,42.258994],[-83.746269,42.258992],[-83.746271,42.25899],[-83.746273,42.258988],[-83.746276,42.258985],[-83.746277,42.258983],[-83.746279,42.258981],[-83.746281,42.258978],[-83.746282,42.258976],[-83.746283,42.258973],[-83.746284,42.258971],[-83.746285,42.258968],[-83.746285,42.258966],[-83.746286,42.258964],[-83.746286,42.258961],[-83.746286,42.258958],[-83.746286,42.258956],[-83.746286,42.258953],[-83.746285,42.258951],[-83.746285,42.258948],[-83.746284,42.258946],[-83.746283,42.258944],[-83.746282,42.258941],[-83.746281,42.258939],[-83.74628,42.258936],[-83.746279,42.258934],[-83.746277,42.258932],[-83.746276,42.258929],[-83.746274,42.258927],[-83.746272,42.258925],[-83.74627,42.258923],[-83.746268,42.258921],[-83.746266,42.258919],[-83.746264,42.258917],[-83.746262,42.258915],[-83.746259,42.258913],[-83.746257,42.258911],[-83.746254,42.258909],[-83.746252,42.258908],[-83.746249,42.258906],[-83.746246,42.258905],[-83.746244,42.258903],[-83.746241,42.258902],[-83.746238,42.258901],[-83.746235,42.258899],[-83.746232,42.258898],[-83.746229,42.258897],[-83.746225,42.258897],[-83.746222,42.258896],[-83.746219,42.258895],[-83.746216,42.258895],[-83.746213,42.258894],[-83.746209,42.258894],[-83.746206,42.258894],[-83.746203,42.258894]]]},"properties":{"ObjectName":null}},{"type":"Feature","geometry":{"type":"Polygon","coordinates":[[[-83.742633,42.254298],[-83.742628,42.254299],[-83.742623,42.254299],[-83.742618,42.254299],[-83.742614,42.254299],[-83.74261,42.2543],[-83.742606,42.254301],[-83.742602,42.254301],[-83.742599,42.254302],[-83.742596,42.254303],[-83.742594,42.254305],[-83.742591,42.254306],[-83.742589,42.254307],[-83.742587,42.254309],[-83.742585,42.25431],[-83.742584,42.254312],[-83.742582,42.254314],[-83.742581,42.254316],[-83.74258,42.254318],[-83.742579,42.25432],[-83.742578,42.254323],[-83.742578,42.254325],[-83.742577,42.254328],[-83.742577,42.25433],[-83.742576,42.254333],[-83.742576,42.254336],[-83.742576,42.254338],[-83.742575,42.254341],[-83.742575,42.254344],[-83.742575,42.254347],[-83.742574,42.254351],[-83.742574,42.254354],[-83.742574,42.254357],[-83.742573,42.25436],[-83.742573,42.254364],[-83.742572,42.254367],[-83.742571,42.254371],[-83.74257,42.254374],[-83.74257,42.254378],[-83.742569,42.254381],[-83.742569,42.254383],[-83.742568,42.254385],[-83.742568,42.254387],[-83.742568,42.254389],[-83.742567,42.254391],[-83.742567,42.254393],[-83.742567,42.254395],[-83.742567,42.254397],[-83.742567,42.254399],[-83.742567,42.254401],[-83.742567,42.254403],[-83.742567,42.254407],[-83.742568,42.254411],[-83.742569,42.254414],[-83.74257,42.254418],[-83.742572,42.254421],[-83.742574,42.254423],[-83.742576,42.254425],[-83.742577,42.254426],[-83.742579,42.254428],[-83.742582,42.254429],[-83.742584,42.25443],[-83.742587,42.254431],[-83.742589,42.254432],[-83.742592,42.254433],[-83.742595,42.254434],[-83.742598,42.254435],[-83.742602,42.254436],[-83.742605,42.254437],[-83.742608,42.254437],[-83.742612,42.254438],[-83.742615,42.254439],[-83.742619,42.254439],[-83.742623,42.25444],[-83.742626,42.25444],[-83.74263,42.254441],[-83.742633,42.254441],[-83.742637,42.254442],[-83.742641,42.254442],[-83.742644,42.254442],[-83.742648,42.254443],[-83.742651,42.254443],[-83.742654,42.254443],[-83.742658,42.254444],[-83.742661,42.254444],[-83.742664,42.254444],[-83.742667,42.254445],[-83.742669,42.254445],[-83.742673,42.254445],[-83.742678,42.254446],[-83.742681,42.254446],[-83.742684,42.254447],[-83.742687,42.254447],[-83.742691,42.254447],[-83.742694,42.254448],[-83.742697,42.254448],[-83.7427,42.254448],[-83.742703,42.254448],[-83.742706,42.254448],[-83.742709,42.254448],[-83.742712,42.254448],[-83.742715,42.254448],[-83.742718,42.254447],[-83.742721,42.254447],[-83.742723,42.254446],[-83.742726,42.254446],[-83.742729,42.254445],[-83.742731,42.254444],[-83.742733,42.254443],[-83.742736,42.254442],[-83.742738,42.254441],[-83.74274,42.25444],[-83.742742,42.254438],[-83.742744,42.254437],[-83.742746,42.254435],[-83.742748,42.254433],[-83.742749,42.254432],[-83.742751,42.254429],[-83.742752,42.254427],[-83.742753,42.254425],[-83.742754,42.254422],[-83.742755,42.254419],[-83.742756,42.254417],[-83.742756,42.254414],[-83.742757,42.254412],[-83.742757,42.254409],[-83.742758,42.254406],[-83.742758,42.254404],[-83.742758,42.254401],[-83.742758,42.254398],[-83.742758,42.254395],[-83.742758,42.254392],[-83.742758,42.254389],[-83.742758,42.254386],[-83.742758,42.254383],[-83.742758,42.25438],[-83.742757,42.254377],[-83.742757,42.254374],[-83.742756,42.254371],[-83.742756,42.254368],[-83.742755,42.254365],[-83.742754,42.254362],[-83.742754,42.254359],[-83.742753,42.254356],[-83.742752,42.254353],[-83.742751,42.25435],[-83.74275,42.254348],[-83.742749,42.254345],[-83.742747,42.254342],[-83.742746,42.254339],[-83.742745,42.254337],[-83.742743,42.254334],[-83.742742,42.254332],[-83.74274,42.25433],[-83.742739,42.254327],[-83.742737,42.254325],[-83.742735,42.254323],[-83.742733,42.254321],[-83.74273,42.254318],[-83.742728,42.254317],[-83.742725,42.254315],[-83.742723,42.254313],[-83.74272,42.254312],[-83.742717,42.25431],[-83.742714,42.254309],[-83.742711,42.254308],[-83.742708,42.254307],[-83.742705,42.254305],[-83.742702,42.254305],[-83.742699,42.254304],[-83.742695,42.254303],[-83.742692,42.254302],[-83.742688,42.254302],[-83.742685,42.254301],[-83.742681,42.254301],[-83.742678,42.2543],[-83.742674,42.2543],[-83.74267,42.2543],[-83.742667,42.254299],[-83.742663,42.254299],[-83.742659,42.254299],[-83.742655,42.254299],[-83.742652,42.254299],[-83.742648,42.254299],[-83.742644,42.254299],[-83.74264,42.254299],[-83.742637,42.254299],[-83.742633,42.254298]]]},"properties":{"ObjectName":null}},{"type":"Feature","geometry":{"type":"Polygon","coordinates":[[[-83.742731,42.2589],[-83.742728,42.258898],[-83.74272,42.258894],[-83.742712,42.258889],[-83.742705,42.258884],[-83.742697,42.258879],[-83.742691,42.258874],[-83.742684,42.258868],[-83.742678,42.258862],[-83.742673,42.258856],[-83.742668,42.258851],[-83.742666,42.258848],[-83.742663,42.258845],[-83.742661,42.258842],[-83.742659,42.258838],[-83.742656,42.258835],[-83.742654,42.258832],[-83.742651,42.258829],[-83.742649,42.258826],[-83.742646,42.258823],[-83.742643,42.25882],[-83.742641,42.258817],[-83.742638,42.258814],[-83.742635,42.258811],[-83.742631,42.258808],[-83.742622,42.258802],[-83.742613,42.258796],[-83.742603,42.25879],[-83.742592,42.258784],[-83.742581,42.258779],[-83.742569,42.258774],[-83.742557,42.258769],[-83.742544,42.258764],[-83.742532,42.25876],[-83.74252,42.258755],[-83.742508,42.258751],[-83.742496,42.258748],[-83.742485,42.258745],[-83.742474,42.258742],[-83.742466,42.25874],[-83.742458,42.258737],[-83.742449,42.258735],[-83.742441,42.258733],[-83.742432,42.258731],[-83.742424,42.25873],[-83.742415,42.258728],[-83.742407,42.258726],[-83.742398,42.258724],[-83.742389,42.258723],[-83.742381,42.258721],[-83.742372,42.25872],[-83.742363,42.258719],[-83.742355,42.258718],[-83.74234,42.258716],[-83.742322,42.258714],[-83.742304,42.258712],[-83.742285,42.258711],[-83.742265,42.25871],[-83.742245,42.258709],[-83.742225,42.258709],[-83.742206,42.258709],[-83.742186,42.25871],[-83.742167,42.258711],[-83.742148,42.258714],[-83.74213,42.258717],[-83.742114,42.258721],[-83.742098,42.258726],[-83.742084,42.258732],[-83.742071,42.258739],[-83.742057,42.258747],[-83.742045,42.258757],[-83.742033,42.258767],[-83.742022,42.258778],[-83.742012,42.25879],[-83.742004,42.258802],[-83.741997,42.258815],[-83.741992,42.258828],[-83.741988,42.258841],[-83.741987,42.258854],[-83.741988,42.258867],[-83.741991,42.258879],[-83.741998,42.258892],[-83.742009,42.258907],[-83.742021,42.258919],[-83.742035,42.25893],[-83.74205,42.258939],[-83.742067,42.258946],[-83.742084,42.258952],[-83.742103,42.258957],[-83.742122,42.25896],[-83.742142,42.258962],[-83.742162,42.258963],[-83.742183,42.258963],[-83.742203,42.258963],[-83.742224,42.258961],[-83.742243,42.258959],[-83.742259,42.258957],[-83.742274,42.258954],[-83.742289,42.25895],[-83.742303,42.258946],[-83.742318,42.258942],[-83.742332,42.258937],[-83.742346,42.258932],[-83.74236,42.258926],[-83.742374,42.258921],[-83.742388,42.258916],[-83.742402,42.25891],[-83.742416,42.258905],[-83.742431,42.258901],[-83.742446,42.258896],[-83.742454,42.258894],[-83.742461,42.258892],[-83.742469,42.258891],[-83.742478,42.258889],[-83.742486,42.258888],[-83.742495,42.258887],[-83.742503,42.258886],[-83.742512,42.258885],[-83.742521,42.258885],[-83.74253,42.258884],[-83.742538,42.258885],[-83.742547,42.258885],[-83.742555,42.258886],[-83.742563,42.258887],[-83.74257,42.258889],[-83.742577,42.258891],[-83.742583,42.258893],[-83.742588,42.258896],[-83.742594,42.258899],[-83.742599,42.258902],[-83.742604,42.258906],[-83.742608,42.25891],[-83.742612,42.258914],[-83.742616,42.258919],[-83.74262,42.258923],[-83.742624,42.258927],[-83.742628,42.258932],[-83.742632,42.258936],[-83.742634,42.258939],[-83.742636,42.258942],[-83.742638,42.258944],[-83.742639,42.258946],[-83.742641,42.258948],[-83.742643,42.25895],[-83.742644,42.258952],[-83.742646,42.258954],[-83.742648,42.258957],[-83.742651,42.258959],[-83.742651,42.258955],[-83.742651,42.258952],[-83.742651,42.258949],[-83.742651,42.258946],[-83.742652,42.258944],[-83.742652,42.258941],[-83.742653,42.258938],[-83.742654,42.258936],[-83.742655,42.258934],[-83.742655,42.258931],[-83.742657,42.258929],[-83.742658,42.258927],[-83.742659,42.258925],[-83.742661,42.258923],[-83.742662,42.258921],[-83.742664,42.258919],[-83.742666,42.258917],[-83.742668,42.258915],[-83.74267,42.258914],[-83.742673,42.258912],[-83.742675,42.258911],[-83.742678,42.258909],[-83.742681,42.258908],[-83.742684,42.258907],[-83.742687,42.258906],[-83.742691,42.258905],[-83.742695,42.258904],[-83.742699,42.258903],[-83.742703,42.258902],[-83.742707,42.258902],[-83.742711,42.258901],[-83.742715,42.258901],[-83.742718,42.2589],[-83.742722,42.2589],[-83.742726,42.2589],[-83.742731,42.2589]]]},"properties":{"ObjectName":null}},{"type":"Feature","geometry":{"type":"Polygon","coordinates":[[[-83.740874,42.258744],[-83.74087,42.258745],[-83.740866,42.258747],[-83.740863,42.258749],[-83.74086,42.258752],[-83.740857,42.258755],[-83.740856,42.258759],[-83.740854,42.258763],[-83.740854,42.258766],[-83.740854,42.258768],[-83.740854,42.25877],[-83.740854,42.258773],[-83.740854,42.258775],[-83.740854,42.258777],[-83.740853,42.258779],[-83.740853,42.258781],[-83.740853,42.258783],[-83.740852,42.258785],[-83.74085,42.258788],[-83.740849,42.25879],[-83.740847,42.258791],[-83.740845,42.258793],[-83.740842,42.258795],[-83.740839,42.258797],[-83.740835,42.258799],[-83.740831,42.258801],[-83.740828,42.258803],[-83.740824,42.258804],[-83.74082,42.258806],[-83.740816,42.258808],[-83.740812,42.25881],[-83.740809,42.258812],[-83.740805,42.258814],[-83.740802,42.258816],[-83.740798,42.258818],[-83.740795,42.258821],[-83.740792,42.258824],[-83.74079,42.258827],[-83.740788,42.258828],[-83.740787,42.258831],[-83.740788,42.258835],[-83.740789,42.258838],[-83.740791,42.258841],[-83.740793,42.258845],[-83.740796,42.258848],[-83.740798,42.258851],[-83.740799,42.258854],[-83.740799,42.258856],[-83.740799,42.258859],[-83.740797,42.258862],[-83.740794,42.258864],[-83.740791,42.258866],[-83.740787,42.258869],[-83.740783,42.258871],[-83.74078,42.258873],[-83.740778,42.258874],[-83.740776,42.258876],[-83.740774,42.25888],[-83.740774,42.258883],[-83.740775,42.258886],[-83.740777,42.258889],[-83.74078,42.258892],[-83.740783,42.258894],[-83.740785,42.258895],[-83.740788,42.258897],[-83.740792,42.258899],[-83.740796,42.258901],[-83.7408,42.258903],[-83.740804,42.258905],[-83.740809,42.258907],[-83.740813,42.258908],[-83.740817,42.25891],[-83.740821,42.258911],[-83.740824,42.258911],[-83.740826,42.258912],[-83.740829,42.258912],[-83.740832,42.258913],[-83.740835,42.258913],[-83.740838,42.258913],[-83.740841,42.258913],[-83.740844,42.258913],[-83.740847,42.258913],[-83.74085,42.258913],[-83.740853,42.258913],[-83.740856,42.258913],[-83.740859,42.258913],[-83.740862,42.258913],[-83.740866,42.258914],[-83.740871,42.258913],[-83.740876,42.258913],[-83.740881,42.258912],[-83.740886,42.258911],[-83.740891,42.258909],[-83.740895,42.258908],[-83.7409,42.258906],[-83.740903,42.258903],[-83.740907,42.258901],[-83.74091,42.258898],[-83.740913,42.258895],[-83.740915,42.258892],[-83.740916,42.258888],[-83.740917,42.258884],[-83.740918,42.25888],[-83.740917,42.258877],[-83.740917,42.258874],[-83.740916,42.258871],[-83.740915,42.258868],[-83.740913,42.258865],[-83.740912,42.258863],[-83.74091,42.25886],[-83.740908,42.258858],[-83.740906,42.258855],[-83.740904,42.258852],[-83.740902,42.25885],[-83.7409,42.258847],[-83.740897,42.258845],[-83.740895,42.258842],[-83.740893,42.258839],[-83.740892,42.258836],[-83.740891,42.258833],[-83.740891,42.258829],[-83.740893,42.258826],[-83.740895,42.258823],[-83.740897,42.25882],[-83.740899,42.258817],[-83.7409,42.258815],[-83.740901,42.258813],[-83.740902,42.258811],[-83.740904,42.258807],[-83.740906,42.258804],[-83.740907,42.258801],[-83.740908,42.258798],[-83.74091,42.258795],[-83.740911,42.258791],[-83.740912,42.258788],[-83.740913,42.258785],[-83.740914,42.258783],[-83.740914,42.258781],[-83.740914,42.258778],[-83.740914,42.258774],[-83.740914,42.258771],[-83.740912,42.258767],[-83.740911,42.258764],[-83.740909,42.258761],[-83.740908,42.258759],[-83.740906,42.258757],[-83.740903,42.258754],[-83.740899,42.258751],[-83.740895,42.258748],[-83.740891,42.258746],[-83.740887,42.258745],[-83.740882,42.258744],[-83.740878,42.258744],[-83.740874,42.258744]]]},"properties":{"ObjectName":null}},{"type":"Feature","geometry":{"type":"Polygon","coordinates":[[[-83.7443,42.261452],[-83.744305,42.261453],[-83.744308,42.261454],[-83.744311,42.261454],[-83.744314,42.261454],[-83.744317,42.261454],[-83.74432,42.261453],[-83.744323,42.261453],[-83.744326,42.261453],[-83.744329,42.261452],[-83.744332,42.261451],[-83.744335,42.261451],[-83.744338,42.26145],[-83.744341,42.26145],[-83.744344,42.261449],[-83.744348,42.261449],[-83.744351,42.261448],[-83.744354,42.261448],[-83.744357,42.261448],[-83.74436,42.261448],[-83.744364,42.261448],[-83.744369,42.261448],[-83.744375,42.261449],[-83.744381,42.261451],[-83.744385,42.261453],[-83.744389,42.261456],[-83.744392,42.261459],[-83.744394,42.261462],[-83.744397,42.261466],[-83.744398,42.26147],[-83.7444,42.261473],[-83.744401,42.261478],[-83.744403,42.261482],[-83.744404,42.261486],[-83.744406,42.26149],[-83.744407,42.261494],[-83.744409,42.261498],[-83.744412,42.261501],[-83.744415,42.261505],[-83.744418,42.261508],[-83.744423,42.26151],[-83.744426,42.261512],[-83.744428,42.261513],[-83.744431,42.261514],[-83.744433,42.261515],[-83.744436,42.261515],[-83.744439,42.261516],[-83.744442,42.261516],[-83.744447,42.261516],[-83.744453,42.261516],[-83.744456,42.261516],[-83.744459,42.261515],[-83.744461,42.261515],[-83.744464,42.261514],[-83.744467,42.261513],[-83.744469,42.261513],[-83.744472,42.261512],[-83.744474,42.261511],[-83.744478,42.26151],[-83.744482,42.261508],[-83.744486,42.261506],[-83.744489,42.261504],[-83.744492,42.261502],[-83.744496,42.2615],[-83.744499,42.261498],[-83.744501,42.261496],[-83.744504,42.261493],[-83.744506,42.261491],[-83.744508,42.261488],[-83.74451,42.261486],[-83.744511,42.261483],[-83.744512,42.26148],[-83.744513,42.261477],[-83.744514,42.261474],[-83.744514,42.261471],[-83.744515,42.261467],[-83.744514,42.261464],[-83.744514,42.261461],[-83.744513,42.261457],[-83.744512,42.261454],[-83.744511,42.261451],[-83.74451,42.261448],[-83.744509,42.261445],[-83.744507,42.261442],[-83.744506,42.261439],[-83.744504,42.261437],[-83.744502,42.261434],[-83.744501,42.261431],[-83.744499,42.261428],[-83.744498,42.261425],[-83.744496,42.261422],[-83.744495,42.261419],[-83.744494,42.261416],[-83.744493,42.261413],[-83.744493,42.26141],[-83.744492,42.261407],[-83.744492,42.261403],[-83.744493,42.2614],[-83.744493,42.261398],[-83.744494,42.261396],[-83.744495,42.261394],[-83.744496,42.261392],[-83.744497,42.26139],[-83.744498,42.261388],[-83.744499,42.261386],[-83.7445,42.261384],[-83.744501,42.261382],[-83.744503,42.26138],[-83.744504,42.261378],[-83.744505,42.261376],[-83.744506,42.261374],[-83.744506,42.261372],[-83.744507,42.26137],[-83.744507,42.261367],[-83.744507,42.261365],[-83.744507,42.261363],[-83.744506,42.26136],[-83.744505,42.261358],[-83.744502,42.261354],[-83.744499,42.261349],[-83.744494,42.261345],[-83.744488,42.26134],[-83.744481,42.261336],[-83.744474,42.261331],[-83.744466,42.261327],[-83.744458,42.261323],[-83.744449,42.261319],[-83.744441,42.261316],[-83.744432,42.261314],[-83.744423,42.261312],[-83.744415,42.261311],[-83.744406,42.26131],[-83.744399,42.261311],[-83.744392,42.261312],[-83.744386,42.261315],[-83.74438,42.261319],[-83.744376,42.261323],[-83.744373,42.26133],[-83.744372,42.261333],[-83.744372,42.261335],[-83.744372,42.261337],[-83.744373,42.26134],[-83.744373,42.261342],[-83.744373,42.261345],[-83.744374,42.261347],[-83.744374,42.26135],[-83.744374,42.261353],[-83.744375,42.261355],[-83.744375,42.261358],[-83.744375,42.26136],[-83.744375,42.261362],[-83.744374,42.261365],[-83.744373,42.261367],[-83.74437,42.26137],[-83.744366,42.261372],[-83.744363,42.261373],[-83.74436,42.261374],[-83.744357,42.261374],[-83.744354,42.261373],[-83.744351,42.261371],[-83.74435,42.261369],[-83.744349,42.261367],[-83.744348,42.261365],[-83.744347,42.261363],[-83.744346,42.26136],[-83.744345,42.261358],[-83.744344,42.261355],[-83.744343,42.261353],[-83.744342,42.261351],[-83.744341,42.261349],[-83.74434,42.261347],[-83.744338,42.261345],[-83.744333,42.261343],[-83.744327,42.261342],[-83.744321,42.261343],[-83.744314,42.261345],[-83.744308,42.261349],[-83.744303,42.261354],[-83.744298,42.261361],[-83.744293,42.261368],[-83.744289,42.261375],[-83.744285,42.261383],[-83.744282,42.261392],[-83.74428,42.261401],[-83.744279,42.261409],[-83.744279,42.261417],[-83.744279,42.261425],[-83.744281,42.261433],[-83.744283,42.261439],[-83.744287,42.261445],[-83.744293,42.261449],[-83.7443,42.261452]],[[-83.744439,42.261427],[-83.744442,42.261427],[-83.744446,42.261427],[-83.744449,42.261428],[-83.744452,42.261429],[-83.744455,42.261431],[-83.744457,42.261434],[-83.744458,42.261436],[-83.744459,42.261438],[-83.74446,42.26144],[-83.74446,42.261442],[-83.74446,42.261445],[-83.744459,42.261447],[-83.744458,42.26145],[-83.744455,42.261452],[-83.744453,42.261454],[-83.74445,42.261455],[-83.744446,42.261454],[-83.744442,42.261453],[-83.744438,42.261451],[-83.744436,42.261448],[-83.744434,42.261447],[-83.744432,42.261444],[-83.744431,42.261442],[-83.74443,42.26144],[-83.74443,42.261437],[-83.74443,42.261434],[-83.744431,42.261431],[-83.744435,42.261428],[-83.744439,42.261427]]]},"properties":{"ObjectName":null}},{"type":"Feature","geometry":{"type":"Polygon","coordinates":[[[-83.653751,42.27912],[-83.653737,42.279127],[-83.653722,42.27914],[-83.653714,42.279156],[-83.653712,42.279174],[-83.65372,42.279196],[-83.653721,42.279209],[-83.653719,42.279224],[-83.653706,42.279259],[-83.653699,42.279292],[-83.653697,42.279323],[-83.653697,42.279337],[-83.6537,42.279345],[-83.653713,42.279355],[-83.653728,42.279363],[-83.653745,42.279365],[-83.653762,42.279363],[-83.653775,42.279356],[-83.653783,42.27935],[-83.653789,42.279342],[-83.653794,42.279331],[-83.653795,42.27932],[-83.653787,42.279298],[-83.653785,42.279281],[-83.653797,42.279266],[-83.653802,42.279246],[-83.653802,42.279219],[-83.653796,42.279199],[-83.653796,42.279185],[-83.653799,42.279164],[-83.653806,42.279147],[-83.653806,42.27914],[-83.653798,42.279131],[-83.653786,42.279123],[-83.653769,42.27912],[-83.653751,42.27912]]]},"properties":{"ObjectName":null}},{"type":"Feature","geometry":{"type":"Polygon","coordinates":[[[-83.654298,42.288851],[-83.654272,42.288855],[-83.654242,42.288867],[-83.654188,42.288893],[-83.654168,42.288905],[-83.654151,42.288918],[-83.654139,42.28893],[-83.654134,42.288944],[-83.654134,42.288965],[-83.654142,42.288981],[-83.65415,42.288989],[-83.654164,42.289],[-83.654181,42.289012],[-83.654192,42.289017],[-83.654213,42.289017],[-83.654226,42.289015],[-83.654244,42.289009],[-83.65426,42.289002],[-83.654289,42.288987],[-83.654326,42.288967],[-83.654345,42.288955],[-83.654363,42.288934],[-83.654371,42.288918],[-83.654371,42.28891],[-83.654368,42.288899],[-83.654362,42.288888],[-83.654353,42.288875],[-83.654342,42.288864],[-83.654334,42.288857],[-83.654316,42.288851],[-83.654298,42.288851]]]},"properties":{"ObjectName":null}},{"type":"Feature","geometry":{"type":"Polygon","coordinates":[[[-83.661988,42.285671],[-83.662003,42.28567],[-83.662015,42.285663],[-83.66203,42.285652],[-83.662041,42.285637],[-83.662046,42.285625],[-83.662045,42.285614],[-83.662036,42.285606],[-83.662025,42.285603],[-83.662018,42.285604],[-83.662013,42.285606],[-83.66201,42.285612],[-83.661997,42.285623],[-83.661981,42.285633],[-83.661968,42.285638],[-83.661957,42.285645],[-83.661953,42.28565],[-83.661954,42.285657],[-83.661958,42.285663],[-83.661967,42.285668],[-83.661979,42.285667],[-83.661988,42.285671]]]},"properties":{"ObjectName":null}},{"type":"Feature","geometry":{"type":"Polygon","coordinates":[[[-83.654097,42.288001],[-83.654096,42.287991],[-83.654087,42.287967],[-83.654085,42.287956],[-83.654085,42.287932],[-83.654091,42.287918],[-83.654099,42.287911],[-83.654112,42.287905],[-83.654164,42.287892],[-83.654193,42.287888],[-83.654261,42.287882],[-83.654291,42.287876],[-83.654321,42.287866],[-83.654337,42.287856],[-83.654349,42.287847],[-83.654353,42.287839],[-83.654351,42.287829],[-83.654338,42.287814],[-83.654329,42.287805],[-83.654296,42.287782],[-83.654283,42.287768],[-83.654277,42.287759],[-83.654275,42.287741],[-83.654281,42.287722],[-83.654286,42.287715],[-83.654293,42.28771],[-83.654315,42.2877],[-83.654346,42.287692],[-83.654393,42.287686],[-83.654413,42.287685],[-83.654461,42.287688],[-83.654482,42.287686],[-83.654501,42.28768],[-83.654522,42.287672],[-83.654543,42.28766],[-83.654563,42.287647],[-83.654574,42.287637],[-83.654582,42.287625],[-83.654589,42.287612],[-83.654594,42.287596],[-83.654599,42.287569],[-83.654603,42.287503],[-83.654607,42.287476],[-83.654644,42.287268],[-83.654669,42.287143],[-83.65468,42.287106],[-83.654692,42.287074],[-83.65471,42.287039],[-83.654733,42.287001],[-83.654817,42.286886],[-83.654868,42.286821],[-83.655012,42.286648],[-83.655085,42.286553],[-83.655158,42.286453],[-83.655305,42.286241],[-83.655477,42.285999],[-83.655544,42.285897],[-83.655576,42.285841],[-83.655603,42.285788],[-83.655625,42.285737],[-83.655642,42.285687],[-83.655663,42.285626],[-83.655666,42.285609],[-83.655666,42.285593],[-83.65566,42.285559],[-83.65565,42.285529],[-83.655635,42.285507],[-83.655617,42.285493],[-83.655596,42.285485],[-83.655566,42.28548],[-83.655532,42.285478],[-83.655498,42.285481],[-83.655483,42.285484],[-83.655467,42.28549],[-83.655452,42.285498],[-83.655436,42.285508],[-83.655408,42.285532],[-83.655347,42.285591],[-83.655314,42.285623],[-83.655282,42.285662],[-83.655193,42.285786],[-83.655164,42.285824],[-83.654959,42.286065],[-83.654895,42.286142],[-83.654754,42.286316],[-83.654686,42.286405],[-83.654626,42.286492],[-83.654579,42.286574],[-83.654559,42.286615],[-83.654541,42.286661],[-83.654477,42.286855],[-83.654444,42.286938],[-83.654389,42.28705],[-83.65433,42.287154],[-83.654276,42.287229],[-83.654265,42.287248],[-83.65426,42.287265],[-83.654258,42.287279],[-83.65426,42.287295],[-83.654275,42.287355],[-83.654278,42.287379],[-83.654277,42.287428],[-83.654274,42.287444],[-83.654269,42.287456],[-83.65426,42.287469],[-83.654248,42.287482],[-83.654207,42.287513],[-83.654171,42.287531],[-83.65416,42.287541],[-83.654158,42.287554],[-83.65416,42.28757],[-83.654164,42.287579],[-83.654172,42.287589],[-83.65421,42.287619],[-83.654234,42.287636],[-83.65424,42.287645],[-83.654239,42.287652],[-83.654233,42.287661],[-83.654205,42.287684],[-83.654187,42.287695],[-83.654159,42.287707],[-83.654144,42.287712],[-83.654126,42.287715],[-83.654046,42.287723],[-83.65403,42.287726],[-83.654016,42.287732],[-83.653994,42.287744],[-83.653973,42.287759],[-83.653955,42.287775],[-83.653942,42.287791],[-83.653936,42.287805],[-83.653932,42.287822],[-83.65393,42.287894],[-83.653924,42.287917],[-83.653896,42.287994],[-83.653895,42.288013],[-83.653897,42.28802],[-83.6539,42.288023],[-83.653913,42.288006],[-83.653928,42.287991],[-83.653949,42.287976],[-83.653968,42.287964],[-83.653986,42.287957],[-83.654002,42.287954],[-83.654018,42.287956],[-83.654037,42.287961],[-83.654057,42.28797],[-83.654078,42.287982],[-83.654095,42.287998],[-83.654097,42.288001]]]},"properties":{"ObjectName":null}},{"type":"Feature","geometry":{"type":"Polygon","coordinates":[[[-83.745416,42.259597],[-83.745412,42.259599],[-83.745409,42.259601],[-83.745406,42.259603],[-83.745403,42.259605],[-83.7454,42.259608],[-83.745398,42.259611],[-83.745396,42.259614],[-83.745394,42.259618],[-83.745392,42.259621],[-83.745391,42.259625],[-83.74539,42.259628],[-83.745389,42.259632],[-83.745388,42.259635],[-83.745387,42.259639],[-83.745387,42.259642],[-83.745386,42.259646],[-83.745386,42.259649],[-83.745386,42.259652],[-83.745388,42.259655],[-83.745392,42.259657],[-83.745396,42.259659],[-83.745401,42.25966],[-83.745405,42.259661],[-83.745409,42.259662],[-83.745414,42.259663],[-83.745418,42.259663],[-83.745421,42.259663],[-83.745424,42.259663],[-83.745427,42.259663],[-83.74543,42.259663],[-83.745433,42.259663],[-83.745436,42.259663],[-83.745438,42.259663],[-83.745441,42.259664],[-83.745444,42.259665],[-83.745446,42.259666],[-83.745448,42.259667],[-83.745451,42.25967],[-83.745454,42.259673],[-83.745456,42.259676],[-83.745457,42.259679],[-83.745459,42.259682],[-83.74546,42.259685],[-83.745462,42.259688],[-83.745464,42.259691],[-83.745466,42.259694],[-83.745469,42.259696],[-83.745472,42.259698],[-83.745474,42.259699],[-83.745476,42.259701],[-83.745479,42.259702],[-83.745483,42.259703],[-83.745487,42.259704],[-83.745491,42.259705],[-83.745493,42.259706],[-83.745496,42.259706],[-83.745498,42.259707],[-83.745501,42.259707],[-83.745504,42.259708],[-83.745507,42.259708],[-83.745509,42.259708],[-83.745512,42.259708],[-83.745515,42.259708],[-83.745517,42.259708],[-83.74552,42.259708],[-83.745523,42.259708],[-83.745525,42.259707],[-83.745528,42.259707],[-83.745531,42.259706],[-83.745533,42.259705],[-83.745536,42.259704],[-83.74554,42.259703],[-83.745542,42.259701],[-83.745545,42.259699],[-83.745547,42.259697],[-83.745549,42.259694],[-83.745551,42.259691],[-83.745552,42.259688],[-83.745553,42.259685],[-83.745554,42.259681],[-83.745554,42.259678],[-83.745555,42.259674],[-83.745554,42.25967],[-83.745554,42.259666],[-83.745553,42.259662],[-83.745552,42.259659],[-83.74555,42.259655],[-83.745549,42.259651],[-83.745547,42.259648],[-83.745545,42.259644],[-83.745542,42.259641],[-83.74554,42.259638],[-83.745537,42.259635],[-83.745534,42.259633],[-83.745531,42.25963],[-83.745527,42.259629],[-83.745523,42.259627],[-83.745518,42.259626],[-83.745514,42.259625],[-83.745509,42.259625],[-83.745505,42.259625],[-83.745502,42.259625],[-83.745499,42.259626],[-83.745496,42.259626],[-83.745493,42.259626],[-83.74549,42.259626],[-83.745487,42.259625],[-83.745484,42.259624],[-83.745481,42.259621],[-83.745478,42.259619],[-83.745477,42.259617],[-83.745475,42.259616],[-83.745473,42.259613],[-83.745471,42.259611],[-83.745469,42.259609],[-83.745467,42.259606],[-83.745465,42.259604],[-83.745463,42.259602],[-83.745461,42.259601],[-83.745458,42.259599],[-83.745455,42.259598],[-83.745452,42.259596],[-83.745448,42.259595],[-83.745444,42.259595],[-83.745439,42.259594],[-83.745434,42.259594],[-83.745429,42.259594],[-83.745424,42.259594],[-83.74542,42.259595],[-83.745416,42.259597]]]},"properties":{"ObjectName":null}},{"type":"Feature","geometry":{"type":"Polygon","coordinates":[[[-83.746128,42.258175],[-83.746145,42.258178],[-83.746165,42.258182],[-83.746184,42.258188],[-83.746205,42.258196],[-83.746222,42.258204],[-83.746238,42.258214],[-83.746252,42.258225],[-83.746266,42.258239],[-83.746278,42.258251],[-83.746288,42.258262],[-83.746305,42.258272],[-83.746326,42.25828],[-83.746344,42.258286],[-83.746361,42.258293],[-83.746382,42.258302],[-83.746404,42.258308],[-83.746425,42.258314],[-83.746441,42.258319],[-83.746454,42.258321],[-83.746465,42.258325],[-83.746481,42.258329],[-83.746509,42.258335],[-83.746538,42.258338],[-83.746566,42.25834],[-83.746595,42.258344],[-83.746623,42.258345],[-83.746652,42.258343],[-83.746676,42.25834],[-83.746695,42.258335],[-83.746713,42.258328],[-83.746733,42.258323],[-83.746756,42.258323],[-83.746781,42.258323],[-83.746805,42.258323],[-83.746844,42.258325],[-83.746887,42.258334],[-83.746927,42.258348],[-83.746969,42.258363],[-83.747009,42.258376],[-83.747048,42.25839],[-83.747089,42.258406],[-83.74711,42.258415],[-83.747127,42.258423],[-83.747145,42.258433],[-83.747162,42.258444],[-83.747183,42.258452],[-83.747205,42.258459],[-83.747226,42.258464],[-83.747287,42.258481],[-83.747351,42.2585],[-83.747415,42.258518],[-83.747472,42.258533],[-83.74752,42.258546],[-83.747569,42.258561],[-83.747605,42.258573],[-83.747629,42.258582],[-83.747649,42.258594],[-83.747663,42.258608],[-83.747675,42.258623],[-83.74769,42.258636],[-83.747722,42.258661],[-83.747776,42.258693],[-83.747839,42.258718],[-83.747892,42.258734],[-83.747924,42.258744],[-83.747953,42.258753],[-83.747984,42.258765],[-83.74802,42.25878],[-83.748054,42.258795],[-83.748089,42.258812],[-83.748125,42.258835],[-83.748159,42.258859],[-83.748188,42.258887],[-83.748213,42.258915],[-83.74824,42.258943],[-83.748274,42.25897],[-83.748308,42.258995],[-83.748341,42.259022],[-83.748376,42.259049],[-83.748408,42.259074],[-83.748437,42.259098],[-83.748465,42.259122],[-83.748501,42.259148],[-83.74854,42.259173],[-83.748583,42.259193],[-83.748632,42.259205],[-83.748681,42.259205],[-83.748729,42.259186],[-83.748765,42.259153],[-83.748784,42.259114],[-83.748788,42.259074],[-83.748774,42.259038],[-83.74875,42.259004],[-83.748725,42.258973],[-83.748701,42.258941],[-83.748674,42.25891],[-83.748641,42.258882],[-83.748601,42.258857],[-83.748563,42.258834],[-83.74853,42.258811],[-83.748499,42.258784],[-83.748472,42.258755],[-83.748453,42.258723],[-83.748437,42.258687],[-83.748418,42.258653],[-83.748399,42.258624],[-83.748388,42.258607],[-83.748373,42.25859],[-83.748356,42.258573],[-83.748329,42.258547],[-83.748301,42.258523],[-83.748278,42.258498],[-83.74827,42.258486],[-83.748259,42.258474],[-83.748242,42.258461],[-83.748208,42.258443],[-83.748171,42.258431],[-83.748124,42.258426],[-83.748064,42.258424],[-83.748001,42.258425],[-83.747937,42.258425],[-83.747884,42.258416],[-83.747833,42.258403],[-83.747785,42.258386],[-83.747734,42.258368],[-83.747684,42.258347],[-83.74764,42.258325],[-83.747602,42.258301],[-83.747563,42.258282],[-83.747516,42.258272],[-83.747454,42.258275],[-83.747395,42.258275],[-83.747336,42.258264],[-83.747258,42.258247],[-83.747183,42.258224],[-83.747114,42.258196],[-83.747094,42.258184],[-83.747078,42.258172],[-83.747057,42.25816],[-83.747016,42.258141],[-83.746976,42.258123],[-83.746935,42.258105],[-83.746878,42.258095],[-83.746821,42.258097],[-83.746764,42.258099],[-83.746718,42.25811],[-83.746673,42.258128],[-83.746626,42.258147],[-83.746604,42.258156],[-83.746581,42.258162],[-83.746553,42.258164],[-83.746532,42.258164],[-83.746512,42.258164],[-83.746494,42.258164],[-83.746476,42.258166],[-83.746458,42.258169],[-83.746443,42.25817],[-83.746429,42.25817],[-83.746417,42.258169],[-83.746408,42.258169],[-83.7464,42.258169],[-83.746384,42.258166],[-83.746367,42.258162],[-83.746351,42.258157],[-83.746335,42.258148],[-83.746317,42.258137],[-83.746301,42.258127],[-83.746286,42.258116],[-83.74628,42.258106],[-83.746276,42.258099],[-83.746272,42.258093],[-83.746268,42.258086],[-83.746265,42.258077],[-83.746262,42.258069],[-83.74626,42.25806],[-83.746257,42.25806],[-83.746257,42.258066],[-83.746256,42.25807],[-83.746256,42.258073],[-83.746256,42.258076],[-83.746255,42.258079],[-83.746255,42.258082],[-83.746254,42.258085],[-83.746254,42.258088],[-83.746253,42.258091],[-83.746253,42.258094],[-83.746252,42.258097],[-83.746252,42.2581],[-83.746251,42.258103],[-83.746251,42.258106],[-83.746251,42.25811],[-83.74625,42.258112],[-83.746249,42.258117],[-83.746248,42.258122],[-83.746247,42.258126],[-83.746245,42.25813],[-83.746243,42.258134],[-83.746241,42.258138],[-83.746238,42.258141],[-83.746236,42.258144],[-83.746233,42.258147],[-83.74623,42.25815],[-83.746226,42.258153],[-83.746223,42.258155],[-83.746219,42.258158],[-83.746215,42.25816],[-83.74621,42.258162],[-83.746206,42.258163],[-83.746202,42.258165],[-83.746197,42.258167],[-83.746192,42.258168],[-83.746187,42.258169],[-83.746182,42.25817],[-83.746176,42.258171],[-83.746171,42.258172],[-83.746165,42.258172],[-83.746159,42.258173],[-83.746154,42.258173],[-83.746148,42.258174],[-83.746142,42.258174],[-83.746138,42.258174],[-83.746134,42.258174],[-83.746131,42.258174],[-83.746128,42.258175]]]},"properties":{"ObjectName":null}},{"type":"Feature","geometry":{"type":"Polygon","coordinates":[[[-83.664321,42.286728],[-83.664324,42.286737],[-83.664338,42.286764],[-83.664362,42.286791],[-83.664368,42.286796],[-83.664379,42.2868],[-83.664391,42.286799],[-83.664401,42.286795],[-83.664408,42.286788],[-83.664419,42.286778],[-83.664438,42.286766],[-83.664456,42.286757],[-83.664462,42.286752],[-83.664467,42.286741],[-83.664465,42.286731],[-83.664456,42.286723],[-83.664444,42.286719],[-83.664433,42.286719],[-83.664416,42.286723],[-83.664405,42.286721],[-83.664394,42.286717],[-83.664379,42.286705],[-83.664365,42.286695],[-83.664357,42.286692],[-83.664348,42.286694],[-83.664341,42.286698],[-83.66433,42.286708],[-83.664323,42.28672],[-83.664321,42.286728]]]},"properties":{"ObjectName":null}},{"type":"Feature","geometry":{"type":"Polygon","coordinates":[[[-83.749478,42.260209],[-83.749475,42.26021],[-83.749459,42.260213],[-83.749439,42.260216],[-83.749422,42.260219],[-83.749391,42.260221],[-83.749351,42.260213],[-83.749317,42.2602],[-83.749294,42.260189],[-83.749283,42.260184],[-83.749271,42.260179],[-83.74926,42.260173],[-83.749249,42.260167],[-83.749239,42.260161],[-83.74923,42.260153],[-83.749221,42.260146],[-83.749206,42.26013],[-83.749189,42.260113],[-83.749173,42.260096],[-83.749157,42.260078],[-83.749141,42.26006],[-83.749127,42.260042],[-83.749113,42.260023],[-83.749102,42.260007],[-83.7491,42.260002],[-83.749097,42.259997],[-83.749094,42.259992],[-83.74909,42.259987],[-83.749087,42.259983],[-83.749082,42.259978],[-83.749077,42.259974],[-83.749072,42.259971],[-83.749066,42.259968],[-83.749059,42.259965],[-83.749052,42.259963],[-83.749045,42.259961],[-83.749038,42.259959],[-83.749031,42.259957],[-83.749024,42.259955],[-83.749006,42.25995],[-83.748985,42.259945],[-83.748964,42.259941],[-83.748943,42.259938],[-83.748922,42.259935],[-83.748901,42.259931],[-83.74888,42.259928],[-83.748859,42.259923],[-83.748835,42.259918],[-83.748811,42.259912],[-83.748787,42.259906],[-83.748764,42.2599],[-83.74874,42.259894],[-83.748717,42.259886],[-83.748695,42.259879],[-83.748671,42.25987],[-83.748646,42.259861],[-83.74862,42.259851],[-83.748595,42.259841],[-83.748569,42.259832],[-83.748544,42.259822],[-83.748518,42.259814],[-83.748492,42.259806],[-83.748478,42.259802],[-83.748464,42.259797],[-83.748451,42.259793],[-83.748437,42.259788],[-83.748424,42.259783],[-83.748411,42.259778],[-83.748398,42.259772],[-83.748386,42.259766],[-83.748375,42.25976],[-83.748366,42.259753],[-83.748357,42.259745],[-83.74835,42.259737],[-83.748343,42.259728],[-83.748337,42.259719],[-83.748331,42.25971],[-83.748322,42.259694],[-83.748312,42.259674],[-83.748302,42.259653],[-83.748293,42.259632],[-83.748284,42.259612],[-83.748273,42.259591],[-83.748261,42.259572],[-83.748246,42.259552],[-83.74823,42.259536],[-83.748213,42.259521],[-83.748193,42.259506],[-83.748173,42.259493],[-83.748151,42.25948],[-83.748128,42.259469],[-83.748105,42.259458],[-83.748085,42.25945],[-83.748073,42.259445],[-83.748061,42.25944],[-83.748048,42.259436],[-83.748036,42.259431],[-83.748023,42.259427],[-83.74801,42.259422],[-83.747998,42.259418],[-83.747976,42.25941],[-83.747949,42.2594],[-83.747922,42.259391],[-83.747894,42.259382],[-83.747866,42.259374],[-83.747838,42.259365],[-83.74781,42.259357],[-83.747783,42.25935],[-83.747744,42.25934],[-83.747707,42.259328],[-83.747669,42.259316],[-83.747599,42.259296],[-83.74753,42.259273],[-83.747459,42.259249],[-83.747386,42.259224],[-83.747313,42.259198],[-83.747241,42.259169],[-83.747206,42.259152],[-83.747174,42.259137],[-83.747142,42.25912],[-83.747117,42.259106],[-83.747091,42.259089],[-83.747061,42.259071],[-83.747,42.259044],[-83.746938,42.259013],[-83.74687,42.258991],[-83.746792,42.258983],[-83.746711,42.25899],[-83.746641,42.25902],[-83.746611,42.259072],[-83.746626,42.259125],[-83.746675,42.259167],[-83.746741,42.259195],[-83.746809,42.259219],[-83.746877,42.259242],[-83.746998,42.259289],[-83.747124,42.259349],[-83.747236,42.259422],[-83.747273,42.259455],[-83.747301,42.25948],[-83.747328,42.259504],[-83.747349,42.259523],[-83.747364,42.259541],[-83.747378,42.259559],[-83.747408,42.259587],[-83.747448,42.259615],[-83.747493,42.259638],[-83.747557,42.259665],[-83.747631,42.259682],[-83.747706,42.259699],[-83.747747,42.259709],[-83.747781,42.259718],[-83.747819,42.259731],[-83.747848,42.259745],[-83.747876,42.259761],[-83.747903,42.259779],[-83.74795,42.259808],[-83.748003,42.259841],[-83.748057,42.259874],[-83.748107,42.259897],[-83.748155,42.259921],[-83.748204,42.259944],[-83.748301,42.259983],[-83.748418,42.260028],[-83.748534,42.260079],[-83.748608,42.260116],[-83.74867,42.260141],[-83.748734,42.260167],[-83.748798,42.260194],[-83.748862,42.26022],[-83.748932,42.260236],[-83.748989,42.260237],[-83.749033,42.260236],[-83.749074,42.260237],[-83.749115,42.260245],[-83.749155,42.260251],[-83.749196,42.260255],[-83.749235,42.260258],[-83.749272,42.260262],[-83.74931,42.260268],[-83.749344,42.260275],[-83.749371,42.260285],[-83.749396,42.2603],[-83.74941,42.260314],[-83.74942,42.260325],[-83.749432,42.260335],[-83.749442,42.260341],[-83.74945,42.260346],[-83.749448,42.260342],[-83.749445,42.260338],[-83.749442,42.260334],[-83.74944,42.26033],[-83.749438,42.260325],[-83.749436,42.260322],[-83.749435,42.260318],[-83.749434,42.260314],[-83.749432,42.260311],[-83.749432,42.260307],[-83.749431,42.260304],[-83.74943,42.2603],[-83.74943,42.260296],[-83.749429,42.260293],[-83.749429,42.260289],[-83.749429,42.260286],[-83.74943,42.260282],[-83.74943,42.260278],[-83.74943,42.260275],[-83.749431,42.260271],[-83.749432,42.260268],[-83.749433,42.260264],[-83.749434,42.260261],[-83.749435,42.260257],[-83.749437,42.260254],[-83.749438,42.260251],[-83.74944,42.260248],[-83.749442,42.260244],[-83.749444,42.260241],[-83.749446,42.260238],[-83.749448,42.260235],[-83.749451,42.260232],[-83.749453,42.260229],[-83.749456,42.260227],[-83.749459,42.260224],[-83.749462,42.260221],[-83.749465,42.260219],[-83.749468,42.260216],[-83.749471,42.260214],[-83.749475,42.260212],[-83.749478,42.260209]]]},"properties":{"ObjectName":null}},{"type":"Feature","geometry":{"type":"Polygon","coordinates":[[[-83.660918,42.286897],[-83.660924,42.28691],[-83.660931,42.286916],[-83.660939,42.286919],[-83.660947,42.28692],[-83.66096,42.286919],[-83.660974,42.286915],[-83.660999,42.286896],[-83.661012,42.28689],[-83.661027,42.286887],[-83.661042,42.286886],[-83.661051,42.286887],[-83.661061,42.286891],[-83.661096,42.28691],[-83.661112,42.286916],[-83.661134,42.286921],[-83.661147,42.286921],[-83.661159,42.286919],[-83.661169,42.286915],[-83.661181,42.286904],[-83.661185,42.286896],[-83.661186,42.286885],[-83.661184,42.286876],[-83.66118,42.286869],[-83.661173,42.286861],[-83.661164,42.286855],[-83.66115,42.286853],[-83.661118,42.286858],[-83.661105,42.286857],[-83.661088,42.286853],[-83.661084,42.28685],[-83.661082,42.286846],[-83.661084,42.286822],[-83.66108,42.286813],[-83.661065,42.286802],[-83.661052,42.286796],[-83.661015,42.286784],[-83.660986,42.286767],[-83.660974,42.286762],[-83.660942,42.286756],[-83.660931,42.286756],[-83.660922,42.286759],[-83.660914,42.286765],[-83.660909,42.286772],[-83.660907,42.286787],[-83.660911,42.286796],[-83.660917,42.286806],[-83.660928,42.286813],[-83.660958,42.286828],[-83.660962,42.286831],[-83.660961,42.286835],[-83.660938,42.286844],[-83.660929,42.286853],[-83.660921,42.286865],[-83.660916,42.286881],[-83.660918,42.286897]]]},"properties":{"ObjectName":null}},{"type":"Feature","geometry":{"type":"Polygon","coordinates":[[[-83.741867,42.261995],[-83.741863,42.261995],[-83.741859,42.261996],[-83.741855,42.261997],[-83.741851,42.261999],[-83.741848,42.262002],[-83.741845,42.262004],[-83.741844,42.262005],[-83.741842,42.262007],[-83.74184,42.262009],[-83.741839,42.262011],[-83.741838,42.262013],[-83.741837,42.262016],[-83.741836,42.262018],[-83.741835,42.262021],[-83.741835,42.262023],[-83.741834,42.262026],[-83.741834,42.262028],[-83.741834,42.262031],[-83.741833,42.262034],[-83.741833,42.262036],[-83.741833,42.262039],[-83.741834,42.262041],[-83.741834,42.262044],[-83.741834,42.262046],[-83.741835,42.262049],[-83.741835,42.262051],[-83.741836,42.262055],[-83.741837,42.262058],[-83.741837,42.26206],[-83.741838,42.262062],[-83.741839,42.262065],[-83.74184,42.262067],[-83.741842,42.26207],[-83.741843,42.262072],[-83.741844,42.262074],[-83.741846,42.262077],[-83.741847,42.262079],[-83.741849,42.262082],[-83.74185,42.262084],[-83.741852,42.262087],[-83.741854,42.262089],[-83.741856,42.262092],[-83.741858,42.262094],[-83.74186,42.262096],[-83.741862,42.262099],[-83.741864,42.262101],[-83.741867,42.262103],[-83.741869,42.262105],[-83.741871,42.262107],[-83.741874,42.262109],[-83.741877,42.262111],[-83.741879,42.262113],[-83.741882,42.262114],[-83.741885,42.262116],[-83.741888,42.262117],[-83.741891,42.262119],[-83.741894,42.26212],[-83.741897,42.262121],[-83.7419,42.262122],[-83.741903,42.262122],[-83.741907,42.262123],[-83.74191,42.262123],[-83.741913,42.262123],[-83.741917,42.262123],[-83.74192,42.262123],[-83.741924,42.262123],[-83.741928,42.262122],[-83.741932,42.262121],[-83.741936,42.26212],[-83.741939,42.262119],[-83.741943,42.262117],[-83.741945,42.262116],[-83.741948,42.262114],[-83.741951,42.262112],[-83.741953,42.262109],[-83.741955,42.262107],[-83.741957,42.262104],[-83.741958,42.262102],[-83.74196,42.262099],[-83.741961,42.262096],[-83.741962,42.262094],[-83.741962,42.262091],[-83.741963,42.262088],[-83.741964,42.262085],[-83.741964,42.262082],[-83.741964,42.262079],[-83.741964,42.262076],[-83.741964,42.262074],[-83.741964,42.262072],[-83.741964,42.26207],[-83.741963,42.262068],[-83.741963,42.262064],[-83.741962,42.26206],[-83.741961,42.262056],[-83.741959,42.262053],[-83.741958,42.262049],[-83.741956,42.262046],[-83.741954,42.262043],[-83.741952,42.262039],[-83.74195,42.262036],[-83.741947,42.262033],[-83.741944,42.26203],[-83.741941,42.262027],[-83.741938,42.262024],[-83.741934,42.262021],[-83.741932,42.262019],[-83.74193,42.262018],[-83.741928,42.262017],[-83.741926,42.262015],[-83.741924,42.262014],[-83.741922,42.262012],[-83.741919,42.262011],[-83.741916,42.262009],[-83.741912,42.262007],[-83.741908,42.262005],[-83.741904,42.262003],[-83.741901,42.262001],[-83.741898,42.262],[-83.741893,42.261999],[-83.741889,42.261997],[-83.741885,42.261996],[-83.74188,42.261995],[-83.741876,42.261995],[-83.741872,42.261995],[-83.741867,42.261995]]]},"properties":{"ObjectName":null}},{"type":"Feature","geometry":{"type":"Polygon","coordinates":[[[-83.745271,42.258567],[-83.745267,42.258567],[-83.745264,42.258568],[-83.745261,42.258568],[-83.745258,42.258568],[-83.745255,42.258569],[-83.745252,42.258569],[-83.74525,42.25857],[-83.745247,42.258571],[-83.745245,42.258572],[-83.745242,42.258572],[-83.74524,42.258573],[-83.745238,42.258574],[-83.745234,42.258576],[-83.74523,42.258578],[-83.745227,42.258581],[-83.745223,42.258584],[-83.74522,42.258587],[-83.745218,42.25859],[-83.745217,42.258591],[-83.745216,42.258593],[-83.745215,42.258595],[-83.745215,42.258597],[-83.745214,42.258599],[-83.745213,42.258601],[-83.745213,42.258603],[-83.745213,42.258605],[-83.745213,42.258608],[-83.745212,42.25861],[-83.745213,42.258612],[-83.745213,42.258614],[-83.745213,42.258616],[-83.745214,42.258619],[-83.745214,42.258621],[-83.745215,42.258623],[-83.745216,42.258625],[-83.745217,42.258628],[-83.745219,42.258629],[-83.74522,42.258631],[-83.745222,42.258633],[-83.745223,42.258635],[-83.745225,42.258636],[-83.745227,42.258638],[-83.745229,42.258639],[-83.745232,42.258641],[-83.745234,42.258642],[-83.745236,42.258643],[-83.745239,42.258644],[-83.745241,42.258645],[-83.745244,42.258646],[-83.745247,42.258647],[-83.745249,42.258648],[-83.745252,42.258649],[-83.745255,42.258649],[-83.745258,42.25865],[-83.745261,42.258651],[-83.745264,42.258651],[-83.745268,42.258652],[-83.745271,42.258652],[-83.745274,42.258652],[-83.745277,42.258653],[-83.745281,42.258653],[-83.745284,42.258653],[-83.745287,42.258653],[-83.745291,42.258654],[-83.745295,42.258654],[-83.745298,42.258653],[-83.745302,42.258653],[-83.745305,42.258653],[-83.745308,42.258652],[-83.745311,42.258652],[-83.745314,42.258651],[-83.745317,42.25865],[-83.74532,42.258649],[-83.745322,42.258648],[-83.745324,42.258647],[-83.745327,42.258646],[-83.745329,42.258645],[-83.745331,42.258643],[-83.745332,42.258642],[-83.745334,42.258641],[-83.745336,42.258639],[-83.745337,42.258637],[-83.745338,42.258636],[-83.74534,42.258634],[-83.745341,42.258632],[-83.745342,42.25863],[-83.745342,42.258628],[-83.745343,42.258626],[-83.745343,42.258624],[-83.745344,42.258622],[-83.745344,42.25862],[-83.745344,42.258618],[-83.745344,42.258616],[-83.745344,42.258614],[-83.745344,42.258612],[-83.745344,42.25861],[-83.745343,42.258608],[-83.745343,42.258606],[-83.745342,42.258604],[-83.745341,42.258602],[-83.74534,42.2586],[-83.745339,42.258598],[-83.745338,42.258596],[-83.745336,42.258594],[-83.745335,42.258592],[-83.745334,42.25859],[-83.745332,42.258588],[-83.74533,42.258586],[-83.745328,42.258585],[-83.745326,42.258583],[-83.745324,42.258581],[-83.745322,42.25858],[-83.74532,42.258578],[-83.745317,42.258577],[-83.745314,42.258576],[-83.745312,42.258574],[-83.745309,42.258573],[-83.745306,42.258572],[-83.745303,42.258571],[-83.7453,42.25857],[-83.745297,42.258569],[-83.745294,42.258569],[-83.74529,42.258568],[-83.745287,42.258568],[-83.745283,42.258567],[-83.745279,42.258567],[-83.745275,42.258567],[-83.745271,42.258567]]]},"properties":{"ObjectName":null}},{"type":"Feature","geometry":{"type":"Polygon","coordinates":[[[-83.657497,42.285391],[-83.657476,42.285394],[-83.657454,42.2854],[-83.65743,42.285412],[-83.657398,42.285437],[-83.657372,42.285459],[-83.657357,42.285475],[-83.657343,42.285499],[-83.657341,42.285507],[-83.657341,42.285515],[-83.657348,42.285528],[-83.657368,42.285546],[-83.657387,42.285561],[-83.657403,42.285569],[-83.657417,42.285572],[-83.657433,42.285573],[-83.65745,42.285572],[-83.657467,42.285569],[-83.657479,42.285564],[-83.657491,42.285557],[-83.657523,42.285531],[-83.657544,42.285511],[-83.657561,42.28549],[-83.657577,42.285467],[-83.657583,42.285452],[-83.657581,42.285435],[-83.657575,42.28542],[-83.657567,42.285412],[-83.657557,42.285404],[-83.657532,42.285393],[-83.657516,42.285391],[-83.657497,42.285391]]]},"properties":{"ObjectName":null}},{"type":"Feature","geometry":{"type":"Polygon","coordinates":[[[-83.74416,42.256417],[-83.744156,42.256418],[-83.744152,42.256418],[-83.744148,42.256419],[-83.744145,42.25642],[-83.744141,42.256421],[-83.744138,42.256422],[-83.744134,42.256423],[-83.744131,42.256425],[-83.744128,42.256426],[-83.744126,42.256428],[-83.744123,42.25643],[-83.744121,42.256433],[-83.744119,42.256435],[-83.744117,42.256438],[-83.744115,42.256441],[-83.744114,42.256443],[-83.744114,42.256446],[-83.744113,42.256449],[-83.744113,42.256451],[-83.744113,42.256453],[-83.744113,42.256456],[-83.744113,42.256458],[-83.744114,42.25646],[-83.744115,42.256462],[-83.744116,42.256465],[-83.744117,42.256467],[-83.744118,42.256469],[-83.74412,42.256471],[-83.744121,42.256472],[-83.744123,42.256474],[-83.744125,42.256476],[-83.744127,42.256478],[-83.744129,42.256479],[-83.744132,42.256481],[-83.744134,42.256482],[-83.744137,42.256483],[-83.744139,42.256485],[-83.744142,42.256486],[-83.744145,42.256487],[-83.744148,42.256488],[-83.744151,42.256489],[-83.744154,42.25649],[-83.744157,42.25649],[-83.74416,42.256491],[-83.744163,42.256491],[-83.744166,42.256492],[-83.74417,42.256492],[-83.744174,42.256493],[-83.744178,42.256493],[-83.744181,42.256493],[-83.744184,42.256492],[-83.744187,42.256492],[-83.744191,42.256492],[-83.744194,42.256491],[-83.744197,42.256491],[-83.7442,42.25649],[-83.744203,42.256489],[-83.744206,42.256488],[-83.744208,42.256487],[-83.744211,42.256486],[-83.744214,42.256485],[-83.744216,42.256483],[-83.744219,42.256482],[-83.744221,42.25648],[-83.744225,42.256477],[-83.744228,42.256474],[-83.74423,42.256471],[-83.744232,42.256468],[-83.744234,42.256466],[-83.744235,42.256463],[-83.744236,42.25646],[-83.744237,42.256457],[-83.744237,42.256455],[-83.744236,42.256452],[-83.744236,42.25645],[-83.744235,42.256447],[-83.744234,42.256445],[-83.744232,42.256442],[-83.74423,42.25644],[-83.744228,42.256438],[-83.744226,42.256436],[-83.744223,42.256434],[-83.744221,42.256432],[-83.744218,42.25643],[-83.744214,42.256429],[-83.744211,42.256427],[-83.744208,42.256425],[-83.744204,42.256424],[-83.7442,42.256423],[-83.744197,42.256422],[-83.744193,42.256421],[-83.744189,42.25642],[-83.744185,42.256419],[-83.74418,42.256418],[-83.744176,42.256418],[-83.744172,42.256417],[-83.744168,42.256417],[-83.744164,42.256417],[-83.74416,42.256417]]]},"properties":{"ObjectName":null}},{"type":"Feature","geometry":{"type":"Polygon","coordinates":[[[-83.746492,42.256097],[-83.746487,42.256098],[-83.746483,42.256099],[-83.74648,42.2561],[-83.746478,42.256102],[-83.746477,42.256104],[-83.746475,42.256105],[-83.746474,42.256107],[-83.746473,42.25611],[-83.746473,42.256112],[-83.746472,42.256114],[-83.746472,42.256117],[-83.746472,42.25612],[-83.746472,42.256122],[-83.746473,42.256125],[-83.746473,42.256128],[-83.746474,42.256131],[-83.746475,42.256134],[-83.746476,42.256137],[-83.746478,42.25614],[-83.746479,42.256143],[-83.746481,42.256146],[-83.746483,42.256149],[-83.746484,42.256152],[-83.746487,42.256155],[-83.746489,42.256158],[-83.746491,42.256161],[-83.746493,42.256164],[-83.746496,42.256167],[-83.746499,42.25617],[-83.746501,42.256172],[-83.746504,42.256175],[-83.746507,42.256177],[-83.74651,42.256179],[-83.746513,42.256181],[-83.746516,42.256183],[-83.746519,42.256185],[-83.746522,42.256187],[-83.746526,42.256188],[-83.746529,42.25619],[-83.746532,42.256191],[-83.746535,42.256191],[-83.746539,42.256192],[-83.746542,42.256192],[-83.746545,42.256193],[-83.746548,42.256192],[-83.746552,42.256192],[-83.746555,42.256191],[-83.746558,42.25619],[-83.746561,42.256189],[-83.746564,42.256187],[-83.746567,42.256185],[-83.746571,42.256182],[-83.746573,42.25618],[-83.746575,42.256177],[-83.746576,42.256174],[-83.746576,42.256171],[-83.746576,42.256167],[-83.746576,42.256164],[-83.746576,42.25616],[-83.746575,42.256157],[-83.746574,42.256154],[-83.746574,42.25615],[-83.746573,42.256147],[-83.746573,42.256145],[-83.746573,42.256142],[-83.746573,42.25614],[-83.746573,42.256138],[-83.746573,42.256136],[-83.746573,42.256134],[-83.746573,42.256131],[-83.746572,42.256128],[-83.746571,42.256125],[-83.74657,42.256122],[-83.746568,42.25612],[-83.746566,42.256118],[-83.746562,42.256116],[-83.746559,42.256114],[-83.746557,42.256113],[-83.746555,42.256112],[-83.746552,42.256111],[-83.746549,42.25611],[-83.746545,42.256109],[-83.746542,42.256108],[-83.746538,42.256106],[-83.746534,42.256105],[-83.746532,42.256104],[-83.746529,42.256103],[-83.746526,42.256103],[-83.746523,42.256102],[-83.74652,42.256101],[-83.746517,42.2561],[-83.746514,42.2561],[-83.746511,42.256099],[-83.746508,42.256098],[-83.746505,42.256098],[-83.746502,42.256098],[-83.746499,42.256097],[-83.746496,42.256097],[-83.746492,42.256097]]]},"properties":{"ObjectName":null}},{"type":"Feature","geometry":{"type":"Polygon","coordinates":[[[-83.74094,42.258361],[-83.740943,42.25836],[-83.740955,42.258354],[-83.740964,42.258351],[-83.740972,42.258345],[-83.740981,42.258339],[-83.740991,42.258333],[-83.741004,42.25833],[-83.741017,42.258329],[-83.741037,42.258327],[-83.741066,42.258322],[-83.741095,42.258321],[-83.741122,42.258324],[-83.741138,42.258324],[-83.741154,42.258324],[-83.741175,42.258324],[-83.741204,42.258326],[-83.741233,42.258329],[-83.741262,42.258332],[-83.74129,42.258338],[-83.741321,42.258342],[-83.741362,42.258346],[-83.741424,42.258356],[-83.741485,42.258366],[-83.741544,42.258376],[-83.741596,42.258384],[-83.741652,42.258393],[-83.741718,42.258402],[-83.741815,42.258411],[-83.741912,42.25842],[-83.741997,42.258433],[-83.742035,42.258439],[-83.742072,42.258445],[-83.742117,42.258453],[-83.742187,42.258469],[-83.742256,42.258487],[-83.742325,42.258502],[-83.742379,42.258513],[-83.742432,42.258522],[-83.742488,42.258526],[-83.742553,42.258528],[-83.742618,42.258529],[-83.742682,42.258532],[-83.742736,42.258538],[-83.742786,42.258549],[-83.742836,42.258558],[-83.74289,42.258564],[-83.74294,42.258572],[-83.743001,42.258586],[-83.743206,42.258643],[-83.743435,42.258676],[-83.743576,42.2586],[-83.743574,42.258529],[-83.743507,42.25848],[-83.743411,42.258455],[-83.74325,42.258432],[-83.743087,42.258408],[-83.742941,42.258375],[-83.742897,42.258362],[-83.742859,42.258346],[-83.742816,42.258324],[-83.742726,42.258288],[-83.742636,42.258266],[-83.742531,42.258258],[-83.742408,42.258264],[-83.74229,42.258273],[-83.742166,42.258274],[-83.742058,42.258263],[-83.741957,42.258245],[-83.741859,42.258218],[-83.741749,42.258197],[-83.741633,42.258189],[-83.741518,42.25818],[-83.741419,42.258168],[-83.741406,42.258168],[-83.741395,42.258167],[-83.741383,42.258167],[-83.741371,42.258168],[-83.74136,42.258168],[-83.741348,42.258169],[-83.741337,42.25817],[-83.741328,42.258171],[-83.741322,42.258171],[-83.741316,42.258172],[-83.741311,42.258173],[-83.741305,42.258174],[-83.741299,42.258175],[-83.741294,42.258176],[-83.741288,42.258177],[-83.741282,42.258178],[-83.741277,42.258179],[-83.741271,42.258181],[-83.741266,42.258182],[-83.74126,42.258184],[-83.741255,42.258185],[-83.74125,42.258187],[-83.741244,42.258189],[-83.741239,42.258191],[-83.741236,42.258192],[-83.741234,42.258193],[-83.741232,42.258194],[-83.741229,42.258195],[-83.741227,42.258196],[-83.741225,42.258197],[-83.741222,42.258198],[-83.74122,42.258199],[-83.741218,42.2582],[-83.741216,42.258201],[-83.741214,42.258202],[-83.741211,42.258204],[-83.741209,42.258205],[-83.741207,42.258206],[-83.741205,42.258207],[-83.741203,42.258208],[-83.741199,42.25821],[-83.741195,42.258211],[-83.74119,42.258213],[-83.741186,42.258214],[-83.741184,42.258215],[-83.741181,42.258215],[-83.741179,42.258216],[-83.741176,42.258217],[-83.741174,42.258217],[-83.741171,42.258218],[-83.741169,42.258218],[-83.741166,42.258219],[-83.741162,42.258219],[-83.741158,42.25822],[-83.741155,42.25822],[-83.741152,42.258221],[-83.741149,42.258221],[-83.741146,42.258222],[-83.741143,42.258222],[-83.74114,42.258223],[-83.741137,42.258223],[-83.741134,42.258223],[-83.741131,42.258224],[-83.741128,42.258224],[-83.741125,42.258225],[-83.741122,42.258225],[-83.741119,42.258226],[-83.741117,42.258226],[-83.741114,42.258227],[-83.741111,42.258227],[-83.741107,42.258228],[-83.741102,42.258228],[-83.741097,42.258229],[-83.741092,42.258229],[-83.741086,42.25823],[-83.741081,42.25823],[-83.741076,42.258231],[-83.741073,42.258232],[-83.74107,42.258232],[-83.741061,42.258232],[-83.741044,42.258232],[-83.741028,42.258232],[-83.741007,42.258232],[-83.74098,42.258231],[-83.740952,42.258228],[-83.74093,42.258225],[-83.740919,42.258222],[-83.74091,42.258217],[-83.740899,42.258211],[-83.740887,42.258212],[-83.740878,42.258219],[-83.740872,42.258231],[-83.740869,42.258243],[-83.740865,42.258255],[-83.740864,42.258264],[-83.740864,42.25827],[-83.740864,42.258276],[-83.740865,42.258287],[-83.740869,42.258302],[-83.740875,42.258315],[-83.74088,42.258325],[-83.740884,42.258333],[-83.740891,42.258342],[-83.7409,42.258349],[-83.740911,42.258357],[-83.740923,42.258363],[-83.740932,42.258365],[-83.74094,42.258361]]]},"properties":{"ObjectName":null}},{"type":"Feature","geometry":{"type":"Polygon","coordinates":[[[-83.662583,42.283863],[-83.662567,42.283867],[-83.662558,42.283872],[-83.662552,42.283879],[-83.662549,42.283887],[-83.66255,42.283894],[-83.662555,42.283901],[-83.662566,42.283908],[-83.662576,42.283909],[-83.662591,42.283909],[-83.662609,42.283909],[-83.662621,42.283906],[-83.662636,42.283899],[-83.662644,42.28389],[-83.662646,42.283882],[-83.662644,42.283874],[-83.662638,42.283866],[-83.662629,42.28386],[-83.662621,42.283858],[-83.662612,42.283857],[-83.662583,42.283863]]]},"properties":{"ObjectName":null}},{"type":"Feature","geometry":{"type":"Polygon","coordinates":[[[-83.745331,42.25625],[-83.745328,42.256251],[-83.745324,42.256254],[-83.745321,42.256256],[-83.745319,42.256258],[-83.745317,42.25626],[-83.745315,42.256262],[-83.745312,42.256265],[-83.745309,42.256267],[-83.745305,42.256269],[-83.745302,42.25627],[-83.745298,42.25627],[-83.745295,42.25627],[-83.745291,42.25627],[-83.745287,42.256268],[-83.745284,42.256266],[-83.745281,42.256264],[-83.745279,42.256261],[-83.745277,42.256259],[-83.745275,42.256258],[-83.745272,42.256255],[-83.745266,42.256251],[-83.745258,42.256248],[-83.74525,42.256245],[-83.745241,42.256244],[-83.745232,42.256243],[-83.745223,42.256243],[-83.745214,42.256244],[-83.745205,42.256246],[-83.745197,42.256249],[-83.745189,42.256252],[-83.745182,42.256256],[-83.745176,42.256261],[-83.74517,42.256266],[-83.745167,42.256272],[-83.745164,42.256279],[-83.745163,42.256286],[-83.745164,42.256293],[-83.745165,42.256296],[-83.745166,42.256299],[-83.745168,42.256302],[-83.745171,42.256304],[-83.745174,42.256306],[-83.745177,42.256309],[-83.74518,42.256311],[-83.745183,42.256313],[-83.745186,42.256315],[-83.745189,42.256317],[-83.745192,42.256319],[-83.745195,42.256322],[-83.745197,42.256324],[-83.745199,42.256327],[-83.745201,42.25633],[-83.745202,42.256334],[-83.745202,42.256337],[-83.745202,42.256339],[-83.745201,42.256343],[-83.7452,42.256347],[-83.745199,42.25635],[-83.745199,42.256352],[-83.745198,42.256356],[-83.745198,42.25636],[-83.745198,42.256363],[-83.745199,42.256365],[-83.7452,42.256367],[-83.745201,42.256369],[-83.745203,42.256371],[-83.745206,42.256374],[-83.745209,42.256376],[-83.745212,42.256379],[-83.745215,42.256381],[-83.745218,42.256383],[-83.745221,42.256385],[-83.745223,42.256387],[-83.745226,42.256388],[-83.745229,42.25639],[-83.745231,42.256391],[-83.745234,42.256392],[-83.745236,42.256393],[-83.745239,42.256395],[-83.745242,42.256396],[-83.745244,42.256397],[-83.745247,42.256398],[-83.745249,42.2564],[-83.745251,42.256401],[-83.745254,42.256402],[-83.745256,42.256404],[-83.745258,42.256406],[-83.745261,42.256408],[-83.745263,42.25641],[-83.745268,42.256415],[-83.745275,42.25642],[-83.745283,42.256425],[-83.745291,42.25643],[-83.745301,42.256434],[-83.74531,42.256438],[-83.74532,42.25644],[-83.745331,42.256443],[-83.745341,42.256445],[-83.745352,42.256446],[-83.745363,42.256446],[-83.745374,42.256446],[-83.745384,42.256445],[-83.745395,42.256444],[-83.745405,42.256442],[-83.745415,42.256439],[-83.745423,42.256436],[-83.745426,42.256435],[-83.745429,42.256433],[-83.745431,42.256432],[-83.745434,42.25643],[-83.745436,42.256428],[-83.745438,42.256426],[-83.74544,42.256425],[-83.745442,42.256423],[-83.745444,42.256421],[-83.745446,42.256418],[-83.745448,42.256416],[-83.745449,42.256414],[-83.74545,42.256412],[-83.745451,42.25641],[-83.745452,42.256408],[-83.745453,42.256405],[-83.745454,42.256401],[-83.745455,42.256395],[-83.745454,42.256389],[-83.745452,42.256384],[-83.74545,42.256378],[-83.745447,42.256373],[-83.745443,42.256368],[-83.745439,42.256363],[-83.745434,42.256357],[-83.74543,42.256352],[-83.745426,42.256347],[-83.745421,42.256342],[-83.745417,42.256336],[-83.745414,42.256331],[-83.745411,42.256326],[-83.745409,42.25632],[-83.745408,42.256314],[-83.745408,42.25631],[-83.745407,42.256306],[-83.745408,42.256302],[-83.745408,42.256298],[-83.745408,42.256294],[-83.745408,42.25629],[-83.745408,42.256287],[-83.745408,42.256283],[-83.745407,42.25628],[-83.745407,42.256276],[-83.745406,42.256273],[-83.745404,42.25627],[-83.745402,42.256267],[-83.7454,42.256264],[-83.745396,42.256261],[-83.745392,42.256258],[-83.745388,42.256255],[-83.745384,42.256253],[-83.74538,42.256251],[-83.745376,42.256249],[-83.745372,42.256248],[-83.745368,42.256247],[-83.745364,42.256246],[-83.74536,42.256245],[-83.745356,42.256245],[-83.745352,42.256245],[-83.745348,42.256245],[-83.745344,42.256245],[-83.74534,42.256246],[-83.745336,42.256248],[-83.745331,42.25625]]]},"properties":{"ObjectName":null}},{"type":"Feature","geometry":{"type":"Polygon","coordinates":[[[-83.655684,42.282691],[-83.655672,42.282696],[-83.655648,42.282714],[-83.655632,42.282731],[-83.655627,42.282745],[-83.655629,42.282751],[-83.655633,42.282757],[-83.655656,42.282778],[-83.655678,42.282801],[-83.655694,42.282811],[-83.65571,42.282815],[-83.655728,42.282817],[-83.655749,42.282814],[-83.65577,42.282807],[-83.655788,42.282798],[-83.655797,42.282789],[-83.655798,42.282777],[-83.655792,42.282757],[-83.655781,42.282741],[-83.655759,42.282718],[-83.655743,42.282701],[-83.655731,42.282694],[-83.655713,42.282689],[-83.655694,42.282689],[-83.655684,42.282691]]]},"properties":{"ObjectName":null}},{"type":"Feature","geometry":{"type":"Polygon","coordinates":[[[-83.741246,42.257675],[-83.74124,42.257676],[-83.741234,42.257677],[-83.74123,42.257678],[-83.741225,42.257679],[-83.741221,42.257681],[-83.741218,42.257683],[-83.741215,42.257686],[-83.741212,42.257688],[-83.741209,42.257691],[-83.741206,42.257694],[-83.741204,42.257697],[-83.741201,42.257701],[-83.741199,42.257704],[-83.741197,42.257707],[-83.741196,42.257709],[-83.741195,42.257711],[-83.741193,42.257713],[-83.741192,42.257715],[-83.741191,42.257717],[-83.74119,42.257719],[-83.741189,42.257721],[-83.741188,42.257723],[-83.741187,42.257725],[-83.741186,42.257728],[-83.741185,42.25773],[-83.741184,42.257732],[-83.741183,42.257736],[-83.741182,42.257741],[-83.741181,42.257746],[-83.741179,42.257751],[-83.741178,42.257755],[-83.741177,42.25776],[-83.741175,42.257765],[-83.741174,42.25777],[-83.741172,42.257774],[-83.74117,42.257779],[-83.741168,42.257784],[-83.741166,42.257788],[-83.741164,42.257793],[-83.741162,42.257797],[-83.741161,42.257799],[-83.741159,42.257801],[-83.741158,42.257803],[-83.741157,42.257805],[-83.741155,42.257807],[-83.741154,42.25781],[-83.741153,42.257812],[-83.741151,42.257814],[-83.74115,42.257816],[-83.741148,42.257818],[-83.741147,42.25782],[-83.741145,42.257822],[-83.741144,42.257824],[-83.741142,42.257826],[-83.74114,42.257827],[-83.741138,42.257829],[-83.741136,42.257831],[-83.741135,42.257832],[-83.741133,42.257834],[-83.741131,42.257836],[-83.741129,42.257837],[-83.741128,42.257839],[-83.741126,42.257841],[-83.741125,42.257843],[-83.741124,42.257845],[-83.741122,42.257847],[-83.741121,42.257851],[-83.74112,42.257855],[-83.74112,42.257859],[-83.741121,42.257864],[-83.741122,42.257868],[-83.741123,42.257871],[-83.741126,42.257875],[-83.741129,42.257879],[-83.741132,42.257882],[-83.741136,42.257885],[-83.74114,42.257888],[-83.741145,42.257891],[-83.74115,42.257893],[-83.741154,42.257895],[-83.741157,42.257896],[-83.74116,42.257898],[-83.741163,42.257899],[-83.741166,42.2579],[-83.741169,42.257902],[-83.741172,42.257903],[-83.741175,42.257904],[-83.741178,42.257905],[-83.741182,42.257906],[-83.741185,42.257907],[-83.741188,42.257908],[-83.741191,42.257909],[-83.741195,42.25791],[-83.741198,42.257911],[-83.741201,42.257911],[-83.741204,42.257912],[-83.741207,42.257913],[-83.74121,42.257914],[-83.741213,42.257915],[-83.741216,42.257916],[-83.741219,42.257917],[-83.741222,42.257918],[-83.741226,42.257919],[-83.741229,42.25792],[-83.741232,42.25792],[-83.741235,42.257921],[-83.741238,42.257921],[-83.741242,42.257922],[-83.741245,42.257922],[-83.741248,42.257922],[-83.741251,42.257923],[-83.741255,42.257923],[-83.741258,42.257924],[-83.741261,42.257924],[-83.741265,42.257924],[-83.741268,42.257924],[-83.741271,42.257925],[-83.741274,42.257925],[-83.741278,42.257925],[-83.741283,42.257924],[-83.741289,42.257923],[-83.741294,42.257922],[-83.741299,42.25792],[-83.741303,42.257918],[-83.741308,42.257916],[-83.741312,42.257913],[-83.741316,42.25791],[-83.741319,42.257907],[-83.741323,42.257903],[-83.741326,42.2579],[-83.741329,42.257896],[-83.741331,42.257892],[-83.741334,42.257889],[-83.741336,42.257885],[-83.741339,42.257881],[-83.741341,42.257877],[-83.741343,42.257873],[-83.741345,42.257869],[-83.741348,42.257865],[-83.74135,42.257861],[-83.741352,42.257857],[-83.741354,42.257853],[-83.741356,42.257849],[-83.741358,42.257845],[-83.741361,42.257841],[-83.741363,42.257837],[-83.741365,42.257833],[-83.741367,42.257829],[-83.741369,42.257825],[-83.741371,42.257821],[-83.741374,42.257817],[-83.741376,42.257813],[-83.741378,42.257809],[-83.74138,42.257805],[-83.741382,42.257801],[-83.741385,42.257797],[-83.741387,42.257793],[-83.741389,42.257788],[-83.741391,42.257784],[-83.741393,42.25778],[-83.741395,42.257775],[-83.741397,42.257771],[-83.741399,42.257766],[-83.7414,42.257762],[-83.741402,42.257758],[-83.741403,42.257753],[-83.741403,42.257749],[-83.741403,42.257744],[-83.741403,42.25774],[-83.741402,42.257735],[-83.741401,42.257731],[-83.741398,42.257726],[-83.741395,42.257722],[-83.741391,42.257718],[-83.741387,42.257714],[-83.741381,42.257711],[-83.741375,42.257708],[-83.741369,42.257705],[-83.741362,42.257702],[-83.741355,42.2577],[-83.741348,42.257698],[-83.741341,42.257696],[-83.741334,42.257694],[-83.741327,42.257692],[-83.741321,42.25769],[-83.741316,42.257688],[-83.741311,42.257687],[-83.741306,42.257685],[-83.7413,42.257684],[-83.741295,42.257682],[-83.74129,42.257681],[-83.741284,42.257679],[-83.741279,42.257678],[-83.741273,42.257677],[-83.741268,42.257676],[-83.741262,42.257676],[-83.741257,42.257675],[-83.741251,42.257675],[-83.741246,42.257675]]]},"properties":{"ObjectName":null}},{"type":"Feature","geometry":{"type":"Polygon","coordinates":[[[-83.749011,42.260468],[-83.749008,42.260469],[-83.749003,42.260469],[-83.748999,42.26047],[-83.748997,42.26047],[-83.748994,42.260471],[-83.748992,42.260471],[-83.748989,42.260472],[-83.748986,42.260473],[-83.748984,42.260474],[-83.748981,42.260474],[-83.748979,42.260475],[-83.748976,42.260476],[-83.748974,42.260477],[-83.748971,42.260479],[-83.748969,42.26048],[-83.748967,42.260481],[-83.748964,42.260482],[-83.748962,42.260484],[-83.74896,42.260485],[-83.748958,42.260487],[-83.748956,42.260488],[-83.748955,42.26049],[-83.748953,42.260491],[-83.748952,42.260493],[-83.74895,42.260494],[-83.748949,42.260497],[-83.748947,42.2605],[-83.748946,42.260503],[-83.748945,42.260505],[-83.748945,42.260507],[-83.748945,42.260509],[-83.748944,42.260511],[-83.748944,42.260513],[-83.748944,42.260515],[-83.748945,42.260517],[-83.748945,42.260519],[-83.748945,42.260521],[-83.748946,42.260523],[-83.748947,42.260525],[-83.748948,42.260527],[-83.748949,42.260529],[-83.748951,42.260531],[-83.748954,42.260534],[-83.748957,42.260536],[-83.74896,42.260537],[-83.748962,42.260538],[-83.748965,42.260538],[-83.748968,42.260539],[-83.748971,42.26054],[-83.748973,42.260541],[-83.748976,42.260542],[-83.748979,42.260543],[-83.748982,42.260544],[-83.748984,42.260545],[-83.748987,42.260546],[-83.74899,42.260547],[-83.748993,42.260548],[-83.748996,42.260549],[-83.748999,42.26055],[-83.749003,42.260551],[-83.749006,42.260552],[-83.749009,42.260552],[-83.749012,42.260553],[-83.749015,42.260553],[-83.749018,42.260553],[-83.749021,42.260553],[-83.749025,42.260553],[-83.749028,42.260553],[-83.749031,42.260553],[-83.749035,42.260552],[-83.749038,42.260551],[-83.749042,42.26055],[-83.749045,42.260549],[-83.749048,42.260548],[-83.749051,42.260546],[-83.749053,42.260545],[-83.749056,42.260543],[-83.749058,42.260541],[-83.74906,42.26054],[-83.749062,42.260538],[-83.749063,42.260536],[-83.749065,42.260534],[-83.749066,42.260532],[-83.749067,42.260529],[-83.749068,42.260527],[-83.749069,42.260525],[-83.749069,42.260523],[-83.749069,42.26052],[-83.74907,42.260518],[-83.74907,42.260515],[-83.74907,42.260513],[-83.749069,42.260511],[-83.749069,42.260508],[-83.749068,42.260506],[-83.749068,42.260503],[-83.749067,42.260501],[-83.749066,42.260499],[-83.749064,42.260496],[-83.749063,42.260494],[-83.749062,42.260492],[-83.74906,42.26049],[-83.749058,42.260488],[-83.749057,42.260486],[-83.749055,42.260484],[-83.749052,42.260482],[-83.74905,42.26048],[-83.749048,42.260478],[-83.749045,42.260477],[-83.749043,42.260475],[-83.74904,42.260474],[-83.749037,42.260473],[-83.749034,42.260472],[-83.749031,42.260471],[-83.749028,42.26047],[-83.749025,42.260469],[-83.749022,42.260469],[-83.749018,42.260468],[-83.749015,42.260468],[-83.749011,42.260468]]]},"properties":{"ObjectName":null}},{"type":"Feature","geometry":{"type":"Polygon","coordinates":[[[-83.658359,42.285314],[-83.658363,42.285319],[-83.658371,42.285323],[-83.6584,42.285329],[-83.658414,42.285329],[-83.658433,42.285327],[-83.658453,42.285323],[-83.658471,42.285317],[-83.65849,42.285305],[-83.658498,42.285302],[-83.65852,42.285306],[-83.658539,42.285307],[-83.658551,42.285304],[-83.658561,42.285299],[-83.658571,42.285287],[-83.658575,42.285275],[-83.658575,42.285265],[-83.658571,42.285257],[-83.658564,42.285252],[-83.658551,42.285247],[-83.658538,42.285245],[-83.658523,42.285245],[-83.658512,42.285248],[-83.658489,42.28526],[-83.658479,42.285263],[-83.658463,42.285263],[-83.658454,42.28526],[-83.658457,42.285249],[-83.658473,42.285234],[-83.658504,42.285204],[-83.658511,42.285196],[-83.658526,42.285177],[-83.658535,42.285169],[-83.658553,42.28516],[-83.658569,42.285159],[-83.658583,42.285164],[-83.658608,42.28517],[-83.658632,42.285172],[-83.658662,42.285168],[-83.658688,42.285158],[-83.658718,42.285134],[-83.658736,42.285127],[-83.658744,42.285127],[-83.658769,42.285131],[-83.658788,42.285129],[-83.658805,42.285124],[-83.658818,42.285118],[-83.658826,42.285112],[-83.65883,42.285104],[-83.658833,42.285091],[-83.658835,42.285072],[-83.65883,42.285058],[-83.65882,42.285047],[-83.658808,42.28504],[-83.658797,42.285037],[-83.658785,42.285036],[-83.65877,42.285038],[-83.658757,42.285043],[-83.658749,42.285049],[-83.658735,42.285072],[-83.658714,42.285087],[-83.658696,42.285096],[-83.658671,42.285104],[-83.658651,42.28511],[-83.658639,42.285111],[-83.658623,42.285108],[-83.658618,42.285103],[-83.658612,42.285089],[-83.658605,42.285077],[-83.658599,42.285073],[-83.65859,42.285074],[-83.658575,42.285079],[-83.658564,42.285084],[-83.658559,42.28509],[-83.658552,42.285105],[-83.658541,42.285119],[-83.658531,42.285128],[-83.658506,42.285142],[-83.658471,42.285152],[-83.658461,42.285159],[-83.658457,42.285165],[-83.658453,42.285182],[-83.65844,42.285211],[-83.658427,42.285231],[-83.658417,42.285241],[-83.65839,42.285263],[-83.658379,42.285274],[-83.658366,42.285289],[-83.65836,42.2853],[-83.658359,42.285314]]]},"properties":{"ObjectName":null}},{"type":"Feature","geometry":{"type":"Polygon","coordinates":[[[-83.656065,42.284757],[-83.656048,42.284769],[-83.656038,42.28478],[-83.656026,42.2848],[-83.656015,42.284822],[-83.656009,42.284841],[-83.656007,42.284861],[-83.656008,42.28488],[-83.656022,42.28492],[-83.656021,42.284935],[-83.656014,42.28497],[-83.656016,42.284986],[-83.656027,42.285004],[-83.656038,42.285015],[-83.656048,42.28502],[-83.656059,42.28502],[-83.65607,42.285019],[-83.656081,42.285015],[-83.656091,42.28501],[-83.656099,42.285],[-83.656106,42.284987],[-83.656108,42.284973],[-83.656106,42.284947],[-83.656104,42.284931],[-83.656093,42.284891],[-83.656093,42.284869],[-83.656099,42.284855],[-83.656118,42.284826],[-83.656125,42.284812],[-83.656131,42.284793],[-83.656131,42.284782],[-83.656124,42.284769],[-83.656113,42.284759],[-83.656096,42.284753],[-83.656079,42.284752],[-83.656065,42.284757]]]},"properties":{"ObjectName":null}},{"type":"Feature","geometry":{"type":"Polygon","coordinates":[[[-83.663763,42.287285],[-83.663747,42.287289],[-83.663738,42.287293],[-83.663731,42.287302],[-83.66373,42.287309],[-83.663733,42.287321],[-83.663739,42.28734],[-83.663752,42.28736],[-83.663776,42.287378],[-83.663786,42.28739],[-83.663795,42.287405],[-83.663812,42.287456],[-83.663818,42.287478],[-83.663826,42.287491],[-83.663838,42.287502],[-83.663849,42.28751],[-83.663859,42.287514],[-83.663878,42.287518],[-83.66389,42.287517],[-83.6639,42.287514],[-83.663914,42.287507],[-83.663918,42.287501],[-83.663919,42.287494],[-83.663915,42.287483],[-83.663903,42.287475],[-83.663881,42.287458],[-83.663869,42.287446],[-83.66386,42.287433],[-83.663853,42.287418],[-83.663847,42.287388],[-83.663848,42.287346],[-83.663845,42.287331],[-83.663839,42.287313],[-83.663832,42.287303],[-83.66382,42.287294],[-83.663803,42.287288],[-83.663783,42.287285],[-83.663763,42.287285]]]},"properties":{"ObjectName":null}},{"type":"Feature","geometry":{"type":"Polygon","coordinates":[[[-83.74361,42.258914],[-83.743605,42.258914],[-83.743599,42.258915],[-83.743594,42.258915],[-83.74359,42.258916],[-83.743586,42.258917],[-83.743582,42.258918],[-83.743578,42.258919],[-83.743575,42.25892],[-83.743572,42.258922],[-83.74357,42.258924],[-83.743568,42.258926],[-83.743566,42.258928],[-83.743564,42.25893],[-83.743562,42.258932],[-83.743561,42.258935],[-83.74356,42.258937],[-83.743558,42.25894],[-83.743557,42.258942],[-83.743557,42.258945],[-83.743556,42.258948],[-83.743555,42.258951],[-83.743554,42.258954],[-83.743554,42.258957],[-83.743553,42.258959],[-83.743553,42.258962],[-83.743552,42.258965],[-83.743551,42.258968],[-83.743551,42.258971],[-83.743549,42.258974],[-83.743548,42.258977],[-83.743547,42.258981],[-83.743545,42.258984],[-83.743544,42.258988],[-83.743542,42.258991],[-83.74354,42.258994],[-83.743539,42.258998],[-83.743537,42.259002],[-83.743535,42.259005],[-83.743534,42.259009],[-83.743533,42.259012],[-83.743531,42.259016],[-83.74353,42.259019],[-83.74353,42.259023],[-83.743529,42.259026],[-83.743529,42.25903],[-83.743529,42.259033],[-83.74353,42.259036],[-83.743531,42.259039],[-83.743532,42.259042],[-83.743534,42.259046],[-83.743537,42.259048],[-83.743539,42.259051],[-83.743542,42.259054],[-83.743545,42.259056],[-83.743549,42.259058],[-83.743552,42.25906],[-83.743555,42.259061],[-83.743559,42.259063],[-83.743562,42.259064],[-83.743566,42.259066],[-83.743569,42.259067],[-83.743573,42.259068],[-83.743577,42.259069],[-83.743581,42.25907],[-83.743585,42.259071],[-83.743589,42.259072],[-83.743593,42.259073],[-83.743597,42.259074],[-83.743601,42.259075],[-83.743605,42.259076],[-83.743609,42.259077],[-83.743613,42.259077],[-83.743617,42.259078],[-83.743621,42.259079],[-83.743625,42.25908],[-83.743629,42.259081],[-83.743632,42.259082],[-83.743636,42.259083],[-83.743639,42.259084],[-83.743643,42.259085],[-83.743647,42.259086],[-83.74365,42.259087],[-83.743654,42.259088],[-83.743658,42.259089],[-83.743662,42.25909],[-83.743666,42.259091],[-83.74367,42.259091],[-83.743674,42.259092],[-83.743678,42.259093],[-83.743682,42.259094],[-83.743686,42.259094],[-83.74369,42.259095],[-83.743694,42.259095],[-83.743698,42.259095],[-83.743702,42.259095],[-83.743706,42.259095],[-83.74371,42.259095],[-83.743714,42.259094],[-83.743718,42.259093],[-83.743722,42.259093],[-83.743725,42.259091],[-83.743729,42.25909],[-83.743732,42.259089],[-83.743735,42.259087],[-83.743739,42.259084],[-83.743741,42.259082],[-83.743744,42.259079],[-83.743747,42.259076],[-83.743749,42.259073],[-83.743752,42.259069],[-83.743754,42.259066],[-83.743756,42.259062],[-83.743757,42.259058],[-83.743759,42.259054],[-83.74376,42.259051],[-83.743761,42.259047],[-83.743762,42.259043],[-83.743763,42.259039],[-83.743764,42.259035],[-83.743764,42.259031],[-83.743764,42.259027],[-83.743764,42.259024],[-83.743763,42.25902],[-83.743763,42.259017],[-83.743762,42.259014],[-83.743761,42.259011],[-83.74376,42.259008],[-83.743758,42.259006],[-83.743756,42.259004],[-83.743753,42.259001],[-83.743751,42.258999],[-83.743748,42.258997],[-83.743745,42.258994],[-83.743741,42.258992],[-83.743738,42.25899],[-83.743735,42.258989],[-83.743732,42.258987],[-83.743728,42.258985],[-83.743726,42.258983],[-83.743723,42.258981],[-83.74372,42.258978],[-83.743717,42.258976],[-83.743714,42.258973],[-83.743712,42.25897],[-83.74371,42.258968],[-83.743708,42.258965],[-83.743706,42.258962],[-83.743705,42.258959],[-83.743703,42.258957],[-83.743701,42.258954],[-83.743699,42.258951],[-83.743698,42.258949],[-83.743696,42.258946],[-83.743694,42.258943],[-83.743691,42.25894],[-83.743688,42.258937],[-83.743685,42.258934],[-83.743682,42.258932],[-83.743679,42.25893],[-83.743676,42.258927],[-83.743672,42.258925],[-83.743668,42.258924],[-83.743665,42.258922],[-83.743661,42.258921],[-83.743657,42.258919],[-83.743653,42.258918],[-83.743648,42.258917],[-83.743644,42.258916],[-83.743639,42.258916],[-83.743635,42.258915],[-83.74363,42.258915],[-83.743625,42.258914],[-83.74362,42.258914],[-83.743615,42.258914],[-83.74361,42.258914]]]},"properties":{"ObjectName":null}},{"type":"Feature","geometry":{"type":"Polygon","coordinates":[[[-83.740745,42.260128],[-83.74074,42.260128],[-83.740733,42.260125],[-83.740728,42.26012],[-83.740724,42.260114],[-83.740722,42.260108],[-83.74072,42.260101],[-83.740718,42.260094],[-83.740715,42.260088],[-83.740711,42.260082],[-83.740707,42.260079],[-83.740704,42.260077],[-83.7407,42.260076],[-83.740695,42.260075],[-83.740691,42.260074],[-83.740686,42.260073],[-83.74068,42.260073],[-83.740675,42.260073],[-83.740669,42.260073],[-83.740665,42.260073],[-83.740663,42.260074],[-83.74066,42.260075],[-83.740657,42.260076],[-83.740654,42.260078],[-83.740651,42.260081],[-83.740648,42.260084],[-83.740645,42.260087],[-83.740643,42.260091],[-83.740643,42.260095],[-83.740643,42.260099],[-83.740642,42.260102],[-83.740641,42.260105],[-83.740639,42.260107],[-83.740637,42.26011],[-83.740634,42.260112],[-83.740629,42.260114],[-83.740624,42.260115],[-83.740618,42.260115],[-83.740613,42.260114],[-83.740607,42.260114],[-83.740602,42.260114],[-83.740598,42.260114],[-83.740593,42.260115],[-83.740589,42.260117],[-83.740586,42.26012],[-83.740581,42.260124],[-83.740577,42.260129],[-83.740575,42.260133],[-83.740573,42.260137],[-83.740573,42.260141],[-83.740574,42.260145],[-83.740577,42.26015],[-83.740581,42.260154],[-83.740585,42.260158],[-83.740589,42.26016],[-83.740592,42.260163],[-83.740596,42.260166],[-83.740599,42.260169],[-83.740601,42.260172],[-83.740603,42.260175],[-83.740603,42.260178],[-83.740602,42.260181],[-83.740601,42.260184],[-83.7406,42.260188],[-83.740599,42.260191],[-83.740598,42.260194],[-83.740596,42.260197],[-83.740593,42.260199],[-83.740591,42.260201],[-83.740588,42.260204],[-83.740585,42.260206],[-83.740583,42.26021],[-83.740581,42.260215],[-83.74058,42.260221],[-83.74058,42.260227],[-83.740581,42.260232],[-83.740584,42.260238],[-83.740588,42.260242],[-83.740594,42.260246],[-83.740601,42.260249],[-83.740604,42.260249],[-83.740608,42.260249],[-83.740612,42.260249],[-83.740617,42.260249],[-83.740622,42.26025],[-83.740628,42.260251],[-83.740633,42.260252],[-83.740639,42.260254],[-83.740643,42.260256],[-83.740645,42.260259],[-83.740647,42.260262],[-83.740648,42.260265],[-83.740648,42.260268],[-83.740649,42.260272],[-83.740649,42.260276],[-83.740649,42.26028],[-83.740649,42.260285],[-83.740649,42.260289],[-83.740649,42.260292],[-83.74065,42.260295],[-83.740651,42.260298],[-83.740652,42.260301],[-83.740654,42.260303],[-83.740657,42.260306],[-83.740661,42.260308],[-83.740666,42.260309],[-83.740672,42.26031],[-83.740676,42.260311],[-83.740681,42.260311],[-83.740685,42.260312],[-83.740689,42.260314],[-83.740694,42.260315],[-83.740698,42.260315],[-83.740704,42.260316],[-83.740712,42.260316],[-83.740722,42.260315],[-83.740729,42.260313],[-83.740736,42.26031],[-83.740742,42.260307],[-83.740747,42.260303],[-83.740753,42.260297],[-83.740758,42.260292],[-83.740763,42.260286],[-83.740766,42.260282],[-83.74077,42.260279],[-83.740774,42.260275],[-83.740779,42.260273],[-83.740784,42.26027],[-83.740789,42.260268],[-83.740795,42.260265],[-83.7408,42.260263],[-83.740805,42.260261],[-83.740809,42.260259],[-83.740812,42.260257],[-83.740816,42.260255],[-83.740821,42.260252],[-83.740825,42.260249],[-83.740829,42.260246],[-83.740833,42.260243],[-83.740836,42.260239],[-83.740838,42.260237],[-83.74084,42.260236],[-83.740843,42.260234],[-83.740845,42.260232],[-83.740848,42.260228],[-83.740851,42.260225],[-83.740854,42.260223],[-83.740857,42.26022],[-83.74086,42.260218],[-83.740863,42.260216],[-83.740865,42.260213],[-83.740868,42.26021],[-83.740872,42.260206],[-83.740877,42.260201],[-83.74088,42.260196],[-83.740883,42.260189],[-83.740885,42.260182],[-83.740886,42.260174],[-83.740887,42.260166],[-83.740887,42.260158],[-83.740887,42.26015],[-83.740887,42.260144],[-83.740886,42.260141],[-83.740885,42.260137],[-83.740884,42.260134],[-83.740882,42.260131],[-83.740879,42.260128],[-83.740877,42.260124],[-83.740874,42.260121],[-83.740871,42.260117],[-83.740871,42.260114],[-83.74087,42.260112],[-83.740869,42.260109],[-83.740867,42.260105],[-83.740865,42.260102],[-83.740862,42.260099],[-83.74086,42.260096],[-83.740857,42.260094],[-83.740853,42.260091],[-83.740846,42.260087],[-83.740839,42.260084],[-83.74083,42.260081],[-83.740821,42.26008],[-83.740812,42.260079],[-83.740803,42.26008],[-83.740793,42.260082],[-83.740784,42.260085],[-83.74078,42.260088],[-83.740777,42.260093],[-83.740773,42.260099],[-83.74077,42.260107],[-83.740765,42.260114],[-83.740761,42.260121],[-83.740755,42.260126],[-83.740748,42.260128],[-83.740745,42.260128]],[[-83.74074,42.260174],[-83.740743,42.260174],[-83.740746,42.260174],[-83.740749,42.260174],[-83.740751,42.260175],[-83.740753,42.260177],[-83.740755,42.260179],[-83.740756,42.260182],[-83.740755,42.260185],[-83.740753,42.260188],[-83.740751,42.26019],[-83.74075,42.260192],[-83.740748,42.260194],[-83.740746,42.260195],[-83.740744,42.260197],[-83.740742,42.260198],[-83.74074,42.260199],[-83.740737,42.260201],[-83.740733,42.260203],[-83.740729,42.260205],[-83.740726,42.260206],[-83.740723,42.260207],[-83.740718,42.260208],[-83.740714,42.260209],[-83.740712,42.260209],[-83.740709,42.260209],[-83.740706,42.26021],[-83.740703,42.26021],[-83.7407,42.26021],[-83.740697,42.26021],[-83.740694,42.26021],[-83.740691,42.260209],[-83.740688,42.260209],[-83.740683,42.260207],[-83.74068,42.260205],[-83.740678,42.260202],[-83.740678,42.2602],[-83.740678,42.260198],[-83.740679,42.260195],[-83.74068,42.260194],[-83.740682,42.260192],[-83.740684,42.26019],[-83.740686,42.260188],[-83.740689,42.260187],[-83.740692,42.260186],[-83.740695,42.260186],[-83.740699,42.260186],[-83.740703,42.260186],[-83.740706,42.260185],[-83.740709,42.260185],[-83.740713,42.260185],[-83.740715,42.260184],[-83.740718,42.260184],[-83.740721,42.260183],[-83.740723,42.260182],[-83.740726,42.26018],[-83.740728,42.260179],[-83.740731,42.260177],[-83.740734,42.260176],[-83.740737,42.260175],[-83.74074,42.260174]]]},"properties":{"ObjectName":null}},{"type":"Feature","geometry":{"type":"Polygon","coordinates":[[[-83.746661,42.256203],[-83.74666,42.256207],[-83.74666,42.256212],[-83.74666,42.256218],[-83.74666,42.256223],[-83.74666,42.256228],[-83.74666,42.256234],[-83.74666,42.256239],[-83.74666,42.256245],[-83.74666,42.25625],[-83.746659,42.256256],[-83.746658,42.256261],[-83.746656,42.256264],[-83.746656,42.256267],[-83.746655,42.256269],[-83.746653,42.256271],[-83.746652,42.256273],[-83.746651,42.256275],[-83.74665,42.256277],[-83.746649,42.256279],[-83.746648,42.256281],[-83.746647,42.256284],[-83.746646,42.256286],[-83.746646,42.256288],[-83.746645,42.256291],[-83.746645,42.256293],[-83.746644,42.256296],[-83.746644,42.256299],[-83.746644,42.256302],[-83.746644,42.256305],[-83.746643,42.256308],[-83.746643,42.256311],[-83.746643,42.256314],[-83.746644,42.256317],[-83.746644,42.25632],[-83.746644,42.256323],[-83.746645,42.256325],[-83.746646,42.256332],[-83.74665,42.256341],[-83.746655,42.256349],[-83.74666,42.256358],[-83.746667,42.256366],[-83.746673,42.256374],[-83.74668,42.256382],[-83.746687,42.25639],[-83.746693,42.256398],[-83.746698,42.256406],[-83.746703,42.256415],[-83.746706,42.256424],[-83.746708,42.256433],[-83.746708,42.256442],[-83.746708,42.256452],[-83.746708,42.256462],[-83.746708,42.256473],[-83.746708,42.256484],[-83.746709,42.256495],[-83.746711,42.256506],[-83.746713,42.256516],[-83.746718,42.256526],[-83.746723,42.256534],[-83.746731,42.256541],[-83.746741,42.256546],[-83.746748,42.256548],[-83.746755,42.25655],[-83.746762,42.256551],[-83.746769,42.256552],[-83.746776,42.256552],[-83.746784,42.256552],[-83.746791,42.256553],[-83.746799,42.256552],[-83.746806,42.256552],[-83.746814,42.256551],[-83.746821,42.256551],[-83.746828,42.25655],[-83.746834,42.256548],[-83.746841,42.256547],[-83.746848,42.256546],[-83.746855,42.256545],[-83.746862,42.256545],[-83.746869,42.256544],[-83.746876,42.256543],[-83.746883,42.256543],[-83.74689,42.256543],[-83.746897,42.256542],[-83.746904,42.256542],[-83.746912,42.256542],[-83.74692,42.256542],[-83.746927,42.256542],[-83.746934,42.256542],[-83.746941,42.256542],[-83.746947,42.256542],[-83.746953,42.256541],[-83.746958,42.25654],[-83.746964,42.256539],[-83.746969,42.256537],[-83.746974,42.256535],[-83.746979,42.256533],[-83.746984,42.256529],[-83.746989,42.256526],[-83.746993,42.256522],[-83.746997,42.256517],[-83.747001,42.256513],[-83.747004,42.256509],[-83.747006,42.256505],[-83.747008,42.256501],[-83.747009,42.256497],[-83.747009,42.256492],[-83.74701,42.256488],[-83.747009,42.256484],[-83.747008,42.256479],[-83.747007,42.256474],[-83.747005,42.256469],[-83.747004,42.256465],[-83.747001,42.256461],[-83.746999,42.256456],[-83.746997,42.256452],[-83.746995,42.256447],[-83.746992,42.256443],[-83.74699,42.256438],[-83.746988,42.256434],[-83.746986,42.256429],[-83.746984,42.256425],[-83.746983,42.25642],[-83.746982,42.256416],[-83.746981,42.25641],[-83.74698,42.256405],[-83.746979,42.2564],[-83.746979,42.256394],[-83.746979,42.256389],[-83.746978,42.256384],[-83.746978,42.256378],[-83.746978,42.256373],[-83.746978,42.256367],[-83.746977,42.256362],[-83.746977,42.256357],[-83.746976,42.256351],[-83.746975,42.256346],[-83.746974,42.25634],[-83.746972,42.256334],[-83.746969,42.256329],[-83.746966,42.256323],[-83.746962,42.256318],[-83.746959,42.256313],[-83.746955,42.256308],[-83.746951,42.256303],[-83.746948,42.256298],[-83.746944,42.256293],[-83.746941,42.256287],[-83.746939,42.256282],[-83.746937,42.256278],[-83.746937,42.256275],[-83.746936,42.256272],[-83.746936,42.256268],[-83.746936,42.256265],[-83.746936,42.256261],[-83.746935,42.256257],[-83.746935,42.256254],[-83.746935,42.256249],[-83.746932,42.256252],[-83.74693,42.256254],[-83.746927,42.256256],[-83.746924,42.256259],[-83.746921,42.256261],[-83.746917,42.256262],[-83.746913,42.256264],[-83.746908,42.256265],[-83.746904,42.256266],[-83.746901,42.256267],[-83.746896,42.256267],[-83.746891,42.256267],[-83.746887,42.256267],[-83.746882,42.256267],[-83.746878,42.256266],[-83.746873,42.256265],[-83.746868,42.256265],[-83.746864,42.256264],[-83.74686,42.256263],[-83.746855,42.256263],[-83.746851,42.256262],[-83.746847,42.256262],[-83.746842,42.256261],[-83.746837,42.256261],[-83.746832,42.256261],[-83.746828,42.256261],[-83.746823,42.256261],[-83.746818,42.256261],[-83.746814,42.256261],[-83.746811,42.256261],[-83.746806,42.256261],[-83.746801,42.256261],[-83.746796,42.256261],[-83.746791,42.256261],[-83.746782,42.256261],[-83.74677,42.25626],[-83.746758,42.256258],[-83.746747,42.256256],[-83.746737,42.256254],[-83.746727,42.256251],[-83.746718,42.256248],[-83.746709,42.256245],[-83.746702,42.256241],[-83.746694,42.256236],[-83.746687,42.256232],[-83.746681,42.256227],[-83.746675,42.256221],[-83.74667,42.256216],[-83.746665,42.25621],[-83.746661,42.256203]]]},"properties":{"ObjectName":null}},{"type":"Feature","geometry":{"type":"Polygon","coordinates":[[[-83.743425,42.254495],[-83.743422,42.254498],[-83.743422,42.254517],[-83.743421,42.254535],[-83.743419,42.254549],[-83.743414,42.254557],[-83.743413,42.254566],[-83.74341,42.254575],[-83.743395,42.254587],[-83.743376,42.254599],[-83.743361,42.254611],[-83.743353,42.254625],[-83.743345,42.25464],[-83.743335,42.254659],[-83.743332,42.254695],[-83.743339,42.254729],[-83.743346,42.254761],[-83.743342,42.254793],[-83.743335,42.254826],[-83.743323,42.254861],[-83.743298,42.254909],[-83.743273,42.254955],[-83.743246,42.254999],[-83.743215,42.255046],[-83.743187,42.255093],[-83.743169,42.255141],[-83.743163,42.255182],[-83.743159,42.255226],[-83.743152,42.255269],[-83.743141,42.255307],[-83.743134,42.255346],[-83.743139,42.255397],[-83.743159,42.255478],[-83.74318,42.255559],[-83.743191,42.255638],[-83.743193,42.255682],[-83.743199,42.255727],[-83.743207,42.255775],[-83.743213,42.255848],[-83.743216,42.25592],[-83.743209,42.255993],[-83.743193,42.256069],[-83.743181,42.256143],[-83.743177,42.256212],[-83.743182,42.256257],[-83.743189,42.256297],[-83.743193,42.256339],[-83.743198,42.256383],[-83.743202,42.256428],[-83.743208,42.256475],[-83.743226,42.256554],[-83.743259,42.256626],[-83.743298,42.256697],[-83.743335,42.256764],[-83.743371,42.25683],[-83.743409,42.256895],[-83.743431,42.256928],[-83.743456,42.256961],[-83.743489,42.256985],[-83.743535,42.256998],[-83.743589,42.256991],[-83.743629,42.256971],[-83.743681,42.256902],[-83.743698,42.256817],[-83.743686,42.256736],[-83.743672,42.2567],[-83.74366,42.256662],[-83.743646,42.256621],[-83.743632,42.25659],[-83.743623,42.256556],[-83.743616,42.256522],[-83.74361,42.256488],[-83.743606,42.256454],[-83.743601,42.256419],[-83.743596,42.256385],[-83.74359,42.256356],[-83.743586,42.256339],[-83.743582,42.256322],[-83.743579,42.256304],[-83.743574,42.256287],[-83.74357,42.25627],[-83.743565,42.256253],[-83.74356,42.256236],[-83.743556,42.256223],[-83.743553,42.256211],[-83.743551,42.256199],[-83.74355,42.256186],[-83.743548,42.256174],[-83.743547,42.256161],[-83.743544,42.256149],[-83.743541,42.256137],[-83.743538,42.256126],[-83.743534,42.256115],[-83.743529,42.256104],[-83.743525,42.256093],[-83.74352,42.256082],[-83.743515,42.256071],[-83.74351,42.25606],[-83.743506,42.256049],[-83.743502,42.256036],[-83.7435,42.256024],[-83.743498,42.256011],[-83.743497,42.255998],[-83.743497,42.255985],[-83.743497,42.255971],[-83.743497,42.255958],[-83.743497,42.255945],[-83.743497,42.255932],[-83.743497,42.25592],[-83.743497,42.255907],[-83.743497,42.255895],[-83.743498,42.255882],[-83.7435,42.25587],[-83.743503,42.255857],[-83.743508,42.255841],[-83.743513,42.255825],[-83.743517,42.255809],[-83.743521,42.255792],[-83.743524,42.255776],[-83.743527,42.255759],[-83.743528,42.255743],[-83.743528,42.255722],[-83.743526,42.255696],[-83.743523,42.25567],[-83.743518,42.255644],[-83.743515,42.255619],[-83.743513,42.255593],[-83.743513,42.255568],[-83.743517,42.255542],[-83.743525,42.255518],[-83.743534,42.255496],[-83.743545,42.255474],[-83.743557,42.255451],[-83.743568,42.255429],[-83.743578,42.255407],[-83.743586,42.255384],[-83.74359,42.255361],[-83.743593,42.255336],[-83.743595,42.255308],[-83.743596,42.25528],[-83.743595,42.255252],[-83.743593,42.255224],[-83.743588,42.255197],[-83.743582,42.255173],[-83.743574,42.255156],[-83.743568,42.255146],[-83.74356,42.255137],[-83.743551,42.255129],[-83.743541,42.255121],[-83.743531,42.255112],[-83.743522,42.255104],[-83.743512,42.255095],[-83.743504,42.255087],[-83.743497,42.255078],[-83.743489,42.255069],[-83.743482,42.25506],[-83.743475,42.255051],[-83.743469,42.255041],[-83.743463,42.255032],[-83.743457,42.255022],[-83.743451,42.255011],[-83.743446,42.254999],[-83.743443,42.254987],[-83.74344,42.254975],[-83.743439,42.254962],[-83.743439,42.254949],[-83.743441,42.254936],[-83.743448,42.254919],[-83.743468,42.254898],[-83.74349,42.254875],[-83.743524,42.254839],[-83.743569,42.25479],[-83.743604,42.254736],[-83.743619,42.254703],[-83.743623,42.254697],[-83.743624,42.254691],[-83.743627,42.25468],[-83.743628,42.254664],[-83.743629,42.254649],[-83.743636,42.254631],[-83.743642,42.254613],[-83.74365,42.254595],[-83.743658,42.254582],[-83.743662,42.254573],[-83.743669,42.254561],[-83.743675,42.254553],[-83.743681,42.254546],[-83.743683,42.254537],[-83.743679,42.254541],[-83.743676,42.254544],[-83.743672,42.254548],[-83.743668,42.254551],[-83.743664,42.254555],[-83.74366,42.254558],[-83.743655,42.254561],[-83.743651,42.254564],[-83.743646,42.254566],[-83.743641,42.254569],[-83.743635,42.254571],[-83.743629,42.254574],[-83.743623,42.254576],[-83.743616,42.254578],[-83.74361,42.25458],[-83.743603,42.254582],[-83.743597,42.254584],[-83.74359,42.254585],[-83.743583,42.254586],[-83.743576,42.254587],[-83.74357,42.254588],[-83.743563,42.254589],[-83.743556,42.254589],[-83.743549,42.254589],[-83.743542,42.254589],[-83.743536,42.254589],[-83.743529,42.254588],[-83.743522,42.254587],[-83.743516,42.254586],[-83.74351,42.254584],[-83.743503,42.254582],[-83.743497,42.25458],[-83.743491,42.254578],[-83.743486,42.254575],[-83.74348,42.254572],[-83.743475,42.254568],[-83.74347,42.254565],[-83.743465,42.254561],[-83.74346,42.254556],[-83.743456,42.254551],[-83.743451,42.254546],[-83.743448,42.254541],[-83.743444,42.254536],[-83.743441,42.254531],[-83.743438,42.254526],[-83.743435,42.254521],[-83.743433,42.254515],[-83.74343,42.25451],[-83.743428,42.254504],[-83.743426,42.254499],[-83.743425,42.254495]]]},"properties":{"ObjectName":null}},{"type":"Feature","geometry":{"type":"Polygon","coordinates":[[[-83.654545,42.288434],[-83.654521,42.288442],[-83.6545,42.288452],[-83.654482,42.288466],[-83.654466,42.288484],[-83.654459,42.2885],[-83.654459,42.288514],[-83.654463,42.288526],[-83.654474,42.288538],[-83.654491,42.28855],[-83.654507,42.288556],[-83.654529,42.28856],[-83.654554,42.288561],[-83.654572,42.288559],[-83.654585,42.288552],[-83.654601,42.288538],[-83.654618,42.28852],[-83.654625,42.288507],[-83.654626,42.288491],[-83.65462,42.288471],[-83.654609,42.288455],[-83.654595,42.288444],[-83.65458,42.288437],[-83.654564,42.288433],[-83.654545,42.288434]]]},"properties":{"ObjectName":null}},{"type":"Feature","geometry":{"type":"Polygon","coordinates":[[[-83.660477,42.28138],[-83.66045,42.281387],[-83.660421,42.281398],[-83.660404,42.281411],[-83.660398,42.281423],[-83.660395,42.281441],[-83.660394,42.281457],[-83.660396,42.281469],[-83.660404,42.281482],[-83.660421,42.281499],[-83.660437,42.281515],[-83.660448,42.281521],[-83.660461,42.281522],[-83.66048,42.281519],[-83.660496,42.281516],[-83.660516,42.281508],[-83.660551,42.28149],[-83.660575,42.281471],[-83.660586,42.281459],[-83.660592,42.281448],[-83.660597,42.281432],[-83.660596,42.281418],[-83.660592,42.28141],[-83.660585,42.281402],[-83.660564,42.281388],[-83.660553,42.281384],[-83.66054,42.281381],[-83.660505,42.281378],[-83.660477,42.28138]]]},"properties":{"ObjectName":null}},{"type":"Feature","geometry":{"type":"Polygon","coordinates":[[[-83.658832,42.284246],[-83.658794,42.284252],[-83.658782,42.284257],[-83.658773,42.284262],[-83.658768,42.28427],[-83.658765,42.284281],[-83.658764,42.284292],[-83.658767,42.284301],[-83.658777,42.284314],[-83.658795,42.284326],[-83.658808,42.284332],[-83.65882,42.284335],[-83.658838,42.284336],[-83.658859,42.284333],[-83.658885,42.284324],[-83.658893,42.284318],[-83.658899,42.284313],[-83.658903,42.284301],[-83.658903,42.284285],[-83.658898,42.284265],[-83.658888,42.284252],[-83.65888,42.284248],[-83.658867,42.284246],[-83.658832,42.284246]]]},"properties":{"ObjectName":null}},{"type":"Feature","geometry":{"type":"Polygon","coordinates":[[[-83.653559,42.285544],[-83.65354,42.28555],[-83.653525,42.285558],[-83.653519,42.285565],[-83.653513,42.285575],[-83.653506,42.285603],[-83.653502,42.285623],[-83.653505,42.285633],[-83.653516,42.285639],[-83.653538,42.285645],[-83.653558,42.285647],[-83.653576,42.285647],[-83.653595,42.285643],[-83.653612,42.285637],[-83.653622,42.28563],[-83.653632,42.28562],[-83.653639,42.285608],[-83.653643,42.285596],[-83.653643,42.285575],[-83.653639,42.285567],[-83.653635,42.28556],[-83.65362,42.28555],[-83.653598,42.285543],[-83.65358,42.285542],[-83.653559,42.285544]]]},"properties":{"ObjectName":null}},{"type":"Feature","geometry":{"type":"Polygon","coordinates":[[[-83.662249,42.283444],[-83.662216,42.283447],[-83.662191,42.283453],[-83.662166,42.283466],[-83.662145,42.283483],[-83.662134,42.283497],[-83.662132,42.283507],[-83.662133,42.28352],[-83.662135,42.283534],[-83.662139,42.283542],[-83.662149,42.283553],[-83.662159,42.283559],[-83.66217,42.28356],[-83.662183,42.283559],[-83.662194,42.283557],[-83.6622,42.283554],[-83.662201,42.283539],[-83.662207,42.283534],[-83.662218,42.28353],[-83.662246,42.283528],[-83.662276,42.283527],[-83.662291,42.283525],[-83.662307,42.283518],[-83.662316,42.283511],[-83.66232,42.283504],[-83.662323,42.283494],[-83.662323,42.283476],[-83.662319,42.283468],[-83.662312,42.283459],[-83.662299,42.283451],[-83.662285,42.283445],[-83.662271,42.283443],[-83.662249,42.283444]]]},"properties":{"ObjectName":null}},{"type":"Feature","geometry":{"type":"Polygon","coordinates":[[[-83.656312,42.281693],[-83.65629,42.281701],[-83.656273,42.281713],[-83.656266,42.281722],[-83.656262,42.281733],[-83.656261,42.281747],[-83.656264,42.281761],[-83.656274,42.281777],[-83.656287,42.281789],[-83.656301,42.281796],[-83.656317,42.2818],[-83.656342,42.281802],[-83.656352,42.2818],[-83.656358,42.281798],[-83.656364,42.281789],[-83.656367,42.281769],[-83.656371,42.281733],[-83.656369,42.281721],[-83.656364,42.281711],[-83.656353,42.281699],[-83.656344,42.281693],[-83.65633,42.281691],[-83.656312,42.281693]]]},"properties":{"ObjectName":null}},{"type":"Feature","geometry":{"type":"Polygon","coordinates":[[[-83.74094,42.258453],[-83.740937,42.258456],[-83.740934,42.258459],[-83.740931,42.258461],[-83.740929,42.258463],[-83.740926,42.258465],[-83.740923,42.258468],[-83.740921,42.25847],[-83.740919,42.258473],[-83.740918,42.258476],[-83.740918,42.258479],[-83.740918,42.258482],[-83.740918,42.258485],[-83.74092,42.258488],[-83.740921,42.258491],[-83.740924,42.258493],[-83.740926,42.258496],[-83.740929,42.258498],[-83.740932,42.2585],[-83.740935,42.258502],[-83.740939,42.258504],[-83.740943,42.258505],[-83.740946,42.258506],[-83.740952,42.258508],[-83.740958,42.258509],[-83.740963,42.25851],[-83.740969,42.25851],[-83.740975,42.25851],[-83.740981,42.258509],[-83.740987,42.258509],[-83.740993,42.258508],[-83.740999,42.258507],[-83.741005,42.258506],[-83.741011,42.258504],[-83.741017,42.258503],[-83.741022,42.258501],[-83.741027,42.2585],[-83.741031,42.258498],[-83.741035,42.258497],[-83.741039,42.258495],[-83.741042,42.258493],[-83.741046,42.258491],[-83.741049,42.258489],[-83.741051,42.258487],[-83.741054,42.258484],[-83.741056,42.258482],[-83.741057,42.258478],[-83.741057,42.258476],[-83.741055,42.258473],[-83.741053,42.258471],[-83.74105,42.258468],[-83.741048,42.258466],[-83.741045,42.258464],[-83.741042,42.258459],[-83.741041,42.258455],[-83.741043,42.258452],[-83.741047,42.258448],[-83.741053,42.258446],[-83.741057,42.258444],[-83.74106,42.258443],[-83.741067,42.25844],[-83.741074,42.258437],[-83.741081,42.258434],[-83.741087,42.25843],[-83.741092,42.258426],[-83.741095,42.258421],[-83.741096,42.258416],[-83.741093,42.25841],[-83.741092,42.258407],[-83.741088,42.258404],[-83.741085,42.258402],[-83.741082,42.2584],[-83.741078,42.258399],[-83.741074,42.258397],[-83.741071,42.258394],[-83.741069,42.258392],[-83.741068,42.25839],[-83.741067,42.258388],[-83.741066,42.258386],[-83.741066,42.258384],[-83.741067,42.258382],[-83.741067,42.258379],[-83.741067,42.258377],[-83.741068,42.258375],[-83.741068,42.258373],[-83.741068,42.258371],[-83.741068,42.258368],[-83.741068,42.258366],[-83.741067,42.258364],[-83.741066,42.258362],[-83.741064,42.25836],[-83.741061,42.258357],[-83.741058,42.258355],[-83.741056,42.258354],[-83.741054,42.258353],[-83.741052,42.258352],[-83.741049,42.258351],[-83.741047,42.25835],[-83.741043,42.258349],[-83.741039,42.258348],[-83.741035,42.258347],[-83.741033,42.258347],[-83.74103,42.258346],[-83.741027,42.258346],[-83.741024,42.258346],[-83.741021,42.258346],[-83.741018,42.258346],[-83.741015,42.258346],[-83.741012,42.258347],[-83.741009,42.258347],[-83.741007,42.258348],[-83.741004,42.258349],[-83.741001,42.25835],[-83.740999,42.258351],[-83.740997,42.258352],[-83.740995,42.258354],[-83.740993,42.258356],[-83.740992,42.258357],[-83.740991,42.258359],[-83.74099,42.258361],[-83.74099,42.258363],[-83.740989,42.258365],[-83.740989,42.258368],[-83.740989,42.25837],[-83.740989,42.258372],[-83.740989,42.258374],[-83.740988,42.258376],[-83.740988,42.258379],[-83.740988,42.258381],[-83.740988,42.258383],[-83.740987,42.258385],[-83.740986,42.258387],[-83.740986,42.258389],[-83.740984,42.258392],[-83.740981,42.258395],[-83.740977,42.258397],[-83.740974,42.258399],[-83.740972,42.2584],[-83.740969,42.2584],[-83.740966,42.258401],[-83.740963,42.258401],[-83.74096,42.258402],[-83.740958,42.258402],[-83.740955,42.258402],[-83.740952,42.258402],[-83.740949,42.258402],[-83.740946,42.258402],[-83.740944,42.258403],[-83.740941,42.258403],[-83.740938,42.258404],[-83.740936,42.258405],[-83.740933,42.258406],[-83.740931,42.258407],[-83.740929,42.258408],[-83.740927,42.25841],[-83.740925,42.258412],[-83.740923,42.258415],[-83.740922,42.258417],[-83.740922,42.258419],[-83.740922,42.258421],[-83.740922,42.258423],[-83.740923,42.258425],[-83.740924,42.258427],[-83.740925,42.258429],[-83.740927,42.258431],[-83.740929,42.258433],[-83.740931,42.258435],[-83.740933,42.258436],[-83.740936,42.258438],[-83.740939,42.258441],[-83.740941,42.258444],[-83.740942,42.258447],[-83.740942,42.25845],[-83.74094,42.258453]]]},"properties":{"ObjectName":null}},{"type":"Feature","geometry":{"type":"Polygon","coordinates":[[[-83.747787,42.259977],[-83.747792,42.259977],[-83.747801,42.259977],[-83.747804,42.259977],[-83.747808,42.259977],[-83.747812,42.259977],[-83.747817,42.259978],[-83.747821,42.259979],[-83.747825,42.25998],[-83.747829,42.259981],[-83.747833,42.259983],[-83.747837,42.259984],[-83.747842,42.259985],[-83.747845,42.259987],[-83.747848,42.259989],[-83.747851,42.259991],[-83.747855,42.259993],[-83.747858,42.259994],[-83.747863,42.259995],[-83.747869,42.259997],[-83.747876,42.26],[-83.747885,42.260001],[-83.747894,42.26],[-83.747903,42.259997],[-83.747911,42.259993],[-83.747918,42.259989],[-83.747922,42.259983],[-83.747923,42.259977],[-83.747919,42.25997],[-83.747913,42.259964],[-83.747907,42.259958],[-83.747902,42.259953],[-83.747897,42.259946],[-83.747895,42.25994],[-83.747895,42.259932],[-83.747899,42.259924],[-83.747902,42.25992],[-83.747907,42.259916],[-83.747913,42.259914],[-83.747918,42.259912],[-83.747924,42.259909],[-83.74793,42.259907],[-83.747935,42.259904],[-83.747939,42.259901],[-83.747942,42.259894],[-83.747942,42.259885],[-83.747939,42.259877],[-83.747935,42.259869],[-83.747928,42.259862],[-83.74792,42.259856],[-83.747911,42.25985],[-83.7479,42.259846],[-83.747888,42.259844],[-83.747873,42.259844],[-83.74786,42.259845],[-83.747847,42.259845],[-83.747835,42.259844],[-83.747824,42.259842],[-83.747813,42.259838],[-83.747803,42.259833],[-83.747794,42.259826],[-83.747791,42.259819],[-83.747788,42.259812],[-83.747785,42.259806],[-83.747782,42.2598],[-83.747778,42.259794],[-83.747774,42.259788],[-83.747769,42.259783],[-83.747764,42.259778],[-83.74776,42.259775],[-83.747757,42.259774],[-83.747754,42.259772],[-83.74775,42.259771],[-83.747747,42.25977],[-83.747742,42.259769],[-83.747738,42.259768],[-83.747733,42.259766],[-83.747727,42.259765],[-83.747722,42.259765],[-83.747717,42.259766],[-83.747712,42.259767],[-83.747708,42.259768],[-83.747703,42.259769],[-83.747699,42.25977],[-83.747693,42.25977],[-83.747687,42.25977],[-83.747679,42.259767],[-83.747671,42.259763],[-83.747664,42.259759],[-83.747656,42.259755],[-83.747649,42.259752],[-83.747641,42.259751],[-83.747633,42.259753],[-83.747625,42.259757],[-83.747621,42.25976],[-83.747618,42.259763],[-83.747615,42.259766],[-83.747613,42.259769],[-83.747611,42.259772],[-83.747609,42.259775],[-83.747608,42.259778],[-83.747607,42.259781],[-83.747605,42.259784],[-83.747604,42.259788],[-83.747603,42.259792],[-83.747602,42.259795],[-83.747601,42.259799],[-83.7476,42.259802],[-83.747598,42.259805],[-83.747594,42.259809],[-83.747589,42.259813],[-83.747586,42.259815],[-83.747584,42.259816],[-83.747581,42.259818],[-83.747579,42.259819],[-83.747577,42.259821],[-83.747575,42.259823],[-83.747574,42.259826],[-83.747574,42.25983],[-83.747571,42.259833],[-83.747569,42.259836],[-83.747568,42.259839],[-83.747567,42.259843],[-83.747568,42.259846],[-83.747569,42.259851],[-83.74757,42.259855],[-83.747572,42.259859],[-83.747578,42.259869],[-83.747586,42.259882],[-83.747596,42.259892],[-83.747608,42.259901],[-83.747621,42.259907],[-83.747635,42.25991],[-83.747651,42.259909],[-83.747668,42.259903],[-83.747682,42.259896],[-83.74769,42.259891],[-83.747696,42.259886],[-83.747701,42.259882],[-83.747706,42.259877],[-83.747712,42.259873],[-83.747718,42.25987],[-83.747727,42.259868],[-83.747737,42.259868],[-83.747747,42.259868],[-83.747757,42.259868],[-83.747769,42.259868],[-83.74778,42.259869],[-83.747791,42.259869],[-83.747801,42.25987],[-83.74781,42.259872],[-83.747817,42.259874],[-83.747821,42.259876],[-83.747824,42.259879],[-83.747828,42.259882],[-83.747831,42.259885],[-83.747834,42.259888],[-83.747836,42.259892],[-83.747836,42.259895],[-83.747835,42.259897],[-83.747832,42.2599],[-83.747828,42.259901],[-83.747821,42.259902],[-83.747814,42.259903],[-83.747807,42.259904],[-83.7478,42.259904],[-83.747793,42.259904],[-83.747788,42.259904],[-83.747783,42.259904],[-83.747774,42.259904],[-83.747764,42.259904],[-83.747754,42.259905],[-83.747745,42.259906],[-83.747735,42.259907],[-83.747727,42.259909],[-83.747719,42.259912],[-83.747711,42.259917],[-83.747707,42.259919],[-83.747704,42.259921],[-83.747702,42.259926],[-83.747699,42.259933],[-83.747697,42.259938],[-83.747695,42.259945],[-83.747695,42.259951],[-83.747697,42.259957],[-83.7477,42.259963],[-83.747706,42.259968],[-83.747714,42.259972],[-83.747724,42.259975],[-83.747735,42.259977],[-83.747746,42.259978],[-83.747758,42.259978],[-83.74777,42.259978],[-83.747781,42.259978],[-83.747787,42.259977]]]},"properties":{"ObjectName":null}},{"type":"Feature","geometry":{"type":"Polygon","coordinates":[[[-83.659744,42.281334],[-83.659725,42.28134],[-83.659712,42.281348],[-83.659705,42.281357],[-83.659699,42.281373],[-83.659696,42.281389],[-83.659697,42.281403],[-83.659701,42.281415],[-83.659707,42.281428],[-83.659714,42.281435],[-83.659734,42.28145],[-83.659741,42.281458],[-83.659743,42.28147],[-83.659739,42.281473],[-83.659722,42.281478],[-83.659717,42.281481],[-83.65971,42.281491],[-83.659714,42.281508],[-83.659713,42.281518],[-83.659711,42.281526],[-83.659705,42.281531],[-83.659686,42.281544],[-83.659673,42.281559],[-83.659672,42.281569],[-83.659674,42.281577],[-83.659683,42.281584],[-83.659697,42.281591],[-83.659712,42.281593],[-83.659736,42.281591],[-83.659749,42.28159],[-83.659755,42.281588],[-83.65976,42.281582],[-83.659762,42.281571],[-83.659758,42.28155],[-83.659759,42.281544],[-83.65977,42.281531],[-83.65979,42.281523],[-83.659795,42.281519],[-83.659797,42.281502],[-83.659805,42.281488],[-83.659818,42.281471],[-83.659839,42.281456],[-83.659845,42.281449],[-83.65985,42.281437],[-83.65985,42.281428],[-83.659845,42.281422],[-83.659823,42.28141],[-83.659814,42.281401],[-83.659809,42.281395],[-83.659809,42.281388],[-83.659816,42.28137],[-83.659815,42.281356],[-83.65981,42.281347],[-83.659799,42.28134],[-83.65978,42.281334],[-83.659762,42.281332],[-83.659744,42.281334]]]},"properties":{"ObjectName":null}},{"type":"Feature","geometry":{"type":"Polygon","coordinates":[[[-83.746542,42.25716],[-83.746537,42.25716],[-83.746533,42.25716],[-83.746529,42.257161],[-83.746525,42.257162],[-83.746521,42.257163],[-83.746517,42.257164],[-83.746514,42.257165],[-83.74651,42.257167],[-83.746507,42.257169],[-83.746504,42.257171],[-83.746501,42.257173],[-83.746498,42.257176],[-83.746495,42.257179],[-83.746492,42.257182],[-83.74649,42.257185],[-83.746487,42.257189],[-83.746485,42.257193],[-83.746484,42.257196],[-83.746482,42.257199],[-83.746481,42.257202],[-83.74648,42.257206],[-83.746479,42.257209],[-83.746478,42.257212],[-83.746476,42.257216],[-83.746475,42.257219],[-83.746474,42.257222],[-83.746473,42.257225],[-83.746472,42.257229],[-83.74647,42.257232],[-83.746469,42.257235],[-83.746467,42.257238],[-83.746466,42.257241],[-83.746464,42.257244],[-83.746462,42.257247],[-83.74646,42.25725],[-83.746458,42.257253],[-83.746455,42.257256],[-83.746452,42.257259],[-83.746449,42.257261],[-83.746446,42.257264],[-83.746443,42.257266],[-83.74644,42.257268],[-83.746437,42.25727],[-83.746433,42.257271],[-83.74643,42.257273],[-83.746426,42.257274],[-83.746421,42.257275],[-83.746417,42.257276],[-83.746413,42.257277],[-83.746409,42.257278],[-83.746405,42.257279],[-83.746401,42.257281],[-83.746397,42.257282],[-83.746393,42.257284],[-83.746389,42.257286],[-83.746385,42.257288],[-83.746381,42.257291],[-83.746378,42.257294],[-83.746376,42.257296],[-83.746373,42.257299],[-83.746371,42.257302],[-83.746369,42.257305],[-83.746368,42.257309],[-83.746367,42.257312],[-83.746366,42.257315],[-83.746366,42.257318],[-83.746365,42.257322],[-83.746365,42.257325],[-83.746365,42.257329],[-83.746366,42.257332],[-83.746367,42.257336],[-83.746367,42.257339],[-83.746369,42.257342],[-83.74637,42.257346],[-83.746371,42.257349],[-83.746373,42.257352],[-83.746375,42.257355],[-83.746377,42.257359],[-83.746379,42.257362],[-83.746383,42.257366],[-83.746388,42.257372],[-83.746393,42.257377],[-83.746398,42.257382],[-83.746405,42.257387],[-83.746411,42.257392],[-83.746418,42.257396],[-83.746425,42.257401],[-83.746432,42.257405],[-83.74644,42.257409],[-83.746448,42.257412],[-83.746456,42.257416],[-83.746465,42.257419],[-83.746473,42.257421],[-83.746482,42.257424],[-83.746491,42.257426],[-83.746499,42.257427],[-83.746508,42.257428],[-83.746517,42.257428],[-83.746526,42.257428],[-83.746535,42.257428],[-83.746543,42.257427],[-83.746552,42.257425],[-83.746561,42.257423],[-83.746569,42.25742],[-83.746576,42.257416],[-83.746582,42.257413],[-83.746588,42.257409],[-83.746593,42.257405],[-83.746598,42.2574],[-83.746602,42.257395],[-83.746606,42.25739],[-83.746609,42.257385],[-83.746612,42.25738],[-83.746614,42.257374],[-83.746616,42.257368],[-83.746618,42.257363],[-83.74662,42.257357],[-83.746621,42.25735],[-83.746622,42.257344],[-83.746624,42.257338],[-83.746625,42.257332],[-83.746626,42.257326],[-83.746627,42.25732],[-83.746628,42.257314],[-83.74663,42.257308],[-83.746631,42.257302],[-83.746633,42.257297],[-83.746635,42.257291],[-83.746637,42.257286],[-83.746638,42.257283],[-83.74664,42.25728],[-83.746642,42.257277],[-83.746644,42.257274],[-83.746646,42.257271],[-83.746648,42.257268],[-83.74665,42.257265],[-83.746653,42.257262],[-83.746655,42.257258],[-83.746658,42.257255],[-83.74666,42.257252],[-83.746662,42.257248],[-83.746664,42.257245],[-83.746667,42.257241],[-83.746668,42.257238],[-83.74667,42.257234],[-83.746672,42.257231],[-83.746673,42.257228],[-83.746674,42.257224],[-83.746675,42.257221],[-83.746675,42.257217],[-83.746675,42.257214],[-83.746675,42.257211],[-83.746674,42.257208],[-83.746673,42.257205],[-83.746671,42.257202],[-83.746669,42.257199],[-83.746667,42.257196],[-83.746664,42.257194],[-83.746662,42.257192],[-83.746658,42.257189],[-83.746655,42.257187],[-83.746651,42.257185],[-83.746647,42.257183],[-83.746643,42.257181],[-83.746639,42.25718],[-83.746635,42.257178],[-83.74663,42.257176],[-83.746626,42.257175],[-83.746621,42.257173],[-83.746617,42.257172],[-83.746612,42.257171],[-83.746608,42.25717],[-83.746604,42.257169],[-83.746599,42.257168],[-83.746595,42.257167],[-83.746591,42.257166],[-83.746587,42.257165],[-83.746584,42.257164],[-83.74658,42.257163],[-83.746575,42.257162],[-83.74657,42.257162],[-83.746565,42.257161],[-83.74656,42.25716],[-83.746555,42.25716],[-83.746551,42.25716],[-83.746546,42.25716],[-83.746542,42.25716]]]},"properties":{"ObjectName":null}},{"type":"Feature","geometry":{"type":"Polygon","coordinates":[[[-83.74453,42.25828],[-83.744532,42.258282],[-83.744534,42.258283],[-83.744537,42.258285],[-83.74454,42.258286],[-83.744542,42.258287],[-83.744545,42.258288],[-83.744548,42.258289],[-83.744551,42.25829],[-83.744553,42.258291],[-83.744555,42.258293],[-83.744558,42.258294],[-83.74456,42.258296],[-83.744561,42.258298],[-83.744562,42.2583],[-83.744563,42.258303],[-83.744563,42.258306],[-83.744563,42.258308],[-83.744563,42.25831],[-83.744563,42.258313],[-83.744564,42.258315],[-83.744566,42.258317],[-83.744569,42.258319],[-83.744572,42.258321],[-83.744575,42.258322],[-83.744577,42.258324],[-83.74458,42.258325],[-83.744583,42.258326],[-83.744587,42.258327],[-83.74459,42.258328],[-83.744593,42.258328],[-83.744596,42.258329],[-83.7446,42.258329],[-83.744603,42.25833],[-83.744607,42.25833],[-83.744611,42.258329],[-83.744614,42.258329],[-83.744617,42.258328],[-83.74462,42.258327],[-83.744623,42.258326],[-83.744625,42.258324],[-83.744628,42.258322],[-83.74463,42.258321],[-83.744632,42.258318],[-83.744633,42.258316],[-83.744635,42.258314],[-83.744636,42.258311],[-83.744637,42.258308],[-83.744637,42.258306],[-83.744638,42.258304],[-83.744638,42.258301],[-83.744638,42.258299],[-83.744638,42.258297],[-83.744639,42.258295],[-83.744639,42.258293],[-83.74464,42.25829],[-83.744642,42.258286],[-83.744645,42.258284],[-83.744649,42.258282],[-83.744652,42.258281],[-83.744655,42.258281],[-83.744659,42.258281],[-83.744662,42.258281],[-83.744665,42.258281],[-83.744668,42.258281],[-83.744671,42.258282],[-83.744673,42.258283],[-83.744676,42.258283],[-83.744679,42.258284],[-83.744684,42.258285],[-83.744689,42.258285],[-83.744693,42.258285],[-83.744696,42.258285],[-83.744699,42.258284],[-83.744702,42.258282],[-83.744704,42.258281],[-83.744707,42.25828],[-83.744709,42.258279],[-83.74471,42.258277],[-83.744712,42.258275],[-83.744714,42.258274],[-83.744715,42.258272],[-83.744716,42.25827],[-83.744717,42.258268],[-83.744718,42.258266],[-83.744719,42.258264],[-83.744719,42.258261],[-83.74472,42.258259],[-83.74472,42.258257],[-83.744719,42.258255],[-83.744719,42.258252],[-83.744718,42.25825],[-83.744717,42.258248],[-83.744715,42.258245],[-83.744713,42.258242],[-83.74471,42.258239],[-83.744706,42.258236],[-83.744702,42.258234],[-83.744698,42.258232],[-83.744694,42.25823],[-83.744689,42.258229],[-83.744685,42.258228],[-83.74468,42.258228],[-83.744676,42.258229],[-83.744672,42.25823],[-83.744669,42.258231],[-83.744665,42.258232],[-83.744661,42.258233],[-83.744657,42.258234],[-83.744654,42.258234],[-83.744649,42.258233],[-83.744645,42.258233],[-83.744641,42.258231],[-83.744638,42.25823],[-83.744634,42.258229],[-83.74463,42.258228],[-83.744626,42.258227],[-83.744623,42.258227],[-83.744618,42.258227],[-83.744615,42.258228],[-83.744611,42.258229],[-83.744608,42.25823],[-83.744605,42.258231],[-83.744602,42.258233],[-83.744599,42.258235],[-83.744596,42.258237],[-83.744593,42.258239],[-83.74459,42.258241],[-83.744587,42.258243],[-83.744584,42.258244],[-83.744581,42.258246],[-83.744577,42.258247],[-83.744573,42.258248],[-83.744569,42.258248],[-83.744564,42.258249],[-83.74456,42.258249],[-83.744556,42.258249],[-83.744552,42.258249],[-83.744548,42.258249],[-83.744544,42.258249],[-83.74454,42.25825],[-83.744537,42.258251],[-83.744534,42.258252],[-83.744532,42.258253],[-83.744529,42.258255],[-83.744528,42.258256],[-83.744526,42.258259],[-83.744525,42.258262],[-83.744525,42.258265],[-83.744525,42.258268],[-83.744526,42.258273],[-83.744527,42.258276],[-83.744528,42.258278],[-83.74453,42.25828]]]},"properties":{"ObjectName":null}},{"type":"Feature","geometry":{"type":"Polygon","coordinates":[[[-83.654225,42.288062],[-83.654235,42.288067],[-83.654242,42.288074],[-83.654251,42.288095],[-83.654258,42.288103],[-83.654267,42.28811],[-83.654275,42.288113],[-83.654283,42.288114],[-83.654296,42.288113],[-83.654317,42.28811],[-83.654327,42.288103],[-83.654334,42.288092],[-83.654336,42.288085],[-83.654336,42.288065],[-83.654338,42.288053],[-83.654341,42.288047],[-83.654353,42.288041],[-83.654375,42.288039],[-83.65441,42.288046],[-83.654425,42.288045],[-83.654438,42.288041],[-83.654452,42.288034],[-83.65446,42.288025],[-83.654464,42.288014],[-83.654462,42.288003],[-83.654456,42.287993],[-83.654446,42.287985],[-83.654432,42.28798],[-83.654411,42.287978],[-83.654392,42.287979],[-83.65437,42.287984],[-83.65434,42.288],[-83.654331,42.288003],[-83.654315,42.288006],[-83.654296,42.288007],[-83.654272,42.288006],[-83.654256,42.288002],[-83.654245,42.287993],[-83.654231,42.287973],[-83.654218,42.287945],[-83.654211,42.287935],[-83.654195,42.287923],[-83.654181,42.287917],[-83.654167,42.287916],[-83.654153,42.287917],[-83.65414,42.28792],[-83.654132,42.287925],[-83.654128,42.287932],[-83.654124,42.287944],[-83.654122,42.28796],[-83.654124,42.287971],[-83.65413,42.287977],[-83.654157,42.287992],[-83.654166,42.288002],[-83.654166,42.28801],[-83.654157,42.288025],[-83.654155,42.288032],[-83.654157,42.288044],[-83.654162,42.288052],[-83.654172,42.288059],[-83.654182,42.288062],[-83.6542,42.288061],[-83.654217,42.28806],[-83.654225,42.288062]]]},"properties":{"ObjectName":null}},{"type":"Feature","geometry":{"type":"Polygon","coordinates":[[[-83.657652,42.28334],[-83.657636,42.283348],[-83.657627,42.283359],[-83.657627,42.283377],[-83.657622,42.283394],[-83.657607,42.283409],[-83.657604,42.283419],[-83.657609,42.283444],[-83.657608,42.283454],[-83.657602,42.283466],[-83.657596,42.283476],[-83.657579,42.28349],[-83.657559,42.283516],[-83.657551,42.283532],[-83.657551,42.283546],[-83.657555,42.283552],[-83.657563,42.283557],[-83.657573,42.283561],[-83.657588,42.283564],[-83.657611,42.283561],[-83.657624,42.283556],[-83.657638,42.283549],[-83.657648,42.283538],[-83.657659,42.283507],[-83.657668,42.283495],[-83.657677,42.28349],[-83.657701,42.28348],[-83.657709,42.283473],[-83.657709,42.283452],[-83.657713,42.283433],[-83.657719,42.283416],[-83.657725,42.283408],[-83.657744,42.283389],[-83.657748,42.283378],[-83.657744,42.283364],[-83.657733,42.283351],[-83.657718,42.283343],[-83.657693,42.28334],[-83.657666,42.283338],[-83.657652,42.28334]]]},"properties":{"ObjectName":null}},{"type":"Feature","geometry":{"type":"Polygon","coordinates":[[[-83.662817,42.285326],[-83.663034,42.285349],[-83.663055,42.285348],[-83.663077,42.285344],[-83.663097,42.285337],[-83.663115,42.285328],[-83.663132,42.285317],[-83.663146,42.285305],[-83.663156,42.285291],[-83.663178,42.284978],[-83.663176,42.284968],[-83.663172,42.284959],[-83.663165,42.284951],[-83.663157,42.284943],[-83.663147,42.284937],[-83.663136,42.284932],[-83.662837,42.284814],[-83.66254,42.284728],[-83.662521,42.284728],[-83.662502,42.284731],[-83.662484,42.284737],[-83.662468,42.284744],[-83.662454,42.284753],[-83.662441,42.284764],[-83.662435,42.28477],[-83.66243,42.284777],[-83.662427,42.284784],[-83.662425,42.284792],[-83.662425,42.284799],[-83.662426,42.284807],[-83.66243,42.284814],[-83.662434,42.284821],[-83.662441,42.284827],[-83.662678,42.284987],[-83.662689,42.284994],[-83.662698,42.285003],[-83.662706,42.285013],[-83.66271,42.285023],[-83.662713,42.285034],[-83.662713,42.285045],[-83.662711,42.285056],[-83.662715,42.28524],[-83.66272,42.285257],[-83.662728,42.285273],[-83.662741,42.285288],[-83.662756,42.285301],[-83.662774,42.285312],[-83.662795,42.28532],[-83.662817,42.285326]],[[-83.663104,42.285326],[-83.663131,42.284933],[-83.663142,42.28494],[-83.663151,42.284948],[-83.663159,42.284956],[-83.663164,42.284965],[-83.663168,42.284975],[-83.663146,42.285287],[-83.663145,42.285294],[-83.663141,42.285302],[-83.663136,42.285308],[-83.66313,42.285314],[-83.663122,42.285319],[-83.663113,42.285323],[-83.663104,42.285326]]]},"properties":{"ObjectName":null}},{"type":"Feature","geometry":{"type":"Polygon","coordinates":[[[-83.662085,42.284952],[-83.662084,42.284954],[-83.662084,42.284956],[-83.662084,42.284959],[-83.662085,42.284961],[-83.662086,42.284963],[-83.662087,42.284964],[-83.662088,42.284966],[-83.66209,42.284967],[-83.662092,42.284968],[-83.662094,42.284969],[-83.662096,42.284969],[-83.662098,42.284969],[-83.662101,42.284969],[-83.662119,42.284967],[-83.662137,42.284963],[-83.66215,42.284959],[-83.662163,42.284957],[-83.662176,42.284957],[-83.662189,42.284959],[-83.662202,42.284963],[-83.662205,42.284964],[-83.662208,42.284965],[-83.662211,42.284965],[-83.662214,42.284964],[-83.662217,42.284964],[-83.662219,42.284962],[-83.662222,42.28496],[-83.662224,42.284958],[-83.662226,42.284956],[-83.662227,42.284953],[-83.662228,42.28495],[-83.662228,42.284947],[-83.662224,42.284943],[-83.662221,42.284939],[-83.662218,42.284934],[-83.662216,42.284929],[-83.662214,42.284923],[-83.662214,42.284918],[-83.662212,42.284913],[-83.66221,42.284908],[-83.662211,42.284906],[-83.662211,42.284905],[-83.66221,42.284904],[-83.66221,42.284903],[-83.662209,42.284902],[-83.662208,42.284901],[-83.662207,42.2849],[-83.662206,42.2849],[-83.662205,42.284899],[-83.662204,42.284899],[-83.662203,42.284899],[-83.662201,42.284899],[-83.6622,42.284899],[-83.662196,42.2849],[-83.662191,42.284902],[-83.662187,42.284904],[-83.662184,42.284907],[-83.662156,42.284923],[-83.662114,42.284935],[-83.662108,42.284936],[-83.662102,42.284938],[-83.662097,42.28494],[-83.662092,42.284943],[-83.662088,42.284947],[-83.662085,42.284952]]]},"properties":{"ObjectName":null}},{"type":"Feature","geometry":{"type":"Polygon","coordinates":[[[-83.74799,42.254563],[-83.74799,42.254568],[-83.747991,42.254573],[-83.747993,42.254578],[-83.747996,42.254583],[-83.747999,42.254587],[-83.748003,42.25459],[-83.748007,42.254592],[-83.748012,42.254594],[-83.748017,42.254595],[-83.748022,42.254595],[-83.748027,42.254594],[-83.748032,42.254592],[-83.748037,42.25459],[-83.748041,42.254586],[-83.748044,42.254582],[-83.748046,42.254578],[-83.748048,42.254573],[-83.748049,42.254568],[-83.748049,42.254563],[-83.748048,42.254558],[-83.748046,42.254553],[-83.748044,42.254549],[-83.74804,42.254545],[-83.748036,42.254541],[-83.748032,42.254539],[-83.748027,42.254537],[-83.748022,42.254536],[-83.748017,42.254536],[-83.748012,42.254537],[-83.748007,42.254539],[-83.748003,42.254542],[-83.747999,42.254545],[-83.747995,42.254549],[-83.747993,42.254553],[-83.747991,42.254558],[-83.74799,42.254563]]]},"properties":{"ObjectName":null}}]}
