{"type":"FeatureCollection","features":[{"type":"Feature","geometry":{"type":"Polygon","coordinates":[[[-83.734996,42.277797],[-83.735412,42.278127],[-83.735462,42.278094],[-83.735387,42.278034],[-83.735402,42.278023],[-83.7354,42.278021],[-83.735407,42.278016],[-83.735354,42.277974],[-83.735347,42.277978],[-83.735345,42.277977],[-83.735329,42.277988],[-83.735178,42.277868],[-83.735194,42.277857],[-83.735192,42.277855],[-83.735199,42.277851],[-83.735146,42.277809],[-83.735139,42.277813],[-83.735137,42.277812],[-83.735121,42.277822],[-83.735046,42.277762],[-83.734996,42.277797]]]},"properties":{"ObjectName":"Central Campus Transit Center South Shelter"}},{"type":"Feature","geometry":{"type":"Polygon","coordinates":[[[-83.734907,42.27805],[-83.734931,42.278069],[-83.734915,42.27808],[-83.734918,42.278082],[-83.734911,42.278086],[-83.734964,42.278129],[-83.734971,42.278124],[-83.734973,42.278125],[-83.734988,42.278115],[-83.735036,42.278151],[-83.735019,42.278163],[-83.735021,42.278164],[-83.735014,42.278169],[-83.735068,42.278211],[-83.735075,42.278206],[-83.735077,42.278208],[-83.735093,42.278197],[-83.735116,42.278216],[-83.735166,42.278182],[-83.734956,42.278017],[-83.734907,42.27805]]]},"properties":{"ObjectName":"Central Campus Transit Center North Shelter"}},{"type":"Feature","geometry":{"type":"Polygon","coordinates":[[[-83.728951,42.281505],[-83.728951,42.281533],[-83.729044,42.281532],[-83.729043,42.281504],[-83.728951,42.281505]]]},"properties":{"ObjectName":"E. Medical Center Drive Simpson Circle Structure Shelter"}},{"type":"Feature","geometry":{"type":"Polygon","coordinates":[[[-83.728056,42.281304],[-83.728056,42.281331],[-83.728149,42.281331],[-83.728148,42.281304],[-83.728056,42.281304]]]},"properties":{"ObjectName":"E. Medical Center Drive S Shelter M95"}},{"type":"Feature","geometry":{"type":"Polygon","coordinates":[[[-83.707193,42.295702],[-83.707181,42.295705],[-83.707168,42.295707],[-83.707174,42.295721],[-83.707217,42.295713],[-83.707211,42.295698],[-83.707211,42.295698],[-83.707193,42.295702]]]},"properties":{"ObjectName":"NC46 Hayward Shelter N"}},{"type":"Feature","geometry":{"type":"Polygon","coordinates":[[[-83.712657,42.293574],[-83.712678,42.293575],[-83.712682,42.293537],[-83.712661,42.293537],[-83.712657,42.293574]]]},"properties":{"ObjectName":"NC12 Beal Ave. Shelter "}},{"type":"Feature","geometry":{"type":"Polygon","coordinates":[[[-83.718093,42.290442],[-83.718093,42.290459],[-83.718137,42.290459],[-83.718138,42.290442],[-83.718093,42.290442]]]},"properties":{"ObjectName":"Bonisteel Blvd. Shelter 1"}},{"type":"Feature","geometry":{"type":"Polygon","coordinates":[[[-83.719087,42.290361],[-83.719041,42.290374],[-83.719049,42.29039],[-83.719095,42.290377],[-83.719087,42.290361]]]},"properties":{"ObjectName":"NC27 Murfin Shelter 2"}},{"type":"Feature","geometry":{"type":"Polygon","coordinates":[[[-83.730963,42.281952],[-83.730963,42.281985],[-83.730985,42.281985],[-83.730985,42.281952],[-83.730963,42.281952]]]},"properties":{"ObjectName":"M85 Observatory Shelter"}},{"type":"Feature","geometry":{"type":"Polygon","coordinates":[[[-83.731241,42.281969],[-83.731241,42.281986],[-83.731242,42.282002],[-83.731263,42.282002],[-83.731263,42.281969],[-83.731241,42.281969]]]},"properties":{"ObjectName":"M44 Observatory Shelter"}},{"type":"Feature","geometry":{"type":"Polygon","coordinates":[[[-83.731184,42.280129],[-83.731185,42.280162],[-83.731207,42.280162],[-83.731206,42.280129],[-83.731184,42.280129]]]},"properties":{"ObjectName":"M45 Observatory Shelter"}},{"type":"Feature","geometry":{"type":"Polygon","coordinates":[[[-83.747255,42.268097],[-83.747299,42.2681],[-83.747301,42.268084],[-83.747257,42.268081],[-83.747255,42.268097]]]},"properties":{"ObjectName":"SC3 Kipke Shelter by Admin Services"}},{"type":"Feature","geometry":{"type":"Polygon","coordinates":[[[-83.744409,42.264364],[-83.744415,42.264348],[-83.744372,42.264339],[-83.744366,42.264355],[-83.744409,42.264364]]]},"properties":{"ObjectName":"SC7 Kipke Shelter "}},{"type":"Feature","geometry":{"type":"Polygon","coordinates":[[[-83.738635,42.278445],[-83.738635,42.27846],[-83.738679,42.278459],[-83.738679,42.278445],[-83.738635,42.278445]]]},"properties":{"ObjectName":"North University Shelter at Kraus C208"}},{"type":"Feature","geometry":{"type":"Polygon","coordinates":[[[-83.720697,42.294564],[-83.720698,42.29458],[-83.720744,42.294578],[-83.720742,42.294562],[-83.720697,42.294564]]]},"properties":{"ObjectName":"NC45 Hubbard Street Shelter"}},{"type":"Feature","geometry":{"type":"Polygon","coordinates":[[[-83.733449,42.282685],[-83.733448,42.282649],[-83.733426,42.282649],[-83.733427,42.282685],[-83.733449,42.282685]]]},"properties":{"ObjectName":"M27 Zina Pitcher Shelter M306"}},{"type":"Feature","geometry":{"type":"Polygon","coordinates":[[[-83.724113,42.294115],[-83.724144,42.29409],[-83.724128,42.294079],[-83.724097,42.294103],[-83.724113,42.294115]]]},"properties":{"ObjectName":"NC33 Hubbard Shelter N409"}},{"type":"Feature","geometry":{"type":"Polygon","coordinates":[[[-83.72319,42.291591],[-83.723213,42.291558],[-83.723196,42.291552],[-83.723172,42.291584],[-83.72319,42.291591]]]},"properties":{"ObjectName":"NC32 Hubbard Shelter N411"}},{"type":"Feature","geometry":{"type":"Polygon","coordinates":[[[-83.742673,42.269589],[-83.742716,42.269588],[-83.742715,42.269575],[-83.742673,42.269576],[-83.742673,42.269589]]]},"properties":{"ObjectName":"Hoover Shelter S007"}},{"type":"Feature","geometry":{"type":"Polygon","coordinates":[[[-83.726588,42.283329],[-83.72661,42.283322],[-83.72659,42.283288],[-83.726567,42.283295],[-83.726588,42.283329]]]},"properties":{"ObjectName":"E. Medical Center Drive Shelter M315"}},{"type":"Feature","geometry":{"type":"Polygon","coordinates":[[[-83.707716,42.295378],[-83.707704,42.295365],[-83.707661,42.295385],[-83.707676,42.295399],[-83.707716,42.295378]]]},"properties":{"ObjectName":"Hayward Shelter NC53 "}},{"type":"Feature","geometry":{"type":"Polygon","coordinates":[[[-83.705117,42.28978],[-83.705116,42.289765],[-83.705072,42.289765],[-83.705072,42.28978],[-83.705117,42.28978]]]},"properties":{"ObjectName":"NC51 Glazier Way Lot Shelter N501"}},{"type":"Feature","geometry":{"type":"Polygon","coordinates":[[[-83.706174,42.289224],[-83.706173,42.289191],[-83.706154,42.289192],[-83.706155,42.289224],[-83.706174,42.289224]]]},"properties":{"ObjectName":"NC51 Glazier Way Lot Shelter N500"}},{"type":"Feature","geometry":{"type":"Polygon","coordinates":[[[-83.730926,42.285208],[-83.730975,42.285211],[-83.730975,42.285194],[-83.730928,42.285192],[-83.730926,42.285208]]]},"properties":{"ObjectName":"E. Medical Center Shelter M317 M53"}},{"type":"Feature","geometry":{"type":"MultiPolygon","coordinates":[[[[-83.693182,42.300166],[-83.693182,42.300199],[-83.693204,42.300199],[-83.693203,42.300166],[-83.693182,42.300166]]],[[[-83.693185,42.300226],[-83.693184,42.300259],[-83.693204,42.300259],[-83.693205,42.300226],[-83.693185,42.300226]]]]},"properties":{"ObjectName":"NC37 Green Road 'Park & Ride' Shelter E600"}},{"type":"Feature","geometry":{"type":"Polygon","coordinates":[[[-83.704086,42.300436],[-83.704087,42.30041],[-83.704064,42.30041],[-83.704064,42.300436],[-83.704086,42.300436]]]},"properties":{"ObjectName":"NC84 North Campus Research Complex Shelter N441 "}},{"type":"Feature","geometry":{"type":"Polygon","coordinates":[[[-83.70459,42.300825],[-83.70459,42.300798],[-83.704572,42.300798],[-83.704572,42.300824],[-83.70459,42.300825]]]},"properties":{"ObjectName":"North Campus Research Complex Shelter N440"}},{"type":"Feature","geometry":{"type":"Polygon","coordinates":[[[-83.700022,42.294159],[-83.700023,42.294144],[-83.699937,42.294143],[-83.699937,42.294159],[-83.700022,42.294159]]]},"properties":{"ObjectName":"NW55 Northwood V Shelter N437"}},{"type":"Feature","geometry":{"type":"Polygon","coordinates":[[[-83.699054,42.293273],[-83.699098,42.293208],[-83.699076,42.2932],[-83.699034,42.293266],[-83.699054,42.293273]]]},"properties":{"ObjectName":"Northwood V Shelter N436"}},{"type":"Feature","geometry":{"type":"Polygon","coordinates":[[[-83.709708,42.297349],[-83.709725,42.297343],[-83.709704,42.297312],[-83.709686,42.297318],[-83.709708,42.297349]]]},"properties":{"ObjectName":"NW47 Lot Shelter N428"}},{"type":"Feature","geometry":{"type":"Polygon","coordinates":[[[-83.709662,42.30145],[-83.709677,42.301441],[-83.709649,42.301416],[-83.709634,42.301425],[-83.709662,42.30145]]]},"properties":{"ObjectName":"McIntyre Road Shelter N424"}},{"type":"Feature","geometry":{"type":"Polygon","coordinates":[[[-83.712512,42.299861],[-83.712513,42.299827],[-83.712496,42.299826],[-83.712495,42.299861],[-83.712512,42.299861]]]},"properties":{"ObjectName":"NC54 Fire Station Shelte N422"}},{"type":"Feature","geometry":{"type":"Polygon","coordinates":[[[-83.71276,42.29774],[-83.71276,42.297725],[-83.712716,42.297724],[-83.712717,42.29774],[-83.71276,42.29774]]]},"properties":{"ObjectName":"Bishop Road Shelter N420"}},{"type":"Feature","geometry":{"type":"Polygon","coordinates":[[[-83.715098,42.29656],[-83.715089,42.296526],[-83.715065,42.296529],[-83.715075,42.296564],[-83.715098,42.29656]]]},"properties":{"ObjectName":"Cram Circle Shelter N418"}},{"type":"Feature","geometry":{"type":"Polygon","coordinates":[[[-83.725993,42.274644],[-83.725993,42.274646],[-83.725994,42.274681],[-83.726004,42.27468],[-83.726017,42.27468],[-83.726015,42.274644],[-83.725993,42.274644]]]},"properties":{"ObjectName":"Oxford Street Shelter C206"}},{"type":"Feature","geometry":{"type":"Polygon","coordinates":[[[-83.740103,42.274998],[-83.740103,42.274998],[-83.740103,42.275017],[-83.740103,42.275017],[-83.740149,42.275016],[-83.740149,42.274998],[-83.740103,42.274998]]]},"properties":{"ObjectName":"Michigan Union South University Shelter C201"}},{"type":"Feature","geometry":{"type":"Polygon","coordinates":[[[-83.704991,42.288723],[-83.704991,42.288691],[-83.704972,42.288691],[-83.704972,42.288724],[-83.704991,42.288723]]]},"properties":{"ObjectName":"NC51 Glacier Way Lot Shelter N502"}},{"type":"Feature","geometry":{"type":"Polygon","coordinates":[[[-83.717819,42.287543],[-83.71782,42.287564],[-83.717867,42.287563],[-83.717869,42.287542],[-83.717819,42.287543]]]},"properties":{"ObjectName":"NC43 Fuller Street Shelter 1"}},{"type":"Feature","geometry":{"type":"Polygon","coordinates":[[[-83.735623,42.288453],[-83.73572,42.28849],[-83.735814,42.288358],[-83.735719,42.288321],[-83.735623,42.288453]]]},"properties":{"ObjectName":"Wall Street East Parking Structure Shelter M93"}},{"type":"Feature","geometry":{"type":"Polygon","coordinates":[[[-83.726844,42.283739],[-83.726862,42.283773],[-83.726884,42.283767],[-83.726865,42.283733],[-83.726844,42.283739]]]},"properties":{"ObjectName":"E. Medical Center Drive Taubman Entrance E Shelter P2"}},{"type":"Feature","geometry":{"type":"Polygon","coordinates":[[[-83.719088,42.290361],[-83.719097,42.290377],[-83.719143,42.290364],[-83.719134,42.290348],[-83.719088,42.290361]]]},"properties":{"ObjectName":"N27 Murfin Street Shelter"}},{"type":"Feature","geometry":{"type":"Polygon","coordinates":[[[-83.718091,42.290443],[-83.718048,42.290443],[-83.718048,42.290459],[-83.718092,42.290459],[-83.718091,42.290443]]]},"properties":{"ObjectName":"Bonisteel Blvd. Shelter 2"}},{"type":"Feature","geometry":{"type":"Polygon","coordinates":[[[-83.720742,42.294562],[-83.720744,42.294578],[-83.720789,42.294576],[-83.720788,42.29456],[-83.720742,42.294562]]]},"properties":{"ObjectName":"NC44 Hubbard Street Shelter "}},{"type":"Feature","geometry":{"type":"Polygon","coordinates":[[[-83.715095,42.295075],[-83.71505,42.295077],[-83.715051,42.295093],[-83.715097,42.295092],[-83.715095,42.295075]]]},"properties":{"ObjectName":"NW12 Hubbard Shelter N "}},{"type":"Feature","geometry":{"type":"Polygon","coordinates":[[[-83.740841,42.274981],[-83.740816,42.274981],[-83.740816,42.275016],[-83.740841,42.275016],[-83.740841,42.274981]]]},"properties":{"ObjectName":"State Street Michigan Union Shelter"}},{"type":"Feature","geometry":{"type":"Polygon","coordinates":[[[-83.718027,42.283057],[-83.717834,42.283106],[-83.717969,42.283141],[-83.718027,42.283057]]]},"properties":{"ObjectName":"Amphitheater Nichols Arboretum"}},{"type":"Feature","geometry":{"type":"Polygon","coordinates":[[[-83.70712,42.29851],[-83.70712,42.298444],[-83.707065,42.298444],[-83.707064,42.29851],[-83.70712,42.29851]]]},"properties":{"ObjectName":"Bike Rack Shelter 1"}},{"type":"Feature","geometry":{"type":"Polygon","coordinates":[[[-83.745528,42.267004],[-83.745527,42.266925],[-83.745527,42.266897],[-83.745389,42.266897],[-83.745391,42.267005],[-83.745528,42.267004]]]},"properties":{"ObjectName":"South Campus Fuel Facility"}},{"type":"Feature","geometry":{"type":"Polygon","coordinates":[[[-83.715221,42.288162],[-83.715221,42.288098],[-83.715107,42.288098],[-83.715107,42.288162],[-83.715221,42.288162]]]},"properties":{"ObjectName":"Fuller Road Solar Array Service Rack"}},{"type":"Feature","geometry":{"type":"Polygon","coordinates":[[[-83.742121,42.265631],[-83.74212,42.265599],[-83.742079,42.2656],[-83.74208,42.265632],[-83.742121,42.265631]]]},"properties":{"ObjectName":"Football Viewing Platform 1"}},{"type":"Feature","geometry":{"type":"Polygon","coordinates":[[[-83.737577,42.275075],[-83.737571,42.275075],[-83.73757,42.275089],[-83.737616,42.275089],[-83.737615,42.275074],[-83.737577,42.275075]]]},"properties":{"ObjectName":"Shapiro C202"}},{"type":"Feature","geometry":{"type":"Polygon","coordinates":[[[-83.655213,42.28183],[-83.655144,42.281829],[-83.655143,42.281881],[-83.655212,42.281881],[-83.655213,42.28183]]]},"properties":{"ObjectName":"Radrick Farms shelter 1"}},{"type":"Feature","geometry":{"type":"Polygon","coordinates":[[[-83.708863,42.301485],[-83.708829,42.301468],[-83.708806,42.301485],[-83.708843,42.301506],[-83.708863,42.301485]]]},"properties":{"ObjectName":"Child Care Center Storage Structure 2"}},{"type":"Feature","geometry":{"type":"Polygon","coordinates":[[[-83.742614,42.26683],[-83.742738,42.266793],[-83.7427,42.266729],[-83.742657,42.266656],[-83.742614,42.26652],[-83.742588,42.266413],[-83.742585,42.266413],[-83.742437,42.266427],[-83.742459,42.266542],[-83.74248,42.266615],[-83.742488,42.266637],[-83.742488,42.266638],[-83.742501,42.266677],[-83.742527,42.266725],[-83.742561,42.266796],[-83.742593,42.266788],[-83.742614,42.26683]]]},"properties":{"ObjectName":"Softball Grandstand"}},{"type":"Feature","geometry":{"type":"MultiPolygon","coordinates":[[[[-83.705175,42.302322],[-83.706147,42.302329],[-83.706148,42.302302],[-83.705175,42.302295],[-83.705175,42.302322]]],[[[-83.705178,42.30221],[-83.70615,42.302217],[-83.70615,42.30219],[-83.705178,42.302183],[-83.705178,42.30221]]],[[[-83.706175,42.302135],[-83.707147,42.302142],[-83.707148,42.302115],[-83.706176,42.302108],[-83.706175,42.302135]]],[[[-83.705179,42.302128],[-83.706151,42.302135],[-83.706151,42.302108],[-83.705179,42.3021],[-83.705179,42.302128]]],[[[-83.705305,42.302058],[-83.706277,42.302065],[-83.706278,42.302037],[-83.705306,42.30203],[-83.705305,42.302058]]],[[[-83.706303,42.302065],[-83.707275,42.302072],[-83.707275,42.302045],[-83.706303,42.302038],[-83.706303,42.302065]]],[[[-83.706303,42.302021],[-83.707276,42.302028],[-83.707276,42.302001],[-83.706304,42.301994],[-83.706303,42.302021]]],[[[-83.706304,42.301977],[-83.707276,42.301984],[-83.707277,42.301957],[-83.706304,42.30195],[-83.706304,42.301977]]],[[[-83.706463,42.301935],[-83.707276,42.301941],[-83.707277,42.301914],[-83.706463,42.301908],[-83.706463,42.301935]]],[[[-83.706465,42.301892],[-83.707278,42.301898],[-83.707279,42.30187],[-83.706465,42.301864],[-83.706465,42.301892]]],[[[-83.706465,42.301848],[-83.707279,42.301854],[-83.707279,42.301827],[-83.706466,42.301821],[-83.706465,42.301848]]],[[[-83.706169,42.302329],[-83.706657,42.302333],[-83.706657,42.302306],[-83.70617,42.302302],[-83.706169,42.302329]]],[[[-83.706172,42.302218],[-83.70666,42.302221],[-83.70666,42.302194],[-83.706172,42.30219],[-83.706172,42.302218]]],[[[-83.705062,42.302051],[-83.705254,42.302053],[-83.705255,42.301998],[-83.705063,42.301997],[-83.705062,42.302051]]],[[[-83.705061,42.30213],[-83.705107,42.302131],[-83.705108,42.302096],[-83.705062,42.302096],[-83.705061,42.30213]]]]},"properties":{"ObjectName":"Plymouth Road Solar Panels"}},{"type":"Feature","geometry":{"type":"MultiPolygon","coordinates":[[[[-83.715139,42.288287],[-83.715159,42.288287],[-83.715159,42.288283],[-83.715179,42.288283],[-83.715179,42.28826],[-83.715159,42.28826],[-83.715159,42.288256],[-83.715139,42.288256],[-83.715139,42.28826],[-83.715118,42.28826],[-83.715118,42.288283],[-83.715139,42.288283],[-83.715139,42.288287]]],[[[-83.715115,42.288084],[-83.715135,42.288084],[-83.715135,42.28808],[-83.715155,42.28808],[-83.715155,42.288056],[-83.715135,42.288056],[-83.715135,42.288052],[-83.715115,42.288052],[-83.715115,42.288056],[-83.715094,42.288056],[-83.715094,42.28808],[-83.715115,42.28808],[-83.715115,42.288084]]],[[[-83.715415,42.288088],[-83.715436,42.288088],[-83.715436,42.288084],[-83.715456,42.288084],[-83.715456,42.28806],[-83.715436,42.28806],[-83.715436,42.288056],[-83.715416,42.288056],[-83.715416,42.28806],[-83.715395,42.28806],[-83.715395,42.288084],[-83.715415,42.288084],[-83.715415,42.288088]]],[[[-83.715265,42.288099],[-83.715285,42.288099],[-83.715285,42.288095],[-83.715306,42.288095],[-83.715306,42.288072],[-83.715285,42.288072],[-83.715285,42.288068],[-83.715265,42.288068],[-83.715265,42.288072],[-83.715245,42.288072],[-83.715245,42.288095],[-83.715265,42.288095],[-83.715265,42.288099]]],[[[-83.715444,42.288213],[-83.715465,42.288213],[-83.715465,42.288208],[-83.715485,42.288208],[-83.715485,42.288185],[-83.715465,42.288185],[-83.715465,42.288181],[-83.715444,42.288181],[-83.715444,42.288185],[-83.715424,42.288185],[-83.715424,42.288208],[-83.715444,42.288208],[-83.715444,42.288213]]],[[[-83.715263,42.288224],[-83.715284,42.288224],[-83.715284,42.28822],[-83.715304,42.28822],[-83.715304,42.288196],[-83.715284,42.288196],[-83.715284,42.288192],[-83.715263,42.288192],[-83.715263,42.288196],[-83.715243,42.288196],[-83.715243,42.28822],[-83.715263,42.28822],[-83.715263,42.288224]]],[[[-83.715473,42.288337],[-83.715493,42.288337],[-83.715493,42.288333],[-83.715514,42.288333],[-83.715514,42.28831],[-83.715493,42.28831],[-83.715493,42.288306],[-83.715473,42.288306],[-83.715473,42.28831],[-83.715453,42.28831],[-83.715453,42.288333],[-83.715473,42.288333],[-83.715473,42.288337]]]]},"properties":{"ObjectName":"Fuller Road Solar Array Trackers"}},{"type":"Feature","geometry":{"type":"MultiPolygon","coordinates":[[[[-83.714862,42.289027],[-83.715346,42.289034],[-83.715347,42.28902],[-83.714863,42.289013],[-83.714862,42.289027]]],[[[-83.714863,42.288844],[-83.715347,42.288851],[-83.715347,42.288837],[-83.714863,42.28883],[-83.714863,42.288844]]],[[[-83.71486,42.289118],[-83.715344,42.289125],[-83.715344,42.289111],[-83.71486,42.289104],[-83.71486,42.289118]]],[[[-83.714861,42.289088],[-83.715345,42.289094],[-83.715345,42.28908],[-83.714861,42.289074],[-83.714861,42.289088]]],[[[-83.714862,42.289057],[-83.715346,42.289064],[-83.715346,42.28905],[-83.714862,42.289043],[-83.714862,42.289057]]],[[[-83.714862,42.288936],[-83.715346,42.288943],[-83.715347,42.288929],[-83.714863,42.288922],[-83.714862,42.288936]]],[[[-83.714863,42.288905],[-83.715347,42.288912],[-83.715348,42.288898],[-83.714864,42.288891],[-83.714863,42.288905]]],[[[-83.714864,42.288966],[-83.715348,42.288973],[-83.715348,42.288959],[-83.714864,42.288952],[-83.714864,42.288966]]],[[[-83.714863,42.288996],[-83.715347,42.289003],[-83.715347,42.288989],[-83.714863,42.288982],[-83.714863,42.288996]]],[[[-83.714863,42.288874],[-83.715347,42.288881],[-83.715348,42.288867],[-83.714864,42.28886],[-83.714863,42.288874]]],[[[-83.714864,42.288783],[-83.715348,42.28879],[-83.715349,42.288776],[-83.714864,42.288769],[-83.714864,42.288783]]],[[[-83.714865,42.288813],[-83.715349,42.28882],[-83.715349,42.288806],[-83.714865,42.288799],[-83.714865,42.288813]]],[[[-83.714865,42.288753],[-83.715349,42.28876],[-83.71535,42.288746],[-83.714866,42.288739],[-83.714865,42.288753]]],[[[-83.714863,42.288722],[-83.715347,42.288729],[-83.715348,42.288715],[-83.714864,42.288708],[-83.714863,42.288722]]],[[[-83.714865,42.288661],[-83.715349,42.288668],[-83.715349,42.288654],[-83.714865,42.288647],[-83.714865,42.288661]]],[[[-83.714864,42.288691],[-83.715348,42.288698],[-83.715348,42.288684],[-83.714864,42.288677],[-83.714864,42.288691]]],[[[-83.714866,42.288601],[-83.71535,42.288608],[-83.715351,42.288594],[-83.714867,42.288587],[-83.714866,42.288601]]],[[[-83.714866,42.288631],[-83.71535,42.288638],[-83.71535,42.288624],[-83.714866,42.288617],[-83.714866,42.288631]]],[[[-83.714867,42.288573],[-83.715351,42.28858],[-83.715351,42.288566],[-83.714867,42.288559],[-83.714867,42.288573]]],[[[-83.714868,42.288517],[-83.715353,42.288524],[-83.715353,42.288511],[-83.71503,42.288506],[-83.714869,42.288504],[-83.714868,42.288517]]],[[[-83.714868,42.288545],[-83.715352,42.288552],[-83.715352,42.288538],[-83.714868,42.288531],[-83.714868,42.288545]]],[[[-83.715031,42.288437],[-83.715355,42.288441],[-83.715355,42.288427],[-83.715341,42.288427],[-83.715308,42.288427],[-83.715032,42.288423],[-83.715031,42.288437]]],[[[-83.715032,42.288409],[-83.715355,42.288414],[-83.715356,42.2884],[-83.715032,42.288395],[-83.715032,42.288409]]],[[[-83.715031,42.288464],[-83.715354,42.288469],[-83.715354,42.288455],[-83.715281,42.288454],[-83.715271,42.288454],[-83.715031,42.28845],[-83.715031,42.288464]]],[[[-83.71503,42.288491],[-83.715353,42.288496],[-83.715354,42.288482],[-83.715304,42.288482],[-83.71529,42.288481],[-83.71503,42.288478],[-83.71503,42.288491]]],[[[-83.715195,42.288384],[-83.715356,42.288386],[-83.715356,42.288376],[-83.715356,42.288373],[-83.715196,42.28837],[-83.715195,42.288384]]]]},"properties":{"ObjectName":"Fuller Road Solar Array Fixed "}},{"type":"Feature","geometry":{"type":"Polygon","coordinates":[[[-83.741873,42.263512],[-83.741892,42.263512],[-83.741888,42.263443],[-83.74187,42.263444],[-83.741873,42.263512]]]},"properties":{"ObjectName":"Ocker Field Scoreboard"}},{"type":"Feature","geometry":{"type":"Polygon","coordinates":[[[-83.742551,42.265162],[-83.742548,42.265119],[-83.742493,42.26512],[-83.742494,42.265162],[-83.742551,42.265162]]]},"properties":{"ObjectName":"Football Viewing Platform 2"}},{"type":"Feature","geometry":{"type":"Polygon","coordinates":[[[-83.741477,42.263937],[-83.741476,42.263905],[-83.741434,42.263906],[-83.741435,42.263938],[-83.741477,42.263937]]]},"properties":{"ObjectName":"Football Viewing Platform 3"}},{"type":"Feature","geometry":{"type":"Polygon","coordinates":[[[-83.73734,42.27259],[-83.73734,42.272554],[-83.737078,42.272557],[-83.737079,42.272593],[-83.737129,42.272592],[-83.737141,42.273034],[-83.737203,42.273033],[-83.737193,42.272591],[-83.73734,42.27259]]]},"properties":{"ObjectName":"Canopy "}},{"type":"Feature","geometry":{"type":"Polygon","coordinates":[[[-83.663626,42.286965],[-83.663598,42.286928],[-83.663548,42.286948],[-83.663576,42.286985],[-83.663626,42.286965]]]},"properties":{"ObjectName":"Radrick Farms shelter 2"}},{"type":"Feature","geometry":{"type":"Polygon","coordinates":[[[-83.654512,42.286308],[-83.654455,42.286308],[-83.654454,42.28635],[-83.654512,42.286351],[-83.654512,42.286308]]]},"properties":{"ObjectName":"Radrick Farms shelter 3"}},{"type":"Feature","geometry":{"type":"Polygon","coordinates":[[[-83.735559,42.280247],[-83.735558,42.28019],[-83.735558,42.280154],[-83.735406,42.280158],[-83.735406,42.280174],[-83.735441,42.280192],[-83.735547,42.280247],[-83.735559,42.280247]]]},"properties":{"ObjectName":null}},{"type":"Feature","geometry":{"type":"Polygon","coordinates":[[[-83.696536,42.297454],[-83.696535,42.297553],[-83.69672,42.297554],[-83.696721,42.297455],[-83.696536,42.297454]]]},"properties":{"ObjectName":"North Campus Fuel Facility "}},{"type":"Feature","geometry":{"type":"Polygon","coordinates":[[[-83.71815,42.28441],[-83.718128,42.284412],[-83.71813,42.284432],[-83.718153,42.28443],[-83.71815,42.28441]]]},"properties":{"ObjectName":null}},{"type":"Feature","geometry":{"type":"Polygon","coordinates":[[[-83.737976,42.284778],[-83.737955,42.284778],[-83.737955,42.284795],[-83.737976,42.284795],[-83.737976,42.284778]]]},"properties":{"ObjectName":null}},{"type":"Feature","geometry":{"type":"Polygon","coordinates":[[[-83.701942,42.29617],[-83.701943,42.296212],[-83.701943,42.296212],[-83.701943,42.296222],[-83.701943,42.296237],[-83.701967,42.296237],[-83.701966,42.296169],[-83.701942,42.29617]]]},"properties":{"ObjectName":null}},{"type":"Feature","geometry":{"type":"Polygon","coordinates":[[[-83.702695,42.295708],[-83.702695,42.295915],[-83.70283,42.295916],[-83.702832,42.295709],[-83.702798,42.295708],[-83.702695,42.295708]]]},"properties":{"ObjectName":null}},{"type":"Feature","geometry":{"type":"Polygon","coordinates":[[[-83.702905,42.295929],[-83.702905,42.295927],[-83.702905,42.295924],[-83.702904,42.295922],[-83.702902,42.29592],[-83.702901,42.295918],[-83.702899,42.295917],[-83.702896,42.295915],[-83.702894,42.295915],[-83.702891,42.295914],[-83.702889,42.295914],[-83.70283,42.295916],[-83.702695,42.295915],[-83.702636,42.295914],[-83.702633,42.295914],[-83.702631,42.295914],[-83.702628,42.295915],[-83.702625,42.295916],[-83.702623,42.295918],[-83.702621,42.295919],[-83.702619,42.295922],[-83.702618,42.295924],[-83.702617,42.295927],[-83.702617,42.29593],[-83.702619,42.296093],[-83.702618,42.296121],[-83.702623,42.296125],[-83.702628,42.296128],[-83.702634,42.29613],[-83.702883,42.296128],[-83.702886,42.296128],[-83.70289,42.296128],[-83.702893,42.296127],[-83.702896,42.296126],[-83.702899,42.296124],[-83.702902,42.296121],[-83.702904,42.296119],[-83.702905,42.296087],[-83.702905,42.295929]]]},"properties":{"ObjectName":null}},{"type":"Feature","geometry":{"type":"Polygon","coordinates":[[[-83.746243,42.252736],[-83.746246,42.252799],[-83.74626,42.252799],[-83.746258,42.252736],[-83.746243,42.252736]]]},"properties":{"ObjectName":"Soccer Stadium Scoreboard"}},{"type":"Feature","geometry":{"type":"Polygon","coordinates":[[[-83.701574,42.298781],[-83.701574,42.29874],[-83.701433,42.29874],[-83.701433,42.298781],[-83.701574,42.298781]]]},"properties":{"ObjectName":null}},{"type":"Feature","geometry":{"type":"Polygon","coordinates":[[[-83.701478,42.298839],[-83.701477,42.298802],[-83.70144,42.298803],[-83.701441,42.298839],[-83.701478,42.298839]]]},"properties":{"ObjectName":null}},{"type":"Feature","geometry":{"type":"Polygon","coordinates":[[[-83.741331,42.249247],[-83.741331,42.249264],[-83.741375,42.249264],[-83.741375,42.249247],[-83.741331,42.249247]]]},"properties":{"ObjectName":"Performance Center Shelter 2"}},{"type":"Feature","geometry":{"type":"Polygon","coordinates":[[[-83.742394,42.252087],[-83.742395,42.252119],[-83.742427,42.252118],[-83.742425,42.252086],[-83.742394,42.252087]]]},"properties":{"ObjectName":"Performance Center Shelter "}},{"type":"Feature","geometry":{"type":"Polygon","coordinates":[[[-83.735,42.277743],[-83.735009,42.27775],[-83.73502,42.277743],[-83.735011,42.277735],[-83.735,42.277743]]]},"properties":{"ObjectName":null}},{"type":"Feature","geometry":{"type":"Polygon","coordinates":[[[-83.735458,42.278102],[-83.735466,42.278109],[-83.735476,42.278102],[-83.735468,42.278095],[-83.735458,42.278102]]]},"properties":{"ObjectName":null}},{"type":"Feature","geometry":{"type":"Polygon","coordinates":[[[-83.710632,42.292784],[-83.71063,42.292904],[-83.711162,42.292907],[-83.711162,42.292786],[-83.71116,42.292786],[-83.710649,42.292784],[-83.710646,42.292784],[-83.710632,42.292784]]]},"properties":{"ObjectName":null}},{"type":"Feature","geometry":{"type":"Polygon","coordinates":[[[-83.738425,42.276789],[-83.738425,42.276802],[-83.738443,42.276802],[-83.738443,42.276789],[-83.738425,42.276789]]]},"properties":{"ObjectName":"Wifi Diag Sorc Boards 3"}},{"type":"Feature","geometry":{"type":"Polygon","coordinates":[[[-83.738483,42.277218],[-83.738495,42.277228],[-83.738507,42.277219],[-83.738494,42.27721],[-83.738483,42.277218]]]},"properties":{"ObjectName":"Wifi Diag Sorc Boards 1"}},{"type":"Feature","geometry":{"type":"Polygon","coordinates":[[[-83.738018,42.277204],[-83.738018,42.277217],[-83.738034,42.277218],[-83.738035,42.277204],[-83.738018,42.277204]]]},"properties":{"ObjectName":"Wifi Diag Sorc Boards 4"}},{"type":"Feature","geometry":{"type":"Polygon","coordinates":[[[-83.737975,42.277058],[-83.737993,42.277059],[-83.737994,42.277046],[-83.737977,42.277045],[-83.737975,42.277058]]]},"properties":{"ObjectName":"Wifi Diag Sorc Boards 5"}},{"type":"Feature","geometry":{"type":"Polygon","coordinates":[[[-83.737983,42.276861],[-83.738,42.276861],[-83.738,42.276849],[-83.737999,42.276849],[-83.737984,42.276848],[-83.737983,42.276861]]]},"properties":{"ObjectName":"Wifi Diag Sorc Boards 6"}},{"type":"Feature","geometry":{"type":"Polygon","coordinates":[[[-83.725019,42.285949],[-83.725098,42.28596],[-83.72514,42.285814],[-83.725048,42.285801],[-83.725028,42.285877],[-83.725018,42.285918],[-83.72501,42.285948],[-83.725019,42.285949]]]},"properties":{"ObjectName":"Mitchell Field Grounds Storage"}},{"type":"Feature","geometry":{"type":"Polygon","coordinates":[[[-83.738222,42.277569],[-83.738222,42.277569],[-83.738221,42.277569],[-83.738221,42.27757],[-83.738221,42.27757],[-83.738221,42.27757],[-83.738221,42.27757],[-83.73822,42.27757],[-83.73822,42.27757],[-83.73822,42.27757],[-83.73822,42.27757],[-83.738219,42.27757],[-83.738219,42.27757],[-83.738219,42.27757],[-83.738219,42.27757],[-83.738218,42.27757],[-83.738218,42.27757],[-83.738218,42.27757],[-83.738218,42.27757],[-83.738217,42.27757],[-83.738217,42.27757],[-83.738217,42.27757],[-83.738215,42.277571],[-83.738215,42.277571],[-83.738215,42.277571],[-83.738215,42.277571],[-83.738214,42.277571],[-83.738214,42.277571],[-83.738214,42.277571],[-83.738214,42.277572],[-83.738214,42.277572],[-83.738213,42.277572],[-83.738213,42.277572],[-83.738213,42.277572],[-83.738213,42.277572],[-83.738213,42.277572],[-83.738212,42.277572],[-83.738212,42.277572],[-83.738212,42.277573],[-83.738212,42.277573],[-83.738212,42.277573],[-83.738212,42.277573],[-83.738211,42.277573],[-83.738211,42.277573],[-83.738211,42.277573],[-83.738211,42.277574],[-83.738211,42.277574],[-83.738211,42.277574],[-83.738211,42.277574],[-83.73821,42.277574],[-83.73821,42.277574],[-83.73821,42.277574],[-83.73821,42.277575],[-83.73821,42.277575],[-83.73821,42.277575],[-83.73821,42.277575],[-83.73821,42.277575],[-83.73821,42.277575],[-83.73821,42.277575],[-83.738209,42.277576],[-83.738209,42.277576],[-83.738209,42.277576],[-83.738209,42.277576],[-83.738209,42.277576],[-83.738209,42.277576],[-83.738209,42.277576],[-83.738209,42.277577],[-83.738209,42.277577],[-83.738209,42.277577],[-83.738209,42.277577],[-83.738209,42.277577],[-83.738209,42.277577],[-83.738208,42.277578],[-83.738208,42.277578],[-83.738208,42.277578],[-83.738208,42.277578],[-83.738208,42.277578],[-83.738208,42.277579],[-83.738208,42.277579],[-83.738208,42.277579],[-83.738208,42.277579],[-83.738208,42.277579],[-83.738208,42.277579],[-83.738208,42.27758],[-83.738208,42.27758],[-83.738208,42.27758],[-83.738208,42.27758],[-83.738208,42.27758],[-83.738208,42.27758],[-83.738208,42.277581],[-83.738208,42.277581],[-83.738208,42.277581],[-83.738208,42.277581],[-83.738208,42.277581],[-83.738208,42.277581],[-83.738208,42.277582],[-83.738208,42.277582],[-83.738208,42.277582],[-83.738208,42.277582],[-83.738209,42.277582],[-83.738209,42.277582],[-83.738209,42.277583],[-83.738209,42.277583],[-83.738209,42.277583],[-83.738209,42.277583],[-83.738209,42.277583],[-83.738209,42.277584],[-83.738209,42.277584],[-83.738209,42.277584],[-83.738209,42.277584],[-83.738209,42.277584],[-83.73821,42.277584],[-83.73821,42.277585],[-83.73821,42.277585],[-83.73821,42.277585],[-83.73821,42.277585],[-83.73821,42.277585],[-83.73821,42.277585],[-83.73821,42.277585],[-83.73821,42.277586],[-83.738211,42.277586],[-83.738211,42.277586],[-83.738211,42.277586],[-83.738211,42.277586],[-83.738211,42.277586],[-83.738211,42.277586],[-83.738212,42.277587],[-83.738212,42.277587],[-83.738212,42.277587],[-83.738212,42.277587],[-83.738212,42.277587],[-83.738212,42.277587],[-83.738213,42.277587],[-83.738213,42.277588],[-83.738213,42.277588],[-83.738213,42.277588],[-83.738213,42.277588],[-83.738213,42.277588],[-83.738214,42.277588],[-83.738214,42.277588],[-83.738214,42.277588],[-83.738214,42.277588],[-83.738214,42.277589],[-83.738215,42.277589],[-83.738215,42.277589],[-83.738215,42.277589],[-83.738215,42.277589],[-83.738215,42.277589],[-83.738216,42.277589],[-83.738216,42.277589],[-83.738216,42.277589],[-83.738216,42.277589],[-83.738217,42.277589],[-83.738217,42.277589],[-83.738217,42.27759],[-83.738217,42.27759],[-83.738217,42.27759],[-83.738217,42.27759],[-83.738218,42.27759],[-83.738218,42.27759],[-83.738218,42.27759],[-83.738218,42.27759],[-83.738219,42.27759],[-83.73822,42.27759],[-83.738222,42.27759],[-83.738224,42.27759],[-83.738226,42.27759],[-83.738229,42.277589],[-83.73823,42.277588],[-83.738232,42.277587],[-83.738234,42.277586],[-83.738235,42.277584],[-83.738236,42.277582],[-83.738236,42.277581],[-83.738236,42.27758],[-83.738236,42.27758],[-83.738236,42.27758],[-83.738236,42.27758],[-83.738236,42.27758],[-83.738236,42.27758],[-83.738236,42.277579],[-83.738236,42.277579],[-83.738236,42.277579],[-83.738236,42.277579],[-83.738236,42.277579],[-83.738236,42.277578],[-83.738236,42.277578],[-83.738236,42.277578],[-83.738236,42.277578],[-83.738236,42.277578],[-83.738236,42.277578],[-83.738236,42.277577],[-83.738236,42.277577],[-83.738236,42.277577],[-83.738236,42.277577],[-83.738235,42.277577],[-83.738235,42.277577],[-83.738235,42.277576],[-83.738235,42.277576],[-83.738235,42.277576],[-83.738235,42.277576],[-83.738235,42.277576],[-83.738235,42.277576],[-83.738235,42.277575],[-83.738235,42.277575],[-83.738235,42.277575],[-83.738234,42.277575],[-83.738234,42.277575],[-83.738234,42.277575],[-83.738234,42.277574],[-83.738234,42.277574],[-83.738234,42.277574],[-83.738234,42.277574],[-83.738232,42.277573],[-83.738232,42.277573],[-83.738232,42.277573],[-83.73823,42.277571],[-83.738227,42.27757],[-83.738225,42.27757],[-83.738225,42.27757],[-83.738225,42.27757],[-83.738225,42.27757],[-83.738225,42.27757],[-83.738224,42.27757],[-83.738224,42.27757],[-83.738224,42.27757],[-83.738224,42.27757],[-83.738223,42.27757],[-83.738223,42.27757],[-83.738223,42.27757],[-83.738223,42.277569],[-83.738223,42.277569],[-83.738222,42.277569],[-83.738222,42.277569],[-83.738222,42.277569]]]},"properties":{"ObjectName":"Central Campus Flagpole"}},{"type":"Feature","geometry":{"type":"Polygon","coordinates":[[[-83.726442,42.280535],[-83.726442,42.28056],[-83.726467,42.28056],[-83.726467,42.280535],[-83.726442,42.280535]]]},"properties":{"ObjectName":"Burnham House Garage"}},{"type":"Feature","geometry":{"type":"Polygon","coordinates":[[[-83.706457,42.29115],[-83.706591,42.291245],[-83.706694,42.291165],[-83.706559,42.29107],[-83.706457,42.29115]]]},"properties":{"ObjectName":"North Campus Temporary Vehicle Storage"}},{"type":"Feature","geometry":{"type":"Polygon","coordinates":[[[-83.706941,42.291975],[-83.70701,42.291846],[-83.706995,42.291841],[-83.706611,42.291731],[-83.70662,42.291709],[-83.706524,42.291681],[-83.706448,42.291837],[-83.706595,42.291878],[-83.706941,42.291975]]]},"properties":{"ObjectName":"North Campus Temporary Salt Storage"}},{"type":"Feature","geometry":{"type":"Polygon","coordinates":[[[-83.714229,42.291431],[-83.714355,42.291431],[-83.714355,42.291404],[-83.714391,42.291404],[-83.71439,42.290804],[-83.714354,42.290804],[-83.714354,42.290777],[-83.714229,42.290777],[-83.714228,42.290805],[-83.714192,42.290804],[-83.714192,42.291404],[-83.714229,42.291404],[-83.714229,42.291431]]]},"properties":{"ObjectName":"Lurie Reflecting Pool"}},{"type":"Feature","geometry":{"type":"Polygon","coordinates":[[[-83.746788,42.260714],[-83.746789,42.260703],[-83.746789,42.260692],[-83.746752,42.260692],[-83.746751,42.260714],[-83.746781,42.260714],[-83.746788,42.260714]]]},"properties":{"ObjectName":"Golf Course maintenance pesticide storage"}},{"type":"Feature","geometry":{"type":"Polygon","coordinates":[[[-83.746693,42.260713],[-83.746734,42.260714],[-83.746735,42.260698],[-83.746693,42.260697],[-83.746693,42.260713]]]},"properties":{"ObjectName":"Golf Course maintenance fuel storage"}},{"type":"Feature","geometry":{"type":"Polygon","coordinates":[[[-83.746528,42.260334],[-83.746527,42.260346],[-83.746594,42.26035],[-83.746594,42.26035],[-83.746601,42.2603],[-83.746532,42.260295],[-83.746528,42.260334]]]},"properties":{"ObjectName":"Golf Course maintenance mixing shed"}},{"type":"Feature","geometry":{"type":"Polygon","coordinates":[[[-83.708947,42.300953],[-83.708947,42.300966],[-83.708946,42.300983],[-83.708946,42.30099],[-83.708947,42.30099],[-83.708947,42.300993],[-83.709012,42.300992],[-83.709013,42.300952],[-83.708947,42.300953]]]},"properties":{"ObjectName":"Child Care Center Storage Structure 1"}},{"type":"Feature","geometry":{"type":"Polygon","coordinates":[[[-83.708934,42.301857],[-83.708934,42.301873],[-83.708953,42.301873],[-83.708953,42.301857],[-83.708934,42.301857]]]},"properties":{"ObjectName":"Child Care Center Storage Structure 3"}},{"type":"Feature","geometry":{"type":"Polygon","coordinates":[[[-83.663647,42.280998],[-83.663802,42.281017],[-83.663816,42.280956],[-83.663661,42.280937],[-83.663647,42.280998]]]},"properties":{"ObjectName":"Radrick Farms Polebarn #1"}},{"type":"Feature","geometry":{"type":"Polygon","coordinates":[[[-83.663821,42.281016],[-83.66388,42.281023],[-83.66389,42.280981],[-83.663831,42.280973],[-83.663821,42.281016]]]},"properties":{"ObjectName":"Radrick Farms Polebarn #2"}},{"type":"Feature","geometry":{"type":"Polygon","coordinates":[[[-83.736416,42.274257],[-83.736388,42.274257],[-83.736388,42.274278],[-83.73644,42.274278],[-83.736439,42.274257],[-83.736424,42.274257],[-83.736424,42.274257],[-83.736416,42.274257],[-83.736416,42.274257]]]},"properties":{"ObjectName":"Grounds Services Storage Shed"}},{"type":"Feature","geometry":{"type":"Polygon","coordinates":[[[-83.736892,42.288244],[-83.736895,42.288245],[-83.736906,42.288248],[-83.736906,42.288247],[-83.736907,42.288247],[-83.736912,42.288241],[-83.736808,42.288213],[-83.736804,42.288221],[-83.736825,42.288226],[-83.736841,42.28823],[-83.73685,42.288233],[-83.73685,42.288233],[-83.736892,42.288244]]]},"properties":{"ObjectName":"Water Fountain Wall Street"}},{"type":"Feature","geometry":{"type":"Polygon","coordinates":[[[-83.747761,42.267402],[-83.74776,42.267404],[-83.74778,42.267411],[-83.747782,42.267408],[-83.747785,42.267403],[-83.74778,42.267401],[-83.747787,42.267389],[-83.747791,42.267391],[-83.747796,42.267383],[-83.74778,42.267378],[-83.747762,42.267385],[-83.747757,42.267371],[-83.747741,42.267366],[-83.747737,42.267374],[-83.747741,42.267375],[-83.747734,42.267387],[-83.74773,42.267386],[-83.747726,42.267394],[-83.747746,42.2674],[-83.747751,42.267392],[-83.747746,42.267391],[-83.747751,42.267383],[-83.747756,42.267397],[-83.747773,42.26739],[-83.747769,42.267398],[-83.747764,42.267396],[-83.747761,42.267402]]]},"properties":{"ObjectName":"Granite Block M"}},{"type":"Feature","geometry":{"type":"Polygon","coordinates":[[[-83.730208,42.285515],[-83.730209,42.285558],[-83.730199,42.285559],[-83.7302,42.285578],[-83.730253,42.285578],[-83.730252,42.285563],[-83.730252,42.28556],[-83.730253,42.285557],[-83.730255,42.285555],[-83.730257,42.285553],[-83.730259,42.285551],[-83.730262,42.285549],[-83.730268,42.285547],[-83.730275,42.285547],[-83.730281,42.285547],[-83.730282,42.285562],[-83.730328,42.285561],[-83.730328,42.285547],[-83.730333,42.285547],[-83.730338,42.285552],[-83.730345,42.285557],[-83.730352,42.28556],[-83.73036,42.285563],[-83.730369,42.285564],[-83.730377,42.285565],[-83.730386,42.285565],[-83.730396,42.285564],[-83.730405,42.285561],[-83.730414,42.285558],[-83.730422,42.285553],[-83.730428,42.285548],[-83.730434,42.285541],[-83.730437,42.285535],[-83.73044,42.285528],[-83.73044,42.28552],[-83.73044,42.285513],[-83.730437,42.285506],[-83.730433,42.285499],[-83.730427,42.285493],[-83.73042,42.285488],[-83.730413,42.285483],[-83.730404,42.28548],[-83.730394,42.285477],[-83.730385,42.285476],[-83.730319,42.285478],[-83.730308,42.285477],[-83.730298,42.285475],[-83.730289,42.285472],[-83.73028,42.285467],[-83.730273,42.285462],[-83.730264,42.285455],[-83.730258,42.285447],[-83.730253,42.285438],[-83.73025,42.285431],[-83.730249,42.285429],[-83.730214,42.28543],[-83.730206,42.28543],[-83.730206,42.285431],[-83.730207,42.285481],[-83.730207,42.285498],[-83.730208,42.285515]]]},"properties":{"ObjectName":"UMH Helipad "}},{"type":"Feature","geometry":{"type":"Polygon","coordinates":[[[-83.699333,42.30108],[-83.699385,42.301107],[-83.69943,42.301061],[-83.699378,42.301034],[-83.699333,42.30108]]]},"properties":{"ObjectName":"Mobility Transformation Pavilion"}},{"type":"Feature","geometry":{"type":"Polygon","coordinates":[[[-83.665573,42.299109],[-83.665921,42.299164],[-83.665941,42.299094],[-83.665594,42.299038],[-83.665573,42.299109]]]},"properties":{"ObjectName":"Matthaei Botanical Garden Hoop House 2"}},{"type":"Feature","geometry":{"type":"Polygon","coordinates":[[[-83.665584,42.298848],[-83.665615,42.298851],[-83.665628,42.298781],[-83.665596,42.298778],[-83.665584,42.298848]]]},"properties":{"ObjectName":"Matthaei Botanical Garden Support Structure "}},{"type":"Feature","geometry":{"type":"Polygon","coordinates":[[[-83.665528,42.299254],[-83.665875,42.29931],[-83.665896,42.29924],[-83.665548,42.299184],[-83.665528,42.299254]]]},"properties":{"ObjectName":"Matthaei Botanical Garden Hoop House 3"}},{"type":"Feature","geometry":{"type":"Polygon","coordinates":[[[-83.665482,42.299406],[-83.66583,42.299462],[-83.66585,42.299391],[-83.665503,42.299336],[-83.665482,42.299406]]]},"properties":{"ObjectName":"Matthaei Botanical Garden Hoop House 4"}},{"type":"Feature","geometry":{"type":"Polygon","coordinates":[[[-83.6578,42.281453],[-83.657855,42.281486],[-83.657855,42.281486],[-83.65789,42.281455],[-83.657835,42.281421],[-83.657834,42.281422],[-83.6578,42.281453]]]},"properties":{"ObjectName":"Radrick Farms Storage "}},{"type":"Feature","geometry":{"type":"Polygon","coordinates":[[[-83.738214,42.279259],[-83.738216,42.279341],[-83.738289,42.279341],[-83.738288,42.279258],[-83.738214,42.279259]]]},"properties":{"ObjectName":"Cooley Thos S Memorial Fountain"}},{"type":"Feature","geometry":{"type":"Polygon","coordinates":[[[-83.725049,42.285798],[-83.72511,42.285807],[-83.725125,42.285752],[-83.725063,42.285743],[-83.725049,42.285798]]]},"properties":{"ObjectName":"Mitchell Field Storage Shed "}},{"type":"Feature","geometry":{"type":"Polygon","coordinates":[[[-83.732007,42.283335],[-83.732007,42.283335],[-83.732005,42.283335],[-83.732004,42.283335],[-83.732003,42.283336],[-83.732002,42.283337],[-83.732002,42.283337],[-83.732001,42.283337],[-83.732001,42.283338],[-83.732001,42.283339],[-83.732001,42.283339],[-83.732,42.28334],[-83.732001,42.283341],[-83.732001,42.283341],[-83.732001,42.283342],[-83.732001,42.283343],[-83.732002,42.283344],[-83.732003,42.283344],[-83.732004,42.283345],[-83.732004,42.283345],[-83.732005,42.283345],[-83.732006,42.283345],[-83.732007,42.283345],[-83.732008,42.283346],[-83.732009,42.283345],[-83.73201,42.283345],[-83.732011,42.283345],[-83.732012,42.283345],[-83.732013,42.283344],[-83.732013,42.283344],[-83.732014,42.283343],[-83.732014,42.283343],[-83.732015,42.283342],[-83.732015,42.283342],[-83.732015,42.283341],[-83.732015,42.28334],[-83.732015,42.283339],[-83.732015,42.283338],[-83.732014,42.283337],[-83.732014,42.283337],[-83.732014,42.283337],[-83.732013,42.283336],[-83.732012,42.283336],[-83.732012,42.283335],[-83.73201,42.283335],[-83.73201,42.283335],[-83.732009,42.283335],[-83.732008,42.283335],[-83.732007,42.283335]]]},"properties":{"ObjectName":"K-2"}},{"type":"Feature","geometry":{"type":"Polygon","coordinates":[[[-83.73355,42.283304],[-83.733549,42.283305],[-83.733549,42.283306],[-83.733548,42.283307],[-83.733548,42.283308],[-83.733548,42.283309],[-83.733549,42.283309],[-83.733549,42.28331],[-83.73355,42.283311],[-83.73355,42.283311],[-83.733551,42.283312],[-83.733552,42.283312],[-83.733553,42.283313],[-83.733554,42.283313],[-83.733555,42.283313],[-83.733557,42.283313],[-83.733558,42.283313],[-83.733559,42.283312],[-83.73356,42.283312],[-83.733561,42.283311],[-83.733562,42.28331],[-83.733562,42.28331],[-83.733563,42.283309],[-83.733563,42.283308],[-83.733563,42.283307],[-83.733562,42.283306],[-83.733562,42.283305],[-83.733561,42.283304],[-83.73356,42.283303],[-83.733559,42.283303],[-83.733558,42.283303],[-83.733557,42.283302],[-83.733556,42.283302],[-83.733554,42.283302],[-83.733554,42.283302],[-83.733553,42.283302],[-83.733552,42.283303],[-83.733551,42.283303],[-83.73355,42.283304],[-83.73355,42.283304]]]},"properties":{"ObjectName":"K-1"}},{"type":"Feature","geometry":{"type":"Polygon","coordinates":[[[-83.735737,42.277979],[-83.735736,42.277979],[-83.735735,42.277979],[-83.735734,42.27798],[-83.735733,42.27798],[-83.735732,42.277981],[-83.735731,42.277982],[-83.73573,42.277983],[-83.73573,42.277984],[-83.73573,42.277984],[-83.73573,42.277985],[-83.73573,42.277985],[-83.73573,42.277986],[-83.735731,42.277987],[-83.735732,42.277988],[-83.735732,42.277989],[-83.735733,42.277989],[-83.735734,42.277989],[-83.735735,42.27799],[-83.735736,42.27799],[-83.735737,42.27799],[-83.735739,42.27799],[-83.73574,42.27799],[-83.735741,42.277989],[-83.735742,42.277989],[-83.735742,42.277988],[-83.735743,42.277988],[-83.735744,42.277987],[-83.735744,42.277986],[-83.735745,42.277986],[-83.735745,42.277985],[-83.735745,42.277984],[-83.735744,42.277983],[-83.735744,42.277982],[-83.735743,42.277981],[-83.735743,42.277981],[-83.735742,42.27798],[-83.735741,42.27798],[-83.73574,42.277979],[-83.735739,42.277979],[-83.735737,42.277979],[-83.735737,42.277979]]]},"properties":{"ObjectName":"K-9"}},{"type":"Feature","geometry":{"type":"Polygon","coordinates":[[[-83.73224,42.278936],[-83.732241,42.278936],[-83.732242,42.278936],[-83.732243,42.278936],[-83.732244,42.278935],[-83.732245,42.278934],[-83.732245,42.278934],[-83.732246,42.278933],[-83.732246,42.278932],[-83.732246,42.278931],[-83.732246,42.27893],[-83.732246,42.278929],[-83.732245,42.278928],[-83.732245,42.278928],[-83.732244,42.278927],[-83.732243,42.278926],[-83.732242,42.278926],[-83.732241,42.278926],[-83.732241,42.278926],[-83.73224,42.278926],[-83.732239,42.278926],[-83.732238,42.278926],[-83.732237,42.278927],[-83.732236,42.278927],[-83.732236,42.278928],[-83.732236,42.278929],[-83.732235,42.27893],[-83.732235,42.278931],[-83.732235,42.278932],[-83.732235,42.278933],[-83.732236,42.278934],[-83.732236,42.278934],[-83.732237,42.278935],[-83.732238,42.278935],[-83.732239,42.278936],[-83.73224,42.278936],[-83.73224,42.278936]]]},"properties":{"ObjectName":"K-8"}},{"type":"Feature","geometry":{"type":"Polygon","coordinates":[[[-83.738658,42.279602],[-83.738656,42.279602],[-83.738655,42.279602],[-83.738654,42.279603],[-83.738653,42.279603],[-83.738653,42.279604],[-83.738652,42.279605],[-83.738652,42.279606],[-83.738652,42.279607],[-83.738652,42.279608],[-83.738652,42.279609],[-83.738653,42.27961],[-83.738653,42.27961],[-83.738654,42.279611],[-83.738655,42.279612],[-83.738656,42.279612],[-83.738658,42.279612],[-83.738659,42.279612],[-83.73866,42.279612],[-83.738661,42.279612],[-83.738663,42.279612],[-83.738664,42.279611],[-83.738665,42.27961],[-83.738665,42.27961],[-83.738666,42.279609],[-83.738666,42.279608],[-83.738666,42.279607],[-83.738666,42.279606],[-83.738666,42.279605],[-83.738665,42.279604],[-83.738665,42.279603],[-83.738664,42.279603],[-83.738663,42.279602],[-83.738662,42.279602],[-83.73866,42.279602],[-83.738659,42.279601],[-83.738658,42.279602]]]},"properties":{"ObjectName":"K-6"}},{"type":"Feature","geometry":{"type":"Polygon","coordinates":[[[-83.736966,42.280321],[-83.736964,42.280321],[-83.736963,42.280321],[-83.736962,42.280322],[-83.736961,42.280323],[-83.736961,42.280323],[-83.73696,42.280324],[-83.73696,42.280325],[-83.73696,42.280326],[-83.73696,42.280327],[-83.73696,42.280328],[-83.736961,42.280329],[-83.736961,42.28033],[-83.736962,42.28033],[-83.736963,42.280331],[-83.736964,42.280331],[-83.736966,42.280331],[-83.736967,42.280332],[-83.736968,42.280332],[-83.736969,42.280331],[-83.736971,42.280331],[-83.736972,42.28033],[-83.736973,42.28033],[-83.736973,42.280329],[-83.736974,42.280328],[-83.736974,42.280327],[-83.736974,42.280326],[-83.736974,42.280325],[-83.736974,42.280324],[-83.736973,42.280323],[-83.736973,42.280323],[-83.736972,42.280322],[-83.736971,42.280321],[-83.73697,42.280321],[-83.736968,42.280321],[-83.736967,42.280321],[-83.736966,42.280321]]]},"properties":{"ObjectName":"K-5"}},{"type":"Feature","geometry":{"type":"Polygon","coordinates":[[[-83.730724,42.281503],[-83.730723,42.281503],[-83.730722,42.281504],[-83.73072,42.281504],[-83.73072,42.281505],[-83.730719,42.281506],[-83.730718,42.281507],[-83.730718,42.281507],[-83.730718,42.281508],[-83.730718,42.281509],[-83.730718,42.28151],[-83.730719,42.281511],[-83.730719,42.281512],[-83.73072,42.281513],[-83.730721,42.281513],[-83.730723,42.281514],[-83.730724,42.281514],[-83.730725,42.281514],[-83.730726,42.281514],[-83.730728,42.281514],[-83.730729,42.281513],[-83.73073,42.281513],[-83.730731,42.281512],[-83.730732,42.281511],[-83.730732,42.28151],[-83.730732,42.281509],[-83.730733,42.281508],[-83.730732,42.281508],[-83.730732,42.281507],[-83.730732,42.281506],[-83.730731,42.281505],[-83.73073,42.281504],[-83.730729,42.281504],[-83.730728,42.281503],[-83.730727,42.281503],[-83.730725,42.281503],[-83.730724,42.281503]]]},"properties":{"ObjectName":"K-3"}},{"type":"Feature","geometry":{"type":"Polygon","coordinates":[[[-83.729376,42.281558],[-83.729375,42.281558],[-83.729373,42.281559],[-83.729372,42.281559],[-83.729371,42.28156],[-83.729371,42.281561],[-83.72937,42.281562],[-83.72937,42.281562],[-83.72937,42.281563],[-83.72937,42.281564],[-83.72937,42.281565],[-83.729371,42.281566],[-83.729371,42.281567],[-83.729372,42.281568],[-83.729373,42.281568],[-83.729375,42.281569],[-83.729376,42.281569],[-83.729377,42.281569],[-83.729378,42.281569],[-83.72938,42.281569],[-83.729381,42.281568],[-83.729382,42.281568],[-83.729383,42.281567],[-83.729383,42.281566],[-83.729384,42.281565],[-83.729384,42.281564],[-83.729385,42.281564],[-83.729384,42.281563],[-83.729384,42.281562],[-83.729384,42.281561],[-83.729383,42.28156],[-83.729382,42.281559],[-83.729381,42.281559],[-83.72938,42.281558],[-83.729378,42.281558],[-83.729377,42.281558],[-83.729376,42.281558]]]},"properties":{"ObjectName":"K-4"}},{"type":"Feature","geometry":{"type":"Polygon","coordinates":[[[-83.737055,42.273912],[-83.737054,42.273912],[-83.737053,42.273913],[-83.737052,42.273913],[-83.737051,42.273914],[-83.73705,42.273915],[-83.737049,42.273915],[-83.737049,42.273916],[-83.737049,42.273917],[-83.737049,42.273918],[-83.737049,42.273919],[-83.73705,42.27392],[-83.73705,42.27392],[-83.737051,42.273921],[-83.737052,42.273922],[-83.737053,42.273922],[-83.737054,42.273923],[-83.737055,42.273923],[-83.737056,42.273923],[-83.737058,42.273923],[-83.737059,42.273923],[-83.73706,42.273922],[-83.737061,42.273922],[-83.737062,42.273921],[-83.737063,42.27392],[-83.737063,42.273919],[-83.737064,42.273918],[-83.737064,42.273917],[-83.737064,42.273916],[-83.737063,42.273916],[-83.737063,42.273915],[-83.737062,42.273914],[-83.737061,42.273913],[-83.73706,42.273913],[-83.737059,42.273912],[-83.737058,42.273912],[-83.737056,42.273912],[-83.737055,42.273912]]]},"properties":{"ObjectName":"K-20"}},{"type":"Feature","geometry":{"type":"Polygon","coordinates":[[[-83.735614,42.273527],[-83.735612,42.273527],[-83.735611,42.273528],[-83.73561,42.273528],[-83.735609,42.273529],[-83.735608,42.27353],[-83.735608,42.27353],[-83.735608,42.273531],[-83.735607,42.273532],[-83.735608,42.273533],[-83.735608,42.273534],[-83.735608,42.273535],[-83.735609,42.273536],[-83.73561,42.273536],[-83.735611,42.273537],[-83.735612,42.273537],[-83.735614,42.273538],[-83.735615,42.273538],[-83.735616,42.273538],[-83.735617,42.273537],[-83.735618,42.273537],[-83.73562,42.273537],[-83.73562,42.273536],[-83.735621,42.273535],[-83.735622,42.273534],[-83.735622,42.273533],[-83.735622,42.273532],[-83.735622,42.273531],[-83.735622,42.27353],[-83.735621,42.27353],[-83.735621,42.273529],[-83.73562,42.273528],[-83.735619,42.273528],[-83.735617,42.273527],[-83.735616,42.273527],[-83.735615,42.273527],[-83.735614,42.273527]]]},"properties":{"ObjectName":"K-21"}},{"type":"Feature","geometry":{"type":"Polygon","coordinates":[[[-83.73946,42.275059],[-83.73946,42.275059],[-83.739458,42.275059],[-83.739457,42.27506],[-83.739456,42.27506],[-83.739456,42.27506],[-83.739455,42.275061],[-83.739454,42.275062],[-83.739454,42.275062],[-83.739454,42.275063],[-83.739453,42.275064],[-83.739454,42.275065],[-83.739454,42.275066],[-83.739454,42.275066],[-83.739454,42.275067],[-83.739455,42.275068],[-83.739456,42.275069],[-83.739457,42.275069],[-83.739458,42.27507],[-83.739459,42.27507],[-83.73946,42.27507],[-83.739461,42.27507],[-83.739461,42.27507],[-83.739462,42.27507],[-83.739463,42.27507],[-83.739464,42.275069],[-83.739466,42.275069],[-83.739466,42.275068],[-83.739467,42.275067],[-83.739468,42.275066],[-83.739468,42.275065],[-83.739468,42.275064],[-83.739468,42.275063],[-83.739468,42.275063],[-83.739467,42.275062],[-83.739467,42.275061],[-83.739466,42.27506],[-83.739465,42.27506],[-83.739463,42.275059],[-83.739462,42.275059],[-83.739461,42.275059],[-83.739461,42.275059],[-83.73946,42.275059]]]},"properties":{"ObjectName":"K-19"}},{"type":"Feature","geometry":{"type":"Polygon","coordinates":[[[-83.736038,42.275345],[-83.736037,42.275345],[-83.736036,42.275346],[-83.736034,42.275346],[-83.736034,42.275347],[-83.736033,42.275348],[-83.736032,42.275349],[-83.736032,42.27535],[-83.736032,42.27535],[-83.736032,42.275351],[-83.736032,42.275352],[-83.736033,42.275353],[-83.736033,42.275354],[-83.736034,42.275355],[-83.736035,42.275355],[-83.736037,42.275356],[-83.736038,42.275356],[-83.736039,42.275356],[-83.73604,42.275356],[-83.736042,42.275356],[-83.736043,42.275355],[-83.736044,42.275355],[-83.736045,42.275354],[-83.736046,42.275353],[-83.736046,42.275352],[-83.736046,42.275352],[-83.736047,42.275351],[-83.736046,42.27535],[-83.736046,42.275349],[-83.736046,42.275348],[-83.736045,42.275347],[-83.736044,42.275346],[-83.736043,42.275346],[-83.736042,42.275345],[-83.736041,42.275345],[-83.736039,42.275345],[-83.736038,42.275345]]]},"properties":{"ObjectName":"K-18"}},{"type":"Feature","geometry":{"type":"Polygon","coordinates":[[[-83.74086,42.275601],[-83.740859,42.275601],[-83.740858,42.275601],[-83.740857,42.275602],[-83.740856,42.275603],[-83.740855,42.275603],[-83.740854,42.275604],[-83.740854,42.275605],[-83.740854,42.275606],[-83.740854,42.275607],[-83.740854,42.275608],[-83.740855,42.275609],[-83.740856,42.27561],[-83.740856,42.27561],[-83.740858,42.275611],[-83.740859,42.275611],[-83.74086,42.275611],[-83.740861,42.275612],[-83.740863,42.275612],[-83.740864,42.275611],[-83.740865,42.275611],[-83.740866,42.27561],[-83.740867,42.27561],[-83.740868,42.275609],[-83.740868,42.275608],[-83.740869,42.275607],[-83.740869,42.275606],[-83.740869,42.275605],[-83.740868,42.275604],[-83.740868,42.275603],[-83.740867,42.275603],[-83.740866,42.275602],[-83.740865,42.275601],[-83.740864,42.275601],[-83.740863,42.275601],[-83.740861,42.275601],[-83.74086,42.275601]]]},"properties":{"ObjectName":"K-16"}},{"type":"Feature","geometry":{"type":"Polygon","coordinates":[[[-83.73696,42.276097],[-83.736959,42.276097],[-83.736959,42.276097],[-83.736959,42.276097],[-83.736958,42.276097],[-83.736957,42.276097],[-83.736956,42.276098],[-83.736956,42.276098],[-83.736956,42.276098],[-83.736955,42.276099],[-83.736955,42.276099],[-83.736954,42.2761],[-83.736954,42.276101],[-83.736954,42.276102],[-83.736954,42.276102],[-83.736954,42.276103],[-83.736954,42.276103],[-83.736954,42.276104],[-83.736954,42.276104],[-83.736955,42.276105],[-83.736955,42.276105],[-83.736955,42.276106],[-83.736955,42.276106],[-83.736956,42.276106],[-83.736956,42.276106],[-83.736957,42.276107],[-83.736957,42.276107],[-83.736958,42.276107],[-83.736958,42.276107],[-83.73696,42.276108],[-83.736961,42.276108],[-83.736962,42.276108],[-83.736962,42.276108],[-83.736962,42.276108],[-83.736963,42.276107],[-83.736963,42.276107],[-83.736964,42.276107],[-83.736965,42.276107],[-83.736965,42.276107],[-83.736966,42.276106],[-83.736966,42.276106],[-83.736966,42.276106],[-83.736966,42.276106],[-83.736967,42.276106],[-83.736967,42.276105],[-83.736967,42.276105],[-83.736967,42.276105],[-83.736968,42.276104],[-83.736968,42.276104],[-83.736968,42.276103],[-83.736968,42.276102],[-83.736968,42.276102],[-83.736968,42.276101],[-83.736968,42.2761],[-83.736968,42.2761],[-83.736967,42.276099],[-83.736967,42.276099],[-83.736966,42.276098],[-83.736965,42.276097],[-83.736964,42.276097],[-83.736963,42.276097],[-83.736963,42.276097],[-83.736963,42.276097],[-83.736962,42.276097],[-83.736961,42.276097],[-83.736961,42.276097],[-83.736961,42.276097],[-83.73696,42.276097]]]},"properties":{"ObjectName":"K-15"}},{"type":"Feature","geometry":{"type":"Polygon","coordinates":[[[-83.742102,42.276387],[-83.742099,42.276388],[-83.742097,42.27639],[-83.742096,42.276392],[-83.742097,42.276393],[-83.742098,42.276395],[-83.742099,42.276397],[-83.742102,42.276397],[-83.742104,42.276397],[-83.742105,42.276397],[-83.742108,42.276396],[-83.74211,42.276394],[-83.742111,42.276392],[-83.742111,42.276392],[-83.74211,42.27639],[-83.742109,42.276388],[-83.742107,42.276387],[-83.742104,42.276387],[-83.742102,42.276387]]]},"properties":{"ObjectName":"K-14"}},{"type":"Feature","geometry":{"type":"Polygon","coordinates":[[[-83.735552,42.276698],[-83.735551,42.276698],[-83.73555,42.276699],[-83.735549,42.276699],[-83.735548,42.2767],[-83.735547,42.276701],[-83.735547,42.276702],[-83.735546,42.276702],[-83.735546,42.276703],[-83.735546,42.276704],[-83.735546,42.276705],[-83.735547,42.276706],[-83.735548,42.276707],[-83.735549,42.276708],[-83.73555,42.276708],[-83.735551,42.276709],[-83.735552,42.276709],[-83.735553,42.276709],[-83.735555,42.276709],[-83.735556,42.276709],[-83.735557,42.276708],[-83.735558,42.276708],[-83.735559,42.276707],[-83.73556,42.276706],[-83.73556,42.276705],[-83.735561,42.276704],[-83.735561,42.276703],[-83.735561,42.276703],[-83.73556,42.276702],[-83.73556,42.276701],[-83.735559,42.2767],[-83.735558,42.276699],[-83.735557,42.276699],[-83.735556,42.276698],[-83.735555,42.276698],[-83.735553,42.276698],[-83.735552,42.276698]]]},"properties":{"ObjectName":"K-13"}},{"type":"Feature","geometry":{"type":"Polygon","coordinates":[[[-83.737304,42.277516],[-83.737303,42.277516],[-83.737301,42.277517],[-83.7373,42.277517],[-83.7373,42.277518],[-83.737299,42.277519],[-83.737298,42.27752],[-83.737298,42.27752],[-83.737298,42.277521],[-83.737298,42.277522],[-83.737298,42.277523],[-83.737299,42.277524],[-83.737299,42.277525],[-83.7373,42.277526],[-83.737301,42.277526],[-83.737303,42.277527],[-83.737304,42.277527],[-83.737305,42.277527],[-83.737306,42.277527],[-83.737308,42.277527],[-83.737309,42.277526],[-83.73731,42.277526],[-83.737311,42.277525],[-83.737312,42.277524],[-83.737312,42.277523],[-83.737312,42.277522],[-83.737313,42.277522],[-83.737312,42.277521],[-83.737312,42.27752],[-83.737312,42.277519],[-83.737311,42.277518],[-83.73731,42.277517],[-83.737309,42.277517],[-83.737308,42.277516],[-83.737306,42.277516],[-83.737305,42.277516],[-83.737304,42.277516]]]},"properties":{"ObjectName":"K-11"}},{"type":"Feature","geometry":{"type":"Polygon","coordinates":[[[-83.739209,42.277749],[-83.739207,42.27775],[-83.739206,42.27775],[-83.739205,42.277751],[-83.739204,42.277751],[-83.739203,42.277752],[-83.739203,42.277753],[-83.739202,42.277754],[-83.739202,42.277755],[-83.739202,42.277756],[-83.739203,42.277757],[-83.739203,42.277758],[-83.739204,42.277758],[-83.739204,42.277758],[-83.739205,42.277759],[-83.739206,42.27776],[-83.739207,42.27776],[-83.739208,42.27776],[-83.73921,42.27776],[-83.739211,42.27776],[-83.739212,42.27776],[-83.739213,42.27776],[-83.739214,42.277759],[-83.739214,42.277759],[-83.739215,42.277758],[-83.739216,42.277758],[-83.739217,42.277757],[-83.739217,42.277756],[-83.739217,42.277755],[-83.739217,42.277754],[-83.739217,42.277753],[-83.739216,42.277752],[-83.739215,42.277751],[-83.739215,42.277751],[-83.739214,42.27775],[-83.739214,42.27775],[-83.739212,42.27775],[-83.739211,42.277749],[-83.73921,42.277749],[-83.739209,42.277749]]]},"properties":{"ObjectName":"K-10"}},{"type":"Feature","geometry":{"type":"Polygon","coordinates":[[[-83.741642,42.274084],[-83.741642,42.274084],[-83.741641,42.274083],[-83.741639,42.274083],[-83.741638,42.274083],[-83.741637,42.274083],[-83.741636,42.274083],[-83.741634,42.274084],[-83.741633,42.274084],[-83.741632,42.274085],[-83.741632,42.274086],[-83.741631,42.274087],[-83.741631,42.274087],[-83.741631,42.274088],[-83.741631,42.274089],[-83.741631,42.27409],[-83.741632,42.274091],[-83.741632,42.274092],[-83.741633,42.274093],[-83.741634,42.274093],[-83.741635,42.274094],[-83.741637,42.274094],[-83.741638,42.274094],[-83.741639,42.274094],[-83.741641,42.274094],[-83.741642,42.274093],[-83.741642,42.274093],[-83.741643,42.274093],[-83.741644,42.274092],[-83.741644,42.274091],[-83.741645,42.27409],[-83.741645,42.274089],[-83.741645,42.274088],[-83.741645,42.274088],[-83.741645,42.274087],[-83.741644,42.274086],[-83.741644,42.274085],[-83.741643,42.274084],[-83.741642,42.274084]]]},"properties":{"ObjectName":"K-25"}},{"type":"Feature","geometry":{"type":"Polygon","coordinates":[[[-83.736097,42.277429],[-83.736097,42.277429],[-83.736096,42.277429],[-83.736095,42.27743],[-83.736095,42.27743],[-83.736094,42.277431],[-83.736094,42.277431],[-83.736094,42.277432],[-83.736093,42.277432],[-83.736094,42.277433],[-83.736094,42.277433],[-83.736094,42.277434],[-83.736094,42.277434],[-83.736095,42.277435],[-83.736096,42.277435],[-83.736096,42.277435],[-83.736097,42.277436],[-83.736098,42.277436],[-83.736099,42.277436],[-83.7361,42.277436],[-83.7361,42.277435],[-83.736101,42.277435],[-83.736102,42.277434],[-83.736102,42.277434],[-83.736102,42.277433],[-83.736103,42.277433],[-83.736103,42.277432],[-83.736103,42.277432],[-83.736102,42.277431],[-83.736102,42.277431],[-83.736102,42.27743],[-83.736101,42.27743],[-83.7361,42.277429],[-83.7361,42.277429],[-83.736099,42.277429],[-83.736098,42.277429],[-83.736097,42.277429]]]},"properties":{"ObjectName":"K-12"}},{"type":"Feature","geometry":{"type":"Polygon","coordinates":[[[-83.712672,42.293475],[-83.712672,42.293475],[-83.712671,42.293475],[-83.712669,42.293475],[-83.712668,42.293476],[-83.712667,42.293476],[-83.712667,42.293477],[-83.712666,42.293478],[-83.712666,42.293479],[-83.712666,42.29348],[-83.712666,42.293481],[-83.712666,42.293482],[-83.712667,42.293483],[-83.712667,42.293483],[-83.712668,42.293484],[-83.712669,42.293485],[-83.71267,42.293485],[-83.712672,42.293485],[-83.712673,42.293485],[-83.712674,42.293485],[-83.712676,42.293485],[-83.712677,42.293485],[-83.712677,42.293484],[-83.712678,42.293484],[-83.712679,42.293484],[-83.712679,42.293483],[-83.71268,42.293482],[-83.71268,42.293481],[-83.71268,42.29348],[-83.71268,42.29348],[-83.71268,42.293479],[-83.71268,42.293478],[-83.71268,42.293477],[-83.712679,42.293476],[-83.712678,42.293476],[-83.712678,42.293476],[-83.712677,42.293475],[-83.712676,42.293475],[-83.712674,42.293475],[-83.712673,42.293474],[-83.712672,42.293475]]]},"properties":{"ObjectName":"K-22"}},{"type":"Feature","geometry":{"type":"Polygon","coordinates":[[[-83.738569,42.279199],[-83.738568,42.2792],[-83.738567,42.2792],[-83.738566,42.279201],[-83.738565,42.279201],[-83.738564,42.279202],[-83.738564,42.279203],[-83.738563,42.279204],[-83.738563,42.279205],[-83.738563,42.279206],[-83.738564,42.279207],[-83.738564,42.279208],[-83.738565,42.279208],[-83.738566,42.279209],[-83.738567,42.27921],[-83.738568,42.27921],[-83.738569,42.27921],[-83.738571,42.27921],[-83.738572,42.27921],[-83.738573,42.27921],[-83.738574,42.27921],[-83.738575,42.279209],[-83.738576,42.279208],[-83.738577,42.279208],[-83.738578,42.279207],[-83.738578,42.279206],[-83.738578,42.279205],[-83.738578,42.279204],[-83.738578,42.279203],[-83.738577,42.279202],[-83.738576,42.279201],[-83.738575,42.279201],[-83.738574,42.2792],[-83.738573,42.2792],[-83.738572,42.279199],[-83.738571,42.279199],[-83.738569,42.279199]]]},"properties":{"ObjectName":null}},{"type":"Feature","geometry":{"type":"Polygon","coordinates":[[[-83.734828,42.283305],[-83.734827,42.283305],[-83.734826,42.283306],[-83.734825,42.283306],[-83.734824,42.283307],[-83.734823,42.283308],[-83.734823,42.283308],[-83.734822,42.28331],[-83.734822,42.283312],[-83.734822,42.283312],[-83.734823,42.283313],[-83.734824,42.283314],[-83.734825,42.283315],[-83.734826,42.283315],[-83.734827,42.283315],[-83.734828,42.283316],[-83.734829,42.283316],[-83.734831,42.283316],[-83.734832,42.283315],[-83.734833,42.283315],[-83.734834,42.283315],[-83.734834,42.283315],[-83.734835,42.283314],[-83.734836,42.283313],[-83.734836,42.283312],[-83.734837,42.283311],[-83.734837,42.283311],[-83.734837,42.28331],[-83.734837,42.283309],[-83.734836,42.283308],[-83.734836,42.283308],[-83.734835,42.283307],[-83.734835,42.283306],[-83.734834,42.283306],[-83.734833,42.283306],[-83.734832,42.283305],[-83.734831,42.283305],[-83.734829,42.283305],[-83.734828,42.283305]]]},"properties":{"ObjectName":"K-23"}},{"type":"Feature","geometry":{"type":"Polygon","coordinates":[[[-83.736878,42.277068],[-83.736878,42.277068],[-83.736875,42.277069],[-83.736875,42.277069],[-83.736874,42.27707],[-83.736873,42.27707],[-83.736873,42.277071],[-83.736872,42.277072],[-83.736872,42.277073],[-83.736872,42.277075],[-83.736873,42.277075],[-83.736873,42.277076],[-83.736874,42.277076],[-83.736874,42.277077],[-83.736875,42.277077],[-83.736875,42.277078],[-83.736876,42.277078],[-83.736877,42.277078],[-83.736878,42.277078],[-83.736878,42.277079],[-83.73688,42.277079],[-83.736881,42.277079],[-83.736882,42.277078],[-83.736883,42.277078],[-83.736884,42.277078],[-83.736884,42.277077],[-83.736885,42.277077],[-83.736886,42.277076],[-83.736886,42.277076],[-83.736887,42.277075],[-83.736887,42.277075],[-83.736887,42.277074],[-83.736887,42.277073],[-83.736887,42.277073],[-83.736887,42.277072],[-83.736887,42.277071],[-83.736886,42.277071],[-83.736885,42.27707],[-83.736884,42.277069],[-83.736884,42.277069],[-83.736883,42.277068],[-83.736882,42.277068],[-83.736881,42.277068],[-83.73688,42.277068],[-83.736878,42.277068]]]},"properties":{"ObjectName":"K-24"}},{"type":"Feature","geometry":{"type":"Polygon","coordinates":[[[-83.740492,42.27842],[-83.74049,42.27842],[-83.740489,42.278421],[-83.740488,42.278421],[-83.740487,42.278422],[-83.740486,42.278423],[-83.740486,42.278423],[-83.740486,42.278424],[-83.740485,42.278425],[-83.740486,42.278426],[-83.740486,42.278427],[-83.740486,42.278428],[-83.740487,42.278429],[-83.740488,42.27843],[-83.740489,42.27843],[-83.74049,42.278431],[-83.740491,42.278431],[-83.740493,42.278431],[-83.740494,42.278431],[-83.740495,42.278431],[-83.740496,42.27843],[-83.740498,42.27843],[-83.740498,42.278429],[-83.740499,42.278428],[-83.7405,42.278427],[-83.7405,42.278426],[-83.7405,42.278425],[-83.7405,42.278424],[-83.7405,42.278424],[-83.740499,42.278423],[-83.740499,42.278422],[-83.740498,42.278421],[-83.740497,42.278421],[-83.740495,42.27842],[-83.740494,42.27842],[-83.740493,42.27842],[-83.740492,42.27842]]]},"properties":{"ObjectName":"K-26"}},{"type":"Feature","geometry":{"type":"Polygon","coordinates":[[[-83.738445,42.277066],[-83.738446,42.277078],[-83.738463,42.277078],[-83.738463,42.277066],[-83.738445,42.277066]]]},"properties":{"ObjectName":"Wifi Diag Sorc Boards 2"}},{"type":"Feature","geometry":{"type":"Polygon","coordinates":[[[-83.740289,42.278438],[-83.740289,42.278438],[-83.740288,42.278438],[-83.740288,42.278438],[-83.740288,42.278438],[-83.740287,42.278438],[-83.740287,42.278438],[-83.740287,42.278439],[-83.740287,42.278439],[-83.740286,42.278439],[-83.740286,42.278439],[-83.740285,42.27844],[-83.740285,42.27844],[-83.740285,42.27844],[-83.740285,42.27844],[-83.740284,42.278441],[-83.740284,42.278441],[-83.740284,42.278442],[-83.740284,42.278442],[-83.740284,42.278442],[-83.740284,42.278442],[-83.740284,42.278443],[-83.740284,42.278443],[-83.740284,42.278444],[-83.740285,42.278444],[-83.740285,42.278444],[-83.740285,42.278444],[-83.740285,42.278445],[-83.740285,42.278445],[-83.740286,42.278445],[-83.740286,42.278445],[-83.740287,42.278446],[-83.740287,42.278446],[-83.740288,42.278446],[-83.740288,42.278446],[-83.740289,42.278446],[-83.74029,42.278446],[-83.740291,42.278446],[-83.740291,42.278446],[-83.740292,42.278446],[-83.740292,42.278446],[-83.740292,42.278446],[-83.740293,42.278445],[-83.740293,42.278445],[-83.740294,42.278445],[-83.740294,42.278445],[-83.740294,42.278444],[-83.740295,42.278444],[-83.740295,42.278444],[-83.740295,42.278444],[-83.740295,42.278443],[-83.740295,42.278443],[-83.740295,42.278442],[-83.740295,42.278442],[-83.740295,42.278442],[-83.740295,42.278442],[-83.740295,42.278441],[-83.740295,42.278441],[-83.740295,42.278441],[-83.740295,42.278441],[-83.740295,42.27844],[-83.740295,42.27844],[-83.740294,42.27844],[-83.740294,42.27844],[-83.740294,42.27844],[-83.740294,42.278439],[-83.740294,42.278439],[-83.740293,42.278439],[-83.740293,42.278439],[-83.740293,42.278439],[-83.740293,42.278439],[-83.740292,42.278438],[-83.740292,42.278438],[-83.740292,42.278438],[-83.740291,42.278438],[-83.740291,42.278438],[-83.74029,42.278438],[-83.74029,42.278438],[-83.74029,42.278438],[-83.740289,42.278438]]]},"properties":{"ObjectName":null}},{"type":"Feature","geometry":{"type":"Polygon","coordinates":[[[-83.738943,42.276664],[-83.738944,42.276676],[-83.738961,42.276676],[-83.738961,42.276664],[-83.738943,42.276664]]]},"properties":{"ObjectName":"Wifi Diag Sorc Boards 7"}},{"type":"Feature","geometry":{"type":"Polygon","coordinates":[[[-83.738705,42.276561],[-83.738706,42.276573],[-83.738724,42.276572],[-83.738723,42.27656],[-83.738705,42.276561]]]},"properties":{"ObjectName":"Wifi Diag Sorc Boards 8"}},{"type":"Feature","geometry":{"type":"Polygon","coordinates":[[[-83.70883,42.297234],[-83.708804,42.297246],[-83.708805,42.297246],[-83.708822,42.297266],[-83.708847,42.297254],[-83.708848,42.297254],[-83.70883,42.297234],[-83.70883,42.297234]]]},"properties":{"ObjectName":"Shed"}},{"type":"Feature","geometry":{"type":"Polygon","coordinates":[[[-83.709438,42.292835],[-83.709439,42.29277],[-83.709354,42.292769],[-83.709353,42.292846],[-83.709426,42.292846],[-83.709438,42.292846],[-83.709438,42.292835]]]},"properties":{"ObjectName":"NAME cooling tower enclosure"}},{"type":"Feature","geometry":{"type":"Polygon","coordinates":[[[-110.658798,43.28314],[-110.6588,43.283139],[-110.658801,43.283138],[-110.658801,43.283137],[-110.658802,43.283136],[-110.658803,43.283135],[-110.658803,43.283134],[-110.658803,43.283132],[-110.658803,43.283131],[-110.658802,43.28313],[-110.658802,43.283128],[-110.658801,43.283127],[-110.6588,43.283126],[-110.658799,43.283126],[-110.658797,43.283125],[-110.658796,43.283125],[-110.658795,43.283125],[-110.658793,43.283125],[-110.658792,43.283126],[-110.658791,43.283126],[-110.65879,43.283127],[-110.658789,43.283128],[-110.658788,43.283129],[-110.658788,43.283131],[-110.658788,43.283132],[-110.658787,43.283133],[-110.658788,43.283135],[-110.658788,43.283136],[-110.658789,43.283137],[-110.65879,43.283138],[-110.658791,43.283139],[-110.658792,43.28314],[-110.658793,43.28314],[-110.658794,43.28314],[-110.658796,43.28314],[-110.658797,43.28314],[-110.658798,43.28314]]]},"properties":{"ObjectName":"Camp Davis Flagpole"}},{"type":"Feature","geometry":{"type":"Polygon","coordinates":[[[-83.730598,42.282355],[-83.730593,42.282338],[-83.730561,42.282343],[-83.730566,42.28236],[-83.730598,42.282355]]]},"properties":{"ObjectName":null}},{"type":"Feature","geometry":{"type":"Polygon","coordinates":[[[-83.730588,42.282313],[-83.730583,42.282296],[-83.730552,42.282301],[-83.730556,42.282318],[-83.730588,42.282313]]]},"properties":{"ObjectName":null}},{"type":"Feature","geometry":{"type":"Polygon","coordinates":[[[-83.73145,42.282746],[-83.731481,42.28275],[-83.731485,42.282732],[-83.731454,42.282729],[-83.73145,42.282746]]]},"properties":{"ObjectName":null}},{"type":"Feature","geometry":{"type":"Polygon","coordinates":[[[-83.726581,42.2824],[-83.726581,42.282385],[-83.726558,42.282385],[-83.726558,42.2824],[-83.726581,42.2824]]]},"properties":{"ObjectName":null}},{"type":"Feature","geometry":{"type":"Polygon","coordinates":[[[-83.726963,42.283082],[-83.726937,42.283083],[-83.726937,42.283096],[-83.726963,42.283096],[-83.726963,42.283082]]]},"properties":{"ObjectName":null}},{"type":"Feature","geometry":{"type":"Polygon","coordinates":[[[-83.726962,42.283041],[-83.726936,42.283041],[-83.726936,42.283055],[-83.726962,42.283055],[-83.726962,42.283041]]]},"properties":{"ObjectName":null}},{"type":"Feature","geometry":{"type":"Polygon","coordinates":[[[-83.726961,42.283],[-83.726935,42.283],[-83.726935,42.283014],[-83.726961,42.283014],[-83.726961,42.283]]]},"properties":{"ObjectName":null}},{"type":"Feature","geometry":{"type":"Polygon","coordinates":[[[-83.726959,42.282959],[-83.726934,42.282959],[-83.726934,42.282973],[-83.72696,42.282972],[-83.726959,42.282959]]]},"properties":{"ObjectName":null}},{"type":"Feature","geometry":{"type":"Polygon","coordinates":[[[-83.731041,42.285007],[-83.730812,42.285012],[-83.730814,42.285082],[-83.731044,42.285078],[-83.731041,42.285007]]]},"properties":{"ObjectName":null}},{"type":"Feature","geometry":{"type":"Polygon","coordinates":[[[-83.729325,42.283687],[-83.729362,42.283654],[-83.729333,42.283636],[-83.729296,42.283669],[-83.729325,42.283687]]]},"properties":{"ObjectName":null}},{"type":"Feature","geometry":{"type":"MultiPolygon","coordinates":[[[[-83.740963,42.250148],[-83.741021,42.250148],[-83.741015,42.249812],[-83.741012,42.249812],[-83.741012,42.249813],[-83.740998,42.249813],[-83.740998,42.249809],[-83.740998,42.249809],[-83.740998,42.249805],[-83.740995,42.249695],[-83.740996,42.249695],[-83.741008,42.249695],[-83.741008,42.249695],[-83.741013,42.249695],[-83.741013,42.249691],[-83.741011,42.249588],[-83.740949,42.249589],[-83.740963,42.250148]]],[[[-83.740959,42.249588],[-83.740959,42.249578],[-83.740949,42.249578],[-83.740949,42.249589],[-83.740959,42.249588]]]]},"properties":{"ObjectName":"Track and Field Stadium Seating"}},{"type":"Feature","geometry":{"type":"Polygon","coordinates":[[[-83.73685,42.280232],[-83.736812,42.280232],[-83.736813,42.280246],[-83.73685,42.280245],[-83.73685,42.280232]]]},"properties":{"ObjectName":null}},{"type":"Feature","geometry":{"type":"Polygon","coordinates":[[[-83.705344,42.297914],[-83.705344,42.297954],[-83.705489,42.297954],[-83.705489,42.297913],[-83.705344,42.297914]]]},"properties":{"ObjectName":null}},{"type":"Feature","geometry":{"type":"Polygon","coordinates":[[[-83.705489,42.297913],[-83.705489,42.297874],[-83.705344,42.297874],[-83.705344,42.297914],[-83.705489,42.297913]]]},"properties":{"ObjectName":null}},{"type":"Feature","geometry":{"type":"Polygon","coordinates":[[[-83.73169,42.285061],[-83.73169,42.285076],[-83.73172,42.285076],[-83.73172,42.285061],[-83.73169,42.285061]]]},"properties":{"ObjectName":null}},{"type":"Feature","geometry":{"type":"Polygon","coordinates":[[[-83.730688,42.285129],[-83.730689,42.285151],[-83.730718,42.285151],[-83.730718,42.285129],[-83.730688,42.285129]]]},"properties":{"ObjectName":null}},{"type":"Feature","geometry":{"type":"Polygon","coordinates":[[[-83.728597,42.282019],[-83.728597,42.282034],[-83.728627,42.282034],[-83.728627,42.282018],[-83.728597,42.282019]]]},"properties":{"ObjectName":""}},{"type":"Feature","geometry":{"type":"Polygon","coordinates":[[[-83.728618,42.282531],[-83.72864,42.282537],[-83.72865,42.282517],[-83.728628,42.282511],[-83.728618,42.282531]]]},"properties":{"ObjectName":""}},{"type":"Feature","geometry":{"type":"Polygon","coordinates":[[[-83.665757,42.29138],[-83.665769,42.291418],[-83.665801,42.291413],[-83.66599,42.291349],[-83.666034,42.291332],[-83.666075,42.29131],[-83.666112,42.291284],[-83.666146,42.291253],[-83.666176,42.291218],[-83.666131,42.291203],[-83.666102,42.29123],[-83.666071,42.291255],[-83.666038,42.291277],[-83.666003,42.291296],[-83.665967,42.291312],[-83.665929,42.291325],[-83.665762,42.291378],[-83.665757,42.29138]]]},"properties":{"ObjectName":"Dixboro Trail"}},{"type":"Feature","geometry":{"type":"Polygon","coordinates":[[[-83.667585,42.284551],[-83.667634,42.284567],[-83.667753,42.28437],[-83.667705,42.284351],[-83.667585,42.284551]]]},"properties":{"ObjectName":"Dixboro Trail"}},{"type":"Feature","geometry":{"type":"Polygon","coordinates":[[[-83.670928,42.279066],[-83.670893,42.279333],[-83.670948,42.279331],[-83.670981,42.27907],[-83.670928,42.279066]]]},"properties":{"ObjectName":"Dixboro Trail"}},{"type":"Feature","geometry":{"type":"Polygon","coordinates":[[[-83.670878,42.277847],[-83.670864,42.277806],[-83.670855,42.277763],[-83.670845,42.277327],[-83.670834,42.27728],[-83.670782,42.277287],[-83.670789,42.277331],[-83.6708,42.277762],[-83.670803,42.277789],[-83.670809,42.277816],[-83.670819,42.277841],[-83.670833,42.277865],[-83.670878,42.277847]]]},"properties":{"ObjectName":"Dixboro Trail"}},{"type":"Feature","geometry":{"type":"Polygon","coordinates":[[[-83.70575,42.30101],[-83.705726,42.301009],[-83.705726,42.301016],[-83.705749,42.301017],[-83.70575,42.30101]]]},"properties":{"ObjectName":"NC100 Shelter"}},{"type":"Feature","geometry":{"type":"Polygon","coordinates":[[[-83.662041,42.298889],[-83.661924,42.298871],[-83.66191,42.29892],[-83.662029,42.298938],[-83.662041,42.298889]]]},"properties":{"ObjectName":"Matthaei Bot Gardes Bonsai Garden Studio"}},{"type":"Feature","geometry":{"type":"Polygon","coordinates":[[[-83.727337,42.284038],[-83.727357,42.284033],[-83.72734,42.283998],[-83.72732,42.284004],[-83.727337,42.284038]]]},"properties":{"ObjectName":"E. Medical Center Shelter M18"}},{"type":"Feature","geometry":{"type":"Polygon","coordinates":[[[-83.73354,42.27696],[-83.733542,42.276993],[-83.733564,42.276992],[-83.733563,42.276959],[-83.73354,42.27696]]]},"properties":{"ObjectName":"E9 Washtenaw Ave Shelter"}},{"type":"Feature","geometry":{"type":"Polygon","coordinates":[[[-83.731478,42.285558],[-83.731521,42.285576],[-83.731533,42.285561],[-83.731488,42.285544],[-83.731478,42.285558]]]},"properties":{"ObjectName":"E. Medical Center Shelter M319 M15"}},{"type":"Feature","geometry":{"type":"Polygon","coordinates":[[[-83.722933,42.287285],[-83.722933,42.287301],[-83.722983,42.287301],[-83.722983,42.287285],[-83.722933,42.287285]]]},"properties":{"ObjectName":"NC78 Fuller Street Shelter 2"}},{"type":"Feature","geometry":{"type":"Polygon","coordinates":[[[-83.722794,42.287288],[-83.722794,42.287304],[-83.722843,42.287304],[-83.722843,42.287288],[-83.722794,42.287288]]]},"properties":{"ObjectName":"NC78 Fuller Street Shelter 4"}},{"type":"Feature","geometry":{"type":"Polygon","coordinates":[[[-83.722675,42.287291],[-83.722675,42.287307],[-83.722724,42.287307],[-83.722724,42.287291],[-83.722675,42.287291]]]},"properties":{"ObjectName":"NC78 Fuller Street Shelter 4"}},{"type":"Feature","geometry":{"type":"Polygon","coordinates":[[[-83.747502,42.264676],[-83.747506,42.264682],[-83.747511,42.264687],[-83.747517,42.264692],[-83.747523,42.264695],[-83.74753,42.264698],[-83.747537,42.264699],[-83.747537,42.264699],[-83.747546,42.2647],[-83.747554,42.2647],[-83.747562,42.264698],[-83.74757,42.264695],[-83.747577,42.264691],[-83.747583,42.264685],[-83.747588,42.264679],[-83.747592,42.264671],[-83.747593,42.264671],[-83.747593,42.264664],[-83.747592,42.264658],[-83.74759,42.264652],[-83.747587,42.264647],[-83.747583,42.264642],[-83.747578,42.264638],[-83.747573,42.264635],[-83.747567,42.264632],[-83.747561,42.264631],[-83.747555,42.26463],[-83.747553,42.26463],[-83.747547,42.264629],[-83.74754,42.264628],[-83.747534,42.264629],[-83.747528,42.26463],[-83.747522,42.264633],[-83.747517,42.264636],[-83.747512,42.26464],[-83.747508,42.264645],[-83.747505,42.264651],[-83.747502,42.264657],[-83.747501,42.264663],[-83.747501,42.26467],[-83.747502,42.264676]],[[-83.747546,42.264634],[-83.747553,42.264635],[-83.747559,42.264636],[-83.747566,42.264638],[-83.747572,42.264641],[-83.747578,42.264646],[-83.747581,42.264649],[-83.747583,42.264652],[-83.747585,42.264655],[-83.747586,42.264658],[-83.747587,42.264662],[-83.747587,42.264666],[-83.747586,42.264669],[-83.747586,42.264672],[-83.747584,42.264675],[-83.747581,42.26468],[-83.747577,42.264684],[-83.747573,42.264687],[-83.747569,42.26469],[-83.747564,42.264691],[-83.747558,42.264693],[-83.747552,42.264694],[-83.747546,42.264694],[-83.747539,42.264694],[-83.747533,42.264693],[-83.747526,42.26469],[-83.74752,42.264687],[-83.747514,42.264683],[-83.747514,42.264682],[-83.747511,42.26468],[-83.747509,42.264677],[-83.747508,42.264673],[-83.747506,42.264669],[-83.747506,42.264665],[-83.747506,42.264661],[-83.747507,42.264657],[-83.747509,42.264654],[-83.747512,42.264649],[-83.747515,42.264645],[-83.74752,42.264642],[-83.747524,42.264639],[-83.747529,42.264637],[-83.747537,42.264635],[-83.747546,42.264634]]]},"properties":{"ObjectName":null}},{"type":"Feature","geometry":{"type":"Polygon","coordinates":[[[-83.660452,42.299411],[-83.660455,42.299408],[-83.660455,42.299408],[-83.660478,42.299378],[-83.660511,42.299337],[-83.66051,42.299308],[-83.660536,42.299277],[-83.660542,42.299269],[-83.660542,42.299269],[-83.660527,42.299203],[-83.660507,42.299121],[-83.660485,42.299124],[-83.660453,42.298989],[-83.660453,42.298988],[-83.660516,42.298937],[-83.660505,42.29893],[-83.660502,42.298928],[-83.660393,42.299013],[-83.660349,42.299046],[-83.660314,42.299048],[-83.660191,42.299147],[-83.660294,42.29926],[-83.660313,42.299252],[-83.660315,42.299252],[-83.660368,42.299314],[-83.660452,42.299411]],[[-83.66052,42.299263],[-83.660488,42.299304],[-83.660488,42.299335],[-83.660453,42.29938],[-83.660311,42.299221],[-83.660294,42.29923],[-83.66022,42.299147],[-83.660324,42.299064],[-83.660354,42.299064],[-83.660434,42.299002],[-83.660472,42.299155],[-83.660493,42.299152],[-83.66052,42.299263]]]},"properties":{"ObjectName":null}},{"type":"Feature","geometry":{"type":"Polygon","coordinates":[[[-83.660499,42.29866],[-83.660508,42.2987],[-83.660487,42.298703],[-83.660514,42.298823],[-83.660534,42.298822],[-83.660512,42.298725],[-83.660533,42.298722],[-83.660518,42.298657],[-83.660499,42.29866]]]},"properties":{"ObjectName":null}},{"type":"Feature","geometry":{"type":"Polygon","coordinates":[[[-83.660739,42.299041],[-83.660739,42.299049],[-83.6608,42.299056],[-83.660803,42.299041],[-83.660739,42.299034],[-83.660739,42.299041]]]},"properties":{"ObjectName":null}},{"type":"Feature","geometry":{"type":"Polygon","coordinates":[[[-83.660367,42.299779],[-83.660395,42.299788],[-83.660419,42.299774],[-83.660415,42.299752],[-83.660387,42.299743],[-83.660363,42.299757],[-83.660367,42.299779]]]},"properties":{"ObjectName":null}},{"type":"Feature","geometry":{"type":"Polygon","coordinates":[[[-83.660072,42.300142],[-83.66009,42.300119],[-83.660072,42.300096],[-83.660036,42.300096],[-83.660018,42.300119],[-83.660036,42.300142],[-83.660072,42.300142]]]},"properties":{"ObjectName":null}},{"type":"Feature","geometry":{"type":"Polygon","coordinates":[[[-83.741698,42.257773],[-83.741714,42.257742],[-83.741671,42.25773],[-83.741655,42.257761],[-83.741698,42.257773]]]},"properties":{"ObjectName":"UM Golf Course Shelter 1"}},{"type":"Feature","geometry":{"type":"Polygon","coordinates":[[[-83.737122,42.283328],[-83.737039,42.283331],[-83.737016,42.283332],[-83.737022,42.283455],[-83.737029,42.283623],[-83.737035,42.283754],[-83.737053,42.283753],[-83.737116,42.283752],[-83.737116,42.283746],[-83.737114,42.283714],[-83.737132,42.283714],[-83.737141,42.283714],[-83.737141,42.28371],[-83.737123,42.283329],[-83.737123,42.283328],[-83.737122,42.283328]]]},"properties":{"ObjectName":null}},{"type":"Feature","geometry":{"type":"Polygon","coordinates":[[[-83.700022,42.294159],[-83.700023,42.294144],[-83.699937,42.294143],[-83.699937,42.294159],[-83.700022,42.294159]]]},"properties":{"ObjectName":"NW55 Northwood V Shelter N437"}},{"type":"Feature","geometry":{"type":"Polygon","coordinates":[[[-83.699054,42.293273],[-83.699098,42.293208],[-83.699076,42.2932],[-83.699034,42.293266],[-83.699054,42.293273]]]},"properties":{"ObjectName":"Northwood V Shelter N436"}},{"type":"Feature","geometry":{"type":"Polygon","coordinates":[[[-83.665611,42.298973],[-83.665959,42.299028],[-83.665979,42.298958],[-83.665632,42.298902],[-83.665611,42.298973]]]},"properties":{"ObjectName":"Matthaei Botanical Garden Hoop House 2"}},{"type":"Feature","geometry":{"type":"MultiPolygon","coordinates":[[[[-83.723418,42.296123],[-83.723418,42.296127],[-83.723466,42.296127],[-83.723466,42.296123],[-83.723418,42.296123]]],[[[-83.723323,42.296125],[-83.723323,42.296129],[-83.723371,42.296128],[-83.723371,42.296124],[-83.723323,42.296125]]]]},"properties":{"ObjectName":"Hubbard Street Recreation Fields "}},{"type":"Feature","geometry":{"type":"Polygon","coordinates":[[[-83.746693,42.273302],[-83.746697,42.273231],[-83.7466,42.273228],[-83.746596,42.273299],[-83.746693,42.273302]]]},"properties":{"ObjectName":"Elbel Field Instructional Tower"}},{"type":"Feature","geometry":{"type":"Polygon","coordinates":[[[-83.747293,42.273848],[-83.747292,42.273841],[-83.747175,42.273852],[-83.747176,42.273859],[-83.747293,42.273848]]]},"properties":{"ObjectName":"Elbel Field Video Board"}},{"type":"Feature","geometry":{"type":"Polygon","coordinates":[[[-83.739445,42.280936],[-83.739475,42.280936],[-83.739469,42.280793],[-83.739438,42.280794],[-83.739445,42.280936]]]},"properties":{"ObjectName":"Bike Shelter"}},{"type":"Feature","geometry":{"type":"Polygon","coordinates":[[[-83.739436,42.280757],[-83.739468,42.280756],[-83.739463,42.280655],[-83.739431,42.280656],[-83.739436,42.280757]]]},"properties":{"ObjectName":"Bike Shelter"}},{"type":"Feature","geometry":{"type":"Polygon","coordinates":[[[-83.745916,42.27093],[-83.745961,42.27093],[-83.74596,42.270886],[-83.745915,42.270887],[-83.745916,42.27093]]]},"properties":{"ObjectName":"Bike Shelter"}},{"type":"Feature","geometry":{"type":"Polygon","coordinates":[[[-83.745628,42.270933],[-83.745672,42.270933],[-83.745672,42.270889],[-83.745627,42.27089],[-83.745628,42.270933]]]},"properties":{"ObjectName":"Bike Shelter"}},{"type":"Feature","geometry":{"type":"Polygon","coordinates":[[[-83.74559,42.270144],[-83.745562,42.270095],[-83.745521,42.270108],[-83.745549,42.270157],[-83.74559,42.270144]]]},"properties":{"ObjectName":"Bike Shelter"}},{"type":"Feature","geometry":{"type":"Polygon","coordinates":[[[-83.745531,42.270163],[-83.745503,42.270114],[-83.745462,42.270127],[-83.74549,42.270176],[-83.745531,42.270163]]]},"properties":{"ObjectName":"Bike Shelter"}},{"type":"Feature","geometry":{"type":"Polygon","coordinates":[[[-83.745554,42.270081],[-83.745526,42.270032],[-83.745485,42.270045],[-83.745513,42.270094],[-83.745554,42.270081]]]},"properties":{"ObjectName":"Bike Shelter"}},{"type":"Feature","geometry":{"type":"Polygon","coordinates":[[[-83.749054,42.264756],[-83.749053,42.264724],[-83.748386,42.264731],[-83.748387,42.264763],[-83.749054,42.264756]]]},"properties":{"ObjectName":"Michigan Stadium Scoreboard"}},{"type":"Feature","geometry":{"type":"Polygon","coordinates":[[[-83.749076,42.267028],[-83.749076,42.266996],[-83.748409,42.266996],[-83.748409,42.267028],[-83.749076,42.267028]]]},"properties":{"ObjectName":"Michigan Stadium Scoreboard"}},{"type":"Feature","geometry":{"type":"Polygon","coordinates":[[[-83.739747,42.251529],[-83.739749,42.251589],[-83.73976,42.251589],[-83.739758,42.251528],[-83.739747,42.251529]]]},"properties":{"ObjectName":"Lacrosse Stadium Scoreboard "}},{"type":"Feature","geometry":{"type":"Polygon","coordinates":[[[-83.73698,42.275128],[-83.73698,42.275129],[-83.736981,42.27513],[-83.736982,42.275131],[-83.736983,42.275131],[-83.736984,42.275132],[-83.736985,42.275132],[-83.736986,42.275132],[-83.736987,42.275132],[-83.736989,42.275131],[-83.73699,42.275131],[-83.73699,42.27513],[-83.736991,42.275129],[-83.736992,42.275128],[-83.736992,42.275127],[-83.736992,42.275126],[-83.736992,42.275124],[-83.736992,42.275123],[-83.736992,42.275122],[-83.736991,42.275121],[-83.73699,42.27512],[-83.73699,42.275119],[-83.736989,42.275119],[-83.736987,42.275118],[-83.736986,42.275118],[-83.736985,42.275118],[-83.736984,42.275118],[-83.736983,42.275119],[-83.736982,42.275119],[-83.736981,42.27512],[-83.73698,42.275121],[-83.73698,42.275122],[-83.736979,42.275123],[-83.736979,42.275124],[-83.736979,42.275126],[-83.736979,42.275127],[-83.73698,42.275128]]]},"properties":{"ObjectName":null}},{"type":"Feature","geometry":{"type":"Polygon","coordinates":[[[-83.747707,42.264415],[-83.747705,42.264546],[-83.74772,42.264546],[-83.747721,42.264415],[-83.747707,42.264415]]]},"properties":{"ObjectName":"Michigan Stadium Marquee"}},{"type":"Feature","geometry":{"type":"Polygon","coordinates":[[[-83.749247,42.26791],[-83.74922,42.267911],[-83.749224,42.268027],[-83.749248,42.268026],[-83.749247,42.26791]]]},"properties":{"ObjectName":"Electrical Panel Keech Ave"}},{"type":"Feature","geometry":{"type":"Polygon","coordinates":[[[-83.743034,42.27696],[-83.743034,42.276974],[-83.743055,42.276973],[-83.743055,42.27696],[-83.743034,42.27696]]]},"properties":{"ObjectName":null}},{"type":"Feature","geometry":{"type":"Polygon","coordinates":[[[-83.729023,42.281812],[-83.729024,42.281893],[-83.729071,42.281893],[-83.72907,42.281811],[-83.729023,42.281812]]]},"properties":{"ObjectName":"Simpson Transformer Enclosure"}},{"type":"Feature","geometry":{"type":"Polygon","coordinates":[[[-83.705344,42.297954],[-83.705489,42.297954],[-83.705489,42.297874],[-83.705344,42.297874],[-83.705344,42.297954]]]},"properties":{"ObjectName":null}},{"type":"Feature","geometry":{"type":"Polygon","coordinates":[[[-83.699659,42.301093],[-83.69966,42.300984],[-83.699519,42.300983],[-83.699517,42.301092],[-83.699659,42.301093]]]},"properties":{"ObjectName":null}},{"type":"Feature","geometry":{"type":"Polygon","coordinates":[[[-83.935321,42.398872],[-83.935337,42.398886],[-83.935356,42.398897],[-83.935377,42.398904],[-83.935398,42.398908],[-83.93542,42.398908],[-83.935442,42.398905],[-83.935463,42.398897],[-83.935482,42.398886],[-83.935498,42.398872],[-83.935513,42.398856],[-83.935524,42.398837],[-83.935531,42.398816],[-83.935535,42.398795],[-83.935535,42.398773],[-83.935531,42.398751],[-83.935524,42.398731],[-83.935513,42.398712],[-83.935499,42.398695],[-83.935483,42.398681],[-83.935464,42.39867],[-83.935443,42.398662],[-83.935422,42.398658],[-83.9354,42.398658],[-83.935378,42.398662],[-83.935357,42.398669],[-83.935338,42.39868],[-83.935322,42.398694],[-83.935307,42.398711],[-83.935296,42.39873],[-83.935289,42.39875],[-83.935285,42.398772],[-83.935285,42.398793],[-83.935289,42.398815],[-83.935296,42.398836],[-83.935307,42.398855],[-83.935321,42.398872]]]},"properties":{"ObjectName":"University of Michigan Radio Telescope"}},{"type":"Feature","geometry":{"type":"Polygon","coordinates":[[[-83.66553,42.298406],[-83.665542,42.298361],[-83.665442,42.298347],[-83.665431,42.298392],[-83.66553,42.298406]]]},"properties":{"ObjectName":"Matthaei Botanical Gardens Gasifier Shed"}},{"type":"Feature","geometry":{"type":"MultiPolygon","coordinates":[[[[-83.733348,42.282971],[-83.73335,42.283004],[-83.733419,42.283002],[-83.733418,42.282969],[-83.733348,42.282971]]],[[[-83.733346,42.282923],[-83.733347,42.282956],[-83.733416,42.282954],[-83.733415,42.282921],[-83.733346,42.282923]]],[[[-83.733345,42.282887],[-83.733346,42.282912],[-83.733415,42.28291],[-83.733414,42.282885],[-83.733345,42.282887]]],[[[-83.733351,42.283019],[-83.733353,42.283053],[-83.733422,42.283051],[-83.73342,42.283017],[-83.733351,42.283019]]],[[[-83.733353,42.283064],[-83.733354,42.283087],[-83.733423,42.283086],[-83.733422,42.283062],[-83.733353,42.283064]]]]},"properties":{"ObjectName":"Bike Shelter"}},{"type":"Feature","geometry":{"type":"Polygon","coordinates":[[[-83.680344,42.273646],[-83.680362,42.273633],[-83.680362,42.273615],[-83.680344,42.273602],[-83.680321,42.273603],[-83.680303,42.273615],[-83.680303,42.273633],[-83.68032,42.273646],[-83.680344,42.273646]]]},"properties":{"ObjectName":"Gazebo"}},{"type":"Feature","geometry":{"type":"Polygon","coordinates":[[[-83.678006,42.27807],[-83.678027,42.278054],[-83.677941,42.277993],[-83.67792,42.278008],[-83.678006,42.27807]]]},"properties":{"ObjectName":null}},{"type":"Feature","geometry":{"type":"Polygon","coordinates":[[[-83.678501,42.278053],[-83.678582,42.277988],[-83.678559,42.277972],[-83.678479,42.278037],[-83.678501,42.278053]]]},"properties":{"ObjectName":null}},{"type":"Feature","geometry":{"type":"Polygon","coordinates":[[[-83.679248,42.277191],[-83.679261,42.277166],[-83.679162,42.277137],[-83.679149,42.277162],[-83.679248,42.277191]]]},"properties":{"ObjectName":null}},{"type":"Feature","geometry":{"type":"Polygon","coordinates":[[[-83.679518,42.277104],[-83.679555,42.27703],[-83.679522,42.277021],[-83.679485,42.277095],[-83.679518,42.277104]]]},"properties":{"ObjectName":null}},{"type":"Feature","geometry":{"type":"Polygon","coordinates":[[[-83.679052,42.276144],[-83.679052,42.276171],[-83.679092,42.276171],[-83.679092,42.276144],[-83.679052,42.276144]]]},"properties":{"ObjectName":null}},{"type":"Feature","geometry":{"type":"Polygon","coordinates":[[[-83.679342,42.275036],[-83.67926,42.275062],[-83.679264,42.275068],[-83.679346,42.275043],[-83.679342,42.275036]]]},"properties":{"ObjectName":null}},{"type":"Feature","geometry":{"type":"Polygon","coordinates":[[[-83.679472,42.27721],[-83.679487,42.277231],[-83.679513,42.277221],[-83.679498,42.2772],[-83.679472,42.27721]]]},"properties":{"ObjectName":null}},{"type":"Feature","geometry":{"type":"MultiPolygon","coordinates":[[[[-83.678151,42.278125],[-83.678154,42.278176],[-83.678356,42.278169],[-83.678353,42.278118],[-83.678151,42.278125]]],[[[-83.678356,42.278116],[-83.678363,42.278129],[-83.678435,42.278106],[-83.678428,42.278094],[-83.678356,42.278116]]],[[[-83.678063,42.278133],[-83.67814,42.278142],[-83.678144,42.278123],[-83.678067,42.278114],[-83.678063,42.278133]]]]},"properties":{"ObjectName":null}},{"type":"Feature","geometry":{"type":"Polygon","coordinates":[[[-83.678708,42.277901],[-83.678692,42.277895],[-83.678666,42.277931],[-83.678681,42.277938],[-83.678708,42.277901]]]},"properties":{"ObjectName":null}},{"type":"Feature","geometry":{"type":"Polygon","coordinates":[[[-83.677755,42.277951],[-83.677777,42.277941],[-83.677729,42.277894],[-83.677709,42.277906],[-83.677755,42.277951]]]},"properties":{"ObjectName":null}},{"type":"Feature","geometry":{"type":"Polygon","coordinates":[[[-83.683658,42.27617],[-83.683655,42.276103],[-83.683286,42.276112],[-83.683289,42.276168],[-83.683266,42.276168],[-83.683267,42.276178],[-83.683658,42.27617]]]},"properties":{"ObjectName":"Bleacher"}},{"type":"Feature","geometry":{"type":"Polygon","coordinates":[[[-83.680072,42.27605],[-83.68011,42.27605],[-83.680111,42.276017],[-83.680073,42.276017],[-83.680072,42.27605]]]},"properties":{"ObjectName":null}},{"type":"Feature","geometry":{"type":"Polygon","coordinates":[[[-83.67951,42.277117],[-83.679475,42.277188],[-83.67954,42.277206],[-83.679575,42.277135],[-83.67951,42.277117]]]},"properties":{"ObjectName":null}},{"type":"Feature","geometry":{"type":"Polygon","coordinates":[[[-83.679369,42.277223],[-83.679273,42.277197],[-83.679249,42.277245],[-83.679346,42.277271],[-83.679369,42.277223]]]},"properties":{"ObjectName":null}},{"type":"Feature","geometry":{"type":"Polygon","coordinates":[[[-83.684767,42.27665],[-83.684775,42.276601],[-83.684728,42.276596],[-83.68472,42.276646],[-83.684767,42.27665]]]},"properties":{"ObjectName":null}},{"type":"Feature","geometry":{"type":"MultiPolygon","coordinates":[[[[-83.680532,42.270485],[-83.680546,42.270512],[-83.680756,42.270451],[-83.680742,42.270424],[-83.680532,42.270485]]],[[[-83.680561,42.270536],[-83.680573,42.270562],[-83.680786,42.270504],[-83.680773,42.270478],[-83.680561,42.270536]]]]},"properties":{"ObjectName":"Boat Storage"}},{"type":"Feature","geometry":{"type":"Polygon","coordinates":[[[-83.682686,42.275702],[-83.682688,42.275706],[-83.68269,42.27571],[-83.682693,42.275714],[-83.682697,42.275717],[-83.682701,42.27572],[-83.682706,42.275721],[-83.68271,42.275722],[-83.682715,42.275722],[-83.68272,42.275721],[-83.682724,42.27572],[-83.682728,42.275717],[-83.682732,42.275714],[-83.682735,42.27571],[-83.682738,42.275706],[-83.682739,42.275702],[-83.68274,42.275697],[-83.68274,42.275692],[-83.682739,42.275688],[-83.682738,42.275683],[-83.682735,42.275679],[-83.682732,42.275675],[-83.682728,42.275672],[-83.682724,42.27567],[-83.68272,42.275668],[-83.682715,42.275667],[-83.68271,42.275667],[-83.682706,42.275668],[-83.682701,42.27567],[-83.682697,42.275672],[-83.682693,42.275675],[-83.68269,42.275679],[-83.682688,42.275683],[-83.682686,42.275688],[-83.682685,42.275692],[-83.682685,42.275697],[-83.682686,42.275702]]]},"properties":{"ObjectName":null}},{"type":"Feature","geometry":{"type":"Polygon","coordinates":[[[-83.682639,42.27571],[-83.682641,42.275709],[-83.682644,42.275707],[-83.682646,42.275705],[-83.682648,42.275702],[-83.682649,42.275699],[-83.68265,42.275696],[-83.68265,42.275693],[-83.68265,42.27569],[-83.682649,42.275687],[-83.682648,42.275684],[-83.682646,42.275682],[-83.682644,42.275679],[-83.682641,42.275678],[-83.682638,42.275676],[-83.682635,42.275676],[-83.682632,42.275675],[-83.682629,42.275676],[-83.682626,42.275677],[-83.682623,42.275678],[-83.682621,42.27568],[-83.682618,42.275682],[-83.682617,42.275684],[-83.682615,42.275687],[-83.682615,42.27569],[-83.682614,42.275693],[-83.682615,42.275696],[-83.682616,42.275699],[-83.682617,42.275702],[-83.682619,42.275705],[-83.682621,42.275707],[-83.682623,42.275709],[-83.682626,42.27571],[-83.682629,42.275711],[-83.682632,42.275711],[-83.682636,42.275711],[-83.682639,42.27571]]]},"properties":{"ObjectName":null}},{"type":"Feature","geometry":{"type":"MultiPolygon","coordinates":[[[[-83.682486,42.276771],[-83.682486,42.276776],[-83.682493,42.276776],[-83.682493,42.276771],[-83.682486,42.276771]]],[[[-83.682473,42.27617],[-83.682473,42.276175],[-83.68248,42.276175],[-83.68248,42.27617],[-83.682473,42.27617]]],[[[-83.682473,42.276195],[-83.682473,42.2762],[-83.68248,42.2762],[-83.68248,42.276195],[-83.682473,42.276195]]],[[[-83.682479,42.276483],[-83.682479,42.276488],[-83.682486,42.276488],[-83.682486,42.276483],[-83.682479,42.276483]]],[[[-83.682493,42.27706],[-83.682493,42.277065],[-83.6825,42.277065],[-83.6825,42.27706],[-83.682493,42.27706]]]]},"properties":{"ObjectName":null}},{"type":"Feature","geometry":{"type":"MultiPolygon","coordinates":[[[[-83.679163,42.27507],[-83.679169,42.275073],[-83.679174,42.275069],[-83.679168,42.275065],[-83.679163,42.27507]]],[[[-83.6797,42.27494],[-83.679707,42.274941],[-83.679709,42.274935],[-83.679701,42.274934],[-83.6797,42.27494]]],[[[-83.67948,42.274933],[-83.679482,42.274939],[-83.679489,42.274938],[-83.679488,42.274932],[-83.67948,42.274933]]],[[[-83.679871,42.274988],[-83.679878,42.274991],[-83.679882,42.274986],[-83.679875,42.274983],[-83.679871,42.274988]]],[[[-83.680013,42.275074],[-83.680018,42.275078],[-83.680024,42.275074],[-83.680019,42.27507],[-83.680013,42.275074]]],[[[-83.679064,42.275185],[-83.679071,42.275188],[-83.679074,42.275183],[-83.679067,42.27518],[-83.679064,42.275185]]],[[[-83.680111,42.275189],[-83.680114,42.275194],[-83.680121,42.275192],[-83.680118,42.275187],[-83.680111,42.275189]]],[[[-83.678963,42.275314],[-83.678963,42.27532],[-83.67897,42.27532],[-83.67897,42.275314],[-83.678963,42.275314]]],[[[-83.679022,42.275315],[-83.679022,42.275321],[-83.67903,42.275321],[-83.679029,42.275315],[-83.679022,42.275315]]],[[[-83.680154,42.275329],[-83.680154,42.275329],[-83.680161,42.275329],[-83.680161,42.275323],[-83.680154,42.275323],[-83.680154,42.275329]]],[[[-83.680072,42.275329],[-83.680072,42.275329],[-83.680079,42.275329],[-83.68008,42.275323],[-83.680072,42.275323],[-83.680072,42.275329]]],[[[-83.680308,42.275331],[-83.680308,42.275331],[-83.680316,42.275331],[-83.680316,42.275325],[-83.680308,42.275325],[-83.680308,42.275331]]],[[[-83.678961,42.275451],[-83.678962,42.275457],[-83.678969,42.275457],[-83.678969,42.275451],[-83.678961,42.275451]]],[[[-83.678959,42.275589],[-83.678959,42.275595],[-83.678967,42.275595],[-83.678967,42.275589],[-83.678959,42.275589]]],[[[-83.678958,42.275726],[-83.678958,42.275732],[-83.678966,42.275732],[-83.678966,42.275726],[-83.678958,42.275726]]],[[[-83.678956,42.275863],[-83.678956,42.275869],[-83.678964,42.275869],[-83.678964,42.275863],[-83.678956,42.275863]]],[[[-83.678955,42.276],[-83.678955,42.276006],[-83.678963,42.276006],[-83.678963,42.276],[-83.678955,42.276]]],[[[-83.679012,42.276138],[-83.679013,42.276144],[-83.67902,42.276144],[-83.67902,42.276138],[-83.679012,42.276138]]],[[[-83.678954,42.276138],[-83.678954,42.276144],[-83.678962,42.276144],[-83.678961,42.276138],[-83.678954,42.276138]]],[[[-83.680062,42.276151],[-83.680062,42.276151],[-83.680069,42.276151],[-83.68007,42.276145],[-83.680062,42.276145],[-83.680062,42.276151]]],[[[-83.680144,42.276152],[-83.680144,42.276152],[-83.680152,42.276152],[-83.680152,42.276147],[-83.680144,42.276147],[-83.680144,42.276152]]],[[[-83.6803,42.276154],[-83.6803,42.276154],[-83.680307,42.276154],[-83.680308,42.276148],[-83.6803,42.276148],[-83.6803,42.276154]]],[[[-83.680099,42.276282],[-83.680099,42.276282],[-83.680106,42.276284],[-83.680109,42.276279],[-83.680102,42.276276],[-83.680099,42.276282]]],[[[-83.679052,42.276272],[-83.679054,42.276278],[-83.679062,42.276276],[-83.679059,42.27627],[-83.679052,42.276272]]]]},"properties":{"ObjectName":null}},{"type":"Feature","geometry":{"type":"Polygon","coordinates":[[[-83.678956,42.275863],[-83.678956,42.275869],[-83.678964,42.275869],[-83.678964,42.275863],[-83.678956,42.275863]]]},"properties":{"ObjectName":null}},{"type":"Feature","geometry":{"type":"Polygon","coordinates":[[[-83.678959,42.275589],[-83.678959,42.275595],[-83.678967,42.275595],[-83.678967,42.275589],[-83.678959,42.275589]]]},"properties":{"ObjectName":null}},{"type":"Feature","geometry":{"type":"Polygon","coordinates":[[[-83.679307,42.274982],[-83.679311,42.274987],[-83.679318,42.274984],[-83.679314,42.274979],[-83.679307,42.274982]]]},"properties":{"ObjectName":null}},{"type":"Feature","geometry":{"type":"Polygon","coordinates":[[[-83.6803,42.276154],[-83.6803,42.276154],[-83.680307,42.276154],[-83.680308,42.276148],[-83.6803,42.276148],[-83.6803,42.276154]]]},"properties":{"ObjectName":null}},{"type":"Feature","geometry":{"type":"Polygon","coordinates":[[[-83.680032,42.275198],[-83.680093,42.275165],[-83.68003,42.275103],[-83.67997,42.275136],[-83.680032,42.275198]]]},"properties":{"ObjectName":null}},{"type":"Feature","geometry":{"type":"Polygon","coordinates":[[[-83.679487,42.276466],[-83.679487,42.276464],[-83.679429,42.276457],[-83.679428,42.276459],[-83.679487,42.276466]]]},"properties":{"ObjectName":null}},{"type":"Feature","geometry":{"type":"Polygon","coordinates":[[[-83.678888,42.277179],[-83.678891,42.277177],[-83.678829,42.277126],[-83.678826,42.277128],[-83.678888,42.277179]]]},"properties":{"ObjectName":null}},{"type":"Feature","geometry":{"type":"Polygon","coordinates":[[[-83.679969,42.276298],[-83.680028,42.276325],[-83.680083,42.276259],[-83.680024,42.276232],[-83.679969,42.276298]]]},"properties":{"ObjectName":null}}]}
