{"type":"FeatureCollection","features":[{"type":"Feature","geometry":{"type":"LineString","coordinates":[[-83.749025,42.265388],[-83.749023,42.265388],[-83.749019,42.265386],[-83.749016,42.265385],[-83.749013,42.265384],[-83.749009,42.265382],[-83.749006,42.265381],[-83.749002,42.26538],[-83.748999,42.265379],[-83.748995,42.265378],[-83.748991,42.265377],[-83.748988,42.265377],[-83.748984,42.265376],[-83.74898,42.265375],[-83.748977,42.265375],[-83.748973,42.265374],[-83.748969,42.265374],[-83.748965,42.265373],[-83.748962,42.265373],[-83.748958,42.265373],[-83.748954,42.265372],[-83.74895,42.265372],[-83.748946,42.265372],[-83.748475,42.26537],[-83.748472,42.26537],[-83.748468,42.26537],[-83.748464,42.26537],[-83.74846,42.26537],[-83.748456,42.26537],[-83.748453,42.265371],[-83.748449,42.265371],[-83.748445,42.265372],[-83.748441,42.265372],[-83.748438,42.265373],[-83.748434,42.265374],[-83.74843,42.265374],[-83.748427,42.265375],[-83.748423,42.265376],[-83.74842,42.265377],[-83.748416,42.265378],[-83.748413,42.265379],[-83.748409,42.26538],[-83.748406,42.265382],[-83.748402,42.265383],[-83.748399,42.265384],[-83.748397,42.265385],[-83.748396,42.265386],[-83.748392,42.265387],[-83.748389,42.265389],[-83.748386,42.26539],[-83.748383,42.265392],[-83.74838,42.265393],[-83.748377,42.265395],[-83.748374,42.265397],[-83.748371,42.265399],[-83.748368,42.265401],[-83.748366,42.265403],[-83.748363,42.265405],[-83.74836,42.265407],[-83.748358,42.265409],[-83.748355,42.265411],[-83.748353,42.265413],[-83.748351,42.265415],[-83.748348,42.265418],[-83.748346,42.26542],[-83.748344,42.265422],[-83.748342,42.265425],[-83.74834,42.265427],[-83.748338,42.26543],[-83.748329,42.266355],[-83.748331,42.266358],[-83.748333,42.26636],[-83.748335,42.266362],[-83.748337,42.266365],[-83.748339,42.266367],[-83.748341,42.266369],[-83.748343,42.266372],[-83.748346,42.266374],[-83.748348,42.266376],[-83.748351,42.266378],[-83.748353,42.26638],[-83.748356,42.266382],[-83.748359,42.266384],[-83.748361,42.266386],[-83.748364,42.266388],[-83.748367,42.26639],[-83.74837,42.266392],[-83.748373,42.266393],[-83.748376,42.266395],[-83.748379,42.266397],[-83.748382,42.266398],[-83.748386,42.2664],[-83.748387,42.2664],[-83.748387,42.2664],[-83.748389,42.266401],[-83.748392,42.266403],[-83.748396,42.266404],[-83.748399,42.266405],[-83.748402,42.266406],[-83.748406,42.266407],[-83.748409,42.266408],[-83.748413,42.266409],[-83.748417,42.26641],[-83.74842,42.266411],[-83.748424,42.266412],[-83.748427,42.266413],[-83.748431,42.266414],[-83.748435,42.266414],[-83.748439,42.266415],[-83.748442,42.266415],[-83.748446,42.266416],[-83.74845,42.266416],[-83.748454,42.266416],[-83.748457,42.266416],[-83.748461,42.266416],[-83.748465,42.266416],[-83.748936,42.266419],[-83.74894,42.266419],[-83.748944,42.266419],[-83.748948,42.266419],[-83.748951,42.266419],[-83.748955,42.266418],[-83.748959,42.266418],[-83.748963,42.266418],[-83.748966,42.266417],[-83.74897,42.266416],[-83.748974,42.266416],[-83.748977,42.266415],[-83.748981,42.266414],[-83.748985,42.266414],[-83.748988,42.266413],[-83.748992,42.266412],[-83.748995,42.266411],[-83.748999,42.26641],[-83.749002,42.266408],[-83.749006,42.266407],[-83.749009,42.266406],[-83.749013,42.266405],[-83.749014,42.266404],[-83.749015,42.266404],[-83.749016,42.266403],[-83.749019,42.266402],[-83.749022,42.2664],[-83.749026,42.266399],[-83.749029,42.266397],[-83.749032,42.266395],[-83.749035,42.266394],[-83.749038,42.266392],[-83.74904,42.26639],[-83.749043,42.266388],[-83.749046,42.266386],[-83.749049,42.266384],[-83.749051,42.266382],[-83.749054,42.26638],[-83.749056,42.266378],[-83.749059,42.266376],[-83.749061,42.266373],[-83.749063,42.266371],[-83.749065,42.266369],[-83.749068,42.266366],[-83.74907,42.266364],[-83.749072,42.266362],[-83.749073,42.266359],[-83.749083,42.265434],[-83.749081,42.265431],[-83.749079,42.265429],[-83.749077,42.265426],[-83.749075,42.265424],[-83.749073,42.265422],[-83.74907,42.265419],[-83.749068,42.265417],[-83.749066,42.265415],[-83.749063,42.265413],[-83.749061,42.265411],[-83.749058,42.265408],[-83.749056,42.265406],[-83.749053,42.265404],[-83.74905,42.265403],[-83.749047,42.265401],[-83.749044,42.265399],[-83.749042,42.265397],[-83.749039,42.265395],[-83.749035,42.265394],[-83.749032,42.265392],[-83.749029,42.26539],[-83.749026,42.265389],[-83.749025,42.265388]]},"properties":{"Layer":"CM-ATHL"}},{"type":"Feature","geometry":{"type":"LineString","coordinates":[[-83.748397,42.265385],[-83.748387,42.2664],[-83.748387,42.2664],[-83.748387,42.2664],[-83.749014,42.266404],[-83.749015,42.266404],[-83.749015,42.266404],[-83.749025,42.265388],[-83.748397,42.265385]]},"properties":{"Layer":"CM-ATHL"}},{"type":"Feature","geometry":{"type":"LineString","coordinates":[[-83.748675,42.2654],[-83.748424,42.265399],[-83.748423,42.265481],[-83.748423,42.265522],[-83.748422,42.265564],[-83.748422,42.265605],[-83.748421,42.265646],[-83.748421,42.265687],[-83.748421,42.265728],[-83.74842,42.265769],[-83.74842,42.26581],[-83.748419,42.265852],[-83.748419,42.265893],[-83.748418,42.265934],[-83.748418,42.265975],[-83.748418,42.266016],[-83.748417,42.266057],[-83.748417,42.266099],[-83.748416,42.26614],[-83.748416,42.266181],[-83.748416,42.266222],[-83.748415,42.266263],[-83.748415,42.266304],[-83.748414,42.266387],[-83.748665,42.266388],[-83.748754,42.266389],[-83.749005,42.26639],[-83.749006,42.266308],[-83.749006,42.266266],[-83.749007,42.266225],[-83.749007,42.266184],[-83.749008,42.266143],[-83.749008,42.266102],[-83.749008,42.266061],[-83.749009,42.266019],[-83.749009,42.265978],[-83.74901,42.265937],[-83.74901,42.265896],[-83.74901,42.265855],[-83.749011,42.265814],[-83.749011,42.265773],[-83.749012,42.265731],[-83.749012,42.26569],[-83.749012,42.265649],[-83.749013,42.265608],[-83.749013,42.265567],[-83.749014,42.265526],[-83.749014,42.265484],[-83.749015,42.265402],[-83.748764,42.265401],[-83.748675,42.2654]]},"properties":{"Layer":"CM-ATHL"}},{"type":"Feature","geometry":{"type":"LineString","coordinates":[[-83.748423,42.265481],[-83.749014,42.265484]]},"properties":{"Layer":"CM-ATHL"}},{"type":"Feature","geometry":{"type":"LineString","coordinates":[[-83.748423,42.265522],[-83.74862,42.265523],[-83.748817,42.265524],[-83.749014,42.265526]]},"properties":{"Layer":"CM-ATHL"}},{"type":"Feature","geometry":{"type":"LineString","coordinates":[[-83.748422,42.265564],[-83.748619,42.265565],[-83.748816,42.265566],[-83.749013,42.265567]]},"properties":{"Layer":"CM-ATHL"}},{"type":"Feature","geometry":{"type":"LineString","coordinates":[[-83.748422,42.265605],[-83.748619,42.265606],[-83.748816,42.265607],[-83.749013,42.265608]]},"properties":{"Layer":"CM-ATHL"}},{"type":"Feature","geometry":{"type":"LineString","coordinates":[[-83.748421,42.265646],[-83.748618,42.265647],[-83.748815,42.265648],[-83.749012,42.265649]]},"properties":{"Layer":"CM-ATHL"}},{"type":"Feature","geometry":{"type":"LineString","coordinates":[[-83.748421,42.265687],[-83.748618,42.265688],[-83.748815,42.265689],[-83.749012,42.26569]]},"properties":{"Layer":"CM-ATHL"}},{"type":"Feature","geometry":{"type":"LineString","coordinates":[[-83.748421,42.265728],[-83.748618,42.265729],[-83.748815,42.26573],[-83.749012,42.265731]]},"properties":{"Layer":"CM-ATHL"}},{"type":"Feature","geometry":{"type":"LineString","coordinates":[[-83.74842,42.265769],[-83.748617,42.26577],[-83.748814,42.265771],[-83.749011,42.265773]]},"properties":{"Layer":"CM-ATHL"}},{"type":"Feature","geometry":{"type":"LineString","coordinates":[[-83.74842,42.26581],[-83.748617,42.265812],[-83.748814,42.265813],[-83.749011,42.265814]]},"properties":{"Layer":"CM-ATHL"}},{"type":"Feature","geometry":{"type":"LineString","coordinates":[[-83.748419,42.265852],[-83.748616,42.265853],[-83.748813,42.265854],[-83.74901,42.265855]]},"properties":{"Layer":"CM-ATHL"}},{"type":"Feature","geometry":{"type":"LineString","coordinates":[[-83.748419,42.265893],[-83.748616,42.265894],[-83.748813,42.265895],[-83.74901,42.265896]]},"properties":{"Layer":"CM-ATHL"}},{"type":"Feature","geometry":{"type":"LineString","coordinates":[[-83.748418,42.265934],[-83.748615,42.265935],[-83.748813,42.265936],[-83.74901,42.265937]]},"properties":{"Layer":"CM-ATHL"}},{"type":"Feature","geometry":{"type":"LineString","coordinates":[[-83.748418,42.265975],[-83.748615,42.265976],[-83.748812,42.265977],[-83.749009,42.265978]]},"properties":{"Layer":"CM-ATHL"}},{"type":"Feature","geometry":{"type":"LineString","coordinates":[[-83.748418,42.266016],[-83.748615,42.266017],[-83.748812,42.266018],[-83.749009,42.266019]]},"properties":{"Layer":"CM-ATHL"}},{"type":"Feature","geometry":{"type":"LineString","coordinates":[[-83.748417,42.266057],[-83.748614,42.266059],[-83.748811,42.26606],[-83.749008,42.266061]]},"properties":{"Layer":"CM-ATHL"}},{"type":"Feature","geometry":{"type":"LineString","coordinates":[[-83.748417,42.266099],[-83.748614,42.2661],[-83.748811,42.266101],[-83.749008,42.266102]]},"properties":{"Layer":"CM-ATHL"}},{"type":"Feature","geometry":{"type":"LineString","coordinates":[[-83.748416,42.26614],[-83.748613,42.266141],[-83.74881,42.266142],[-83.749008,42.266143]]},"properties":{"Layer":"CM-ATHL"}},{"type":"Feature","geometry":{"type":"LineString","coordinates":[[-83.748416,42.266181],[-83.748613,42.266182],[-83.74881,42.266183],[-83.749007,42.266184]]},"properties":{"Layer":"CM-ATHL"}},{"type":"Feature","geometry":{"type":"LineString","coordinates":[[-83.748416,42.266222],[-83.748613,42.266223],[-83.74881,42.266224],[-83.749007,42.266225]]},"properties":{"Layer":"CM-ATHL"}},{"type":"Feature","geometry":{"type":"LineString","coordinates":[[-83.748415,42.266263],[-83.748612,42.266264],[-83.748809,42.266265],[-83.749006,42.266266]]},"properties":{"Layer":"CM-ATHL"}},{"type":"Feature","geometry":{"type":"LineString","coordinates":[[-83.748415,42.266304],[-83.749006,42.266308]]},"properties":{"Layer":"CM-ATHL"}},{"type":"Feature","geometry":{"type":"LineString","coordinates":[[-83.74862,42.265519],[-83.74862,42.265523],[-83.74862,42.265528]]},"properties":{"Layer":"CM-ATHL"}},{"type":"Feature","geometry":{"type":"LineString","coordinates":[[-83.748817,42.26552],[-83.748817,42.265524],[-83.748817,42.265529]]},"properties":{"Layer":"CM-ATHL"}},{"type":"Feature","geometry":{"type":"LineString","coordinates":[[-83.748619,42.26556],[-83.748619,42.265565],[-83.748619,42.265569]]},"properties":{"Layer":"CM-ATHL"}},{"type":"Feature","geometry":{"type":"LineString","coordinates":[[-83.748816,42.265562],[-83.748816,42.265566],[-83.748816,42.26557]]},"properties":{"Layer":"CM-ATHL"}},{"type":"Feature","geometry":{"type":"LineString","coordinates":[[-83.748619,42.265602],[-83.748619,42.265606],[-83.748619,42.26561]]},"properties":{"Layer":"CM-ATHL"}},{"type":"Feature","geometry":{"type":"LineString","coordinates":[[-83.748816,42.265603],[-83.748816,42.265607],[-83.748816,42.265611]]},"properties":{"Layer":"CM-ATHL"}},{"type":"Feature","geometry":{"type":"LineString","coordinates":[[-83.748618,42.265643],[-83.748618,42.265647],[-83.748618,42.265651]]},"properties":{"Layer":"CM-ATHL"}},{"type":"Feature","geometry":{"type":"LineString","coordinates":[[-83.748815,42.265644],[-83.748815,42.265648],[-83.748815,42.265652]]},"properties":{"Layer":"CM-ATHL"}},{"type":"Feature","geometry":{"type":"LineString","coordinates":[[-83.748618,42.265684],[-83.748618,42.265688],[-83.748618,42.265692]]},"properties":{"Layer":"CM-ATHL"}},{"type":"Feature","geometry":{"type":"LineString","coordinates":[[-83.748815,42.265685],[-83.748815,42.265689],[-83.748815,42.265693]]},"properties":{"Layer":"CM-ATHL"}},{"type":"Feature","geometry":{"type":"LineString","coordinates":[[-83.748618,42.265725],[-83.748618,42.265729],[-83.748617,42.265733]]},"properties":{"Layer":"CM-ATHL"}},{"type":"Feature","geometry":{"type":"LineString","coordinates":[[-83.748815,42.265726],[-83.748815,42.26573],[-83.748815,42.265734]]},"properties":{"Layer":"CM-ATHL"}},{"type":"Feature","geometry":{"type":"LineString","coordinates":[[-83.748617,42.265766],[-83.748617,42.26577],[-83.748617,42.265774]]},"properties":{"Layer":"CM-ATHL"}},{"type":"Feature","geometry":{"type":"LineString","coordinates":[[-83.748814,42.265767],[-83.748814,42.265771],[-83.748814,42.265776]]},"properties":{"Layer":"CM-ATHL"}},{"type":"Feature","geometry":{"type":"LineString","coordinates":[[-83.748617,42.265807],[-83.748617,42.265812],[-83.748617,42.265816]]},"properties":{"Layer":"CM-ATHL"}},{"type":"Feature","geometry":{"type":"LineString","coordinates":[[-83.748814,42.265808],[-83.748814,42.265813],[-83.748814,42.265817]]},"properties":{"Layer":"CM-ATHL"}},{"type":"Feature","geometry":{"type":"LineString","coordinates":[[-83.748616,42.265849],[-83.748616,42.265853],[-83.748616,42.265857]]},"properties":{"Layer":"CM-ATHL"}},{"type":"Feature","geometry":{"type":"LineString","coordinates":[[-83.748813,42.26585],[-83.748813,42.265854],[-83.748813,42.265858]]},"properties":{"Layer":"CM-ATHL"}},{"type":"Feature","geometry":{"type":"LineString","coordinates":[[-83.748616,42.26589],[-83.748616,42.265894],[-83.748616,42.265898]]},"properties":{"Layer":"CM-ATHL"}},{"type":"Feature","geometry":{"type":"LineString","coordinates":[[-83.748813,42.265891],[-83.748813,42.265895],[-83.748813,42.265899]]},"properties":{"Layer":"CM-ATHL"}},{"type":"Feature","geometry":{"type":"LineString","coordinates":[[-83.748616,42.265931],[-83.748615,42.265935],[-83.748615,42.265939]]},"properties":{"Layer":"CM-ATHL"}},{"type":"Feature","geometry":{"type":"LineString","coordinates":[[-83.748813,42.265932],[-83.748813,42.265936],[-83.748812,42.26594]]},"properties":{"Layer":"CM-ATHL"}},{"type":"Feature","geometry":{"type":"LineString","coordinates":[[-83.748615,42.265972],[-83.748615,42.265976],[-83.748615,42.26598]]},"properties":{"Layer":"CM-ATHL"}},{"type":"Feature","geometry":{"type":"LineString","coordinates":[[-83.748812,42.265973],[-83.748812,42.265977],[-83.748812,42.265981]]},"properties":{"Layer":"CM-ATHL"}},{"type":"Feature","geometry":{"type":"LineString","coordinates":[[-83.748615,42.266013],[-83.748615,42.266017],[-83.748615,42.266021]]},"properties":{"Layer":"CM-ATHL"}},{"type":"Feature","geometry":{"type":"LineString","coordinates":[[-83.748812,42.266014],[-83.748812,42.266018],[-83.748812,42.266023]]},"properties":{"Layer":"CM-ATHL"}},{"type":"Feature","geometry":{"type":"LineString","coordinates":[[-83.748614,42.266054],[-83.748614,42.266059],[-83.748614,42.266063]]},"properties":{"Layer":"CM-ATHL"}},{"type":"Feature","geometry":{"type":"LineString","coordinates":[[-83.748811,42.266055],[-83.748811,42.26606],[-83.748811,42.266064]]},"properties":{"Layer":"CM-ATHL"}},{"type":"Feature","geometry":{"type":"LineString","coordinates":[[-83.748614,42.266096],[-83.748614,42.2661],[-83.748614,42.266104]]},"properties":{"Layer":"CM-ATHL"}},{"type":"Feature","geometry":{"type":"LineString","coordinates":[[-83.748811,42.266097],[-83.748811,42.266101],[-83.748811,42.266105]]},"properties":{"Layer":"CM-ATHL"}},{"type":"Feature","geometry":{"type":"LineString","coordinates":[[-83.748614,42.266137],[-83.748613,42.266141],[-83.748613,42.266145]]},"properties":{"Layer":"CM-ATHL"}},{"type":"Feature","geometry":{"type":"LineString","coordinates":[[-83.748811,42.266138],[-83.74881,42.266142],[-83.74881,42.266146]]},"properties":{"Layer":"CM-ATHL"}},{"type":"Feature","geometry":{"type":"LineString","coordinates":[[-83.748613,42.266178],[-83.748613,42.266182],[-83.748613,42.266186]]},"properties":{"Layer":"CM-ATHL"}},{"type":"Feature","geometry":{"type":"LineString","coordinates":[[-83.74881,42.266179],[-83.74881,42.266183],[-83.74881,42.266187]]},"properties":{"Layer":"CM-ATHL"}},{"type":"Feature","geometry":{"type":"LineString","coordinates":[[-83.748613,42.266219],[-83.748613,42.266223],[-83.748613,42.266227]]},"properties":{"Layer":"CM-ATHL"}},{"type":"Feature","geometry":{"type":"LineString","coordinates":[[-83.74881,42.26622],[-83.74881,42.266224],[-83.74881,42.266228]]},"properties":{"Layer":"CM-ATHL"}},{"type":"Feature","geometry":{"type":"LineString","coordinates":[[-83.748612,42.26626],[-83.748612,42.266264],[-83.748612,42.266268]]},"properties":{"Layer":"CM-ATHL"}},{"type":"Feature","geometry":{"type":"LineString","coordinates":[[-83.748809,42.266261],[-83.748809,42.266265],[-83.748809,42.266269]]},"properties":{"Layer":"CM-ATHL"}},{"type":"Feature","geometry":{"type":"LineString","coordinates":[[-83.748707,42.265507],[-83.748729,42.265508]]},"properties":{"Layer":"CM-ATHL"}},{"type":"Feature","geometry":{"type":"LineString","coordinates":[[-83.7487,42.266281],[-83.748722,42.266281]]},"properties":{"Layer":"CM-ATHL"}},{"type":"Feature","geometry":{"type":"LineString","coordinates":[[-83.748675,42.265404],[-83.748675,42.2654],[-83.748675,42.265396]]},"properties":{"Layer":"CM-ATHL"}},{"type":"Feature","geometry":{"type":"LineString","coordinates":[[-83.748764,42.265405],[-83.748764,42.265401],[-83.748764,42.265397]]},"properties":{"Layer":"CM-ATHL"}},{"type":"Feature","geometry":{"type":"LineString","coordinates":[[-83.748665,42.266392],[-83.748665,42.266388],[-83.748665,42.266384]]},"properties":{"Layer":"CM-ATHL"}},{"type":"Feature","geometry":{"type":"LineString","coordinates":[[-83.748754,42.266393],[-83.748754,42.266389],[-83.748754,42.266384]]},"properties":{"Layer":"CM-ATHL"}},{"type":"Feature","geometry":{"type":"LineString","coordinates":[[-83.737624,42.273971],[-83.737624,42.274135],[-83.738067,42.274135],[-83.738067,42.273971],[-83.737624,42.273971]]},"properties":{"Layer":"CM-ATHL"}},{"type":"Feature","geometry":{"type":"LineString","coordinates":[[-83.737845,42.273995],[-83.737845,42.274111]]},"properties":{"Layer":"CM-ATHL"}},{"type":"Feature","geometry":{"type":"LineString","coordinates":[[-83.737701,42.274004],[-83.737701,42.274102]]},"properties":{"Layer":"CM-ATHL"}},{"type":"Feature","geometry":{"type":"LineString","coordinates":[[-83.737701,42.274102],[-83.737989,42.274102]]},"properties":{"Layer":"CM-ATHL"}},{"type":"Feature","geometry":{"type":"LineString","coordinates":[[-83.737989,42.274102],[-83.737989,42.274004]]},"properties":{"Layer":"CM-ATHL"}},{"type":"Feature","geometry":{"type":"LineString","coordinates":[[-83.737989,42.274004],[-83.737701,42.274004]]},"properties":{"Layer":"CM-ATHL"}},{"type":"Feature","geometry":{"type":"LineString","coordinates":[[-83.737989,42.274016],[-83.737701,42.274016]]},"properties":{"Layer":"CM-ATHL"}},{"type":"Feature","geometry":{"type":"LineString","coordinates":[[-83.737701,42.27409],[-83.737989,42.27409]]},"properties":{"Layer":"CM-ATHL"}},{"type":"Feature","geometry":{"type":"LineString","coordinates":[[-83.737923,42.27409],[-83.737923,42.274016]]},"properties":{"Layer":"CM-ATHL"}},{"type":"Feature","geometry":{"type":"LineString","coordinates":[[-83.737768,42.274016],[-83.737768,42.27409]]},"properties":{"Layer":"CM-ATHL"}},{"type":"Feature","geometry":{"type":"LineString","coordinates":[[-83.737923,42.274053],[-83.737768,42.274053]]},"properties":{"Layer":"CM-ATHL"}},{"type":"Feature","geometry":{"type":"LineString","coordinates":[[-83.737989,42.274053],[-83.737987,42.274053]]},"properties":{"Layer":"CM-ATHL"}},{"type":"Feature","geometry":{"type":"LineString","coordinates":[[-83.737701,42.274053],[-83.737704,42.274053]]},"properties":{"Layer":"CM-ATHL"}},{"type":"Feature","geometry":{"type":"LineString","coordinates":[[-83.737844,42.274111],[-83.737844,42.274111],[-83.737844,42.274111],[-83.737844,42.274111],[-83.737845,42.274111],[-83.737845,42.274111],[-83.737845,42.274111],[-83.737845,42.274111],[-83.737845,42.274111],[-83.737845,42.274111],[-83.737845,42.274111],[-83.737846,42.274111],[-83.737846,42.274111],[-83.737846,42.274111],[-83.737846,42.274111],[-83.737846,42.274111],[-83.737846,42.274111],[-83.737846,42.274111],[-83.737846,42.274111],[-83.737846,42.274111],[-83.737846,42.27411],[-83.737846,42.27411],[-83.737846,42.27411],[-83.737846,42.27411],[-83.737846,42.27411],[-83.737846,42.27411],[-83.737845,42.27411],[-83.737845,42.27411],[-83.737845,42.27411],[-83.737845,42.27411],[-83.737845,42.27411],[-83.737845,42.27411],[-83.737845,42.27411],[-83.737844,42.27411],[-83.737844,42.27411],[-83.737844,42.274111],[-83.737844,42.274111]]},"properties":{"Layer":"CM-ATHL"}},{"type":"Feature","geometry":{"type":"LineString","coordinates":[[-83.737844,42.273995],[-83.737844,42.273996],[-83.737844,42.273996],[-83.737844,42.273996],[-83.737845,42.273996],[-83.737845,42.273996],[-83.737845,42.273996],[-83.737845,42.273996],[-83.737845,42.273996],[-83.737845,42.273996],[-83.737845,42.273996],[-83.737846,42.273996],[-83.737846,42.273996],[-83.737846,42.273996],[-83.737846,42.273996],[-83.737846,42.273996],[-83.737846,42.273996],[-83.737846,42.273996],[-83.737846,42.273995],[-83.737846,42.273995],[-83.737846,42.273995],[-83.737846,42.273995],[-83.737846,42.273995],[-83.737846,42.273995],[-83.737846,42.273995],[-83.737846,42.273995],[-83.737845,42.273995],[-83.737845,42.273995],[-83.737845,42.273995],[-83.737845,42.273995],[-83.737845,42.273995],[-83.737845,42.273995],[-83.737845,42.273995],[-83.737844,42.273995],[-83.737844,42.273995],[-83.737844,42.273995],[-83.737844,42.273995]]},"properties":{"Layer":"CM-ATHL"}},{"type":"Feature","geometry":{"type":"LineString","coordinates":[[-83.737989,42.274102],[-83.737989,42.274004]]},"properties":{"Layer":"CM-ATHL"}},{"type":"Feature","geometry":{"type":"LineString","coordinates":[[-83.737989,42.274102],[-83.737989,42.274004]]},"properties":{"Layer":"CM-ATHL"}},{"type":"Feature","geometry":{"type":"LineString","coordinates":[[-83.737989,42.274004],[-83.737701,42.274004]]},"properties":{"Layer":"CM-ATHL"}},{"type":"Feature","geometry":{"type":"LineString","coordinates":[[-83.737989,42.274004],[-83.737701,42.274004]]},"properties":{"Layer":"CM-ATHL"}},{"type":"Feature","geometry":{"type":"LineString","coordinates":[[-83.737701,42.274102],[-83.737989,42.274102]]},"properties":{"Layer":"CM-ATHL"}},{"type":"Feature","geometry":{"type":"LineString","coordinates":[[-83.737701,42.274102],[-83.737989,42.274102]]},"properties":{"Layer":"CM-ATHL"}},{"type":"Feature","geometry":{"type":"LineString","coordinates":[[-83.737701,42.274004],[-83.737701,42.274102]]},"properties":{"Layer":"CM-ATHL"}},{"type":"Feature","geometry":{"type":"LineString","coordinates":[[-83.737702,42.274004],[-83.737702,42.274102]]},"properties":{"Layer":"CM-ATHL"}},{"type":"Feature","geometry":{"type":"LineString","coordinates":[[-83.737989,42.274053],[-83.737987,42.274053]]},"properties":{"Layer":"CM-ATHL"}},{"type":"Feature","geometry":{"type":"LineString","coordinates":[[-83.737989,42.274053],[-83.737987,42.274053]]},"properties":{"Layer":"CM-ATHL"}},{"type":"Feature","geometry":{"type":"LineString","coordinates":[[-83.737989,42.274053],[-83.737987,42.274053]]},"properties":{"Layer":"CM-ATHL"}},{"type":"Feature","geometry":{"type":"LineString","coordinates":[[-83.737989,42.274053],[-83.737987,42.274053]]},"properties":{"Layer":"CM-ATHL"}},{"type":"Feature","geometry":{"type":"LineString","coordinates":[[-83.737701,42.274053],[-83.737704,42.274053]]},"properties":{"Layer":"CM-ATHL"}},{"type":"Feature","geometry":{"type":"LineString","coordinates":[[-83.737701,42.274054],[-83.737704,42.274054]]},"properties":{"Layer":"CM-ATHL"}},{"type":"Feature","geometry":{"type":"LineString","coordinates":[[-83.737701,42.274053],[-83.737704,42.274053]]},"properties":{"Layer":"CM-ATHL"}},{"type":"Feature","geometry":{"type":"LineString","coordinates":[[-83.737701,42.274053],[-83.737704,42.274053]]},"properties":{"Layer":"CM-ATHL"}},{"type":"Feature","geometry":{"type":"LineString","coordinates":[[-83.737987,42.274053],[-83.737987,42.274053]]},"properties":{"Layer":"CM-ATHL"}},{"type":"Feature","geometry":{"type":"LineString","coordinates":[[-83.737704,42.274053],[-83.737704,42.274054]]},"properties":{"Layer":"CM-ATHL"}},{"type":"Feature","geometry":{"type":"LineString","coordinates":[[-83.732906,42.279317],[-83.732933,42.279978],[-83.733223,42.279972],[-83.733196,42.27931],[-83.732906,42.279317]]},"properties":{"Layer":"CM-ATHL"}},{"type":"Feature","geometry":{"type":"MultiLineString","coordinates":[[[-83.733187,42.279568],[-83.733187,42.279566],[-83.733187,42.279565],[-83.733187,42.279564],[-83.733186,42.279562],[-83.733186,42.279561],[-83.733185,42.279559],[-83.733185,42.279558],[-83.733184,42.279557],[-83.733183,42.279555],[-83.733182,42.279554],[-83.733181,42.279553],[-83.73318,42.279551],[-83.733179,42.27955],[-83.733178,42.279549],[-83.733176,42.279548],[-83.733175,42.279547],[-83.733174,42.279546],[-83.733172,42.279545],[-83.733171,42.279544],[-83.733169,42.279543],[-83.733167,42.279542],[-83.733166,42.279542],[-83.733164,42.279541],[-83.733162,42.27954],[-83.73316,42.27954],[-83.733158,42.279539],[-83.733156,42.279539],[-83.733154,42.279539],[-83.733152,42.279538],[-83.733151,42.279538],[-83.733149,42.279538],[-83.733147,42.279538],[-83.733145,42.279538],[-83.73296,42.279542],[-83.732958,42.279542],[-83.732956,42.279542],[-83.732954,42.279543],[-83.732952,42.279543],[-83.73295,42.279543],[-83.732948,42.279544],[-83.732946,42.279544],[-83.732945,42.279545],[-83.732943,42.279545],[-83.732941,42.279546],[-83.732939,42.279547],[-83.732938,42.279548],[-83.732936,42.279548],[-83.732934,42.279549],[-83.732933,42.27955],[-83.732932,42.279551],[-83.73293,42.279552],[-83.732929,42.279553],[-83.732928,42.279555],[-83.732927,42.279556],[-83.732925,42.279557],[-83.732925,42.279558],[-83.732924,42.27956],[-83.732923,42.279561],[-83.732922,42.279562],[-83.732921,42.279564],[-83.732921,42.279565],[-83.73292,42.279567],[-83.73292,42.279568],[-83.73292,42.279569],[-83.73292,42.279571],[-83.73292,42.279572],[-83.73292,42.279574],[-83.732934,42.279931],[-83.732934,42.279932],[-83.732934,42.279933],[-83.732935,42.279935],[-83.732935,42.279936],[-83.732935,42.279938],[-83.732936,42.279939],[-83.732937,42.279941],[-83.732937,42.279942],[-83.732938,42.279943],[-83.732939,42.279945],[-83.73294,42.279946],[-83.732941,42.279947],[-83.732942,42.279948],[-83.732944,42.279949],[-83.732945,42.279951],[-83.732946,42.279952],[-83.732948,42.279953],[-83.732949,42.279954],[-83.732951,42.279954],[-83.732952,42.279955],[-83.732954,42.279956],[-83.732956,42.279957],[-83.732958,42.279957],[-83.732959,42.279958],[-83.732961,42.279959],[-83.732963,42.279959],[-83.732965,42.27996],[-83.732967,42.27996],[-83.732969,42.27996],[-83.732971,42.27996],[-83.732973,42.27996],[-83.732975,42.279961],[-83.732977,42.27996],[-83.733161,42.279956],[-83.733163,42.279956],[-83.733165,42.279956],[-83.733167,42.279956],[-83.733169,42.279956],[-83.733171,42.279955],[-83.733173,42.279955],[-83.733175,42.279954],[-83.733177,42.279954],[-83.733179,42.279953],[-83.73318,42.279953],[-83.733182,42.279952],[-83.733184,42.279951],[-83.733185,42.27995],[-83.733187,42.279949],[-83.733188,42.279948],[-83.73319,42.279947],[-83.733191,42.279946],[-83.733192,42.279945],[-83.733194,42.279944],[-83.733195,42.279943],[-83.733196,42.279941],[-83.733197,42.27994],[-83.733198,42.279939],[-83.733199,42.279938],[-83.733199,42.279936],[-83.7332,42.279935],[-83.7332,42.279933],[-83.733201,42.279932],[-83.733201,42.27993],[-83.733202,42.279929],[-83.733202,42.279928],[-83.733202,42.279926],[-83.733202,42.279925],[-83.733187,42.279568]],[[-83.733183,42.279568],[-83.733197,42.279925],[-83.733197,42.279926],[-83.733197,42.279927],[-83.733197,42.279929],[-83.733197,42.27993],[-83.733196,42.279931],[-83.733196,42.279933],[-83.733195,42.279934],[-83.733195,42.279935],[-83.733194,42.279937],[-83.733193,42.279938],[-83.733192,42.279939],[-83.733192,42.27994],[-83.733191,42.279941],[-83.733189,42.279942],[-83.733188,42.279943],[-83.733187,42.279944],[-83.733186,42.279945],[-83.733185,42.279946],[-83.733183,42.279947],[-83.733182,42.279948],[-83.73318,42.279949],[-83.733179,42.279949],[-83.733177,42.27995],[-83.733175,42.279951],[-83.733174,42.279951],[-83.733172,42.279952],[-83.73317,42.279952],[-83.733169,42.279952],[-83.733167,42.279953],[-83.733165,42.279953],[-83.733163,42.279953],[-83.733161,42.279953],[-83.732977,42.279957],[-83.732975,42.279957],[-83.732973,42.279957],[-83.732971,42.279957],[-83.732969,42.279957],[-83.732968,42.279956],[-83.732966,42.279956],[-83.732964,42.279956],[-83.732962,42.279955],[-83.732961,42.279955],[-83.732959,42.279954],[-83.732957,42.279954],[-83.732956,42.279953],[-83.732954,42.279952],[-83.732953,42.279951],[-83.732952,42.279951],[-83.73295,42.27995],[-83.732949,42.279949],[-83.732948,42.279948],[-83.732946,42.279947],[-83.732945,42.279946],[-83.732944,42.279944],[-83.732943,42.279943],[-83.732943,42.279942],[-83.732942,42.279941],[-83.732941,42.27994],[-83.73294,42.279938],[-83.73294,42.279937],[-83.732939,42.279936],[-83.732939,42.279934],[-83.732939,42.279933],[-83.732939,42.279932],[-83.732939,42.27993],[-83.732924,42.279574],[-83.732924,42.279572],[-83.732924,42.279571],[-83.732924,42.27957],[-83.732925,42.279568],[-83.732925,42.279567],[-83.732925,42.279566],[-83.732926,42.279565],[-83.732927,42.279563],[-83.732927,42.279562],[-83.732928,42.279561],[-83.732929,42.27956],[-83.73293,42.279558],[-83.732931,42.279557],[-83.732932,42.279556],[-83.732933,42.279555],[-83.732934,42.279554],[-83.732935,42.279553],[-83.732937,42.279552],[-83.732938,42.279551],[-83.73294,42.279551],[-83.732941,42.27955],[-83.732943,42.279549],[-83.732944,42.279549],[-83.732946,42.279548],[-83.732948,42.279547],[-83.732949,42.279547],[-83.732951,42.279547],[-83.732953,42.279546],[-83.732955,42.279546],[-83.732956,42.279546],[-83.732958,42.279546],[-83.73296,42.279546],[-83.733145,42.279541],[-83.733147,42.279541],[-83.733148,42.279541],[-83.73315,42.279542],[-83.733152,42.279542],[-83.733154,42.279542],[-83.733156,42.279542],[-83.733157,42.279543],[-83.733159,42.279543],[-83.733161,42.279544],[-83.733162,42.279544],[-83.733164,42.279545],[-83.733165,42.279546],[-83.733167,42.279546],[-83.733168,42.279547],[-83.73317,42.279548],[-83.733171,42.279549],[-83.733172,42.27955],[-83.733174,42.279551],[-83.733175,42.279552],[-83.733176,42.279553],[-83.733177,42.279554],[-83.733178,42.279555],[-83.733179,42.279556],[-83.73318,42.279558],[-83.73318,42.279559],[-83.733181,42.27956],[-83.733181,42.279561],[-83.733182,42.279563],[-83.733182,42.279564],[-83.733183,42.279565],[-83.733183,42.279567],[-83.733183,42.279568]]]},"properties":{"Layer":"CM-ATHL"}},{"type":"Feature","geometry":{"type":"LineString","coordinates":[[-83.732576,42.279324],[-83.732597,42.279983],[-83.731941,42.279994],[-83.73192,42.279338],[-83.732576,42.279324]]},"properties":{"Layer":"CM-ATHL"}},{"type":"Feature","geometry":{"type":"LineString","coordinates":[[-83.732904,42.279317],[-83.732579,42.279324],[-83.73259,42.279652],[-83.732915,42.279646],[-83.732904,42.279317]]},"properties":{"Layer":"CM-ATHL"}},{"type":"Feature","geometry":{"type":"LineString","coordinates":[[-83.732915,42.279649],[-83.732926,42.279978],[-83.732601,42.279984],[-83.73259,42.279655],[-83.732915,42.279649]]},"properties":{"Layer":"CM-ATHL"}},{"type":"Feature","geometry":{"type":"LineString","coordinates":[[-83.732252,42.279932],[-83.732243,42.279719]]},"properties":{"Layer":"CM-ATHL"}},{"type":"Feature","geometry":{"type":"LineString","coordinates":[[-83.731959,42.279937],[-83.73195,42.279725]]},"properties":{"Layer":"CM-ATHL"}},{"type":"Feature","geometry":{"type":"LineString","coordinates":[[-83.732233,42.279932],[-83.732225,42.27972]]},"properties":{"Layer":"CM-ATHL"}},{"type":"Feature","geometry":{"type":"LineString","coordinates":[[-83.731977,42.279937],[-83.731969,42.279725]]},"properties":{"Layer":"CM-ATHL"}},{"type":"Feature","geometry":{"type":"LineString","coordinates":[[-83.732183,42.279885],[-83.732179,42.27977]]},"properties":{"Layer":"CM-ATHL"}},{"type":"Feature","geometry":{"type":"LineString","coordinates":[[-83.732136,42.279934],[-83.732128,42.279722]]},"properties":{"Layer":"CM-ATHL"}},{"type":"Feature","geometry":{"type":"LineString","coordinates":[[-83.732121,42.279935],[-83.732113,42.279722]]},"properties":{"Layer":"CM-ATHL"}},{"type":"Feature","geometry":{"type":"LineString","coordinates":[[-83.732089,42.279935],[-83.732081,42.279722]]},"properties":{"Layer":"CM-ATHL"}},{"type":"Feature","geometry":{"type":"LineString","coordinates":[[-83.732073,42.279935],[-83.732064,42.279723]]},"properties":{"Layer":"CM-ATHL"}},{"type":"Feature","geometry":{"type":"LineString","coordinates":[[-83.732021,42.279888],[-83.732017,42.279773]]},"properties":{"Layer":"CM-ATHL"}},{"type":"Feature","geometry":{"type":"LineString","coordinates":[[-83.731959,42.279937],[-83.732089,42.279935]]},"properties":{"Layer":"CM-ATHL"}},{"type":"Feature","geometry":{"type":"LineString","coordinates":[[-83.732121,42.279935],[-83.732252,42.279932]]},"properties":{"Layer":"CM-ATHL"}},{"type":"Feature","geometry":{"type":"LineString","coordinates":[[-83.73195,42.279725],[-83.732083,42.279722]]},"properties":{"Layer":"CM-ATHL"}},{"type":"Feature","geometry":{"type":"LineString","coordinates":[[-83.732113,42.279722],[-83.732243,42.279719]]},"properties":{"Layer":"CM-ATHL"}},{"type":"Feature","geometry":{"type":"LineString","coordinates":[[-83.731971,42.279774],[-83.732066,42.279772]]},"properties":{"Layer":"CM-ATHL"}},{"type":"Feature","geometry":{"type":"LineString","coordinates":[[-83.73213,42.279771],[-83.732227,42.279769]]},"properties":{"Layer":"CM-ATHL"}},{"type":"Feature","geometry":{"type":"LineString","coordinates":[[-83.731975,42.279889],[-83.732071,42.279887]]},"properties":{"Layer":"CM-ATHL"}},{"type":"Feature","geometry":{"type":"LineString","coordinates":[[-83.732135,42.279886],[-83.732231,42.279884]]},"properties":{"Layer":"CM-ATHL"}},{"type":"Feature","geometry":{"type":"LineString","coordinates":[[-83.732284,42.279932],[-83.732275,42.279719]]},"properties":{"Layer":"CM-ATHL"}},{"type":"Feature","geometry":{"type":"LineString","coordinates":[[-83.732302,42.279931],[-83.732294,42.279719]]},"properties":{"Layer":"CM-ATHL"}},{"type":"Feature","geometry":{"type":"LineString","coordinates":[[-83.732414,42.279929],[-83.732406,42.279717]]},"properties":{"Layer":"CM-ATHL"}},{"type":"Feature","geometry":{"type":"LineString","coordinates":[[-83.732398,42.279929],[-83.732389,42.279717]]},"properties":{"Layer":"CM-ATHL"}},{"type":"Feature","geometry":{"type":"LineString","coordinates":[[-83.732346,42.279882],[-83.732342,42.279767]]},"properties":{"Layer":"CM-ATHL"}},{"type":"Feature","geometry":{"type":"LineString","coordinates":[[-83.732284,42.279932],[-83.732414,42.279929]]},"properties":{"Layer":"CM-ATHL"}},{"type":"Feature","geometry":{"type":"LineString","coordinates":[[-83.732275,42.279719],[-83.732408,42.279717]]},"properties":{"Layer":"CM-ATHL"}},{"type":"Feature","geometry":{"type":"LineString","coordinates":[[-83.732296,42.279768],[-83.732391,42.279766]]},"properties":{"Layer":"CM-ATHL"}},{"type":"Feature","geometry":{"type":"LineString","coordinates":[[-83.7323,42.279883],[-83.732396,42.279881]]},"properties":{"Layer":"CM-ATHL"}},{"type":"Feature","geometry":{"type":"LineString","coordinates":[[-83.732446,42.279929],[-83.732438,42.279716]]},"properties":{"Layer":"CM-ATHL"}},{"type":"Feature","geometry":{"type":"LineString","coordinates":[[-83.732465,42.279928],[-83.732456,42.279716]]},"properties":{"Layer":"CM-ATHL"}},{"type":"Feature","geometry":{"type":"LineString","coordinates":[[-83.732577,42.279926],[-83.732568,42.279714]]},"properties":{"Layer":"CM-ATHL"}},{"type":"Feature","geometry":{"type":"LineString","coordinates":[[-83.73256,42.279926],[-83.732552,42.279714]]},"properties":{"Layer":"CM-ATHL"}},{"type":"Feature","geometry":{"type":"LineString","coordinates":[[-83.732509,42.279879],[-83.732504,42.279764]]},"properties":{"Layer":"CM-ATHL"}},{"type":"Feature","geometry":{"type":"LineString","coordinates":[[-83.732446,42.279929],[-83.732577,42.279926]]},"properties":{"Layer":"CM-ATHL"}},{"type":"Feature","geometry":{"type":"LineString","coordinates":[[-83.732438,42.279716],[-83.73257,42.279714]]},"properties":{"Layer":"CM-ATHL"}},{"type":"Feature","geometry":{"type":"LineString","coordinates":[[-83.732458,42.279765],[-83.732554,42.279763]]},"properties":{"Layer":"CM-ATHL"}},{"type":"Feature","geometry":{"type":"LineString","coordinates":[[-83.732463,42.27988],[-83.732559,42.279878]]},"properties":{"Layer":"CM-ATHL"}},{"type":"Feature","geometry":{"type":"LineString","coordinates":[[-83.732436,42.279598],[-83.732427,42.279386]]},"properties":{"Layer":"CM-ATHL"}},{"type":"Feature","geometry":{"type":"LineString","coordinates":[[-83.732454,42.279598],[-83.732446,42.279385]]},"properties":{"Layer":"CM-ATHL"}},{"type":"Feature","geometry":{"type":"LineString","coordinates":[[-83.732566,42.279595],[-83.732558,42.279383]]},"properties":{"Layer":"CM-ATHL"}},{"type":"Feature","geometry":{"type":"LineString","coordinates":[[-83.73255,42.279596],[-83.732541,42.279383]]},"properties":{"Layer":"CM-ATHL"}},{"type":"Feature","geometry":{"type":"LineString","coordinates":[[-83.732498,42.279548],[-83.732494,42.279433]]},"properties":{"Layer":"CM-ATHL"}},{"type":"Feature","geometry":{"type":"LineString","coordinates":[[-83.732436,42.279598],[-83.732566,42.279595]]},"properties":{"Layer":"CM-ATHL"}},{"type":"Feature","geometry":{"type":"LineString","coordinates":[[-83.732427,42.279386],[-83.73256,42.279383]]},"properties":{"Layer":"CM-ATHL"}},{"type":"Feature","geometry":{"type":"LineString","coordinates":[[-83.732448,42.279434],[-83.732543,42.279432]]},"properties":{"Layer":"CM-ATHL"}},{"type":"Feature","geometry":{"type":"LineString","coordinates":[[-83.732452,42.279549],[-83.732548,42.279547]]},"properties":{"Layer":"CM-ATHL"}},{"type":"Feature","geometry":{"type":"LineString","coordinates":[[-83.732273,42.279601],[-83.732265,42.279389]]},"properties":{"Layer":"CM-ATHL"}},{"type":"Feature","geometry":{"type":"LineString","coordinates":[[-83.732291,42.279601],[-83.732283,42.279388]]},"properties":{"Layer":"CM-ATHL"}},{"type":"Feature","geometry":{"type":"LineString","coordinates":[[-83.732404,42.279598],[-83.732395,42.279386]]},"properties":{"Layer":"CM-ATHL"}},{"type":"Feature","geometry":{"type":"LineString","coordinates":[[-83.732387,42.279598],[-83.732379,42.279386]]},"properties":{"Layer":"CM-ATHL"}},{"type":"Feature","geometry":{"type":"LineString","coordinates":[[-83.732336,42.279551],[-83.732331,42.279436]]},"properties":{"Layer":"CM-ATHL"}},{"type":"Feature","geometry":{"type":"LineString","coordinates":[[-83.732273,42.279601],[-83.732404,42.279598]]},"properties":{"Layer":"CM-ATHL"}},{"type":"Feature","geometry":{"type":"LineString","coordinates":[[-83.732265,42.279389],[-83.732397,42.279386]]},"properties":{"Layer":"CM-ATHL"}},{"type":"Feature","geometry":{"type":"LineString","coordinates":[[-83.732285,42.279437],[-83.732381,42.279435]]},"properties":{"Layer":"CM-ATHL"}},{"type":"Feature","geometry":{"type":"LineString","coordinates":[[-83.73229,42.279552],[-83.732385,42.27955]]},"properties":{"Layer":"CM-ATHL"}},{"type":"Feature","geometry":{"type":"LineString","coordinates":[[-83.73211,42.279604],[-83.732102,42.279392]]},"properties":{"Layer":"CM-ATHL"}},{"type":"Feature","geometry":{"type":"LineString","coordinates":[[-83.732129,42.279603],[-83.73212,42.279391]]},"properties":{"Layer":"CM-ATHL"}},{"type":"Feature","geometry":{"type":"LineString","coordinates":[[-83.732241,42.279601],[-83.732233,42.279389]]},"properties":{"Layer":"CM-ATHL"}},{"type":"Feature","geometry":{"type":"LineString","coordinates":[[-83.732225,42.279601],[-83.732216,42.279389]]},"properties":{"Layer":"CM-ATHL"}},{"type":"Feature","geometry":{"type":"LineString","coordinates":[[-83.732173,42.279554],[-83.732168,42.279439]]},"properties":{"Layer":"CM-ATHL"}},{"type":"Feature","geometry":{"type":"LineString","coordinates":[[-83.73211,42.279604],[-83.732241,42.279601]]},"properties":{"Layer":"CM-ATHL"}},{"type":"Feature","geometry":{"type":"LineString","coordinates":[[-83.732102,42.279392],[-83.732235,42.279389]]},"properties":{"Layer":"CM-ATHL"}},{"type":"Feature","geometry":{"type":"LineString","coordinates":[[-83.732122,42.27944],[-83.732218,42.279438]]},"properties":{"Layer":"CM-ATHL"}},{"type":"Feature","geometry":{"type":"LineString","coordinates":[[-83.732127,42.279555],[-83.732223,42.279553]]},"properties":{"Layer":"CM-ATHL"}},{"type":"Feature","geometry":{"type":"LineString","coordinates":[[-83.731948,42.279607],[-83.731939,42.279394]]},"properties":{"Layer":"CM-ATHL"}},{"type":"Feature","geometry":{"type":"LineString","coordinates":[[-83.731966,42.279606],[-83.731958,42.279394]]},"properties":{"Layer":"CM-ATHL"}},{"type":"Feature","geometry":{"type":"LineString","coordinates":[[-83.732078,42.279604],[-83.73207,42.279392]]},"properties":{"Layer":"CM-ATHL"}},{"type":"Feature","geometry":{"type":"LineString","coordinates":[[-83.732062,42.279604],[-83.732054,42.279392]]},"properties":{"Layer":"CM-ATHL"}},{"type":"Feature","geometry":{"type":"LineString","coordinates":[[-83.73201,42.279557],[-83.732006,42.279442]]},"properties":{"Layer":"CM-ATHL"}},{"type":"Feature","geometry":{"type":"LineString","coordinates":[[-83.731948,42.279607],[-83.732078,42.279604]]},"properties":{"Layer":"CM-ATHL"}},{"type":"Feature","geometry":{"type":"LineString","coordinates":[[-83.731939,42.279394],[-83.732072,42.279392]]},"properties":{"Layer":"CM-ATHL"}},{"type":"Feature","geometry":{"type":"LineString","coordinates":[[-83.73196,42.279443],[-83.732056,42.279441]]},"properties":{"Layer":"CM-ATHL"}},{"type":"Feature","geometry":{"type":"LineString","coordinates":[[-83.731964,42.279558],[-83.73206,42.279556]]},"properties":{"Layer":"CM-ATHL"}},{"type":"Feature","geometry":{"type":"LineString","coordinates":[[-83.732915,42.279649],[-83.732915,42.279646],[-83.73259,42.279652],[-83.73259,42.279655],[-83.732915,42.279649]]},"properties":{"Layer":"CM-ATHL"}},{"type":"Feature","geometry":{"type":"MultiLineString","coordinates":[[[-83.732068,42.279333],[-83.732068,42.279333],[-83.732068,42.279334],[-83.732068,42.279334],[-83.732068,42.279334],[-83.732069,42.279334],[-83.732069,42.279334],[-83.732069,42.279334],[-83.732069,42.279334],[-83.73207,42.279334],[-83.73207,42.279334],[-83.73207,42.279334],[-83.732071,42.279334],[-83.732071,42.279334],[-83.732071,42.279334],[-83.732071,42.279334],[-83.732071,42.279334],[-83.732072,42.279333],[-83.732072,42.279333],[-83.732072,42.279333],[-83.732072,42.279333],[-83.732071,42.279332],[-83.732071,42.279332],[-83.732071,42.279332],[-83.732071,42.279332],[-83.73207,42.279332],[-83.73207,42.279332],[-83.73207,42.279332],[-83.732069,42.279332],[-83.732069,42.279332],[-83.732069,42.279332],[-83.732069,42.279332],[-83.732068,42.279332],[-83.732068,42.279332],[-83.732068,42.279333],[-83.732068,42.279333],[-83.732068,42.279333]],[[-83.732068,42.279333],[-83.732068,42.279333],[-83.732068,42.279333],[-83.732068,42.279334],[-83.732069,42.279334],[-83.732069,42.279334],[-83.732069,42.279334],[-83.732069,42.279334],[-83.732069,42.279334],[-83.73207,42.279334],[-83.73207,42.279334],[-83.73207,42.279334],[-83.73207,42.279334],[-83.732071,42.279334],[-83.732071,42.279334],[-83.732071,42.279334],[-83.732071,42.279333],[-83.732071,42.279333],[-83.732071,42.279333],[-83.732071,42.279333],[-83.732071,42.279333],[-83.732071,42.279333],[-83.732071,42.279332],[-83.732071,42.279332],[-83.732071,42.279332],[-83.73207,42.279332],[-83.73207,42.279332],[-83.73207,42.279332],[-83.73207,42.279332],[-83.732069,42.279332],[-83.732069,42.279332],[-83.732069,42.279332],[-83.732069,42.279332],[-83.732068,42.279332],[-83.732068,42.279333],[-83.732068,42.279333],[-83.732068,42.279333]],[[-83.732069,42.279333],[-83.732069,42.279333],[-83.732069,42.279333],[-83.732069,42.279333],[-83.732069,42.279334],[-83.732069,42.279334],[-83.732069,42.279334],[-83.732069,42.279334],[-83.73207,42.279334],[-83.73207,42.279334],[-83.73207,42.279334],[-83.73207,42.279334],[-83.73207,42.279334],[-83.73207,42.279334],[-83.732071,42.279334],[-83.732071,42.279333],[-83.732071,42.279333],[-83.732071,42.279333],[-83.732071,42.279333],[-83.732071,42.279333],[-83.732071,42.279333],[-83.732071,42.279333],[-83.732071,42.279333],[-83.73207,42.279332],[-83.73207,42.279332],[-83.73207,42.279332],[-83.73207,42.279332],[-83.73207,42.279332],[-83.73207,42.279332],[-83.732069,42.279332],[-83.732069,42.279332],[-83.732069,42.279332],[-83.732069,42.279333],[-83.732069,42.279333],[-83.732069,42.279333],[-83.732069,42.279333],[-83.732069,42.279333]],[[-83.732069,42.279333],[-83.732069,42.279333],[-83.732069,42.279333],[-83.732069,42.279333],[-83.732069,42.279333],[-83.732069,42.279333],[-83.732069,42.279334],[-83.73207,42.279334],[-83.73207,42.279334],[-83.73207,42.279334],[-83.73207,42.279334],[-83.73207,42.279334],[-83.73207,42.279334],[-83.73207,42.279333],[-83.73207,42.279333],[-83.73207,42.279333],[-83.73207,42.279333],[-83.73207,42.279333],[-83.732071,42.279333],[-83.73207,42.279333],[-83.73207,42.279333],[-83.73207,42.279333],[-83.73207,42.279333],[-83.73207,42.279333],[-83.73207,42.279333],[-83.73207,42.279333],[-83.73207,42.279333],[-83.73207,42.279332],[-83.73207,42.279333],[-83.73207,42.279333],[-83.732069,42.279333],[-83.732069,42.279333],[-83.732069,42.279333],[-83.732069,42.279333],[-83.732069,42.279333],[-83.732069,42.279333],[-83.732069,42.279333]],[[-83.732069,42.279333],[-83.732069,42.279333],[-83.732069,42.279333],[-83.732069,42.279333],[-83.732069,42.279333],[-83.73207,42.279333],[-83.73207,42.279333],[-83.73207,42.279333],[-83.73207,42.279333],[-83.73207,42.279333],[-83.73207,42.279333],[-83.73207,42.279333],[-83.73207,42.279333],[-83.73207,42.279333],[-83.73207,42.279333],[-83.73207,42.279333],[-83.73207,42.279333],[-83.73207,42.279333],[-83.73207,42.279333],[-83.73207,42.279333],[-83.73207,42.279333],[-83.73207,42.279333],[-83.73207,42.279333],[-83.73207,42.279333],[-83.73207,42.279333],[-83.73207,42.279333],[-83.73207,42.279333],[-83.73207,42.279333],[-83.73207,42.279333],[-83.73207,42.279333],[-83.73207,42.279333],[-83.73207,42.279333],[-83.732069,42.279333],[-83.732069,42.279333],[-83.732069,42.279333],[-83.732069,42.279333],[-83.732069,42.279333]]]},"properties":{"Layer":"CM-ATHL"}},{"type":"Feature","geometry":{"type":"LineString","coordinates":[[-83.732085,42.279333],[-83.73207,42.279333]]},"properties":{"Layer":"CM-ATHL"}},{"type":"Feature","geometry":{"type":"MultiLineString","coordinates":[[[-83.732597,42.279984],[-83.732597,42.279984],[-83.732597,42.279984],[-83.732597,42.279985],[-83.732598,42.279985],[-83.732598,42.279985],[-83.732598,42.279985],[-83.732599,42.279985],[-83.732599,42.279985],[-83.732599,42.279985],[-83.7326,42.279985],[-83.7326,42.279985],[-83.7326,42.279985],[-83.7326,42.279985],[-83.732601,42.279984],[-83.732601,42.279984],[-83.732601,42.279984],[-83.732601,42.279984],[-83.732601,42.279983],[-83.732601,42.279983],[-83.7326,42.279983],[-83.7326,42.279983],[-83.7326,42.279983],[-83.732599,42.279983],[-83.732599,42.279982],[-83.732599,42.279983],[-83.732598,42.279983],[-83.732598,42.279983],[-83.732598,42.279983],[-83.732598,42.279983],[-83.732597,42.279983],[-83.732597,42.279984],[-83.732597,42.279984]],[[-83.732598,42.279984],[-83.732598,42.279984],[-83.732598,42.279984],[-83.732598,42.279984],[-83.732598,42.279985],[-83.732598,42.279985],[-83.732598,42.279985],[-83.732598,42.279985],[-83.732599,42.279985],[-83.732599,42.279985],[-83.732599,42.279985],[-83.732599,42.279985],[-83.7326,42.279985],[-83.7326,42.279985],[-83.7326,42.279985],[-83.7326,42.279984],[-83.7326,42.279984],[-83.7326,42.279984],[-83.7326,42.279984],[-83.7326,42.279984],[-83.7326,42.279984],[-83.7326,42.279983],[-83.7326,42.279983],[-83.7326,42.279983],[-83.7326,42.279983],[-83.7326,42.279983],[-83.732599,42.279983],[-83.732599,42.279983],[-83.732599,42.279983],[-83.732598,42.279983],[-83.732598,42.279983],[-83.732598,42.279983],[-83.732598,42.279983],[-83.732598,42.279983],[-83.732598,42.279983],[-83.732598,42.279984],[-83.732598,42.279984]],[[-83.732598,42.279984],[-83.732598,42.279984],[-83.732598,42.279984],[-83.732598,42.279984],[-83.732598,42.279984],[-83.732598,42.279984],[-83.732598,42.279985],[-83.732599,42.279985],[-83.732599,42.279985],[-83.732599,42.279985],[-83.732599,42.279985],[-83.732599,42.279985],[-83.7326,42.279985],[-83.7326,42.279985],[-83.7326,42.279984],[-83.7326,42.279984],[-83.7326,42.279984],[-83.7326,42.279984],[-83.7326,42.279984],[-83.7326,42.279984],[-83.7326,42.279984],[-83.7326,42.279983],[-83.7326,42.279983],[-83.7326,42.279983],[-83.7326,42.279983],[-83.732599,42.279983],[-83.732599,42.279983],[-83.732599,42.279983],[-83.732599,42.279983],[-83.732599,42.279983],[-83.732598,42.279983],[-83.732598,42.279983],[-83.732598,42.279983],[-83.732598,42.279983],[-83.732598,42.279984],[-83.732598,42.279984],[-83.732598,42.279984]],[[-83.732598,42.279984],[-83.732598,42.279984],[-83.732598,42.279984],[-83.732598,42.279984],[-83.732598,42.279984],[-83.732599,42.279984],[-83.732599,42.279984],[-83.732599,42.279984],[-83.732599,42.279984],[-83.732599,42.279984],[-83.732599,42.279984],[-83.732599,42.279984],[-83.732599,42.279984],[-83.732599,42.279984],[-83.7326,42.279984],[-83.7326,42.279984],[-83.7326,42.279984],[-83.7326,42.279984],[-83.7326,42.279984],[-83.7326,42.279984],[-83.7326,42.279984],[-83.7326,42.279984],[-83.7326,42.279984],[-83.732599,42.279983],[-83.732599,42.279983],[-83.732599,42.279983],[-83.732599,42.279983],[-83.732599,42.279983],[-83.732599,42.279983],[-83.732599,42.279983],[-83.732599,42.279983],[-83.732599,42.279983],[-83.732598,42.279984],[-83.732598,42.279984],[-83.732598,42.279984],[-83.732598,42.279984],[-83.732598,42.279984]],[[-83.732599,42.279984],[-83.732599,42.279984],[-83.732599,42.279984],[-83.732599,42.279984],[-83.732599,42.279984],[-83.732599,42.279984],[-83.732599,42.279984],[-83.732599,42.279984],[-83.732599,42.279984],[-83.732599,42.279984],[-83.732599,42.279984],[-83.732599,42.279984],[-83.732599,42.279984],[-83.732599,42.279984],[-83.732599,42.279984],[-83.732599,42.279984],[-83.732599,42.279984],[-83.732599,42.279984],[-83.732599,42.279984],[-83.732599,42.279984],[-83.732599,42.279984],[-83.732599,42.279984],[-83.732599,42.279984],[-83.732599,42.279984],[-83.732599,42.279984],[-83.732599,42.279984],[-83.732599,42.279984],[-83.732599,42.279984],[-83.732599,42.279984],[-83.732599,42.279984],[-83.732599,42.279984],[-83.732599,42.279984],[-83.732599,42.279984],[-83.732599,42.279984],[-83.732599,42.279984],[-83.732599,42.279984],[-83.732599,42.279984]]]},"properties":{"Layer":"CM-ATHL"}},{"type":"Feature","geometry":{"type":"MultiLineString","coordinates":[[[-83.732408,42.279326],[-83.732408,42.279326],[-83.732408,42.279326],[-83.732408,42.279327],[-83.732408,42.279327],[-83.732408,42.279327],[-83.732409,42.279327],[-83.732409,42.279327],[-83.732409,42.279327],[-83.73241,42.279327],[-83.73241,42.279327],[-83.732411,42.279327],[-83.732411,42.279327],[-83.732411,42.279327],[-83.732411,42.279326],[-83.732411,42.279326],[-83.732411,42.279326],[-83.732411,42.279326],[-83.732411,42.279325],[-83.732411,42.279325],[-83.732411,42.279325],[-83.732411,42.279325],[-83.73241,42.279325],[-83.73241,42.279325],[-83.73241,42.279324],[-83.732409,42.279324],[-83.732409,42.279325],[-83.732409,42.279325],[-83.732408,42.279325],[-83.732408,42.279325],[-83.732408,42.279325],[-83.732408,42.279325],[-83.732408,42.279326]],[[-83.732408,42.279326],[-83.732408,42.279326],[-83.732408,42.279326],[-83.732408,42.279326],[-83.732408,42.279327],[-83.732409,42.279327],[-83.732409,42.279327],[-83.732409,42.279327],[-83.732409,42.279327],[-83.73241,42.279327],[-83.73241,42.279327],[-83.73241,42.279327],[-83.73241,42.279327],[-83.732411,42.279327],[-83.732411,42.279327],[-83.732411,42.279326],[-83.732411,42.279326],[-83.732411,42.279326],[-83.732411,42.279326],[-83.732411,42.279326],[-83.732411,42.279325],[-83.732411,42.279325],[-83.732411,42.279325],[-83.732411,42.279325],[-83.73241,42.279325],[-83.73241,42.279325],[-83.73241,42.279325],[-83.73241,42.279325],[-83.732409,42.279325],[-83.732409,42.279325],[-83.732409,42.279325],[-83.732409,42.279325],[-83.732408,42.279325],[-83.732408,42.279325],[-83.732408,42.279325],[-83.732408,42.279326],[-83.732408,42.279326]],[[-83.732408,42.279326],[-83.732408,42.279326],[-83.732409,42.279326],[-83.732409,42.279326],[-83.732409,42.279326],[-83.732409,42.279326],[-83.732409,42.279327],[-83.732409,42.279327],[-83.732409,42.279327],[-83.73241,42.279327],[-83.73241,42.279327],[-83.73241,42.279327],[-83.73241,42.279327],[-83.73241,42.279326],[-83.73241,42.279326],[-83.732411,42.279326],[-83.732411,42.279326],[-83.732411,42.279326],[-83.732411,42.279326],[-83.732411,42.279326],[-83.732411,42.279326],[-83.732411,42.279325],[-83.73241,42.279325],[-83.73241,42.279325],[-83.73241,42.279325],[-83.73241,42.279325],[-83.73241,42.279325],[-83.73241,42.279325],[-83.732409,42.279325],[-83.732409,42.279325],[-83.732409,42.279325],[-83.732409,42.279325],[-83.732409,42.279325],[-83.732409,42.279325],[-83.732409,42.279326],[-83.732408,42.279326],[-83.732408,42.279326]],[[-83.732409,42.279326],[-83.732409,42.279326],[-83.732409,42.279326],[-83.732409,42.279326],[-83.732409,42.279326],[-83.732409,42.279326],[-83.732409,42.279326],[-83.732409,42.279326],[-83.732409,42.279326],[-83.73241,42.279326],[-83.73241,42.279326],[-83.73241,42.279326],[-83.73241,42.279326],[-83.73241,42.279326],[-83.73241,42.279326],[-83.73241,42.279326],[-83.73241,42.279326],[-83.73241,42.279326],[-83.73241,42.279326],[-83.73241,42.279326],[-83.73241,42.279326],[-83.73241,42.279326],[-83.73241,42.279325],[-83.73241,42.279325],[-83.73241,42.279325],[-83.73241,42.279325],[-83.73241,42.279325],[-83.73241,42.279325],[-83.732409,42.279325],[-83.732409,42.279325],[-83.732409,42.279325],[-83.732409,42.279325],[-83.732409,42.279325],[-83.732409,42.279326],[-83.732409,42.279326],[-83.732409,42.279326],[-83.732409,42.279326]],[[-83.732409,42.279326],[-83.732409,42.279326],[-83.732409,42.279326],[-83.732409,42.279326],[-83.732409,42.279326],[-83.732409,42.279326],[-83.732409,42.279326],[-83.732409,42.279326],[-83.73241,42.279326],[-83.73241,42.279326],[-83.73241,42.279326],[-83.73241,42.279326],[-83.73241,42.279326],[-83.73241,42.279326],[-83.73241,42.279326],[-83.73241,42.279326],[-83.73241,42.279326],[-83.73241,42.279326],[-83.73241,42.279326],[-83.73241,42.279326],[-83.73241,42.279326],[-83.73241,42.279326],[-83.73241,42.279326],[-83.73241,42.279326],[-83.73241,42.279326],[-83.73241,42.279326],[-83.73241,42.279326],[-83.73241,42.279326],[-83.73241,42.279326],[-83.732409,42.279326],[-83.732409,42.279326],[-83.732409,42.279326],[-83.732409,42.279326],[-83.732409,42.279326],[-83.732409,42.279326],[-83.732409,42.279326],[-83.732409,42.279326]]]},"properties":{"Layer":"CM-ATHL"}},{"type":"Feature","geometry":{"type":"LineString","coordinates":[[-83.73241,42.279326],[-83.732395,42.279326]]},"properties":{"Layer":"CM-ATHL"}},{"type":"Feature","geometry":{"type":"MultiLineString","coordinates":[[[-83.732393,42.279326],[-83.732393,42.279326],[-83.732393,42.279327],[-83.732393,42.279327],[-83.732393,42.279327],[-83.732394,42.279327],[-83.732394,42.279327],[-83.732394,42.279327],[-83.732394,42.279327],[-83.732395,42.279328],[-83.732395,42.279327],[-83.732395,42.279327],[-83.732396,42.279327],[-83.732396,42.279327],[-83.732396,42.279327],[-83.732396,42.279327],[-83.732397,42.279327],[-83.732397,42.279326],[-83.732397,42.279326],[-83.732397,42.279326],[-83.732397,42.279326],[-83.732396,42.279325],[-83.732396,42.279325],[-83.732396,42.279325],[-83.732396,42.279325],[-83.732395,42.279325],[-83.732395,42.279325],[-83.732395,42.279325],[-83.732395,42.279325],[-83.732394,42.279325],[-83.732394,42.279325],[-83.732394,42.279325],[-83.732393,42.279325],[-83.732393,42.279325],[-83.732393,42.279326],[-83.732393,42.279326],[-83.732393,42.279326]],[[-83.732393,42.279326],[-83.732393,42.279326],[-83.732393,42.279327],[-83.732394,42.279327],[-83.732394,42.279327],[-83.732394,42.279327],[-83.732394,42.279327],[-83.732394,42.279327],[-83.732395,42.279327],[-83.732395,42.279327],[-83.732395,42.279327],[-83.732395,42.279327],[-83.732396,42.279327],[-83.732396,42.279327],[-83.732396,42.279327],[-83.732396,42.279327],[-83.732396,42.279327],[-83.732396,42.279326],[-83.732396,42.279326],[-83.732396,42.279326],[-83.732396,42.279326],[-83.732396,42.279326],[-83.732396,42.279325],[-83.732396,42.279325],[-83.732396,42.279325],[-83.732395,42.279325],[-83.732395,42.279325],[-83.732395,42.279325],[-83.732395,42.279325],[-83.732394,42.279325],[-83.732394,42.279325],[-83.732394,42.279325],[-83.732394,42.279325],[-83.732394,42.279326],[-83.732393,42.279326],[-83.732393,42.279326],[-83.732393,42.279326]],[[-83.732394,42.279326],[-83.732394,42.279326],[-83.732394,42.279326],[-83.732394,42.279327],[-83.732394,42.279327],[-83.732394,42.279327],[-83.732394,42.279327],[-83.732394,42.279327],[-83.732395,42.279327],[-83.732395,42.279327],[-83.732395,42.279327],[-83.732395,42.279327],[-83.732395,42.279327],[-83.732396,42.279327],[-83.732396,42.279327],[-83.732396,42.279327],[-83.732396,42.279326],[-83.732396,42.279326],[-83.732396,42.279326],[-83.732396,42.279326],[-83.732396,42.279326],[-83.732396,42.279326],[-83.732396,42.279326],[-83.732396,42.279326],[-83.732395,42.279325],[-83.732395,42.279325],[-83.732395,42.279325],[-83.732395,42.279325],[-83.732395,42.279325],[-83.732394,42.279325],[-83.732394,42.279325],[-83.732394,42.279326],[-83.732394,42.279326],[-83.732394,42.279326],[-83.732394,42.279326],[-83.732394,42.279326],[-83.732394,42.279326]],[[-83.732394,42.279326],[-83.732394,42.279326],[-83.732394,42.279326],[-83.732394,42.279326],[-83.732394,42.279326],[-83.732394,42.279327],[-83.732394,42.279327],[-83.732395,42.279327],[-83.732395,42.279327],[-83.732395,42.279327],[-83.732395,42.279327],[-83.732395,42.279327],[-83.732395,42.279327],[-83.732395,42.279327],[-83.732395,42.279327],[-83.732395,42.279326],[-83.732396,42.279326],[-83.732396,42.279326],[-83.732396,42.279326],[-83.732396,42.279326],[-83.732396,42.279326],[-83.732395,42.279326],[-83.732395,42.279326],[-83.732395,42.279326],[-83.732395,42.279326],[-83.732395,42.279326],[-83.732395,42.279326],[-83.732395,42.279326],[-83.732395,42.279326],[-83.732395,42.279326],[-83.732394,42.279326],[-83.732394,42.279326],[-83.732394,42.279326],[-83.732394,42.279326],[-83.732394,42.279326],[-83.732394,42.279326],[-83.732394,42.279326]],[[-83.732394,42.279326],[-83.732394,42.279326],[-83.732394,42.279326],[-83.732394,42.279326],[-83.732395,42.279326],[-83.732395,42.279326],[-83.732395,42.279326],[-83.732395,42.279326],[-83.732395,42.279326],[-83.732395,42.279326],[-83.732395,42.279326],[-83.732395,42.279326],[-83.732395,42.279326],[-83.732395,42.279326],[-83.732395,42.279326],[-83.732395,42.279326],[-83.732395,42.279326],[-83.732395,42.279326],[-83.732395,42.279326],[-83.732395,42.279326],[-83.732395,42.279326],[-83.732395,42.279326],[-83.732395,42.279326],[-83.732395,42.279326],[-83.732395,42.279326],[-83.732395,42.279326],[-83.732395,42.279326],[-83.732395,42.279326],[-83.732395,42.279326],[-83.732395,42.279326],[-83.732395,42.279326],[-83.732395,42.279326],[-83.732395,42.279326],[-83.732394,42.279326],[-83.732394,42.279326],[-83.732394,42.279326],[-83.732394,42.279326]]]},"properties":{"Layer":"CM-ATHL"}},{"type":"Feature","geometry":{"type":"MultiLineString","coordinates":[[[-83.732354,42.279327],[-83.732354,42.279327],[-83.732354,42.279327],[-83.732354,42.279328],[-83.732355,42.279328],[-83.732355,42.279328],[-83.732355,42.279328],[-83.732355,42.279328],[-83.732356,42.279328],[-83.732356,42.279328],[-83.732356,42.279328],[-83.732357,42.279328],[-83.732357,42.279328],[-83.732357,42.279328],[-83.732357,42.279328],[-83.732358,42.279328],[-83.732358,42.279327],[-83.732358,42.279327],[-83.732358,42.279327],[-83.732358,42.279327],[-83.732358,42.279327],[-83.732358,42.279326],[-83.732357,42.279326],[-83.732357,42.279326],[-83.732357,42.279326],[-83.732357,42.279326],[-83.732356,42.279326],[-83.732356,42.279326],[-83.732356,42.279326],[-83.732355,42.279326],[-83.732355,42.279326],[-83.732355,42.279326],[-83.732355,42.279326],[-83.732354,42.279326],[-83.732354,42.279326],[-83.732354,42.279327],[-83.732354,42.279327]],[[-83.732355,42.279327],[-83.732355,42.279327],[-83.732355,42.279327],[-83.732355,42.279328],[-83.732355,42.279328],[-83.732355,42.279328],[-83.732355,42.279328],[-83.732356,42.279328],[-83.732356,42.279328],[-83.732356,42.279328],[-83.732356,42.279328],[-83.732357,42.279328],[-83.732357,42.279328],[-83.732357,42.279328],[-83.732357,42.279328],[-83.732357,42.279328],[-83.732357,42.279327],[-83.732357,42.279327],[-83.732358,42.279327],[-83.732357,42.279327],[-83.732357,42.279327],[-83.732357,42.279326],[-83.732357,42.279326],[-83.732357,42.279326],[-83.732357,42.279326],[-83.732357,42.279326],[-83.732356,42.279326],[-83.732356,42.279326],[-83.732356,42.279326],[-83.732356,42.279326],[-83.732355,42.279326],[-83.732355,42.279326],[-83.732355,42.279326],[-83.732355,42.279326],[-83.732355,42.279327],[-83.732355,42.279327],[-83.732355,42.279327]],[[-83.732355,42.279327],[-83.732355,42.279327],[-83.732355,42.279327],[-83.732355,42.279327],[-83.732355,42.279327],[-83.732355,42.279328],[-83.732355,42.279328],[-83.732356,42.279328],[-83.732356,42.279328],[-83.732356,42.279328],[-83.732356,42.279328],[-83.732356,42.279328],[-83.732357,42.279328],[-83.732357,42.279328],[-83.732357,42.279328],[-83.732357,42.279327],[-83.732357,42.279327],[-83.732357,42.279327],[-83.732357,42.279327],[-83.732357,42.279327],[-83.732357,42.279327],[-83.732357,42.279327],[-83.732357,42.279326],[-83.732357,42.279326],[-83.732357,42.279326],[-83.732356,42.279326],[-83.732356,42.279326],[-83.732356,42.279326],[-83.732356,42.279326],[-83.732356,42.279326],[-83.732355,42.279326],[-83.732355,42.279326],[-83.732355,42.279326],[-83.732355,42.279327],[-83.732355,42.279327],[-83.732355,42.279327],[-83.732355,42.279327]],[[-83.732355,42.279327],[-83.732355,42.279327],[-83.732355,42.279327],[-83.732355,42.279327],[-83.732355,42.279327],[-83.732356,42.279327],[-83.732356,42.279327],[-83.732356,42.279327],[-83.732356,42.279328],[-83.732356,42.279328],[-83.732356,42.279328],[-83.732356,42.279327],[-83.732356,42.279327],[-83.732357,42.279327],[-83.732357,42.279327],[-83.732357,42.279327],[-83.732357,42.279327],[-83.732357,42.279327],[-83.732357,42.279327],[-83.732357,42.279327],[-83.732357,42.279327],[-83.732357,42.279327],[-83.732357,42.279327],[-83.732357,42.279327],[-83.732356,42.279326],[-83.732356,42.279326],[-83.732356,42.279326],[-83.732356,42.279326],[-83.732356,42.279326],[-83.732356,42.279326],[-83.732356,42.279326],[-83.732356,42.279327],[-83.732355,42.279327],[-83.732355,42.279327],[-83.732355,42.279327],[-83.732355,42.279327],[-83.732355,42.279327]],[[-83.732356,42.279327],[-83.732356,42.279327],[-83.732356,42.279327],[-83.732356,42.279327],[-83.732356,42.279327],[-83.732356,42.279327],[-83.732356,42.279327],[-83.732356,42.279327],[-83.732356,42.279327],[-83.732356,42.279327],[-83.732356,42.279327],[-83.732356,42.279327],[-83.732356,42.279327],[-83.732356,42.279327],[-83.732356,42.279327],[-83.732356,42.279327],[-83.732356,42.279327],[-83.732356,42.279327],[-83.732356,42.279327],[-83.732356,42.279327],[-83.732356,42.279327],[-83.732356,42.279327],[-83.732356,42.279327],[-83.732356,42.279327],[-83.732356,42.279327],[-83.732356,42.279327],[-83.732356,42.279327],[-83.732356,42.279327],[-83.732356,42.279327],[-83.732356,42.279327],[-83.732356,42.279327],[-83.732356,42.279327],[-83.732356,42.279327],[-83.732356,42.279327],[-83.732356,42.279327],[-83.732356,42.279327],[-83.732356,42.279327]]]},"properties":{"Layer":"CM-ATHL"}},{"type":"Feature","geometry":{"type":"MultiLineString","coordinates":[[[-83.732315,42.279328],[-83.732315,42.279328],[-83.732316,42.279328],[-83.732316,42.279328],[-83.732316,42.279329],[-83.732316,42.279329],[-83.732316,42.279329],[-83.732317,42.279329],[-83.732317,42.279329],[-83.732317,42.279329],[-83.732318,42.279329],[-83.732318,42.279329],[-83.732318,42.279329],[-83.732318,42.279329],[-83.732319,42.279329],[-83.732319,42.279328],[-83.732319,42.279328],[-83.732319,42.279328],[-83.732319,42.279328],[-83.732319,42.279328],[-83.732319,42.279327],[-83.732319,42.279327],[-83.732319,42.279327],[-83.732318,42.279327],[-83.732318,42.279327],[-83.732318,42.279327],[-83.732318,42.279326],[-83.732317,42.279326],[-83.732317,42.279326],[-83.732317,42.279326],[-83.732316,42.279327],[-83.732316,42.279327],[-83.732316,42.279327],[-83.732316,42.279327],[-83.732316,42.279327],[-83.732315,42.279328],[-83.732315,42.279328]],[[-83.732316,42.279328],[-83.732316,42.279328],[-83.732316,42.279328],[-83.732316,42.279328],[-83.732316,42.279328],[-83.732316,42.279329],[-83.732316,42.279329],[-83.732317,42.279329],[-83.732317,42.279329],[-83.732317,42.279329],[-83.732317,42.279329],[-83.732318,42.279329],[-83.732318,42.279329],[-83.732318,42.279329],[-83.732318,42.279329],[-83.732319,42.279328],[-83.732319,42.279328],[-83.732319,42.279328],[-83.732319,42.279328],[-83.732319,42.279328],[-83.732319,42.279327],[-83.732319,42.279327],[-83.732318,42.279327],[-83.732318,42.279327],[-83.732318,42.279327],[-83.732318,42.279327],[-83.732318,42.279327],[-83.732317,42.279327],[-83.732317,42.279327],[-83.732317,42.279327],[-83.732317,42.279327],[-83.732316,42.279327],[-83.732316,42.279327],[-83.732316,42.279327],[-83.732316,42.279327],[-83.732316,42.279328],[-83.732316,42.279328]],[[-83.732316,42.279328],[-83.732316,42.279328],[-83.732316,42.279328],[-83.732316,42.279328],[-83.732316,42.279328],[-83.732317,42.279328],[-83.732317,42.279329],[-83.732317,42.279329],[-83.732317,42.279329],[-83.732317,42.279329],[-83.732317,42.279329],[-83.732318,42.279329],[-83.732318,42.279329],[-83.732318,42.279328],[-83.732318,42.279328],[-83.732318,42.279328],[-83.732318,42.279328],[-83.732318,42.279328],[-83.732318,42.279328],[-83.732318,42.279328],[-83.732318,42.279328],[-83.732318,42.279327],[-83.732318,42.279327],[-83.732318,42.279327],[-83.732318,42.279327],[-83.732318,42.279327],[-83.732317,42.279327],[-83.732317,42.279327],[-83.732317,42.279327],[-83.732317,42.279327],[-83.732317,42.279327],[-83.732317,42.279327],[-83.732316,42.279327],[-83.732316,42.279327],[-83.732316,42.279328],[-83.732316,42.279328],[-83.732316,42.279328]],[[-83.732317,42.279328],[-83.732317,42.279328],[-83.732317,42.279328],[-83.732317,42.279328],[-83.732317,42.279328],[-83.732317,42.279328],[-83.732317,42.279328],[-83.732317,42.279328],[-83.732317,42.279328],[-83.732317,42.279328],[-83.732317,42.279328],[-83.732317,42.279328],[-83.732318,42.279328],[-83.732318,42.279328],[-83.732318,42.279328],[-83.732318,42.279328],[-83.732318,42.279328],[-83.732318,42.279328],[-83.732318,42.279328],[-83.732318,42.279328],[-83.732318,42.279328],[-83.732318,42.279328],[-83.732318,42.279327],[-83.732318,42.279327],[-83.732318,42.279327],[-83.732318,42.279327],[-83.732317,42.279327],[-83.732317,42.279327],[-83.732317,42.279327],[-83.732317,42.279327],[-83.732317,42.279327],[-83.732317,42.279327],[-83.732317,42.279327],[-83.732317,42.279328],[-83.732317,42.279328],[-83.732317,42.279328],[-83.732317,42.279328]],[[-83.732317,42.279328],[-83.732317,42.279328],[-83.732317,42.279328],[-83.732317,42.279328],[-83.732317,42.279328],[-83.732317,42.279328],[-83.732317,42.279328],[-83.732317,42.279328],[-83.732317,42.279328],[-83.732317,42.279328],[-83.732317,42.279328],[-83.732317,42.279328],[-83.732317,42.279328],[-83.732317,42.279328],[-83.732318,42.279328],[-83.732318,42.279328],[-83.732318,42.279328],[-83.732318,42.279328],[-83.732318,42.279328],[-83.732318,42.279328],[-83.732318,42.279328],[-83.732318,42.279328],[-83.732318,42.279328],[-83.732317,42.279328],[-83.732317,42.279328],[-83.732317,42.279328],[-83.732317,42.279328],[-83.732317,42.279328],[-83.732317,42.279328],[-83.732317,42.279328],[-83.732317,42.279328],[-83.732317,42.279328],[-83.732317,42.279328],[-83.732317,42.279328],[-83.732317,42.279328],[-83.732317,42.279328],[-83.732317,42.279328]]]},"properties":{"Layer":"CM-ATHL"}},{"type":"Feature","geometry":{"type":"MultiLineString","coordinates":[[[-83.732277,42.279329],[-83.732277,42.279329],[-83.732277,42.279329],[-83.732277,42.279329],[-83.732277,42.279329],[-83.732277,42.27933],[-83.732278,42.27933],[-83.732278,42.27933],[-83.732278,42.27933],[-83.732278,42.27933],[-83.732279,42.27933],[-83.732279,42.27933],[-83.732279,42.27933],[-83.73228,42.27933],[-83.73228,42.27933],[-83.73228,42.279329],[-83.73228,42.279329],[-83.73228,42.279329],[-83.73228,42.279329],[-83.73228,42.279328],[-83.73228,42.279328],[-83.73228,42.279328],[-83.73228,42.279328],[-83.73228,42.279328],[-83.732279,42.279327],[-83.732279,42.279327],[-83.732279,42.279327],[-83.732278,42.279327],[-83.732278,42.279327],[-83.732278,42.279327],[-83.732278,42.279327],[-83.732277,42.279328],[-83.732277,42.279328],[-83.732277,42.279328],[-83.732277,42.279328],[-83.732277,42.279328],[-83.732277,42.279329]],[[-83.732277,42.279329],[-83.732277,42.279329],[-83.732277,42.279329],[-83.732277,42.279329],[-83.732277,42.279329],[-83.732278,42.279329],[-83.732278,42.27933],[-83.732278,42.27933],[-83.732278,42.27933],[-83.732278,42.27933],[-83.732279,42.27933],[-83.732279,42.27933],[-83.732279,42.27933],[-83.732279,42.279329],[-83.73228,42.279329],[-83.73228,42.279329],[-83.73228,42.279329],[-83.73228,42.279329],[-83.73228,42.279329],[-83.73228,42.279328],[-83.73228,42.279328],[-83.73228,42.279328],[-83.73228,42.279328],[-83.732279,42.279328],[-83.732279,42.279328],[-83.732279,42.279328],[-83.732279,42.279328],[-83.732278,42.279328],[-83.732278,42.279328],[-83.732278,42.279328],[-83.732278,42.279328],[-83.732278,42.279328],[-83.732277,42.279328],[-83.732277,42.279328],[-83.732277,42.279328],[-83.732277,42.279328],[-83.732277,42.279329]],[[-83.732277,42.279329],[-83.732277,42.279329],[-83.732277,42.279329],[-83.732277,42.279329],[-83.732278,42.279329],[-83.732278,42.279329],[-83.732278,42.279329],[-83.732278,42.279329],[-83.732278,42.279329],[-83.732278,42.279329],[-83.732279,42.279329],[-83.732279,42.279329],[-83.732279,42.279329],[-83.732279,42.279329],[-83.732279,42.279329],[-83.732279,42.279329],[-83.732279,42.279329],[-83.73228,42.279329],[-83.73228,42.279329],[-83.73228,42.279328],[-83.73228,42.279328],[-83.732279,42.279328],[-83.732279,42.279328],[-83.732279,42.279328],[-83.732279,42.279328],[-83.732279,42.279328],[-83.732279,42.279328],[-83.732278,42.279328],[-83.732278,42.279328],[-83.732278,42.279328],[-83.732278,42.279328],[-83.732278,42.279328],[-83.732278,42.279328],[-83.732278,42.279328],[-83.732277,42.279328],[-83.732277,42.279328],[-83.732277,42.279329]],[[-83.732278,42.279329],[-83.732278,42.279329],[-83.732278,42.279329],[-83.732278,42.279329],[-83.732278,42.279329],[-83.732278,42.279329],[-83.732278,42.279329],[-83.732278,42.279329],[-83.732278,42.279329],[-83.732278,42.279329],[-83.732279,42.279329],[-83.732279,42.279329],[-83.732279,42.279329],[-83.732279,42.279329],[-83.732279,42.279329],[-83.732279,42.279329],[-83.732279,42.279329],[-83.732279,42.279329],[-83.732279,42.279329],[-83.732279,42.279329],[-83.732279,42.279328],[-83.732279,42.279328],[-83.732279,42.279328],[-83.732279,42.279328],[-83.732279,42.279328],[-83.732279,42.279328],[-83.732279,42.279328],[-83.732278,42.279328],[-83.732278,42.279328],[-83.732278,42.279328],[-83.732278,42.279328],[-83.732278,42.279328],[-83.732278,42.279328],[-83.732278,42.279328],[-83.732278,42.279328],[-83.732278,42.279329],[-83.732278,42.279329]],[[-83.732278,42.279329],[-83.732278,42.279329],[-83.732278,42.279329],[-83.732278,42.279329],[-83.732278,42.279329],[-83.732278,42.279329],[-83.732278,42.279329],[-83.732278,42.279329],[-83.732278,42.279329],[-83.732278,42.279329],[-83.732279,42.279329],[-83.732279,42.279329],[-83.732279,42.279329],[-83.732279,42.279329],[-83.732279,42.279329],[-83.732279,42.279329],[-83.732279,42.279329],[-83.732279,42.279329],[-83.732279,42.279329],[-83.732279,42.279329],[-83.732279,42.279329],[-83.732279,42.279328],[-83.732279,42.279328],[-83.732279,42.279328],[-83.732279,42.279328],[-83.732279,42.279328],[-83.732279,42.279328],[-83.732278,42.279328],[-83.732278,42.279328],[-83.732278,42.279328],[-83.732278,42.279328],[-83.732278,42.279328],[-83.732278,42.279328],[-83.732278,42.279328],[-83.732278,42.279329],[-83.732278,42.279329],[-83.732278,42.279329]]]},"properties":{"Layer":"CM-ATHL"}},{"type":"Feature","geometry":{"type":"MultiLineString","coordinates":[[[-83.732238,42.279329],[-83.732238,42.27933],[-83.732238,42.27933],[-83.732238,42.27933],[-83.732238,42.27933],[-83.732238,42.27933],[-83.732239,42.279331],[-83.732239,42.279331],[-83.732239,42.279331],[-83.73224,42.279331],[-83.73224,42.279331],[-83.73224,42.279331],[-83.732241,42.279331],[-83.732241,42.27933],[-83.732241,42.27933],[-83.732241,42.27933],[-83.732241,42.27933],[-83.732241,42.27933],[-83.732242,42.279329],[-83.732241,42.279329],[-83.732241,42.279329],[-83.732241,42.279329],[-83.732241,42.279329],[-83.732241,42.279328],[-83.732241,42.279328],[-83.73224,42.279328],[-83.73224,42.279328],[-83.73224,42.279328],[-83.732239,42.279328],[-83.732239,42.279328],[-83.732239,42.279328],[-83.732238,42.279328],[-83.732238,42.279329],[-83.732238,42.279329],[-83.732238,42.279329],[-83.732238,42.279329],[-83.732238,42.279329]],[[-83.732238,42.279329],[-83.732238,42.27933],[-83.732238,42.27933],[-83.732238,42.27933],[-83.732239,42.27933],[-83.732239,42.27933],[-83.732239,42.27933],[-83.732239,42.27933],[-83.732239,42.279331],[-83.73224,42.279331],[-83.73224,42.279331],[-83.73224,42.27933],[-83.73224,42.27933],[-83.732241,42.27933],[-83.732241,42.27933],[-83.732241,42.27933],[-83.732241,42.27933],[-83.732241,42.27933],[-83.732241,42.279329],[-83.732241,42.279329],[-83.732241,42.279329],[-83.732241,42.279329],[-83.732241,42.279329],[-83.732241,42.279329],[-83.73224,42.279328],[-83.73224,42.279328],[-83.73224,42.279328],[-83.73224,42.279328],[-83.732239,42.279328],[-83.732239,42.279328],[-83.732239,42.279328],[-83.732239,42.279329],[-83.732239,42.279329],[-83.732238,42.279329],[-83.732238,42.279329],[-83.732238,42.279329],[-83.732238,42.279329]],[[-83.732239,42.279329],[-83.732239,42.27933],[-83.732239,42.27933],[-83.732239,42.27933],[-83.732239,42.27933],[-83.732239,42.27933],[-83.732239,42.27933],[-83.732239,42.27933],[-83.732239,42.27933],[-83.73224,42.27933],[-83.73224,42.27933],[-83.73224,42.27933],[-83.73224,42.27933],[-83.73224,42.27933],[-83.732241,42.27933],[-83.732241,42.27933],[-83.732241,42.27933],[-83.732241,42.27933],[-83.732241,42.279329],[-83.732241,42.279329],[-83.732241,42.279329],[-83.732241,42.279329],[-83.732241,42.279329],[-83.73224,42.279329],[-83.73224,42.279329],[-83.73224,42.279329],[-83.73224,42.279329],[-83.73224,42.279329],[-83.732239,42.279329],[-83.732239,42.279329],[-83.732239,42.279329],[-83.732239,42.279329],[-83.732239,42.279329],[-83.732239,42.279329],[-83.732239,42.279329],[-83.732239,42.279329],[-83.732239,42.279329]],[[-83.732239,42.279329],[-83.732239,42.27933],[-83.732239,42.27933],[-83.732239,42.27933],[-83.732239,42.27933],[-83.732239,42.27933],[-83.732239,42.27933],[-83.732239,42.27933],[-83.73224,42.27933],[-83.73224,42.27933],[-83.73224,42.27933],[-83.73224,42.27933],[-83.73224,42.27933],[-83.73224,42.27933],[-83.73224,42.27933],[-83.73224,42.27933],[-83.73224,42.27933],[-83.73224,42.27933],[-83.73224,42.279329],[-83.73224,42.279329],[-83.73224,42.279329],[-83.73224,42.279329],[-83.73224,42.279329],[-83.73224,42.279329],[-83.73224,42.279329],[-83.73224,42.279329],[-83.73224,42.279329],[-83.73224,42.279329],[-83.73224,42.279329],[-83.732239,42.279329],[-83.732239,42.279329],[-83.732239,42.279329],[-83.732239,42.279329],[-83.732239,42.279329],[-83.732239,42.279329],[-83.732239,42.279329],[-83.732239,42.279329]],[[-83.732239,42.279329],[-83.732239,42.279329],[-83.732239,42.27933],[-83.732239,42.27933],[-83.732239,42.27933],[-83.732239,42.27933],[-83.732239,42.27933],[-83.73224,42.27933],[-83.73224,42.27933],[-83.73224,42.27933],[-83.73224,42.27933],[-83.73224,42.27933],[-83.73224,42.27933],[-83.73224,42.27933],[-83.73224,42.27933],[-83.73224,42.27933],[-83.73224,42.27933],[-83.73224,42.279329],[-83.73224,42.279329],[-83.73224,42.279329],[-83.73224,42.279329],[-83.73224,42.279329],[-83.73224,42.279329],[-83.73224,42.279329],[-83.73224,42.279329],[-83.73224,42.279329],[-83.73224,42.279329],[-83.73224,42.279329],[-83.73224,42.279329],[-83.73224,42.279329],[-83.732239,42.279329],[-83.732239,42.279329],[-83.732239,42.279329],[-83.732239,42.279329],[-83.732239,42.279329],[-83.732239,42.279329],[-83.732239,42.279329]]]},"properties":{"Layer":"CM-ATHL"}},{"type":"Feature","geometry":{"type":"MultiLineString","coordinates":[[[-83.732199,42.27933],[-83.732199,42.27933],[-83.732199,42.279331],[-83.732199,42.279331],[-83.732199,42.279331],[-83.7322,42.279331],[-83.7322,42.279331],[-83.7322,42.279332],[-83.732201,42.279332],[-83.732201,42.279332],[-83.732201,42.279332],[-83.732202,42.279332],[-83.732202,42.279331],[-83.732202,42.279331],[-83.732202,42.279331],[-83.732202,42.279331],[-83.732203,42.279331],[-83.732203,42.279331],[-83.732203,42.27933],[-83.732203,42.27933],[-83.732203,42.27933],[-83.732203,42.27933],[-83.732202,42.279329],[-83.732202,42.279329],[-83.732202,42.279329],[-83.732202,42.279329],[-83.732201,42.279329],[-83.732201,42.279329],[-83.732201,42.279329],[-83.7322,42.279329],[-83.7322,42.279329],[-83.7322,42.279329],[-83.732199,42.279329],[-83.732199,42.27933],[-83.732199,42.27933],[-83.732199,42.27933],[-83.732199,42.27933]],[[-83.732199,42.27933],[-83.732199,42.27933],[-83.7322,42.279331],[-83.7322,42.279331],[-83.7322,42.279331],[-83.7322,42.279331],[-83.7322,42.279331],[-83.7322,42.279331],[-83.732201,42.279331],[-83.732201,42.279331],[-83.732201,42.279331],[-83.732201,42.279331],[-83.732202,42.279331],[-83.732202,42.279331],[-83.732202,42.279331],[-83.732202,42.279331],[-83.732202,42.279331],[-83.732202,42.27933],[-83.732202,42.27933],[-83.732202,42.27933],[-83.732202,42.27933],[-83.732202,42.27933],[-83.732202,42.27933],[-83.732202,42.279329],[-83.732202,42.279329],[-83.732201,42.279329],[-83.732201,42.279329],[-83.732201,42.279329],[-83.732201,42.279329],[-83.7322,42.279329],[-83.7322,42.279329],[-83.7322,42.279329],[-83.7322,42.27933],[-83.7322,42.27933],[-83.7322,42.27933],[-83.732199,42.27933],[-83.732199,42.27933]],[[-83.7322,42.27933],[-83.7322,42.27933],[-83.7322,42.279331],[-83.7322,42.279331],[-83.7322,42.279331],[-83.7322,42.279331],[-83.7322,42.279331],[-83.732201,42.279331],[-83.732201,42.279331],[-83.732201,42.279331],[-83.732201,42.279331],[-83.732201,42.279331],[-83.732201,42.279331],[-83.732202,42.279331],[-83.732202,42.279331],[-83.732202,42.279331],[-83.732202,42.279331],[-83.732202,42.27933],[-83.732202,42.27933],[-83.732202,42.27933],[-83.732202,42.27933],[-83.732202,42.27933],[-83.732202,42.27933],[-83.732202,42.27933],[-83.732201,42.27933],[-83.732201,42.279329],[-83.732201,42.279329],[-83.732201,42.279329],[-83.732201,42.279329],[-83.732201,42.279329],[-83.7322,42.27933],[-83.7322,42.27933],[-83.7322,42.27933],[-83.7322,42.27933],[-83.7322,42.27933],[-83.7322,42.27933],[-83.7322,42.27933]],[[-83.7322,42.27933],[-83.7322,42.27933],[-83.7322,42.27933],[-83.7322,42.279331],[-83.7322,42.279331],[-83.7322,42.279331],[-83.732201,42.279331],[-83.732201,42.279331],[-83.732201,42.279331],[-83.732201,42.279331],[-83.732201,42.279331],[-83.732201,42.279331],[-83.732201,42.279331],[-83.732201,42.279331],[-83.732201,42.279331],[-83.732202,42.279331],[-83.732202,42.27933],[-83.732202,42.27933],[-83.732202,42.27933],[-83.732202,42.27933],[-83.732202,42.27933],[-83.732202,42.27933],[-83.732201,42.27933],[-83.732201,42.27933],[-83.732201,42.27933],[-83.732201,42.27933],[-83.732201,42.27933],[-83.732201,42.27933],[-83.732201,42.27933],[-83.732201,42.27933],[-83.732201,42.27933],[-83.7322,42.27933],[-83.7322,42.27933],[-83.7322,42.27933],[-83.7322,42.27933],[-83.7322,42.27933],[-83.7322,42.27933]],[[-83.732201,42.27933],[-83.732201,42.27933],[-83.732201,42.27933],[-83.732201,42.27933],[-83.732201,42.27933],[-83.732201,42.27933],[-83.732201,42.279331],[-83.732201,42.279331],[-83.732201,42.279331],[-83.732201,42.279331],[-83.732201,42.279331],[-83.732201,42.279331],[-83.732201,42.279331],[-83.732201,42.27933],[-83.732201,42.27933],[-83.732201,42.27933],[-83.732201,42.27933],[-83.732201,42.27933],[-83.732201,42.27933],[-83.732201,42.27933],[-83.732201,42.27933],[-83.732201,42.27933],[-83.732201,42.27933],[-83.732201,42.27933],[-83.732201,42.27933],[-83.732201,42.27933],[-83.732201,42.27933],[-83.732201,42.27933],[-83.732201,42.27933],[-83.732201,42.27933],[-83.732201,42.27933],[-83.732201,42.27933],[-83.732201,42.27933],[-83.732201,42.27933],[-83.732201,42.27933],[-83.732201,42.27933],[-83.732201,42.27933]]]},"properties":{"Layer":"CM-ATHL"}},{"type":"Feature","geometry":{"type":"MultiLineString","coordinates":[[[-83.73216,42.279331],[-83.73216,42.279331],[-83.73216,42.279332],[-83.732161,42.279332],[-83.732161,42.279332],[-83.732161,42.279332],[-83.732161,42.279332],[-83.732161,42.279332],[-83.732162,42.279332],[-83.732162,42.279332],[-83.732162,42.279332],[-83.732163,42.279332],[-83.732163,42.279332],[-83.732163,42.279332],[-83.732164,42.279332],[-83.732164,42.279332],[-83.732164,42.279332],[-83.732164,42.279331],[-83.732164,42.279331],[-83.732164,42.279331],[-83.732164,42.279331],[-83.732164,42.27933],[-83.732164,42.27933],[-83.732163,42.27933],[-83.732163,42.27933],[-83.732163,42.27933],[-83.732162,42.27933],[-83.732162,42.27933],[-83.732162,42.27933],[-83.732161,42.27933],[-83.732161,42.27933],[-83.732161,42.27933],[-83.732161,42.27933],[-83.732161,42.27933],[-83.73216,42.279331],[-83.73216,42.279331],[-83.73216,42.279331]],[[-83.732161,42.279331],[-83.732161,42.279331],[-83.732161,42.279331],[-83.732161,42.279332],[-83.732161,42.279332],[-83.732161,42.279332],[-83.732161,42.279332],[-83.732162,42.279332],[-83.732162,42.279332],[-83.732162,42.279332],[-83.732162,42.279332],[-83.732163,42.279332],[-83.732163,42.279332],[-83.732163,42.279332],[-83.732163,42.279332],[-83.732163,42.279332],[-83.732163,42.279331],[-83.732164,42.279331],[-83.732164,42.279331],[-83.732164,42.279331],[-83.732164,42.279331],[-83.732163,42.279331],[-83.732163,42.27933],[-83.732163,42.27933],[-83.732163,42.27933],[-83.732163,42.27933],[-83.732162,42.27933],[-83.732162,42.27933],[-83.732162,42.27933],[-83.732162,42.27933],[-83.732161,42.27933],[-83.732161,42.27933],[-83.732161,42.27933],[-83.732161,42.279331],[-83.732161,42.279331],[-83.732161,42.279331],[-83.732161,42.279331]],[[-83.732161,42.279331],[-83.732161,42.279331],[-83.732161,42.279331],[-83.732161,42.279331],[-83.732161,42.279332],[-83.732161,42.279332],[-83.732162,42.279332],[-83.732162,42.279332],[-83.732162,42.279332],[-83.732162,42.279332],[-83.732162,42.279332],[-83.732162,42.279332],[-83.732163,42.279332],[-83.732163,42.279332],[-83.732163,42.279332],[-83.732163,42.279332],[-83.732163,42.279331],[-83.732163,42.279331],[-83.732163,42.279331],[-83.732163,42.279331],[-83.732163,42.279331],[-83.732163,42.279331],[-83.732163,42.279331],[-83.732163,42.27933],[-83.732163,42.27933],[-83.732162,42.27933],[-83.732162,42.27933],[-83.732162,42.27933],[-83.732162,42.27933],[-83.732162,42.27933],[-83.732162,42.27933],[-83.732161,42.27933],[-83.732161,42.279331],[-83.732161,42.279331],[-83.732161,42.279331],[-83.732161,42.279331],[-83.732161,42.279331]],[[-83.732161,42.279331],[-83.732161,42.279331],[-83.732161,42.279331],[-83.732161,42.279331],[-83.732162,42.279331],[-83.732162,42.279332],[-83.732162,42.279332],[-83.732162,42.279332],[-83.732162,42.279332],[-83.732162,42.279332],[-83.732162,42.279332],[-83.732162,42.279332],[-83.732162,42.279332],[-83.732163,42.279332],[-83.732163,42.279331],[-83.732163,42.279331],[-83.732163,42.279331],[-83.732163,42.279331],[-83.732163,42.279331],[-83.732163,42.279331],[-83.732163,42.279331],[-83.732163,42.279331],[-83.732163,42.279331],[-83.732163,42.279331],[-83.732162,42.279331],[-83.732162,42.279331],[-83.732162,42.279331],[-83.732162,42.279331],[-83.732162,42.279331],[-83.732162,42.279331],[-83.732162,42.279331],[-83.732162,42.279331],[-83.732162,42.279331],[-83.732161,42.279331],[-83.732161,42.279331],[-83.732161,42.279331],[-83.732161,42.279331]],[[-83.732162,42.279331],[-83.732162,42.279331],[-83.732162,42.279331],[-83.732162,42.279331],[-83.732162,42.279331],[-83.732162,42.279331],[-83.732162,42.279331],[-83.732162,42.279331],[-83.732162,42.279331],[-83.732162,42.279331],[-83.732162,42.279331],[-83.732162,42.279331],[-83.732162,42.279331],[-83.732162,42.279331],[-83.732162,42.279331],[-83.732162,42.279331],[-83.732162,42.279331],[-83.732162,42.279331],[-83.732162,42.279331],[-83.732162,42.279331],[-83.732162,42.279331],[-83.732162,42.279331],[-83.732162,42.279331],[-83.732162,42.279331],[-83.732162,42.279331],[-83.732162,42.279331],[-83.732162,42.279331],[-83.732162,42.279331],[-83.732162,42.279331],[-83.732162,42.279331],[-83.732162,42.279331],[-83.732162,42.279331],[-83.732162,42.279331],[-83.732162,42.279331],[-83.732162,42.279331],[-83.732162,42.279331],[-83.732162,42.279331]]]},"properties":{"Layer":"CM-ATHL"}},{"type":"Feature","geometry":{"type":"MultiLineString","coordinates":[[[-83.732121,42.279332],[-83.732122,42.279332],[-83.732122,42.279332],[-83.732122,42.279333],[-83.732122,42.279333],[-83.732122,42.279333],[-83.732122,42.279333],[-83.732123,42.279333],[-83.732123,42.279333],[-83.732123,42.279333],[-83.732124,42.279333],[-83.732124,42.279333],[-83.732124,42.279333],[-83.732125,42.279333],[-83.732125,42.279333],[-83.732125,42.279333],[-83.732125,42.279332],[-83.732125,42.279332],[-83.732125,42.279332],[-83.732125,42.279332],[-83.732125,42.279331],[-83.732125,42.279331],[-83.732125,42.279331],[-83.732125,42.279331],[-83.732124,42.279331],[-83.732124,42.279331],[-83.732124,42.279331],[-83.732123,42.279331],[-83.732123,42.279331],[-83.732123,42.279331],[-83.732122,42.279331],[-83.732122,42.279331],[-83.732122,42.279331],[-83.732122,42.279331],[-83.732122,42.279331],[-83.732122,42.279332],[-83.732121,42.279332]],[[-83.732122,42.279332],[-83.732122,42.279332],[-83.732122,42.279332],[-83.732122,42.279332],[-83.732122,42.279333],[-83.732122,42.279333],[-83.732123,42.279333],[-83.732123,42.279333],[-83.732123,42.279333],[-83.732123,42.279333],[-83.732124,42.279333],[-83.732124,42.279333],[-83.732124,42.279333],[-83.732124,42.279333],[-83.732124,42.279333],[-83.732125,42.279332],[-83.732125,42.279332],[-83.732125,42.279332],[-83.732125,42.279332],[-83.732125,42.279332],[-83.732125,42.279332],[-83.732125,42.279331],[-83.732124,42.279331],[-83.732124,42.279331],[-83.732124,42.279331],[-83.732124,42.279331],[-83.732124,42.279331],[-83.732123,42.279331],[-83.732123,42.279331],[-83.732123,42.279331],[-83.732123,42.279331],[-83.732122,42.279331],[-83.732122,42.279331],[-83.732122,42.279331],[-83.732122,42.279332],[-83.732122,42.279332],[-83.732122,42.279332]],[[-83.732122,42.279332],[-83.732122,42.279332],[-83.732122,42.279332],[-83.732122,42.279332],[-83.732122,42.279332],[-83.732123,42.279333],[-83.732123,42.279333],[-83.732123,42.279333],[-83.732123,42.279333],[-83.732123,42.279333],[-83.732124,42.279333],[-83.732124,42.279333],[-83.732124,42.279333],[-83.732124,42.279333],[-83.732124,42.279332],[-83.732124,42.279332],[-83.732124,42.279332],[-83.732124,42.279332],[-83.732124,42.279332],[-83.732124,42.279332],[-83.732124,42.279332],[-83.732124,42.279332],[-83.732124,42.279331],[-83.732124,42.279331],[-83.732124,42.279331],[-83.732124,42.279331],[-83.732124,42.279331],[-83.732123,42.279331],[-83.732123,42.279331],[-83.732123,42.279331],[-83.732123,42.279331],[-83.732123,42.279331],[-83.732122,42.279331],[-83.732122,42.279331],[-83.732122,42.279332],[-83.732122,42.279332],[-83.732122,42.279332]],[[-83.732123,42.279332],[-83.732123,42.279332],[-83.732123,42.279332],[-83.732123,42.279332],[-83.732123,42.279332],[-83.732123,42.279332],[-83.732123,42.279332],[-83.732123,42.279332],[-83.732123,42.279332],[-83.732123,42.279332],[-83.732123,42.279332],[-83.732124,42.279332],[-83.732124,42.279332],[-83.732124,42.279332],[-83.732124,42.279332],[-83.732124,42.279332],[-83.732124,42.279332],[-83.732124,42.279332],[-83.732124,42.279332],[-83.732124,42.279332],[-83.732124,42.279332],[-83.732124,42.279332],[-83.732124,42.279332],[-83.732124,42.279331],[-83.732124,42.279331],[-83.732124,42.279331],[-83.732123,42.279331],[-83.732123,42.279331],[-83.732123,42.279331],[-83.732123,42.279331],[-83.732123,42.279331],[-83.732123,42.279331],[-83.732123,42.279332],[-83.732123,42.279332],[-83.732123,42.279332],[-83.732123,42.279332],[-83.732123,42.279332]],[[-83.732123,42.279332],[-83.732123,42.279332],[-83.732123,42.279332],[-83.732123,42.279332],[-83.732123,42.279332],[-83.732123,42.279332],[-83.732123,42.279332],[-83.732123,42.279332],[-83.732123,42.279332],[-83.732123,42.279332],[-83.732123,42.279332],[-83.732123,42.279332],[-83.732124,42.279332],[-83.732124,42.279332],[-83.732124,42.279332],[-83.732124,42.279332],[-83.732124,42.279332],[-83.732124,42.279332],[-83.732124,42.279332],[-83.732124,42.279332],[-83.732124,42.279332],[-83.732124,42.279332],[-83.732124,42.279332],[-83.732124,42.279332],[-83.732124,42.279332],[-83.732123,42.279332],[-83.732123,42.279332],[-83.732123,42.279332],[-83.732123,42.279332],[-83.732123,42.279332],[-83.732123,42.279332],[-83.732123,42.279332],[-83.732123,42.279332],[-83.732123,42.279332],[-83.732123,42.279332],[-83.732123,42.279332],[-83.732123,42.279332]]]},"properties":{"Layer":"CM-ATHL"}},{"type":"Feature","geometry":{"type":"MultiLineString","coordinates":[[[-83.732083,42.279333],[-83.732083,42.279333],[-83.732083,42.279333],[-83.732083,42.279333],[-83.732083,42.279334],[-83.732083,42.279334],[-83.732084,42.279334],[-83.732084,42.279334],[-83.732084,42.279334],[-83.732085,42.279334],[-83.732085,42.279334],[-83.732085,42.279334],[-83.732085,42.279334],[-83.732086,42.279334],[-83.732086,42.279334],[-83.732086,42.279333],[-83.732086,42.279333],[-83.732086,42.279333],[-83.732086,42.279333],[-83.732086,42.279333],[-83.732086,42.279332],[-83.732086,42.279332],[-83.732086,42.279332],[-83.732086,42.279332],[-83.732085,42.279332],[-83.732085,42.279331],[-83.732085,42.279331],[-83.732085,42.279331],[-83.732084,42.279331],[-83.732084,42.279331],[-83.732084,42.279332],[-83.732083,42.279332],[-83.732083,42.279332],[-83.732083,42.279332],[-83.732083,42.279332],[-83.732083,42.279332],[-83.732083,42.279333]],[[-83.732083,42.279333],[-83.732083,42.279333],[-83.732083,42.279333],[-83.732083,42.279333],[-83.732083,42.279333],[-83.732084,42.279334],[-83.732084,42.279334],[-83.732084,42.279334],[-83.732084,42.279334],[-83.732085,42.279334],[-83.732085,42.279334],[-83.732085,42.279334],[-83.732085,42.279334],[-83.732085,42.279334],[-83.732086,42.279333],[-83.732086,42.279333],[-83.732086,42.279333],[-83.732086,42.279333],[-83.732086,42.279333],[-83.732086,42.279333],[-83.732086,42.279332],[-83.732086,42.279332],[-83.732086,42.279332],[-83.732086,42.279332],[-83.732085,42.279332],[-83.732085,42.279332],[-83.732085,42.279332],[-83.732085,42.279332],[-83.732084,42.279332],[-83.732084,42.279332],[-83.732084,42.279332],[-83.732084,42.279332],[-83.732083,42.279332],[-83.732083,42.279332],[-83.732083,42.279332],[-83.732083,42.279333],[-83.732083,42.279333]],[[-83.732083,42.279333],[-83.732083,42.279333],[-83.732083,42.279333],[-83.732084,42.279333],[-83.732084,42.279333],[-83.732084,42.279333],[-83.732084,42.279333],[-83.732084,42.279334],[-83.732084,42.279334],[-83.732085,42.279334],[-83.732085,42.279334],[-83.732085,42.279334],[-83.732085,42.279333],[-83.732085,42.279333],[-83.732085,42.279333],[-83.732085,42.279333],[-83.732086,42.279333],[-83.732086,42.279333],[-83.732086,42.279333],[-83.732086,42.279333],[-83.732086,42.279332],[-83.732086,42.279332],[-83.732085,42.279332],[-83.732085,42.279332],[-83.732085,42.279332],[-83.732085,42.279332],[-83.732085,42.279332],[-83.732085,42.279332],[-83.732084,42.279332],[-83.732084,42.279332],[-83.732084,42.279332],[-83.732084,42.279332],[-83.732084,42.279332],[-83.732084,42.279332],[-83.732084,42.279332],[-83.732083,42.279333],[-83.732083,42.279333]],[[-83.732084,42.279333],[-83.732084,42.279333],[-83.732084,42.279333],[-83.732084,42.279333],[-83.732084,42.279333],[-83.732084,42.279333],[-83.732084,42.279333],[-83.732084,42.279333],[-83.732084,42.279333],[-83.732085,42.279333],[-83.732085,42.279333],[-83.732085,42.279333],[-83.732085,42.279333],[-83.732085,42.279333],[-83.732085,42.279333],[-83.732085,42.279333],[-83.732085,42.279333],[-83.732085,42.279333],[-83.732085,42.279333],[-83.732085,42.279333],[-83.732085,42.279333],[-83.732085,42.279332],[-83.732085,42.279332],[-83.732085,42.279332],[-83.732085,42.279332],[-83.732085,42.279332],[-83.732085,42.279332],[-83.732085,42.279332],[-83.732084,42.279332],[-83.732084,42.279332],[-83.732084,42.279332],[-83.732084,42.279332],[-83.732084,42.279332],[-83.732084,42.279332],[-83.732084,42.279333],[-83.732084,42.279333],[-83.732084,42.279333]],[[-83.732084,42.279333],[-83.732084,42.279333],[-83.732084,42.279333],[-83.732084,42.279333],[-83.732084,42.279333],[-83.732084,42.279333],[-83.732084,42.279333],[-83.732084,42.279333],[-83.732084,42.279333],[-83.732085,42.279333],[-83.732085,42.279333],[-83.732085,42.279333],[-83.732085,42.279333],[-83.732085,42.279333],[-83.732085,42.279333],[-83.732085,42.279333],[-83.732085,42.279333],[-83.732085,42.279333],[-83.732085,42.279333],[-83.732085,42.279333],[-83.732085,42.279333],[-83.732085,42.279333],[-83.732085,42.279333],[-83.732085,42.279333],[-83.732085,42.279332],[-83.732085,42.279332],[-83.732085,42.279332],[-83.732085,42.279332],[-83.732084,42.279332],[-83.732084,42.279332],[-83.732084,42.279332],[-83.732084,42.279333],[-83.732084,42.279333],[-83.732084,42.279333],[-83.732084,42.279333],[-83.732084,42.279333],[-83.732084,42.279333]]]},"properties":{"Layer":"CM-ATHL"}},{"type":"Feature","geometry":{"type":"MultiLineString","coordinates":[[[-83.732037,42.279334],[-83.732037,42.279334],[-83.732037,42.279334],[-83.732037,42.279334],[-83.732037,42.279335],[-83.732037,42.279335],[-83.732037,42.279335],[-83.732038,42.279335],[-83.732038,42.279335],[-83.732038,42.279335],[-83.732039,42.279335],[-83.732039,42.279335],[-83.732039,42.279335],[-83.73204,42.279335],[-83.73204,42.279335],[-83.73204,42.279334],[-83.73204,42.279334],[-83.73204,42.279334],[-83.73204,42.279334],[-83.73204,42.279334],[-83.73204,42.279333],[-83.73204,42.279333],[-83.73204,42.279333],[-83.73204,42.279333],[-83.732039,42.279333],[-83.732039,42.279332],[-83.732039,42.279332],[-83.732038,42.279332],[-83.732038,42.279332],[-83.732038,42.279332],[-83.732037,42.279333],[-83.732037,42.279333],[-83.732037,42.279333],[-83.732037,42.279333],[-83.732037,42.279333],[-83.732037,42.279333],[-83.732037,42.279334]],[[-83.732037,42.279334],[-83.732037,42.279334],[-83.732037,42.279334],[-83.732037,42.279334],[-83.732037,42.279334],[-83.732037,42.279335],[-83.732038,42.279335],[-83.732038,42.279335],[-83.732038,42.279335],[-83.732038,42.279335],[-83.732039,42.279335],[-83.732039,42.279335],[-83.732039,42.279335],[-83.732039,42.279335],[-83.732039,42.279334],[-83.73204,42.279334],[-83.73204,42.279334],[-83.73204,42.279334],[-83.73204,42.279334],[-83.73204,42.279334],[-83.73204,42.279333],[-83.73204,42.279333],[-83.73204,42.279333],[-83.732039,42.279333],[-83.732039,42.279333],[-83.732039,42.279333],[-83.732039,42.279333],[-83.732038,42.279333],[-83.732038,42.279333],[-83.732038,42.279333],[-83.732038,42.279333],[-83.732037,42.279333],[-83.732037,42.279333],[-83.732037,42.279333],[-83.732037,42.279333],[-83.732037,42.279334],[-83.732037,42.279334]],[[-83.732037,42.279334],[-83.732037,42.279334],[-83.732037,42.279334],[-83.732037,42.279334],[-83.732038,42.279334],[-83.732038,42.279334],[-83.732038,42.279334],[-83.732038,42.279335],[-83.732038,42.279335],[-83.732038,42.279335],[-83.732039,42.279335],[-83.732039,42.279335],[-83.732039,42.279334],[-83.732039,42.279334],[-83.732039,42.279334],[-83.732039,42.279334],[-83.732039,42.279334],[-83.732039,42.279334],[-83.732039,42.279334],[-83.732039,42.279334],[-83.732039,42.279333],[-83.732039,42.279333],[-83.732039,42.279333],[-83.732039,42.279333],[-83.732039,42.279333],[-83.732039,42.279333],[-83.732039,42.279333],[-83.732038,42.279333],[-83.732038,42.279333],[-83.732038,42.279333],[-83.732038,42.279333],[-83.732038,42.279333],[-83.732038,42.279333],[-83.732037,42.279333],[-83.732037,42.279333],[-83.732037,42.279334],[-83.732037,42.279334]],[[-83.732038,42.279334],[-83.732038,42.279334],[-83.732038,42.279334],[-83.732038,42.279334],[-83.732038,42.279334],[-83.732038,42.279334],[-83.732038,42.279334],[-83.732038,42.279334],[-83.732038,42.279334],[-83.732038,42.279334],[-83.732038,42.279334],[-83.732039,42.279334],[-83.732039,42.279334],[-83.732039,42.279334],[-83.732039,42.279334],[-83.732039,42.279334],[-83.732039,42.279334],[-83.732039,42.279334],[-83.732039,42.279334],[-83.732039,42.279334],[-83.732039,42.279334],[-83.732039,42.279333],[-83.732039,42.279333],[-83.732039,42.279333],[-83.732039,42.279333],[-83.732039,42.279333],[-83.732039,42.279333],[-83.732038,42.279333],[-83.732038,42.279333],[-83.732038,42.279333],[-83.732038,42.279333],[-83.732038,42.279333],[-83.732038,42.279333],[-83.732038,42.279333],[-83.732038,42.279334],[-83.732038,42.279334],[-83.732038,42.279334]],[[-83.732038,42.279334],[-83.732038,42.279334],[-83.732038,42.279334],[-83.732038,42.279334],[-83.732038,42.279334],[-83.732038,42.279334],[-83.732038,42.279334],[-83.732038,42.279334],[-83.732038,42.279334],[-83.732038,42.279334],[-83.732038,42.279334],[-83.732038,42.279334],[-83.732039,42.279334],[-83.732039,42.279334],[-83.732039,42.279334],[-83.732039,42.279334],[-83.732039,42.279334],[-83.732039,42.279334],[-83.732039,42.279334],[-83.732039,42.279334],[-83.732039,42.279334],[-83.732039,42.279334],[-83.732039,42.279334],[-83.732039,42.279334],[-83.732039,42.279334],[-83.732038,42.279333],[-83.732038,42.279333],[-83.732038,42.279333],[-83.732038,42.279333],[-83.732038,42.279333],[-83.732038,42.279334],[-83.732038,42.279334],[-83.732038,42.279334],[-83.732038,42.279334],[-83.732038,42.279334],[-83.732038,42.279334],[-83.732038,42.279334]]]},"properties":{"Layer":"CM-ATHL"}},{"type":"Feature","geometry":{"type":"MultiLineString","coordinates":[[[-83.731998,42.279335],[-83.731998,42.279335],[-83.731998,42.279335],[-83.731998,42.279335],[-83.731998,42.279335],[-83.731998,42.279336],[-83.731999,42.279336],[-83.731999,42.279336],[-83.731999,42.279336],[-83.732,42.279336],[-83.732,42.279336],[-83.732,42.279336],[-83.732,42.279336],[-83.732001,42.279336],[-83.732001,42.279335],[-83.732001,42.279335],[-83.732001,42.279335],[-83.732001,42.279335],[-83.732001,42.279335],[-83.732001,42.279334],[-83.732001,42.279334],[-83.732001,42.279334],[-83.732001,42.279334],[-83.732001,42.279334],[-83.732001,42.279333],[-83.732,42.279333],[-83.732,42.279333],[-83.732,42.279333],[-83.731999,42.279333],[-83.731999,42.279333],[-83.731999,42.279333],[-83.731998,42.279334],[-83.731998,42.279334],[-83.731998,42.279334],[-83.731998,42.279334],[-83.731998,42.279334],[-83.731998,42.279335]],[[-83.731998,42.279335],[-83.731998,42.279335],[-83.731998,42.279335],[-83.731998,42.279335],[-83.731998,42.279335],[-83.731999,42.279335],[-83.731999,42.279336],[-83.731999,42.279336],[-83.731999,42.279336],[-83.732,42.279336],[-83.732,42.279336],[-83.732,42.279336],[-83.732,42.279336],[-83.732001,42.279335],[-83.732001,42.279335],[-83.732001,42.279335],[-83.732001,42.279335],[-83.732001,42.279335],[-83.732001,42.279335],[-83.732001,42.279334],[-83.732001,42.279334],[-83.732001,42.279334],[-83.732001,42.279334],[-83.732001,42.279334],[-83.732,42.279334],[-83.732,42.279334],[-83.732,42.279333],[-83.732,42.279333],[-83.731999,42.279333],[-83.731999,42.279334],[-83.731999,42.279334],[-83.731999,42.279334],[-83.731998,42.279334],[-83.731998,42.279334],[-83.731998,42.279334],[-83.731998,42.279334],[-83.731998,42.279335]],[[-83.731998,42.279335],[-83.731998,42.279335],[-83.731999,42.279335],[-83.731999,42.279335],[-83.731999,42.279335],[-83.731999,42.279335],[-83.731999,42.279335],[-83.731999,42.279335],[-83.731999,42.279335],[-83.732,42.279335],[-83.732,42.279335],[-83.732,42.279335],[-83.732,42.279335],[-83.732,42.279335],[-83.732,42.279335],[-83.732001,42.279335],[-83.732001,42.279335],[-83.732001,42.279335],[-83.732001,42.279335],[-83.732001,42.279334],[-83.732001,42.279334],[-83.732001,42.279334],[-83.732,42.279334],[-83.732,42.279334],[-83.732,42.279334],[-83.732,42.279334],[-83.732,42.279334],[-83.732,42.279334],[-83.731999,42.279334],[-83.731999,42.279334],[-83.731999,42.279334],[-83.731999,42.279334],[-83.731999,42.279334],[-83.731999,42.279334],[-83.731999,42.279334],[-83.731998,42.279334],[-83.731998,42.279335]],[[-83.731999,42.279335],[-83.731999,42.279335],[-83.731999,42.279335],[-83.731999,42.279335],[-83.731999,42.279335],[-83.731999,42.279335],[-83.731999,42.279335],[-83.731999,42.279335],[-83.731999,42.279335],[-83.732,42.279335],[-83.732,42.279335],[-83.732,42.279335],[-83.732,42.279335],[-83.732,42.279335],[-83.732,42.279335],[-83.732,42.279335],[-83.732,42.279335],[-83.732,42.279335],[-83.732,42.279335],[-83.732,42.279334],[-83.732,42.279334],[-83.732,42.279334],[-83.732,42.279334],[-83.732,42.279334],[-83.732,42.279334],[-83.732,42.279334],[-83.732,42.279334],[-83.732,42.279334],[-83.731999,42.279334],[-83.731999,42.279334],[-83.731999,42.279334],[-83.731999,42.279334],[-83.731999,42.279334],[-83.731999,42.279334],[-83.731999,42.279334],[-83.731999,42.279334],[-83.731999,42.279335]],[[-83.731999,42.279335],[-83.731999,42.279335],[-83.731999,42.279335],[-83.731999,42.279335],[-83.731999,42.279335],[-83.731999,42.279335],[-83.731999,42.279335],[-83.731999,42.279335],[-83.732,42.279335],[-83.732,42.279335],[-83.732,42.279335],[-83.732,42.279335],[-83.732,42.279335],[-83.732,42.279335],[-83.732,42.279335],[-83.732,42.279335],[-83.732,42.279335],[-83.732,42.279335],[-83.732,42.279335],[-83.732,42.279335],[-83.732,42.279334],[-83.732,42.279334],[-83.732,42.279334],[-83.732,42.279334],[-83.732,42.279334],[-83.732,42.279334],[-83.732,42.279334],[-83.732,42.279334],[-83.732,42.279334],[-83.731999,42.279334],[-83.731999,42.279334],[-83.731999,42.279334],[-83.731999,42.279334],[-83.731999,42.279334],[-83.731999,42.279334],[-83.731999,42.279335],[-83.731999,42.279335]]]},"properties":{"Layer":"CM-ATHL"}},{"type":"Feature","geometry":{"type":"MultiLineString","coordinates":[[[-83.731959,42.279335],[-83.731959,42.279336],[-83.731959,42.279336],[-83.731959,42.279336],[-83.731959,42.279336],[-83.73196,42.279336],[-83.73196,42.279337],[-83.73196,42.279337],[-83.73196,42.279337],[-83.731961,42.279337],[-83.731961,42.279337],[-83.731961,42.279337],[-83.731962,42.279337],[-83.731962,42.279336],[-83.731962,42.279336],[-83.731962,42.279336],[-83.731963,42.279336],[-83.731963,42.279336],[-83.731963,42.279335],[-83.731963,42.279335],[-83.731963,42.279335],[-83.731962,42.279335],[-83.731962,42.279335],[-83.731962,42.279334],[-83.731962,42.279334],[-83.731961,42.279334],[-83.731961,42.279334],[-83.731961,42.279334],[-83.73196,42.279334],[-83.73196,42.279334],[-83.73196,42.279334],[-83.73196,42.279334],[-83.731959,42.279334],[-83.731959,42.279335],[-83.731959,42.279335],[-83.731959,42.279335],[-83.731959,42.279335]],[[-83.731959,42.279335],[-83.731959,42.279336],[-83.731959,42.279336],[-83.73196,42.279336],[-83.73196,42.279336],[-83.73196,42.279336],[-83.73196,42.279336],[-83.73196,42.279336],[-83.731961,42.279336],[-83.731961,42.279336],[-83.731961,42.279336],[-83.731961,42.279336],[-83.731962,42.279336],[-83.731962,42.279336],[-83.731962,42.279336],[-83.731962,42.279336],[-83.731962,42.279336],[-83.731962,42.279336],[-83.731962,42.279335],[-83.731962,42.279335],[-83.731962,42.279335],[-83.731962,42.279335],[-83.731962,42.279335],[-83.731962,42.279335],[-83.731962,42.279334],[-83.731961,42.279334],[-83.731961,42.279334],[-83.731961,42.279334],[-83.731961,42.279334],[-83.73196,42.279334],[-83.73196,42.279334],[-83.73196,42.279335],[-83.73196,42.279335],[-83.73196,42.279335],[-83.731959,42.279335],[-83.731959,42.279335],[-83.731959,42.279335]],[[-83.73196,42.279335],[-83.73196,42.279336],[-83.73196,42.279336],[-83.73196,42.279336],[-83.73196,42.279336],[-83.73196,42.279336],[-83.73196,42.279336],[-83.73196,42.279336],[-83.731961,42.279336],[-83.731961,42.279336],[-83.731961,42.279336],[-83.731961,42.279336],[-83.731961,42.279336],[-83.731962,42.279336],[-83.731962,42.279336],[-83.731962,42.279336],[-83.731962,42.279336],[-83.731962,42.279336],[-83.731962,42.279335],[-83.731962,42.279335],[-83.731962,42.279335],[-83.731962,42.279335],[-83.731962,42.279335],[-83.731962,42.279335],[-83.731961,42.279335],[-83.731961,42.279335],[-83.731961,42.279335],[-83.731961,42.279335],[-83.731961,42.279335],[-83.73196,42.279335],[-83.73196,42.279335],[-83.73196,42.279335],[-83.73196,42.279335],[-83.73196,42.279335],[-83.73196,42.279335],[-83.73196,42.279335],[-83.73196,42.279335]],[[-83.73196,42.279335],[-83.73196,42.279335],[-83.73196,42.279336],[-83.73196,42.279336],[-83.73196,42.279336],[-83.73196,42.279336],[-83.73196,42.279336],[-83.731961,42.279336],[-83.731961,42.279336],[-83.731961,42.279336],[-83.731961,42.279336],[-83.731961,42.279336],[-83.731961,42.279336],[-83.731961,42.279336],[-83.731961,42.279336],[-83.731961,42.279336],[-83.731961,42.279336],[-83.731962,42.279335],[-83.731962,42.279335],[-83.731962,42.279335],[-83.731961,42.279335],[-83.731961,42.279335],[-83.731961,42.279335],[-83.731961,42.279335],[-83.731961,42.279335],[-83.731961,42.279335],[-83.731961,42.279335],[-83.731961,42.279335],[-83.731961,42.279335],[-83.731961,42.279335],[-83.73196,42.279335],[-83.73196,42.279335],[-83.73196,42.279335],[-83.73196,42.279335],[-83.73196,42.279335],[-83.73196,42.279335],[-83.73196,42.279335]],[[-83.73196,42.279335],[-83.73196,42.279335],[-83.73196,42.279335],[-83.73196,42.279336],[-83.731961,42.279336],[-83.731961,42.279336],[-83.731961,42.279336],[-83.731961,42.279336],[-83.731961,42.279336],[-83.731961,42.279336],[-83.731961,42.279336],[-83.731961,42.279336],[-83.731961,42.279336],[-83.731961,42.279336],[-83.731961,42.279336],[-83.731961,42.279336],[-83.731961,42.279335],[-83.731961,42.279335],[-83.731961,42.279335],[-83.731961,42.279335],[-83.731961,42.279335],[-83.731961,42.279335],[-83.731961,42.279335],[-83.731961,42.279335],[-83.731961,42.279335],[-83.731961,42.279335],[-83.731961,42.279335],[-83.731961,42.279335],[-83.731961,42.279335],[-83.731961,42.279335],[-83.731961,42.279335],[-83.731961,42.279335],[-83.731961,42.279335],[-83.73196,42.279335],[-83.73196,42.279335],[-83.73196,42.279335],[-83.73196,42.279335]]]},"properties":{"Layer":"CM-ATHL"}},{"type":"Feature","geometry":{"type":"MultiLineString","coordinates":[[[-83.73192,42.279336],[-83.73192,42.279336],[-83.73192,42.279337],[-83.73192,42.279337],[-83.731921,42.279337],[-83.731921,42.279337],[-83.731921,42.279337],[-83.731921,42.279337],[-83.731922,42.279338],[-83.731922,42.279338],[-83.731922,42.279338],[-83.731923,42.279338],[-83.731923,42.279337],[-83.731923,42.279337],[-83.731923,42.279337],[-83.731924,42.279337],[-83.731924,42.279337],[-83.731924,42.279336],[-83.731924,42.279336],[-83.731924,42.279336],[-83.731924,42.279336],[-83.731924,42.279336],[-83.731923,42.279335],[-83.731923,42.279335],[-83.731923,42.279335],[-83.731923,42.279335],[-83.731922,42.279335],[-83.731922,42.279335],[-83.731922,42.279335],[-83.731921,42.279335],[-83.731921,42.279335],[-83.731921,42.279335],[-83.731921,42.279335],[-83.73192,42.279336],[-83.73192,42.279336],[-83.73192,42.279336],[-83.73192,42.279336]],[[-83.731921,42.279336],[-83.731921,42.279336],[-83.731921,42.279337],[-83.731921,42.279337],[-83.731921,42.279337],[-83.731921,42.279337],[-83.731921,42.279337],[-83.731922,42.279337],[-83.731922,42.279337],[-83.731922,42.279337],[-83.731922,42.279337],[-83.731923,42.279337],[-83.731923,42.279337],[-83.731923,42.279337],[-83.731923,42.279337],[-83.731923,42.279337],[-83.731923,42.279337],[-83.731923,42.279336],[-83.731923,42.279336],[-83.731923,42.279336],[-83.731923,42.279336],[-83.731923,42.279336],[-83.731923,42.279336],[-83.731923,42.279335],[-83.731923,42.279335],[-83.731923,42.279335],[-83.731922,42.279335],[-83.731922,42.279335],[-83.731922,42.279335],[-83.731922,42.279335],[-83.731921,42.279335],[-83.731921,42.279335],[-83.731921,42.279335],[-83.731921,42.279336],[-83.731921,42.279336],[-83.731921,42.279336],[-83.731921,42.279336]],[[-83.731921,42.279336],[-83.731921,42.279336],[-83.731921,42.279336],[-83.731921,42.279337],[-83.731921,42.279337],[-83.731921,42.279337],[-83.731921,42.279337],[-83.731922,42.279337],[-83.731922,42.279337],[-83.731922,42.279337],[-83.731922,42.279337],[-83.731922,42.279337],[-83.731923,42.279337],[-83.731923,42.279337],[-83.731923,42.279337],[-83.731923,42.279337],[-83.731923,42.279336],[-83.731923,42.279336],[-83.731923,42.279336],[-83.731923,42.279336],[-83.731923,42.279336],[-83.731923,42.279336],[-83.731923,42.279336],[-83.731923,42.279336],[-83.731923,42.279336],[-83.731922,42.279335],[-83.731922,42.279335],[-83.731922,42.279335],[-83.731922,42.279335],[-83.731922,42.279335],[-83.731921,42.279335],[-83.731921,42.279336],[-83.731921,42.279336],[-83.731921,42.279336],[-83.731921,42.279336],[-83.731921,42.279336],[-83.731921,42.279336]],[[-83.731921,42.279336],[-83.731921,42.279336],[-83.731921,42.279336],[-83.731921,42.279336],[-83.731921,42.279337],[-83.731922,42.279337],[-83.731922,42.279337],[-83.731922,42.279337],[-83.731922,42.279337],[-83.731922,42.279337],[-83.731922,42.279337],[-83.731922,42.279337],[-83.731922,42.279337],[-83.731922,42.279337],[-83.731923,42.279337],[-83.731923,42.279336],[-83.731923,42.279336],[-83.731923,42.279336],[-83.731923,42.279336],[-83.731923,42.279336],[-83.731923,42.279336],[-83.731923,42.279336],[-83.731923,42.279336],[-83.731922,42.279336],[-83.731922,42.279336],[-83.731922,42.279336],[-83.731922,42.279336],[-83.731922,42.279336],[-83.731922,42.279336],[-83.731922,42.279336],[-83.731922,42.279336],[-83.731922,42.279336],[-83.731921,42.279336],[-83.731921,42.279336],[-83.731921,42.279336],[-83.731921,42.279336],[-83.731921,42.279336]],[[-83.731922,42.279336],[-83.731922,42.279336],[-83.731922,42.279336],[-83.731922,42.279336],[-83.731922,42.279336],[-83.731922,42.279336],[-83.731922,42.279336],[-83.731922,42.279336],[-83.731922,42.279336],[-83.731922,42.279336],[-83.731922,42.279336],[-83.731922,42.279336],[-83.731922,42.279336],[-83.731922,42.279336],[-83.731922,42.279336],[-83.731922,42.279336],[-83.731922,42.279336],[-83.731922,42.279336],[-83.731922,42.279336],[-83.731922,42.279336],[-83.731922,42.279336],[-83.731922,42.279336],[-83.731922,42.279336],[-83.731922,42.279336],[-83.731922,42.279336],[-83.731922,42.279336],[-83.731922,42.279336],[-83.731922,42.279336],[-83.731922,42.279336],[-83.731922,42.279336],[-83.731922,42.279336],[-83.731922,42.279336],[-83.731922,42.279336],[-83.731922,42.279336],[-83.731922,42.279336],[-83.731922,42.279336],[-83.731922,42.279336]]]},"properties":{"Layer":"CM-ATHL"}},{"type":"Feature","geometry":{"type":"LineString","coordinates":[[-83.732578,42.279322],[-83.73241,42.279326]]},"properties":{"Layer":"CM-ATHL"}},{"type":"Feature","geometry":{"type":"LineString","coordinates":[[-83.732395,42.279326],[-83.732085,42.279333]]},"properties":{"Layer":"CM-ATHL"}},{"type":"Feature","geometry":{"type":"MultiLineString","coordinates":[[[-83.732924,42.279978],[-83.732924,42.279978],[-83.732924,42.279978],[-83.732924,42.279979],[-83.732925,42.279979],[-83.732925,42.279979],[-83.732925,42.279979],[-83.732925,42.279979],[-83.732926,42.279979],[-83.732926,42.279979],[-83.732927,42.279979],[-83.732927,42.279979],[-83.732927,42.279979],[-83.732927,42.279979],[-83.732928,42.279979],[-83.732928,42.279978],[-83.732928,42.279978],[-83.732928,42.279978],[-83.732928,42.279978],[-83.732928,42.279977],[-83.732927,42.279977],[-83.732927,42.279977],[-83.732927,42.279977],[-83.732926,42.279977],[-83.732926,42.279977],[-83.732926,42.279977],[-83.732925,42.279977],[-83.732925,42.279977],[-83.732925,42.279977],[-83.732925,42.279977],[-83.732924,42.279977],[-83.732924,42.279978],[-83.732924,42.279978]],[[-83.732924,42.279978],[-83.732925,42.279978],[-83.732925,42.279978],[-83.732925,42.279979],[-83.732925,42.279979],[-83.732925,42.279979],[-83.732925,42.279979],[-83.732925,42.279979],[-83.732926,42.279979],[-83.732926,42.279979],[-83.732926,42.279979],[-83.732926,42.279979],[-83.732927,42.279979],[-83.732927,42.279979],[-83.732927,42.279979],[-83.732927,42.279979],[-83.732927,42.279978],[-83.732927,42.279978],[-83.732927,42.279978],[-83.732927,42.279978],[-83.732927,42.279978],[-83.732927,42.279977],[-83.732927,42.279977],[-83.732927,42.279977],[-83.732927,42.279977],[-83.732926,42.279977],[-83.732926,42.279977],[-83.732926,42.279977],[-83.732926,42.279977],[-83.732925,42.279977],[-83.732925,42.279977],[-83.732925,42.279977],[-83.732925,42.279977],[-83.732925,42.279977],[-83.732925,42.279978],[-83.732925,42.279978],[-83.732924,42.279978]],[[-83.732925,42.279978],[-83.732925,42.279978],[-83.732925,42.279978],[-83.732925,42.279978],[-83.732925,42.279979],[-83.732925,42.279979],[-83.732925,42.279979],[-83.732926,42.279979],[-83.732926,42.279979],[-83.732926,42.279979],[-83.732926,42.279979],[-83.732926,42.279979],[-83.732927,42.279979],[-83.732927,42.279979],[-83.732927,42.279979],[-83.732927,42.279978],[-83.732927,42.279978],[-83.732927,42.279978],[-83.732927,42.279978],[-83.732927,42.279978],[-83.732927,42.279978],[-83.732927,42.279978],[-83.732927,42.279977],[-83.732927,42.279977],[-83.732927,42.279977],[-83.732926,42.279977],[-83.732926,42.279977],[-83.732926,42.279977],[-83.732926,42.279977],[-83.732926,42.279977],[-83.732925,42.279977],[-83.732925,42.279977],[-83.732925,42.279977],[-83.732925,42.279978],[-83.732925,42.279978],[-83.732925,42.279978],[-83.732925,42.279978]],[[-83.732925,42.279978],[-83.732925,42.279978],[-83.732925,42.279978],[-83.732925,42.279978],[-83.732925,42.279978],[-83.732925,42.279978],[-83.732926,42.279978],[-83.732926,42.279979],[-83.732926,42.279979],[-83.732926,42.279979],[-83.732926,42.279979],[-83.732926,42.279979],[-83.732926,42.279978],[-83.732926,42.279978],[-83.732927,42.279978],[-83.732927,42.279978],[-83.732927,42.279978],[-83.732927,42.279978],[-83.732927,42.279978],[-83.732927,42.279978],[-83.732927,42.279978],[-83.732927,42.279978],[-83.732927,42.279978],[-83.732926,42.279978],[-83.732926,42.279978],[-83.732926,42.279978],[-83.732926,42.279977],[-83.732926,42.279977],[-83.732926,42.279977],[-83.732926,42.279978],[-83.732926,42.279978],[-83.732925,42.279978],[-83.732925,42.279978],[-83.732925,42.279978],[-83.732925,42.279978],[-83.732925,42.279978],[-83.732925,42.279978]],[[-83.732926,42.279978],[-83.732926,42.279978],[-83.732926,42.279978],[-83.732926,42.279978],[-83.732926,42.279978],[-83.732926,42.279978],[-83.732926,42.279978],[-83.732926,42.279978],[-83.732926,42.279978],[-83.732926,42.279978],[-83.732926,42.279978],[-83.732926,42.279978],[-83.732926,42.279978],[-83.732926,42.279978],[-83.732926,42.279978],[-83.732926,42.279978],[-83.732926,42.279978],[-83.732926,42.279978],[-83.732926,42.279978],[-83.732926,42.279978],[-83.732926,42.279978],[-83.732926,42.279978],[-83.732926,42.279978],[-83.732926,42.279978],[-83.732926,42.279978],[-83.732926,42.279978],[-83.732926,42.279978],[-83.732926,42.279978],[-83.732926,42.279978],[-83.732926,42.279978],[-83.732926,42.279978],[-83.732926,42.279978],[-83.732926,42.279978],[-83.732926,42.279978],[-83.732926,42.279978],[-83.732926,42.279978],[-83.732926,42.279978]]]},"properties":{"Layer":"CM-ATHL"}},{"type":"Feature","geometry":{"type":"MultiLineString","coordinates":[[[-83.732585,42.279481],[-83.732585,42.279481],[-83.732585,42.279481],[-83.732584,42.279481],[-83.732584,42.279481],[-83.732584,42.27948],[-83.732584,42.27948],[-83.732583,42.27948],[-83.732583,42.27948],[-83.732583,42.27948],[-83.732582,42.27948],[-83.732582,42.27948],[-83.732582,42.27948],[-83.732581,42.279481],[-83.732581,42.279481],[-83.732581,42.279481],[-83.732581,42.279481],[-83.732581,42.279481]],[[-83.732581,42.279481],[-83.732585,42.279481]],[[-83.732581,42.279481],[-83.732581,42.279482],[-83.732581,42.279482],[-83.732581,42.279482],[-83.732581,42.279482],[-83.732582,42.279483],[-83.732582,42.279483],[-83.732582,42.279483],[-83.732583,42.279483],[-83.732583,42.279483],[-83.732583,42.279483],[-83.732584,42.279483],[-83.732584,42.279482],[-83.732584,42.279482],[-83.732584,42.279482],[-83.732585,42.279482],[-83.732585,42.279482],[-83.732585,42.279481]]]},"properties":{"Layer":"CM-ATHL"}},{"type":"Feature","geometry":{"type":"LineString","coordinates":[[-83.732926,42.279978],[-83.732599,42.279984]]},"properties":{"Layer":"CM-ATHL"}},{"type":"Feature","geometry":{"type":"LineString","coordinates":[[-83.732599,42.279984],[-83.731943,42.279996]]},"properties":{"Layer":"CM-ATHL"}},{"type":"Feature","geometry":{"type":"MultiLineString","coordinates":[[[-83.732585,42.279494],[-83.732585,42.279494],[-83.732585,42.279494],[-83.732585,42.279493],[-83.732585,42.279493],[-83.732584,42.279493],[-83.732584,42.279493],[-83.732584,42.279493],[-83.732583,42.279493],[-83.732583,42.279493],[-83.732583,42.279493],[-83.732582,42.279493],[-83.732582,42.279493],[-83.732582,42.279493],[-83.732582,42.279493],[-83.732581,42.279494],[-83.732581,42.279494],[-83.732581,42.279494]],[[-83.732581,42.279494],[-83.732585,42.279494]],[[-83.732581,42.279494],[-83.732581,42.279494],[-83.732581,42.279494],[-83.732582,42.279495],[-83.732582,42.279495],[-83.732582,42.279495],[-83.732582,42.279495],[-83.732583,42.279495],[-83.732583,42.279495],[-83.732583,42.279495],[-83.732584,42.279495],[-83.732584,42.279495],[-83.732584,42.279495],[-83.732585,42.279495],[-83.732585,42.279495],[-83.732585,42.279494],[-83.732585,42.279494],[-83.732585,42.279494]]]},"properties":{"Layer":"CM-ATHL"}},{"type":"Feature","geometry":{"type":"LineString","coordinates":[[-83.732578,42.279322],[-83.732579,42.279377]]},"properties":{"Layer":"CM-ATHL"}},{"type":"Feature","geometry":{"type":"MultiLineString","coordinates":[[[-83.732577,42.27935],[-83.732577,42.27935],[-83.732577,42.27935],[-83.732577,42.27935],[-83.732577,42.279351],[-83.732577,42.279351],[-83.732578,42.279351],[-83.732578,42.279351],[-83.732578,42.279351],[-83.732579,42.279351],[-83.732579,42.279351],[-83.732579,42.279351],[-83.73258,42.279351],[-83.73258,42.279351],[-83.73258,42.27935],[-83.73258,42.27935],[-83.73258,42.27935],[-83.73258,42.27935],[-83.73258,42.279349],[-83.73258,42.279349],[-83.73258,42.279349],[-83.73258,42.279349],[-83.732579,42.279349],[-83.732579,42.279348],[-83.732579,42.279348],[-83.732578,42.279348],[-83.732578,42.279348],[-83.732578,42.279349],[-83.732577,42.279349],[-83.732577,42.279349],[-83.732577,42.279349],[-83.732577,42.279349],[-83.732577,42.27935]],[[-83.732577,42.27935],[-83.732577,42.27935],[-83.732577,42.27935],[-83.732577,42.27935],[-83.732577,42.27935],[-83.732578,42.279351],[-83.732578,42.279351],[-83.732578,42.279351],[-83.732578,42.279351],[-83.732579,42.279351],[-83.732579,42.279351],[-83.732579,42.279351],[-83.732579,42.279351],[-83.732579,42.279351],[-83.73258,42.27935],[-83.73258,42.27935],[-83.73258,42.27935],[-83.73258,42.27935],[-83.73258,42.27935],[-83.73258,42.27935],[-83.73258,42.279349],[-83.73258,42.279349],[-83.73258,42.279349],[-83.732579,42.279349],[-83.732579,42.279349],[-83.732579,42.279349],[-83.732579,42.279349],[-83.732579,42.279349],[-83.732578,42.279349],[-83.732578,42.279349],[-83.732578,42.279349],[-83.732578,42.279349],[-83.732577,42.279349],[-83.732577,42.279349],[-83.732577,42.279349],[-83.732577,42.27935],[-83.732577,42.27935]],[[-83.732577,42.27935],[-83.732577,42.27935],[-83.732577,42.27935],[-83.732578,42.27935],[-83.732578,42.27935],[-83.732578,42.27935],[-83.732578,42.27935],[-83.732578,42.279351],[-83.732578,42.279351],[-83.732579,42.279351],[-83.732579,42.279351],[-83.732579,42.279351],[-83.732579,42.27935],[-83.732579,42.27935],[-83.732579,42.27935],[-83.732579,42.27935],[-83.73258,42.27935],[-83.73258,42.27935],[-83.73258,42.27935],[-83.73258,42.27935],[-83.73258,42.279349],[-83.732579,42.279349],[-83.732579,42.279349],[-83.732579,42.279349],[-83.732579,42.279349],[-83.732579,42.279349],[-83.732579,42.279349],[-83.732579,42.279349],[-83.732578,42.279349],[-83.732578,42.279349],[-83.732578,42.279349],[-83.732578,42.279349],[-83.732578,42.279349],[-83.732578,42.279349],[-83.732577,42.279349],[-83.732577,42.27935],[-83.732577,42.27935]],[[-83.732578,42.27935],[-83.732578,42.27935],[-83.732578,42.27935],[-83.732578,42.27935],[-83.732578,42.27935],[-83.732578,42.27935],[-83.732578,42.27935],[-83.732578,42.27935],[-83.732578,42.27935],[-83.732579,42.27935],[-83.732579,42.27935],[-83.732579,42.27935],[-83.732579,42.27935],[-83.732579,42.27935],[-83.732579,42.27935],[-83.732579,42.27935],[-83.732579,42.27935],[-83.732579,42.27935],[-83.732579,42.27935],[-83.732579,42.27935],[-83.732579,42.27935],[-83.732579,42.279349],[-83.732579,42.279349],[-83.732579,42.279349],[-83.732579,42.279349],[-83.732579,42.279349],[-83.732579,42.279349],[-83.732579,42.279349],[-83.732578,42.279349],[-83.732578,42.279349],[-83.732578,42.279349],[-83.732578,42.279349],[-83.732578,42.279349],[-83.732578,42.279349],[-83.732578,42.27935],[-83.732578,42.27935],[-83.732578,42.27935]],[[-83.732578,42.27935],[-83.732578,42.27935],[-83.732578,42.27935],[-83.732578,42.27935],[-83.732578,42.27935],[-83.732578,42.27935],[-83.732578,42.27935],[-83.732578,42.27935],[-83.732578,42.27935],[-83.732579,42.27935],[-83.732579,42.27935],[-83.732579,42.27935],[-83.732579,42.27935],[-83.732579,42.27935],[-83.732579,42.27935],[-83.732579,42.27935],[-83.732579,42.27935],[-83.732579,42.27935],[-83.732579,42.27935],[-83.732579,42.27935],[-83.732579,42.27935],[-83.732579,42.27935],[-83.732579,42.27935],[-83.732579,42.27935],[-83.732579,42.279349],[-83.732579,42.279349],[-83.732579,42.279349],[-83.732579,42.279349],[-83.732578,42.279349],[-83.732578,42.279349],[-83.732578,42.279349],[-83.732578,42.27935],[-83.732578,42.27935],[-83.732578,42.27935],[-83.732578,42.27935],[-83.732578,42.27935],[-83.732578,42.27935]]]},"properties":{"Layer":"CM-ATHL"}},{"type":"Feature","geometry":{"type":"MultiLineString","coordinates":[[[-83.732578,42.279377],[-83.732578,42.279377],[-83.732578,42.279378],[-83.732578,42.279378],[-83.732578,42.279378],[-83.732578,42.279378],[-83.732579,42.279378],[-83.732579,42.279378],[-83.732579,42.279379],[-83.73258,42.279379],[-83.73258,42.279378],[-83.73258,42.279378],[-83.732581,42.279378],[-83.732581,42.279378],[-83.732581,42.279378],[-83.732581,42.279378],[-83.732581,42.279377],[-83.732581,42.279377],[-83.732581,42.279377],[-83.732581,42.279376],[-83.732581,42.279376],[-83.732581,42.279376],[-83.73258,42.279376],[-83.73258,42.279376],[-83.73258,42.279376],[-83.732579,42.279376],[-83.732579,42.279376],[-83.732578,42.279376],[-83.732578,42.279376],[-83.732578,42.279376],[-83.732578,42.279377],[-83.732578,42.279377],[-83.732578,42.279377]],[[-83.732578,42.279377],[-83.732578,42.279377],[-83.732578,42.279378],[-83.732578,42.279378],[-83.732578,42.279378],[-83.732578,42.279378],[-83.732579,42.279378],[-83.732579,42.279378],[-83.732579,42.279378],[-83.732579,42.279378],[-83.73258,42.279378],[-83.73258,42.279378],[-83.73258,42.279378],[-83.73258,42.279378],[-83.732581,42.279378],[-83.732581,42.279378],[-83.732581,42.279378],[-83.732581,42.279377],[-83.732581,42.279377],[-83.732581,42.279377],[-83.732581,42.279377],[-83.732581,42.279377],[-83.732581,42.279376],[-83.73258,42.279376],[-83.73258,42.279376],[-83.73258,42.279376],[-83.73258,42.279376],[-83.732579,42.279376],[-83.732579,42.279376],[-83.732579,42.279376],[-83.732579,42.279376],[-83.732578,42.279376],[-83.732578,42.279376],[-83.732578,42.279377],[-83.732578,42.279377],[-83.732578,42.279377],[-83.732578,42.279377]],[[-83.732578,42.279377],[-83.732578,42.279377],[-83.732578,42.279377],[-83.732578,42.279378],[-83.732579,42.279378],[-83.732579,42.279378],[-83.732579,42.279378],[-83.732579,42.279378],[-83.732579,42.279378],[-83.732579,42.279378],[-83.73258,42.279378],[-83.73258,42.279378],[-83.73258,42.279378],[-83.73258,42.279378],[-83.73258,42.279378],[-83.73258,42.279378],[-83.73258,42.279377],[-83.73258,42.279377],[-83.732581,42.279377],[-83.732581,42.279377],[-83.73258,42.279377],[-83.73258,42.279377],[-83.73258,42.279377],[-83.73258,42.279377],[-83.73258,42.279376],[-83.73258,42.279376],[-83.73258,42.279376],[-83.732579,42.279376],[-83.732579,42.279376],[-83.732579,42.279376],[-83.732579,42.279376],[-83.732579,42.279377],[-83.732579,42.279377],[-83.732578,42.279377],[-83.732578,42.279377],[-83.732578,42.279377],[-83.732578,42.279377]],[[-83.732579,42.279377],[-83.732579,42.279377],[-83.732579,42.279377],[-83.732579,42.279377],[-83.732579,42.279378],[-83.732579,42.279378],[-83.732579,42.279378],[-83.732579,42.279378],[-83.732579,42.279378],[-83.732579,42.279378],[-83.73258,42.279378],[-83.73258,42.279378],[-83.73258,42.279378],[-83.73258,42.279378],[-83.73258,42.279378],[-83.73258,42.279377],[-83.73258,42.279377],[-83.73258,42.279377],[-83.73258,42.279377],[-83.73258,42.279377],[-83.73258,42.279377],[-83.73258,42.279377],[-83.73258,42.279377],[-83.73258,42.279377],[-83.73258,42.279377],[-83.73258,42.279377],[-83.73258,42.279377],[-83.732579,42.279377],[-83.732579,42.279377],[-83.732579,42.279377],[-83.732579,42.279377],[-83.732579,42.279377],[-83.732579,42.279377],[-83.732579,42.279377],[-83.732579,42.279377],[-83.732579,42.279377],[-83.732579,42.279377]],[[-83.732579,42.279377],[-83.732579,42.279377],[-83.732579,42.279377],[-83.732579,42.279377],[-83.732579,42.279377],[-83.732579,42.279377],[-83.732579,42.279377],[-83.732579,42.279377],[-83.732579,42.279377],[-83.732579,42.279377],[-83.732579,42.279377],[-83.73258,42.279377],[-83.73258,42.279377],[-83.73258,42.279377],[-83.73258,42.279377],[-83.73258,42.279377],[-83.73258,42.279377],[-83.73258,42.279377],[-83.73258,42.279377],[-83.73258,42.279377],[-83.73258,42.279377],[-83.73258,42.279377],[-83.73258,42.279377],[-83.73258,42.279377],[-83.73258,42.279377],[-83.73258,42.279377],[-83.732579,42.279377],[-83.732579,42.279377],[-83.732579,42.279377],[-83.732579,42.279377],[-83.732579,42.279377],[-83.732579,42.279377],[-83.732579,42.279377],[-83.732579,42.279377],[-83.732579,42.279377],[-83.732579,42.279377],[-83.732579,42.279377]]]},"properties":{"Layer":"CM-ATHL"}},{"type":"Feature","geometry":{"type":"LineString","coordinates":[[-83.732579,42.279377],[-83.732583,42.279481]]},"properties":{"Layer":"CM-ATHL"}},{"type":"Feature","geometry":{"type":"LineString","coordinates":[[-83.732583,42.279494],[-83.732587,42.279598]]},"properties":{"Layer":"CM-ATHL"}},{"type":"Feature","geometry":{"type":"MultiLineString","coordinates":[[[-83.732584,42.279455],[-83.732584,42.279455],[-83.732584,42.279455],[-83.732584,42.279455],[-83.732583,42.279454],[-83.732583,42.279454],[-83.732583,42.279454],[-83.732582,42.279454],[-83.732582,42.279454],[-83.732582,42.279454],[-83.732581,42.279454],[-83.732581,42.279454],[-83.732581,42.279454],[-83.73258,42.279455],[-83.73258,42.279455],[-83.73258,42.279455],[-83.73258,42.279455],[-83.73258,42.279455]],[[-83.73258,42.279455],[-83.732584,42.279455]],[[-83.73258,42.279455],[-83.73258,42.279456],[-83.73258,42.279456],[-83.73258,42.279456],[-83.732581,42.279456],[-83.732581,42.279456],[-83.732581,42.279457],[-83.732581,42.279457],[-83.732582,42.279457],[-83.732582,42.279457],[-83.732583,42.279457],[-83.732583,42.279457],[-83.732583,42.279456],[-83.732583,42.279456],[-83.732584,42.279456],[-83.732584,42.279456],[-83.732584,42.279455],[-83.732584,42.279455]]]},"properties":{"Layer":"CM-ATHL"}},{"type":"Feature","geometry":{"type":"MultiLineString","coordinates":[[[-83.732583,42.279429],[-83.732583,42.279429],[-83.732583,42.279429],[-83.732583,42.279429],[-83.732582,42.279428],[-83.732582,42.279428],[-83.732582,42.279428],[-83.732582,42.279428],[-83.732581,42.279428],[-83.732581,42.279428],[-83.732581,42.279428],[-83.73258,42.279428],[-83.73258,42.279428],[-83.73258,42.279428],[-83.732579,42.279429],[-83.732579,42.279429],[-83.732579,42.279429],[-83.732579,42.279429]],[[-83.732579,42.279429],[-83.732583,42.279429]],[[-83.732579,42.279429],[-83.732579,42.279429],[-83.732579,42.27943],[-83.732579,42.27943],[-83.73258,42.27943],[-83.73258,42.27943],[-83.73258,42.279431],[-83.732581,42.279431],[-83.732581,42.279431],[-83.732581,42.279431],[-83.732582,42.279431],[-83.732582,42.27943],[-83.732582,42.27943],[-83.732583,42.27943],[-83.732583,42.27943],[-83.732583,42.27943],[-83.732583,42.279429],[-83.732583,42.279429]]]},"properties":{"Layer":"CM-ATHL"}},{"type":"Feature","geometry":{"type":"MultiLineString","coordinates":[[[-83.732582,42.279403],[-83.732582,42.279403],[-83.732582,42.279403],[-83.732582,42.279403],[-83.732582,42.279402],[-83.732581,42.279402],[-83.732581,42.279402],[-83.732581,42.279402],[-83.73258,42.279402],[-83.73258,42.279402],[-83.73258,42.279402],[-83.732579,42.279402],[-83.732579,42.279402],[-83.732579,42.279402],[-83.732579,42.279403],[-83.732578,42.279403],[-83.732578,42.279403],[-83.732578,42.279403]],[[-83.732578,42.279403],[-83.732582,42.279403]],[[-83.732578,42.279403],[-83.732578,42.279403],[-83.732578,42.279404],[-83.732579,42.279404],[-83.732579,42.279404],[-83.732579,42.279404],[-83.732579,42.279404],[-83.73258,42.279405],[-83.73258,42.279405],[-83.73258,42.279405],[-83.732581,42.279405],[-83.732581,42.279404],[-83.732581,42.279404],[-83.732582,42.279404],[-83.732582,42.279404],[-83.732582,42.279404],[-83.732582,42.279403],[-83.732582,42.279403]]]},"properties":{"Layer":"CM-ATHL"}},{"type":"Feature","geometry":{"type":"MultiLineString","coordinates":[[[-83.732586,42.27952],[-83.732586,42.27952],[-83.732586,42.27952],[-83.732586,42.279519],[-83.732585,42.279519],[-83.732585,42.279519],[-83.732585,42.279519],[-83.732585,42.279519],[-83.732584,42.279519],[-83.732584,42.279519],[-83.732583,42.279519],[-83.732583,42.279519],[-83.732583,42.279519],[-83.732583,42.279519],[-83.732582,42.279519],[-83.732582,42.27952],[-83.732582,42.27952],[-83.732582,42.27952]],[[-83.732582,42.27952],[-83.732586,42.27952]],[[-83.732582,42.27952],[-83.732582,42.27952],[-83.732582,42.279521],[-83.732582,42.279521],[-83.732583,42.279521],[-83.732583,42.279521],[-83.732583,42.279521],[-83.732584,42.279521],[-83.732584,42.279521],[-83.732584,42.279521],[-83.732585,42.279521],[-83.732585,42.279521],[-83.732585,42.279521],[-83.732586,42.279521],[-83.732586,42.279521],[-83.732586,42.27952],[-83.732586,42.27952],[-83.732586,42.27952]]]},"properties":{"Layer":"CM-ATHL"}},{"type":"Feature","geometry":{"type":"MultiLineString","coordinates":[[[-83.732587,42.279546],[-83.732587,42.279546],[-83.732587,42.279546],[-83.732586,42.279545],[-83.732586,42.279545],[-83.732586,42.279545],[-83.732586,42.279545],[-83.732585,42.279545],[-83.732585,42.279545],[-83.732585,42.279545],[-83.732584,42.279545],[-83.732584,42.279545],[-83.732584,42.279545],[-83.732583,42.279545],[-83.732583,42.279546],[-83.732583,42.279546],[-83.732583,42.279546],[-83.732583,42.279546]],[[-83.732583,42.279546],[-83.732587,42.279546]],[[-83.732583,42.279546],[-83.732583,42.279546],[-83.732583,42.279547],[-83.732583,42.279547],[-83.732583,42.279547],[-83.732584,42.279547],[-83.732584,42.279547],[-83.732584,42.279547],[-83.732585,42.279548],[-83.732585,42.279548],[-83.732585,42.279547],[-83.732586,42.279547],[-83.732586,42.279547],[-83.732586,42.279547],[-83.732587,42.279547],[-83.732587,42.279547],[-83.732587,42.279546],[-83.732587,42.279546]]]},"properties":{"Layer":"CM-ATHL"}},{"type":"Feature","geometry":{"type":"MultiLineString","coordinates":[[[-83.732588,42.279572],[-83.732588,42.279572],[-83.732587,42.279572],[-83.732587,42.279572],[-83.732587,42.279571],[-83.732587,42.279571],[-83.732587,42.279571],[-83.732586,42.279571],[-83.732586,42.279571],[-83.732585,42.279571],[-83.732585,42.279571],[-83.732585,42.279571],[-83.732585,42.279571],[-83.732584,42.279571],[-83.732584,42.279572],[-83.732584,42.279572],[-83.732584,42.279572],[-83.732584,42.279572]],[[-83.732584,42.279572],[-83.732588,42.279572]],[[-83.732584,42.279572],[-83.732584,42.279572],[-83.732584,42.279573],[-83.732584,42.279573],[-83.732584,42.279573],[-83.732585,42.279573],[-83.732585,42.279573],[-83.732585,42.279574],[-83.732586,42.279574],[-83.732586,42.279574],[-83.732586,42.279574],[-83.732587,42.279573],[-83.732587,42.279573],[-83.732587,42.279573],[-83.732587,42.279573],[-83.732588,42.279573],[-83.732588,42.279572],[-83.732588,42.279572]]]},"properties":{"Layer":"CM-ATHL"}},{"type":"Feature","geometry":{"type":"MultiLineString","coordinates":[[[-83.732586,42.279626],[-83.732586,42.279626],[-83.732586,42.279626],[-83.732586,42.279626],[-83.732586,42.279627],[-83.732586,42.279627],[-83.732587,42.279627],[-83.732587,42.279627],[-83.732587,42.279627],[-83.732588,42.279627],[-83.732588,42.279627],[-83.732588,42.279627],[-83.732589,42.279627],[-83.732589,42.279627],[-83.732589,42.279626],[-83.732589,42.279626],[-83.732589,42.279626],[-83.732589,42.279626],[-83.732589,42.279625],[-83.732589,42.279625],[-83.732589,42.279625],[-83.732589,42.279625],[-83.732588,42.279625],[-83.732588,42.279624],[-83.732588,42.279624],[-83.732587,42.279624],[-83.732587,42.279624],[-83.732587,42.279625],[-83.732586,42.279625],[-83.732586,42.279625],[-83.732586,42.279625],[-83.732586,42.279625],[-83.732586,42.279626]],[[-83.732586,42.279626],[-83.732586,42.279626],[-83.732586,42.279626],[-83.732586,42.279626],[-83.732586,42.279626],[-83.732586,42.279627],[-83.732587,42.279627],[-83.732587,42.279627],[-83.732587,42.279627],[-83.732587,42.279627],[-83.732588,42.279627],[-83.732588,42.279627],[-83.732588,42.279627],[-83.732588,42.279627],[-83.732589,42.279626],[-83.732589,42.279626],[-83.732589,42.279626],[-83.732589,42.279626],[-83.732589,42.279626],[-83.732589,42.279626],[-83.732589,42.279625],[-83.732589,42.279625],[-83.732589,42.279625],[-83.732588,42.279625],[-83.732588,42.279625],[-83.732588,42.279625],[-83.732588,42.279625],[-83.732587,42.279625],[-83.732587,42.279625],[-83.732587,42.279625],[-83.732587,42.279625],[-83.732586,42.279625],[-83.732586,42.279625],[-83.732586,42.279625],[-83.732586,42.279625],[-83.732586,42.279626],[-83.732586,42.279626]],[[-83.732586,42.279626],[-83.732586,42.279626],[-83.732586,42.279626],[-83.732586,42.279626],[-83.732587,42.279626],[-83.732587,42.279626],[-83.732587,42.279626],[-83.732587,42.279627],[-83.732587,42.279627],[-83.732587,42.279627],[-83.732588,42.279627],[-83.732588,42.279627],[-83.732588,42.279626],[-83.732588,42.279626],[-83.732588,42.279626],[-83.732588,42.279626],[-83.732588,42.279626],[-83.732589,42.279626],[-83.732589,42.279626],[-83.732589,42.279626],[-83.732588,42.279625],[-83.732588,42.279625],[-83.732588,42.279625],[-83.732588,42.279625],[-83.732588,42.279625],[-83.732588,42.279625],[-83.732588,42.279625],[-83.732587,42.279625],[-83.732587,42.279625],[-83.732587,42.279625],[-83.732587,42.279625],[-83.732587,42.279625],[-83.732587,42.279625],[-83.732586,42.279625],[-83.732586,42.279625],[-83.732586,42.279626],[-83.732586,42.279626]],[[-83.732587,42.279626],[-83.732587,42.279626],[-83.732587,42.279626],[-83.732587,42.279626],[-83.732587,42.279626],[-83.732587,42.279626],[-83.732587,42.279626],[-83.732587,42.279626],[-83.732587,42.279626],[-83.732587,42.279626],[-83.732588,42.279626],[-83.732588,42.279626],[-83.732588,42.279626],[-83.732588,42.279626],[-83.732588,42.279626],[-83.732588,42.279626],[-83.732588,42.279626],[-83.732588,42.279626],[-83.732588,42.279626],[-83.732588,42.279626],[-83.732588,42.279626],[-83.732588,42.279626],[-83.732588,42.279625],[-83.732588,42.279625],[-83.732588,42.279625],[-83.732588,42.279625],[-83.732588,42.279625],[-83.732587,42.279625],[-83.732587,42.279625],[-83.732587,42.279625],[-83.732587,42.279625],[-83.732587,42.279625],[-83.732587,42.279625],[-83.732587,42.279625],[-83.732587,42.279626],[-83.732587,42.279626],[-83.732587,42.279626]],[[-83.732587,42.279626],[-83.732587,42.279626],[-83.732587,42.279626],[-83.732587,42.279626],[-83.732587,42.279626],[-83.732587,42.279626],[-83.732587,42.279626],[-83.732587,42.279626],[-83.732587,42.279626],[-83.732587,42.279626],[-83.732588,42.279626],[-83.732588,42.279626],[-83.732588,42.279626],[-83.732588,42.279626],[-83.732588,42.279626],[-83.732588,42.279626],[-83.732588,42.279626],[-83.732588,42.279626],[-83.732588,42.279626],[-83.732588,42.279626],[-83.732588,42.279626],[-83.732588,42.279626],[-83.732588,42.279626],[-83.732588,42.279626],[-83.732588,42.279626],[-83.732588,42.279626],[-83.732588,42.279626],[-83.732587,42.279625],[-83.732587,42.279626],[-83.732587,42.279626],[-83.732587,42.279626],[-83.732587,42.279626],[-83.732587,42.279626],[-83.732587,42.279626],[-83.732587,42.279626],[-83.732587,42.279626],[-83.732587,42.279626]]]},"properties":{"Layer":"CM-ATHL"}},{"type":"Feature","geometry":{"type":"MultiLineString","coordinates":[[[-83.732585,42.279598],[-83.732585,42.279599],[-83.732585,42.279599],[-83.732585,42.279599],[-83.732585,42.279599],[-83.732585,42.279599],[-83.732586,42.2796],[-83.732586,42.2796],[-83.732586,42.2796],[-83.732587,42.2796],[-83.732587,42.2796],[-83.732587,42.2796],[-83.732588,42.279599],[-83.732588,42.279599],[-83.732588,42.279599],[-83.732588,42.279599],[-83.732588,42.279598],[-83.732588,42.279598],[-83.732588,42.279598],[-83.732588,42.279598],[-83.732588,42.279597],[-83.732588,42.279597],[-83.732587,42.279597],[-83.732587,42.279597],[-83.732587,42.279597],[-83.732586,42.279597],[-83.732586,42.279597],[-83.732586,42.279597],[-83.732585,42.279597],[-83.732585,42.279597],[-83.732585,42.279598],[-83.732585,42.279598],[-83.732585,42.279598]],[[-83.732585,42.279598],[-83.732585,42.279599],[-83.732585,42.279599],[-83.732585,42.279599],[-83.732585,42.279599],[-83.732586,42.279599],[-83.732586,42.279599],[-83.732586,42.279599],[-83.732586,42.279599],[-83.732587,42.279599],[-83.732587,42.279599],[-83.732587,42.279599],[-83.732587,42.279599],[-83.732587,42.279599],[-83.732588,42.279599],[-83.732588,42.279599],[-83.732588,42.279599],[-83.732588,42.279599],[-83.732588,42.279598],[-83.732588,42.279598],[-83.732588,42.279598],[-83.732588,42.279598],[-83.732588,42.279598],[-83.732588,42.279598],[-83.732587,42.279597],[-83.732587,42.279597],[-83.732587,42.279597],[-83.732587,42.279597],[-83.732586,42.279597],[-83.732586,42.279597],[-83.732586,42.279597],[-83.732586,42.279597],[-83.732585,42.279598],[-83.732585,42.279598],[-83.732585,42.279598],[-83.732585,42.279598],[-83.732585,42.279598]],[[-83.732585,42.279598],[-83.732585,42.279598],[-83.732586,42.279599],[-83.732586,42.279599],[-83.732586,42.279599],[-83.732586,42.279599],[-83.732586,42.279599],[-83.732586,42.279599],[-83.732586,42.279599],[-83.732587,42.279599],[-83.732587,42.279599],[-83.732587,42.279599],[-83.732587,42.279599],[-83.732587,42.279599],[-83.732587,42.279599],[-83.732588,42.279599],[-83.732588,42.279599],[-83.732588,42.279598],[-83.732588,42.279598],[-83.732588,42.279598],[-83.732588,42.279598],[-83.732588,42.279598],[-83.732587,42.279598],[-83.732587,42.279598],[-83.732587,42.279598],[-83.732587,42.279598],[-83.732587,42.279598],[-83.732587,42.279598],[-83.732586,42.279598],[-83.732586,42.279598],[-83.732586,42.279598],[-83.732586,42.279598],[-83.732586,42.279598],[-83.732586,42.279598],[-83.732586,42.279598],[-83.732585,42.279598],[-83.732585,42.279598]],[[-83.732586,42.279598],[-83.732586,42.279598],[-83.732586,42.279599],[-83.732586,42.279599],[-83.732586,42.279599],[-83.732586,42.279599],[-83.732586,42.279599],[-83.732586,42.279599],[-83.732586,42.279599],[-83.732587,42.279599],[-83.732587,42.279599],[-83.732587,42.279599],[-83.732587,42.279599],[-83.732587,42.279599],[-83.732587,42.279599],[-83.732587,42.279599],[-83.732587,42.279599],[-83.732587,42.279598],[-83.732587,42.279598],[-83.732587,42.279598],[-83.732587,42.279598],[-83.732587,42.279598],[-83.732587,42.279598],[-83.732587,42.279598],[-83.732587,42.279598],[-83.732587,42.279598],[-83.732587,42.279598],[-83.732587,42.279598],[-83.732586,42.279598],[-83.732586,42.279598],[-83.732586,42.279598],[-83.732586,42.279598],[-83.732586,42.279598],[-83.732586,42.279598],[-83.732586,42.279598],[-83.732586,42.279598],[-83.732586,42.279598]],[[-83.732586,42.279598],[-83.732586,42.279598],[-83.732586,42.279598],[-83.732586,42.279598],[-83.732586,42.279599],[-83.732586,42.279599],[-83.732586,42.279599],[-83.732586,42.279599],[-83.732586,42.279599],[-83.732587,42.279599],[-83.732587,42.279599],[-83.732587,42.279599],[-83.732587,42.279599],[-83.732587,42.279599],[-83.732587,42.279599],[-83.732587,42.279598],[-83.732587,42.279598],[-83.732587,42.279598],[-83.732587,42.279598],[-83.732587,42.279598],[-83.732587,42.279598],[-83.732587,42.279598],[-83.732587,42.279598],[-83.732587,42.279598],[-83.732587,42.279598],[-83.732587,42.279598],[-83.732587,42.279598],[-83.732587,42.279598],[-83.732586,42.279598],[-83.732586,42.279598],[-83.732586,42.279598],[-83.732586,42.279598],[-83.732586,42.279598],[-83.732586,42.279598],[-83.732586,42.279598],[-83.732586,42.279598],[-83.732586,42.279598]]]},"properties":{"Layer":"CM-ATHL"}},{"type":"Feature","geometry":{"type":"LineString","coordinates":[[-83.732587,42.279598],[-83.732588,42.279653]]},"properties":{"Layer":"CM-ATHL"}},{"type":"Feature","geometry":{"type":"MultiLineString","coordinates":[[[-83.732595,42.279812],[-83.732595,42.279812],[-83.732595,42.279812],[-83.732595,42.279812],[-83.732595,42.279811],[-83.732595,42.279811],[-83.732594,42.279811],[-83.732594,42.279811],[-83.732594,42.279811],[-83.732593,42.279811],[-83.732593,42.279811],[-83.732593,42.279811],[-83.732592,42.279811],[-83.732592,42.279811],[-83.732592,42.279812],[-83.732592,42.279812],[-83.732592,42.279812],[-83.732592,42.279812]],[[-83.732592,42.279812],[-83.732595,42.279812]],[[-83.732592,42.279812],[-83.732592,42.279812],[-83.732592,42.279813],[-83.732592,42.279813],[-83.732592,42.279813],[-83.732592,42.279813],[-83.732593,42.279814],[-83.732593,42.279814],[-83.732593,42.279814],[-83.732594,42.279814],[-83.732594,42.279814],[-83.732594,42.279814],[-83.732595,42.279813],[-83.732595,42.279813],[-83.732595,42.279813],[-83.732595,42.279813],[-83.732595,42.279812],[-83.732595,42.279812]]]},"properties":{"Layer":"CM-ATHL"}},{"type":"Feature","geometry":{"type":"MultiLineString","coordinates":[[[-83.732596,42.279825],[-83.732596,42.279825],[-83.732596,42.279825],[-83.732595,42.279824],[-83.732595,42.279824],[-83.732595,42.279824],[-83.732595,42.279824],[-83.732594,42.279824],[-83.732594,42.279824],[-83.732594,42.279824],[-83.732593,42.279824],[-83.732593,42.279824],[-83.732593,42.279824],[-83.732592,42.279824],[-83.732592,42.279824],[-83.732592,42.279825],[-83.732592,42.279825],[-83.732592,42.279825]],[[-83.732592,42.279825],[-83.732596,42.279825]],[[-83.732592,42.279825],[-83.732592,42.279825],[-83.732592,42.279825],[-83.732592,42.279826],[-83.732593,42.279826],[-83.732593,42.279826],[-83.732593,42.279826],[-83.732593,42.279826],[-83.732594,42.279826],[-83.732594,42.279826],[-83.732594,42.279826],[-83.732595,42.279826],[-83.732595,42.279826],[-83.732595,42.279826],[-83.732596,42.279826],[-83.732596,42.279825],[-83.732596,42.279825],[-83.732596,42.279825]]]},"properties":{"Layer":"CM-ATHL"}},{"type":"Feature","geometry":{"type":"MultiLineString","coordinates":[[[-83.732587,42.279681],[-83.732587,42.279681],[-83.732587,42.279681],[-83.732588,42.279681],[-83.732588,42.279682],[-83.732588,42.279682],[-83.732588,42.279682],[-83.732589,42.279682],[-83.732589,42.279682],[-83.732589,42.279682],[-83.73259,42.279682],[-83.73259,42.279682],[-83.73259,42.279682],[-83.732591,42.279681],[-83.732591,42.279681],[-83.732591,42.279681],[-83.732591,42.279681],[-83.732591,42.27968],[-83.732591,42.27968],[-83.732591,42.27968],[-83.732591,42.27968],[-83.73259,42.27968],[-83.73259,42.279679],[-83.73259,42.279679],[-83.732589,42.279679],[-83.732589,42.279679],[-83.732589,42.279679],[-83.732588,42.279679],[-83.732588,42.27968],[-83.732588,42.27968],[-83.732588,42.27968],[-83.732587,42.27968],[-83.732587,42.279681]],[[-83.732588,42.279681],[-83.732588,42.279681],[-83.732588,42.279681],[-83.732588,42.279681],[-83.732588,42.279681],[-83.732588,42.279681],[-83.732588,42.279682],[-83.732589,42.279682],[-83.732589,42.279682],[-83.732589,42.279682],[-83.732589,42.279682],[-83.73259,42.279682],[-83.73259,42.279682],[-83.73259,42.279681],[-83.73259,42.279681],[-83.73259,42.279681],[-83.732591,42.279681],[-83.732591,42.279681],[-83.732591,42.279681],[-83.732591,42.27968],[-83.732591,42.27968],[-83.732591,42.27968],[-83.73259,42.27968],[-83.73259,42.27968],[-83.73259,42.27968],[-83.73259,42.27968],[-83.732589,42.27968],[-83.732589,42.27968],[-83.732589,42.27968],[-83.732589,42.27968],[-83.732588,42.27968],[-83.732588,42.27968],[-83.732588,42.27968],[-83.732588,42.27968],[-83.732588,42.27968],[-83.732588,42.27968],[-83.732588,42.279681]],[[-83.732588,42.279681],[-83.732588,42.279681],[-83.732588,42.279681],[-83.732588,42.279681],[-83.732588,42.279681],[-83.732588,42.279681],[-83.732589,42.279681],[-83.732589,42.279681],[-83.732589,42.279681],[-83.732589,42.279681],[-83.732589,42.279681],[-83.73259,42.279681],[-83.73259,42.279681],[-83.73259,42.279681],[-83.73259,42.279681],[-83.73259,42.279681],[-83.73259,42.279681],[-83.73259,42.279681],[-83.73259,42.279681],[-83.73259,42.279681],[-83.73259,42.27968],[-83.73259,42.27968],[-83.73259,42.27968],[-83.73259,42.27968],[-83.73259,42.27968],[-83.73259,42.27968],[-83.732589,42.27968],[-83.732589,42.27968],[-83.732589,42.27968],[-83.732589,42.27968],[-83.732589,42.27968],[-83.732589,42.27968],[-83.732588,42.27968],[-83.732588,42.27968],[-83.732588,42.27968],[-83.732588,42.27968],[-83.732588,42.279681]],[[-83.732588,42.279681],[-83.732588,42.279681],[-83.732589,42.279681],[-83.732589,42.279681],[-83.732589,42.279681],[-83.732589,42.279681],[-83.732589,42.279681],[-83.732589,42.279681],[-83.732589,42.279681],[-83.732589,42.279681],[-83.732589,42.279681],[-83.732589,42.279681],[-83.73259,42.279681],[-83.73259,42.279681],[-83.73259,42.279681],[-83.73259,42.279681],[-83.73259,42.279681],[-83.73259,42.279681],[-83.73259,42.279681],[-83.73259,42.279681],[-83.73259,42.27968],[-83.73259,42.27968],[-83.73259,42.27968],[-83.73259,42.27968],[-83.73259,42.27968],[-83.732589,42.27968],[-83.732589,42.27968],[-83.732589,42.27968],[-83.732589,42.27968],[-83.732589,42.27968],[-83.732589,42.27968],[-83.732589,42.27968],[-83.732589,42.27968],[-83.732589,42.27968],[-83.732589,42.27968],[-83.732588,42.279681],[-83.732588,42.279681]],[[-83.732589,42.279681],[-83.732589,42.279681],[-83.732589,42.279681],[-83.732589,42.279681],[-83.732589,42.279681],[-83.732589,42.279681],[-83.732589,42.279681],[-83.732589,42.279681],[-83.732589,42.279681],[-83.732589,42.279681],[-83.732589,42.279681],[-83.732589,42.279681],[-83.732589,42.279681],[-83.732589,42.279681],[-83.732589,42.279681],[-83.73259,42.279681],[-83.73259,42.279681],[-83.73259,42.279681],[-83.73259,42.279681],[-83.73259,42.279681],[-83.73259,42.279681],[-83.73259,42.279681],[-83.73259,42.27968],[-83.732589,42.27968],[-83.732589,42.27968],[-83.732589,42.27968],[-83.732589,42.27968],[-83.732589,42.27968],[-83.732589,42.27968],[-83.732589,42.27968],[-83.732589,42.27968],[-83.732589,42.27968],[-83.732589,42.27968],[-83.732589,42.27968],[-83.732589,42.279681],[-83.732589,42.279681],[-83.732589,42.279681]]]},"properties":{"Layer":"CM-ATHL"}},{"type":"Feature","geometry":{"type":"MultiLineString","coordinates":[[[-83.732588,42.279708],[-83.732588,42.279708],[-83.732588,42.279709],[-83.732589,42.279709],[-83.732589,42.279709],[-83.732589,42.279709],[-83.732589,42.279709],[-83.73259,42.279709],[-83.73259,42.279709],[-83.73259,42.279709],[-83.732591,42.279709],[-83.732591,42.279709],[-83.732591,42.279709],[-83.732592,42.279709],[-83.732592,42.279709],[-83.732592,42.279708],[-83.732592,42.279708],[-83.732592,42.279708],[-83.732592,42.279708],[-83.732592,42.279707],[-83.732592,42.279707],[-83.732591,42.279707],[-83.732591,42.279707],[-83.732591,42.279707],[-83.73259,42.279707],[-83.73259,42.279707],[-83.73259,42.279707],[-83.732589,42.279707],[-83.732589,42.279707],[-83.732589,42.279707],[-83.732588,42.279707],[-83.732588,42.279708],[-83.732588,42.279708]],[[-83.732589,42.279708],[-83.732589,42.279708],[-83.732589,42.279708],[-83.732589,42.279709],[-83.732589,42.279709],[-83.732589,42.279709],[-83.732589,42.279709],[-83.73259,42.279709],[-83.73259,42.279709],[-83.73259,42.279709],[-83.73259,42.279709],[-83.732591,42.279709],[-83.732591,42.279709],[-83.732591,42.279709],[-83.732591,42.279709],[-83.732591,42.279709],[-83.732591,42.279708],[-83.732592,42.279708],[-83.732592,42.279708],[-83.732592,42.279708],[-83.732592,42.279708],[-83.732591,42.279708],[-83.732591,42.279707],[-83.732591,42.279707],[-83.732591,42.279707],[-83.732591,42.279707],[-83.73259,42.279707],[-83.73259,42.279707],[-83.73259,42.279707],[-83.73259,42.279707],[-83.732589,42.279707],[-83.732589,42.279707],[-83.732589,42.279707],[-83.732589,42.279708],[-83.732589,42.279708],[-83.732589,42.279708],[-83.732589,42.279708]],[[-83.732589,42.279708],[-83.732589,42.279708],[-83.732589,42.279708],[-83.732589,42.279708],[-83.732589,42.279709],[-83.732589,42.279709],[-83.73259,42.279709],[-83.73259,42.279709],[-83.73259,42.279709],[-83.73259,42.279709],[-83.73259,42.279709],[-83.73259,42.279709],[-83.732591,42.279709],[-83.732591,42.279709],[-83.732591,42.279709],[-83.732591,42.279708],[-83.732591,42.279708],[-83.732591,42.279708],[-83.732591,42.279708],[-83.732591,42.279708],[-83.732591,42.279708],[-83.732591,42.279708],[-83.732591,42.279708],[-83.732591,42.279707],[-83.732591,42.279707],[-83.73259,42.279707],[-83.73259,42.279707],[-83.73259,42.279707],[-83.73259,42.279707],[-83.73259,42.279707],[-83.73259,42.279707],[-83.732589,42.279707],[-83.732589,42.279708],[-83.732589,42.279708],[-83.732589,42.279708],[-83.732589,42.279708],[-83.732589,42.279708]],[[-83.732589,42.279708],[-83.732589,42.279708],[-83.732589,42.279708],[-83.732589,42.279708],[-83.73259,42.279708],[-83.73259,42.279708],[-83.73259,42.279709],[-83.73259,42.279709],[-83.73259,42.279709],[-83.73259,42.279709],[-83.73259,42.279709],[-83.73259,42.279709],[-83.73259,42.279709],[-83.732591,42.279708],[-83.732591,42.279708],[-83.732591,42.279708],[-83.732591,42.279708],[-83.732591,42.279708],[-83.732591,42.279708],[-83.732591,42.279708],[-83.732591,42.279708],[-83.732591,42.279708],[-83.732591,42.279708],[-83.732591,42.279708],[-83.73259,42.279708],[-83.73259,42.279708],[-83.73259,42.279708],[-83.73259,42.279708],[-83.73259,42.279708],[-83.73259,42.279708],[-83.73259,42.279708],[-83.73259,42.279708],[-83.73259,42.279708],[-83.732589,42.279708],[-83.732589,42.279708],[-83.732589,42.279708],[-83.732589,42.279708]],[[-83.73259,42.279708],[-83.73259,42.279708],[-83.73259,42.279708],[-83.73259,42.279708],[-83.73259,42.279708],[-83.73259,42.279708],[-83.73259,42.279708],[-83.73259,42.279708],[-83.73259,42.279708],[-83.73259,42.279708],[-83.73259,42.279708],[-83.73259,42.279708],[-83.73259,42.279708],[-83.73259,42.279708],[-83.73259,42.279708],[-83.73259,42.279708],[-83.73259,42.279708],[-83.73259,42.279708],[-83.73259,42.279708],[-83.73259,42.279708],[-83.73259,42.279708],[-83.73259,42.279708],[-83.73259,42.279708],[-83.73259,42.279708],[-83.73259,42.279708],[-83.73259,42.279708],[-83.73259,42.279708],[-83.73259,42.279708],[-83.73259,42.279708],[-83.73259,42.279708],[-83.73259,42.279708],[-83.73259,42.279708],[-83.73259,42.279708],[-83.73259,42.279708],[-83.73259,42.279708],[-83.73259,42.279708],[-83.73259,42.279708]]]},"properties":{"Layer":"CM-ATHL"}},{"type":"Feature","geometry":{"type":"LineString","coordinates":[[-83.73259,42.279708],[-83.732593,42.279812]]},"properties":{"Layer":"CM-ATHL"}},{"type":"Feature","geometry":{"type":"LineString","coordinates":[[-83.732594,42.279825],[-83.732597,42.279929]]},"properties":{"Layer":"CM-ATHL"}},{"type":"Feature","geometry":{"type":"MultiLineString","coordinates":[[[-83.732594,42.279786],[-83.732594,42.279786],[-83.732594,42.279786],[-83.732594,42.279786],[-83.732594,42.279785],[-83.732594,42.279785],[-83.732593,42.279785],[-83.732593,42.279785],[-83.732593,42.279785],[-83.732592,42.279785],[-83.732592,42.279785],[-83.732592,42.279785],[-83.732591,42.279785],[-83.732591,42.279785],[-83.732591,42.279786],[-83.732591,42.279786],[-83.732591,42.279786],[-83.732591,42.279786]],[[-83.732591,42.279786],[-83.732594,42.279786]],[[-83.732591,42.279786],[-83.732591,42.279786],[-83.732591,42.279787],[-83.732591,42.279787],[-83.732591,42.279787],[-83.732592,42.279787],[-83.732592,42.279787],[-83.732592,42.279788],[-83.732593,42.279788],[-83.732593,42.279788],[-83.732593,42.279788],[-83.732594,42.279787],[-83.732594,42.279787],[-83.732594,42.279787],[-83.732594,42.279787],[-83.732594,42.279787],[-83.732594,42.279786],[-83.732594,42.279786]]]},"properties":{"Layer":"CM-ATHL"}},{"type":"Feature","geometry":{"type":"MultiLineString","coordinates":[[[-83.732594,42.27976],[-83.732594,42.27976],[-83.732594,42.27976],[-83.732593,42.27976],[-83.732593,42.279759],[-83.732593,42.279759],[-83.732593,42.279759],[-83.732592,42.279759],[-83.732592,42.279759],[-83.732592,42.279759],[-83.732591,42.279759],[-83.732591,42.279759],[-83.732591,42.279759],[-83.73259,42.279759],[-83.73259,42.27976],[-83.73259,42.27976],[-83.73259,42.27976],[-83.73259,42.27976]],[[-83.73259,42.27976],[-83.732594,42.27976]],[[-83.73259,42.27976],[-83.73259,42.27976],[-83.73259,42.279761],[-83.73259,42.279761],[-83.73259,42.279761],[-83.732591,42.279761],[-83.732591,42.279761],[-83.732591,42.279762],[-83.732592,42.279762],[-83.732592,42.279762],[-83.732592,42.279761],[-83.732593,42.279761],[-83.732593,42.279761],[-83.732593,42.279761],[-83.732593,42.279761],[-83.732594,42.279761],[-83.732594,42.27976],[-83.732594,42.27976]]]},"properties":{"Layer":"CM-ATHL"}},{"type":"Feature","geometry":{"type":"MultiLineString","coordinates":[[[-83.732593,42.279734],[-83.732593,42.279734],[-83.732593,42.279734],[-83.732593,42.279733],[-83.732592,42.279733],[-83.732592,42.279733],[-83.732592,42.279733],[-83.732591,42.279733],[-83.732591,42.279733],[-83.732591,42.279733],[-83.73259,42.279733],[-83.73259,42.279733],[-83.73259,42.279733],[-83.732589,42.279733],[-83.732589,42.279734],[-83.732589,42.279734],[-83.732589,42.279734],[-83.732589,42.279734]],[[-83.732589,42.279734],[-83.732593,42.279734]],[[-83.732589,42.279734],[-83.732589,42.279734],[-83.732589,42.279735],[-83.732589,42.279735],[-83.73259,42.279735],[-83.73259,42.279735],[-83.73259,42.279735],[-83.73259,42.279735],[-83.732591,42.279736],[-83.732591,42.279735],[-83.732592,42.279735],[-83.732592,42.279735],[-83.732592,42.279735],[-83.732592,42.279735],[-83.732593,42.279735],[-83.732593,42.279734],[-83.732593,42.279734],[-83.732593,42.279734]]]},"properties":{"Layer":"CM-ATHL"}},{"type":"Feature","geometry":{"type":"MultiLineString","coordinates":[[[-83.732597,42.279851],[-83.732597,42.279851],[-83.732596,42.279851],[-83.732596,42.27985],[-83.732596,42.27985],[-83.732596,42.27985],[-83.732596,42.27985],[-83.732595,42.27985],[-83.732595,42.27985],[-83.732595,42.27985],[-83.732594,42.27985],[-83.732594,42.27985],[-83.732594,42.27985],[-83.732593,42.27985],[-83.732593,42.27985],[-83.732593,42.279851],[-83.732593,42.279851],[-83.732593,42.279851]],[[-83.732593,42.279851],[-83.732597,42.279851]],[[-83.732593,42.279851],[-83.732593,42.279851],[-83.732593,42.279851],[-83.732593,42.279852],[-83.732593,42.279852],[-83.732594,42.279852],[-83.732594,42.279852],[-83.732594,42.279852],[-83.732595,42.279852],[-83.732595,42.279852],[-83.732595,42.279852],[-83.732596,42.279852],[-83.732596,42.279852],[-83.732596,42.279852],[-83.732596,42.279852],[-83.732597,42.279851],[-83.732597,42.279851],[-83.732597,42.279851]]]},"properties":{"Layer":"CM-ATHL"}},{"type":"Feature","geometry":{"type":"MultiLineString","coordinates":[[[-83.732597,42.279877],[-83.732597,42.279877],[-83.732597,42.279877],[-83.732597,42.279876],[-83.732597,42.279876],[-83.732597,42.279876],[-83.732596,42.279876],[-83.732596,42.279876],[-83.732596,42.279876],[-83.732595,42.279876],[-83.732595,42.279876],[-83.732595,42.279876],[-83.732594,42.279876],[-83.732594,42.279876],[-83.732594,42.279876],[-83.732594,42.279877],[-83.732594,42.279877],[-83.732594,42.279877]],[[-83.732594,42.279877],[-83.732597,42.279877]],[[-83.732594,42.279877],[-83.732594,42.279877],[-83.732594,42.279877],[-83.732594,42.279878],[-83.732594,42.279878],[-83.732594,42.279878],[-83.732595,42.279878],[-83.732595,42.279878],[-83.732595,42.279878],[-83.732596,42.279878],[-83.732596,42.279878],[-83.732597,42.279878],[-83.732597,42.279878],[-83.732597,42.279878],[-83.732597,42.279878],[-83.732597,42.279877],[-83.732597,42.279877],[-83.732597,42.279877]]]},"properties":{"Layer":"CM-ATHL"}},{"type":"Feature","geometry":{"type":"MultiLineString","coordinates":[[[-83.732598,42.279903],[-83.732598,42.279903],[-83.732598,42.279903],[-83.732598,42.279902],[-83.732598,42.279902],[-83.732598,42.279902],[-83.732597,42.279902],[-83.732597,42.279902],[-83.732597,42.279902],[-83.732596,42.279902],[-83.732596,42.279902],[-83.732596,42.279902],[-83.732595,42.279902],[-83.732595,42.279902],[-83.732595,42.279903],[-83.732595,42.279903],[-83.732595,42.279903],[-83.732595,42.279903]],[[-83.732595,42.279903],[-83.732598,42.279903]],[[-83.732595,42.279903],[-83.732595,42.279903],[-83.732595,42.279904],[-83.732595,42.279904],[-83.732595,42.279904],[-83.732595,42.279904],[-83.732596,42.279904],[-83.732596,42.279904],[-83.732596,42.279904],[-83.732597,42.279904],[-83.732597,42.279904],[-83.732597,42.279904],[-83.732598,42.279904],[-83.732598,42.279904],[-83.732598,42.279904],[-83.732598,42.279903],[-83.732598,42.279903],[-83.732598,42.279903]]]},"properties":{"Layer":"CM-ATHL"}},{"type":"Feature","geometry":{"type":"MultiLineString","coordinates":[[[-83.732596,42.279957],[-83.732596,42.279957],[-83.732596,42.279957],[-83.732597,42.279957],[-83.732597,42.279958],[-83.732597,42.279958],[-83.732597,42.279958],[-83.732598,42.279958],[-83.732598,42.279958],[-83.732598,42.279958],[-83.732599,42.279958],[-83.732599,42.279958],[-83.732599,42.279958],[-83.7326,42.279958],[-83.7326,42.279957],[-83.7326,42.279957],[-83.7326,42.279957],[-83.7326,42.279956],[-83.7326,42.279956],[-83.7326,42.279956],[-83.7326,42.279956],[-83.732599,42.279956],[-83.732599,42.279955],[-83.732599,42.279955],[-83.732598,42.279955],[-83.732598,42.279955],[-83.732598,42.279955],[-83.732597,42.279955],[-83.732597,42.279956],[-83.732597,42.279956],[-83.732596,42.279956],[-83.732596,42.279956],[-83.732596,42.279957]],[[-83.732597,42.279957],[-83.732597,42.279957],[-83.732597,42.279957],[-83.732597,42.279957],[-83.732597,42.279957],[-83.732597,42.279958],[-83.732597,42.279958],[-83.732598,42.279958],[-83.732598,42.279958],[-83.732598,42.279958],[-83.732598,42.279958],[-83.732599,42.279958],[-83.732599,42.279958],[-83.732599,42.279958],[-83.732599,42.279957],[-83.732599,42.279957],[-83.7326,42.279957],[-83.7326,42.279957],[-83.7326,42.279957],[-83.7326,42.279956],[-83.7326,42.279956],[-83.732599,42.279956],[-83.732599,42.279956],[-83.732599,42.279956],[-83.732599,42.279956],[-83.732599,42.279956],[-83.732598,42.279956],[-83.732598,42.279956],[-83.732598,42.279956],[-83.732598,42.279956],[-83.732597,42.279956],[-83.732597,42.279956],[-83.732597,42.279956],[-83.732597,42.279956],[-83.732597,42.279956],[-83.732597,42.279956],[-83.732597,42.279957]],[[-83.732597,42.279957],[-83.732597,42.279957],[-83.732597,42.279957],[-83.732597,42.279957],[-83.732597,42.279957],[-83.732597,42.279957],[-83.732598,42.279957],[-83.732598,42.279957],[-83.732598,42.279957],[-83.732598,42.279957],[-83.732598,42.279957],[-83.732599,42.279957],[-83.732599,42.279957],[-83.732599,42.279957],[-83.732599,42.279957],[-83.732599,42.279957],[-83.732599,42.279957],[-83.732599,42.279957],[-83.732599,42.279957],[-83.732599,42.279957],[-83.732599,42.279956],[-83.732599,42.279956],[-83.732599,42.279956],[-83.732599,42.279956],[-83.732599,42.279956],[-83.732599,42.279956],[-83.732598,42.279956],[-83.732598,42.279956],[-83.732598,42.279956],[-83.732598,42.279956],[-83.732598,42.279956],[-83.732597,42.279956],[-83.732597,42.279956],[-83.732597,42.279956],[-83.732597,42.279956],[-83.732597,42.279957],[-83.732597,42.279957]],[[-83.732597,42.279957],[-83.732597,42.279957],[-83.732597,42.279957],[-83.732597,42.279957],[-83.732598,42.279957],[-83.732598,42.279957],[-83.732598,42.279957],[-83.732598,42.279957],[-83.732598,42.279957],[-83.732598,42.279957],[-83.732598,42.279957],[-83.732598,42.279957],[-83.732599,42.279957],[-83.732599,42.279957],[-83.732599,42.279957],[-83.732599,42.279957],[-83.732599,42.279957],[-83.732599,42.279957],[-83.732599,42.279957],[-83.732599,42.279957],[-83.732599,42.279956],[-83.732599,42.279956],[-83.732599,42.279956],[-83.732599,42.279956],[-83.732599,42.279956],[-83.732598,42.279956],[-83.732598,42.279956],[-83.732598,42.279956],[-83.732598,42.279956],[-83.732598,42.279956],[-83.732598,42.279956],[-83.732598,42.279956],[-83.732598,42.279956],[-83.732598,42.279956],[-83.732597,42.279956],[-83.732597,42.279957],[-83.732597,42.279957]],[[-83.732598,42.279957],[-83.732598,42.279957],[-83.732598,42.279957],[-83.732598,42.279957],[-83.732598,42.279957],[-83.732598,42.279957],[-83.732598,42.279957],[-83.732598,42.279957],[-83.732598,42.279957],[-83.732598,42.279957],[-83.732598,42.279957],[-83.732598,42.279957],[-83.732598,42.279957],[-83.732598,42.279957],[-83.732598,42.279957],[-83.732598,42.279957],[-83.732598,42.279957],[-83.732599,42.279957],[-83.732599,42.279957],[-83.732599,42.279957],[-83.732598,42.279957],[-83.732598,42.279957],[-83.732598,42.279956],[-83.732598,42.279956],[-83.732598,42.279956],[-83.732598,42.279956],[-83.732598,42.279956],[-83.732598,42.279956],[-83.732598,42.279956],[-83.732598,42.279956],[-83.732598,42.279956],[-83.732598,42.279956],[-83.732598,42.279956],[-83.732598,42.279957],[-83.732598,42.279957],[-83.732598,42.279957],[-83.732598,42.279957]]]},"properties":{"Layer":"CM-ATHL"}},{"type":"Feature","geometry":{"type":"MultiLineString","coordinates":[[[-83.732595,42.279929],[-83.732595,42.279929],[-83.732595,42.27993],[-83.732596,42.27993],[-83.732596,42.27993],[-83.732596,42.27993],[-83.732596,42.27993],[-83.732597,42.279931],[-83.732597,42.279931],[-83.732597,42.279931],[-83.732598,42.279931],[-83.732598,42.27993],[-83.732598,42.27993],[-83.732599,42.27993],[-83.732599,42.27993],[-83.732599,42.27993],[-83.732599,42.279929],[-83.732599,42.279929],[-83.732599,42.279929],[-83.732599,42.279929],[-83.732599,42.279928],[-83.732598,42.279928],[-83.732598,42.279928],[-83.732598,42.279928],[-83.732597,42.279928],[-83.732597,42.279928],[-83.732597,42.279928],[-83.732596,42.279928],[-83.732596,42.279928],[-83.732596,42.279928],[-83.732596,42.279929],[-83.732595,42.279929],[-83.732595,42.279929]],[[-83.732596,42.279929],[-83.732596,42.279929],[-83.732596,42.27993],[-83.732596,42.27993],[-83.732596,42.27993],[-83.732596,42.27993],[-83.732597,42.27993],[-83.732597,42.27993],[-83.732597,42.27993],[-83.732597,42.27993],[-83.732597,42.27993],[-83.732598,42.27993],[-83.732598,42.27993],[-83.732598,42.27993],[-83.732598,42.27993],[-83.732599,42.27993],[-83.732599,42.27993],[-83.732599,42.279929],[-83.732599,42.279929],[-83.732599,42.279929],[-83.732599,42.279929],[-83.732599,42.279929],[-83.732598,42.279929],[-83.732598,42.279928],[-83.732598,42.279928],[-83.732598,42.279928],[-83.732598,42.279928],[-83.732597,42.279928],[-83.732597,42.279928],[-83.732597,42.279928],[-83.732597,42.279928],[-83.732596,42.279928],[-83.732596,42.279929],[-83.732596,42.279929],[-83.732596,42.279929],[-83.732596,42.279929],[-83.732596,42.279929]],[[-83.732596,42.279929],[-83.732596,42.279929],[-83.732596,42.27993],[-83.732596,42.27993],[-83.732596,42.27993],[-83.732597,42.27993],[-83.732597,42.27993],[-83.732597,42.27993],[-83.732597,42.27993],[-83.732597,42.27993],[-83.732597,42.27993],[-83.732598,42.27993],[-83.732598,42.27993],[-83.732598,42.27993],[-83.732598,42.27993],[-83.732598,42.27993],[-83.732598,42.27993],[-83.732598,42.279929],[-83.732598,42.279929],[-83.732598,42.279929],[-83.732598,42.279929],[-83.732598,42.279929],[-83.732598,42.279929],[-83.732598,42.279929],[-83.732598,42.279929],[-83.732598,42.279928],[-83.732597,42.279928],[-83.732597,42.279928],[-83.732597,42.279928],[-83.732597,42.279928],[-83.732597,42.279929],[-83.732597,42.279929],[-83.732596,42.279929],[-83.732596,42.279929],[-83.732596,42.279929],[-83.732596,42.279929],[-83.732596,42.279929]],[[-83.732597,42.279929],[-83.732597,42.279929],[-83.732597,42.279929],[-83.732597,42.27993],[-83.732597,42.27993],[-83.732597,42.27993],[-83.732597,42.27993],[-83.732597,42.27993],[-83.732597,42.27993],[-83.732597,42.27993],[-83.732597,42.27993],[-83.732597,42.27993],[-83.732598,42.27993],[-83.732598,42.27993],[-83.732598,42.27993],[-83.732598,42.27993],[-83.732598,42.279929],[-83.732598,42.279929],[-83.732598,42.279929],[-83.732598,42.279929],[-83.732598,42.279929],[-83.732598,42.279929],[-83.732598,42.279929],[-83.732598,42.279929],[-83.732598,42.279929],[-83.732598,42.279929],[-83.732597,42.279929],[-83.732597,42.279929],[-83.732597,42.279929],[-83.732597,42.279929],[-83.732597,42.279929],[-83.732597,42.279929],[-83.732597,42.279929],[-83.732597,42.279929],[-83.732597,42.279929],[-83.732597,42.279929],[-83.732597,42.279929]],[[-83.732597,42.279929],[-83.732597,42.279929],[-83.732597,42.279929],[-83.732597,42.279929],[-83.732597,42.279929],[-83.732597,42.279929],[-83.732597,42.279929],[-83.732597,42.279929],[-83.732597,42.27993],[-83.732597,42.27993],[-83.732597,42.27993],[-83.732597,42.279929],[-83.732597,42.279929],[-83.732597,42.279929],[-83.732598,42.279929],[-83.732598,42.279929],[-83.732598,42.279929],[-83.732598,42.279929],[-83.732598,42.279929],[-83.732598,42.279929],[-83.732598,42.279929],[-83.732598,42.279929],[-83.732598,42.279929],[-83.732597,42.279929],[-83.732597,42.279929],[-83.732597,42.279929],[-83.732597,42.279929],[-83.732597,42.279929],[-83.732597,42.279929],[-83.732597,42.279929],[-83.732597,42.279929],[-83.732597,42.279929],[-83.732597,42.279929],[-83.732597,42.279929],[-83.732597,42.279929],[-83.732597,42.279929],[-83.732597,42.279929]]]},"properties":{"Layer":"CM-ATHL"}},{"type":"Feature","geometry":{"type":"LineString","coordinates":[[-83.732588,42.279653],[-83.73259,42.279708]]},"properties":{"Layer":"CM-ATHL"}},{"type":"Feature","geometry":{"type":"LineString","coordinates":[[-83.732597,42.279929],[-83.732599,42.279984]]},"properties":{"Layer":"CM-ATHL"}},{"type":"Feature","geometry":{"type":"MultiLineString","coordinates":[[[-83.732913,42.279647],[-83.732913,42.279648],[-83.732914,42.279648],[-83.732914,42.279648],[-83.732914,42.279648],[-83.732914,42.279648],[-83.732914,42.279649],[-83.732915,42.279649],[-83.732915,42.279649],[-83.732916,42.279649],[-83.732916,42.279649],[-83.732916,42.279649],[-83.732917,42.279648],[-83.732917,42.279648],[-83.732917,42.279648],[-83.732917,42.279648],[-83.732917,42.279647],[-83.732917,42.279647],[-83.732917,42.279647],[-83.732917,42.279647],[-83.732917,42.279646],[-83.732916,42.279646],[-83.732916,42.279646],[-83.732916,42.279646],[-83.732915,42.279646],[-83.732915,42.279646],[-83.732915,42.279646],[-83.732914,42.279646],[-83.732914,42.279646],[-83.732914,42.279647],[-83.732914,42.279647],[-83.732914,42.279647],[-83.732913,42.279647]],[[-83.732914,42.279647],[-83.732914,42.279648],[-83.732914,42.279648],[-83.732914,42.279648],[-83.732914,42.279648],[-83.732914,42.279648],[-83.732915,42.279648],[-83.732915,42.279648],[-83.732915,42.279648],[-83.732915,42.279648],[-83.732916,42.279648],[-83.732916,42.279648],[-83.732916,42.279648],[-83.732916,42.279648],[-83.732916,42.279648],[-83.732917,42.279648],[-83.732917,42.279648],[-83.732917,42.279648],[-83.732917,42.279647],[-83.732917,42.279647],[-83.732917,42.279647],[-83.732917,42.279647],[-83.732916,42.279647],[-83.732916,42.279647],[-83.732916,42.279646],[-83.732916,42.279646],[-83.732916,42.279646],[-83.732915,42.279646],[-83.732915,42.279646],[-83.732915,42.279646],[-83.732915,42.279646],[-83.732914,42.279647],[-83.732914,42.279647],[-83.732914,42.279647],[-83.732914,42.279647],[-83.732914,42.279647],[-83.732914,42.279647]],[[-83.732914,42.279647],[-83.732914,42.279647],[-83.732914,42.279648],[-83.732914,42.279648],[-83.732914,42.279648],[-83.732915,42.279648],[-83.732915,42.279648],[-83.732915,42.279648],[-83.732915,42.279648],[-83.732915,42.279648],[-83.732915,42.279648],[-83.732916,42.279648],[-83.732916,42.279648],[-83.732916,42.279648],[-83.732916,42.279648],[-83.732916,42.279648],[-83.732916,42.279648],[-83.732916,42.279648],[-83.732916,42.279647],[-83.732916,42.279647],[-83.732916,42.279647],[-83.732916,42.279647],[-83.732916,42.279647],[-83.732916,42.279647],[-83.732916,42.279647],[-83.732916,42.279647],[-83.732915,42.279647],[-83.732915,42.279647],[-83.732915,42.279647],[-83.732915,42.279647],[-83.732915,42.279647],[-83.732915,42.279647],[-83.732914,42.279647],[-83.732914,42.279647],[-83.732914,42.279647],[-83.732914,42.279647],[-83.732914,42.279647]],[[-83.732915,42.279647],[-83.732915,42.279647],[-83.732915,42.279648],[-83.732915,42.279648],[-83.732915,42.279648],[-83.732915,42.279648],[-83.732915,42.279648],[-83.732915,42.279648],[-83.732915,42.279648],[-83.732915,42.279648],[-83.732915,42.279648],[-83.732916,42.279648],[-83.732916,42.279648],[-83.732916,42.279648],[-83.732916,42.279648],[-83.732916,42.279648],[-83.732916,42.279648],[-83.732916,42.279647],[-83.732916,42.279647],[-83.732916,42.279647],[-83.732916,42.279647],[-83.732916,42.279647],[-83.732916,42.279647],[-83.732916,42.279647],[-83.732916,42.279647],[-83.732916,42.279647],[-83.732915,42.279647],[-83.732915,42.279647],[-83.732915,42.279647],[-83.732915,42.279647],[-83.732915,42.279647],[-83.732915,42.279647],[-83.732915,42.279647],[-83.732915,42.279647],[-83.732915,42.279647],[-83.732915,42.279647],[-83.732915,42.279647]],[[-83.732915,42.279647],[-83.732915,42.279647],[-83.732915,42.279647],[-83.732915,42.279647],[-83.732915,42.279648],[-83.732915,42.279648],[-83.732915,42.279648],[-83.732915,42.279648],[-83.732915,42.279648],[-83.732915,42.279648],[-83.732915,42.279648],[-83.732915,42.279648],[-83.732915,42.279648],[-83.732916,42.279648],[-83.732916,42.279648],[-83.732916,42.279647],[-83.732916,42.279647],[-83.732916,42.279647],[-83.732916,42.279647],[-83.732916,42.279647],[-83.732916,42.279647],[-83.732916,42.279647],[-83.732916,42.279647],[-83.732916,42.279647],[-83.732915,42.279647],[-83.732915,42.279647],[-83.732915,42.279647],[-83.732915,42.279647],[-83.732915,42.279647],[-83.732915,42.279647],[-83.732915,42.279647],[-83.732915,42.279647],[-83.732915,42.279647],[-83.732915,42.279647],[-83.732915,42.279647],[-83.732915,42.279647],[-83.732915,42.279647]]]},"properties":{"Layer":"CM-ATHL"}},{"type":"Feature","geometry":{"type":"MultiLineString","coordinates":[[[-83.732922,42.279806],[-83.732922,42.279806],[-83.732922,42.279806],[-83.732922,42.279806],[-83.732922,42.279806],[-83.732922,42.279805],[-83.732921,42.279805],[-83.732921,42.279805],[-83.732921,42.279805],[-83.73292,42.279805],[-83.73292,42.279805],[-83.73292,42.279805],[-83.732919,42.279805],[-83.732919,42.279806],[-83.732919,42.279806],[-83.732919,42.279806],[-83.732919,42.279806],[-83.732919,42.279806]],[[-83.732919,42.279806],[-83.732922,42.279806]],[[-83.732919,42.279806],[-83.732919,42.279807],[-83.732919,42.279807],[-83.732919,42.279807],[-83.732919,42.279807],[-83.732919,42.279808],[-83.73292,42.279808],[-83.73292,42.279808],[-83.73292,42.279808],[-83.732921,42.279808],[-83.732921,42.279808],[-83.732921,42.279808],[-83.732922,42.279808],[-83.732922,42.279807],[-83.732922,42.279807],[-83.732922,42.279807],[-83.732922,42.279807],[-83.732922,42.279806]]]},"properties":{"Layer":"CM-ATHL"}},{"type":"Feature","geometry":{"type":"MultiLineString","coordinates":[[[-83.732923,42.279819],[-83.732923,42.279819],[-83.732923,42.279819],[-83.732922,42.279818],[-83.732922,42.279818],[-83.732922,42.279818],[-83.732922,42.279818],[-83.732921,42.279818],[-83.732921,42.279818],[-83.732921,42.279818],[-83.73292,42.279818],[-83.73292,42.279818],[-83.73292,42.279818],[-83.732919,42.279818],[-83.732919,42.279818],[-83.732919,42.279819],[-83.732919,42.279819],[-83.732919,42.279819]],[[-83.732919,42.279819],[-83.732923,42.279819]],[[-83.732919,42.279819],[-83.732919,42.279819],[-83.732919,42.27982],[-83.732919,42.27982],[-83.732919,42.27982],[-83.73292,42.27982],[-83.73292,42.27982],[-83.73292,42.27982],[-83.732921,42.27982],[-83.732921,42.27982],[-83.732921,42.27982],[-83.732922,42.27982],[-83.732922,42.27982],[-83.732922,42.27982],[-83.732923,42.27982],[-83.732923,42.279819],[-83.732923,42.279819],[-83.732923,42.279819]]]},"properties":{"Layer":"CM-ATHL"}},{"type":"Feature","geometry":{"type":"MultiLineString","coordinates":[[[-83.732914,42.279675],[-83.732914,42.279675],[-83.732914,42.279675],[-83.732915,42.279675],[-83.732915,42.279676],[-83.732915,42.279676],[-83.732915,42.279676],[-83.732916,42.279676],[-83.732916,42.279676],[-83.732916,42.279676],[-83.732917,42.279676],[-83.732917,42.279676],[-83.732917,42.279676],[-83.732918,42.279676],[-83.732918,42.279675],[-83.732918,42.279675],[-83.732918,42.279675],[-83.732918,42.279675],[-83.732918,42.279674],[-83.732918,42.279674],[-83.732918,42.279674],[-83.732917,42.279674],[-83.732917,42.279674],[-83.732917,42.279673],[-83.732916,42.279673],[-83.732916,42.279673],[-83.732916,42.279673],[-83.732915,42.279674],[-83.732915,42.279674],[-83.732915,42.279674],[-83.732915,42.279674],[-83.732914,42.279674],[-83.732914,42.279675]],[[-83.732915,42.279675],[-83.732915,42.279675],[-83.732915,42.279675],[-83.732915,42.279675],[-83.732915,42.279675],[-83.732915,42.279676],[-83.732915,42.279676],[-83.732916,42.279676],[-83.732916,42.279676],[-83.732916,42.279676],[-83.732916,42.279676],[-83.732917,42.279676],[-83.732917,42.279676],[-83.732917,42.279676],[-83.732917,42.279676],[-83.732917,42.279675],[-83.732918,42.279675],[-83.732918,42.279675],[-83.732918,42.279675],[-83.732918,42.279675],[-83.732918,42.279674],[-83.732917,42.279674],[-83.732917,42.279674],[-83.732917,42.279674],[-83.732917,42.279674],[-83.732917,42.279674],[-83.732916,42.279674],[-83.732916,42.279674],[-83.732916,42.279674],[-83.732916,42.279674],[-83.732915,42.279674],[-83.732915,42.279674],[-83.732915,42.279674],[-83.732915,42.279674],[-83.732915,42.279674],[-83.732915,42.279675],[-83.732915,42.279675]],[[-83.732915,42.279675],[-83.732915,42.279675],[-83.732915,42.279675],[-83.732915,42.279675],[-83.732915,42.279675],[-83.732915,42.279675],[-83.732916,42.279676],[-83.732916,42.279676],[-83.732916,42.279676],[-83.732916,42.279676],[-83.732916,42.279676],[-83.732917,42.279676],[-83.732917,42.279676],[-83.732917,42.279675],[-83.732917,42.279675],[-83.732917,42.279675],[-83.732917,42.279675],[-83.732917,42.279675],[-83.732917,42.279675],[-83.732917,42.279675],[-83.732917,42.279675],[-83.732917,42.279674],[-83.732917,42.279674],[-83.732917,42.279674],[-83.732917,42.279674],[-83.732917,42.279674],[-83.732916,42.279674],[-83.732916,42.279674],[-83.732916,42.279674],[-83.732916,42.279674],[-83.732916,42.279674],[-83.732915,42.279674],[-83.732915,42.279674],[-83.732915,42.279674],[-83.732915,42.279675],[-83.732915,42.279675],[-83.732915,42.279675]],[[-83.732915,42.279675],[-83.732915,42.279675],[-83.732915,42.279675],[-83.732916,42.279675],[-83.732916,42.279675],[-83.732916,42.279675],[-83.732916,42.279675],[-83.732916,42.279675],[-83.732916,42.279675],[-83.732916,42.279675],[-83.732916,42.279675],[-83.732916,42.279675],[-83.732917,42.279675],[-83.732917,42.279675],[-83.732917,42.279675],[-83.732917,42.279675],[-83.732917,42.279675],[-83.732917,42.279675],[-83.732917,42.279675],[-83.732917,42.279675],[-83.732917,42.279675],[-83.732917,42.279675],[-83.732917,42.279674],[-83.732917,42.279674],[-83.732917,42.279674],[-83.732916,42.279674],[-83.732916,42.279674],[-83.732916,42.279674],[-83.732916,42.279674],[-83.732916,42.279674],[-83.732916,42.279674],[-83.732916,42.279674],[-83.732916,42.279674],[-83.732916,42.279675],[-83.732915,42.279675],[-83.732915,42.279675],[-83.732915,42.279675]],[[-83.732916,42.279675],[-83.732916,42.279675],[-83.732916,42.279675],[-83.732916,42.279675],[-83.732916,42.279675],[-83.732916,42.279675],[-83.732916,42.279675],[-83.732916,42.279675],[-83.732916,42.279675],[-83.732916,42.279675],[-83.732916,42.279675],[-83.732916,42.279675],[-83.732916,42.279675],[-83.732916,42.279675],[-83.732916,42.279675],[-83.732917,42.279675],[-83.732917,42.279675],[-83.732917,42.279675],[-83.732917,42.279675],[-83.732917,42.279675],[-83.732917,42.279675],[-83.732917,42.279675],[-83.732916,42.279675],[-83.732916,42.279675],[-83.732916,42.279675],[-83.732916,42.279675],[-83.732916,42.279675],[-83.732916,42.279675],[-83.732916,42.279675],[-83.732916,42.279675],[-83.732916,42.279675],[-83.732916,42.279675],[-83.732916,42.279675],[-83.732916,42.279675],[-83.732916,42.279675],[-83.732916,42.279675],[-83.732916,42.279675]]]},"properties":{"Layer":"CM-ATHL"}},{"type":"Feature","geometry":{"type":"MultiLineString","coordinates":[[[-83.732915,42.279702],[-83.732915,42.279702],[-83.732915,42.279703],[-83.732915,42.279703],[-83.732916,42.279703],[-83.732916,42.279703],[-83.732916,42.279703],[-83.732917,42.279704],[-83.732917,42.279704],[-83.732917,42.279704],[-83.732918,42.279704],[-83.732918,42.279703],[-83.732918,42.279703],[-83.732919,42.279703],[-83.732919,42.279703],[-83.732919,42.279703],[-83.732919,42.279702],[-83.732919,42.279702],[-83.732919,42.279702],[-83.732919,42.279702],[-83.732918,42.279701],[-83.732918,42.279701],[-83.732918,42.279701],[-83.732918,42.279701],[-83.732917,42.279701],[-83.732917,42.279701],[-83.732916,42.279701],[-83.732916,42.279701],[-83.732916,42.279701],[-83.732916,42.279701],[-83.732915,42.279702],[-83.732915,42.279702],[-83.732915,42.279702]],[[-83.732916,42.279702],[-83.732916,42.279702],[-83.732916,42.279703],[-83.732916,42.279703],[-83.732916,42.279703],[-83.732916,42.279703],[-83.732916,42.279703],[-83.732917,42.279703],[-83.732917,42.279703],[-83.732917,42.279703],[-83.732917,42.279703],[-83.732918,42.279703],[-83.732918,42.279703],[-83.732918,42.279703],[-83.732918,42.279703],[-83.732918,42.279703],[-83.732918,42.279703],[-83.732919,42.279702],[-83.732919,42.279702],[-83.732919,42.279702],[-83.732918,42.279702],[-83.732918,42.279702],[-83.732918,42.279702],[-83.732918,42.279701],[-83.732918,42.279701],[-83.732918,42.279701],[-83.732917,42.279701],[-83.732917,42.279701],[-83.732917,42.279701],[-83.732917,42.279701],[-83.732916,42.279701],[-83.732916,42.279701],[-83.732916,42.279702],[-83.732916,42.279702],[-83.732916,42.279702],[-83.732916,42.279702],[-83.732916,42.279702]],[[-83.732916,42.279702],[-83.732916,42.279702],[-83.732916,42.279702],[-83.732916,42.279703],[-83.732916,42.279703],[-83.732916,42.279703],[-83.732917,42.279703],[-83.732917,42.279703],[-83.732917,42.279703],[-83.732917,42.279703],[-83.732917,42.279703],[-83.732917,42.279703],[-83.732918,42.279703],[-83.732918,42.279703],[-83.732918,42.279703],[-83.732918,42.279703],[-83.732918,42.279703],[-83.732918,42.279702],[-83.732918,42.279702],[-83.732918,42.279702],[-83.732918,42.279702],[-83.732918,42.279702],[-83.732918,42.279702],[-83.732918,42.279702],[-83.732918,42.279702],[-83.732917,42.279701],[-83.732917,42.279701],[-83.732917,42.279701],[-83.732917,42.279701],[-83.732917,42.279701],[-83.732917,42.279702],[-83.732916,42.279702],[-83.732916,42.279702],[-83.732916,42.279702],[-83.732916,42.279702],[-83.732916,42.279702],[-83.732916,42.279702]],[[-83.732916,42.279702],[-83.732916,42.279702],[-83.732916,42.279702],[-83.732916,42.279702],[-83.732917,42.279703],[-83.732917,42.279703],[-83.732917,42.279703],[-83.732917,42.279703],[-83.732917,42.279703],[-83.732917,42.279703],[-83.732917,42.279703],[-83.732917,42.279703],[-83.732917,42.279703],[-83.732918,42.279703],[-83.732918,42.279703],[-83.732918,42.279703],[-83.732918,42.279702],[-83.732918,42.279702],[-83.732918,42.279702],[-83.732918,42.279702],[-83.732918,42.279702],[-83.732918,42.279702],[-83.732918,42.279702],[-83.732918,42.279702],[-83.732917,42.279702],[-83.732917,42.279702],[-83.732917,42.279702],[-83.732917,42.279702],[-83.732917,42.279702],[-83.732917,42.279702],[-83.732917,42.279702],[-83.732917,42.279702],[-83.732917,42.279702],[-83.732916,42.279702],[-83.732916,42.279702],[-83.732916,42.279702],[-83.732916,42.279702]],[[-83.732917,42.279702],[-83.732917,42.279702],[-83.732917,42.279702],[-83.732917,42.279702],[-83.732917,42.279702],[-83.732917,42.279702],[-83.732917,42.279702],[-83.732917,42.279702],[-83.732917,42.279702],[-83.732917,42.279702],[-83.732917,42.279702],[-83.732917,42.279702],[-83.732917,42.279702],[-83.732917,42.279702],[-83.732917,42.279702],[-83.732917,42.279702],[-83.732917,42.279702],[-83.732917,42.279702],[-83.732917,42.279702],[-83.732917,42.279702],[-83.732917,42.279702],[-83.732917,42.279702],[-83.732917,42.279702],[-83.732917,42.279702],[-83.732917,42.279702],[-83.732917,42.279702],[-83.732917,42.279702],[-83.732917,42.279702],[-83.732917,42.279702],[-83.732917,42.279702],[-83.732917,42.279702],[-83.732917,42.279702],[-83.732917,42.279702],[-83.732917,42.279702],[-83.732917,42.279702],[-83.732917,42.279702],[-83.732917,42.279702]]]},"properties":{"Layer":"CM-ATHL"}},{"type":"Feature","geometry":{"type":"LineString","coordinates":[[-83.732917,42.279702],[-83.73292,42.279806]]},"properties":{"Layer":"CM-ATHL"}},{"type":"Feature","geometry":{"type":"LineString","coordinates":[[-83.732921,42.279819],[-83.732924,42.279923]]},"properties":{"Layer":"CM-ATHL"}},{"type":"Feature","geometry":{"type":"MultiLineString","coordinates":[[[-83.732921,42.27978],[-83.732921,42.27978],[-83.732921,42.27978],[-83.732921,42.27978],[-83.732921,42.27978],[-83.732921,42.279779],[-83.73292,42.279779],[-83.73292,42.279779],[-83.73292,42.279779],[-83.732919,42.279779],[-83.732919,42.279779],[-83.732919,42.279779],[-83.732918,42.279779],[-83.732918,42.27978],[-83.732918,42.27978],[-83.732918,42.27978],[-83.732918,42.27978],[-83.732918,42.27978]],[[-83.732918,42.27978],[-83.732921,42.27978]],[[-83.732918,42.27978],[-83.732918,42.279781],[-83.732918,42.279781],[-83.732918,42.279781],[-83.732918,42.279781],[-83.732918,42.279781],[-83.732919,42.279782],[-83.732919,42.279782],[-83.732919,42.279782],[-83.73292,42.279782],[-83.73292,42.279782],[-83.732921,42.279782],[-83.732921,42.279781],[-83.732921,42.279781],[-83.732921,42.279781],[-83.732921,42.279781],[-83.732921,42.279781],[-83.732921,42.27978]]]},"properties":{"Layer":"CM-ATHL"}},{"type":"Feature","geometry":{"type":"MultiLineString","coordinates":[[[-83.732921,42.279754],[-83.732921,42.279754],[-83.732921,42.279754],[-83.73292,42.279754],[-83.73292,42.279753],[-83.73292,42.279753],[-83.73292,42.279753],[-83.732919,42.279753],[-83.732919,42.279753],[-83.732919,42.279753],[-83.732918,42.279753],[-83.732918,42.279753],[-83.732918,42.279753],[-83.732917,42.279754],[-83.732917,42.279754],[-83.732917,42.279754],[-83.732917,42.279754],[-83.732917,42.279754]],[[-83.732917,42.279754],[-83.732921,42.279754]],[[-83.732917,42.279754],[-83.732917,42.279755],[-83.732917,42.279755],[-83.732917,42.279755],[-83.732917,42.279755],[-83.732918,42.279755],[-83.732918,42.279756],[-83.732918,42.279756],[-83.732919,42.279756],[-83.732919,42.279756],[-83.732919,42.279756],[-83.73292,42.279756],[-83.73292,42.279755],[-83.73292,42.279755],[-83.73292,42.279755],[-83.732921,42.279755],[-83.732921,42.279754],[-83.732921,42.279754]]]},"properties":{"Layer":"CM-ATHL"}},{"type":"Feature","geometry":{"type":"MultiLineString","coordinates":[[[-83.73292,42.279728],[-83.73292,42.279728],[-83.73292,42.279728],[-83.73292,42.279728],[-83.732919,42.279727],[-83.732919,42.279727],[-83.732919,42.279727],[-83.732918,42.279727],[-83.732918,42.279727],[-83.732918,42.279727],[-83.732917,42.279727],[-83.732917,42.279727],[-83.732917,42.279727],[-83.732916,42.279727],[-83.732916,42.279728],[-83.732916,42.279728],[-83.732916,42.279728],[-83.732916,42.279728]],[[-83.732916,42.279728],[-83.73292,42.279728]],[[-83.732916,42.279728],[-83.732916,42.279728],[-83.732916,42.279729],[-83.732916,42.279729],[-83.732917,42.279729],[-83.732917,42.279729],[-83.732917,42.27973],[-83.732917,42.27973],[-83.732918,42.27973],[-83.732918,42.27973],[-83.732919,42.27973],[-83.732919,42.279729],[-83.732919,42.279729],[-83.732919,42.279729],[-83.73292,42.279729],[-83.73292,42.279729],[-83.73292,42.279728],[-83.73292,42.279728]]]},"properties":{"Layer":"CM-ATHL"}},{"type":"Feature","geometry":{"type":"MultiLineString","coordinates":[[[-83.732924,42.279845],[-83.732924,42.279845],[-83.732923,42.279845],[-83.732923,42.279844],[-83.732923,42.279844],[-83.732923,42.279844],[-83.732923,42.279844],[-83.732922,42.279844],[-83.732922,42.279844],[-83.732921,42.279844],[-83.732921,42.279844],[-83.732921,42.279844],[-83.73292,42.279844],[-83.73292,42.279844],[-83.73292,42.279845],[-83.73292,42.279845],[-83.73292,42.279845],[-83.73292,42.279845]],[[-83.73292,42.279845],[-83.732924,42.279845]],[[-83.73292,42.279845],[-83.73292,42.279845],[-83.73292,42.279846],[-83.73292,42.279846],[-83.73292,42.279846],[-83.732921,42.279846],[-83.732921,42.279846],[-83.732921,42.279846],[-83.732922,42.279847],[-83.732922,42.279847],[-83.732922,42.279846],[-83.732923,42.279846],[-83.732923,42.279846],[-83.732923,42.279846],[-83.732923,42.279846],[-83.732923,42.279846],[-83.732924,42.279845],[-83.732924,42.279845]]]},"properties":{"Layer":"CM-ATHL"}},{"type":"Feature","geometry":{"type":"MultiLineString","coordinates":[[[-83.732924,42.279871],[-83.732924,42.279871],[-83.732924,42.279871],[-83.732924,42.279871],[-83.732924,42.27987],[-83.732924,42.27987],[-83.732923,42.27987],[-83.732923,42.27987],[-83.732923,42.27987],[-83.732922,42.27987],[-83.732922,42.27987],[-83.732922,42.27987],[-83.732921,42.27987],[-83.732921,42.27987],[-83.732921,42.279871],[-83.732921,42.279871],[-83.732921,42.279871],[-83.732921,42.279871]],[[-83.732921,42.279871],[-83.732924,42.279871]],[[-83.732921,42.279871],[-83.732921,42.279871],[-83.732921,42.279872],[-83.732921,42.279872],[-83.732921,42.279872],[-83.732921,42.279872],[-83.732922,42.279872],[-83.732922,42.279873],[-83.732922,42.279873],[-83.732923,42.279873],[-83.732923,42.279873],[-83.732923,42.279872],[-83.732924,42.279872],[-83.732924,42.279872],[-83.732924,42.279872],[-83.732924,42.279872],[-83.732924,42.279871],[-83.732924,42.279871]]]},"properties":{"Layer":"CM-ATHL"}},{"type":"Feature","geometry":{"type":"MultiLineString","coordinates":[[[-83.732925,42.279897],[-83.732925,42.279897],[-83.732925,42.279897],[-83.732925,42.279897],[-83.732925,42.279896],[-83.732925,42.279896],[-83.732924,42.279896],[-83.732924,42.279896],[-83.732924,42.279896],[-83.732923,42.279896],[-83.732923,42.279896],[-83.732922,42.279896],[-83.732922,42.279896],[-83.732922,42.279896],[-83.732922,42.279897],[-83.732922,42.279897],[-83.732922,42.279897],[-83.732922,42.279897]],[[-83.732922,42.279897],[-83.732925,42.279897]],[[-83.732922,42.279897],[-83.732922,42.279897],[-83.732922,42.279898],[-83.732922,42.279898],[-83.732922,42.279898],[-83.732922,42.279898],[-83.732923,42.279899],[-83.732923,42.279899],[-83.732923,42.279899],[-83.732924,42.279899],[-83.732924,42.279899],[-83.732924,42.279898],[-83.732925,42.279898],[-83.732925,42.279898],[-83.732925,42.279898],[-83.732925,42.279898],[-83.732925,42.279897],[-83.732925,42.279897]]]},"properties":{"Layer":"CM-ATHL"}},{"type":"Feature","geometry":{"type":"MultiLineString","coordinates":[[[-83.732923,42.279951],[-83.732923,42.279951],[-83.732923,42.279951],[-83.732924,42.279952],[-83.732924,42.279952],[-83.732924,42.279952],[-83.732924,42.279952],[-83.732925,42.279952],[-83.732925,42.279952],[-83.732925,42.279952],[-83.732926,42.279952],[-83.732926,42.279952],[-83.732926,42.279952],[-83.732927,42.279952],[-83.732927,42.279951],[-83.732927,42.279951],[-83.732927,42.279951],[-83.732927,42.279951],[-83.732927,42.27995],[-83.732927,42.27995],[-83.732927,42.27995],[-83.732926,42.27995],[-83.732926,42.27995],[-83.732926,42.27995],[-83.732925,42.279949],[-83.732925,42.279949],[-83.732925,42.27995],[-83.732924,42.27995],[-83.732924,42.27995],[-83.732924,42.27995],[-83.732923,42.27995],[-83.732923,42.27995],[-83.732923,42.279951]],[[-83.732924,42.279951],[-83.732924,42.279951],[-83.732924,42.279951],[-83.732924,42.279951],[-83.732924,42.279952],[-83.732924,42.279952],[-83.732924,42.279952],[-83.732925,42.279952],[-83.732925,42.279952],[-83.732925,42.279952],[-83.732925,42.279952],[-83.732926,42.279952],[-83.732926,42.279952],[-83.732926,42.279952],[-83.732926,42.279952],[-83.732926,42.279951],[-83.732926,42.279951],[-83.732927,42.279951],[-83.732927,42.279951],[-83.732927,42.279951],[-83.732926,42.27995],[-83.732926,42.27995],[-83.732926,42.27995],[-83.732926,42.27995],[-83.732926,42.27995],[-83.732926,42.27995],[-83.732925,42.27995],[-83.732925,42.27995],[-83.732925,42.27995],[-83.732925,42.27995],[-83.732924,42.27995],[-83.732924,42.27995],[-83.732924,42.27995],[-83.732924,42.27995],[-83.732924,42.27995],[-83.732924,42.279951],[-83.732924,42.279951]],[[-83.732924,42.279951],[-83.732924,42.279951],[-83.732924,42.279951],[-83.732924,42.279951],[-83.732924,42.279951],[-83.732924,42.279951],[-83.732925,42.279952],[-83.732925,42.279952],[-83.732925,42.279952],[-83.732925,42.279952],[-83.732925,42.279952],[-83.732925,42.279952],[-83.732926,42.279952],[-83.732926,42.279951],[-83.732926,42.279951],[-83.732926,42.279951],[-83.732926,42.279951],[-83.732926,42.279951],[-83.732926,42.279951],[-83.732926,42.279951],[-83.732926,42.279951],[-83.732926,42.27995],[-83.732926,42.27995],[-83.732926,42.27995],[-83.732926,42.27995],[-83.732925,42.27995],[-83.732925,42.27995],[-83.732925,42.27995],[-83.732925,42.27995],[-83.732925,42.27995],[-83.732925,42.27995],[-83.732924,42.27995],[-83.732924,42.27995],[-83.732924,42.27995],[-83.732924,42.279951],[-83.732924,42.279951],[-83.732924,42.279951]],[[-83.732924,42.279951],[-83.732924,42.279951],[-83.732924,42.279951],[-83.732924,42.279951],[-83.732925,42.279951],[-83.732925,42.279951],[-83.732925,42.279951],[-83.732925,42.279951],[-83.732925,42.279951],[-83.732925,42.279951],[-83.732925,42.279951],[-83.732925,42.279951],[-83.732925,42.279951],[-83.732926,42.279951],[-83.732926,42.279951],[-83.732926,42.279951],[-83.732926,42.279951],[-83.732926,42.279951],[-83.732926,42.279951],[-83.732926,42.279951],[-83.732926,42.279951],[-83.732926,42.279951],[-83.732926,42.27995],[-83.732926,42.27995],[-83.732925,42.27995],[-83.732925,42.27995],[-83.732925,42.27995],[-83.732925,42.27995],[-83.732925,42.27995],[-83.732925,42.27995],[-83.732925,42.27995],[-83.732925,42.27995],[-83.732925,42.27995],[-83.732924,42.279951],[-83.732924,42.279951],[-83.732924,42.279951],[-83.732924,42.279951]],[[-83.732925,42.279951],[-83.732925,42.279951],[-83.732925,42.279951],[-83.732925,42.279951],[-83.732925,42.279951],[-83.732925,42.279951],[-83.732925,42.279951],[-83.732925,42.279951],[-83.732925,42.279951],[-83.732925,42.279951],[-83.732925,42.279951],[-83.732925,42.279951],[-83.732925,42.279951],[-83.732925,42.279951],[-83.732925,42.279951],[-83.732925,42.279951],[-83.732925,42.279951],[-83.732925,42.279951],[-83.732925,42.279951],[-83.732925,42.279951],[-83.732925,42.279951],[-83.732925,42.279951],[-83.732925,42.279951],[-83.732925,42.279951],[-83.732925,42.279951],[-83.732925,42.279951],[-83.732925,42.279951],[-83.732925,42.279951],[-83.732925,42.279951],[-83.732925,42.279951],[-83.732925,42.279951],[-83.732925,42.279951],[-83.732925,42.279951],[-83.732925,42.279951],[-83.732925,42.279951],[-83.732925,42.279951],[-83.732925,42.279951]]]},"properties":{"Layer":"CM-ATHL"}},{"type":"Feature","geometry":{"type":"MultiLineString","coordinates":[[[-83.732922,42.279923],[-83.732922,42.279924],[-83.732922,42.279924],[-83.732923,42.279924],[-83.732923,42.279924],[-83.732923,42.279924],[-83.732923,42.279925],[-83.732924,42.279925],[-83.732924,42.279925],[-83.732924,42.279925],[-83.732925,42.279925],[-83.732925,42.279925],[-83.732925,42.279924],[-83.732926,42.279924],[-83.732926,42.279924],[-83.732926,42.279924],[-83.732926,42.279923],[-83.732926,42.279923],[-83.732926,42.279923],[-83.732926,42.279923],[-83.732926,42.279922],[-83.732925,42.279922],[-83.732925,42.279922],[-83.732925,42.279922],[-83.732924,42.279922],[-83.732924,42.279922],[-83.732924,42.279922],[-83.732923,42.279922],[-83.732923,42.279922],[-83.732923,42.279923],[-83.732923,42.279923],[-83.732922,42.279923],[-83.732922,42.279923]],[[-83.732923,42.279923],[-83.732923,42.279924],[-83.732923,42.279924],[-83.732923,42.279924],[-83.732923,42.279924],[-83.732923,42.279924],[-83.732923,42.279924],[-83.732924,42.279924],[-83.732924,42.279924],[-83.732924,42.279924],[-83.732924,42.279924],[-83.732925,42.279924],[-83.732925,42.279924],[-83.732925,42.279924],[-83.732925,42.279924],[-83.732925,42.279924],[-83.732926,42.279924],[-83.732926,42.279924],[-83.732926,42.279923],[-83.732926,42.279923],[-83.732926,42.279923],[-83.732926,42.279923],[-83.732925,42.279923],[-83.732925,42.279923],[-83.732925,42.279922],[-83.732925,42.279922],[-83.732924,42.279922],[-83.732924,42.279922],[-83.732924,42.279922],[-83.732924,42.279922],[-83.732923,42.279922],[-83.732923,42.279923],[-83.732923,42.279923],[-83.732923,42.279923],[-83.732923,42.279923],[-83.732923,42.279923],[-83.732923,42.279923]],[[-83.732923,42.279923],[-83.732923,42.279924],[-83.732923,42.279924],[-83.732923,42.279924],[-83.732923,42.279924],[-83.732923,42.279924],[-83.732924,42.279924],[-83.732924,42.279924],[-83.732924,42.279924],[-83.732924,42.279924],[-83.732924,42.279924],[-83.732925,42.279924],[-83.732925,42.279924],[-83.732925,42.279924],[-83.732925,42.279924],[-83.732925,42.279924],[-83.732925,42.279924],[-83.732925,42.279924],[-83.732925,42.279923],[-83.732925,42.279923],[-83.732925,42.279923],[-83.732925,42.279923],[-83.732925,42.279923],[-83.732925,42.279923],[-83.732925,42.279923],[-83.732925,42.279923],[-83.732924,42.279923],[-83.732924,42.279923],[-83.732924,42.279923],[-83.732924,42.279923],[-83.732924,42.279923],[-83.732924,42.279923],[-83.732923,42.279923],[-83.732923,42.279923],[-83.732923,42.279923],[-83.732923,42.279923],[-83.732923,42.279923]],[[-83.732923,42.279923],[-83.732923,42.279923],[-83.732924,42.279924],[-83.732924,42.279924],[-83.732924,42.279924],[-83.732924,42.279924],[-83.732924,42.279924],[-83.732924,42.279924],[-83.732924,42.279924],[-83.732924,42.279924],[-83.732924,42.279924],[-83.732924,42.279924],[-83.732925,42.279924],[-83.732925,42.279924],[-83.732925,42.279924],[-83.732925,42.279924],[-83.732925,42.279924],[-83.732925,42.279923],[-83.732925,42.279923],[-83.732925,42.279923],[-83.732925,42.279923],[-83.732925,42.279923],[-83.732925,42.279923],[-83.732925,42.279923],[-83.732925,42.279923],[-83.732924,42.279923],[-83.732924,42.279923],[-83.732924,42.279923],[-83.732924,42.279923],[-83.732924,42.279923],[-83.732924,42.279923],[-83.732924,42.279923],[-83.732924,42.279923],[-83.732924,42.279923],[-83.732924,42.279923],[-83.732923,42.279923],[-83.732923,42.279923]],[[-83.732924,42.279923],[-83.732924,42.279923],[-83.732924,42.279923],[-83.732924,42.279924],[-83.732924,42.279924],[-83.732924,42.279924],[-83.732924,42.279924],[-83.732924,42.279924],[-83.732924,42.279924],[-83.732924,42.279924],[-83.732924,42.279924],[-83.732924,42.279924],[-83.732924,42.279924],[-83.732924,42.279924],[-83.732924,42.279924],[-83.732925,42.279924],[-83.732925,42.279923],[-83.732925,42.279923],[-83.732925,42.279923],[-83.732925,42.279923],[-83.732925,42.279923],[-83.732925,42.279923],[-83.732925,42.279923],[-83.732924,42.279923],[-83.732924,42.279923],[-83.732924,42.279923],[-83.732924,42.279923],[-83.732924,42.279923],[-83.732924,42.279923],[-83.732924,42.279923],[-83.732924,42.279923],[-83.732924,42.279923],[-83.732924,42.279923],[-83.732924,42.279923],[-83.732924,42.279923],[-83.732924,42.279923],[-83.732924,42.279923]]]},"properties":{"Layer":"CM-ATHL"}},{"type":"Feature","geometry":{"type":"LineString","coordinates":[[-83.732915,42.279647],[-83.732917,42.279702]]},"properties":{"Layer":"CM-ATHL"}},{"type":"Feature","geometry":{"type":"LineString","coordinates":[[-83.732924,42.279923],[-83.732926,42.279978]]},"properties":{"Layer":"CM-ATHL"}},{"type":"Feature","geometry":{"type":"MultiLineString","coordinates":[[[-83.732587,42.279653],[-83.732587,42.279653],[-83.732587,42.279654],[-83.732587,42.279654],[-83.732587,42.279654],[-83.732587,42.279654],[-83.732588,42.279654],[-83.732588,42.279654],[-83.732588,42.279655],[-83.732589,42.279655],[-83.732589,42.279654],[-83.732589,42.279654],[-83.73259,42.279654],[-83.73259,42.279654],[-83.73259,42.279654],[-83.73259,42.279654],[-83.73259,42.279653],[-83.73259,42.279653],[-83.73259,42.279653],[-83.73259,42.279652],[-83.73259,42.279652],[-83.732589,42.279652],[-83.732589,42.279652],[-83.732589,42.279652],[-83.732588,42.279652],[-83.732588,42.279652],[-83.732588,42.279652],[-83.732587,42.279652],[-83.732587,42.279652],[-83.732587,42.279652],[-83.732587,42.279653],[-83.732587,42.279653],[-83.732587,42.279653]],[[-83.732587,42.279653],[-83.732587,42.279653],[-83.732587,42.279654],[-83.732587,42.279654],[-83.732587,42.279654],[-83.732587,42.279654],[-83.732588,42.279654],[-83.732588,42.279654],[-83.732588,42.279654],[-83.732588,42.279654],[-83.732589,42.279654],[-83.732589,42.279654],[-83.732589,42.279654],[-83.732589,42.279654],[-83.732589,42.279654],[-83.73259,42.279654],[-83.73259,42.279654],[-83.73259,42.279653],[-83.73259,42.279653],[-83.73259,42.279653],[-83.73259,42.279653],[-83.73259,42.279653],[-83.732589,42.279652],[-83.732589,42.279652],[-83.732589,42.279652],[-83.732589,42.279652],[-83.732589,42.279652],[-83.732588,42.279652],[-83.732588,42.279652],[-83.732588,42.279652],[-83.732588,42.279652],[-83.732587,42.279652],[-83.732587,42.279652],[-83.732587,42.279653],[-83.732587,42.279653],[-83.732587,42.279653],[-83.732587,42.279653]],[[-83.732587,42.279653],[-83.732587,42.279653],[-83.732587,42.279653],[-83.732587,42.279654],[-83.732588,42.279654],[-83.732588,42.279654],[-83.732588,42.279654],[-83.732588,42.279654],[-83.732588,42.279654],[-83.732588,42.279654],[-83.732589,42.279654],[-83.732589,42.279654],[-83.732589,42.279654],[-83.732589,42.279654],[-83.732589,42.279654],[-83.732589,42.279654],[-83.732589,42.279653],[-83.732589,42.279653],[-83.732589,42.279653],[-83.732589,42.279653],[-83.732589,42.279653],[-83.732589,42.279653],[-83.732589,42.279653],[-83.732589,42.279653],[-83.732589,42.279652],[-83.732589,42.279652],[-83.732589,42.279652],[-83.732588,42.279652],[-83.732588,42.279652],[-83.732588,42.279652],[-83.732588,42.279652],[-83.732588,42.279653],[-83.732588,42.279653],[-83.732587,42.279653],[-83.732587,42.279653],[-83.732587,42.279653],[-83.732587,42.279653]],[[-83.732588,42.279653],[-83.732588,42.279653],[-83.732588,42.279653],[-83.732588,42.279653],[-83.732588,42.279654],[-83.732588,42.279654],[-83.732588,42.279654],[-83.732588,42.279654],[-83.732588,42.279654],[-83.732588,42.279654],[-83.732588,42.279654],[-83.732589,42.279654],[-83.732589,42.279654],[-83.732589,42.279654],[-83.732589,42.279654],[-83.732589,42.279653],[-83.732589,42.279653],[-83.732589,42.279653],[-83.732589,42.279653],[-83.732589,42.279653],[-83.732589,42.279653],[-83.732589,42.279653],[-83.732589,42.279653],[-83.732589,42.279653],[-83.732589,42.279653],[-83.732589,42.279653],[-83.732588,42.279653],[-83.732588,42.279653],[-83.732588,42.279653],[-83.732588,42.279653],[-83.732588,42.279653],[-83.732588,42.279653],[-83.732588,42.279653],[-83.732588,42.279653],[-83.732588,42.279653],[-83.732588,42.279653],[-83.732588,42.279653]],[[-83.732588,42.279653],[-83.732588,42.279653],[-83.732588,42.279653],[-83.732588,42.279653],[-83.732588,42.279653],[-83.732588,42.279653],[-83.732588,42.279653],[-83.732588,42.279653],[-83.732588,42.279653],[-83.732588,42.279653],[-83.732588,42.279653],[-83.732588,42.279653],[-83.732589,42.279653],[-83.732589,42.279653],[-83.732589,42.279653],[-83.732589,42.279653],[-83.732589,42.279653],[-83.732589,42.279653],[-83.732589,42.279653],[-83.732589,42.279653],[-83.732589,42.279653],[-83.732589,42.279653],[-83.732589,42.279653],[-83.732589,42.279653],[-83.732589,42.279653],[-83.732588,42.279653],[-83.732588,42.279653],[-83.732588,42.279653],[-83.732588,42.279653],[-83.732588,42.279653],[-83.732588,42.279653],[-83.732588,42.279653],[-83.732588,42.279653],[-83.732588,42.279653],[-83.732588,42.279653],[-83.732588,42.279653],[-83.732588,42.279653]]]},"properties":{"Layer":"CM-ATHL"}},{"type":"Feature","geometry":{"type":"MultiLineString","coordinates":[[[-83.732448,42.279325],[-83.732448,42.279325],[-83.732448,42.279325],[-83.732449,42.279326],[-83.732449,42.279326],[-83.732449,42.279326],[-83.732449,42.279326],[-83.73245,42.279326],[-83.73245,42.279326],[-83.73245,42.279326],[-83.732451,42.279326],[-83.732451,42.279326],[-83.732451,42.279326],[-83.732452,42.279326],[-83.732452,42.279326],[-83.732452,42.279325],[-83.732452,42.279325],[-83.732452,42.279325],[-83.732452,42.279325],[-83.732452,42.279324],[-83.732452,42.279324],[-83.732451,42.279324],[-83.732451,42.279324],[-83.732451,42.279324],[-83.73245,42.279324],[-83.73245,42.279324],[-83.73245,42.279324],[-83.732449,42.279324],[-83.732449,42.279324],[-83.732449,42.279324],[-83.732449,42.279324],[-83.732448,42.279325],[-83.732448,42.279325]],[[-83.732449,42.279325],[-83.732449,42.279325],[-83.732449,42.279325],[-83.732449,42.279326],[-83.732449,42.279326],[-83.732449,42.279326],[-83.732449,42.279326],[-83.73245,42.279326],[-83.73245,42.279326],[-83.73245,42.279326],[-83.73245,42.279326],[-83.732451,42.279326],[-83.732451,42.279326],[-83.732451,42.279326],[-83.732451,42.279326],[-83.732451,42.279326],[-83.732452,42.279325],[-83.732452,42.279325],[-83.732452,42.279325],[-83.732452,42.279325],[-83.732452,42.279325],[-83.732452,42.279324],[-83.732451,42.279324],[-83.732451,42.279324],[-83.732451,42.279324],[-83.732451,42.279324],[-83.73245,42.279324],[-83.73245,42.279324],[-83.73245,42.279324],[-83.73245,42.279324],[-83.732449,42.279324],[-83.732449,42.279324],[-83.732449,42.279324],[-83.732449,42.279324],[-83.732449,42.279325],[-83.732449,42.279325],[-83.732449,42.279325]],[[-83.732449,42.279325],[-83.732449,42.279325],[-83.732449,42.279325],[-83.732449,42.279325],[-83.732449,42.279325],[-83.73245,42.279326],[-83.73245,42.279326],[-83.73245,42.279326],[-83.73245,42.279326],[-83.73245,42.279326],[-83.73245,42.279326],[-83.732451,42.279326],[-83.732451,42.279326],[-83.732451,42.279326],[-83.732451,42.279326],[-83.732451,42.279325],[-83.732451,42.279325],[-83.732451,42.279325],[-83.732451,42.279325],[-83.732451,42.279325],[-83.732451,42.279325],[-83.732451,42.279325],[-83.732451,42.279324],[-83.732451,42.279324],[-83.732451,42.279324],[-83.732451,42.279324],[-83.73245,42.279324],[-83.73245,42.279324],[-83.73245,42.279324],[-83.73245,42.279324],[-83.73245,42.279324],[-83.73245,42.279324],[-83.732449,42.279324],[-83.732449,42.279325],[-83.732449,42.279325],[-83.732449,42.279325],[-83.732449,42.279325]],[[-83.732449,42.279325],[-83.732449,42.279325],[-83.73245,42.279325],[-83.73245,42.279325],[-83.73245,42.279325],[-83.73245,42.279325],[-83.73245,42.279325],[-83.73245,42.279325],[-83.73245,42.279326],[-83.73245,42.279326],[-83.73245,42.279326],[-83.73245,42.279325],[-83.732451,42.279325],[-83.732451,42.279325],[-83.732451,42.279325],[-83.732451,42.279325],[-83.732451,42.279325],[-83.732451,42.279325],[-83.732451,42.279325],[-83.732451,42.279325],[-83.732451,42.279325],[-83.732451,42.279325],[-83.732451,42.279325],[-83.732451,42.279325],[-83.732451,42.279325],[-83.73245,42.279324],[-83.73245,42.279324],[-83.73245,42.279324],[-83.73245,42.279324],[-83.73245,42.279324],[-83.73245,42.279324],[-83.73245,42.279325],[-83.73245,42.279325],[-83.73245,42.279325],[-83.73245,42.279325],[-83.732449,42.279325],[-83.732449,42.279325]],[[-83.73245,42.279325],[-83.73245,42.279325],[-83.73245,42.279325],[-83.73245,42.279325],[-83.73245,42.279325],[-83.73245,42.279325],[-83.73245,42.279325],[-83.73245,42.279325],[-83.73245,42.279325],[-83.73245,42.279325],[-83.73245,42.279325],[-83.73245,42.279325],[-83.73245,42.279325],[-83.73245,42.279325],[-83.732451,42.279325],[-83.732451,42.279325],[-83.732451,42.279325],[-83.732451,42.279325],[-83.732451,42.279325],[-83.732451,42.279325],[-83.732451,42.279325],[-83.732451,42.279325],[-83.732451,42.279325],[-83.73245,42.279325],[-83.73245,42.279325],[-83.73245,42.279325],[-83.73245,42.279325],[-83.73245,42.279325],[-83.73245,42.279325],[-83.73245,42.279325],[-83.73245,42.279325],[-83.73245,42.279325],[-83.73245,42.279325],[-83.73245,42.279325],[-83.73245,42.279325],[-83.73245,42.279325],[-83.73245,42.279325]]]},"properties":{"Layer":"CM-ATHL"}},{"type":"Feature","geometry":{"type":"MultiLineString","coordinates":[[[-83.732491,42.279324],[-83.732491,42.279324],[-83.732491,42.279325],[-83.732491,42.279325],[-83.732491,42.279325],[-83.732492,42.279325],[-83.732492,42.279325],[-83.732492,42.279325],[-83.732493,42.279325],[-83.732493,42.279325],[-83.732493,42.279325],[-83.732494,42.279325],[-83.732494,42.279325],[-83.732494,42.279325],[-83.732494,42.279325],[-83.732494,42.279324],[-83.732495,42.279324],[-83.732495,42.279324],[-83.732494,42.279324],[-83.732494,42.279323],[-83.732494,42.279323],[-83.732494,42.279323],[-83.732494,42.279323],[-83.732493,42.279323],[-83.732493,42.279323],[-83.732492,42.279323],[-83.732492,42.279323],[-83.732492,42.279323],[-83.732491,42.279323],[-83.732491,42.279323],[-83.732491,42.279323],[-83.732491,42.279324],[-83.732491,42.279324]],[[-83.732491,42.279324],[-83.732491,42.279324],[-83.732491,42.279324],[-83.732491,42.279325],[-83.732492,42.279325],[-83.732492,42.279325],[-83.732492,42.279325],[-83.732492,42.279325],[-83.732492,42.279325],[-83.732493,42.279325],[-83.732493,42.279325],[-83.732493,42.279325],[-83.732493,42.279325],[-83.732494,42.279325],[-83.732494,42.279325],[-83.732494,42.279325],[-83.732494,42.279324],[-83.732494,42.279324],[-83.732494,42.279324],[-83.732494,42.279324],[-83.732494,42.279324],[-83.732494,42.279324],[-83.732494,42.279323],[-83.732494,42.279323],[-83.732493,42.279323],[-83.732493,42.279323],[-83.732493,42.279323],[-83.732493,42.279323],[-83.732492,42.279323],[-83.732492,42.279323],[-83.732492,42.279323],[-83.732492,42.279323],[-83.732492,42.279323],[-83.732491,42.279324],[-83.732491,42.279324],[-83.732491,42.279324],[-83.732491,42.279324]],[[-83.732492,42.279324],[-83.732492,42.279324],[-83.732492,42.279324],[-83.732492,42.279324],[-83.732492,42.279325],[-83.732492,42.279325],[-83.732492,42.279325],[-83.732492,42.279325],[-83.732492,42.279325],[-83.732493,42.279325],[-83.732493,42.279325],[-83.732493,42.279325],[-83.732493,42.279325],[-83.732493,42.279325],[-83.732494,42.279325],[-83.732494,42.279324],[-83.732494,42.279324],[-83.732494,42.279324],[-83.732494,42.279324],[-83.732494,42.279324],[-83.732494,42.279324],[-83.732494,42.279324],[-83.732494,42.279324],[-83.732493,42.279323],[-83.732493,42.279323],[-83.732493,42.279323],[-83.732493,42.279323],[-83.732493,42.279323],[-83.732493,42.279323],[-83.732492,42.279323],[-83.732492,42.279323],[-83.732492,42.279323],[-83.732492,42.279324],[-83.732492,42.279324],[-83.732492,42.279324],[-83.732492,42.279324],[-83.732492,42.279324]],[[-83.732492,42.279324],[-83.732492,42.279324],[-83.732492,42.279324],[-83.732492,42.279324],[-83.732492,42.279324],[-83.732492,42.279324],[-83.732492,42.279325],[-83.732492,42.279325],[-83.732493,42.279325],[-83.732493,42.279325],[-83.732493,42.279325],[-83.732493,42.279325],[-83.732493,42.279325],[-83.732493,42.279325],[-83.732493,42.279324],[-83.732493,42.279324],[-83.732493,42.279324],[-83.732493,42.279324],[-83.732493,42.279324],[-83.732493,42.279324],[-83.732493,42.279324],[-83.732493,42.279324],[-83.732493,42.279324],[-83.732493,42.279324],[-83.732493,42.279324],[-83.732493,42.279324],[-83.732493,42.279324],[-83.732493,42.279324],[-83.732493,42.279324],[-83.732492,42.279324],[-83.732492,42.279324],[-83.732492,42.279324],[-83.732492,42.279324],[-83.732492,42.279324],[-83.732492,42.279324],[-83.732492,42.279324],[-83.732492,42.279324]],[[-83.732492,42.279324],[-83.732492,42.279324],[-83.732492,42.279324],[-83.732492,42.279324],[-83.732492,42.279324],[-83.732492,42.279324],[-83.732493,42.279324],[-83.732493,42.279324],[-83.732493,42.279324],[-83.732493,42.279324],[-83.732493,42.279324],[-83.732493,42.279324],[-83.732493,42.279324],[-83.732493,42.279324],[-83.732493,42.279324],[-83.732493,42.279324],[-83.732493,42.279324],[-83.732493,42.279324],[-83.732493,42.279324],[-83.732493,42.279324],[-83.732493,42.279324],[-83.732493,42.279324],[-83.732493,42.279324],[-83.732493,42.279324],[-83.732493,42.279324],[-83.732493,42.279324],[-83.732493,42.279324],[-83.732493,42.279324],[-83.732493,42.279324],[-83.732493,42.279324],[-83.732493,42.279324],[-83.732492,42.279324],[-83.732492,42.279324],[-83.732492,42.279324],[-83.732492,42.279324],[-83.732492,42.279324],[-83.732492,42.279324]]]},"properties":{"Layer":"CM-ATHL"}},{"type":"Feature","geometry":{"type":"MultiLineString","coordinates":[[[-83.732533,42.279323],[-83.732533,42.279323],[-83.732533,42.279324],[-83.732534,42.279324],[-83.732534,42.279324],[-83.732534,42.279324],[-83.732534,42.279324],[-83.732535,42.279325],[-83.732535,42.279325],[-83.732535,42.279325],[-83.732536,42.279324],[-83.732536,42.279324],[-83.732536,42.279324],[-83.732537,42.279324],[-83.732537,42.279324],[-83.732537,42.279324],[-83.732537,42.279323],[-83.732537,42.279323],[-83.732537,42.279323],[-83.732537,42.279323],[-83.732537,42.279322],[-83.732536,42.279322],[-83.732536,42.279322],[-83.732536,42.279322],[-83.732535,42.279322],[-83.732535,42.279322],[-83.732535,42.279322],[-83.732534,42.279322],[-83.732534,42.279322],[-83.732534,42.279322],[-83.732534,42.279323],[-83.732533,42.279323],[-83.732533,42.279323]],[[-83.732534,42.279323],[-83.732534,42.279323],[-83.732534,42.279324],[-83.732534,42.279324],[-83.732534,42.279324],[-83.732534,42.279324],[-83.732534,42.279324],[-83.732535,42.279324],[-83.732535,42.279324],[-83.732535,42.279324],[-83.732535,42.279324],[-83.732536,42.279324],[-83.732536,42.279324],[-83.732536,42.279324],[-83.732536,42.279324],[-83.732536,42.279324],[-83.732537,42.279324],[-83.732537,42.279323],[-83.732537,42.279323],[-83.732537,42.279323],[-83.732537,42.279323],[-83.732536,42.279323],[-83.732536,42.279322],[-83.732536,42.279322],[-83.732536,42.279322],[-83.732536,42.279322],[-83.732535,42.279322],[-83.732535,42.279322],[-83.732535,42.279322],[-83.732535,42.279322],[-83.732534,42.279322],[-83.732534,42.279322],[-83.732534,42.279322],[-83.732534,42.279323],[-83.732534,42.279323],[-83.732534,42.279323],[-83.732534,42.279323]],[[-83.732534,42.279323],[-83.732534,42.279323],[-83.732534,42.279323],[-83.732534,42.279324],[-83.732534,42.279324],[-83.732534,42.279324],[-83.732535,42.279324],[-83.732535,42.279324],[-83.732535,42.279324],[-83.732535,42.279324],[-83.732535,42.279324],[-83.732536,42.279324],[-83.732536,42.279324],[-83.732536,42.279324],[-83.732536,42.279324],[-83.732536,42.279324],[-83.732536,42.279323],[-83.732536,42.279323],[-83.732536,42.279323],[-83.732536,42.279323],[-83.732536,42.279323],[-83.732536,42.279323],[-83.732536,42.279323],[-83.732536,42.279323],[-83.732536,42.279322],[-83.732536,42.279322],[-83.732535,42.279322],[-83.732535,42.279322],[-83.732535,42.279322],[-83.732535,42.279322],[-83.732535,42.279322],[-83.732534,42.279323],[-83.732534,42.279323],[-83.732534,42.279323],[-83.732534,42.279323],[-83.732534,42.279323],[-83.732534,42.279323]],[[-83.732534,42.279323],[-83.732534,42.279323],[-83.732534,42.279323],[-83.732535,42.279323],[-83.732535,42.279324],[-83.732535,42.279324],[-83.732535,42.279324],[-83.732535,42.279324],[-83.732535,42.279324],[-83.732535,42.279324],[-83.732535,42.279324],[-83.732535,42.279324],[-83.732536,42.279324],[-83.732536,42.279324],[-83.732536,42.279324],[-83.732536,42.279323],[-83.732536,42.279323],[-83.732536,42.279323],[-83.732536,42.279323],[-83.732536,42.279323],[-83.732536,42.279323],[-83.732536,42.279323],[-83.732536,42.279323],[-83.732536,42.279323],[-83.732536,42.279323],[-83.732535,42.279323],[-83.732535,42.279323],[-83.732535,42.279323],[-83.732535,42.279323],[-83.732535,42.279323],[-83.732535,42.279323],[-83.732535,42.279323],[-83.732535,42.279323],[-83.732535,42.279323],[-83.732534,42.279323],[-83.732534,42.279323],[-83.732534,42.279323]],[[-83.732535,42.279323],[-83.732535,42.279323],[-83.732535,42.279323],[-83.732535,42.279323],[-83.732535,42.279323],[-83.732535,42.279323],[-83.732535,42.279323],[-83.732535,42.279323],[-83.732535,42.279323],[-83.732535,42.279323],[-83.732535,42.279323],[-83.732535,42.279323],[-83.732535,42.279323],[-83.732535,42.279323],[-83.732535,42.279323],[-83.732535,42.279323],[-83.732536,42.279323],[-83.732536,42.279323],[-83.732536,42.279323],[-83.732536,42.279323],[-83.732536,42.279323],[-83.732536,42.279323],[-83.732535,42.279323],[-83.732535,42.279323],[-83.732535,42.279323],[-83.732535,42.279323],[-83.732535,42.279323],[-83.732535,42.279323],[-83.732535,42.279323],[-83.732535,42.279323],[-83.732535,42.279323],[-83.732535,42.279323],[-83.732535,42.279323],[-83.732535,42.279323],[-83.732535,42.279323],[-83.732535,42.279323],[-83.732535,42.279323]]]},"properties":{"Layer":"CM-ATHL"}},{"type":"Feature","geometry":{"type":"MultiLineString","coordinates":[[[-83.732576,42.279322],[-83.732576,42.279322],[-83.732576,42.279323],[-83.732576,42.279323],[-83.732576,42.279323],[-83.732577,42.279323],[-83.732577,42.279324],[-83.732577,42.279324],[-83.732578,42.279324],[-83.732578,42.279324],[-83.732578,42.279324],[-83.732579,42.279323],[-83.732579,42.279323],[-83.732579,42.279323],[-83.732579,42.279323],[-83.732579,42.279323],[-83.732579,42.279322],[-83.732579,42.279322],[-83.732579,42.279322],[-83.732579,42.279322],[-83.732579,42.279321],[-83.732579,42.279321],[-83.732578,42.279321],[-83.732578,42.279321],[-83.732578,42.279321],[-83.732577,42.279321],[-83.732577,42.279321],[-83.732577,42.279321],[-83.732576,42.279321],[-83.732576,42.279321],[-83.732576,42.279322],[-83.732576,42.279322],[-83.732576,42.279322]],[[-83.732576,42.279322],[-83.732576,42.279322],[-83.732576,42.279323],[-83.732576,42.279323],[-83.732577,42.279323],[-83.732577,42.279323],[-83.732577,42.279323],[-83.732577,42.279323],[-83.732577,42.279323],[-83.732578,42.279323],[-83.732578,42.279323],[-83.732578,42.279323],[-83.732578,42.279323],[-83.732579,42.279323],[-83.732579,42.279323],[-83.732579,42.279323],[-83.732579,42.279323],[-83.732579,42.279322],[-83.732579,42.279322],[-83.732579,42.279322],[-83.732579,42.279322],[-83.732579,42.279322],[-83.732579,42.279322],[-83.732579,42.279321],[-83.732578,42.279321],[-83.732578,42.279321],[-83.732578,42.279321],[-83.732578,42.279321],[-83.732577,42.279321],[-83.732577,42.279321],[-83.732577,42.279321],[-83.732577,42.279321],[-83.732577,42.279322],[-83.732576,42.279322],[-83.732576,42.279322],[-83.732576,42.279322],[-83.732576,42.279322]],[[-83.732577,42.279322],[-83.732577,42.279322],[-83.732577,42.279323],[-83.732577,42.279323],[-83.732577,42.279323],[-83.732577,42.279323],[-83.732577,42.279323],[-83.732577,42.279323],[-83.732577,42.279323],[-83.732578,42.279323],[-83.732578,42.279323],[-83.732578,42.279323],[-83.732578,42.279323],[-83.732578,42.279323],[-83.732578,42.279323],[-83.732579,42.279323],[-83.732579,42.279323],[-83.732579,42.279322],[-83.732579,42.279322],[-83.732579,42.279322],[-83.732579,42.279322],[-83.732579,42.279322],[-83.732579,42.279322],[-83.732578,42.279322],[-83.732578,42.279322],[-83.732578,42.279322],[-83.732578,42.279321],[-83.732578,42.279321],[-83.732577,42.279321],[-83.732577,42.279322],[-83.732577,42.279322],[-83.732577,42.279322],[-83.732577,42.279322],[-83.732577,42.279322],[-83.732577,42.279322],[-83.732577,42.279322],[-83.732577,42.279322]],[[-83.732577,42.279322],[-83.732577,42.279322],[-83.732577,42.279322],[-83.732577,42.279323],[-83.732577,42.279323],[-83.732577,42.279323],[-83.732577,42.279323],[-83.732577,42.279323],[-83.732578,42.279323],[-83.732578,42.279323],[-83.732578,42.279323],[-83.732578,42.279323],[-83.732578,42.279323],[-83.732578,42.279323],[-83.732578,42.279323],[-83.732578,42.279323],[-83.732578,42.279322],[-83.732578,42.279322],[-83.732578,42.279322],[-83.732578,42.279322],[-83.732578,42.279322],[-83.732578,42.279322],[-83.732578,42.279322],[-83.732578,42.279322],[-83.732578,42.279322],[-83.732578,42.279322],[-83.732578,42.279322],[-83.732578,42.279322],[-83.732578,42.279322],[-83.732577,42.279322],[-83.732577,42.279322],[-83.732577,42.279322],[-83.732577,42.279322],[-83.732577,42.279322],[-83.732577,42.279322],[-83.732577,42.279322],[-83.732577,42.279322]],[[-83.732577,42.279322],[-83.732577,42.279322],[-83.732577,42.279322],[-83.732577,42.279322],[-83.732577,42.279322],[-83.732577,42.279322],[-83.732577,42.279323],[-83.732578,42.279323],[-83.732578,42.279323],[-83.732578,42.279323],[-83.732578,42.279323],[-83.732578,42.279323],[-83.732578,42.279323],[-83.732578,42.279322],[-83.732578,42.279322],[-83.732578,42.279322],[-83.732578,42.279322],[-83.732578,42.279322],[-83.732578,42.279322],[-83.732578,42.279322],[-83.732578,42.279322],[-83.732578,42.279322],[-83.732578,42.279322],[-83.732578,42.279322],[-83.732578,42.279322],[-83.732578,42.279322],[-83.732578,42.279322],[-83.732578,42.279322],[-83.732578,42.279322],[-83.732578,42.279322],[-83.732577,42.279322],[-83.732577,42.279322],[-83.732577,42.279322],[-83.732577,42.279322],[-83.732577,42.279322],[-83.732577,42.279322],[-83.732577,42.279322]]]},"properties":{"Layer":"CM-ATHL"}},{"type":"Feature","geometry":{"type":"MultiLineString","coordinates":[[[-83.732559,42.279984],[-83.732559,42.279985],[-83.732559,42.279985],[-83.732559,42.279985],[-83.732559,42.279985],[-83.732559,42.279986],[-83.73256,42.279986],[-83.73256,42.279986],[-83.73256,42.279986],[-83.732561,42.279986],[-83.732561,42.279986],[-83.732561,42.279986],[-83.732562,42.279986],[-83.732562,42.279985],[-83.732562,42.279985],[-83.732562,42.279985],[-83.732562,42.279985],[-83.732562,42.279984],[-83.732562,42.279984],[-83.732562,42.279984],[-83.732562,42.279984],[-83.732562,42.279983],[-83.732561,42.279983],[-83.732561,42.279983],[-83.732561,42.279983],[-83.73256,42.279983],[-83.73256,42.279983],[-83.73256,42.279983],[-83.732559,42.279984],[-83.732559,42.279984],[-83.732559,42.279984],[-83.732559,42.279984],[-83.732559,42.279984]],[[-83.732559,42.279985],[-83.732559,42.279985],[-83.732559,42.279985],[-83.732559,42.279985],[-83.732559,42.279985],[-83.732559,42.279985],[-83.73256,42.279986],[-83.73256,42.279986],[-83.73256,42.279986],[-83.73256,42.279986],[-83.732561,42.279986],[-83.732561,42.279986],[-83.732561,42.279986],[-83.732561,42.279985],[-83.732562,42.279985],[-83.732562,42.279985],[-83.732562,42.279985],[-83.732562,42.279985],[-83.732562,42.279985],[-83.732562,42.279984],[-83.732562,42.279984],[-83.732562,42.279984],[-83.732562,42.279984],[-83.732561,42.279984],[-83.732561,42.279984],[-83.732561,42.279984],[-83.732561,42.279983],[-83.73256,42.279983],[-83.73256,42.279983],[-83.73256,42.279984],[-83.73256,42.279984],[-83.732559,42.279984],[-83.732559,42.279984],[-83.732559,42.279984],[-83.732559,42.279984],[-83.732559,42.279984],[-83.732559,42.279985]],[[-83.732559,42.279985],[-83.732559,42.279985],[-83.732559,42.279985],[-83.732559,42.279985],[-83.73256,42.279985],[-83.73256,42.279985],[-83.73256,42.279985],[-83.73256,42.279985],[-83.73256,42.279985],[-83.73256,42.279985],[-83.732561,42.279985],[-83.732561,42.279985],[-83.732561,42.279985],[-83.732561,42.279985],[-83.732561,42.279985],[-83.732561,42.279985],[-83.732561,42.279985],[-83.732562,42.279985],[-83.732562,42.279985],[-83.732562,42.279984],[-83.732561,42.279984],[-83.732561,42.279984],[-83.732561,42.279984],[-83.732561,42.279984],[-83.732561,42.279984],[-83.732561,42.279984],[-83.732561,42.279984],[-83.73256,42.279984],[-83.73256,42.279984],[-83.73256,42.279984],[-83.73256,42.279984],[-83.73256,42.279984],[-83.73256,42.279984],[-83.732559,42.279984],[-83.732559,42.279984],[-83.732559,42.279984],[-83.732559,42.279985]],[[-83.73256,42.279985],[-83.73256,42.279985],[-83.73256,42.279985],[-83.73256,42.279985],[-83.73256,42.279985],[-83.73256,42.279985],[-83.73256,42.279985],[-83.73256,42.279985],[-83.73256,42.279985],[-83.73256,42.279985],[-83.732561,42.279985],[-83.732561,42.279985],[-83.732561,42.279985],[-83.732561,42.279985],[-83.732561,42.279985],[-83.732561,42.279985],[-83.732561,42.279985],[-83.732561,42.279985],[-83.732561,42.279985],[-83.732561,42.279984],[-83.732561,42.279984],[-83.732561,42.279984],[-83.732561,42.279984],[-83.732561,42.279984],[-83.732561,42.279984],[-83.732561,42.279984],[-83.732561,42.279984],[-83.73256,42.279984],[-83.73256,42.279984],[-83.73256,42.279984],[-83.73256,42.279984],[-83.73256,42.279984],[-83.73256,42.279984],[-83.73256,42.279984],[-83.73256,42.279984],[-83.73256,42.279984],[-83.73256,42.279985]],[[-83.73256,42.279985],[-83.73256,42.279985],[-83.73256,42.279985],[-83.73256,42.279985],[-83.73256,42.279985],[-83.73256,42.279985],[-83.73256,42.279985],[-83.73256,42.279985],[-83.73256,42.279985],[-83.73256,42.279985],[-83.73256,42.279985],[-83.732561,42.279985],[-83.732561,42.279985],[-83.732561,42.279985],[-83.732561,42.279985],[-83.732561,42.279985],[-83.732561,42.279985],[-83.732561,42.279985],[-83.732561,42.279985],[-83.732561,42.279985],[-83.732561,42.279984],[-83.732561,42.279984],[-83.732561,42.279984],[-83.732561,42.279984],[-83.732561,42.279984],[-83.732561,42.279984],[-83.73256,42.279984],[-83.73256,42.279984],[-83.73256,42.279984],[-83.73256,42.279984],[-83.73256,42.279984],[-83.73256,42.279984],[-83.73256,42.279984],[-83.73256,42.279984],[-83.73256,42.279984],[-83.73256,42.279985],[-83.73256,42.279985]]]},"properties":{"Layer":"CM-ATHL"}},{"type":"Feature","geometry":{"type":"MultiLineString","coordinates":[[[-83.73252,42.279985],[-83.73252,42.279985],[-83.73252,42.279986],[-83.73252,42.279986],[-83.73252,42.279986],[-83.732521,42.279986],[-83.732521,42.279986],[-83.732521,42.279987],[-83.732522,42.279987],[-83.732522,42.279987],[-83.732522,42.279987],[-83.732523,42.279986],[-83.732523,42.279986],[-83.732523,42.279986],[-83.732524,42.279986],[-83.732524,42.279986],[-83.732524,42.279985],[-83.732524,42.279985],[-83.732524,42.279985],[-83.732523,42.279985],[-83.732523,42.279984],[-83.732523,42.279984],[-83.732523,42.279984],[-83.732522,42.279984],[-83.732522,42.279984],[-83.732522,42.279984],[-83.732521,42.279984],[-83.732521,42.279984],[-83.732521,42.279984],[-83.73252,42.279984],[-83.73252,42.279985],[-83.73252,42.279985],[-83.73252,42.279985]],[[-83.73252,42.279985],[-83.73252,42.279985],[-83.73252,42.279986],[-83.732521,42.279986],[-83.732521,42.279986],[-83.732521,42.279986],[-83.732521,42.279986],[-83.732521,42.279986],[-83.732522,42.279986],[-83.732522,42.279986],[-83.732522,42.279986],[-83.732522,42.279986],[-83.732523,42.279986],[-83.732523,42.279986],[-83.732523,42.279986],[-83.732523,42.279986],[-83.732523,42.279986],[-83.732523,42.279985],[-83.732523,42.279985],[-83.732523,42.279985],[-83.732523,42.279985],[-83.732523,42.279985],[-83.732523,42.279985],[-83.732523,42.279984],[-83.732523,42.279984],[-83.732522,42.279984],[-83.732522,42.279984],[-83.732522,42.279984],[-83.732522,42.279984],[-83.732521,42.279984],[-83.732521,42.279984],[-83.732521,42.279984],[-83.732521,42.279985],[-83.732521,42.279985],[-83.73252,42.279985],[-83.73252,42.279985],[-83.73252,42.279985]],[[-83.732521,42.279985],[-83.732521,42.279985],[-83.732521,42.279986],[-83.732521,42.279986],[-83.732521,42.279986],[-83.732521,42.279986],[-83.732521,42.279986],[-83.732521,42.279986],[-83.732522,42.279986],[-83.732522,42.279986],[-83.732522,42.279986],[-83.732522,42.279986],[-83.732522,42.279986],[-83.732523,42.279986],[-83.732523,42.279986],[-83.732523,42.279986],[-83.732523,42.279986],[-83.732523,42.279985],[-83.732523,42.279985],[-83.732523,42.279985],[-83.732523,42.279985],[-83.732523,42.279985],[-83.732523,42.279985],[-83.732523,42.279985],[-83.732522,42.279985],[-83.732522,42.279984],[-83.732522,42.279984],[-83.732522,42.279984],[-83.732522,42.279984],[-83.732521,42.279984],[-83.732521,42.279985],[-83.732521,42.279985],[-83.732521,42.279985],[-83.732521,42.279985],[-83.732521,42.279985],[-83.732521,42.279985],[-83.732521,42.279985]],[[-83.732521,42.279985],[-83.732521,42.279985],[-83.732521,42.279985],[-83.732521,42.279986],[-83.732521,42.279986],[-83.732521,42.279986],[-83.732521,42.279986],[-83.732522,42.279986],[-83.732522,42.279986],[-83.732522,42.279986],[-83.732522,42.279986],[-83.732522,42.279986],[-83.732522,42.279986],[-83.732522,42.279986],[-83.732522,42.279986],[-83.732522,42.279986],[-83.732523,42.279985],[-83.732523,42.279985],[-83.732523,42.279985],[-83.732523,42.279985],[-83.732523,42.279985],[-83.732522,42.279985],[-83.732522,42.279985],[-83.732522,42.279985],[-83.732522,42.279985],[-83.732522,42.279985],[-83.732522,42.279985],[-83.732522,42.279985],[-83.732522,42.279985],[-83.732522,42.279985],[-83.732521,42.279985],[-83.732521,42.279985],[-83.732521,42.279985],[-83.732521,42.279985],[-83.732521,42.279985],[-83.732521,42.279985],[-83.732521,42.279985]],[[-83.732521,42.279985],[-83.732521,42.279985],[-83.732522,42.279985],[-83.732522,42.279985],[-83.732522,42.279985],[-83.732522,42.279985],[-83.732522,42.279985],[-83.732522,42.279986],[-83.732522,42.279986],[-83.732522,42.279986],[-83.732522,42.279986],[-83.732522,42.279986],[-83.732522,42.279985],[-83.732522,42.279985],[-83.732522,42.279985],[-83.732522,42.279985],[-83.732522,42.279985],[-83.732522,42.279985],[-83.732522,42.279985],[-83.732522,42.279985],[-83.732522,42.279985],[-83.732522,42.279985],[-83.732522,42.279985],[-83.732522,42.279985],[-83.732522,42.279985],[-83.732522,42.279985],[-83.732522,42.279985],[-83.732522,42.279985],[-83.732522,42.279985],[-83.732522,42.279985],[-83.732522,42.279985],[-83.732522,42.279985],[-83.732522,42.279985],[-83.732522,42.279985],[-83.732522,42.279985],[-83.732521,42.279985],[-83.732521,42.279985]]]},"properties":{"Layer":"CM-ATHL"}},{"type":"Feature","geometry":{"type":"MultiLineString","coordinates":[[[-83.732481,42.279986],[-83.732481,42.279986],[-83.732482,42.279986],[-83.732482,42.279987],[-83.732482,42.279987],[-83.732482,42.279987],[-83.732482,42.279987],[-83.732483,42.279987],[-83.732483,42.279987],[-83.732484,42.279987],[-83.732484,42.279987],[-83.732484,42.279987],[-83.732484,42.279987],[-83.732485,42.279987],[-83.732485,42.279987],[-83.732485,42.279986],[-83.732485,42.279986],[-83.732485,42.279986],[-83.732485,42.279986],[-83.732485,42.279985],[-83.732485,42.279985],[-83.732484,42.279985],[-83.732484,42.279985],[-83.732484,42.279985],[-83.732483,42.279985],[-83.732483,42.279985],[-83.732483,42.279985],[-83.732482,42.279985],[-83.732482,42.279985],[-83.732482,42.279985],[-83.732482,42.279985],[-83.732481,42.279986],[-83.732481,42.279986]],[[-83.732482,42.279986],[-83.732482,42.279986],[-83.732482,42.279986],[-83.732482,42.279986],[-83.732482,42.279987],[-83.732482,42.279987],[-83.732483,42.279987],[-83.732483,42.279987],[-83.732483,42.279987],[-83.732483,42.279987],[-83.732484,42.279987],[-83.732484,42.279987],[-83.732484,42.279987],[-83.732484,42.279987],[-83.732484,42.279987],[-83.732485,42.279986],[-83.732485,42.279986],[-83.732485,42.279986],[-83.732485,42.279986],[-83.732485,42.279986],[-83.732485,42.279986],[-83.732485,42.279985],[-83.732484,42.279985],[-83.732484,42.279985],[-83.732484,42.279985],[-83.732484,42.279985],[-83.732484,42.279985],[-83.732483,42.279985],[-83.732483,42.279985],[-83.732483,42.279985],[-83.732483,42.279985],[-83.732482,42.279985],[-83.732482,42.279985],[-83.732482,42.279985],[-83.732482,42.279986],[-83.732482,42.279986],[-83.732482,42.279986]],[[-83.732482,42.279986],[-83.732482,42.279986],[-83.732482,42.279986],[-83.732482,42.279986],[-83.732482,42.279986],[-83.732483,42.279987],[-83.732483,42.279987],[-83.732483,42.279987],[-83.732483,42.279987],[-83.732483,42.279987],[-83.732483,42.279987],[-83.732484,42.279987],[-83.732484,42.279987],[-83.732484,42.279987],[-83.732484,42.279986],[-83.732484,42.279986],[-83.732484,42.279986],[-83.732484,42.279986],[-83.732484,42.279986],[-83.732484,42.279986],[-83.732484,42.279986],[-83.732484,42.279986],[-83.732484,42.279985],[-83.732484,42.279985],[-83.732484,42.279985],[-83.732484,42.279985],[-83.732483,42.279985],[-83.732483,42.279985],[-83.732483,42.279985],[-83.732483,42.279985],[-83.732483,42.279985],[-83.732483,42.279985],[-83.732482,42.279985],[-83.732482,42.279986],[-83.732482,42.279986],[-83.732482,42.279986],[-83.732482,42.279986]],[[-83.732483,42.279986],[-83.732483,42.279986],[-83.732483,42.279986],[-83.732483,42.279986],[-83.732483,42.279986],[-83.732483,42.279986],[-83.732483,42.279986],[-83.732483,42.279986],[-83.732483,42.279986],[-83.732483,42.279986],[-83.732483,42.279986],[-83.732484,42.279986],[-83.732484,42.279986],[-83.732484,42.279986],[-83.732484,42.279986],[-83.732484,42.279986],[-83.732484,42.279986],[-83.732484,42.279986],[-83.732484,42.279986],[-83.732484,42.279986],[-83.732484,42.279986],[-83.732484,42.279986],[-83.732484,42.279986],[-83.732484,42.279986],[-83.732484,42.279985],[-83.732484,42.279985],[-83.732483,42.279985],[-83.732483,42.279985],[-83.732483,42.279985],[-83.732483,42.279985],[-83.732483,42.279985],[-83.732483,42.279986],[-83.732483,42.279986],[-83.732483,42.279986],[-83.732483,42.279986],[-83.732483,42.279986],[-83.732483,42.279986]],[[-83.732483,42.279986],[-83.732483,42.279986],[-83.732483,42.279986],[-83.732483,42.279986],[-83.732483,42.279986],[-83.732483,42.279986],[-83.732483,42.279986],[-83.732483,42.279986],[-83.732483,42.279986],[-83.732483,42.279986],[-83.732483,42.279986],[-83.732483,42.279986],[-83.732483,42.279986],[-83.732484,42.279986],[-83.732484,42.279986],[-83.732484,42.279986],[-83.732484,42.279986],[-83.732484,42.279986],[-83.732484,42.279986],[-83.732484,42.279986],[-83.732484,42.279986],[-83.732484,42.279986],[-83.732484,42.279986],[-83.732484,42.279986],[-83.732483,42.279986],[-83.732483,42.279986],[-83.732483,42.279986],[-83.732483,42.279986],[-83.732483,42.279986],[-83.732483,42.279986],[-83.732483,42.279986],[-83.732483,42.279986],[-83.732483,42.279986],[-83.732483,42.279986],[-83.732483,42.279986],[-83.732483,42.279986],[-83.732483,42.279986]]]},"properties":{"Layer":"CM-ATHL"}},{"type":"Feature","geometry":{"type":"MultiLineString","coordinates":[[[-83.732443,42.279987],[-83.732443,42.279987],[-83.732443,42.279987],[-83.732443,42.279987],[-83.732443,42.279988],[-83.732444,42.279988],[-83.732444,42.279988],[-83.732444,42.279988],[-83.732445,42.279988],[-83.732445,42.279988],[-83.732445,42.279988],[-83.732446,42.279988],[-83.732446,42.279988],[-83.732446,42.279987],[-83.732446,42.279987],[-83.732446,42.279987],[-83.732447,42.279987],[-83.732447,42.279986],[-83.732446,42.279986],[-83.732446,42.279986],[-83.732446,42.279986],[-83.732446,42.279986],[-83.732446,42.279985],[-83.732445,42.279985],[-83.732445,42.279985],[-83.732444,42.279985],[-83.732444,42.279985],[-83.732444,42.279985],[-83.732444,42.279986],[-83.732443,42.279986],[-83.732443,42.279986],[-83.732443,42.279986],[-83.732443,42.279987]],[[-83.732443,42.279987],[-83.732443,42.279987],[-83.732443,42.279987],[-83.732443,42.279987],[-83.732444,42.279987],[-83.732444,42.279987],[-83.732444,42.279988],[-83.732444,42.279988],[-83.732444,42.279988],[-83.732445,42.279988],[-83.732445,42.279988],[-83.732445,42.279988],[-83.732445,42.279988],[-83.732446,42.279987],[-83.732446,42.279987],[-83.732446,42.279987],[-83.732446,42.279987],[-83.732446,42.279987],[-83.732446,42.279987],[-83.732446,42.279986],[-83.732446,42.279986],[-83.732446,42.279986],[-83.732446,42.279986],[-83.732446,42.279986],[-83.732445,42.279986],[-83.732445,42.279986],[-83.732445,42.279986],[-83.732445,42.279986],[-83.732444,42.279986],[-83.732444,42.279986],[-83.732444,42.279986],[-83.732444,42.279986],[-83.732444,42.279986],[-83.732443,42.279986],[-83.732443,42.279986],[-83.732443,42.279986],[-83.732443,42.279987]],[[-83.732444,42.279987],[-83.732444,42.279987],[-83.732444,42.279987],[-83.732444,42.279987],[-83.732444,42.279987],[-83.732444,42.279987],[-83.732444,42.279987],[-83.732444,42.279987],[-83.732445,42.279987],[-83.732445,42.279987],[-83.732445,42.279987],[-83.732445,42.279987],[-83.732445,42.279987],[-83.732445,42.279987],[-83.732446,42.279987],[-83.732446,42.279987],[-83.732446,42.279987],[-83.732446,42.279987],[-83.732446,42.279987],[-83.732446,42.279986],[-83.732446,42.279986],[-83.732446,42.279986],[-83.732446,42.279986],[-83.732445,42.279986],[-83.732445,42.279986],[-83.732445,42.279986],[-83.732445,42.279986],[-83.732445,42.279986],[-83.732445,42.279986],[-83.732444,42.279986],[-83.732444,42.279986],[-83.732444,42.279986],[-83.732444,42.279986],[-83.732444,42.279986],[-83.732444,42.279986],[-83.732444,42.279986],[-83.732444,42.279987]],[[-83.732444,42.279987],[-83.732444,42.279987],[-83.732444,42.279987],[-83.732444,42.279987],[-83.732444,42.279987],[-83.732444,42.279987],[-83.732444,42.279987],[-83.732444,42.279987],[-83.732445,42.279987],[-83.732445,42.279987],[-83.732445,42.279987],[-83.732445,42.279987],[-83.732445,42.279987],[-83.732445,42.279987],[-83.732445,42.279987],[-83.732445,42.279987],[-83.732445,42.279987],[-83.732445,42.279987],[-83.732445,42.279987],[-83.732445,42.279987],[-83.732445,42.279986],[-83.732445,42.279986],[-83.732445,42.279986],[-83.732445,42.279986],[-83.732445,42.279986],[-83.732445,42.279986],[-83.732445,42.279986],[-83.732445,42.279986],[-83.732445,42.279986],[-83.732444,42.279986],[-83.732444,42.279986],[-83.732444,42.279986],[-83.732444,42.279986],[-83.732444,42.279986],[-83.732444,42.279986],[-83.732444,42.279987],[-83.732444,42.279987]],[[-83.732444,42.279987],[-83.732444,42.279987],[-83.732444,42.279987],[-83.732444,42.279987],[-83.732444,42.279987],[-83.732444,42.279987],[-83.732445,42.279987],[-83.732445,42.279987],[-83.732445,42.279987],[-83.732445,42.279987],[-83.732445,42.279987],[-83.732445,42.279987],[-83.732445,42.279987],[-83.732445,42.279987],[-83.732445,42.279987],[-83.732445,42.279987],[-83.732445,42.279987],[-83.732445,42.279987],[-83.732445,42.279987],[-83.732445,42.279987],[-83.732445,42.279987],[-83.732445,42.279986],[-83.732445,42.279986],[-83.732445,42.279986],[-83.732445,42.279986],[-83.732445,42.279986],[-83.732445,42.279986],[-83.732445,42.279986],[-83.732445,42.279986],[-83.732445,42.279986],[-83.732445,42.279986],[-83.732444,42.279986],[-83.732444,42.279986],[-83.732444,42.279986],[-83.732444,42.279987],[-83.732444,42.279987],[-83.732444,42.279987]]]},"properties":{"Layer":"CM-ATHL"}},{"type":"Feature","geometry":{"type":"MultiLineString","coordinates":[[[-83.732404,42.279987],[-83.732404,42.279987],[-83.732404,42.279988],[-83.732405,42.279988],[-83.732405,42.279988],[-83.732405,42.279988],[-83.732405,42.279989],[-83.732406,42.279989],[-83.732406,42.279989],[-83.732406,42.279989],[-83.732407,42.279989],[-83.732407,42.279989],[-83.732407,42.279988],[-83.732408,42.279988],[-83.732408,42.279988],[-83.732408,42.279988],[-83.732408,42.279987],[-83.732408,42.279987],[-83.732408,42.279987],[-83.732408,42.279987],[-83.732408,42.279986],[-83.732407,42.279986],[-83.732407,42.279986],[-83.732407,42.279986],[-83.732406,42.279986],[-83.732406,42.279986],[-83.732406,42.279986],[-83.732405,42.279986],[-83.732405,42.279986],[-83.732405,42.279986],[-83.732404,42.279987],[-83.732404,42.279987],[-83.732404,42.279987]],[[-83.732405,42.279987],[-83.732405,42.279987],[-83.732405,42.279988],[-83.732405,42.279988],[-83.732405,42.279988],[-83.732405,42.279988],[-83.732405,42.279988],[-83.732406,42.279988],[-83.732406,42.279988],[-83.732406,42.279988],[-83.732406,42.279988],[-83.732407,42.279988],[-83.732407,42.279988],[-83.732407,42.279988],[-83.732407,42.279988],[-83.732407,42.279988],[-83.732408,42.279988],[-83.732408,42.279988],[-83.732408,42.279987],[-83.732408,42.279987],[-83.732408,42.279987],[-83.732407,42.279987],[-83.732407,42.279987],[-83.732407,42.279986],[-83.732407,42.279986],[-83.732407,42.279986],[-83.732406,42.279986],[-83.732406,42.279986],[-83.732406,42.279986],[-83.732406,42.279986],[-83.732405,42.279986],[-83.732405,42.279986],[-83.732405,42.279987],[-83.732405,42.279987],[-83.732405,42.279987],[-83.732405,42.279987],[-83.732405,42.279987]],[[-83.732405,42.279987],[-83.732405,42.279987],[-83.732405,42.279988],[-83.732405,42.279988],[-83.732405,42.279988],[-83.732405,42.279988],[-83.732406,42.279988],[-83.732406,42.279988],[-83.732406,42.279988],[-83.732406,42.279988],[-83.732406,42.279988],[-83.732407,42.279988],[-83.732407,42.279988],[-83.732407,42.279988],[-83.732407,42.279988],[-83.732407,42.279988],[-83.732407,42.279988],[-83.732407,42.279987],[-83.732407,42.279987],[-83.732407,42.279987],[-83.732407,42.279987],[-83.732407,42.279987],[-83.732407,42.279987],[-83.732407,42.279987],[-83.732407,42.279987],[-83.732407,42.279987],[-83.732406,42.279987],[-83.732406,42.279986],[-83.732406,42.279987],[-83.732406,42.279987],[-83.732406,42.279987],[-83.732405,42.279987],[-83.732405,42.279987],[-83.732405,42.279987],[-83.732405,42.279987],[-83.732405,42.279987],[-83.732405,42.279987]],[[-83.732405,42.279987],[-83.732405,42.279987],[-83.732405,42.279987],[-83.732405,42.279988],[-83.732406,42.279988],[-83.732406,42.279988],[-83.732406,42.279988],[-83.732406,42.279988],[-83.732406,42.279988],[-83.732406,42.279988],[-83.732406,42.279988],[-83.732406,42.279988],[-83.732407,42.279988],[-83.732407,42.279988],[-83.732407,42.279988],[-83.732407,42.279988],[-83.732407,42.279988],[-83.732407,42.279987],[-83.732407,42.279987],[-83.732407,42.279987],[-83.732407,42.279987],[-83.732407,42.279987],[-83.732407,42.279987],[-83.732407,42.279987],[-83.732407,42.279987],[-83.732406,42.279987],[-83.732406,42.279987],[-83.732406,42.279987],[-83.732406,42.279987],[-83.732406,42.279987],[-83.732406,42.279987],[-83.732406,42.279987],[-83.732406,42.279987],[-83.732406,42.279987],[-83.732405,42.279987],[-83.732405,42.279987],[-83.732405,42.279987]],[[-83.732406,42.279987],[-83.732406,42.279987],[-83.732406,42.279987],[-83.732406,42.279987],[-83.732406,42.279987],[-83.732406,42.279988],[-83.732406,42.279988],[-83.732406,42.279988],[-83.732406,42.279988],[-83.732406,42.279988],[-83.732406,42.279988],[-83.732406,42.279988],[-83.732406,42.279988],[-83.732406,42.279988],[-83.732406,42.279987],[-83.732406,42.279987],[-83.732406,42.279987],[-83.732407,42.279987],[-83.732407,42.279987],[-83.732407,42.279987],[-83.732406,42.279987],[-83.732406,42.279987],[-83.732406,42.279987],[-83.732406,42.279987],[-83.732406,42.279987],[-83.732406,42.279987],[-83.732406,42.279987],[-83.732406,42.279987],[-83.732406,42.279987],[-83.732406,42.279987],[-83.732406,42.279987],[-83.732406,42.279987],[-83.732406,42.279987],[-83.732406,42.279987],[-83.732406,42.279987],[-83.732406,42.279987],[-83.732406,42.279987]]]},"properties":{"Layer":"CM-ATHL"}},{"type":"Feature","geometry":{"type":"MultiLineString","coordinates":[[[-83.732366,42.279988],[-83.732366,42.279988],[-83.732366,42.279988],[-83.732366,42.279989],[-83.732366,42.279989],[-83.732366,42.279989],[-83.732367,42.279989],[-83.732367,42.279989],[-83.732367,42.279989],[-83.732368,42.279989],[-83.732368,42.279989],[-83.732368,42.279989],[-83.732369,42.279989],[-83.732369,42.279989],[-83.732369,42.279989],[-83.732369,42.279988],[-83.732369,42.279988],[-83.732369,42.279988],[-83.732369,42.279988],[-83.732369,42.279987],[-83.732369,42.279987],[-83.732369,42.279987],[-83.732368,42.279987],[-83.732368,42.279987],[-83.732368,42.279987],[-83.732367,42.279987],[-83.732367,42.279987],[-83.732367,42.279987],[-83.732366,42.279987],[-83.732366,42.279987],[-83.732366,42.279987],[-83.732366,42.279988],[-83.732366,42.279988]],[[-83.732366,42.279988],[-83.732366,42.279988],[-83.732366,42.279988],[-83.732366,42.279989],[-83.732366,42.279989],[-83.732367,42.279989],[-83.732367,42.279989],[-83.732367,42.279989],[-83.732367,42.279989],[-83.732368,42.279989],[-83.732368,42.279989],[-83.732368,42.279989],[-83.732368,42.279989],[-83.732369,42.279989],[-83.732369,42.279989],[-83.732369,42.279989],[-83.732369,42.279988],[-83.732369,42.279988],[-83.732369,42.279988],[-83.732369,42.279988],[-83.732369,42.279988],[-83.732369,42.279987],[-83.732369,42.279987],[-83.732369,42.279987],[-83.732368,42.279987],[-83.732368,42.279987],[-83.732368,42.279987],[-83.732368,42.279987],[-83.732367,42.279987],[-83.732367,42.279987],[-83.732367,42.279987],[-83.732367,42.279987],[-83.732366,42.279987],[-83.732366,42.279987],[-83.732366,42.279988],[-83.732366,42.279988],[-83.732366,42.279988]],[[-83.732366,42.279988],[-83.732366,42.279988],[-83.732367,42.279988],[-83.732367,42.279988],[-83.732367,42.279989],[-83.732367,42.279989],[-83.732367,42.279989],[-83.732367,42.279989],[-83.732367,42.279989],[-83.732368,42.279989],[-83.732368,42.279989],[-83.732368,42.279989],[-83.732368,42.279989],[-83.732368,42.279989],[-83.732368,42.279989],[-83.732369,42.279988],[-83.732369,42.279988],[-83.732369,42.279988],[-83.732369,42.279988],[-83.732369,42.279988],[-83.732369,42.279988],[-83.732369,42.279988],[-83.732368,42.279987],[-83.732368,42.279987],[-83.732368,42.279987],[-83.732368,42.279987],[-83.732368,42.279987],[-83.732368,42.279987],[-83.732367,42.279987],[-83.732367,42.279987],[-83.732367,42.279987],[-83.732367,42.279987],[-83.732367,42.279987],[-83.732367,42.279988],[-83.732367,42.279988],[-83.732366,42.279988],[-83.732366,42.279988]],[[-83.732367,42.279988],[-83.732367,42.279988],[-83.732367,42.279988],[-83.732367,42.279988],[-83.732367,42.279988],[-83.732367,42.279988],[-83.732367,42.279988],[-83.732367,42.279989],[-83.732367,42.279989],[-83.732368,42.279989],[-83.732368,42.279989],[-83.732368,42.279989],[-83.732368,42.279988],[-83.732368,42.279988],[-83.732368,42.279988],[-83.732368,42.279988],[-83.732368,42.279988],[-83.732368,42.279988],[-83.732368,42.279988],[-83.732368,42.279988],[-83.732368,42.279988],[-83.732368,42.279988],[-83.732368,42.279988],[-83.732368,42.279988],[-83.732368,42.279988],[-83.732368,42.279987],[-83.732368,42.279987],[-83.732368,42.279987],[-83.732367,42.279987],[-83.732367,42.279987],[-83.732367,42.279988],[-83.732367,42.279988],[-83.732367,42.279988],[-83.732367,42.279988],[-83.732367,42.279988],[-83.732367,42.279988],[-83.732367,42.279988]],[[-83.732367,42.279988],[-83.732367,42.279988],[-83.732367,42.279988],[-83.732367,42.279988],[-83.732367,42.279988],[-83.732367,42.279988],[-83.732367,42.279988],[-83.732367,42.279988],[-83.732367,42.279988],[-83.732368,42.279988],[-83.732368,42.279988],[-83.732368,42.279988],[-83.732368,42.279988],[-83.732368,42.279988],[-83.732368,42.279988],[-83.732368,42.279988],[-83.732368,42.279988],[-83.732368,42.279988],[-83.732368,42.279988],[-83.732368,42.279988],[-83.732368,42.279988],[-83.732368,42.279988],[-83.732368,42.279988],[-83.732368,42.279988],[-83.732368,42.279988],[-83.732368,42.279988],[-83.732368,42.279988],[-83.732368,42.279988],[-83.732368,42.279988],[-83.732367,42.279988],[-83.732367,42.279988],[-83.732367,42.279988],[-83.732367,42.279988],[-83.732367,42.279988],[-83.732367,42.279988],[-83.732367,42.279988],[-83.732367,42.279988]]]},"properties":{"Layer":"CM-ATHL"}},{"type":"Feature","geometry":{"type":"MultiLineString","coordinates":[[[-83.732327,42.279989],[-83.732327,42.279989],[-83.732327,42.279989],[-83.732327,42.279989],[-83.732328,42.27999],[-83.732328,42.27999],[-83.732328,42.27999],[-83.732329,42.27999],[-83.732329,42.27999],[-83.732329,42.27999],[-83.73233,42.27999],[-83.73233,42.27999],[-83.73233,42.27999],[-83.73233,42.27999],[-83.732331,42.279989],[-83.732331,42.279989],[-83.732331,42.279989],[-83.732331,42.279989],[-83.732331,42.279988],[-83.732331,42.279988],[-83.73233,42.279988],[-83.73233,42.279988],[-83.73233,42.279987],[-83.732329,42.279987],[-83.732329,42.279987],[-83.732329,42.279987],[-83.732328,42.279987],[-83.732328,42.279988],[-83.732328,42.279988],[-83.732328,42.279988],[-83.732327,42.279988],[-83.732327,42.279988],[-83.732327,42.279989]],[[-83.732328,42.279989],[-83.732328,42.279989],[-83.732328,42.279989],[-83.732328,42.279989],[-83.732328,42.279989],[-83.732328,42.27999],[-83.732328,42.27999],[-83.732328,42.27999],[-83.732329,42.27999],[-83.732329,42.27999],[-83.732329,42.27999],[-83.732329,42.27999],[-83.73233,42.27999],[-83.73233,42.27999],[-83.73233,42.279989],[-83.73233,42.279989],[-83.73233,42.279989],[-83.73233,42.279989],[-83.73233,42.279989],[-83.73233,42.279989],[-83.73233,42.279988],[-83.73233,42.279988],[-83.73233,42.279988],[-83.73233,42.279988],[-83.73233,42.279988],[-83.73233,42.279988],[-83.732329,42.279988],[-83.732329,42.279988],[-83.732329,42.279988],[-83.732329,42.279988],[-83.732328,42.279988],[-83.732328,42.279988],[-83.732328,42.279988],[-83.732328,42.279988],[-83.732328,42.279988],[-83.732328,42.279988],[-83.732328,42.279989]],[[-83.732328,42.279989],[-83.732328,42.279989],[-83.732328,42.279989],[-83.732328,42.279989],[-83.732328,42.279989],[-83.732328,42.279989],[-83.732328,42.279989],[-83.732329,42.279989],[-83.732329,42.27999],[-83.732329,42.27999],[-83.732329,42.27999],[-83.732329,42.279989],[-83.73233,42.279989],[-83.73233,42.279989],[-83.73233,42.279989],[-83.73233,42.279989],[-83.73233,42.279989],[-83.73233,42.279989],[-83.73233,42.279989],[-83.73233,42.279989],[-83.73233,42.279988],[-83.73233,42.279988],[-83.73233,42.279988],[-83.73233,42.279988],[-83.73233,42.279988],[-83.732329,42.279988],[-83.732329,42.279988],[-83.732329,42.279988],[-83.732329,42.279988],[-83.732329,42.279988],[-83.732328,42.279988],[-83.732328,42.279988],[-83.732328,42.279988],[-83.732328,42.279988],[-83.732328,42.279988],[-83.732328,42.279989],[-83.732328,42.279989]],[[-83.732328,42.279989],[-83.732328,42.279989],[-83.732328,42.279989],[-83.732328,42.279989],[-83.732328,42.279989],[-83.732329,42.279989],[-83.732329,42.279989],[-83.732329,42.279989],[-83.732329,42.279989],[-83.732329,42.279989],[-83.732329,42.279989],[-83.732329,42.279989],[-83.732329,42.279989],[-83.732329,42.279989],[-83.73233,42.279989],[-83.73233,42.279989],[-83.73233,42.279989],[-83.73233,42.279989],[-83.73233,42.279989],[-83.73233,42.279989],[-83.73233,42.279989],[-83.73233,42.279988],[-83.73233,42.279988],[-83.732329,42.279988],[-83.732329,42.279988],[-83.732329,42.279988],[-83.732329,42.279988],[-83.732329,42.279988],[-83.732329,42.279988],[-83.732329,42.279988],[-83.732329,42.279988],[-83.732329,42.279988],[-83.732328,42.279988],[-83.732328,42.279988],[-83.732328,42.279989],[-83.732328,42.279989],[-83.732328,42.279989]],[[-83.732329,42.279989],[-83.732329,42.279989],[-83.732329,42.279989],[-83.732329,42.279989],[-83.732329,42.279989],[-83.732329,42.279989],[-83.732329,42.279989],[-83.732329,42.279989],[-83.732329,42.279989],[-83.732329,42.279989],[-83.732329,42.279989],[-83.732329,42.279989],[-83.732329,42.279989],[-83.732329,42.279989],[-83.732329,42.279989],[-83.732329,42.279989],[-83.732329,42.279989],[-83.732329,42.279989],[-83.732329,42.279989],[-83.732329,42.279989],[-83.732329,42.279989],[-83.732329,42.279989],[-83.732329,42.279989],[-83.732329,42.279988],[-83.732329,42.279988],[-83.732329,42.279988],[-83.732329,42.279988],[-83.732329,42.279988],[-83.732329,42.279988],[-83.732329,42.279988],[-83.732329,42.279988],[-83.732329,42.279988],[-83.732329,42.279989],[-83.732329,42.279989],[-83.732329,42.279989],[-83.732329,42.279989],[-83.732329,42.279989]]]},"properties":{"Layer":"CM-ATHL"}},{"type":"Feature","geometry":{"type":"MultiLineString","coordinates":[[[-83.732289,42.279989],[-83.732289,42.27999],[-83.732289,42.27999],[-83.732289,42.27999],[-83.732289,42.27999],[-83.732289,42.27999],[-83.73229,42.279991],[-83.73229,42.279991],[-83.73229,42.279991],[-83.732291,42.279991],[-83.732291,42.279991],[-83.732291,42.279991],[-83.732292,42.27999],[-83.732292,42.27999],[-83.732292,42.27999],[-83.732292,42.27999],[-83.732292,42.279989],[-83.732292,42.279989],[-83.732292,42.279989],[-83.732292,42.279989],[-83.732292,42.279988],[-83.732292,42.279988],[-83.732291,42.279988],[-83.732291,42.279988],[-83.732291,42.279988],[-83.73229,42.279988],[-83.73229,42.279988],[-83.73229,42.279988],[-83.732289,42.279988],[-83.732289,42.279989],[-83.732289,42.279989],[-83.732289,42.279989],[-83.732289,42.279989]],[[-83.732289,42.279989],[-83.732289,42.27999],[-83.732289,42.27999],[-83.732289,42.27999],[-83.732289,42.27999],[-83.732289,42.27999],[-83.73229,42.27999],[-83.73229,42.27999],[-83.73229,42.27999],[-83.73229,42.27999],[-83.732291,42.27999],[-83.732291,42.27999],[-83.732291,42.27999],[-83.732291,42.27999],[-83.732292,42.27999],[-83.732292,42.27999],[-83.732292,42.27999],[-83.732292,42.27999],[-83.732292,42.279989],[-83.732292,42.279989],[-83.732292,42.279989],[-83.732292,42.279989],[-83.732292,42.279989],[-83.732291,42.279989],[-83.732291,42.279988],[-83.732291,42.279988],[-83.732291,42.279988],[-83.73229,42.279988],[-83.73229,42.279988],[-83.73229,42.279988],[-83.73229,42.279988],[-83.732289,42.279989],[-83.732289,42.279989],[-83.732289,42.279989],[-83.732289,42.279989],[-83.732289,42.279989],[-83.732289,42.279989]],[[-83.732289,42.279989],[-83.732289,42.27999],[-83.732289,42.27999],[-83.732289,42.27999],[-83.73229,42.27999],[-83.73229,42.27999],[-83.73229,42.27999],[-83.73229,42.27999],[-83.73229,42.27999],[-83.73229,42.27999],[-83.732291,42.27999],[-83.732291,42.27999],[-83.732291,42.27999],[-83.732291,42.27999],[-83.732291,42.27999],[-83.732291,42.27999],[-83.732291,42.27999],[-83.732292,42.27999],[-83.732292,42.279989],[-83.732292,42.279989],[-83.732291,42.279989],[-83.732291,42.279989],[-83.732291,42.279989],[-83.732291,42.279989],[-83.732291,42.279989],[-83.732291,42.279989],[-83.732291,42.279989],[-83.73229,42.279989],[-83.73229,42.279989],[-83.73229,42.279989],[-83.73229,42.279989],[-83.73229,42.279989],[-83.73229,42.279989],[-83.732289,42.279989],[-83.732289,42.279989],[-83.732289,42.279989],[-83.732289,42.279989]],[[-83.73229,42.279989],[-83.73229,42.279989],[-83.73229,42.27999],[-83.73229,42.27999],[-83.73229,42.27999],[-83.73229,42.27999],[-83.73229,42.27999],[-83.73229,42.27999],[-83.73229,42.27999],[-83.73229,42.27999],[-83.732291,42.27999],[-83.732291,42.27999],[-83.732291,42.27999],[-83.732291,42.27999],[-83.732291,42.27999],[-83.732291,42.27999],[-83.732291,42.27999],[-83.732291,42.279989],[-83.732291,42.279989],[-83.732291,42.279989],[-83.732291,42.279989],[-83.732291,42.279989],[-83.732291,42.279989],[-83.732291,42.279989],[-83.732291,42.279989],[-83.732291,42.279989],[-83.732291,42.279989],[-83.73229,42.279989],[-83.73229,42.279989],[-83.73229,42.279989],[-83.73229,42.279989],[-83.73229,42.279989],[-83.73229,42.279989],[-83.73229,42.279989],[-83.73229,42.279989],[-83.73229,42.279989],[-83.73229,42.279989]],[[-83.73229,42.279989],[-83.73229,42.279989],[-83.73229,42.279989],[-83.73229,42.27999],[-83.73229,42.27999],[-83.73229,42.27999],[-83.73229,42.27999],[-83.73229,42.27999],[-83.73229,42.27999],[-83.73229,42.27999],[-83.73229,42.27999],[-83.732291,42.27999],[-83.732291,42.27999],[-83.732291,42.27999],[-83.732291,42.27999],[-83.732291,42.27999],[-83.732291,42.279989],[-83.732291,42.279989],[-83.732291,42.279989],[-83.732291,42.279989],[-83.732291,42.279989],[-83.732291,42.279989],[-83.732291,42.279989],[-83.732291,42.279989],[-83.732291,42.279989],[-83.732291,42.279989],[-83.73229,42.279989],[-83.73229,42.279989],[-83.73229,42.279989],[-83.73229,42.279989],[-83.73229,42.279989],[-83.73229,42.279989],[-83.73229,42.279989],[-83.73229,42.279989],[-83.73229,42.279989],[-83.73229,42.279989],[-83.73229,42.279989]]]},"properties":{"Layer":"CM-ATHL"}},{"type":"Feature","geometry":{"type":"MultiLineString","coordinates":[[[-83.73225,42.27999],[-83.73225,42.27999],[-83.73225,42.279991],[-83.73225,42.279991],[-83.73225,42.279991],[-83.732251,42.279991],[-83.732251,42.279991],[-83.732251,42.279991],[-83.732252,42.279991],[-83.732252,42.279991],[-83.732252,42.279991],[-83.732253,42.279991],[-83.732253,42.279991],[-83.732253,42.279991],[-83.732254,42.279991],[-83.732254,42.27999],[-83.732254,42.27999],[-83.732254,42.27999],[-83.732254,42.27999],[-83.732253,42.279989],[-83.732253,42.279989],[-83.732253,42.279989],[-83.732253,42.279989],[-83.732252,42.279989],[-83.732252,42.279989],[-83.732252,42.279989],[-83.732251,42.279989],[-83.732251,42.279989],[-83.732251,42.279989],[-83.73225,42.279989],[-83.73225,42.279989],[-83.73225,42.27999],[-83.73225,42.27999]],[[-83.73225,42.27999],[-83.73225,42.27999],[-83.73225,42.27999],[-83.732251,42.279991],[-83.732251,42.279991],[-83.732251,42.279991],[-83.732251,42.279991],[-83.732251,42.279991],[-83.732252,42.279991],[-83.732252,42.279991],[-83.732252,42.279991],[-83.732252,42.279991],[-83.732253,42.279991],[-83.732253,42.279991],[-83.732253,42.279991],[-83.732253,42.279991],[-83.732253,42.27999],[-83.732253,42.27999],[-83.732253,42.27999],[-83.732253,42.27999],[-83.732253,42.27999],[-83.732253,42.27999],[-83.732253,42.279989],[-83.732253,42.279989],[-83.732253,42.279989],[-83.732252,42.279989],[-83.732252,42.279989],[-83.732252,42.279989],[-83.732252,42.279989],[-83.732251,42.279989],[-83.732251,42.279989],[-83.732251,42.279989],[-83.732251,42.279989],[-83.732251,42.27999],[-83.73225,42.27999],[-83.73225,42.27999],[-83.73225,42.27999]],[[-83.732251,42.27999],[-83.732251,42.27999],[-83.732251,42.27999],[-83.732251,42.27999],[-83.732251,42.279991],[-83.732251,42.279991],[-83.732251,42.279991],[-83.732251,42.279991],[-83.732252,42.279991],[-83.732252,42.279991],[-83.732252,42.279991],[-83.732252,42.279991],[-83.732252,42.279991],[-83.732253,42.279991],[-83.732253,42.279991],[-83.732253,42.27999],[-83.732253,42.27999],[-83.732253,42.27999],[-83.732253,42.27999],[-83.732253,42.27999],[-83.732253,42.27999],[-83.732253,42.27999],[-83.732253,42.27999],[-83.732253,42.279989],[-83.732252,42.279989],[-83.732252,42.279989],[-83.732252,42.279989],[-83.732252,42.279989],[-83.732252,42.279989],[-83.732251,42.279989],[-83.732251,42.279989],[-83.732251,42.279989],[-83.732251,42.27999],[-83.732251,42.27999],[-83.732251,42.27999],[-83.732251,42.27999],[-83.732251,42.27999]],[[-83.732251,42.27999],[-83.732251,42.27999],[-83.732251,42.27999],[-83.732251,42.27999],[-83.732251,42.27999],[-83.732251,42.27999],[-83.732251,42.279991],[-83.732252,42.279991],[-83.732252,42.279991],[-83.732252,42.279991],[-83.732252,42.279991],[-83.732252,42.279991],[-83.732252,42.279991],[-83.732252,42.27999],[-83.732252,42.27999],[-83.732252,42.27999],[-83.732253,42.27999],[-83.732253,42.27999],[-83.732253,42.27999],[-83.732253,42.27999],[-83.732253,42.27999],[-83.732252,42.27999],[-83.732252,42.27999],[-83.732252,42.27999],[-83.732252,42.27999],[-83.732252,42.27999],[-83.732252,42.27999],[-83.732252,42.27999],[-83.732252,42.27999],[-83.732252,42.27999],[-83.732251,42.27999],[-83.732251,42.27999],[-83.732251,42.27999],[-83.732251,42.27999],[-83.732251,42.27999],[-83.732251,42.27999],[-83.732251,42.27999]],[[-83.732251,42.27999],[-83.732251,42.27999],[-83.732252,42.27999],[-83.732252,42.27999],[-83.732252,42.27999],[-83.732252,42.27999],[-83.732252,42.27999],[-83.732252,42.27999],[-83.732252,42.27999],[-83.732252,42.27999],[-83.732252,42.27999],[-83.732252,42.27999],[-83.732252,42.27999],[-83.732252,42.27999],[-83.732252,42.27999],[-83.732252,42.27999],[-83.732252,42.27999],[-83.732252,42.27999],[-83.732252,42.27999],[-83.732252,42.27999],[-83.732252,42.27999],[-83.732252,42.27999],[-83.732252,42.27999],[-83.732252,42.27999],[-83.732252,42.27999],[-83.732252,42.27999],[-83.732252,42.27999],[-83.732252,42.27999],[-83.732252,42.27999],[-83.732252,42.27999],[-83.732252,42.27999],[-83.732252,42.27999],[-83.732252,42.27999],[-83.732252,42.27999],[-83.732252,42.27999],[-83.732251,42.27999],[-83.732251,42.27999]]]},"properties":{"Layer":"CM-ATHL"}},{"type":"Feature","geometry":{"type":"MultiLineString","coordinates":[[[-83.732211,42.279991],[-83.732211,42.279991],[-83.732212,42.279991],[-83.732212,42.279991],[-83.732212,42.279992],[-83.732212,42.279992],[-83.732212,42.279992],[-83.732213,42.279992],[-83.732213,42.279992],[-83.732214,42.279992],[-83.732214,42.279992],[-83.732214,42.279992],[-83.732214,42.279992],[-83.732215,42.279992],[-83.732215,42.279991],[-83.732215,42.279991],[-83.732215,42.279991],[-83.732215,42.279991],[-83.732215,42.27999],[-83.732215,42.27999],[-83.732215,42.27999],[-83.732214,42.27999],[-83.732214,42.27999],[-83.732214,42.279989],[-83.732213,42.279989],[-83.732213,42.279989],[-83.732213,42.279989],[-83.732212,42.27999],[-83.732212,42.27999],[-83.732212,42.27999],[-83.732212,42.27999],[-83.732212,42.27999],[-83.732211,42.279991]],[[-83.732212,42.279991],[-83.732212,42.279991],[-83.732212,42.279991],[-83.732212,42.279991],[-83.732212,42.279991],[-83.732212,42.279992],[-83.732213,42.279992],[-83.732213,42.279992],[-83.732213,42.279992],[-83.732213,42.279992],[-83.732214,42.279992],[-83.732214,42.279992],[-83.732214,42.279992],[-83.732214,42.279992],[-83.732214,42.279991],[-83.732215,42.279991],[-83.732215,42.279991],[-83.732215,42.279991],[-83.732215,42.279991],[-83.732215,42.279991],[-83.732215,42.27999],[-83.732215,42.27999],[-83.732214,42.27999],[-83.732214,42.27999],[-83.732214,42.27999],[-83.732214,42.27999],[-83.732214,42.27999],[-83.732213,42.27999],[-83.732213,42.27999],[-83.732213,42.27999],[-83.732213,42.27999],[-83.732212,42.27999],[-83.732212,42.27999],[-83.732212,42.27999],[-83.732212,42.27999],[-83.732212,42.279991],[-83.732212,42.279991]],[[-83.732212,42.279991],[-83.732212,42.279991],[-83.732212,42.279991],[-83.732212,42.279991],[-83.732212,42.279991],[-83.732213,42.279991],[-83.732213,42.279991],[-83.732213,42.279992],[-83.732213,42.279992],[-83.732213,42.279992],[-83.732213,42.279992],[-83.732214,42.279992],[-83.732214,42.279991],[-83.732214,42.279991],[-83.732214,42.279991],[-83.732214,42.279991],[-83.732214,42.279991],[-83.732214,42.279991],[-83.732214,42.279991],[-83.732214,42.279991],[-83.732214,42.27999],[-83.732214,42.27999],[-83.732214,42.27999],[-83.732214,42.27999],[-83.732214,42.27999],[-83.732214,42.27999],[-83.732213,42.27999],[-83.732213,42.27999],[-83.732213,42.27999],[-83.732213,42.27999],[-83.732213,42.27999],[-83.732213,42.27999],[-83.732212,42.27999],[-83.732212,42.27999],[-83.732212,42.27999],[-83.732212,42.279991],[-83.732212,42.279991]],[[-83.732213,42.279991],[-83.732213,42.279991],[-83.732213,42.279991],[-83.732213,42.279991],[-83.732213,42.279991],[-83.732213,42.279991],[-83.732213,42.279991],[-83.732213,42.279991],[-83.732213,42.279991],[-83.732213,42.279991],[-83.732213,42.279991],[-83.732214,42.279991],[-83.732214,42.279991],[-83.732214,42.279991],[-83.732214,42.279991],[-83.732214,42.279991],[-83.732214,42.279991],[-83.732214,42.279991],[-83.732214,42.279991],[-83.732214,42.279991],[-83.732214,42.279991],[-83.732214,42.27999],[-83.732214,42.27999],[-83.732214,42.27999],[-83.732214,42.27999],[-83.732214,42.27999],[-83.732213,42.27999],[-83.732213,42.27999],[-83.732213,42.27999],[-83.732213,42.27999],[-83.732213,42.27999],[-83.732213,42.27999],[-83.732213,42.27999],[-83.732213,42.27999],[-83.732213,42.279991],[-83.732213,42.279991],[-83.732213,42.279991]],[[-83.732213,42.279991],[-83.732213,42.279991],[-83.732213,42.279991],[-83.732213,42.279991],[-83.732213,42.279991],[-83.732213,42.279991],[-83.732213,42.279991],[-83.732213,42.279991],[-83.732213,42.279991],[-83.732213,42.279991],[-83.732213,42.279991],[-83.732213,42.279991],[-83.732213,42.279991],[-83.732214,42.279991],[-83.732214,42.279991],[-83.732214,42.279991],[-83.732214,42.279991],[-83.732214,42.279991],[-83.732214,42.279991],[-83.732214,42.279991],[-83.732214,42.279991],[-83.732214,42.279991],[-83.732214,42.279991],[-83.732214,42.279991],[-83.732213,42.279991],[-83.732213,42.279991],[-83.732213,42.27999],[-83.732213,42.27999],[-83.732213,42.27999],[-83.732213,42.279991],[-83.732213,42.279991],[-83.732213,42.279991],[-83.732213,42.279991],[-83.732213,42.279991],[-83.732213,42.279991],[-83.732213,42.279991],[-83.732213,42.279991]]]},"properties":{"Layer":"CM-ATHL"}},{"type":"Feature","geometry":{"type":"MultiLineString","coordinates":[[[-83.732173,42.279991],[-83.732173,42.279992],[-83.732173,42.279992],[-83.732173,42.279992],[-83.732173,42.279992],[-83.732174,42.279993],[-83.732174,42.279993],[-83.732174,42.279993],[-83.732175,42.279993],[-83.732175,42.279993],[-83.732175,42.279993],[-83.732176,42.279993],[-83.732176,42.279992],[-83.732176,42.279992],[-83.732176,42.279992],[-83.732176,42.279992],[-83.732177,42.279992],[-83.732177,42.279991],[-83.732176,42.279991],[-83.732176,42.279991],[-83.732176,42.279991],[-83.732176,42.27999],[-83.732176,42.27999],[-83.732175,42.27999],[-83.732175,42.27999],[-83.732174,42.27999],[-83.732174,42.27999],[-83.732174,42.27999],[-83.732174,42.27999],[-83.732173,42.279991],[-83.732173,42.279991],[-83.732173,42.279991],[-83.732173,42.279991]],[[-83.732173,42.279991],[-83.732173,42.279992],[-83.732173,42.279992],[-83.732173,42.279992],[-83.732174,42.279992],[-83.732174,42.279992],[-83.732174,42.279992],[-83.732174,42.279992],[-83.732174,42.279993],[-83.732175,42.279993],[-83.732175,42.279993],[-83.732175,42.279992],[-83.732175,42.279992],[-83.732176,42.279992],[-83.732176,42.279992],[-83.732176,42.279992],[-83.732176,42.279992],[-83.732176,42.279992],[-83.732176,42.279991],[-83.732176,42.279991],[-83.732176,42.279991],[-83.732176,42.279991],[-83.732176,42.279991],[-83.732176,42.279991],[-83.732175,42.279991],[-83.732175,42.27999],[-83.732175,42.27999],[-83.732175,42.27999],[-83.732174,42.27999],[-83.732174,42.27999],[-83.732174,42.27999],[-83.732174,42.279991],[-83.732174,42.279991],[-83.732173,42.279991],[-83.732173,42.279991],[-83.732173,42.279991],[-83.732173,42.279991]],[[-83.732174,42.279991],[-83.732174,42.279992],[-83.732174,42.279992],[-83.732174,42.279992],[-83.732174,42.279992],[-83.732174,42.279992],[-83.732174,42.279992],[-83.732174,42.279992],[-83.732175,42.279992],[-83.732175,42.279992],[-83.732175,42.279992],[-83.732175,42.279992],[-83.732175,42.279992],[-83.732175,42.279992],[-83.732176,42.279992],[-83.732176,42.279992],[-83.732176,42.279992],[-83.732176,42.279992],[-83.732176,42.279991],[-83.732176,42.279991],[-83.732176,42.279991],[-83.732176,42.279991],[-83.732176,42.279991],[-83.732175,42.279991],[-83.732175,42.279991],[-83.732175,42.279991],[-83.732175,42.279991],[-83.732175,42.279991],[-83.732175,42.279991],[-83.732174,42.279991],[-83.732174,42.279991],[-83.732174,42.279991],[-83.732174,42.279991],[-83.732174,42.279991],[-83.732174,42.279991],[-83.732174,42.279991],[-83.732174,42.279991]],[[-83.732174,42.279991],[-83.732174,42.279992],[-83.732174,42.279992],[-83.732174,42.279992],[-83.732174,42.279992],[-83.732174,42.279992],[-83.732174,42.279992],[-83.732174,42.279992],[-83.732175,42.279992],[-83.732175,42.279992],[-83.732175,42.279992],[-83.732175,42.279992],[-83.732175,42.279992],[-83.732175,42.279992],[-83.732175,42.279992],[-83.732175,42.279992],[-83.732175,42.279992],[-83.732175,42.279992],[-83.732175,42.279991],[-83.732175,42.279991],[-83.732175,42.279991],[-83.732175,42.279991],[-83.732175,42.279991],[-83.732175,42.279991],[-83.732175,42.279991],[-83.732175,42.279991],[-83.732175,42.279991],[-83.732175,42.279991],[-83.732175,42.279991],[-83.732174,42.279991],[-83.732174,42.279991],[-83.732174,42.279991],[-83.732174,42.279991],[-83.732174,42.279991],[-83.732174,42.279991],[-83.732174,42.279991],[-83.732174,42.279991]],[[-83.732174,42.279991],[-83.732174,42.279991],[-83.732174,42.279992],[-83.732174,42.279992],[-83.732174,42.279992],[-83.732174,42.279992],[-83.732175,42.279992],[-83.732175,42.279992],[-83.732175,42.279992],[-83.732175,42.279992],[-83.732175,42.279992],[-83.732175,42.279992],[-83.732175,42.279992],[-83.732175,42.279992],[-83.732175,42.279992],[-83.732175,42.279992],[-83.732175,42.279992],[-83.732175,42.279991],[-83.732175,42.279991],[-83.732175,42.279991],[-83.732175,42.279991],[-83.732175,42.279991],[-83.732175,42.279991],[-83.732175,42.279991],[-83.732175,42.279991],[-83.732175,42.279991],[-83.732175,42.279991],[-83.732175,42.279991],[-83.732175,42.279991],[-83.732175,42.279991],[-83.732175,42.279991],[-83.732174,42.279991],[-83.732174,42.279991],[-83.732174,42.279991],[-83.732174,42.279991],[-83.732174,42.279991],[-83.732174,42.279991]]]},"properties":{"Layer":"CM-ATHL"}},{"type":"Feature","geometry":{"type":"MultiLineString","coordinates":[[[-83.732134,42.279992],[-83.732134,42.279992],[-83.732134,42.279993],[-83.732135,42.279993],[-83.732135,42.279993],[-83.732135,42.279993],[-83.732135,42.279993],[-83.732136,42.279993],[-83.732136,42.279994],[-83.732136,42.279993],[-83.732137,42.279993],[-83.732137,42.279993],[-83.732137,42.279993],[-83.732138,42.279993],[-83.732138,42.279993],[-83.732138,42.279992],[-83.732138,42.279992],[-83.732138,42.279992],[-83.732138,42.279992],[-83.732138,42.279991],[-83.732138,42.279991],[-83.732137,42.279991],[-83.732137,42.279991],[-83.732137,42.279991],[-83.732136,42.279991],[-83.732136,42.279991],[-83.732136,42.279991],[-83.732135,42.279991],[-83.732135,42.279991],[-83.732135,42.279991],[-83.732134,42.279992],[-83.732134,42.279992],[-83.732134,42.279992]],[[-83.732135,42.279992],[-83.732135,42.279992],[-83.732135,42.279993],[-83.732135,42.279993],[-83.732135,42.279993],[-83.732135,42.279993],[-83.732135,42.279993],[-83.732136,42.279993],[-83.732136,42.279993],[-83.732136,42.279993],[-83.732136,42.279993],[-83.732137,42.279993],[-83.732137,42.279993],[-83.732137,42.279993],[-83.732137,42.279993],[-83.732137,42.279993],[-83.732138,42.279993],[-83.732138,42.279992],[-83.732138,42.279992],[-83.732138,42.279992],[-83.732138,42.279992],[-83.732137,42.279992],[-83.732137,42.279991],[-83.732137,42.279991],[-83.732137,42.279991],[-83.732137,42.279991],[-83.732136,42.279991],[-83.732136,42.279991],[-83.732136,42.279991],[-83.732136,42.279991],[-83.732135,42.279991],[-83.732135,42.279991],[-83.732135,42.279991],[-83.732135,42.279992],[-83.732135,42.279992],[-83.732135,42.279992],[-83.732135,42.279992]],[[-83.732135,42.279992],[-83.732135,42.279992],[-83.732135,42.279992],[-83.732135,42.279993],[-83.732135,42.279993],[-83.732135,42.279993],[-83.732136,42.279993],[-83.732136,42.279993],[-83.732136,42.279993],[-83.732136,42.279993],[-83.732136,42.279993],[-83.732137,42.279993],[-83.732137,42.279993],[-83.732137,42.279993],[-83.732137,42.279993],[-83.732137,42.279993],[-83.732137,42.279992],[-83.732137,42.279992],[-83.732137,42.279992],[-83.732137,42.279992],[-83.732137,42.279992],[-83.732137,42.279992],[-83.732137,42.279992],[-83.732137,42.279992],[-83.732137,42.279991],[-83.732137,42.279991],[-83.732136,42.279991],[-83.732136,42.279991],[-83.732136,42.279991],[-83.732136,42.279991],[-83.732136,42.279991],[-83.732135,42.279992],[-83.732135,42.279992],[-83.732135,42.279992],[-83.732135,42.279992],[-83.732135,42.279992],[-83.732135,42.279992]],[[-83.732135,42.279992],[-83.732135,42.279992],[-83.732135,42.279992],[-83.732135,42.279992],[-83.732136,42.279992],[-83.732136,42.279993],[-83.732136,42.279993],[-83.732136,42.279993],[-83.732136,42.279993],[-83.732136,42.279993],[-83.732136,42.279993],[-83.732136,42.279993],[-83.732137,42.279993],[-83.732137,42.279993],[-83.732137,42.279992],[-83.732137,42.279992],[-83.732137,42.279992],[-83.732137,42.279992],[-83.732137,42.279992],[-83.732137,42.279992],[-83.732137,42.279992],[-83.732137,42.279992],[-83.732137,42.279992],[-83.732137,42.279992],[-83.732137,42.279992],[-83.732136,42.279992],[-83.732136,42.279992],[-83.732136,42.279992],[-83.732136,42.279992],[-83.732136,42.279992],[-83.732136,42.279992],[-83.732136,42.279992],[-83.732136,42.279992],[-83.732136,42.279992],[-83.732135,42.279992],[-83.732135,42.279992],[-83.732135,42.279992]],[[-83.732136,42.279992],[-83.732136,42.279992],[-83.732136,42.279992],[-83.732136,42.279992],[-83.732136,42.279992],[-83.732136,42.279992],[-83.732136,42.279992],[-83.732136,42.279992],[-83.732136,42.279992],[-83.732136,42.279992],[-83.732136,42.279992],[-83.732136,42.279992],[-83.732136,42.279992],[-83.732136,42.279992],[-83.732136,42.279992],[-83.732136,42.279992],[-83.732136,42.279992],[-83.732137,42.279992],[-83.732137,42.279992],[-83.732137,42.279992],[-83.732136,42.279992],[-83.732136,42.279992],[-83.732136,42.279992],[-83.732136,42.279992],[-83.732136,42.279992],[-83.732136,42.279992],[-83.732136,42.279992],[-83.732136,42.279992],[-83.732136,42.279992],[-83.732136,42.279992],[-83.732136,42.279992],[-83.732136,42.279992],[-83.732136,42.279992],[-83.732136,42.279992],[-83.732136,42.279992],[-83.732136,42.279992],[-83.732136,42.279992]]]},"properties":{"Layer":"CM-ATHL"}},{"type":"Feature","geometry":{"type":"MultiLineString","coordinates":[[[-83.732096,42.279993],[-83.732096,42.279993],[-83.732096,42.279993],[-83.732096,42.279994],[-83.732096,42.279994],[-83.732096,42.279994],[-83.732097,42.279994],[-83.732097,42.279994],[-83.732097,42.279994],[-83.732098,42.279994],[-83.732098,42.279994],[-83.732098,42.279994],[-83.732099,42.279994],[-83.732099,42.279994],[-83.732099,42.279993],[-83.732099,42.279993],[-83.732099,42.279993],[-83.732099,42.279993],[-83.732099,42.279992],[-83.732099,42.279992],[-83.732099,42.279992],[-83.732099,42.279992],[-83.732098,42.279992],[-83.732098,42.279992],[-83.732098,42.279991],[-83.732097,42.279991],[-83.732097,42.279992],[-83.732097,42.279992],[-83.732096,42.279992],[-83.732096,42.279992],[-83.732096,42.279992],[-83.732096,42.279992],[-83.732096,42.279993]],[[-83.732096,42.279993],[-83.732096,42.279993],[-83.732096,42.279993],[-83.732096,42.279993],[-83.732096,42.279994],[-83.732097,42.279994],[-83.732097,42.279994],[-83.732097,42.279994],[-83.732097,42.279994],[-83.732098,42.279994],[-83.732098,42.279994],[-83.732098,42.279994],[-83.732098,42.279994],[-83.732099,42.279994],[-83.732099,42.279994],[-83.732099,42.279993],[-83.732099,42.279993],[-83.732099,42.279993],[-83.732099,42.279993],[-83.732099,42.279993],[-83.732099,42.279992],[-83.732099,42.279992],[-83.732099,42.279992],[-83.732099,42.279992],[-83.732098,42.279992],[-83.732098,42.279992],[-83.732098,42.279992],[-83.732098,42.279992],[-83.732097,42.279992],[-83.732097,42.279992],[-83.732097,42.279992],[-83.732097,42.279992],[-83.732096,42.279992],[-83.732096,42.279992],[-83.732096,42.279992],[-83.732096,42.279993],[-83.732096,42.279993]],[[-83.732096,42.279993],[-83.732096,42.279993],[-83.732097,42.279993],[-83.732097,42.279993],[-83.732097,42.279993],[-83.732097,42.279993],[-83.732097,42.279994],[-83.732097,42.279994],[-83.732097,42.279994],[-83.732098,42.279994],[-83.732098,42.279994],[-83.732098,42.279994],[-83.732098,42.279994],[-83.732098,42.279993],[-83.732098,42.279993],[-83.732099,42.279993],[-83.732099,42.279993],[-83.732099,42.279993],[-83.732099,42.279993],[-83.732099,42.279993],[-83.732099,42.279993],[-83.732099,42.279992],[-83.732098,42.279992],[-83.732098,42.279992],[-83.732098,42.279992],[-83.732098,42.279992],[-83.732098,42.279992],[-83.732098,42.279992],[-83.732097,42.279992],[-83.732097,42.279992],[-83.732097,42.279992],[-83.732097,42.279992],[-83.732097,42.279992],[-83.732097,42.279992],[-83.732097,42.279993],[-83.732096,42.279993],[-83.732096,42.279993]],[[-83.732097,42.279993],[-83.732097,42.279993],[-83.732097,42.279993],[-83.732097,42.279993],[-83.732097,42.279993],[-83.732097,42.279993],[-83.732097,42.279993],[-83.732097,42.279993],[-83.732097,42.279993],[-83.732098,42.279993],[-83.732098,42.279993],[-83.732098,42.279993],[-83.732098,42.279993],[-83.732098,42.279993],[-83.732098,42.279993],[-83.732098,42.279993],[-83.732098,42.279993],[-83.732098,42.279993],[-83.732098,42.279993],[-83.732098,42.279993],[-83.732098,42.279993],[-83.732098,42.279993],[-83.732098,42.279992],[-83.732098,42.279992],[-83.732098,42.279992],[-83.732098,42.279992],[-83.732098,42.279992],[-83.732098,42.279992],[-83.732097,42.279992],[-83.732097,42.279992],[-83.732097,42.279992],[-83.732097,42.279992],[-83.732097,42.279992],[-83.732097,42.279993],[-83.732097,42.279993],[-83.732097,42.279993],[-83.732097,42.279993]],[[-83.732097,42.279993],[-83.732097,42.279993],[-83.732097,42.279993],[-83.732097,42.279993],[-83.732097,42.279993],[-83.732097,42.279993],[-83.732097,42.279993],[-83.732097,42.279993],[-83.732098,42.279993],[-83.732098,42.279993],[-83.732098,42.279993],[-83.732098,42.279993],[-83.732098,42.279993],[-83.732098,42.279993],[-83.732098,42.279993],[-83.732098,42.279993],[-83.732098,42.279993],[-83.732098,42.279993],[-83.732098,42.279993],[-83.732098,42.279993],[-83.732098,42.279993],[-83.732098,42.279993],[-83.732098,42.279993],[-83.732098,42.279993],[-83.732098,42.279993],[-83.732098,42.279993],[-83.732098,42.279993],[-83.732098,42.279993],[-83.732098,42.279993],[-83.732097,42.279993],[-83.732097,42.279993],[-83.732097,42.279993],[-83.732097,42.279993],[-83.732097,42.279993],[-83.732097,42.279993],[-83.732097,42.279993],[-83.732097,42.279993]]]},"properties":{"Layer":"CM-ATHL"}},{"type":"Feature","geometry":{"type":"MultiLineString","coordinates":[[[-83.732057,42.279993],[-83.732057,42.279994],[-83.732057,42.279994],[-83.732057,42.279994],[-83.732058,42.279994],[-83.732058,42.279995],[-83.732058,42.279995],[-83.732059,42.279995],[-83.732059,42.279995],[-83.732059,42.279995],[-83.73206,42.279995],[-83.73206,42.279995],[-83.73206,42.279995],[-83.73206,42.279994],[-83.732061,42.279994],[-83.732061,42.279994],[-83.732061,42.279994],[-83.732061,42.279993],[-83.732061,42.279993],[-83.732061,42.279993],[-83.73206,42.279993],[-83.73206,42.279992],[-83.73206,42.279992],[-83.732059,42.279992],[-83.732059,42.279992],[-83.732059,42.279992],[-83.732058,42.279992],[-83.732058,42.279992],[-83.732058,42.279992],[-83.732058,42.279993],[-83.732057,42.279993],[-83.732057,42.279993],[-83.732057,42.279993]],[[-83.732058,42.279994],[-83.732058,42.279994],[-83.732058,42.279994],[-83.732058,42.279994],[-83.732058,42.279994],[-83.732058,42.279994],[-83.732058,42.279994],[-83.732058,42.279995],[-83.732059,42.279995],[-83.732059,42.279995],[-83.732059,42.279995],[-83.732059,42.279995],[-83.73206,42.279994],[-83.73206,42.279994],[-83.73206,42.279994],[-83.73206,42.279994],[-83.73206,42.279994],[-83.73206,42.279994],[-83.73206,42.279994],[-83.73206,42.279993],[-83.73206,42.279993],[-83.73206,42.279993],[-83.73206,42.279993],[-83.73206,42.279993],[-83.73206,42.279993],[-83.73206,42.279992],[-83.732059,42.279992],[-83.732059,42.279992],[-83.732059,42.279992],[-83.732059,42.279992],[-83.732058,42.279993],[-83.732058,42.279993],[-83.732058,42.279993],[-83.732058,42.279993],[-83.732058,42.279993],[-83.732058,42.279993],[-83.732058,42.279994]],[[-83.732058,42.279994],[-83.732058,42.279994],[-83.732058,42.279994],[-83.732058,42.279994],[-83.732058,42.279994],[-83.732058,42.279994],[-83.732058,42.279994],[-83.732059,42.279994],[-83.732059,42.279994],[-83.732059,42.279994],[-83.732059,42.279994],[-83.732059,42.279994],[-83.73206,42.279994],[-83.73206,42.279994],[-83.73206,42.279994],[-83.73206,42.279994],[-83.73206,42.279994],[-83.73206,42.279994],[-83.73206,42.279994],[-83.73206,42.279993],[-83.73206,42.279993],[-83.73206,42.279993],[-83.73206,42.279993],[-83.73206,42.279993],[-83.73206,42.279993],[-83.732059,42.279993],[-83.732059,42.279993],[-83.732059,42.279993],[-83.732059,42.279993],[-83.732059,42.279993],[-83.732058,42.279993],[-83.732058,42.279993],[-83.732058,42.279993],[-83.732058,42.279993],[-83.732058,42.279993],[-83.732058,42.279993],[-83.732058,42.279994]],[[-83.732058,42.279994],[-83.732058,42.279994],[-83.732058,42.279994],[-83.732058,42.279994],[-83.732058,42.279994],[-83.732059,42.279994],[-83.732059,42.279994],[-83.732059,42.279994],[-83.732059,42.279994],[-83.732059,42.279994],[-83.732059,42.279994],[-83.732059,42.279994],[-83.732059,42.279994],[-83.732059,42.279994],[-83.73206,42.279994],[-83.73206,42.279994],[-83.73206,42.279994],[-83.73206,42.279994],[-83.73206,42.279994],[-83.73206,42.279993],[-83.73206,42.279993],[-83.73206,42.279993],[-83.73206,42.279993],[-83.732059,42.279993],[-83.732059,42.279993],[-83.732059,42.279993],[-83.732059,42.279993],[-83.732059,42.279993],[-83.732059,42.279993],[-83.732059,42.279993],[-83.732059,42.279993],[-83.732059,42.279993],[-83.732058,42.279993],[-83.732058,42.279993],[-83.732058,42.279993],[-83.732058,42.279993],[-83.732058,42.279994]],[[-83.732059,42.279994],[-83.732059,42.279994],[-83.732059,42.279994],[-83.732059,42.279994],[-83.732059,42.279994],[-83.732059,42.279994],[-83.732059,42.279994],[-83.732059,42.279994],[-83.732059,42.279994],[-83.732059,42.279994],[-83.732059,42.279994],[-83.732059,42.279994],[-83.732059,42.279994],[-83.732059,42.279994],[-83.732059,42.279994],[-83.732059,42.279994],[-83.732059,42.279994],[-83.732059,42.279994],[-83.732059,42.279994],[-83.732059,42.279993],[-83.732059,42.279993],[-83.732059,42.279993],[-83.732059,42.279993],[-83.732059,42.279993],[-83.732059,42.279993],[-83.732059,42.279993],[-83.732059,42.279993],[-83.732059,42.279993],[-83.732059,42.279993],[-83.732059,42.279993],[-83.732059,42.279993],[-83.732059,42.279993],[-83.732059,42.279993],[-83.732059,42.279993],[-83.732059,42.279993],[-83.732059,42.279993],[-83.732059,42.279994]]]},"properties":{"Layer":"CM-ATHL"}},{"type":"Feature","geometry":{"type":"MultiLineString","coordinates":[[[-83.732019,42.279994],[-83.732019,42.279994],[-83.732019,42.279995],[-83.732019,42.279995],[-83.732019,42.279995],[-83.732019,42.279995],[-83.73202,42.279995],[-83.73202,42.279996],[-83.73202,42.279996],[-83.732021,42.279996],[-83.732021,42.279996],[-83.732021,42.279995],[-83.732022,42.279995],[-83.732022,42.279995],[-83.732022,42.279995],[-83.732022,42.279995],[-83.732022,42.279994],[-83.732022,42.279994],[-83.732022,42.279994],[-83.732022,42.279994],[-83.732022,42.279993],[-83.732022,42.279993],[-83.732021,42.279993],[-83.732021,42.279993],[-83.732021,42.279993],[-83.73202,42.279993],[-83.73202,42.279993],[-83.73202,42.279993],[-83.732019,42.279993],[-83.732019,42.279993],[-83.732019,42.279994],[-83.732019,42.279994],[-83.732019,42.279994]],[[-83.732019,42.279994],[-83.732019,42.279994],[-83.732019,42.279995],[-83.732019,42.279995],[-83.732019,42.279995],[-83.732019,42.279995],[-83.73202,42.279995],[-83.73202,42.279995],[-83.73202,42.279995],[-83.73202,42.279995],[-83.732021,42.279995],[-83.732021,42.279995],[-83.732021,42.279995],[-83.732021,42.279995],[-83.732022,42.279995],[-83.732022,42.279995],[-83.732022,42.279995],[-83.732022,42.279994],[-83.732022,42.279994],[-83.732022,42.279994],[-83.732022,42.279994],[-83.732022,42.279994],[-83.732022,42.279994],[-83.732021,42.279993],[-83.732021,42.279993],[-83.732021,42.279993],[-83.732021,42.279993],[-83.73202,42.279993],[-83.73202,42.279993],[-83.73202,42.279993],[-83.73202,42.279993],[-83.732019,42.279993],[-83.732019,42.279993],[-83.732019,42.279994],[-83.732019,42.279994],[-83.732019,42.279994],[-83.732019,42.279994]],[[-83.732019,42.279994],[-83.732019,42.279994],[-83.732019,42.279994],[-83.732019,42.279995],[-83.73202,42.279995],[-83.73202,42.279995],[-83.73202,42.279995],[-83.73202,42.279995],[-83.73202,42.279995],[-83.73202,42.279995],[-83.732021,42.279995],[-83.732021,42.279995],[-83.732021,42.279995],[-83.732021,42.279995],[-83.732021,42.279995],[-83.732021,42.279995],[-83.732021,42.279994],[-83.732022,42.279994],[-83.732022,42.279994],[-83.732022,42.279994],[-83.732021,42.279994],[-83.732021,42.279994],[-83.732021,42.279994],[-83.732021,42.279994],[-83.732021,42.279993],[-83.732021,42.279993],[-83.732021,42.279993],[-83.73202,42.279993],[-83.73202,42.279993],[-83.73202,42.279993],[-83.73202,42.279993],[-83.73202,42.279994],[-83.73202,42.279994],[-83.732019,42.279994],[-83.732019,42.279994],[-83.732019,42.279994],[-83.732019,42.279994]],[[-83.73202,42.279994],[-83.73202,42.279994],[-83.73202,42.279994],[-83.73202,42.279994],[-83.73202,42.279995],[-83.73202,42.279995],[-83.73202,42.279995],[-83.73202,42.279995],[-83.73202,42.279995],[-83.73202,42.279995],[-83.732021,42.279995],[-83.732021,42.279995],[-83.732021,42.279995],[-83.732021,42.279995],[-83.732021,42.279995],[-83.732021,42.279994],[-83.732021,42.279994],[-83.732021,42.279994],[-83.732021,42.279994],[-83.732021,42.279994],[-83.732021,42.279994],[-83.732021,42.279994],[-83.732021,42.279994],[-83.732021,42.279994],[-83.732021,42.279994],[-83.732021,42.279994],[-83.732021,42.279994],[-83.73202,42.279994],[-83.73202,42.279994],[-83.73202,42.279994],[-83.73202,42.279994],[-83.73202,42.279994],[-83.73202,42.279994],[-83.73202,42.279994],[-83.73202,42.279994],[-83.73202,42.279994],[-83.73202,42.279994]],[[-83.73202,42.279994],[-83.73202,42.279994],[-83.73202,42.279994],[-83.73202,42.279994],[-83.73202,42.279994],[-83.73202,42.279994],[-83.73202,42.279994],[-83.73202,42.279994],[-83.73202,42.279994],[-83.73202,42.279994],[-83.73202,42.279994],[-83.732021,42.279994],[-83.732021,42.279994],[-83.732021,42.279994],[-83.732021,42.279994],[-83.732021,42.279994],[-83.732021,42.279994],[-83.732021,42.279994],[-83.732021,42.279994],[-83.732021,42.279994],[-83.732021,42.279994],[-83.732021,42.279994],[-83.732021,42.279994],[-83.732021,42.279994],[-83.732021,42.279994],[-83.732021,42.279994],[-83.73202,42.279994],[-83.73202,42.279994],[-83.73202,42.279994],[-83.73202,42.279994],[-83.73202,42.279994],[-83.73202,42.279994],[-83.73202,42.279994],[-83.73202,42.279994],[-83.73202,42.279994],[-83.73202,42.279994],[-83.73202,42.279994]]]},"properties":{"Layer":"CM-ATHL"}},{"type":"Feature","geometry":{"type":"MultiLineString","coordinates":[[[-83.73198,42.279995],[-83.73198,42.279995],[-83.73198,42.279995],[-83.73198,42.279996],[-83.73198,42.279996],[-83.731981,42.279996],[-83.731981,42.279996],[-83.731981,42.279996],[-83.731982,42.279996],[-83.731982,42.279996],[-83.731982,42.279996],[-83.731983,42.279996],[-83.731983,42.279996],[-83.731983,42.279996],[-83.731984,42.279996],[-83.731984,42.279995],[-83.731984,42.279995],[-83.731984,42.279995],[-83.731984,42.279994],[-83.731983,42.279994],[-83.731983,42.279994],[-83.731983,42.279994],[-83.731983,42.279994],[-83.731982,42.279994],[-83.731982,42.279994],[-83.731982,42.279994],[-83.731981,42.279994],[-83.731981,42.279994],[-83.731981,42.279994],[-83.73198,42.279994],[-83.73198,42.279994],[-83.73198,42.279995],[-83.73198,42.279995]],[[-83.73198,42.279995],[-83.73198,42.279995],[-83.73198,42.279995],[-83.731981,42.279995],[-83.731981,42.279996],[-83.731981,42.279996],[-83.731981,42.279996],[-83.731981,42.279996],[-83.731982,42.279996],[-83.731982,42.279996],[-83.731982,42.279996],[-83.731982,42.279996],[-83.731983,42.279996],[-83.731983,42.279996],[-83.731983,42.279996],[-83.731983,42.279995],[-83.731983,42.279995],[-83.731983,42.279995],[-83.731983,42.279995],[-83.731983,42.279995],[-83.731983,42.279995],[-83.731983,42.279994],[-83.731983,42.279994],[-83.731983,42.279994],[-83.731983,42.279994],[-83.731982,42.279994],[-83.731982,42.279994],[-83.731982,42.279994],[-83.731982,42.279994],[-83.731981,42.279994],[-83.731981,42.279994],[-83.731981,42.279994],[-83.731981,42.279994],[-83.731981,42.279994],[-83.73198,42.279995],[-83.73198,42.279995],[-83.73198,42.279995]],[[-83.731981,42.279995],[-83.731981,42.279995],[-83.731981,42.279995],[-83.731981,42.279995],[-83.731981,42.279995],[-83.731981,42.279996],[-83.731981,42.279996],[-83.731981,42.279996],[-83.731982,42.279996],[-83.731982,42.279996],[-83.731982,42.279996],[-83.731982,42.279996],[-83.731982,42.279996],[-83.731983,42.279996],[-83.731983,42.279995],[-83.731983,42.279995],[-83.731983,42.279995],[-83.731983,42.279995],[-83.731983,42.279995],[-83.731983,42.279995],[-83.731983,42.279995],[-83.731983,42.279994],[-83.731983,42.279994],[-83.731983,42.279994],[-83.731982,42.279994],[-83.731982,42.279994],[-83.731982,42.279994],[-83.731982,42.279994],[-83.731982,42.279994],[-83.731981,42.279994],[-83.731981,42.279994],[-83.731981,42.279994],[-83.731981,42.279994],[-83.731981,42.279994],[-83.731981,42.279995],[-83.731981,42.279995],[-83.731981,42.279995]],[[-83.731981,42.279995],[-83.731981,42.279995],[-83.731981,42.279995],[-83.731981,42.279995],[-83.731981,42.279995],[-83.731981,42.279995],[-83.731981,42.279995],[-83.731982,42.279995],[-83.731982,42.279995],[-83.731982,42.279995],[-83.731982,42.279995],[-83.731982,42.279995],[-83.731982,42.279995],[-83.731982,42.279995],[-83.731982,42.279995],[-83.731982,42.279995],[-83.731983,42.279995],[-83.731983,42.279995],[-83.731983,42.279995],[-83.731983,42.279995],[-83.731983,42.279995],[-83.731982,42.279995],[-83.731982,42.279995],[-83.731982,42.279994],[-83.731982,42.279994],[-83.731982,42.279994],[-83.731982,42.279994],[-83.731982,42.279994],[-83.731982,42.279994],[-83.731982,42.279994],[-83.731981,42.279994],[-83.731981,42.279994],[-83.731981,42.279995],[-83.731981,42.279995],[-83.731981,42.279995],[-83.731981,42.279995],[-83.731981,42.279995]],[[-83.731981,42.279995],[-83.731981,42.279995],[-83.731982,42.279995],[-83.731982,42.279995],[-83.731982,42.279995],[-83.731982,42.279995],[-83.731982,42.279995],[-83.731982,42.279995],[-83.731982,42.279995],[-83.731982,42.279995],[-83.731982,42.279995],[-83.731982,42.279995],[-83.731982,42.279995],[-83.731982,42.279995],[-83.731982,42.279995],[-83.731982,42.279995],[-83.731982,42.279995],[-83.731982,42.279995],[-83.731982,42.279995],[-83.731982,42.279995],[-83.731982,42.279995],[-83.731982,42.279995],[-83.731982,42.279995],[-83.731982,42.279995],[-83.731982,42.279995],[-83.731982,42.279995],[-83.731982,42.279995],[-83.731982,42.279995],[-83.731982,42.279995],[-83.731982,42.279995],[-83.731982,42.279995],[-83.731982,42.279995],[-83.731982,42.279995],[-83.731982,42.279995],[-83.731982,42.279995],[-83.731981,42.279995],[-83.731981,42.279995]]]},"properties":{"Layer":"CM-ATHL"}},{"type":"Feature","geometry":{"type":"MultiLineString","coordinates":[[[-83.731941,42.279995],[-83.731941,42.279996],[-83.731942,42.279996],[-83.731942,42.279996],[-83.731942,42.279996],[-83.731942,42.279997],[-83.731942,42.279997],[-83.731943,42.279997],[-83.731943,42.279997],[-83.731944,42.279997],[-83.731944,42.279997],[-83.731944,42.279997],[-83.731944,42.279997],[-83.731945,42.279996],[-83.731945,42.279996],[-83.731945,42.279996],[-83.731945,42.279996],[-83.731945,42.279995],[-83.731945,42.279995],[-83.731945,42.279995],[-83.731945,42.279995],[-83.731944,42.279994],[-83.731944,42.279994],[-83.731944,42.279994],[-83.731943,42.279994],[-83.731943,42.279994],[-83.731943,42.279994],[-83.731942,42.279994],[-83.731942,42.279995],[-83.731942,42.279995],[-83.731942,42.279995],[-83.731941,42.279995],[-83.731941,42.279995]],[[-83.731942,42.279996],[-83.731942,42.279996],[-83.731942,42.279996],[-83.731942,42.279996],[-83.731942,42.279996],[-83.731942,42.279996],[-83.731943,42.279997],[-83.731943,42.279997],[-83.731943,42.279997],[-83.731943,42.279997],[-83.731944,42.279997],[-83.731944,42.279997],[-83.731944,42.279997],[-83.731944,42.279996],[-83.731944,42.279996],[-83.731945,42.279996],[-83.731945,42.279996],[-83.731945,42.279996],[-83.731945,42.279996],[-83.731945,42.279995],[-83.731945,42.279995],[-83.731945,42.279995],[-83.731944,42.279995],[-83.731944,42.279995],[-83.731944,42.279995],[-83.731944,42.279995],[-83.731944,42.279995],[-83.731943,42.279994],[-83.731943,42.279995],[-83.731943,42.279995],[-83.731943,42.279995],[-83.731942,42.279995],[-83.731942,42.279995],[-83.731942,42.279995],[-83.731942,42.279995],[-83.731942,42.279995],[-83.731942,42.279996]],[[-83.731942,42.279996],[-83.731942,42.279996],[-83.731942,42.279996],[-83.731942,42.279996],[-83.731942,42.279996],[-83.731943,42.279996],[-83.731943,42.279996],[-83.731943,42.279996],[-83.731943,42.279996],[-83.731943,42.279996],[-83.731943,42.279996],[-83.731944,42.279996],[-83.731944,42.279996],[-83.731944,42.279996],[-83.731944,42.279996],[-83.731944,42.279996],[-83.731944,42.279996],[-83.731944,42.279996],[-83.731944,42.279996],[-83.731944,42.279995],[-83.731944,42.279995],[-83.731944,42.279995],[-83.731944,42.279995],[-83.731944,42.279995],[-83.731944,42.279995],[-83.731944,42.279995],[-83.731943,42.279995],[-83.731943,42.279995],[-83.731943,42.279995],[-83.731943,42.279995],[-83.731943,42.279995],[-83.731943,42.279995],[-83.731942,42.279995],[-83.731942,42.279995],[-83.731942,42.279995],[-83.731942,42.279995],[-83.731942,42.279996]],[[-83.731943,42.279996],[-83.731943,42.279996],[-83.731943,42.279996],[-83.731943,42.279996],[-83.731943,42.279996],[-83.731943,42.279996],[-83.731943,42.279996],[-83.731943,42.279996],[-83.731943,42.279996],[-83.731943,42.279996],[-83.731943,42.279996],[-83.731944,42.279996],[-83.731944,42.279996],[-83.731944,42.279996],[-83.731944,42.279996],[-83.731944,42.279996],[-83.731944,42.279996],[-83.731944,42.279996],[-83.731944,42.279996],[-83.731944,42.279995],[-83.731944,42.279995],[-83.731944,42.279995],[-83.731944,42.279995],[-83.731944,42.279995],[-83.731944,42.279995],[-83.731944,42.279995],[-83.731943,42.279995],[-83.731943,42.279995],[-83.731943,42.279995],[-83.731943,42.279995],[-83.731943,42.279995],[-83.731943,42.279995],[-83.731943,42.279995],[-83.731943,42.279995],[-83.731943,42.279995],[-83.731943,42.279995],[-83.731943,42.279996]],[[-83.731943,42.279996],[-83.731943,42.279996],[-83.731943,42.279996],[-83.731943,42.279996],[-83.731943,42.279996],[-83.731943,42.279996],[-83.731943,42.279996],[-83.731943,42.279996],[-83.731943,42.279996],[-83.731943,42.279996],[-83.731943,42.279996],[-83.731943,42.279996],[-83.731943,42.279996],[-83.731944,42.279996],[-83.731944,42.279996],[-83.731944,42.279996],[-83.731944,42.279996],[-83.731944,42.279996],[-83.731944,42.279996],[-83.731944,42.279996],[-83.731944,42.279995],[-83.731944,42.279995],[-83.731944,42.279995],[-83.731944,42.279995],[-83.731943,42.279995],[-83.731943,42.279995],[-83.731943,42.279995],[-83.731943,42.279995],[-83.731943,42.279995],[-83.731943,42.279995],[-83.731943,42.279995],[-83.731943,42.279995],[-83.731943,42.279995],[-83.731943,42.279995],[-83.731943,42.279995],[-83.731943,42.279996],[-83.731943,42.279996]]]},"properties":{"Layer":"CM-ATHL"}},{"type":"Feature","geometry":{"type":"MultiLineString","coordinates":[[[-83.732883,42.279979],[-83.732883,42.279979],[-83.732883,42.279979],[-83.732884,42.279979],[-83.732884,42.27998],[-83.732884,42.27998],[-83.732884,42.27998],[-83.732885,42.27998],[-83.732885,42.27998],[-83.732885,42.27998],[-83.732886,42.27998],[-83.732886,42.27998],[-83.732886,42.27998],[-83.732887,42.27998],[-83.732887,42.279979],[-83.732887,42.279979],[-83.732887,42.279979],[-83.732887,42.279979],[-83.732887,42.279978],[-83.732887,42.279978],[-83.732887,42.279978],[-83.732886,42.279978],[-83.732886,42.279978],[-83.732886,42.279977],[-83.732885,42.279977],[-83.732885,42.279977],[-83.732885,42.279977],[-83.732884,42.279978],[-83.732884,42.279978],[-83.732884,42.279978],[-83.732883,42.279978],[-83.732883,42.279978],[-83.732883,42.279979]],[[-83.732884,42.279979],[-83.732884,42.279979],[-83.732884,42.279979],[-83.732884,42.279979],[-83.732884,42.279979],[-83.732884,42.27998],[-83.732884,42.27998],[-83.732885,42.27998],[-83.732885,42.27998],[-83.732885,42.27998],[-83.732885,42.27998],[-83.732886,42.27998],[-83.732886,42.27998],[-83.732886,42.27998],[-83.732886,42.279979],[-83.732886,42.279979],[-83.732886,42.279979],[-83.732887,42.279979],[-83.732887,42.279979],[-83.732887,42.279979],[-83.732886,42.279978],[-83.732886,42.279978],[-83.732886,42.279978],[-83.732886,42.279978],[-83.732886,42.279978],[-83.732886,42.279978],[-83.732885,42.279978],[-83.732885,42.279978],[-83.732885,42.279978],[-83.732885,42.279978],[-83.732884,42.279978],[-83.732884,42.279978],[-83.732884,42.279978],[-83.732884,42.279978],[-83.732884,42.279978],[-83.732884,42.279979],[-83.732884,42.279979]],[[-83.732884,42.279979],[-83.732884,42.279979],[-83.732884,42.279979],[-83.732884,42.279979],[-83.732884,42.279979],[-83.732884,42.279979],[-83.732885,42.279979],[-83.732885,42.27998],[-83.732885,42.27998],[-83.732885,42.27998],[-83.732885,42.27998],[-83.732885,42.27998],[-83.732886,42.279979],[-83.732886,42.279979],[-83.732886,42.279979],[-83.732886,42.279979],[-83.732886,42.279979],[-83.732886,42.279979],[-83.732886,42.279979],[-83.732886,42.279979],[-83.732886,42.279978],[-83.732886,42.279978],[-83.732886,42.279978],[-83.732886,42.279978],[-83.732886,42.279978],[-83.732885,42.279978],[-83.732885,42.279978],[-83.732885,42.279978],[-83.732885,42.279978],[-83.732885,42.279978],[-83.732885,42.279978],[-83.732884,42.279978],[-83.732884,42.279978],[-83.732884,42.279978],[-83.732884,42.279978],[-83.732884,42.279979],[-83.732884,42.279979]],[[-83.732884,42.279979],[-83.732884,42.279979],[-83.732884,42.279979],[-83.732884,42.279979],[-83.732885,42.279979],[-83.732885,42.279979],[-83.732885,42.279979],[-83.732885,42.279979],[-83.732885,42.279979],[-83.732885,42.279979],[-83.732885,42.279979],[-83.732885,42.279979],[-83.732885,42.279979],[-83.732886,42.279979],[-83.732886,42.279979],[-83.732886,42.279979],[-83.732886,42.279979],[-83.732886,42.279979],[-83.732886,42.279979],[-83.732886,42.279979],[-83.732886,42.279979],[-83.732886,42.279978],[-83.732886,42.279978],[-83.732886,42.279978],[-83.732885,42.279978],[-83.732885,42.279978],[-83.732885,42.279978],[-83.732885,42.279978],[-83.732885,42.279978],[-83.732885,42.279978],[-83.732885,42.279978],[-83.732885,42.279978],[-83.732885,42.279978],[-83.732884,42.279978],[-83.732884,42.279979],[-83.732884,42.279979],[-83.732884,42.279979]],[[-83.732885,42.279979],[-83.732885,42.279979],[-83.732885,42.279979],[-83.732885,42.279979],[-83.732885,42.279979],[-83.732885,42.279979],[-83.732885,42.279979],[-83.732885,42.279979],[-83.732885,42.279979],[-83.732885,42.279979],[-83.732885,42.279979],[-83.732885,42.279979],[-83.732885,42.279979],[-83.732885,42.279979],[-83.732885,42.279979],[-83.732885,42.279979],[-83.732885,42.279979],[-83.732885,42.279979],[-83.732885,42.279979],[-83.732885,42.279979],[-83.732885,42.279979],[-83.732885,42.279979],[-83.732885,42.279979],[-83.732885,42.279979],[-83.732885,42.279979],[-83.732885,42.279978],[-83.732885,42.279978],[-83.732885,42.279978],[-83.732885,42.279978],[-83.732885,42.279978],[-83.732885,42.279979],[-83.732885,42.279979],[-83.732885,42.279979],[-83.732885,42.279979],[-83.732885,42.279979],[-83.732885,42.279979],[-83.732885,42.279979]]]},"properties":{"Layer":"CM-ATHL"}},{"type":"Feature","geometry":{"type":"MultiLineString","coordinates":[[[-83.732842,42.279979],[-83.732842,42.27998],[-83.732842,42.27998],[-83.732843,42.27998],[-83.732843,42.27998],[-83.732843,42.279981],[-83.732843,42.279981],[-83.732844,42.279981],[-83.732844,42.279981],[-83.732844,42.279981],[-83.732845,42.279981],[-83.732845,42.279981],[-83.732845,42.279981],[-83.732846,42.27998],[-83.732846,42.27998],[-83.732846,42.27998],[-83.732846,42.27998],[-83.732846,42.279979],[-83.732846,42.279979],[-83.732846,42.279979],[-83.732846,42.279979],[-83.732845,42.279978],[-83.732845,42.279978],[-83.732845,42.279978],[-83.732844,42.279978],[-83.732844,42.279978],[-83.732844,42.279978],[-83.732843,42.279978],[-83.732843,42.279978],[-83.732843,42.279979],[-83.732843,42.279979],[-83.732842,42.279979],[-83.732842,42.279979]],[[-83.732843,42.279979],[-83.732843,42.27998],[-83.732843,42.27998],[-83.732843,42.27998],[-83.732843,42.27998],[-83.732843,42.27998],[-83.732843,42.27998],[-83.732844,42.279981],[-83.732844,42.279981],[-83.732844,42.279981],[-83.732844,42.279981],[-83.732845,42.279981],[-83.732845,42.27998],[-83.732845,42.27998],[-83.732845,42.27998],[-83.732846,42.27998],[-83.732846,42.27998],[-83.732846,42.27998],[-83.732846,42.279979],[-83.732846,42.279979],[-83.732846,42.279979],[-83.732846,42.279979],[-83.732845,42.279979],[-83.732845,42.279979],[-83.732845,42.279979],[-83.732845,42.279978],[-83.732845,42.279978],[-83.732844,42.279978],[-83.732844,42.279978],[-83.732844,42.279978],[-83.732844,42.279979],[-83.732843,42.279979],[-83.732843,42.279979],[-83.732843,42.279979],[-83.732843,42.279979],[-83.732843,42.279979],[-83.732843,42.279979]],[[-83.732843,42.279979],[-83.732843,42.27998],[-83.732843,42.27998],[-83.732843,42.27998],[-83.732843,42.27998],[-83.732844,42.27998],[-83.732844,42.27998],[-83.732844,42.27998],[-83.732844,42.27998],[-83.732844,42.27998],[-83.732844,42.27998],[-83.732845,42.27998],[-83.732845,42.27998],[-83.732845,42.27998],[-83.732845,42.27998],[-83.732845,42.27998],[-83.732845,42.27998],[-83.732845,42.27998],[-83.732845,42.279979],[-83.732845,42.279979],[-83.732845,42.279979],[-83.732845,42.279979],[-83.732845,42.279979],[-83.732845,42.279979],[-83.732845,42.279979],[-83.732845,42.279979],[-83.732844,42.279979],[-83.732844,42.279979],[-83.732844,42.279979],[-83.732844,42.279979],[-83.732844,42.279979],[-83.732844,42.279979],[-83.732843,42.279979],[-83.732843,42.279979],[-83.732843,42.279979],[-83.732843,42.279979],[-83.732843,42.279979]],[[-83.732844,42.279979],[-83.732844,42.27998],[-83.732844,42.27998],[-83.732844,42.27998],[-83.732844,42.27998],[-83.732844,42.27998],[-83.732844,42.27998],[-83.732844,42.27998],[-83.732844,42.27998],[-83.732844,42.27998],[-83.732844,42.27998],[-83.732844,42.27998],[-83.732845,42.27998],[-83.732845,42.27998],[-83.732845,42.27998],[-83.732845,42.27998],[-83.732845,42.27998],[-83.732845,42.27998],[-83.732845,42.279979],[-83.732845,42.279979],[-83.732845,42.279979],[-83.732845,42.279979],[-83.732845,42.279979],[-83.732845,42.279979],[-83.732845,42.279979],[-83.732845,42.279979],[-83.732844,42.279979],[-83.732844,42.279979],[-83.732844,42.279979],[-83.732844,42.279979],[-83.732844,42.279979],[-83.732844,42.279979],[-83.732844,42.279979],[-83.732844,42.279979],[-83.732844,42.279979],[-83.732844,42.279979],[-83.732844,42.279979]],[[-83.732844,42.279979],[-83.732844,42.27998],[-83.732844,42.27998],[-83.732844,42.27998],[-83.732844,42.27998],[-83.732844,42.27998],[-83.732844,42.27998],[-83.732844,42.27998],[-83.732844,42.27998],[-83.732844,42.27998],[-83.732844,42.27998],[-83.732844,42.27998],[-83.732844,42.27998],[-83.732844,42.27998],[-83.732845,42.27998],[-83.732845,42.27998],[-83.732845,42.27998],[-83.732845,42.27998],[-83.732845,42.279979],[-83.732845,42.279979],[-83.732845,42.279979],[-83.732845,42.279979],[-83.732845,42.279979],[-83.732844,42.279979],[-83.732844,42.279979],[-83.732844,42.279979],[-83.732844,42.279979],[-83.732844,42.279979],[-83.732844,42.279979],[-83.732844,42.279979],[-83.732844,42.279979],[-83.732844,42.279979],[-83.732844,42.279979],[-83.732844,42.279979],[-83.732844,42.279979],[-83.732844,42.279979],[-83.732844,42.279979]]]},"properties":{"Layer":"CM-ATHL"}},{"type":"Feature","geometry":{"type":"MultiLineString","coordinates":[[[-83.732802,42.27998],[-83.732802,42.27998],[-83.732802,42.279981],[-83.732802,42.279981],[-83.732802,42.279981],[-83.732802,42.279981],[-83.732803,42.279981],[-83.732803,42.279982],[-83.732803,42.279982],[-83.732804,42.279982],[-83.732804,42.279982],[-83.732804,42.279981],[-83.732805,42.279981],[-83.732805,42.279981],[-83.732805,42.279981],[-83.732805,42.279981],[-83.732805,42.27998],[-83.732805,42.27998],[-83.732805,42.27998],[-83.732805,42.27998],[-83.732805,42.279979],[-83.732805,42.279979],[-83.732804,42.279979],[-83.732804,42.279979],[-83.732804,42.279979],[-83.732803,42.279979],[-83.732803,42.279979],[-83.732802,42.279979],[-83.732802,42.279979],[-83.732802,42.279979],[-83.732802,42.27998],[-83.732802,42.27998],[-83.732802,42.27998]],[[-83.732802,42.27998],[-83.732802,42.27998],[-83.732802,42.279981],[-83.732802,42.279981],[-83.732802,42.279981],[-83.732802,42.279981],[-83.732803,42.279981],[-83.732803,42.279981],[-83.732803,42.279981],[-83.732803,42.279981],[-83.732804,42.279981],[-83.732804,42.279981],[-83.732804,42.279981],[-83.732804,42.279981],[-83.732805,42.279981],[-83.732805,42.279981],[-83.732805,42.279981],[-83.732805,42.27998],[-83.732805,42.27998],[-83.732805,42.27998],[-83.732805,42.27998],[-83.732805,42.27998],[-83.732805,42.27998],[-83.732804,42.279979],[-83.732804,42.279979],[-83.732804,42.279979],[-83.732804,42.279979],[-83.732803,42.279979],[-83.732803,42.279979],[-83.732803,42.279979],[-83.732803,42.279979],[-83.732802,42.279979],[-83.732802,42.279979],[-83.732802,42.27998],[-83.732802,42.27998],[-83.732802,42.27998],[-83.732802,42.27998]],[[-83.732802,42.27998],[-83.732802,42.27998],[-83.732802,42.27998],[-83.732802,42.279981],[-83.732803,42.279981],[-83.732803,42.279981],[-83.732803,42.279981],[-83.732803,42.279981],[-83.732803,42.279981],[-83.732803,42.279981],[-83.732804,42.279981],[-83.732804,42.279981],[-83.732804,42.279981],[-83.732804,42.279981],[-83.732804,42.279981],[-83.732804,42.279981],[-83.732804,42.27998],[-83.732804,42.27998],[-83.732804,42.27998],[-83.732804,42.27998],[-83.732804,42.27998],[-83.732804,42.27998],[-83.732804,42.27998],[-83.732804,42.27998],[-83.732804,42.27998],[-83.732804,42.279979],[-83.732804,42.279979],[-83.732803,42.279979],[-83.732803,42.279979],[-83.732803,42.279979],[-83.732803,42.279979],[-83.732803,42.27998],[-83.732803,42.27998],[-83.732802,42.27998],[-83.732802,42.27998],[-83.732802,42.27998],[-83.732802,42.27998]],[[-83.732803,42.27998],[-83.732803,42.27998],[-83.732803,42.27998],[-83.732803,42.27998],[-83.732803,42.279981],[-83.732803,42.279981],[-83.732803,42.279981],[-83.732803,42.279981],[-83.732803,42.279981],[-83.732803,42.279981],[-83.732804,42.279981],[-83.732804,42.279981],[-83.732804,42.279981],[-83.732804,42.279981],[-83.732804,42.279981],[-83.732804,42.27998],[-83.732804,42.27998],[-83.732804,42.27998],[-83.732804,42.27998],[-83.732804,42.27998],[-83.732804,42.27998],[-83.732804,42.27998],[-83.732804,42.27998],[-83.732804,42.27998],[-83.732804,42.27998],[-83.732804,42.27998],[-83.732804,42.27998],[-83.732803,42.27998],[-83.732803,42.27998],[-83.732803,42.27998],[-83.732803,42.27998],[-83.732803,42.27998],[-83.732803,42.27998],[-83.732803,42.27998],[-83.732803,42.27998],[-83.732803,42.27998],[-83.732803,42.27998]],[[-83.732803,42.27998],[-83.732803,42.27998],[-83.732803,42.27998],[-83.732803,42.27998],[-83.732803,42.27998],[-83.732803,42.27998],[-83.732803,42.27998],[-83.732803,42.27998],[-83.732803,42.27998],[-83.732803,42.27998],[-83.732803,42.27998],[-83.732804,42.27998],[-83.732804,42.27998],[-83.732804,42.27998],[-83.732804,42.27998],[-83.732804,42.27998],[-83.732804,42.27998],[-83.732804,42.27998],[-83.732804,42.27998],[-83.732804,42.27998],[-83.732804,42.27998],[-83.732804,42.27998],[-83.732804,42.27998],[-83.732804,42.27998],[-83.732804,42.27998],[-83.732804,42.27998],[-83.732803,42.27998],[-83.732803,42.27998],[-83.732803,42.27998],[-83.732803,42.27998],[-83.732803,42.27998],[-83.732803,42.27998],[-83.732803,42.27998],[-83.732803,42.27998],[-83.732803,42.27998],[-83.732803,42.27998],[-83.732803,42.27998]]]},"properties":{"Layer":"CM-ATHL"}},{"type":"Feature","geometry":{"type":"MultiLineString","coordinates":[[[-83.732761,42.279981],[-83.732761,42.279981],[-83.732761,42.279981],[-83.732761,42.279982],[-83.732761,42.279982],[-83.732761,42.279982],[-83.732762,42.279982],[-83.732762,42.279982],[-83.732762,42.279982],[-83.732763,42.279982],[-83.732763,42.279982],[-83.732763,42.279982],[-83.732764,42.279982],[-83.732764,42.279982],[-83.732764,42.279982],[-83.732764,42.279981],[-83.732764,42.279981],[-83.732764,42.279981],[-83.732764,42.279981],[-83.732764,42.27998],[-83.732764,42.27998],[-83.732764,42.27998],[-83.732763,42.27998],[-83.732763,42.27998],[-83.732763,42.27998],[-83.732762,42.27998],[-83.732762,42.27998],[-83.732762,42.27998],[-83.732761,42.27998],[-83.732761,42.27998],[-83.732761,42.27998],[-83.732761,42.279981],[-83.732761,42.279981]],[[-83.732761,42.279981],[-83.732761,42.279981],[-83.732761,42.279981],[-83.732761,42.279981],[-83.732761,42.279982],[-83.732762,42.279982],[-83.732762,42.279982],[-83.732762,42.279982],[-83.732762,42.279982],[-83.732763,42.279982],[-83.732763,42.279982],[-83.732763,42.279982],[-83.732763,42.279982],[-83.732763,42.279982],[-83.732764,42.279982],[-83.732764,42.279981],[-83.732764,42.279981],[-83.732764,42.279981],[-83.732764,42.279981],[-83.732764,42.279981],[-83.732764,42.279981],[-83.732764,42.27998],[-83.732764,42.27998],[-83.732763,42.27998],[-83.732763,42.27998],[-83.732763,42.27998],[-83.732763,42.27998],[-83.732763,42.27998],[-83.732762,42.27998],[-83.732762,42.27998],[-83.732762,42.27998],[-83.732762,42.27998],[-83.732761,42.27998],[-83.732761,42.27998],[-83.732761,42.279981],[-83.732761,42.279981],[-83.732761,42.279981]],[[-83.732761,42.279981],[-83.732761,42.279981],[-83.732761,42.279981],[-83.732762,42.279981],[-83.732762,42.279981],[-83.732762,42.279982],[-83.732762,42.279982],[-83.732762,42.279982],[-83.732762,42.279982],[-83.732763,42.279982],[-83.732763,42.279982],[-83.732763,42.279982],[-83.732763,42.279982],[-83.732763,42.279982],[-83.732763,42.279981],[-83.732763,42.279981],[-83.732764,42.279981],[-83.732764,42.279981],[-83.732764,42.279981],[-83.732764,42.279981],[-83.732764,42.279981],[-83.732763,42.279981],[-83.732763,42.27998],[-83.732763,42.27998],[-83.732763,42.27998],[-83.732763,42.27998],[-83.732763,42.27998],[-83.732763,42.27998],[-83.732762,42.27998],[-83.732762,42.27998],[-83.732762,42.27998],[-83.732762,42.27998],[-83.732762,42.27998],[-83.732762,42.279981],[-83.732761,42.279981],[-83.732761,42.279981],[-83.732761,42.279981]],[[-83.732762,42.279981],[-83.732762,42.279981],[-83.732762,42.279981],[-83.732762,42.279981],[-83.732762,42.279981],[-83.732762,42.279981],[-83.732762,42.279981],[-83.732762,42.279981],[-83.732762,42.279981],[-83.732763,42.279981],[-83.732763,42.279981],[-83.732763,42.279981],[-83.732763,42.279981],[-83.732763,42.279981],[-83.732763,42.279981],[-83.732763,42.279981],[-83.732763,42.279981],[-83.732763,42.279981],[-83.732763,42.279981],[-83.732763,42.279981],[-83.732763,42.279981],[-83.732763,42.279981],[-83.732763,42.279981],[-83.732763,42.279981],[-83.732763,42.27998],[-83.732763,42.27998],[-83.732763,42.27998],[-83.732763,42.27998],[-83.732762,42.27998],[-83.732762,42.27998],[-83.732762,42.27998],[-83.732762,42.279981],[-83.732762,42.279981],[-83.732762,42.279981],[-83.732762,42.279981],[-83.732762,42.279981],[-83.732762,42.279981]],[[-83.732762,42.279981],[-83.732762,42.279981],[-83.732762,42.279981],[-83.732762,42.279981],[-83.732762,42.279981],[-83.732762,42.279981],[-83.732762,42.279981],[-83.732762,42.279981],[-83.732762,42.279981],[-83.732763,42.279981],[-83.732763,42.279981],[-83.732763,42.279981],[-83.732763,42.279981],[-83.732763,42.279981],[-83.732763,42.279981],[-83.732763,42.279981],[-83.732763,42.279981],[-83.732763,42.279981],[-83.732763,42.279981],[-83.732763,42.279981],[-83.732763,42.279981],[-83.732763,42.279981],[-83.732763,42.279981],[-83.732763,42.279981],[-83.732763,42.279981],[-83.732763,42.279981],[-83.732763,42.279981],[-83.732763,42.279981],[-83.732762,42.279981],[-83.732762,42.279981],[-83.732762,42.279981],[-83.732762,42.279981],[-83.732762,42.279981],[-83.732762,42.279981],[-83.732762,42.279981],[-83.732762,42.279981],[-83.732762,42.279981]]]},"properties":{"Layer":"CM-ATHL"}},{"type":"Feature","geometry":{"type":"MultiLineString","coordinates":[[[-83.73272,42.279982],[-83.73272,42.279982],[-83.73272,42.279982],[-83.73272,42.279982],[-83.73272,42.279983],[-83.732721,42.279983],[-83.732721,42.279983],[-83.732721,42.279983],[-83.732722,42.279983],[-83.732722,42.279983],[-83.732722,42.279983],[-83.732723,42.279983],[-83.732723,42.279983],[-83.732723,42.279983],[-83.732723,42.279982],[-83.732723,42.279982],[-83.732724,42.279982],[-83.732724,42.279981],[-83.732723,42.279981],[-83.732723,42.279981],[-83.732723,42.279981],[-83.732723,42.279981],[-83.732722,42.27998],[-83.732722,42.27998],[-83.732722,42.27998],[-83.732721,42.27998],[-83.732721,42.27998],[-83.732721,42.27998],[-83.73272,42.279981],[-83.73272,42.279981],[-83.73272,42.279981],[-83.73272,42.279981],[-83.73272,42.279982]],[[-83.73272,42.279982],[-83.73272,42.279982],[-83.73272,42.279982],[-83.73272,42.279982],[-83.732721,42.279982],[-83.732721,42.279983],[-83.732721,42.279983],[-83.732721,42.279983],[-83.732721,42.279983],[-83.732722,42.279983],[-83.732722,42.279983],[-83.732722,42.279983],[-83.732722,42.279983],[-83.732723,42.279983],[-83.732723,42.279982],[-83.732723,42.279982],[-83.732723,42.279982],[-83.732723,42.279982],[-83.732723,42.279982],[-83.732723,42.279981],[-83.732723,42.279981],[-83.732723,42.279981],[-83.732723,42.279981],[-83.732723,42.279981],[-83.732722,42.279981],[-83.732722,42.279981],[-83.732722,42.279981],[-83.732722,42.279981],[-83.732721,42.279981],[-83.732721,42.279981],[-83.732721,42.279981],[-83.732721,42.279981],[-83.732721,42.279981],[-83.73272,42.279981],[-83.73272,42.279981],[-83.73272,42.279981],[-83.73272,42.279982]],[[-83.732721,42.279982],[-83.732721,42.279982],[-83.732721,42.279982],[-83.732721,42.279982],[-83.732721,42.279982],[-83.732721,42.279982],[-83.732721,42.279982],[-83.732721,42.279982],[-83.732721,42.279982],[-83.732722,42.279982],[-83.732722,42.279982],[-83.732722,42.279982],[-83.732722,42.279982],[-83.732722,42.279982],[-83.732723,42.279982],[-83.732723,42.279982],[-83.732723,42.279982],[-83.732723,42.279982],[-83.732723,42.279982],[-83.732723,42.279982],[-83.732723,42.279981],[-83.732723,42.279981],[-83.732723,42.279981],[-83.732722,42.279981],[-83.732722,42.279981],[-83.732722,42.279981],[-83.732722,42.279981],[-83.732722,42.279981],[-83.732721,42.279981],[-83.732721,42.279981],[-83.732721,42.279981],[-83.732721,42.279981],[-83.732721,42.279981],[-83.732721,42.279981],[-83.732721,42.279981],[-83.732721,42.279982],[-83.732721,42.279982]],[[-83.732721,42.279982],[-83.732721,42.279982],[-83.732721,42.279982],[-83.732721,42.279982],[-83.732721,42.279982],[-83.732721,42.279982],[-83.732721,42.279982],[-83.732721,42.279982],[-83.732722,42.279982],[-83.732722,42.279982],[-83.732722,42.279982],[-83.732722,42.279982],[-83.732722,42.279982],[-83.732722,42.279982],[-83.732722,42.279982],[-83.732722,42.279982],[-83.732722,42.279982],[-83.732722,42.279982],[-83.732722,42.279982],[-83.732722,42.279982],[-83.732722,42.279981],[-83.732722,42.279981],[-83.732722,42.279981],[-83.732722,42.279981],[-83.732722,42.279981],[-83.732722,42.279981],[-83.732722,42.279981],[-83.732722,42.279981],[-83.732722,42.279981],[-83.732721,42.279981],[-83.732721,42.279981],[-83.732721,42.279981],[-83.732721,42.279981],[-83.732721,42.279981],[-83.732721,42.279981],[-83.732721,42.279982],[-83.732721,42.279982]],[[-83.732721,42.279982],[-83.732721,42.279982],[-83.732721,42.279982],[-83.732721,42.279982],[-83.732721,42.279982],[-83.732721,42.279982],[-83.732721,42.279982],[-83.732722,42.279982],[-83.732722,42.279982],[-83.732722,42.279982],[-83.732722,42.279982],[-83.732722,42.279982],[-83.732722,42.279982],[-83.732722,42.279982],[-83.732722,42.279982],[-83.732722,42.279982],[-83.732722,42.279982],[-83.732722,42.279982],[-83.732722,42.279982],[-83.732722,42.279982],[-83.732722,42.279982],[-83.732722,42.279982],[-83.732722,42.279981],[-83.732722,42.279981],[-83.732722,42.279981],[-83.732722,42.279981],[-83.732722,42.279981],[-83.732722,42.279981],[-83.732722,42.279981],[-83.732722,42.279981],[-83.732721,42.279981],[-83.732721,42.279981],[-83.732721,42.279981],[-83.732721,42.279982],[-83.732721,42.279982],[-83.732721,42.279982],[-83.732721,42.279982]]]},"properties":{"Layer":"CM-ATHL"}},{"type":"Feature","geometry":{"type":"MultiLineString","coordinates":[[[-83.732679,42.279982],[-83.732679,42.279983],[-83.732679,42.279983],[-83.732679,42.279983],[-83.732679,42.279983],[-83.73268,42.279983],[-83.73268,42.279984],[-83.73268,42.279984],[-83.732681,42.279984],[-83.732681,42.279984],[-83.732681,42.279984],[-83.732682,42.279984],[-83.732682,42.279983],[-83.732682,42.279983],[-83.732682,42.279983],[-83.732683,42.279983],[-83.732683,42.279982],[-83.732683,42.279982],[-83.732683,42.279982],[-83.732682,42.279982],[-83.732682,42.279982],[-83.732682,42.279981],[-83.732682,42.279981],[-83.732681,42.279981],[-83.732681,42.279981],[-83.732681,42.279981],[-83.73268,42.279981],[-83.73268,42.279981],[-83.73268,42.279981],[-83.732679,42.279982],[-83.732679,42.279982],[-83.732679,42.279982],[-83.732679,42.279982]],[[-83.732679,42.279982],[-83.732679,42.279983],[-83.732679,42.279983],[-83.73268,42.279983],[-83.73268,42.279983],[-83.73268,42.279983],[-83.73268,42.279983],[-83.73268,42.279983],[-83.732681,42.279983],[-83.732681,42.279984],[-83.732681,42.279983],[-83.732681,42.279983],[-83.732682,42.279983],[-83.732682,42.279983],[-83.732682,42.279983],[-83.732682,42.279983],[-83.732682,42.279983],[-83.732682,42.279983],[-83.732682,42.279982],[-83.732682,42.279982],[-83.732682,42.279982],[-83.732682,42.279982],[-83.732682,42.279982],[-83.732682,42.279982],[-83.732682,42.279981],[-83.732681,42.279981],[-83.732681,42.279981],[-83.732681,42.279981],[-83.732681,42.279981],[-83.73268,42.279981],[-83.73268,42.279981],[-83.73268,42.279982],[-83.73268,42.279982],[-83.73268,42.279982],[-83.732679,42.279982],[-83.732679,42.279982],[-83.732679,42.279982]],[[-83.73268,42.279982],[-83.73268,42.279983],[-83.73268,42.279983],[-83.73268,42.279983],[-83.73268,42.279983],[-83.73268,42.279983],[-83.73268,42.279983],[-83.73268,42.279983],[-83.732681,42.279983],[-83.732681,42.279983],[-83.732681,42.279983],[-83.732681,42.279983],[-83.732681,42.279983],[-83.732682,42.279983],[-83.732682,42.279983],[-83.732682,42.279983],[-83.732682,42.279983],[-83.732682,42.279983],[-83.732682,42.279982],[-83.732682,42.279982],[-83.732682,42.279982],[-83.732682,42.279982],[-83.732682,42.279982],[-83.732682,42.279982],[-83.732681,42.279982],[-83.732681,42.279982],[-83.732681,42.279982],[-83.732681,42.279982],[-83.732681,42.279982],[-83.73268,42.279982],[-83.73268,42.279982],[-83.73268,42.279982],[-83.73268,42.279982],[-83.73268,42.279982],[-83.73268,42.279982],[-83.73268,42.279982],[-83.73268,42.279982]],[[-83.73268,42.279982],[-83.73268,42.279982],[-83.73268,42.279983],[-83.73268,42.279983],[-83.73268,42.279983],[-83.73268,42.279983],[-83.73268,42.279983],[-83.732681,42.279983],[-83.732681,42.279983],[-83.732681,42.279983],[-83.732681,42.279983],[-83.732681,42.279983],[-83.732681,42.279983],[-83.732681,42.279983],[-83.732681,42.279983],[-83.732681,42.279983],[-83.732682,42.279983],[-83.732682,42.279983],[-83.732682,42.279982],[-83.732682,42.279982],[-83.732682,42.279982],[-83.732681,42.279982],[-83.732681,42.279982],[-83.732681,42.279982],[-83.732681,42.279982],[-83.732681,42.279982],[-83.732681,42.279982],[-83.732681,42.279982],[-83.732681,42.279982],[-83.732681,42.279982],[-83.73268,42.279982],[-83.73268,42.279982],[-83.73268,42.279982],[-83.73268,42.279982],[-83.73268,42.279982],[-83.73268,42.279982],[-83.73268,42.279982]],[[-83.73268,42.279982],[-83.73268,42.279982],[-83.73268,42.279982],[-83.73268,42.279983],[-83.732681,42.279983],[-83.732681,42.279983],[-83.732681,42.279983],[-83.732681,42.279983],[-83.732681,42.279983],[-83.732681,42.279983],[-83.732681,42.279983],[-83.732681,42.279983],[-83.732681,42.279983],[-83.732681,42.279983],[-83.732681,42.279983],[-83.732681,42.279983],[-83.732681,42.279982],[-83.732681,42.279982],[-83.732681,42.279982],[-83.732681,42.279982],[-83.732681,42.279982],[-83.732681,42.279982],[-83.732681,42.279982],[-83.732681,42.279982],[-83.732681,42.279982],[-83.732681,42.279982],[-83.732681,42.279982],[-83.732681,42.279982],[-83.732681,42.279982],[-83.732681,42.279982],[-83.732681,42.279982],[-83.732681,42.279982],[-83.732681,42.279982],[-83.73268,42.279982],[-83.73268,42.279982],[-83.73268,42.279982],[-83.73268,42.279982]]]},"properties":{"Layer":"CM-ATHL"}},{"type":"Feature","geometry":{"type":"MultiLineString","coordinates":[[[-83.732638,42.279983],[-83.732638,42.279983],[-83.732638,42.279984],[-83.732638,42.279984],[-83.732639,42.279984],[-83.732639,42.279984],[-83.732639,42.279984],[-83.732639,42.279984],[-83.73264,42.279985],[-83.73264,42.279984],[-83.732641,42.279984],[-83.732641,42.279984],[-83.732641,42.279984],[-83.732641,42.279984],[-83.732642,42.279984],[-83.732642,42.279983],[-83.732642,42.279983],[-83.732642,42.279983],[-83.732642,42.279983],[-83.732642,42.279982],[-83.732641,42.279982],[-83.732641,42.279982],[-83.732641,42.279982],[-83.73264,42.279982],[-83.73264,42.279982],[-83.73264,42.279982],[-83.732639,42.279982],[-83.732639,42.279982],[-83.732639,42.279982],[-83.732638,42.279982],[-83.732638,42.279983],[-83.732638,42.279983],[-83.732638,42.279983]],[[-83.732638,42.279983],[-83.732638,42.279983],[-83.732639,42.279983],[-83.732639,42.279984],[-83.732639,42.279984],[-83.732639,42.279984],[-83.732639,42.279984],[-83.732639,42.279984],[-83.73264,42.279984],[-83.73264,42.279984],[-83.73264,42.279984],[-83.73264,42.279984],[-83.732641,42.279984],[-83.732641,42.279984],[-83.732641,42.279984],[-83.732641,42.279984],[-83.732641,42.279984],[-83.732641,42.279983],[-83.732641,42.279983],[-83.732641,42.279983],[-83.732641,42.279983],[-83.732641,42.279983],[-83.732641,42.279982],[-83.732641,42.279982],[-83.732641,42.279982],[-83.73264,42.279982],[-83.73264,42.279982],[-83.73264,42.279982],[-83.73264,42.279982],[-83.732639,42.279982],[-83.732639,42.279982],[-83.732639,42.279982],[-83.732639,42.279982],[-83.732639,42.279983],[-83.732639,42.279983],[-83.732639,42.279983],[-83.732638,42.279983]],[[-83.732639,42.279983],[-83.732639,42.279983],[-83.732639,42.279983],[-83.732639,42.279984],[-83.732639,42.279984],[-83.732639,42.279984],[-83.732639,42.279984],[-83.73264,42.279984],[-83.73264,42.279984],[-83.73264,42.279984],[-83.73264,42.279984],[-83.73264,42.279984],[-83.732641,42.279984],[-83.732641,42.279984],[-83.732641,42.279984],[-83.732641,42.279984],[-83.732641,42.279983],[-83.732641,42.279983],[-83.732641,42.279983],[-83.732641,42.279983],[-83.732641,42.279983],[-83.732641,42.279983],[-83.732641,42.279983],[-83.732641,42.279983],[-83.732641,42.279982],[-83.73264,42.279982],[-83.73264,42.279982],[-83.73264,42.279982],[-83.73264,42.279982],[-83.73264,42.279982],[-83.732639,42.279982],[-83.732639,42.279982],[-83.732639,42.279983],[-83.732639,42.279983],[-83.732639,42.279983],[-83.732639,42.279983],[-83.732639,42.279983]],[[-83.732639,42.279983],[-83.732639,42.279983],[-83.732639,42.279983],[-83.732639,42.279983],[-83.732639,42.279983],[-83.732639,42.279984],[-83.73264,42.279984],[-83.73264,42.279984],[-83.73264,42.279984],[-83.73264,42.279984],[-83.73264,42.279984],[-83.73264,42.279984],[-83.73264,42.279984],[-83.73264,42.279984],[-83.732641,42.279983],[-83.732641,42.279983],[-83.732641,42.279983],[-83.732641,42.279983],[-83.732641,42.279983],[-83.732641,42.279983],[-83.732641,42.279983],[-83.732641,42.279983],[-83.732641,42.279983],[-83.73264,42.279983],[-83.73264,42.279983],[-83.73264,42.279983],[-83.73264,42.279983],[-83.73264,42.279983],[-83.73264,42.279983],[-83.73264,42.279983],[-83.73264,42.279983],[-83.732639,42.279983],[-83.732639,42.279983],[-83.732639,42.279983],[-83.732639,42.279983],[-83.732639,42.279983],[-83.732639,42.279983]],[[-83.73264,42.279983],[-83.73264,42.279983],[-83.73264,42.279983],[-83.73264,42.279983],[-83.73264,42.279983],[-83.73264,42.279983],[-83.73264,42.279983],[-83.73264,42.279983],[-83.73264,42.279983],[-83.73264,42.279983],[-83.73264,42.279983],[-83.73264,42.279983],[-83.73264,42.279983],[-83.73264,42.279983],[-83.73264,42.279983],[-83.73264,42.279983],[-83.73264,42.279983],[-83.73264,42.279983],[-83.73264,42.279983],[-83.73264,42.279983],[-83.73264,42.279983],[-83.73264,42.279983],[-83.73264,42.279983],[-83.73264,42.279983],[-83.73264,42.279983],[-83.73264,42.279983],[-83.73264,42.279983],[-83.73264,42.279983],[-83.73264,42.279983],[-83.73264,42.279983],[-83.73264,42.279983],[-83.73264,42.279983],[-83.73264,42.279983],[-83.73264,42.279983],[-83.73264,42.279983],[-83.73264,42.279983],[-83.73264,42.279983]]]},"properties":{"Layer":"CM-ATHL"}},{"type":"Feature","geometry":{"type":"LineString","coordinates":[[-83.73207,42.279333],[-83.731922,42.279336]]},"properties":{"Layer":"CM-ATHL"}},{"type":"Feature","geometry":{"type":"MultiLineString","coordinates":[[[-83.732079,42.279664],[-83.732079,42.279664],[-83.732079,42.279664],[-83.732079,42.279665],[-83.732079,42.279665],[-83.732079,42.279665],[-83.73208,42.279665],[-83.73208,42.279665],[-83.73208,42.279665],[-83.73208,42.279665],[-83.732081,42.279665],[-83.732081,42.279665],[-83.732081,42.279665],[-83.732082,42.279665],[-83.732082,42.279665],[-83.732082,42.279665],[-83.732082,42.279664],[-83.732082,42.279664],[-83.732082,42.279664],[-83.732082,42.279664],[-83.732082,42.279663],[-83.732082,42.279663],[-83.732082,42.279663],[-83.732082,42.279663],[-83.732081,42.279663],[-83.732081,42.279663],[-83.732081,42.279663],[-83.73208,42.279663],[-83.73208,42.279663],[-83.73208,42.279663],[-83.73208,42.279663],[-83.732079,42.279663],[-83.732079,42.279663],[-83.732079,42.279663],[-83.732079,42.279663],[-83.732079,42.279664],[-83.732079,42.279664]],[[-83.732079,42.279664],[-83.732079,42.279664],[-83.732079,42.279664],[-83.732079,42.279664],[-83.732079,42.279665],[-83.73208,42.279665],[-83.73208,42.279665],[-83.73208,42.279665],[-83.73208,42.279665],[-83.73208,42.279665],[-83.732081,42.279665],[-83.732081,42.279665],[-83.732081,42.279665],[-83.732081,42.279665],[-83.732082,42.279665],[-83.732082,42.279664],[-83.732082,42.279664],[-83.732082,42.279664],[-83.732082,42.279664],[-83.732082,42.279664],[-83.732082,42.279664],[-83.732082,42.279663],[-83.732082,42.279663],[-83.732081,42.279663],[-83.732081,42.279663],[-83.732081,42.279663],[-83.732081,42.279663],[-83.73208,42.279663],[-83.73208,42.279663],[-83.73208,42.279663],[-83.73208,42.279663],[-83.73208,42.279663],[-83.732079,42.279663],[-83.732079,42.279663],[-83.732079,42.279664],[-83.732079,42.279664],[-83.732079,42.279664]],[[-83.732079,42.279664],[-83.732079,42.279664],[-83.732079,42.279664],[-83.732079,42.279664],[-83.73208,42.279664],[-83.73208,42.279665],[-83.73208,42.279665],[-83.73208,42.279665],[-83.73208,42.279665],[-83.73208,42.279665],[-83.732081,42.279665],[-83.732081,42.279665],[-83.732081,42.279665],[-83.732081,42.279665],[-83.732081,42.279664],[-83.732081,42.279664],[-83.732082,42.279664],[-83.732082,42.279664],[-83.732082,42.279664],[-83.732082,42.279664],[-83.732082,42.279664],[-83.732081,42.279664],[-83.732081,42.279663],[-83.732081,42.279663],[-83.732081,42.279663],[-83.732081,42.279663],[-83.732081,42.279663],[-83.73208,42.279663],[-83.73208,42.279663],[-83.73208,42.279663],[-83.73208,42.279663],[-83.73208,42.279663],[-83.73208,42.279663],[-83.73208,42.279664],[-83.732079,42.279664],[-83.732079,42.279664],[-83.732079,42.279664]],[[-83.73208,42.279664],[-83.73208,42.279664],[-83.73208,42.279664],[-83.73208,42.279664],[-83.73208,42.279664],[-83.73208,42.279664],[-83.73208,42.279664],[-83.73208,42.279664],[-83.73208,42.279664],[-83.73208,42.279664],[-83.732081,42.279664],[-83.732081,42.279664],[-83.732081,42.279664],[-83.732081,42.279664],[-83.732081,42.279664],[-83.732081,42.279664],[-83.732081,42.279664],[-83.732081,42.279664],[-83.732081,42.279664],[-83.732081,42.279664],[-83.732081,42.279664],[-83.732081,42.279664],[-83.732081,42.279664],[-83.732081,42.279664],[-83.732081,42.279663],[-83.732081,42.279663],[-83.732081,42.279663],[-83.73208,42.279663],[-83.73208,42.279663],[-83.73208,42.279663],[-83.73208,42.279663],[-83.73208,42.279664],[-83.73208,42.279664],[-83.73208,42.279664],[-83.73208,42.279664],[-83.73208,42.279664],[-83.73208,42.279664]],[[-83.73208,42.279664],[-83.73208,42.279664],[-83.73208,42.279664],[-83.73208,42.279664],[-83.73208,42.279664],[-83.73208,42.279664],[-83.73208,42.279664],[-83.73208,42.279664],[-83.73208,42.279664],[-83.73208,42.279664],[-83.732081,42.279664],[-83.732081,42.279664],[-83.732081,42.279664],[-83.732081,42.279664],[-83.732081,42.279664],[-83.732081,42.279664],[-83.732081,42.279664],[-83.732081,42.279664],[-83.732081,42.279664],[-83.732081,42.279664],[-83.732081,42.279664],[-83.732081,42.279664],[-83.732081,42.279664],[-83.732081,42.279664],[-83.732081,42.279664],[-83.732081,42.279664],[-83.732081,42.279664],[-83.73208,42.279664],[-83.73208,42.279664],[-83.73208,42.279664],[-83.73208,42.279664],[-83.73208,42.279664],[-83.73208,42.279664],[-83.73208,42.279664],[-83.73208,42.279664],[-83.73208,42.279664],[-83.73208,42.279664]]]},"properties":{"Layer":"CM-ATHL"}},{"type":"Feature","geometry":{"type":"LineString","coordinates":[[-83.732095,42.279664],[-83.73208,42.279664]]},"properties":{"Layer":"CM-ATHL"}},{"type":"Feature","geometry":{"type":"MultiLineString","coordinates":[[[-83.732418,42.279657],[-83.732418,42.279657],[-83.732419,42.279657],[-83.732419,42.279657],[-83.732419,42.279658],[-83.732419,42.279658],[-83.732419,42.279658],[-83.73242,42.279658],[-83.73242,42.279658],[-83.732421,42.279658],[-83.732421,42.279658],[-83.732421,42.279658],[-83.732422,42.279658],[-83.732422,42.279658],[-83.732422,42.279657],[-83.732422,42.279657],[-83.732422,42.279657],[-83.732422,42.279657],[-83.732422,42.279656],[-83.732422,42.279656],[-83.732422,42.279656],[-83.732421,42.279656],[-83.732421,42.279655],[-83.732421,42.279655],[-83.73242,42.279655],[-83.73242,42.279655],[-83.73242,42.279655],[-83.732419,42.279656],[-83.732419,42.279656],[-83.732419,42.279656],[-83.732419,42.279656],[-83.732419,42.279656],[-83.732418,42.279657]],[[-83.732419,42.279657],[-83.732419,42.279657],[-83.732419,42.279657],[-83.732419,42.279657],[-83.732419,42.279657],[-83.732419,42.279658],[-83.73242,42.279658],[-83.73242,42.279658],[-83.73242,42.279658],[-83.73242,42.279658],[-83.732421,42.279658],[-83.732421,42.279658],[-83.732421,42.279658],[-83.732421,42.279658],[-83.732421,42.279657],[-83.732422,42.279657],[-83.732422,42.279657],[-83.732422,42.279657],[-83.732422,42.279657],[-83.732422,42.279657],[-83.732422,42.279656],[-83.732422,42.279656],[-83.732421,42.279656],[-83.732421,42.279656],[-83.732421,42.279656],[-83.732421,42.279656],[-83.732421,42.279656],[-83.73242,42.279656],[-83.73242,42.279656],[-83.73242,42.279656],[-83.73242,42.279656],[-83.732419,42.279656],[-83.732419,42.279656],[-83.732419,42.279656],[-83.732419,42.279656],[-83.732419,42.279657],[-83.732419,42.279657]],[[-83.732419,42.279657],[-83.732419,42.279657],[-83.732419,42.279657],[-83.732419,42.279657],[-83.732419,42.279657],[-83.73242,42.279657],[-83.73242,42.279657],[-83.73242,42.279657],[-83.73242,42.279658],[-83.73242,42.279658],[-83.73242,42.279658],[-83.732421,42.279657],[-83.732421,42.279657],[-83.732421,42.279657],[-83.732421,42.279657],[-83.732421,42.279657],[-83.732421,42.279657],[-83.732421,42.279657],[-83.732421,42.279657],[-83.732421,42.279657],[-83.732421,42.279656],[-83.732421,42.279656],[-83.732421,42.279656],[-83.732421,42.279656],[-83.732421,42.279656],[-83.732421,42.279656],[-83.73242,42.279656],[-83.73242,42.279656],[-83.73242,42.279656],[-83.73242,42.279656],[-83.73242,42.279656],[-83.73242,42.279656],[-83.732419,42.279656],[-83.732419,42.279656],[-83.732419,42.279656],[-83.732419,42.279657],[-83.732419,42.279657]],[[-83.73242,42.279657],[-83.73242,42.279657],[-83.73242,42.279657],[-83.73242,42.279657],[-83.73242,42.279657],[-83.73242,42.279657],[-83.73242,42.279657],[-83.73242,42.279657],[-83.73242,42.279657],[-83.73242,42.279657],[-83.73242,42.279657],[-83.732421,42.279657],[-83.732421,42.279657],[-83.732421,42.279657],[-83.732421,42.279657],[-83.732421,42.279657],[-83.732421,42.279657],[-83.732421,42.279657],[-83.732421,42.279657],[-83.732421,42.279657],[-83.732421,42.279657],[-83.732421,42.279656],[-83.732421,42.279656],[-83.732421,42.279656],[-83.732421,42.279656],[-83.732421,42.279656],[-83.73242,42.279656],[-83.73242,42.279656],[-83.73242,42.279656],[-83.73242,42.279656],[-83.73242,42.279656],[-83.73242,42.279656],[-83.73242,42.279656],[-83.73242,42.279656],[-83.73242,42.279657],[-83.73242,42.279657],[-83.73242,42.279657]],[[-83.73242,42.279657],[-83.73242,42.279657],[-83.73242,42.279657],[-83.73242,42.279657],[-83.73242,42.279657],[-83.73242,42.279657],[-83.73242,42.279657],[-83.73242,42.279657],[-83.73242,42.279657],[-83.73242,42.279657],[-83.73242,42.279657],[-83.73242,42.279657],[-83.73242,42.279657],[-83.732421,42.279657],[-83.732421,42.279657],[-83.732421,42.279657],[-83.732421,42.279657],[-83.732421,42.279657],[-83.732421,42.279657],[-83.732421,42.279657],[-83.732421,42.279657],[-83.732421,42.279657],[-83.732421,42.279657],[-83.732421,42.279656],[-83.73242,42.279656],[-83.73242,42.279656],[-83.73242,42.279656],[-83.73242,42.279656],[-83.73242,42.279656],[-83.73242,42.279656],[-83.73242,42.279656],[-83.73242,42.279656],[-83.73242,42.279657],[-83.73242,42.279657],[-83.73242,42.279657],[-83.73242,42.279657],[-83.73242,42.279657]]]},"properties":{"Layer":"CM-ATHL"}},{"type":"Feature","geometry":{"type":"LineString","coordinates":[[-83.73242,42.279657],[-83.732406,42.279657]]},"properties":{"Layer":"CM-ATHL"}},{"type":"Feature","geometry":{"type":"MultiLineString","coordinates":[[[-83.732404,42.279657],[-83.732404,42.279657],[-83.732404,42.279657],[-83.732404,42.279658],[-83.732404,42.279658],[-83.732404,42.279658],[-83.732405,42.279658],[-83.732405,42.279658],[-83.732405,42.279658],[-83.732405,42.279658],[-83.732406,42.279658],[-83.732406,42.279658],[-83.732406,42.279658],[-83.732407,42.279658],[-83.732407,42.279658],[-83.732407,42.279658],[-83.732407,42.279658],[-83.732407,42.279657],[-83.732407,42.279657],[-83.732407,42.279657],[-83.732407,42.279657],[-83.732407,42.279656],[-83.732407,42.279656],[-83.732407,42.279656],[-83.732406,42.279656],[-83.732406,42.279656],[-83.732406,42.279656],[-83.732406,42.279656],[-83.732405,42.279656],[-83.732405,42.279656],[-83.732405,42.279656],[-83.732404,42.279656],[-83.732404,42.279656],[-83.732404,42.279656],[-83.732404,42.279657],[-83.732404,42.279657],[-83.732404,42.279657]],[[-83.732404,42.279657],[-83.732404,42.279657],[-83.732404,42.279657],[-83.732404,42.279658],[-83.732404,42.279658],[-83.732405,42.279658],[-83.732405,42.279658],[-83.732405,42.279658],[-83.732405,42.279658],[-83.732406,42.279658],[-83.732406,42.279658],[-83.732406,42.279658],[-83.732406,42.279658],[-83.732406,42.279658],[-83.732407,42.279658],[-83.732407,42.279658],[-83.732407,42.279657],[-83.732407,42.279657],[-83.732407,42.279657],[-83.732407,42.279657],[-83.732407,42.279657],[-83.732407,42.279656],[-83.732407,42.279656],[-83.732406,42.279656],[-83.732406,42.279656],[-83.732406,42.279656],[-83.732406,42.279656],[-83.732406,42.279656],[-83.732405,42.279656],[-83.732405,42.279656],[-83.732405,42.279656],[-83.732405,42.279656],[-83.732404,42.279656],[-83.732404,42.279656],[-83.732404,42.279657],[-83.732404,42.279657],[-83.732404,42.279657]],[[-83.732404,42.279657],[-83.732404,42.279657],[-83.732404,42.279657],[-83.732405,42.279657],[-83.732405,42.279658],[-83.732405,42.279658],[-83.732405,42.279658],[-83.732405,42.279658],[-83.732405,42.279658],[-83.732406,42.279658],[-83.732406,42.279658],[-83.732406,42.279658],[-83.732406,42.279658],[-83.732406,42.279658],[-83.732406,42.279658],[-83.732406,42.279657],[-83.732407,42.279657],[-83.732407,42.279657],[-83.732407,42.279657],[-83.732407,42.279657],[-83.732407,42.279657],[-83.732406,42.279657],[-83.732406,42.279656],[-83.732406,42.279656],[-83.732406,42.279656],[-83.732406,42.279656],[-83.732406,42.279656],[-83.732406,42.279656],[-83.732405,42.279656],[-83.732405,42.279656],[-83.732405,42.279656],[-83.732405,42.279656],[-83.732405,42.279656],[-83.732405,42.279657],[-83.732404,42.279657],[-83.732404,42.279657],[-83.732404,42.279657]],[[-83.732405,42.279657],[-83.732405,42.279657],[-83.732405,42.279657],[-83.732405,42.279657],[-83.732405,42.279657],[-83.732405,42.279657],[-83.732405,42.279657],[-83.732405,42.279658],[-83.732405,42.279658],[-83.732406,42.279658],[-83.732406,42.279658],[-83.732406,42.279658],[-83.732406,42.279658],[-83.732406,42.279657],[-83.732406,42.279657],[-83.732406,42.279657],[-83.732406,42.279657],[-83.732406,42.279657],[-83.732406,42.279657],[-83.732406,42.279657],[-83.732406,42.279657],[-83.732406,42.279657],[-83.732406,42.279657],[-83.732406,42.279657],[-83.732406,42.279657],[-83.732406,42.279657],[-83.732406,42.279656],[-83.732406,42.279656],[-83.732405,42.279656],[-83.732405,42.279657],[-83.732405,42.279657],[-83.732405,42.279657],[-83.732405,42.279657],[-83.732405,42.279657],[-83.732405,42.279657],[-83.732405,42.279657],[-83.732405,42.279657]],[[-83.732405,42.279657],[-83.732405,42.279657],[-83.732405,42.279657],[-83.732405,42.279657],[-83.732405,42.279657],[-83.732405,42.279657],[-83.732405,42.279657],[-83.732405,42.279657],[-83.732405,42.279657],[-83.732406,42.279657],[-83.732406,42.279657],[-83.732406,42.279657],[-83.732406,42.279657],[-83.732406,42.279657],[-83.732406,42.279657],[-83.732406,42.279657],[-83.732406,42.279657],[-83.732406,42.279657],[-83.732406,42.279657],[-83.732406,42.279657],[-83.732406,42.279657],[-83.732406,42.279657],[-83.732406,42.279657],[-83.732406,42.279657],[-83.732406,42.279657],[-83.732406,42.279657],[-83.732406,42.279657],[-83.732406,42.279657],[-83.732405,42.279657],[-83.732405,42.279657],[-83.732405,42.279657],[-83.732405,42.279657],[-83.732405,42.279657],[-83.732405,42.279657],[-83.732405,42.279657],[-83.732405,42.279657],[-83.732405,42.279657]]]},"properties":{"Layer":"CM-ATHL"}},{"type":"Feature","geometry":{"type":"MultiLineString","coordinates":[[[-83.732365,42.279658],[-83.732365,42.279658],[-83.732365,42.279658],[-83.732365,42.279659],[-83.732365,42.279659],[-83.732366,42.279659],[-83.732366,42.279659],[-83.732366,42.279659],[-83.732366,42.279659],[-83.732367,42.279659],[-83.732367,42.279659],[-83.732367,42.279659],[-83.732368,42.279659],[-83.732368,42.279659],[-83.732368,42.279659],[-83.732368,42.279659],[-83.732368,42.279658],[-83.732369,42.279658],[-83.732369,42.279658],[-83.732369,42.279658],[-83.732368,42.279657],[-83.732368,42.279657],[-83.732368,42.279657],[-83.732368,42.279657],[-83.732368,42.279657],[-83.732367,42.279657],[-83.732367,42.279656],[-83.732367,42.279656],[-83.732366,42.279656],[-83.732366,42.279657],[-83.732366,42.279657],[-83.732366,42.279657],[-83.732365,42.279657],[-83.732365,42.279657],[-83.732365,42.279657],[-83.732365,42.279658],[-83.732365,42.279658]],[[-83.732365,42.279658],[-83.732365,42.279658],[-83.732365,42.279658],[-83.732365,42.279658],[-83.732366,42.279659],[-83.732366,42.279659],[-83.732366,42.279659],[-83.732366,42.279659],[-83.732366,42.279659],[-83.732367,42.279659],[-83.732367,42.279659],[-83.732367,42.279659],[-83.732367,42.279659],[-83.732368,42.279659],[-83.732368,42.279659],[-83.732368,42.279658],[-83.732368,42.279658],[-83.732368,42.279658],[-83.732368,42.279658],[-83.732368,42.279658],[-83.732368,42.279657],[-83.732368,42.279657],[-83.732368,42.279657],[-83.732368,42.279657],[-83.732367,42.279657],[-83.732367,42.279657],[-83.732367,42.279657],[-83.732367,42.279657],[-83.732366,42.279657],[-83.732366,42.279657],[-83.732366,42.279657],[-83.732366,42.279657],[-83.732366,42.279657],[-83.732365,42.279657],[-83.732365,42.279657],[-83.732365,42.279658],[-83.732365,42.279658]],[[-83.732366,42.279658],[-83.732366,42.279658],[-83.732366,42.279658],[-83.732366,42.279658],[-83.732366,42.279658],[-83.732366,42.279658],[-83.732366,42.279659],[-83.732366,42.279659],[-83.732367,42.279659],[-83.732367,42.279659],[-83.732367,42.279659],[-83.732367,42.279659],[-83.732367,42.279659],[-83.732367,42.279658],[-83.732368,42.279658],[-83.732368,42.279658],[-83.732368,42.279658],[-83.732368,42.279658],[-83.732368,42.279658],[-83.732368,42.279658],[-83.732368,42.279658],[-83.732368,42.279657],[-83.732368,42.279657],[-83.732367,42.279657],[-83.732367,42.279657],[-83.732367,42.279657],[-83.732367,42.279657],[-83.732367,42.279657],[-83.732367,42.279657],[-83.732366,42.279657],[-83.732366,42.279657],[-83.732366,42.279657],[-83.732366,42.279657],[-83.732366,42.279657],[-83.732366,42.279658],[-83.732366,42.279658],[-83.732366,42.279658]],[[-83.732366,42.279658],[-83.732366,42.279658],[-83.732366,42.279658],[-83.732366,42.279658],[-83.732366,42.279658],[-83.732366,42.279658],[-83.732366,42.279658],[-83.732366,42.279658],[-83.732367,42.279658],[-83.732367,42.279658],[-83.732367,42.279658],[-83.732367,42.279658],[-83.732367,42.279658],[-83.732367,42.279658],[-83.732367,42.279658],[-83.732367,42.279658],[-83.732367,42.279658],[-83.732367,42.279658],[-83.732367,42.279658],[-83.732367,42.279658],[-83.732367,42.279658],[-83.732367,42.279658],[-83.732367,42.279657],[-83.732367,42.279657],[-83.732367,42.279657],[-83.732367,42.279657],[-83.732367,42.279657],[-83.732367,42.279657],[-83.732367,42.279657],[-83.732366,42.279657],[-83.732366,42.279657],[-83.732366,42.279657],[-83.732366,42.279657],[-83.732366,42.279658],[-83.732366,42.279658],[-83.732366,42.279658],[-83.732366,42.279658]],[[-83.732366,42.279658],[-83.732366,42.279658],[-83.732366,42.279658],[-83.732366,42.279658],[-83.732366,42.279658],[-83.732366,42.279658],[-83.732367,42.279658],[-83.732367,42.279658],[-83.732367,42.279658],[-83.732367,42.279658],[-83.732367,42.279658],[-83.732367,42.279658],[-83.732367,42.279658],[-83.732367,42.279658],[-83.732367,42.279658],[-83.732367,42.279658],[-83.732367,42.279658],[-83.732367,42.279658],[-83.732367,42.279658],[-83.732367,42.279658],[-83.732367,42.279658],[-83.732367,42.279658],[-83.732367,42.279658],[-83.732367,42.279658],[-83.732367,42.279658],[-83.732367,42.279658],[-83.732367,42.279658],[-83.732367,42.279658],[-83.732367,42.279658],[-83.732367,42.279658],[-83.732367,42.279658],[-83.732366,42.279658],[-83.732366,42.279658],[-83.732366,42.279658],[-83.732366,42.279658],[-83.732366,42.279658],[-83.732366,42.279658]]]},"properties":{"Layer":"CM-ATHL"}},{"type":"Feature","geometry":{"type":"MultiLineString","coordinates":[[[-83.732326,42.279659],[-83.732326,42.279659],[-83.732326,42.279659],[-83.732326,42.279659],[-83.732327,42.27966],[-83.732327,42.27966],[-83.732327,42.27966],[-83.732327,42.27966],[-83.732328,42.27966],[-83.732328,42.27966],[-83.732328,42.27966],[-83.732329,42.27966],[-83.732329,42.27966],[-83.732329,42.27966],[-83.732329,42.27966],[-83.73233,42.279659],[-83.73233,42.279659],[-83.73233,42.279659],[-83.73233,42.279659],[-83.73233,42.279658],[-83.73233,42.279658],[-83.73233,42.279658],[-83.732329,42.279658],[-83.732329,42.279658],[-83.732329,42.279657],[-83.732329,42.279657],[-83.732328,42.279657],[-83.732328,42.279657],[-83.732328,42.279657],[-83.732327,42.279657],[-83.732327,42.279657],[-83.732327,42.279658],[-83.732327,42.279658],[-83.732326,42.279658],[-83.732326,42.279658],[-83.732326,42.279658],[-83.732326,42.279659]],[[-83.732326,42.279659],[-83.732326,42.279659],[-83.732327,42.279659],[-83.732327,42.279659],[-83.732327,42.279659],[-83.732327,42.27966],[-83.732327,42.27966],[-83.732327,42.27966],[-83.732328,42.27966],[-83.732328,42.27966],[-83.732328,42.27966],[-83.732328,42.27966],[-83.732329,42.27966],[-83.732329,42.27966],[-83.732329,42.279659],[-83.732329,42.279659],[-83.732329,42.279659],[-83.732329,42.279659],[-83.732329,42.279659],[-83.732329,42.279658],[-83.732329,42.279658],[-83.732329,42.279658],[-83.732329,42.279658],[-83.732329,42.279658],[-83.732329,42.279658],[-83.732328,42.279658],[-83.732328,42.279658],[-83.732328,42.279658],[-83.732328,42.279658],[-83.732327,42.279658],[-83.732327,42.279658],[-83.732327,42.279658],[-83.732327,42.279658],[-83.732327,42.279658],[-83.732327,42.279658],[-83.732326,42.279658],[-83.732326,42.279659]],[[-83.732327,42.279659],[-83.732327,42.279659],[-83.732327,42.279659],[-83.732327,42.279659],[-83.732327,42.279659],[-83.732327,42.279659],[-83.732327,42.279659],[-83.732328,42.279659],[-83.732328,42.279659],[-83.732328,42.279659],[-83.732328,42.279659],[-83.732328,42.279659],[-83.732328,42.279659],[-83.732329,42.279659],[-83.732329,42.279659],[-83.732329,42.279659],[-83.732329,42.279659],[-83.732329,42.279659],[-83.732329,42.279659],[-83.732329,42.279659],[-83.732329,42.279658],[-83.732329,42.279658],[-83.732329,42.279658],[-83.732329,42.279658],[-83.732329,42.279658],[-83.732328,42.279658],[-83.732328,42.279658],[-83.732328,42.279658],[-83.732328,42.279658],[-83.732328,42.279658],[-83.732327,42.279658],[-83.732327,42.279658],[-83.732327,42.279658],[-83.732327,42.279658],[-83.732327,42.279658],[-83.732327,42.279659],[-83.732327,42.279659]],[[-83.732327,42.279659],[-83.732327,42.279659],[-83.732327,42.279659],[-83.732327,42.279659],[-83.732327,42.279659],[-83.732327,42.279659],[-83.732328,42.279659],[-83.732328,42.279659],[-83.732328,42.279659],[-83.732328,42.279659],[-83.732328,42.279659],[-83.732328,42.279659],[-83.732328,42.279659],[-83.732328,42.279659],[-83.732329,42.279659],[-83.732329,42.279659],[-83.732329,42.279659],[-83.732329,42.279659],[-83.732329,42.279659],[-83.732329,42.279659],[-83.732329,42.279658],[-83.732329,42.279658],[-83.732329,42.279658],[-83.732328,42.279658],[-83.732328,42.279658],[-83.732328,42.279658],[-83.732328,42.279658],[-83.732328,42.279658],[-83.732328,42.279658],[-83.732328,42.279658],[-83.732328,42.279658],[-83.732327,42.279658],[-83.732327,42.279658],[-83.732327,42.279658],[-83.732327,42.279658],[-83.732327,42.279659],[-83.732327,42.279659]],[[-83.732328,42.279659],[-83.732328,42.279659],[-83.732328,42.279659],[-83.732328,42.279659],[-83.732328,42.279659],[-83.732328,42.279659],[-83.732328,42.279659],[-83.732328,42.279659],[-83.732328,42.279659],[-83.732328,42.279659],[-83.732328,42.279659],[-83.732328,42.279659],[-83.732328,42.279659],[-83.732328,42.279659],[-83.732328,42.279659],[-83.732328,42.279659],[-83.732328,42.279659],[-83.732328,42.279659],[-83.732328,42.279659],[-83.732328,42.279659],[-83.732328,42.279659],[-83.732328,42.279659],[-83.732328,42.279658],[-83.732328,42.279658],[-83.732328,42.279658],[-83.732328,42.279658],[-83.732328,42.279658],[-83.732328,42.279658],[-83.732328,42.279658],[-83.732328,42.279658],[-83.732328,42.279658],[-83.732328,42.279658],[-83.732328,42.279658],[-83.732328,42.279659],[-83.732328,42.279659],[-83.732328,42.279659],[-83.732328,42.279659]]]},"properties":{"Layer":"CM-ATHL"}},{"type":"Feature","geometry":{"type":"MultiLineString","coordinates":[[[-83.732287,42.279659],[-83.732287,42.27966],[-83.732287,42.27966],[-83.732288,42.27966],[-83.732288,42.27966],[-83.732288,42.279661],[-83.732288,42.279661],[-83.732289,42.279661],[-83.732289,42.279661],[-83.732289,42.279661],[-83.732289,42.279661],[-83.73229,42.279661],[-83.73229,42.279661],[-83.73229,42.279661],[-83.732291,42.27966],[-83.732291,42.27966],[-83.732291,42.27966],[-83.732291,42.27966],[-83.732291,42.27966],[-83.732291,42.279659],[-83.732291,42.279659],[-83.732291,42.279659],[-83.732291,42.279659],[-83.73229,42.279658],[-83.73229,42.279658],[-83.73229,42.279658],[-83.732289,42.279658],[-83.732289,42.279658],[-83.732289,42.279658],[-83.732289,42.279658],[-83.732288,42.279658],[-83.732288,42.279658],[-83.732288,42.279659],[-83.732288,42.279659],[-83.732287,42.279659],[-83.732287,42.279659],[-83.732287,42.279659]],[[-83.732288,42.279659],[-83.732288,42.27966],[-83.732288,42.27966],[-83.732288,42.27966],[-83.732288,42.27966],[-83.732288,42.27966],[-83.732288,42.27966],[-83.732289,42.279661],[-83.732289,42.279661],[-83.732289,42.279661],[-83.732289,42.279661],[-83.73229,42.279661],[-83.73229,42.27966],[-83.73229,42.27966],[-83.73229,42.27966],[-83.73229,42.27966],[-83.732291,42.27966],[-83.732291,42.27966],[-83.732291,42.27966],[-83.732291,42.279659],[-83.732291,42.279659],[-83.73229,42.279659],[-83.73229,42.279659],[-83.73229,42.279659],[-83.73229,42.279659],[-83.73229,42.279658],[-83.732289,42.279658],[-83.732289,42.279658],[-83.732289,42.279658],[-83.732289,42.279658],[-83.732288,42.279659],[-83.732288,42.279659],[-83.732288,42.279659],[-83.732288,42.279659],[-83.732288,42.279659],[-83.732288,42.279659],[-83.732288,42.279659]],[[-83.732288,42.279659],[-83.732288,42.27966],[-83.732288,42.27966],[-83.732288,42.27966],[-83.732288,42.27966],[-83.732288,42.27966],[-83.732289,42.27966],[-83.732289,42.27966],[-83.732289,42.27966],[-83.732289,42.27966],[-83.732289,42.27966],[-83.73229,42.27966],[-83.73229,42.27966],[-83.73229,42.27966],[-83.73229,42.27966],[-83.73229,42.27966],[-83.73229,42.27966],[-83.73229,42.27966],[-83.73229,42.27966],[-83.73229,42.279659],[-83.73229,42.279659],[-83.73229,42.279659],[-83.73229,42.279659],[-83.73229,42.279659],[-83.73229,42.279659],[-83.73229,42.279659],[-83.732289,42.279659],[-83.732289,42.279659],[-83.732289,42.279659],[-83.732289,42.279659],[-83.732289,42.279659],[-83.732288,42.279659],[-83.732288,42.279659],[-83.732288,42.279659],[-83.732288,42.279659],[-83.732288,42.279659],[-83.732288,42.279659]],[[-83.732288,42.279659],[-83.732288,42.27966],[-83.732288,42.27966],[-83.732289,42.27966],[-83.732289,42.27966],[-83.732289,42.27966],[-83.732289,42.27966],[-83.732289,42.27966],[-83.732289,42.27966],[-83.732289,42.27966],[-83.732289,42.27966],[-83.732289,42.27966],[-83.73229,42.27966],[-83.73229,42.27966],[-83.73229,42.27966],[-83.73229,42.27966],[-83.73229,42.27966],[-83.73229,42.27966],[-83.73229,42.279659],[-83.73229,42.279659],[-83.73229,42.279659],[-83.73229,42.279659],[-83.73229,42.279659],[-83.73229,42.279659],[-83.73229,42.279659],[-83.732289,42.279659],[-83.732289,42.279659],[-83.732289,42.279659],[-83.732289,42.279659],[-83.732289,42.279659],[-83.732289,42.279659],[-83.732289,42.279659],[-83.732289,42.279659],[-83.732289,42.279659],[-83.732288,42.279659],[-83.732288,42.279659],[-83.732288,42.279659]],[[-83.732289,42.279659],[-83.732289,42.27966],[-83.732289,42.27966],[-83.732289,42.27966],[-83.732289,42.27966],[-83.732289,42.27966],[-83.732289,42.27966],[-83.732289,42.27966],[-83.732289,42.27966],[-83.732289,42.27966],[-83.732289,42.27966],[-83.732289,42.27966],[-83.732289,42.27966],[-83.732289,42.27966],[-83.732289,42.27966],[-83.732289,42.27966],[-83.73229,42.27966],[-83.73229,42.27966],[-83.73229,42.279659],[-83.73229,42.279659],[-83.73229,42.279659],[-83.732289,42.279659],[-83.732289,42.279659],[-83.732289,42.279659],[-83.732289,42.279659],[-83.732289,42.279659],[-83.732289,42.279659],[-83.732289,42.279659],[-83.732289,42.279659],[-83.732289,42.279659],[-83.732289,42.279659],[-83.732289,42.279659],[-83.732289,42.279659],[-83.732289,42.279659],[-83.732289,42.279659],[-83.732289,42.279659],[-83.732289,42.279659]]]},"properties":{"Layer":"CM-ATHL"}},{"type":"Feature","geometry":{"type":"MultiLineString","coordinates":[[[-83.732249,42.27966],[-83.732249,42.279661],[-83.732249,42.279661],[-83.732249,42.279661],[-83.732249,42.279661],[-83.732249,42.279661],[-83.732249,42.279662],[-83.73225,42.279662],[-83.73225,42.279662],[-83.73225,42.279662],[-83.732251,42.279662],[-83.732251,42.279662],[-83.732251,42.279662],[-83.732252,42.279661],[-83.732252,42.279661],[-83.732252,42.279661],[-83.732252,42.279661],[-83.732252,42.279661],[-83.732252,42.27966],[-83.732252,42.27966],[-83.732252,42.27966],[-83.732252,42.27966],[-83.732252,42.279659],[-83.732252,42.279659],[-83.732251,42.279659],[-83.732251,42.279659],[-83.732251,42.279659],[-83.73225,42.279659],[-83.73225,42.279659],[-83.73225,42.279659],[-83.732249,42.279659],[-83.732249,42.279659],[-83.732249,42.279659],[-83.732249,42.27966],[-83.732249,42.27966],[-83.732249,42.27966],[-83.732249,42.27966]],[[-83.732249,42.27966],[-83.732249,42.279661],[-83.732249,42.279661],[-83.732249,42.279661],[-83.732249,42.279661],[-83.732249,42.279661],[-83.73225,42.279661],[-83.73225,42.279661],[-83.73225,42.279661],[-83.73225,42.279661],[-83.732251,42.279661],[-83.732251,42.279661],[-83.732251,42.279661],[-83.732251,42.279661],[-83.732252,42.279661],[-83.732252,42.279661],[-83.732252,42.279661],[-83.732252,42.279661],[-83.732252,42.27966],[-83.732252,42.27966],[-83.732252,42.27966],[-83.732252,42.27966],[-83.732252,42.27966],[-83.732251,42.279659],[-83.732251,42.279659],[-83.732251,42.279659],[-83.732251,42.279659],[-83.73225,42.279659],[-83.73225,42.279659],[-83.73225,42.279659],[-83.73225,42.279659],[-83.732249,42.279659],[-83.732249,42.27966],[-83.732249,42.27966],[-83.732249,42.27966],[-83.732249,42.27966],[-83.732249,42.27966]],[[-83.732249,42.27966],[-83.732249,42.27966],[-83.732249,42.279661],[-83.732249,42.279661],[-83.73225,42.279661],[-83.73225,42.279661],[-83.73225,42.279661],[-83.73225,42.279661],[-83.73225,42.279661],[-83.73225,42.279661],[-83.732251,42.279661],[-83.732251,42.279661],[-83.732251,42.279661],[-83.732251,42.279661],[-83.732251,42.279661],[-83.732251,42.279661],[-83.732251,42.279661],[-83.732251,42.27966],[-83.732251,42.27966],[-83.732251,42.27966],[-83.732251,42.27966],[-83.732251,42.27966],[-83.732251,42.27966],[-83.732251,42.27966],[-83.732251,42.27966],[-83.732251,42.27966],[-83.732251,42.27966],[-83.73225,42.279659],[-83.73225,42.27966],[-83.73225,42.27966],[-83.73225,42.27966],[-83.73225,42.27966],[-83.73225,42.27966],[-83.732249,42.27966],[-83.732249,42.27966],[-83.732249,42.27966],[-83.732249,42.27966]],[[-83.73225,42.27966],[-83.73225,42.27966],[-83.73225,42.279661],[-83.73225,42.279661],[-83.73225,42.279661],[-83.73225,42.279661],[-83.73225,42.279661],[-83.73225,42.279661],[-83.73225,42.279661],[-83.73225,42.279661],[-83.73225,42.279661],[-83.732251,42.279661],[-83.732251,42.279661],[-83.732251,42.279661],[-83.732251,42.279661],[-83.732251,42.279661],[-83.732251,42.279661],[-83.732251,42.27966],[-83.732251,42.27966],[-83.732251,42.27966],[-83.732251,42.27966],[-83.732251,42.27966],[-83.732251,42.27966],[-83.732251,42.27966],[-83.732251,42.27966],[-83.732251,42.27966],[-83.732251,42.27966],[-83.73225,42.27966],[-83.73225,42.27966],[-83.73225,42.27966],[-83.73225,42.27966],[-83.73225,42.27966],[-83.73225,42.27966],[-83.73225,42.27966],[-83.73225,42.27966],[-83.73225,42.27966],[-83.73225,42.27966]],[[-83.73225,42.27966],[-83.73225,42.27966],[-83.73225,42.27966],[-83.73225,42.27966],[-83.73225,42.27966],[-83.73225,42.279661],[-83.73225,42.279661],[-83.73225,42.279661],[-83.73225,42.279661],[-83.73225,42.279661],[-83.73225,42.279661],[-83.73225,42.279661],[-83.732251,42.279661],[-83.732251,42.279661],[-83.732251,42.27966],[-83.732251,42.27966],[-83.732251,42.27966],[-83.732251,42.27966],[-83.732251,42.27966],[-83.732251,42.27966],[-83.732251,42.27966],[-83.732251,42.27966],[-83.732251,42.27966],[-83.732251,42.27966],[-83.732251,42.27966],[-83.732251,42.27966],[-83.73225,42.27966],[-83.73225,42.27966],[-83.73225,42.27966],[-83.73225,42.27966],[-83.73225,42.27966],[-83.73225,42.27966],[-83.73225,42.27966],[-83.73225,42.27966],[-83.73225,42.27966],[-83.73225,42.27966],[-83.73225,42.27966]]]},"properties":{"Layer":"CM-ATHL"}},{"type":"Feature","geometry":{"type":"MultiLineString","coordinates":[[[-83.73221,42.279661],[-83.73221,42.279661],[-83.73221,42.279662],[-83.73221,42.279662],[-83.73221,42.279662],[-83.73221,42.279662],[-83.732211,42.279662],[-83.732211,42.279662],[-83.732211,42.279662],[-83.732212,42.279663],[-83.732212,42.279662],[-83.732212,42.279662],[-83.732213,42.279662],[-83.732213,42.279662],[-83.732213,42.279662],[-83.732213,42.279662],[-83.732213,42.279662],[-83.732213,42.279661],[-83.732213,42.279661],[-83.732213,42.279661],[-83.732213,42.279661],[-83.732213,42.27966],[-83.732213,42.27966],[-83.732213,42.27966],[-83.732213,42.27966],[-83.732212,42.27966],[-83.732212,42.27966],[-83.732212,42.27966],[-83.732211,42.27966],[-83.732211,42.27966],[-83.732211,42.27966],[-83.73221,42.27966],[-83.73221,42.27966],[-83.73221,42.27966],[-83.73221,42.279661],[-83.73221,42.279661],[-83.73221,42.279661]],[[-83.73221,42.279661],[-83.73221,42.279661],[-83.73221,42.279662],[-83.73221,42.279662],[-83.73221,42.279662],[-83.732211,42.279662],[-83.732211,42.279662],[-83.732211,42.279662],[-83.732211,42.279662],[-83.732212,42.279662],[-83.732212,42.279662],[-83.732212,42.279662],[-83.732212,42.279662],[-83.732213,42.279662],[-83.732213,42.279662],[-83.732213,42.279662],[-83.732213,42.279662],[-83.732213,42.279661],[-83.732213,42.279661],[-83.732213,42.279661],[-83.732213,42.279661],[-83.732213,42.279661],[-83.732213,42.27966],[-83.732213,42.27966],[-83.732212,42.27966],[-83.732212,42.27966],[-83.732212,42.27966],[-83.732212,42.27966],[-83.732211,42.27966],[-83.732211,42.27966],[-83.732211,42.27966],[-83.732211,42.27966],[-83.73221,42.27966],[-83.73221,42.279661],[-83.73221,42.279661],[-83.73221,42.279661],[-83.73221,42.279661]],[[-83.73221,42.279661],[-83.73221,42.279661],[-83.732211,42.279661],[-83.732211,42.279662],[-83.732211,42.279662],[-83.732211,42.279662],[-83.732211,42.279662],[-83.732211,42.279662],[-83.732211,42.279662],[-83.732212,42.279662],[-83.732212,42.279662],[-83.732212,42.279662],[-83.732212,42.279662],[-83.732212,42.279662],[-83.732212,42.279662],[-83.732213,42.279662],[-83.732213,42.279661],[-83.732213,42.279661],[-83.732213,42.279661],[-83.732213,42.279661],[-83.732213,42.279661],[-83.732213,42.279661],[-83.732212,42.279661],[-83.732212,42.279661],[-83.732212,42.27966],[-83.732212,42.27966],[-83.732212,42.27966],[-83.732212,42.27966],[-83.732211,42.27966],[-83.732211,42.27966],[-83.732211,42.27966],[-83.732211,42.279661],[-83.732211,42.279661],[-83.732211,42.279661],[-83.732211,42.279661],[-83.732211,42.279661],[-83.73221,42.279661]],[[-83.732211,42.279661],[-83.732211,42.279661],[-83.732211,42.279661],[-83.732211,42.279661],[-83.732211,42.279661],[-83.732211,42.279662],[-83.732211,42.279662],[-83.732211,42.279662],[-83.732211,42.279662],[-83.732212,42.279662],[-83.732212,42.279662],[-83.732212,42.279662],[-83.732212,42.279662],[-83.732212,42.279662],[-83.732212,42.279661],[-83.732212,42.279661],[-83.732212,42.279661],[-83.732212,42.279661],[-83.732212,42.279661],[-83.732212,42.279661],[-83.732212,42.279661],[-83.732212,42.279661],[-83.732212,42.279661],[-83.732212,42.279661],[-83.732212,42.279661],[-83.732212,42.279661],[-83.732212,42.279661],[-83.732212,42.279661],[-83.732211,42.279661],[-83.732211,42.279661],[-83.732211,42.279661],[-83.732211,42.279661],[-83.732211,42.279661],[-83.732211,42.279661],[-83.732211,42.279661],[-83.732211,42.279661],[-83.732211,42.279661]],[[-83.732211,42.279661],[-83.732211,42.279661],[-83.732211,42.279661],[-83.732211,42.279661],[-83.732211,42.279661],[-83.732211,42.279661],[-83.732211,42.279661],[-83.732211,42.279661],[-83.732212,42.279661],[-83.732212,42.279661],[-83.732212,42.279661],[-83.732212,42.279661],[-83.732212,42.279661],[-83.732212,42.279661],[-83.732212,42.279661],[-83.732212,42.279661],[-83.732212,42.279661],[-83.732212,42.279661],[-83.732212,42.279661],[-83.732212,42.279661],[-83.732212,42.279661],[-83.732212,42.279661],[-83.732212,42.279661],[-83.732212,42.279661],[-83.732212,42.279661],[-83.732212,42.279661],[-83.732212,42.279661],[-83.732212,42.279661],[-83.732212,42.279661],[-83.732211,42.279661],[-83.732211,42.279661],[-83.732211,42.279661],[-83.732211,42.279661],[-83.732211,42.279661],[-83.732211,42.279661],[-83.732211,42.279661],[-83.732211,42.279661]]]},"properties":{"Layer":"CM-ATHL"}},{"type":"Feature","geometry":{"type":"MultiLineString","coordinates":[[[-83.732171,42.279662],[-83.732171,42.279662],[-83.732171,42.279662],[-83.732171,42.279663],[-83.732171,42.279663],[-83.732172,42.279663],[-83.732172,42.279663],[-83.732172,42.279663],[-83.732172,42.279663],[-83.732173,42.279663],[-83.732173,42.279663],[-83.732173,42.279663],[-83.732174,42.279663],[-83.732174,42.279663],[-83.732174,42.279663],[-83.732174,42.279663],[-83.732175,42.279662],[-83.732175,42.279662],[-83.732175,42.279662],[-83.732175,42.279662],[-83.732175,42.279662],[-83.732174,42.279661],[-83.732174,42.279661],[-83.732174,42.279661],[-83.732174,42.279661],[-83.732173,42.279661],[-83.732173,42.279661],[-83.732173,42.279661],[-83.732173,42.279661],[-83.732172,42.279661],[-83.732172,42.279661],[-83.732172,42.279661],[-83.732171,42.279661],[-83.732171,42.279661],[-83.732171,42.279661],[-83.732171,42.279662],[-83.732171,42.279662]],[[-83.732171,42.279662],[-83.732171,42.279662],[-83.732171,42.279662],[-83.732172,42.279663],[-83.732172,42.279663],[-83.732172,42.279663],[-83.732172,42.279663],[-83.732172,42.279663],[-83.732173,42.279663],[-83.732173,42.279663],[-83.732173,42.279663],[-83.732173,42.279663],[-83.732174,42.279663],[-83.732174,42.279663],[-83.732174,42.279663],[-83.732174,42.279663],[-83.732174,42.279662],[-83.732174,42.279662],[-83.732174,42.279662],[-83.732174,42.279662],[-83.732174,42.279662],[-83.732174,42.279661],[-83.732174,42.279661],[-83.732174,42.279661],[-83.732174,42.279661],[-83.732173,42.279661],[-83.732173,42.279661],[-83.732173,42.279661],[-83.732173,42.279661],[-83.732172,42.279661],[-83.732172,42.279661],[-83.732172,42.279661],[-83.732172,42.279661],[-83.732172,42.279661],[-83.732171,42.279662],[-83.732171,42.279662],[-83.732171,42.279662]],[[-83.732172,42.279662],[-83.732172,42.279662],[-83.732172,42.279662],[-83.732172,42.279662],[-83.732172,42.279662],[-83.732172,42.279663],[-83.732172,42.279663],[-83.732172,42.279663],[-83.732173,42.279663],[-83.732173,42.279663],[-83.732173,42.279663],[-83.732173,42.279663],[-83.732173,42.279663],[-83.732174,42.279663],[-83.732174,42.279662],[-83.732174,42.279662],[-83.732174,42.279662],[-83.732174,42.279662],[-83.732174,42.279662],[-83.732174,42.279662],[-83.732174,42.279662],[-83.732174,42.279662],[-83.732174,42.279661],[-83.732174,42.279661],[-83.732173,42.279661],[-83.732173,42.279661],[-83.732173,42.279661],[-83.732173,42.279661],[-83.732173,42.279661],[-83.732172,42.279661],[-83.732172,42.279661],[-83.732172,42.279661],[-83.732172,42.279661],[-83.732172,42.279662],[-83.732172,42.279662],[-83.732172,42.279662],[-83.732172,42.279662]],[[-83.732172,42.279662],[-83.732172,42.279662],[-83.732172,42.279662],[-83.732172,42.279662],[-83.732172,42.279662],[-83.732172,42.279662],[-83.732172,42.279662],[-83.732173,42.279662],[-83.732173,42.279663],[-83.732173,42.279663],[-83.732173,42.279663],[-83.732173,42.279662],[-83.732173,42.279662],[-83.732173,42.279662],[-83.732173,42.279662],[-83.732173,42.279662],[-83.732173,42.279662],[-83.732174,42.279662],[-83.732174,42.279662],[-83.732174,42.279662],[-83.732174,42.279662],[-83.732173,42.279662],[-83.732173,42.279662],[-83.732173,42.279662],[-83.732173,42.279661],[-83.732173,42.279661],[-83.732173,42.279661],[-83.732173,42.279661],[-83.732173,42.279661],[-83.732173,42.279661],[-83.732172,42.279661],[-83.732172,42.279662],[-83.732172,42.279662],[-83.732172,42.279662],[-83.732172,42.279662],[-83.732172,42.279662],[-83.732172,42.279662]],[[-83.732172,42.279662],[-83.732172,42.279662],[-83.732172,42.279662],[-83.732172,42.279662],[-83.732173,42.279662],[-83.732173,42.279662],[-83.732173,42.279662],[-83.732173,42.279662],[-83.732173,42.279662],[-83.732173,42.279662],[-83.732173,42.279662],[-83.732173,42.279662],[-83.732173,42.279662],[-83.732173,42.279662],[-83.732173,42.279662],[-83.732173,42.279662],[-83.732173,42.279662],[-83.732173,42.279662],[-83.732173,42.279662],[-83.732173,42.279662],[-83.732173,42.279662],[-83.732173,42.279662],[-83.732173,42.279662],[-83.732173,42.279662],[-83.732173,42.279662],[-83.732173,42.279662],[-83.732173,42.279662],[-83.732173,42.279662],[-83.732173,42.279662],[-83.732173,42.279662],[-83.732173,42.279662],[-83.732173,42.279662],[-83.732173,42.279662],[-83.732172,42.279662],[-83.732172,42.279662],[-83.732172,42.279662],[-83.732172,42.279662]]]},"properties":{"Layer":"CM-ATHL"}},{"type":"Feature","geometry":{"type":"MultiLineString","coordinates":[[[-83.732132,42.279663],[-83.732132,42.279663],[-83.732132,42.279663],[-83.732132,42.279663],[-83.732133,42.279664],[-83.732133,42.279664],[-83.732133,42.279664],[-83.732133,42.279664],[-83.732134,42.279664],[-83.732134,42.279664],[-83.732134,42.279664],[-83.732135,42.279664],[-83.732135,42.279664],[-83.732135,42.279664],[-83.732135,42.279664],[-83.732136,42.279663],[-83.732136,42.279663],[-83.732136,42.279663],[-83.732136,42.279663],[-83.732136,42.279663],[-83.732136,42.279662],[-83.732136,42.279662],[-83.732135,42.279662],[-83.732135,42.279662],[-83.732135,42.279662],[-83.732135,42.279662],[-83.732134,42.279661],[-83.732134,42.279661],[-83.732134,42.279661],[-83.732133,42.279661],[-83.732133,42.279662],[-83.732133,42.279662],[-83.732133,42.279662],[-83.732132,42.279662],[-83.732132,42.279662],[-83.732132,42.279663],[-83.732132,42.279663]],[[-83.732133,42.279663],[-83.732133,42.279663],[-83.732133,42.279663],[-83.732133,42.279663],[-83.732133,42.279663],[-83.732133,42.279664],[-83.732133,42.279664],[-83.732134,42.279664],[-83.732134,42.279664],[-83.732134,42.279664],[-83.732134,42.279664],[-83.732135,42.279664],[-83.732135,42.279664],[-83.732135,42.279664],[-83.732135,42.279664],[-83.732135,42.279663],[-83.732135,42.279663],[-83.732135,42.279663],[-83.732136,42.279663],[-83.732135,42.279663],[-83.732135,42.279662],[-83.732135,42.279662],[-83.732135,42.279662],[-83.732135,42.279662],[-83.732135,42.279662],[-83.732135,42.279662],[-83.732134,42.279662],[-83.732134,42.279662],[-83.732134,42.279662],[-83.732134,42.279662],[-83.732133,42.279662],[-83.732133,42.279662],[-83.732133,42.279662],[-83.732133,42.279662],[-83.732133,42.279662],[-83.732133,42.279663],[-83.732133,42.279663]],[[-83.732133,42.279663],[-83.732133,42.279663],[-83.732133,42.279663],[-83.732133,42.279663],[-83.732133,42.279663],[-83.732133,42.279663],[-83.732133,42.279663],[-83.732134,42.279664],[-83.732134,42.279664],[-83.732134,42.279664],[-83.732134,42.279664],[-83.732134,42.279664],[-83.732135,42.279664],[-83.732135,42.279663],[-83.732135,42.279663],[-83.732135,42.279663],[-83.732135,42.279663],[-83.732135,42.279663],[-83.732135,42.279663],[-83.732135,42.279663],[-83.732135,42.279663],[-83.732135,42.279662],[-83.732135,42.279662],[-83.732135,42.279662],[-83.732135,42.279662],[-83.732134,42.279662],[-83.732134,42.279662],[-83.732134,42.279662],[-83.732134,42.279662],[-83.732134,42.279662],[-83.732133,42.279662],[-83.732133,42.279662],[-83.732133,42.279662],[-83.732133,42.279662],[-83.732133,42.279663],[-83.732133,42.279663],[-83.732133,42.279663]],[[-83.732133,42.279663],[-83.732133,42.279663],[-83.732133,42.279663],[-83.732133,42.279663],[-83.732133,42.279663],[-83.732134,42.279663],[-83.732134,42.279663],[-83.732134,42.279663],[-83.732134,42.279663],[-83.732134,42.279663],[-83.732134,42.279663],[-83.732134,42.279663],[-83.732134,42.279663],[-83.732134,42.279663],[-83.732135,42.279663],[-83.732135,42.279663],[-83.732135,42.279663],[-83.732135,42.279663],[-83.732135,42.279663],[-83.732135,42.279663],[-83.732135,42.279663],[-83.732135,42.279663],[-83.732135,42.279662],[-83.732135,42.279662],[-83.732134,42.279662],[-83.732134,42.279662],[-83.732134,42.279662],[-83.732134,42.279662],[-83.732134,42.279662],[-83.732134,42.279662],[-83.732134,42.279662],[-83.732134,42.279662],[-83.732133,42.279662],[-83.732133,42.279663],[-83.732133,42.279663],[-83.732133,42.279663],[-83.732133,42.279663]],[[-83.732134,42.279663],[-83.732134,42.279663],[-83.732134,42.279663],[-83.732134,42.279663],[-83.732134,42.279663],[-83.732134,42.279663],[-83.732134,42.279663],[-83.732134,42.279663],[-83.732134,42.279663],[-83.732134,42.279663],[-83.732134,42.279663],[-83.732134,42.279663],[-83.732134,42.279663],[-83.732134,42.279663],[-83.732134,42.279663],[-83.732134,42.279663],[-83.732134,42.279663],[-83.732134,42.279663],[-83.732134,42.279663],[-83.732134,42.279663],[-83.732134,42.279663],[-83.732134,42.279663],[-83.732134,42.279663],[-83.732134,42.279663],[-83.732134,42.279663],[-83.732134,42.279663],[-83.732134,42.279663],[-83.732134,42.279663],[-83.732134,42.279663],[-83.732134,42.279663],[-83.732134,42.279663],[-83.732134,42.279663],[-83.732134,42.279663],[-83.732134,42.279663],[-83.732134,42.279663],[-83.732134,42.279663],[-83.732134,42.279663]]]},"properties":{"Layer":"CM-ATHL"}},{"type":"Feature","geometry":{"type":"MultiLineString","coordinates":[[[-83.732093,42.279664],[-83.732093,42.279664],[-83.732093,42.279664],[-83.732094,42.279664],[-83.732094,42.279664],[-83.732094,42.279665],[-83.732094,42.279665],[-83.732095,42.279665],[-83.732095,42.279665],[-83.732095,42.279665],[-83.732096,42.279665],[-83.732096,42.279665],[-83.732096,42.279665],[-83.732096,42.279665],[-83.732097,42.279665],[-83.732097,42.279664],[-83.732097,42.279664],[-83.732097,42.279664],[-83.732097,42.279664],[-83.732097,42.279663],[-83.732097,42.279663],[-83.732097,42.279663],[-83.732097,42.279663],[-83.732096,42.279663],[-83.732096,42.279662],[-83.732096,42.279662],[-83.732096,42.279662],[-83.732095,42.279662],[-83.732095,42.279662],[-83.732095,42.279662],[-83.732094,42.279662],[-83.732094,42.279663],[-83.732094,42.279663],[-83.732094,42.279663],[-83.732094,42.279663],[-83.732093,42.279663],[-83.732093,42.279664]],[[-83.732094,42.279664],[-83.732094,42.279664],[-83.732094,42.279664],[-83.732094,42.279664],[-83.732094,42.279664],[-83.732094,42.279664],[-83.732094,42.279665],[-83.732095,42.279665],[-83.732095,42.279665],[-83.732095,42.279665],[-83.732095,42.279665],[-83.732096,42.279665],[-83.732096,42.279665],[-83.732096,42.279664],[-83.732096,42.279664],[-83.732097,42.279664],[-83.732097,42.279664],[-83.732097,42.279664],[-83.732097,42.279664],[-83.732097,42.279663],[-83.732097,42.279663],[-83.732097,42.279663],[-83.732096,42.279663],[-83.732096,42.279663],[-83.732096,42.279663],[-83.732096,42.279663],[-83.732096,42.279663],[-83.732095,42.279663],[-83.732095,42.279663],[-83.732095,42.279663],[-83.732095,42.279663],[-83.732094,42.279663],[-83.732094,42.279663],[-83.732094,42.279663],[-83.732094,42.279663],[-83.732094,42.279663],[-83.732094,42.279664]],[[-83.732094,42.279664],[-83.732094,42.279664],[-83.732094,42.279664],[-83.732094,42.279664],[-83.732094,42.279664],[-83.732095,42.279664],[-83.732095,42.279664],[-83.732095,42.279664],[-83.732095,42.279664],[-83.732095,42.279664],[-83.732095,42.279664],[-83.732096,42.279664],[-83.732096,42.279664],[-83.732096,42.279664],[-83.732096,42.279664],[-83.732096,42.279664],[-83.732096,42.279664],[-83.732096,42.279664],[-83.732096,42.279664],[-83.732096,42.279663],[-83.732096,42.279663],[-83.732096,42.279663],[-83.732096,42.279663],[-83.732096,42.279663],[-83.732096,42.279663],[-83.732096,42.279663],[-83.732095,42.279663],[-83.732095,42.279663],[-83.732095,42.279663],[-83.732095,42.279663],[-83.732095,42.279663],[-83.732095,42.279663],[-83.732094,42.279663],[-83.732094,42.279663],[-83.732094,42.279663],[-83.732094,42.279663],[-83.732094,42.279664]],[[-83.732094,42.279664],[-83.732095,42.279664],[-83.732095,42.279664],[-83.732095,42.279664],[-83.732095,42.279664],[-83.732095,42.279664],[-83.732095,42.279664],[-83.732095,42.279664],[-83.732095,42.279664],[-83.732095,42.279664],[-83.732095,42.279664],[-83.732095,42.279664],[-83.732096,42.279664],[-83.732096,42.279664],[-83.732096,42.279664],[-83.732096,42.279664],[-83.732096,42.279664],[-83.732096,42.279664],[-83.732096,42.279664],[-83.732096,42.279664],[-83.732096,42.279663],[-83.732096,42.279663],[-83.732096,42.279663],[-83.732096,42.279663],[-83.732096,42.279663],[-83.732095,42.279663],[-83.732095,42.279663],[-83.732095,42.279663],[-83.732095,42.279663],[-83.732095,42.279663],[-83.732095,42.279663],[-83.732095,42.279663],[-83.732095,42.279663],[-83.732095,42.279663],[-83.732095,42.279663],[-83.732095,42.279664],[-83.732094,42.279664]],[[-83.732095,42.279664],[-83.732095,42.279664],[-83.732095,42.279664],[-83.732095,42.279664],[-83.732095,42.279664],[-83.732095,42.279664],[-83.732095,42.279664],[-83.732095,42.279664],[-83.732095,42.279664],[-83.732095,42.279664],[-83.732095,42.279664],[-83.732095,42.279664],[-83.732095,42.279664],[-83.732095,42.279664],[-83.732096,42.279664],[-83.732096,42.279664],[-83.732096,42.279664],[-83.732096,42.279664],[-83.732096,42.279664],[-83.732096,42.279664],[-83.732096,42.279664],[-83.732096,42.279663],[-83.732096,42.279663],[-83.732095,42.279663],[-83.732095,42.279663],[-83.732095,42.279663],[-83.732095,42.279663],[-83.732095,42.279663],[-83.732095,42.279663],[-83.732095,42.279663],[-83.732095,42.279663],[-83.732095,42.279663],[-83.732095,42.279663],[-83.732095,42.279663],[-83.732095,42.279664],[-83.732095,42.279664],[-83.732095,42.279664]]]},"properties":{"Layer":"CM-ATHL"}},{"type":"Feature","geometry":{"type":"MultiLineString","coordinates":[[[-83.732047,42.279665],[-83.732047,42.279665],[-83.732047,42.279665],[-83.732047,42.279665],[-83.732048,42.279665],[-83.732048,42.279666],[-83.732048,42.279666],[-83.732048,42.279666],[-83.732049,42.279666],[-83.732049,42.279666],[-83.732049,42.279666],[-83.73205,42.279666],[-83.73205,42.279666],[-83.73205,42.279666],[-83.73205,42.279666],[-83.732051,42.279665],[-83.732051,42.279665],[-83.732051,42.279665],[-83.732051,42.279665],[-83.732051,42.279664],[-83.732051,42.279664],[-83.732051,42.279664],[-83.73205,42.279664],[-83.73205,42.279664],[-83.73205,42.279663],[-83.73205,42.279663],[-83.732049,42.279663],[-83.732049,42.279663],[-83.732049,42.279663],[-83.732048,42.279663],[-83.732048,42.279663],[-83.732048,42.279664],[-83.732048,42.279664],[-83.732047,42.279664],[-83.732047,42.279664],[-83.732047,42.279664],[-83.732047,42.279665]],[[-83.732048,42.279665],[-83.732048,42.279665],[-83.732048,42.279665],[-83.732048,42.279665],[-83.732048,42.279665],[-83.732048,42.279665],[-83.732048,42.279666],[-83.732049,42.279666],[-83.732049,42.279666],[-83.732049,42.279666],[-83.732049,42.279666],[-83.73205,42.279666],[-83.73205,42.279666],[-83.73205,42.279665],[-83.73205,42.279665],[-83.73205,42.279665],[-83.73205,42.279665],[-83.732051,42.279665],[-83.732051,42.279665],[-83.732051,42.279664],[-83.73205,42.279664],[-83.73205,42.279664],[-83.73205,42.279664],[-83.73205,42.279664],[-83.73205,42.279664],[-83.73205,42.279664],[-83.732049,42.279664],[-83.732049,42.279664],[-83.732049,42.279664],[-83.732049,42.279664],[-83.732048,42.279664],[-83.732048,42.279664],[-83.732048,42.279664],[-83.732048,42.279664],[-83.732048,42.279664],[-83.732048,42.279664],[-83.732048,42.279665]],[[-83.732048,42.279665],[-83.732048,42.279665],[-83.732048,42.279665],[-83.732048,42.279665],[-83.732048,42.279665],[-83.732048,42.279665],[-83.732049,42.279665],[-83.732049,42.279665],[-83.732049,42.279665],[-83.732049,42.279665],[-83.732049,42.279665],[-83.732049,42.279665],[-83.73205,42.279665],[-83.73205,42.279665],[-83.73205,42.279665],[-83.73205,42.279665],[-83.73205,42.279665],[-83.73205,42.279665],[-83.73205,42.279665],[-83.73205,42.279664],[-83.73205,42.279664],[-83.73205,42.279664],[-83.73205,42.279664],[-83.73205,42.279664],[-83.73205,42.279664],[-83.732049,42.279664],[-83.732049,42.279664],[-83.732049,42.279664],[-83.732049,42.279664],[-83.732049,42.279664],[-83.732049,42.279664],[-83.732048,42.279664],[-83.732048,42.279664],[-83.732048,42.279664],[-83.732048,42.279664],[-83.732048,42.279664],[-83.732048,42.279665]],[[-83.732048,42.279665],[-83.732048,42.279665],[-83.732048,42.279665],[-83.732048,42.279665],[-83.732048,42.279665],[-83.732049,42.279665],[-83.732049,42.279665],[-83.732049,42.279665],[-83.732049,42.279665],[-83.732049,42.279665],[-83.732049,42.279665],[-83.732049,42.279665],[-83.732049,42.279665],[-83.73205,42.279665],[-83.73205,42.279665],[-83.73205,42.279665],[-83.73205,42.279665],[-83.73205,42.279665],[-83.73205,42.279665],[-83.73205,42.279665],[-83.73205,42.279664],[-83.73205,42.279664],[-83.73205,42.279664],[-83.73205,42.279664],[-83.732049,42.279664],[-83.732049,42.279664],[-83.732049,42.279664],[-83.732049,42.279664],[-83.732049,42.279664],[-83.732049,42.279664],[-83.732049,42.279664],[-83.732049,42.279664],[-83.732049,42.279664],[-83.732048,42.279664],[-83.732048,42.279664],[-83.732048,42.279665],[-83.732048,42.279665]],[[-83.732049,42.279665],[-83.732049,42.279665],[-83.732049,42.279665],[-83.732049,42.279665],[-83.732049,42.279665],[-83.732049,42.279665],[-83.732049,42.279665],[-83.732049,42.279665],[-83.732049,42.279665],[-83.732049,42.279665],[-83.732049,42.279665],[-83.732049,42.279665],[-83.732049,42.279665],[-83.732049,42.279665],[-83.732049,42.279665],[-83.732049,42.279665],[-83.732049,42.279665],[-83.732049,42.279665],[-83.732049,42.279665],[-83.732049,42.279665],[-83.732049,42.279665],[-83.732049,42.279664],[-83.732049,42.279664],[-83.732049,42.279664],[-83.732049,42.279664],[-83.732049,42.279664],[-83.732049,42.279664],[-83.732049,42.279664],[-83.732049,42.279664],[-83.732049,42.279664],[-83.732049,42.279664],[-83.732049,42.279664],[-83.732049,42.279664],[-83.732049,42.279664],[-83.732049,42.279665],[-83.732049,42.279665],[-83.732049,42.279665]]]},"properties":{"Layer":"CM-ATHL"}},{"type":"Feature","geometry":{"type":"MultiLineString","coordinates":[[[-83.732008,42.279665],[-83.732008,42.279666],[-83.732009,42.279666],[-83.732009,42.279666],[-83.732009,42.279666],[-83.732009,42.279666],[-83.732009,42.279667],[-83.73201,42.279667],[-83.73201,42.279667],[-83.73201,42.279667],[-83.732011,42.279667],[-83.732011,42.279667],[-83.732011,42.279667],[-83.732011,42.279666],[-83.732012,42.279666],[-83.732012,42.279666],[-83.732012,42.279666],[-83.732012,42.279666],[-83.732012,42.279665],[-83.732012,42.279665],[-83.732012,42.279665],[-83.732012,42.279665],[-83.732012,42.279665],[-83.732011,42.279664],[-83.732011,42.279664],[-83.732011,42.279664],[-83.732011,42.279664],[-83.73201,42.279664],[-83.73201,42.279664],[-83.73201,42.279664],[-83.732009,42.279664],[-83.732009,42.279664],[-83.732009,42.279665],[-83.732009,42.279665],[-83.732009,42.279665],[-83.732008,42.279665],[-83.732008,42.279665]],[[-83.732009,42.279665],[-83.732009,42.279666],[-83.732009,42.279666],[-83.732009,42.279666],[-83.732009,42.279666],[-83.732009,42.279666],[-83.73201,42.279666],[-83.73201,42.279666],[-83.73201,42.279667],[-83.73201,42.279667],[-83.732011,42.279667],[-83.732011,42.279666],[-83.732011,42.279666],[-83.732011,42.279666],[-83.732011,42.279666],[-83.732012,42.279666],[-83.732012,42.279666],[-83.732012,42.279666],[-83.732012,42.279665],[-83.732012,42.279665],[-83.732012,42.279665],[-83.732012,42.279665],[-83.732011,42.279665],[-83.732011,42.279665],[-83.732011,42.279664],[-83.732011,42.279664],[-83.732011,42.279664],[-83.73201,42.279664],[-83.73201,42.279664],[-83.73201,42.279664],[-83.73201,42.279664],[-83.732009,42.279665],[-83.732009,42.279665],[-83.732009,42.279665],[-83.732009,42.279665],[-83.732009,42.279665],[-83.732009,42.279665]],[[-83.732009,42.279665],[-83.732009,42.279666],[-83.732009,42.279666],[-83.732009,42.279666],[-83.732009,42.279666],[-83.73201,42.279666],[-83.73201,42.279666],[-83.73201,42.279666],[-83.73201,42.279666],[-83.73201,42.279666],[-83.73201,42.279666],[-83.732011,42.279666],[-83.732011,42.279666],[-83.732011,42.279666],[-83.732011,42.279666],[-83.732011,42.279666],[-83.732011,42.279666],[-83.732011,42.279666],[-83.732011,42.279665],[-83.732011,42.279665],[-83.732011,42.279665],[-83.732011,42.279665],[-83.732011,42.279665],[-83.732011,42.279665],[-83.732011,42.279665],[-83.732011,42.279665],[-83.73201,42.279665],[-83.73201,42.279665],[-83.73201,42.279665],[-83.73201,42.279665],[-83.73201,42.279665],[-83.73201,42.279665],[-83.732009,42.279665],[-83.732009,42.279665],[-83.732009,42.279665],[-83.732009,42.279665],[-83.732009,42.279665]],[[-83.73201,42.279665],[-83.73201,42.279666],[-83.73201,42.279666],[-83.73201,42.279666],[-83.73201,42.279666],[-83.73201,42.279666],[-83.73201,42.279666],[-83.73201,42.279666],[-83.73201,42.279666],[-83.73201,42.279666],[-83.73201,42.279666],[-83.732011,42.279666],[-83.732011,42.279666],[-83.732011,42.279666],[-83.732011,42.279666],[-83.732011,42.279666],[-83.732011,42.279666],[-83.732011,42.279666],[-83.732011,42.279665],[-83.732011,42.279665],[-83.732011,42.279665],[-83.732011,42.279665],[-83.732011,42.279665],[-83.732011,42.279665],[-83.732011,42.279665],[-83.732011,42.279665],[-83.73201,42.279665],[-83.73201,42.279665],[-83.73201,42.279665],[-83.73201,42.279665],[-83.73201,42.279665],[-83.73201,42.279665],[-83.73201,42.279665],[-83.73201,42.279665],[-83.73201,42.279665],[-83.73201,42.279665],[-83.73201,42.279665]],[[-83.73201,42.279665],[-83.73201,42.279665],[-83.73201,42.279666],[-83.73201,42.279666],[-83.73201,42.279666],[-83.73201,42.279666],[-83.73201,42.279666],[-83.73201,42.279666],[-83.73201,42.279666],[-83.73201,42.279666],[-83.73201,42.279666],[-83.73201,42.279666],[-83.73201,42.279666],[-83.732011,42.279666],[-83.732011,42.279666],[-83.732011,42.279666],[-83.732011,42.279666],[-83.732011,42.279665],[-83.732011,42.279665],[-83.732011,42.279665],[-83.732011,42.279665],[-83.732011,42.279665],[-83.732011,42.279665],[-83.732011,42.279665],[-83.73201,42.279665],[-83.73201,42.279665],[-83.73201,42.279665],[-83.73201,42.279665],[-83.73201,42.279665],[-83.73201,42.279665],[-83.73201,42.279665],[-83.73201,42.279665],[-83.73201,42.279665],[-83.73201,42.279665],[-83.73201,42.279665],[-83.73201,42.279665],[-83.73201,42.279665]]]},"properties":{"Layer":"CM-ATHL"}},{"type":"Feature","geometry":{"type":"MultiLineString","coordinates":[[[-83.73197,42.279666],[-83.73197,42.279666],[-83.73197,42.279667],[-83.73197,42.279667],[-83.73197,42.279667],[-83.73197,42.279667],[-83.731971,42.279667],[-83.731971,42.279668],[-83.731971,42.279668],[-83.731971,42.279668],[-83.731972,42.279668],[-83.731972,42.279668],[-83.731972,42.279667],[-83.731973,42.279667],[-83.731973,42.279667],[-83.731973,42.279667],[-83.731973,42.279667],[-83.731973,42.279667],[-83.731973,42.279666],[-83.731973,42.279666],[-83.731973,42.279666],[-83.731973,42.279666],[-83.731973,42.279665],[-83.731973,42.279665],[-83.731972,42.279665],[-83.731972,42.279665],[-83.731972,42.279665],[-83.731972,42.279665],[-83.731971,42.279665],[-83.731971,42.279665],[-83.731971,42.279665],[-83.73197,42.279665],[-83.73197,42.279665],[-83.73197,42.279666],[-83.73197,42.279666],[-83.73197,42.279666],[-83.73197,42.279666]],[[-83.73197,42.279666],[-83.73197,42.279666],[-83.73197,42.279667],[-83.73197,42.279667],[-83.73197,42.279667],[-83.731971,42.279667],[-83.731971,42.279667],[-83.731971,42.279667],[-83.731971,42.279667],[-83.731971,42.279667],[-83.731972,42.279667],[-83.731972,42.279667],[-83.731972,42.279667],[-83.731972,42.279667],[-83.731973,42.279667],[-83.731973,42.279667],[-83.731973,42.279667],[-83.731973,42.279666],[-83.731973,42.279666],[-83.731973,42.279666],[-83.731973,42.279666],[-83.731973,42.279666],[-83.731973,42.279666],[-83.731972,42.279665],[-83.731972,42.279665],[-83.731972,42.279665],[-83.731972,42.279665],[-83.731972,42.279665],[-83.731971,42.279665],[-83.731971,42.279665],[-83.731971,42.279665],[-83.731971,42.279665],[-83.73197,42.279666],[-83.73197,42.279666],[-83.73197,42.279666],[-83.73197,42.279666],[-83.73197,42.279666]],[[-83.73197,42.279666],[-83.73197,42.279666],[-83.73197,42.279667],[-83.731971,42.279667],[-83.731971,42.279667],[-83.731971,42.279667],[-83.731971,42.279667],[-83.731971,42.279667],[-83.731971,42.279667],[-83.731971,42.279667],[-83.731972,42.279667],[-83.731972,42.279667],[-83.731972,42.279667],[-83.731972,42.279667],[-83.731972,42.279667],[-83.731972,42.279667],[-83.731973,42.279667],[-83.731973,42.279666],[-83.731973,42.279666],[-83.731973,42.279666],[-83.731973,42.279666],[-83.731972,42.279666],[-83.731972,42.279666],[-83.731972,42.279666],[-83.731972,42.279666],[-83.731972,42.279665],[-83.731972,42.279665],[-83.731972,42.279665],[-83.731971,42.279665],[-83.731971,42.279665],[-83.731971,42.279666],[-83.731971,42.279666],[-83.731971,42.279666],[-83.731971,42.279666],[-83.73197,42.279666],[-83.73197,42.279666],[-83.73197,42.279666]],[[-83.731971,42.279666],[-83.731971,42.279666],[-83.731971,42.279666],[-83.731971,42.279667],[-83.731971,42.279667],[-83.731971,42.279667],[-83.731971,42.279667],[-83.731971,42.279667],[-83.731971,42.279667],[-83.731971,42.279667],[-83.731972,42.279667],[-83.731972,42.279667],[-83.731972,42.279667],[-83.731972,42.279667],[-83.731972,42.279667],[-83.731972,42.279667],[-83.731972,42.279666],[-83.731972,42.279666],[-83.731972,42.279666],[-83.731972,42.279666],[-83.731972,42.279666],[-83.731972,42.279666],[-83.731972,42.279666],[-83.731972,42.279666],[-83.731972,42.279666],[-83.731972,42.279666],[-83.731972,42.279666],[-83.731972,42.279666],[-83.731971,42.279666],[-83.731971,42.279666],[-83.731971,42.279666],[-83.731971,42.279666],[-83.731971,42.279666],[-83.731971,42.279666],[-83.731971,42.279666],[-83.731971,42.279666],[-83.731971,42.279666]],[[-83.731971,42.279666],[-83.731971,42.279666],[-83.731971,42.279666],[-83.731971,42.279666],[-83.731971,42.279666],[-83.731971,42.279666],[-83.731971,42.279667],[-83.731971,42.279667],[-83.731971,42.279667],[-83.731971,42.279667],[-83.731972,42.279667],[-83.731972,42.279667],[-83.731972,42.279667],[-83.731972,42.279666],[-83.731972,42.279666],[-83.731972,42.279666],[-83.731972,42.279666],[-83.731972,42.279666],[-83.731972,42.279666],[-83.731972,42.279666],[-83.731972,42.279666],[-83.731972,42.279666],[-83.731972,42.279666],[-83.731972,42.279666],[-83.731972,42.279666],[-83.731972,42.279666],[-83.731972,42.279666],[-83.731972,42.279666],[-83.731971,42.279666],[-83.731971,42.279666],[-83.731971,42.279666],[-83.731971,42.279666],[-83.731971,42.279666],[-83.731971,42.279666],[-83.731971,42.279666],[-83.731971,42.279666],[-83.731971,42.279666]]]},"properties":{"Layer":"CM-ATHL"}},{"type":"Feature","geometry":{"type":"MultiLineString","coordinates":[[[-83.731931,42.279667],[-83.731931,42.279667],[-83.731931,42.279668],[-83.731931,42.279668],[-83.731931,42.279668],[-83.731932,42.279668],[-83.731932,42.279668],[-83.731932,42.279668],[-83.731932,42.279668],[-83.731933,42.279668],[-83.731933,42.279668],[-83.731933,42.279668],[-83.731934,42.279668],[-83.731934,42.279668],[-83.731934,42.279668],[-83.731934,42.279668],[-83.731934,42.279668],[-83.731935,42.279667],[-83.731935,42.279667],[-83.731935,42.279667],[-83.731934,42.279667],[-83.731934,42.279666],[-83.731934,42.279666],[-83.731934,42.279666],[-83.731934,42.279666],[-83.731933,42.279666],[-83.731933,42.279666],[-83.731933,42.279666],[-83.731932,42.279666],[-83.731932,42.279666],[-83.731932,42.279666],[-83.731932,42.279666],[-83.731931,42.279666],[-83.731931,42.279666],[-83.731931,42.279667],[-83.731931,42.279667],[-83.731931,42.279667]],[[-83.731931,42.279667],[-83.731931,42.279667],[-83.731931,42.279667],[-83.731931,42.279668],[-83.731932,42.279668],[-83.731932,42.279668],[-83.731932,42.279668],[-83.731932,42.279668],[-83.731932,42.279668],[-83.731933,42.279668],[-83.731933,42.279668],[-83.731933,42.279668],[-83.731933,42.279668],[-83.731934,42.279668],[-83.731934,42.279668],[-83.731934,42.279668],[-83.731934,42.279667],[-83.731934,42.279667],[-83.731934,42.279667],[-83.731934,42.279667],[-83.731934,42.279667],[-83.731934,42.279667],[-83.731934,42.279666],[-83.731934,42.279666],[-83.731933,42.279666],[-83.731933,42.279666],[-83.731933,42.279666],[-83.731933,42.279666],[-83.731932,42.279666],[-83.731932,42.279666],[-83.731932,42.279666],[-83.731932,42.279666],[-83.731932,42.279666],[-83.731931,42.279667],[-83.731931,42.279667],[-83.731931,42.279667],[-83.731931,42.279667]],[[-83.731932,42.279667],[-83.731932,42.279667],[-83.731932,42.279667],[-83.731932,42.279667],[-83.731932,42.279668],[-83.731932,42.279668],[-83.731932,42.279668],[-83.731932,42.279668],[-83.731933,42.279668],[-83.731933,42.279668],[-83.731933,42.279668],[-83.731933,42.279668],[-83.731933,42.279668],[-83.731933,42.279668],[-83.731934,42.279668],[-83.731934,42.279668],[-83.731934,42.279667],[-83.731934,42.279667],[-83.731934,42.279667],[-83.731934,42.279667],[-83.731934,42.279667],[-83.731934,42.279667],[-83.731934,42.279667],[-83.731933,42.279666],[-83.731933,42.279666],[-83.731933,42.279666],[-83.731933,42.279666],[-83.731933,42.279666],[-83.731933,42.279666],[-83.731932,42.279666],[-83.731932,42.279666],[-83.731932,42.279666],[-83.731932,42.279667],[-83.731932,42.279667],[-83.731932,42.279667],[-83.731932,42.279667],[-83.731932,42.279667]],[[-83.731932,42.279667],[-83.731932,42.279667],[-83.731932,42.279667],[-83.731932,42.279667],[-83.731932,42.279667],[-83.731932,42.279668],[-83.731932,42.279668],[-83.731932,42.279668],[-83.731933,42.279668],[-83.731933,42.279668],[-83.731933,42.279668],[-83.731933,42.279668],[-83.731933,42.279668],[-83.731933,42.279668],[-83.731933,42.279667],[-83.731933,42.279667],[-83.731933,42.279667],[-83.731933,42.279667],[-83.731933,42.279667],[-83.731933,42.279667],[-83.731933,42.279667],[-83.731933,42.279667],[-83.731933,42.279667],[-83.731933,42.279667],[-83.731933,42.279667],[-83.731933,42.279667],[-83.731933,42.279667],[-83.731933,42.279667],[-83.731933,42.279667],[-83.731932,42.279667],[-83.731932,42.279667],[-83.731932,42.279667],[-83.731932,42.279667],[-83.731932,42.279667],[-83.731932,42.279667],[-83.731932,42.279667],[-83.731932,42.279667]],[[-83.731932,42.279667],[-83.731932,42.279667],[-83.731932,42.279667],[-83.731932,42.279667],[-83.731932,42.279667],[-83.731932,42.279667],[-83.731933,42.279667],[-83.731933,42.279667],[-83.731933,42.279667],[-83.731933,42.279667],[-83.731933,42.279667],[-83.731933,42.279667],[-83.731933,42.279667],[-83.731933,42.279667],[-83.731933,42.279667],[-83.731933,42.279667],[-83.731933,42.279667],[-83.731933,42.279667],[-83.731933,42.279667],[-83.731933,42.279667],[-83.731933,42.279667],[-83.731933,42.279667],[-83.731933,42.279667],[-83.731933,42.279667],[-83.731933,42.279667],[-83.731933,42.279667],[-83.731933,42.279667],[-83.731933,42.279667],[-83.731933,42.279667],[-83.731933,42.279667],[-83.731933,42.279667],[-83.731932,42.279667],[-83.731932,42.279667],[-83.731932,42.279667],[-83.731932,42.279667],[-83.731932,42.279667],[-83.731932,42.279667]]]},"properties":{"Layer":"CM-ATHL"}},{"type":"Feature","geometry":{"type":"LineString","coordinates":[[-83.732406,42.279657],[-83.732095,42.279664]]},"properties":{"Layer":"CM-ATHL"}},{"type":"Feature","geometry":{"type":"MultiLineString","coordinates":[[[-83.732459,42.279656],[-83.732459,42.279656],[-83.732459,42.279656],[-83.732459,42.279657],[-83.73246,42.279657],[-83.73246,42.279657],[-83.73246,42.279657],[-83.73246,42.279657],[-83.732461,42.279657],[-83.732461,42.279657],[-83.732462,42.279657],[-83.732462,42.279657],[-83.732462,42.279657],[-83.732462,42.279657],[-83.732463,42.279656],[-83.732463,42.279656],[-83.732463,42.279656],[-83.732463,42.279656],[-83.732463,42.279655],[-83.732463,42.279655],[-83.732462,42.279655],[-83.732462,42.279655],[-83.732462,42.279655],[-83.732461,42.279655],[-83.732461,42.279654],[-83.732461,42.279654],[-83.73246,42.279655],[-83.73246,42.279655],[-83.73246,42.279655],[-83.732459,42.279655],[-83.732459,42.279655],[-83.732459,42.279655],[-83.732459,42.279656]],[[-83.732459,42.279656],[-83.732459,42.279656],[-83.73246,42.279656],[-83.73246,42.279656],[-83.73246,42.279657],[-83.73246,42.279657],[-83.73246,42.279657],[-83.73246,42.279657],[-83.732461,42.279657],[-83.732461,42.279657],[-83.732461,42.279657],[-83.732461,42.279657],[-83.732462,42.279657],[-83.732462,42.279657],[-83.732462,42.279657],[-83.732462,42.279656],[-83.732462,42.279656],[-83.732462,42.279656],[-83.732462,42.279656],[-83.732462,42.279656],[-83.732462,42.279655],[-83.732462,42.279655],[-83.732462,42.279655],[-83.732462,42.279655],[-83.732462,42.279655],[-83.732461,42.279655],[-83.732461,42.279655],[-83.732461,42.279655],[-83.732461,42.279655],[-83.73246,42.279655],[-83.73246,42.279655],[-83.73246,42.279655],[-83.73246,42.279655],[-83.73246,42.279655],[-83.73246,42.279655],[-83.732459,42.279656],[-83.732459,42.279656]],[[-83.73246,42.279656],[-83.73246,42.279656],[-83.73246,42.279656],[-83.73246,42.279656],[-83.73246,42.279656],[-83.73246,42.279656],[-83.73246,42.279657],[-83.732461,42.279657],[-83.732461,42.279657],[-83.732461,42.279657],[-83.732461,42.279657],[-83.732461,42.279657],[-83.732461,42.279657],[-83.732462,42.279656],[-83.732462,42.279656],[-83.732462,42.279656],[-83.732462,42.279656],[-83.732462,42.279656],[-83.732462,42.279656],[-83.732462,42.279656],[-83.732462,42.279656],[-83.732462,42.279655],[-83.732462,42.279655],[-83.732462,42.279655],[-83.732461,42.279655],[-83.732461,42.279655],[-83.732461,42.279655],[-83.732461,42.279655],[-83.732461,42.279655],[-83.732461,42.279655],[-83.73246,42.279655],[-83.73246,42.279655],[-83.73246,42.279655],[-83.73246,42.279655],[-83.73246,42.279656],[-83.73246,42.279656],[-83.73246,42.279656]],[[-83.73246,42.279656],[-83.73246,42.279656],[-83.73246,42.279656],[-83.73246,42.279656],[-83.73246,42.279656],[-83.73246,42.279656],[-83.732461,42.279656],[-83.732461,42.279656],[-83.732461,42.279656],[-83.732461,42.279656],[-83.732461,42.279656],[-83.732461,42.279656],[-83.732461,42.279656],[-83.732461,42.279656],[-83.732461,42.279656],[-83.732462,42.279656],[-83.732462,42.279656],[-83.732462,42.279656],[-83.732462,42.279656],[-83.732462,42.279656],[-83.732462,42.279656],[-83.732462,42.279656],[-83.732461,42.279656],[-83.732461,42.279655],[-83.732461,42.279655],[-83.732461,42.279655],[-83.732461,42.279655],[-83.732461,42.279655],[-83.732461,42.279655],[-83.732461,42.279655],[-83.732461,42.279655],[-83.73246,42.279655],[-83.73246,42.279655],[-83.73246,42.279656],[-83.73246,42.279656],[-83.73246,42.279656],[-83.73246,42.279656]],[[-83.732461,42.279656],[-83.732461,42.279656],[-83.732461,42.279656],[-83.732461,42.279656],[-83.732461,42.279656],[-83.732461,42.279656],[-83.732461,42.279656],[-83.732461,42.279656],[-83.732461,42.279656],[-83.732461,42.279656],[-83.732461,42.279656],[-83.732461,42.279656],[-83.732461,42.279656],[-83.732461,42.279656],[-83.732461,42.279656],[-83.732461,42.279656],[-83.732461,42.279656],[-83.732461,42.279656],[-83.732461,42.279656],[-83.732461,42.279656],[-83.732461,42.279656],[-83.732461,42.279656],[-83.732461,42.279656],[-83.732461,42.279656],[-83.732461,42.279656],[-83.732461,42.279656],[-83.732461,42.279656],[-83.732461,42.279656],[-83.732461,42.279656],[-83.732461,42.279656],[-83.732461,42.279656],[-83.732461,42.279656],[-83.732461,42.279656],[-83.732461,42.279656],[-83.732461,42.279656],[-83.732461,42.279656],[-83.732461,42.279656]]]},"properties":{"Layer":"CM-ATHL"}},{"type":"Feature","geometry":{"type":"MultiLineString","coordinates":[[[-83.732502,42.279655],[-83.732502,42.279655],[-83.732502,42.279655],[-83.732502,42.279656],[-83.732502,42.279656],[-83.732502,42.279656],[-83.732503,42.279656],[-83.732503,42.279656],[-83.732503,42.279656],[-83.732504,42.279656],[-83.732504,42.279656],[-83.732504,42.279656],[-83.732505,42.279656],[-83.732505,42.279656],[-83.732505,42.279656],[-83.732505,42.279655],[-83.732505,42.279655],[-83.732505,42.279655],[-83.732505,42.279655],[-83.732505,42.279654],[-83.732505,42.279654],[-83.732505,42.279654],[-83.732504,42.279654],[-83.732504,42.279654],[-83.732504,42.279654],[-83.732503,42.279654],[-83.732503,42.279654],[-83.732502,42.279654],[-83.732502,42.279654],[-83.732502,42.279654],[-83.732502,42.279654],[-83.732502,42.279655],[-83.732502,42.279655]],[[-83.732502,42.279655],[-83.732502,42.279655],[-83.732502,42.279655],[-83.732502,42.279655],[-83.732502,42.279656],[-83.732502,42.279656],[-83.732503,42.279656],[-83.732503,42.279656],[-83.732503,42.279656],[-83.732503,42.279656],[-83.732504,42.279656],[-83.732504,42.279656],[-83.732504,42.279656],[-83.732504,42.279656],[-83.732505,42.279656],[-83.732505,42.279656],[-83.732505,42.279655],[-83.732505,42.279655],[-83.732505,42.279655],[-83.732505,42.279655],[-83.732505,42.279655],[-83.732505,42.279654],[-83.732505,42.279654],[-83.732504,42.279654],[-83.732504,42.279654],[-83.732504,42.279654],[-83.732504,42.279654],[-83.732503,42.279654],[-83.732503,42.279654],[-83.732503,42.279654],[-83.732503,42.279654],[-83.732502,42.279654],[-83.732502,42.279654],[-83.732502,42.279654],[-83.732502,42.279655],[-83.732502,42.279655],[-83.732502,42.279655]],[[-83.732502,42.279655],[-83.732502,42.279655],[-83.732502,42.279655],[-83.732502,42.279655],[-83.732503,42.279655],[-83.732503,42.279656],[-83.732503,42.279656],[-83.732503,42.279656],[-83.732503,42.279656],[-83.732503,42.279656],[-83.732504,42.279656],[-83.732504,42.279656],[-83.732504,42.279656],[-83.732504,42.279656],[-83.732504,42.279655],[-83.732504,42.279655],[-83.732504,42.279655],[-83.732504,42.279655],[-83.732505,42.279655],[-83.732504,42.279655],[-83.732504,42.279655],[-83.732504,42.279655],[-83.732504,42.279654],[-83.732504,42.279654],[-83.732504,42.279654],[-83.732504,42.279654],[-83.732504,42.279654],[-83.732503,42.279654],[-83.732503,42.279654],[-83.732503,42.279654],[-83.732503,42.279654],[-83.732503,42.279654],[-83.732503,42.279654],[-83.732502,42.279655],[-83.732502,42.279655],[-83.732502,42.279655],[-83.732502,42.279655]],[[-83.732503,42.279655],[-83.732503,42.279655],[-83.732503,42.279655],[-83.732503,42.279655],[-83.732503,42.279655],[-83.732503,42.279655],[-83.732503,42.279655],[-83.732503,42.279655],[-83.732503,42.279655],[-83.732503,42.279656],[-83.732504,42.279655],[-83.732504,42.279655],[-83.732504,42.279655],[-83.732504,42.279655],[-83.732504,42.279655],[-83.732504,42.279655],[-83.732504,42.279655],[-83.732504,42.279655],[-83.732504,42.279655],[-83.732504,42.279655],[-83.732504,42.279655],[-83.732504,42.279655],[-83.732504,42.279655],[-83.732504,42.279655],[-83.732504,42.279654],[-83.732504,42.279654],[-83.732504,42.279654],[-83.732503,42.279654],[-83.732503,42.279654],[-83.732503,42.279654],[-83.732503,42.279654],[-83.732503,42.279655],[-83.732503,42.279655],[-83.732503,42.279655],[-83.732503,42.279655],[-83.732503,42.279655],[-83.732503,42.279655]],[[-83.732503,42.279655],[-83.732503,42.279655],[-83.732503,42.279655],[-83.732503,42.279655],[-83.732503,42.279655],[-83.732503,42.279655],[-83.732503,42.279655],[-83.732503,42.279655],[-83.732503,42.279655],[-83.732503,42.279655],[-83.732503,42.279655],[-83.732504,42.279655],[-83.732504,42.279655],[-83.732504,42.279655],[-83.732504,42.279655],[-83.732504,42.279655],[-83.732504,42.279655],[-83.732504,42.279655],[-83.732504,42.279655],[-83.732504,42.279655],[-83.732504,42.279655],[-83.732504,42.279655],[-83.732504,42.279655],[-83.732504,42.279655],[-83.732504,42.279655],[-83.732504,42.279655],[-83.732503,42.279655],[-83.732503,42.279655],[-83.732503,42.279655],[-83.732503,42.279655],[-83.732503,42.279655],[-83.732503,42.279655],[-83.732503,42.279655],[-83.732503,42.279655],[-83.732503,42.279655],[-83.732503,42.279655],[-83.732503,42.279655]]]},"properties":{"Layer":"CM-ATHL"}},{"type":"Feature","geometry":{"type":"MultiLineString","coordinates":[[[-83.732544,42.279654],[-83.732544,42.279654],[-83.732544,42.279654],[-83.732544,42.279655],[-83.732544,42.279655],[-83.732545,42.279655],[-83.732545,42.279655],[-83.732545,42.279655],[-83.732546,42.279655],[-83.732546,42.279655],[-83.732546,42.279655],[-83.732547,42.279655],[-83.732547,42.279655],[-83.732547,42.279655],[-83.732548,42.279655],[-83.732548,42.279654],[-83.732548,42.279654],[-83.732548,42.279654],[-83.732548,42.279654],[-83.732547,42.279653],[-83.732547,42.279653],[-83.732547,42.279653],[-83.732547,42.279653],[-83.732546,42.279653],[-83.732546,42.279653],[-83.732546,42.279653],[-83.732545,42.279653],[-83.732545,42.279653],[-83.732545,42.279653],[-83.732544,42.279653],[-83.732544,42.279653],[-83.732544,42.279654],[-83.732544,42.279654]],[[-83.732544,42.279654],[-83.732544,42.279654],[-83.732544,42.279654],[-83.732545,42.279655],[-83.732545,42.279655],[-83.732545,42.279655],[-83.732545,42.279655],[-83.732545,42.279655],[-83.732546,42.279655],[-83.732546,42.279655],[-83.732546,42.279655],[-83.732546,42.279655],[-83.732547,42.279655],[-83.732547,42.279655],[-83.732547,42.279655],[-83.732547,42.279655],[-83.732547,42.279654],[-83.732547,42.279654],[-83.732547,42.279654],[-83.732547,42.279654],[-83.732547,42.279654],[-83.732547,42.279654],[-83.732547,42.279653],[-83.732547,42.279653],[-83.732547,42.279653],[-83.732546,42.279653],[-83.732546,42.279653],[-83.732546,42.279653],[-83.732546,42.279653],[-83.732545,42.279653],[-83.732545,42.279653],[-83.732545,42.279653],[-83.732545,42.279653],[-83.732545,42.279654],[-83.732544,42.279654],[-83.732544,42.279654],[-83.732544,42.279654]],[[-83.732545,42.279654],[-83.732545,42.279654],[-83.732545,42.279654],[-83.732545,42.279654],[-83.732545,42.279655],[-83.732545,42.279655],[-83.732545,42.279655],[-83.732545,42.279655],[-83.732546,42.279655],[-83.732546,42.279655],[-83.732546,42.279655],[-83.732546,42.279655],[-83.732546,42.279655],[-83.732547,42.279655],[-83.732547,42.279655],[-83.732547,42.279654],[-83.732547,42.279654],[-83.732547,42.279654],[-83.732547,42.279654],[-83.732547,42.279654],[-83.732547,42.279654],[-83.732547,42.279654],[-83.732547,42.279654],[-83.732547,42.279653],[-83.732546,42.279653],[-83.732546,42.279653],[-83.732546,42.279653],[-83.732546,42.279653],[-83.732546,42.279653],[-83.732546,42.279653],[-83.732545,42.279653],[-83.732545,42.279653],[-83.732545,42.279654],[-83.732545,42.279654],[-83.732545,42.279654],[-83.732545,42.279654],[-83.732545,42.279654]],[[-83.732545,42.279654],[-83.732545,42.279654],[-83.732545,42.279654],[-83.732545,42.279654],[-83.732545,42.279654],[-83.732545,42.279654],[-83.732546,42.279655],[-83.732546,42.279655],[-83.732546,42.279655],[-83.732546,42.279655],[-83.732546,42.279655],[-83.732546,42.279655],[-83.732546,42.279655],[-83.732546,42.279654],[-83.732546,42.279654],[-83.732547,42.279654],[-83.732547,42.279654],[-83.732547,42.279654],[-83.732547,42.279654],[-83.732547,42.279654],[-83.732547,42.279654],[-83.732547,42.279654],[-83.732546,42.279654],[-83.732546,42.279654],[-83.732546,42.279654],[-83.732546,42.279654],[-83.732546,42.279654],[-83.732546,42.279654],[-83.732546,42.279654],[-83.732546,42.279654],[-83.732546,42.279654],[-83.732545,42.279654],[-83.732545,42.279654],[-83.732545,42.279654],[-83.732545,42.279654],[-83.732545,42.279654],[-83.732545,42.279654]],[[-83.732546,42.279654],[-83.732546,42.279654],[-83.732546,42.279654],[-83.732546,42.279654],[-83.732546,42.279654],[-83.732546,42.279654],[-83.732546,42.279654],[-83.732546,42.279654],[-83.732546,42.279654],[-83.732546,42.279654],[-83.732546,42.279654],[-83.732546,42.279654],[-83.732546,42.279654],[-83.732546,42.279654],[-83.732546,42.279654],[-83.732546,42.279654],[-83.732546,42.279654],[-83.732546,42.279654],[-83.732546,42.279654],[-83.732546,42.279654],[-83.732546,42.279654],[-83.732546,42.279654],[-83.732546,42.279654],[-83.732546,42.279654],[-83.732546,42.279654],[-83.732546,42.279654],[-83.732546,42.279654],[-83.732546,42.279654],[-83.732546,42.279654],[-83.732546,42.279654],[-83.732546,42.279654],[-83.732546,42.279654],[-83.732546,42.279654],[-83.732546,42.279654],[-83.732546,42.279654],[-83.732546,42.279654],[-83.732546,42.279654]]]},"properties":{"Layer":"CM-ATHL"}},{"type":"Feature","geometry":{"type":"LineString","coordinates":[[-83.73208,42.279664],[-83.731933,42.279667]]},"properties":{"Layer":"CM-ATHL"}},{"type":"Feature","geometry":{"type":"LineString","coordinates":[[-83.732588,42.279653],[-83.73242,42.279657]]},"properties":{"Layer":"CM-ATHL"}},{"type":"Feature","geometry":{"type":"LineString","coordinates":[[-83.732926,42.279978],[-83.732944,42.279978]]},"properties":{"Layer":"CM-ATHL"}},{"type":"Feature","geometry":{"type":"LineString","coordinates":[[-83.732978,42.279977],[-83.733234,42.279971]]},"properties":{"Layer":"CM-ATHL"}},{"type":"Feature","geometry":{"type":"MultiLineString","coordinates":[[[-83.732744,42.279377],[-83.732906,42.279374],[-83.732906,42.279383]],[[-83.732906,42.279383],[-83.732908,42.279422]],[[-83.732906,42.279383],[-83.732904,42.279383],[-83.732901,42.279384],[-83.732899,42.279384],[-83.732896,42.279384],[-83.732894,42.279384],[-83.732891,42.279385],[-83.732889,42.279385],[-83.732886,42.279386],[-83.732884,42.279386],[-83.732882,42.279387],[-83.732879,42.279388],[-83.732877,42.279389],[-83.732875,42.27939],[-83.732872,42.279391],[-83.73287,42.279392],[-83.732868,42.279393],[-83.732866,42.279394],[-83.732864,42.279395],[-83.732862,42.279396],[-83.73286,42.279397],[-83.732859,42.279399],[-83.732857,42.2794],[-83.732855,42.279402],[-83.732854,42.279403],[-83.732852,42.279405],[-83.732851,42.279406],[-83.732849,42.279408],[-83.732848,42.279409],[-83.732847,42.279411],[-83.732846,42.279413],[-83.732845,42.279414],[-83.732844,42.279416],[-83.732843,42.279418],[-83.732842,42.27942],[-83.732841,42.279422],[-83.732841,42.279423],[-83.73284,42.279425],[-83.73284,42.279427],[-83.732839,42.279429],[-83.732839,42.279431],[-83.732839,42.279433],[-83.732839,42.279435],[-83.732839,42.279435]],[[-83.732581,42.279389],[-83.732581,42.27938],[-83.732744,42.279377]],[[-83.732894,42.279418],[-83.732907,42.279418]],[[-83.732894,42.279418],[-83.732894,42.279423]],[[-83.732881,42.279418],[-83.732894,42.279418]],[[-83.732881,42.279418],[-83.732881,42.279423]],[[-83.732868,42.279418],[-83.732881,42.279418]],[[-83.732868,42.279418],[-83.732868,42.279423]],[[-83.732868,42.279418],[-83.732855,42.279419],[-83.732855,42.279423]],[[-83.732745,42.279419],[-83.732744,42.279377]],[[-83.732745,42.279419],[-83.732744,42.279419],[-83.732742,42.279419],[-83.732741,42.27942],[-83.732739,42.27942],[-83.732738,42.27942],[-83.732736,42.279421],[-83.732735,42.279421],[-83.732734,42.279421],[-83.732732,42.279422],[-83.732731,42.279423],[-83.73273,42.279423],[-83.732729,42.279424],[-83.732728,42.279425],[-83.732727,42.279426],[-83.732726,42.279427],[-83.732725,42.279428],[-83.732724,42.279428],[-83.732724,42.279429],[-83.732723,42.279431],[-83.732723,42.279432],[-83.732722,42.279433],[-83.732722,42.279434],[-83.732722,42.279435],[-83.732721,42.279436],[-83.732721,42.279437],[-83.732721,42.279438],[-83.732722,42.279439],[-83.732722,42.27944],[-83.732722,42.279441],[-83.732722,42.279443],[-83.732723,42.279444],[-83.732724,42.279445],[-83.732724,42.279446],[-83.732725,42.279447],[-83.732726,42.279447],[-83.732727,42.279448],[-83.732728,42.279449],[-83.732729,42.27945],[-83.73273,42.279451],[-83.732731,42.279451],[-83.732732,42.279452],[-83.732733,42.279453],[-83.732735,42.279453],[-83.732736,42.279454],[-83.732738,42.279454],[-83.732739,42.279454],[-83.73274,42.279455],[-83.732742,42.279455],[-83.732743,42.279455],[-83.732745,42.279455],[-83.732746,42.279455]],[[-83.732894,42.279423],[-83.732908,42.279422]],[[-83.732881,42.279423],[-83.732894,42.279423]],[[-83.732868,42.279423],[-83.732881,42.279423]],[[-83.732855,42.279423],[-83.732868,42.279423]],[[-83.732855,42.279423],[-83.732856,42.279423],[-83.732857,42.279423],[-83.732859,42.279423],[-83.73286,42.279424],[-83.732861,42.279424],[-83.732862,42.279424],[-83.732863,42.279425],[-83.732864,42.279425],[-83.732865,42.279426],[-83.732866,42.279426],[-83.732867,42.279427],[-83.732868,42.279428],[-83.732869,42.279428],[-83.732869,42.279429],[-83.73287,42.27943],[-83.73287,42.279431],[-83.732871,42.279431],[-83.732871,42.279432],[-83.732871,42.279433],[-83.732872,42.279434],[-83.732872,42.279435],[-83.732872,42.279436],[-83.732872,42.279437],[-83.732871,42.279438],[-83.732871,42.279439],[-83.732871,42.279439],[-83.73287,42.27944],[-83.73287,42.279441],[-83.732869,42.279442],[-83.732868,42.279443],[-83.732868,42.279443],[-83.732867,42.279444],[-83.732866,42.279445],[-83.732865,42.279445],[-83.732864,42.279446],[-83.732863,42.279446],[-83.732862,42.279447],[-83.732861,42.279447],[-83.732859,42.279447],[-83.732858,42.279447],[-83.732857,42.279447],[-83.732856,42.279447]],[[-83.732622,42.279423],[-83.732635,42.279422],[-83.732635,42.279427]],[[-83.732622,42.279423],[-83.732622,42.279427]],[[-83.732609,42.279423],[-83.732622,42.279423]],[[-83.732609,42.279423],[-83.732609,42.279427]],[[-83.732596,42.279423],[-83.732609,42.279423]],[[-83.732596,42.279423],[-83.732596,42.279428]],[[-83.732582,42.279423],[-83.732596,42.279423]],[[-83.732582,42.279423],[-83.732581,42.279389]],[[-83.732635,42.279427],[-83.732634,42.279427],[-83.732633,42.279427],[-83.732632,42.279427],[-83.73263,42.279428],[-83.732629,42.279428],[-83.732628,42.279428],[-83.732627,42.279429],[-83.732626,42.279429],[-83.732625,42.27943],[-83.732624,42.27943],[-83.732623,42.279431],[-83.732623,42.279432],[-83.732622,42.279432],[-83.732621,42.279433],[-83.732621,42.279434],[-83.73262,42.279435],[-83.73262,42.279436],[-83.73262,42.279437],[-83.732619,42.279438],[-83.732619,42.279438],[-83.732619,42.279439],[-83.732619,42.27944],[-83.732619,42.279441],[-83.73262,42.279442],[-83.73262,42.279443],[-83.73262,42.279444],[-83.732621,42.279445],[-83.732622,42.279445],[-83.732622,42.279446],[-83.732623,42.279447],[-83.732624,42.279447],[-83.732625,42.279448],[-83.732626,42.279449],[-83.732627,42.279449],[-83.732628,42.27945],[-83.732629,42.27945],[-83.73263,42.27945],[-83.732631,42.279451],[-83.732632,42.279451],[-83.732633,42.279451],[-83.732635,42.279451],[-83.732636,42.279451]],[[-83.732622,42.279427],[-83.732635,42.279427]],[[-83.732609,42.279427],[-83.732622,42.279427]],[[-83.732596,42.279428],[-83.732609,42.279427]],[[-83.732583,42.279428],[-83.732596,42.279428]],[[-83.732583,42.279428],[-83.732582,42.279423]],[[-83.732839,42.279435],[-83.732839,42.279435],[-83.732839,42.279434],[-83.732839,42.279433],[-83.73284,42.279432],[-83.73284,42.279431],[-83.732841,42.27943],[-83.732841,42.279429],[-83.732842,42.279429],[-83.732842,42.279428],[-83.732843,42.279427],[-83.732844,42.279427],[-83.732845,42.279426],[-83.732846,42.279425],[-83.732847,42.279425],[-83.732848,42.279425],[-83.732849,42.279424],[-83.73285,42.279424],[-83.732851,42.279424],[-83.732853,42.279423],[-83.732854,42.279423],[-83.732855,42.279423]],[[-83.732839,42.279435],[-83.732839,42.279436]],[[-83.732839,42.279436],[-83.732839,42.279436],[-83.732839,42.279437],[-83.73284,42.279438],[-83.73284,42.279439],[-83.73284,42.27944],[-83.732841,42.279441],[-83.732841,42.279442],[-83.732842,42.279442],[-83.732843,42.279443],[-83.732844,42.279444],[-83.732845,42.279444],[-83.732846,42.279445],[-83.732847,42.279445],[-83.732848,42.279446],[-83.732849,42.279446],[-83.73285,42.279447],[-83.732851,42.279447],[-83.732852,42.279447],[-83.732853,42.279447],[-83.732855,42.279447],[-83.732856,42.279447]],[[-83.732839,42.279436],[-83.732839,42.279437],[-83.732839,42.279438],[-83.73284,42.27944],[-83.73284,42.279442],[-83.73284,42.279444],[-83.732841,42.279446],[-83.732841,42.279448],[-83.732842,42.27945],[-83.732843,42.279451],[-83.732844,42.279453],[-83.732845,42.279455],[-83.732846,42.279457],[-83.732847,42.279458],[-83.732848,42.27946],[-83.73285,42.279462],[-83.732851,42.279463],[-83.732852,42.279465],[-83.732854,42.279466],[-83.732856,42.279468],[-83.732857,42.279469],[-83.732859,42.27947],[-83.732861,42.279472],[-83.732863,42.279473],[-83.732865,42.279474],[-83.732867,42.279475],[-83.732869,42.279476],[-83.732871,42.279477],[-83.732873,42.279478],[-83.732875,42.279479],[-83.732877,42.27948],[-83.73288,42.279481],[-83.732882,42.279482],[-83.732884,42.279482],[-83.732887,42.279483],[-83.732889,42.279484],[-83.732892,42.279484],[-83.732894,42.279485],[-83.732897,42.279485],[-83.732899,42.279485],[-83.732902,42.279485],[-83.732904,42.279485],[-83.732907,42.279486],[-83.732909,42.279486]],[[-83.732652,42.279439],[-83.732652,42.279438],[-83.732652,42.279436],[-83.732651,42.279434],[-83.732651,42.279432],[-83.732651,42.27943],[-83.73265,42.279428],[-83.732649,42.279427],[-83.732649,42.279425],[-83.732648,42.279423],[-83.732647,42.279421],[-83.732646,42.27942],[-83.732645,42.279418],[-83.732644,42.279416],[-83.732643,42.279414],[-83.732641,42.279413],[-83.73264,42.279411],[-83.732639,42.27941],[-83.732637,42.279408],[-83.732635,42.279407],[-83.732634,42.279405],[-83.732632,42.279404],[-83.73263,42.279403],[-83.732628,42.279401],[-83.732626,42.2794],[-83.732624,42.279399],[-83.732622,42.279398],[-83.73262,42.279397],[-83.732618,42.279396],[-83.732616,42.279395],[-83.732613,42.279394],[-83.732611,42.279393],[-83.732609,42.279393],[-83.732606,42.279392],[-83.732604,42.279391],[-83.732602,42.279391],[-83.732599,42.27939],[-83.732597,42.27939],[-83.732594,42.279389],[-83.732592,42.279389],[-83.732589,42.279389],[-83.732587,42.279389],[-83.732584,42.279389],[-83.732581,42.279389]],[[-83.732652,42.279439],[-83.732652,42.279438],[-83.732652,42.279437],[-83.732651,42.279436],[-83.732651,42.279435],[-83.732651,42.279434],[-83.73265,42.279434],[-83.732649,42.279433],[-83.732649,42.279432],[-83.732648,42.279431],[-83.732647,42.279431],[-83.732646,42.27943],[-83.732645,42.279429],[-83.732644,42.279429],[-83.732643,42.279428],[-83.732642,42.279428],[-83.732641,42.279428],[-83.73264,42.279427],[-83.732639,42.279427],[-83.732638,42.279427],[-83.732636,42.279427],[-83.732635,42.279427]],[[-83.732652,42.279439],[-83.732652,42.27944],[-83.732652,42.279441],[-83.732652,42.279441],[-83.732651,42.279442],[-83.732651,42.279443],[-83.73265,42.279444],[-83.73265,42.279445],[-83.732649,42.279446],[-83.732649,42.279446],[-83.732648,42.279447],[-83.732647,42.279448],[-83.732646,42.279448],[-83.732645,42.279449],[-83.732644,42.279449],[-83.732643,42.27945],[-83.732642,42.27945],[-83.732641,42.279451],[-83.73264,42.279451],[-83.732638,42.279451],[-83.732637,42.279451],[-83.732636,42.279451]],[[-83.732908,42.279447],[-83.732908,42.279422]],[[-83.732908,42.279447],[-83.732908,42.279451]],[[-83.732895,42.279447],[-83.732908,42.279447]],[[-83.732882,42.279447],[-83.732895,42.279447]],[[-83.732869,42.279447],[-83.732882,42.279447]],[[-83.732856,42.279447],[-83.732869,42.279447]],[[-83.732856,42.279447],[-83.732856,42.279452],[-83.732869,42.279452]],[[-83.732908,42.279451],[-83.732909,42.279486]],[[-83.732895,42.279451],[-83.732908,42.279451]],[[-83.732895,42.279451],[-83.732895,42.279447]],[[-83.732882,42.279452],[-83.732895,42.279451]],[[-83.732882,42.279452],[-83.732882,42.279447]],[[-83.732869,42.279452],[-83.732882,42.279452]],[[-83.732869,42.279452],[-83.732869,42.279447]],[[-83.732623,42.279451],[-83.732636,42.279451]],[[-83.73261,42.279452],[-83.732623,42.279451]],[[-83.732596,42.279452],[-83.73261,42.279452]],[[-83.732583,42.279452],[-83.732596,42.279452]],[[-83.732583,42.279452],[-83.732583,42.279428]],[[-83.732583,42.279452],[-83.732583,42.279428],[-83.732583,42.279428]],[[-83.732746,42.279455],[-83.732746,42.279455],[-83.732748,42.279455],[-83.732749,42.279455],[-83.732751,42.279455],[-83.732752,42.279454],[-83.732754,42.279454],[-83.732755,42.279454],[-83.732756,42.279453],[-83.732758,42.279453],[-83.732759,42.279452],[-83.73276,42.279451],[-83.732761,42.279451],[-83.732763,42.27945],[-83.732764,42.279449],[-83.732765,42.279448],[-83.732765,42.279447],[-83.732766,42.279446],[-83.732767,42.279445],[-83.732768,42.279444],[-83.732768,42.279443],[-83.732769,42.279442],[-83.732769,42.279441],[-83.732769,42.27944],[-83.732769,42.279439],[-83.73277,42.279438],[-83.73277,42.279437],[-83.732769,42.279436],[-83.732769,42.279435],[-83.732769,42.279433],[-83.732769,42.279432],[-83.732768,42.279431],[-83.732768,42.27943],[-83.732767,42.279429],[-83.732766,42.279428],[-83.732766,42.279427],[-83.732765,42.279426],[-83.732764,42.279426],[-83.732763,42.279425],[-83.732762,42.279424],[-83.732761,42.279423],[-83.732759,42.279423],[-83.732758,42.279422],[-83.732757,42.279421],[-83.732755,42.279421],[-83.732754,42.27942],[-83.732753,42.27942],[-83.732751,42.27942],[-83.73275,42.27942],[-83.732748,42.279419],[-83.732747,42.279419],[-83.732745,42.279419],[-83.732745,42.279419]],[[-83.732746,42.279455],[-83.732745,42.279419]],[[-83.732623,42.279456],[-83.732636,42.279456],[-83.732636,42.279451]],[[-83.732623,42.279456],[-83.732623,42.279451]],[[-83.73261,42.279456],[-83.732623,42.279456]],[[-83.73261,42.279456],[-83.73261,42.279452]],[[-83.732597,42.279456],[-83.73261,42.279456]],[[-83.732597,42.279456],[-83.732596,42.279452]],[[-83.732584,42.279457],[-83.732597,42.279456]],[[-83.732584,42.279457],[-83.732583,42.279452]],[[-83.732909,42.279486],[-83.73291,42.279495],[-83.732747,42.279497]],[[-83.732585,42.279491],[-83.732587,42.279491],[-83.73259,42.279491],[-83.732592,42.279491],[-83.732595,42.27949],[-83.732597,42.27949],[-83.7326,42.27949],[-83.732602,42.279489],[-83.732605,42.279488],[-83.732607,42.279488],[-83.732609,42.279487],[-83.732612,42.279486],[-83.732614,42.279486],[-83.732616,42.279485],[-83.732618,42.279484],[-83.732621,42.279483],[-83.732623,42.279482],[-83.732625,42.279481],[-83.732627,42.279479],[-83.732629,42.279478],[-83.732631,42.279477],[-83.732632,42.279476],[-83.732634,42.279474],[-83.732636,42.279473],[-83.732637,42.279471],[-83.732639,42.27947],[-83.73264,42.279468],[-83.732642,42.279467],[-83.732643,42.279465],[-83.732644,42.279463],[-83.732645,42.279462],[-83.732646,42.27946],[-83.732647,42.279458],[-83.732648,42.279456],[-83.732649,42.279455],[-83.73265,42.279453],[-83.73265,42.279451],[-83.732651,42.279449],[-83.732651,42.279447],[-83.732651,42.279445],[-83.732652,42.279443],[-83.732652,42.279442],[-83.732652,42.27944],[-83.732652,42.279439]],[[-83.732585,42.279491],[-83.732584,42.279457]],[[-83.732747,42.279497],[-83.732746,42.279455]],[[-83.732747,42.279497],[-83.732585,42.2795],[-83.732585,42.279491]]]},"properties":{"Layer":"CM-ATHL"}},{"type":"Feature","geometry":{"type":"LineString","coordinates":[[-83.732988,42.279315],[-83.732988,42.279317],[-83.732988,42.279319],[-83.732989,42.27932],[-83.732989,42.279322],[-83.732989,42.279324],[-83.73299,42.279326],[-83.732991,42.279328],[-83.732991,42.27933],[-83.732992,42.279331],[-83.732993,42.279333],[-83.732994,42.279335],[-83.732995,42.279337],[-83.732996,42.279338],[-83.732998,42.27934],[-83.732999,42.279341],[-83.733,42.279343],[-83.733002,42.279345],[-83.733004,42.279346],[-83.733005,42.279347],[-83.733007,42.279349],[-83.733009,42.27935],[-83.733011,42.279352],[-83.733013,42.279353],[-83.733014,42.279354],[-83.733017,42.279355],[-83.733019,42.279356],[-83.733021,42.279357],[-83.733023,42.279358],[-83.733025,42.279359],[-83.733027,42.27936],[-83.73303,42.279361],[-83.733032,42.279361],[-83.733035,42.279362],[-83.733037,42.279363],[-83.733039,42.279363],[-83.733042,42.279363],[-83.733044,42.279364],[-83.733047,42.279364],[-83.733049,42.279364],[-83.733052,42.279365],[-83.733055,42.279365],[-83.733057,42.279365],[-83.73306,42.279365],[-83.733062,42.279365],[-83.733065,42.279364],[-83.733067,42.279364],[-83.73307,42.279364],[-83.733072,42.279363],[-83.733075,42.279363],[-83.733077,42.279362],[-83.73308,42.279362],[-83.733082,42.279361],[-83.733084,42.27936],[-83.733087,42.27936],[-83.733089,42.279359],[-83.733091,42.279358],[-83.733093,42.279357],[-83.733095,42.279356],[-83.733097,42.279355],[-83.733099,42.279354],[-83.733101,42.279352],[-83.733103,42.279351],[-83.733105,42.27935],[-83.733107,42.279349],[-83.733109,42.279347],[-83.73311,42.279346],[-83.733112,42.279344],[-83.733113,42.279343],[-83.733115,42.279341],[-83.733116,42.279339],[-83.733117,42.279338],[-83.733119,42.279336],[-83.73312,42.279334],[-83.733121,42.279333],[-83.733121,42.279331],[-83.733122,42.279329],[-83.733123,42.279327],[-83.733124,42.279326],[-83.733124,42.279324],[-83.733125,42.279322],[-83.733125,42.27932],[-83.733125,42.279318],[-83.733126,42.279316],[-83.733126,42.279314],[-83.733126,42.279312]]},"properties":{"Layer":"CM-ATHL"}},{"type":"Feature","geometry":{"type":"LineString","coordinates":[[-83.733074,42.279352],[-83.733073,42.279313]]},"properties":{"Layer":"CM-ATHL"}},{"type":"Feature","geometry":{"type":"LineString","coordinates":[[-83.733042,42.279353],[-83.73304,42.279314]]},"properties":{"Layer":"CM-ATHL"}},{"type":"Feature","geometry":{"type":"LineString","coordinates":[[-83.733073,42.279313],[-83.73304,42.279314]]},"properties":{"Layer":"CM-ATHL"}},{"type":"Feature","geometry":{"type":"LineString","coordinates":[[-83.733058,42.279365],[-83.73306,42.279365],[-83.733061,42.279365],[-83.733062,42.279364],[-83.733063,42.279364],[-83.733064,42.279364],[-83.733065,42.279363],[-83.733066,42.279363],[-83.733067,42.279362],[-83.733068,42.279362],[-83.733069,42.279361],[-83.73307,42.279361],[-83.733071,42.27936],[-83.733072,42.279359],[-83.733072,42.279358],[-83.733073,42.279358],[-83.733073,42.279357],[-83.733074,42.279356],[-83.733074,42.279355],[-83.733074,42.279354],[-83.733074,42.279353],[-83.733074,42.279352]]},"properties":{"Layer":"CM-ATHL"}},{"type":"Feature","geometry":{"type":"LineString","coordinates":[[-83.733058,42.279365],[-83.733057,42.279365],[-83.733056,42.279365],[-83.733055,42.279364],[-83.733053,42.279364],[-83.733052,42.279364],[-83.733051,42.279364],[-83.73305,42.279363],[-83.733049,42.279363],[-83.733048,42.279362],[-83.733047,42.279362],[-83.733046,42.279361],[-83.733045,42.27936],[-83.733045,42.27936],[-83.733044,42.279359],[-83.733043,42.279358],[-83.733043,42.279357],[-83.733042,42.279356],[-83.733042,42.279356],[-83.733042,42.279355],[-83.733042,42.279354],[-83.733042,42.279353]]},"properties":{"Layer":"CM-ATHL"}},{"type":"Feature","geometry":{"type":"LineString","coordinates":[[-83.73308,42.279352],[-83.733079,42.279313]]},"properties":{"Layer":"CM-ATHL"}},{"type":"Feature","geometry":{"type":"LineString","coordinates":[[-83.733036,42.279353],[-83.733034,42.279314]]},"properties":{"Layer":"CM-ATHL"}},{"type":"Feature","geometry":{"type":"LineString","coordinates":[[-83.73308,42.279352],[-83.733074,42.279352]]},"properties":{"Layer":"CM-ATHL"}},{"type":"Feature","geometry":{"type":"LineString","coordinates":[[-83.733036,42.279353],[-83.733042,42.279353]]},"properties":{"Layer":"CM-ATHL"}},{"type":"Feature","geometry":{"type":"LineString","coordinates":[[-83.73308,42.279342],[-83.733074,42.279343]]},"properties":{"Layer":"CM-ATHL"}},{"type":"Feature","geometry":{"type":"LineString","coordinates":[[-83.73308,42.279333],[-83.733074,42.279333]]},"properties":{"Layer":"CM-ATHL"}},{"type":"Feature","geometry":{"type":"LineString","coordinates":[[-83.73308,42.279323],[-83.733073,42.279323]]},"properties":{"Layer":"CM-ATHL"}},{"type":"Feature","geometry":{"type":"LineString","coordinates":[[-83.733035,42.279343],[-83.733041,42.279343]]},"properties":{"Layer":"CM-ATHL"}},{"type":"Feature","geometry":{"type":"LineString","coordinates":[[-83.733035,42.279333],[-83.733041,42.279333]]},"properties":{"Layer":"CM-ATHL"}},{"type":"Feature","geometry":{"type":"LineString","coordinates":[[-83.733035,42.279324],[-83.733041,42.279324]]},"properties":{"Layer":"CM-ATHL"}},{"type":"Feature","geometry":{"type":"LineString","coordinates":[[-83.733074,42.279352],[-83.733074,42.279351],[-83.733074,42.27935],[-83.733074,42.27935],[-83.733073,42.279349],[-83.733073,42.279348],[-83.733073,42.279347],[-83.733072,42.279346],[-83.733071,42.279345],[-83.73307,42.279345],[-83.73307,42.279344],[-83.733069,42.279343],[-83.733068,42.279343],[-83.733067,42.279342],[-83.733066,42.279342],[-83.733065,42.279342],[-83.733064,42.279341],[-83.733062,42.279341],[-83.733061,42.279341],[-83.73306,42.279341],[-83.733059,42.27934],[-83.733058,42.27934],[-83.733056,42.27934],[-83.733055,42.279341],[-83.733054,42.279341],[-83.733053,42.279341],[-83.733052,42.279341],[-83.733051,42.279342],[-83.733049,42.279342],[-83.733048,42.279343],[-83.733047,42.279343],[-83.733047,42.279344],[-83.733046,42.279345],[-83.733045,42.279345],[-83.733044,42.279346],[-83.733044,42.279347],[-83.733043,42.279348],[-83.733043,42.279348],[-83.733042,42.279349],[-83.733042,42.27935],[-83.733042,42.279351],[-83.733042,42.279352],[-83.733042,42.279353]]},"properties":{"Layer":"CM-ATHL"}},{"type":"Feature","geometry":{"type":"LineString","coordinates":[[-83.732913,42.279485],[-83.732915,42.279485],[-83.732918,42.279485],[-83.73292,42.279485],[-83.732923,42.279484],[-83.732925,42.279484],[-83.732928,42.279484],[-83.73293,42.279483],[-83.732933,42.279483],[-83.732935,42.279482],[-83.732938,42.279481],[-83.73294,42.27948],[-83.732942,42.27948],[-83.732944,42.279479],[-83.732947,42.279478],[-83.732949,42.279477],[-83.732951,42.279476],[-83.732953,42.279475],[-83.732955,42.279473],[-83.732957,42.279472],[-83.732959,42.279471],[-83.732961,42.27947],[-83.732962,42.279468],[-83.732964,42.279467],[-83.732966,42.279465],[-83.732967,42.279464],[-83.732969,42.279462],[-83.73297,42.279461],[-83.732971,42.279459],[-83.732972,42.279457],[-83.732974,42.279456],[-83.732975,42.279454],[-83.732976,42.279452],[-83.732976,42.27945],[-83.732977,42.279449],[-83.732978,42.279447],[-83.732978,42.279445],[-83.732979,42.279443],[-83.732979,42.279441],[-83.73298,42.279439],[-83.73298,42.279438],[-83.73298,42.279436],[-83.73298,42.279434],[-83.73298,42.279432],[-83.73298,42.27943],[-83.73298,42.279428],[-83.732979,42.279426],[-83.732979,42.279424],[-83.732978,42.279422],[-83.732978,42.279421],[-83.732977,42.279419],[-83.732976,42.279417],[-83.732975,42.279415],[-83.732974,42.279414],[-83.732973,42.279412],[-83.732972,42.27941],[-83.732971,42.279408],[-83.73297,42.279407],[-83.732968,42.279405],[-83.732967,42.279404],[-83.732965,42.279402],[-83.732964,42.279401],[-83.732962,42.279399],[-83.73296,42.279398],[-83.732958,42.279397],[-83.732956,42.279395],[-83.732954,42.279394],[-83.732952,42.279393],[-83.73295,42.279392],[-83.732948,42.279391],[-83.732946,42.27939],[-83.732944,42.279389],[-83.732942,42.279388],[-83.732939,42.279387],[-83.732937,42.279387],[-83.732935,42.279386],[-83.732932,42.279385],[-83.73293,42.279385],[-83.732927,42.279384],[-83.732925,42.279384],[-83.732922,42.279383],[-83.73292,42.279383],[-83.732917,42.279383],[-83.732915,42.279383],[-83.732912,42.279383],[-83.73291,42.279383]]},"properties":{"Layer":"CM-ATHL"}},{"type":"Feature","geometry":{"type":"LineString","coordinates":[[-83.732963,42.279421],[-83.732911,42.279422]]},"properties":{"Layer":"CM-ATHL"}},{"type":"Feature","geometry":{"type":"LineString","coordinates":[[-83.732964,42.279445],[-83.732912,42.279446]]},"properties":{"Layer":"CM-ATHL"}},{"type":"Feature","geometry":{"type":"LineString","coordinates":[[-83.732911,42.279422],[-83.732912,42.279446]]},"properties":{"Layer":"CM-ATHL"}},{"type":"Feature","geometry":{"type":"LineString","coordinates":[[-83.73298,42.279433],[-83.73298,42.279432],[-83.73298,42.279431],[-83.73298,42.27943],[-83.732979,42.279429],[-83.732979,42.279428],[-83.732978,42.279428],[-83.732978,42.279427],[-83.732977,42.279426],[-83.732976,42.279425],[-83.732975,42.279425],[-83.732975,42.279424],[-83.732974,42.279423],[-83.732973,42.279423],[-83.732972,42.279422],[-83.73297,42.279422],[-83.732969,42.279422],[-83.732968,42.279421],[-83.732967,42.279421],[-83.732966,42.279421],[-83.732965,42.279421],[-83.732963,42.279421]]},"properties":{"Layer":"CM-ATHL"}},{"type":"Feature","geometry":{"type":"LineString","coordinates":[[-83.73298,42.279433],[-83.73298,42.279434],[-83.73298,42.279435],[-83.73298,42.279435],[-83.732979,42.279436],[-83.732979,42.279437],[-83.732979,42.279438],[-83.732978,42.279439],[-83.732977,42.27944],[-83.732977,42.27944],[-83.732976,42.279441],[-83.732975,42.279442],[-83.732974,42.279442],[-83.732973,42.279443],[-83.732972,42.279443],[-83.732971,42.279444],[-83.73297,42.279444],[-83.732969,42.279445],[-83.732968,42.279445],[-83.732967,42.279445],[-83.732965,42.279445],[-83.732964,42.279445]]},"properties":{"Layer":"CM-ATHL"}},{"type":"Feature","geometry":{"type":"LineString","coordinates":[[-83.732963,42.279416],[-83.732911,42.279417]]},"properties":{"Layer":"CM-ATHL"}},{"type":"Feature","geometry":{"type":"LineString","coordinates":[[-83.732964,42.27945],[-83.732912,42.279451]]},"properties":{"Layer":"CM-ATHL"}},{"type":"Feature","geometry":{"type":"LineString","coordinates":[[-83.732963,42.279416],[-83.732963,42.279421]]},"properties":{"Layer":"CM-ATHL"}},{"type":"Feature","geometry":{"type":"LineString","coordinates":[[-83.732964,42.27945],[-83.732964,42.279445]]},"properties":{"Layer":"CM-ATHL"}},{"type":"Feature","geometry":{"type":"LineString","coordinates":[[-83.73295,42.279417],[-83.73295,42.279421]]},"properties":{"Layer":"CM-ATHL"}},{"type":"Feature","geometry":{"type":"LineString","coordinates":[[-83.732937,42.279417],[-83.732937,42.279421]]},"properties":{"Layer":"CM-ATHL"}},{"type":"Feature","geometry":{"type":"LineString","coordinates":[[-83.732924,42.279417],[-83.732924,42.279422]]},"properties":{"Layer":"CM-ATHL"}},{"type":"Feature","geometry":{"type":"LineString","coordinates":[[-83.732951,42.27945],[-83.732951,42.279445]]},"properties":{"Layer":"CM-ATHL"}},{"type":"Feature","geometry":{"type":"LineString","coordinates":[[-83.732938,42.27945],[-83.732938,42.279446]]},"properties":{"Layer":"CM-ATHL"}},{"type":"Feature","geometry":{"type":"LineString","coordinates":[[-83.732925,42.27945],[-83.732925,42.279446]]},"properties":{"Layer":"CM-ATHL"}},{"type":"Feature","geometry":{"type":"LineString","coordinates":[[-83.732963,42.279421],[-83.732962,42.279421],[-83.732961,42.279421],[-83.73296,42.279421],[-83.732959,42.279422],[-83.732957,42.279422],[-83.732956,42.279422],[-83.732955,42.279423],[-83.732954,42.279423],[-83.732953,42.279424],[-83.732952,42.279424],[-83.732952,42.279425],[-83.732951,42.279426],[-83.73295,42.279426],[-83.732949,42.279427],[-83.732949,42.279428],[-83.732948,42.279429],[-83.732948,42.27943],[-83.732948,42.279431],[-83.732948,42.279432],[-83.732947,42.279432],[-83.732947,42.279433],[-83.732947,42.279434],[-83.732948,42.279435],[-83.732948,42.279436],[-83.732948,42.279437],[-83.732949,42.279438],[-83.732949,42.279439],[-83.73295,42.279439],[-83.73295,42.27944],[-83.732951,42.279441],[-83.732952,42.279442],[-83.732953,42.279442],[-83.732954,42.279443],[-83.732955,42.279443],[-83.732956,42.279444],[-83.732957,42.279444],[-83.732958,42.279444],[-83.732959,42.279445],[-83.73296,42.279445],[-83.732962,42.279445],[-83.732963,42.279445],[-83.732964,42.279445]]},"properties":{"Layer":"CM-ATHL"}},{"type":"Feature","geometry":{"type":"LineString","coordinates":[[-83.742165,42.253943],[-83.741518,42.253947],[-83.741514,42.253604],[-83.74216,42.2536],[-83.742165,42.253943]]},"properties":{"Layer":"CM-ATHL"}},{"type":"Feature","geometry":{"type":"LineString","coordinates":[[-83.741354,42.253922],[-83.740707,42.253927],[-83.740703,42.253584],[-83.741349,42.253579],[-83.741354,42.253922]]},"properties":{"Layer":"CM-ATHL"}},{"type":"Feature","geometry":{"type":"LineString","coordinates":[[-83.741325,42.253477],[-83.740679,42.253481],[-83.740674,42.253138],[-83.74132,42.253134],[-83.741325,42.253477]]},"properties":{"Layer":"CM-ATHL"}},{"type":"Feature","geometry":{"type":"LineString","coordinates":[[-83.742152,42.253457],[-83.741506,42.253462],[-83.741501,42.253119],[-83.742148,42.253114],[-83.742152,42.253457]]},"properties":{"Layer":"CM-ATHL"}},{"type":"Feature","geometry":{"type":"LineString","coordinates":[[-83.742128,42.253878],[-83.741996,42.253879],[-83.741993,42.253665],[-83.742126,42.253664],[-83.742128,42.253878]]},"properties":{"Layer":"CM-ATHL"}},{"type":"Feature","geometry":{"type":"LineString","coordinates":[[-83.741907,42.25388],[-83.741774,42.253881],[-83.741771,42.253667],[-83.741904,42.253666],[-83.741907,42.25388]]},"properties":{"Layer":"CM-ATHL"}},{"type":"Feature","geometry":{"type":"LineString","coordinates":[[-83.741686,42.253881],[-83.741553,42.253882],[-83.74155,42.253669],[-83.741683,42.253668],[-83.741686,42.253881]]},"properties":{"Layer":"CM-ATHL"}},{"type":"Feature","geometry":{"type":"LineString","coordinates":[[-83.741317,42.253858],[-83.741185,42.253859],[-83.741182,42.253645],[-83.741315,42.253644],[-83.741317,42.253858]]},"properties":{"Layer":"CM-ATHL"}},{"type":"Feature","geometry":{"type":"LineString","coordinates":[[-83.741096,42.253859],[-83.740963,42.25386],[-83.74096,42.253646],[-83.741093,42.253645],[-83.741096,42.253859]]},"properties":{"Layer":"CM-ATHL"}},{"type":"Feature","geometry":{"type":"LineString","coordinates":[[-83.740875,42.253861],[-83.740742,42.253862],[-83.740739,42.253648],[-83.740872,42.253647],[-83.740875,42.253861]]},"properties":{"Layer":"CM-ATHL"}},{"type":"Feature","geometry":{"type":"LineString","coordinates":[[-83.742116,42.253393],[-83.741983,42.253394],[-83.74198,42.25318],[-83.742113,42.253179],[-83.742116,42.253393]]},"properties":{"Layer":"CM-ATHL"}},{"type":"Feature","geometry":{"type":"LineString","coordinates":[[-83.741895,42.253394],[-83.741762,42.253395],[-83.741759,42.253181],[-83.741892,42.253181],[-83.741895,42.253394]]},"properties":{"Layer":"CM-ATHL"}},{"type":"Feature","geometry":{"type":"LineString","coordinates":[[-83.741673,42.253396],[-83.74154,42.253397],[-83.741538,42.253183],[-83.74167,42.253182],[-83.741673,42.253396]]},"properties":{"Layer":"CM-ATHL"}},{"type":"Feature","geometry":{"type":"LineString","coordinates":[[-83.741289,42.253412],[-83.741156,42.253413],[-83.741153,42.2532],[-83.741286,42.253199],[-83.741289,42.253412]]},"properties":{"Layer":"CM-ATHL"}},{"type":"Feature","geometry":{"type":"LineString","coordinates":[[-83.741067,42.253414],[-83.740934,42.253415],[-83.740932,42.253201],[-83.741064,42.2532],[-83.741067,42.253414]]},"properties":{"Layer":"CM-ATHL"}},{"type":"Feature","geometry":{"type":"LineString","coordinates":[[-83.740846,42.253416],[-83.740713,42.253417],[-83.74071,42.253203],[-83.740843,42.253202],[-83.740846,42.253416]]},"properties":{"Layer":"CM-ATHL"}},{"type":"Feature","geometry":{"type":"LineString","coordinates":[[-83.742109,42.253665],[-83.742112,42.253878]]},"properties":{"Layer":"CM-ATHL"}},{"type":"Feature","geometry":{"type":"LineString","coordinates":[[-83.742012,42.253879],[-83.742009,42.253665]]},"properties":{"Layer":"CM-ATHL"}},{"type":"Feature","geometry":{"type":"LineString","coordinates":[[-83.74211,42.253714],[-83.74201,42.253715]]},"properties":{"Layer":"CM-ATHL"}},{"type":"Feature","geometry":{"type":"LineString","coordinates":[[-83.742111,42.253829],[-83.742012,42.25383]]},"properties":{"Layer":"CM-ATHL"}},{"type":"Feature","geometry":{"type":"LineString","coordinates":[[-83.742127,42.253771],[-83.741994,42.253772]]},"properties":{"Layer":"CM-ATHL"}},{"type":"Feature","geometry":{"type":"LineString","coordinates":[[-83.741906,42.253773],[-83.741773,42.253774]]},"properties":{"Layer":"CM-ATHL"}},{"type":"Feature","geometry":{"type":"LineString","coordinates":[[-83.74189,42.253831],[-83.74179,42.253831]]},"properties":{"Layer":"CM-ATHL"}},{"type":"Feature","geometry":{"type":"LineString","coordinates":[[-83.741888,42.253716],[-83.741789,42.253716]]},"properties":{"Layer":"CM-ATHL"}},{"type":"Feature","geometry":{"type":"LineString","coordinates":[[-83.741888,42.253666],[-83.74189,42.25388]]},"properties":{"Layer":"CM-ATHL"}},{"type":"Feature","geometry":{"type":"LineString","coordinates":[[-83.741791,42.253881],[-83.741788,42.253667]]},"properties":{"Layer":"CM-ATHL"}},{"type":"Feature","geometry":{"type":"LineString","coordinates":[[-83.741666,42.253668],[-83.741669,42.253882]]},"properties":{"Layer":"CM-ATHL"}},{"type":"Feature","geometry":{"type":"LineString","coordinates":[[-83.741668,42.253832],[-83.741569,42.253833]]},"properties":{"Layer":"CM-ATHL"}},{"type":"Feature","geometry":{"type":"LineString","coordinates":[[-83.74157,42.253882],[-83.741567,42.253669]]},"properties":{"Layer":"CM-ATHL"}},{"type":"Feature","geometry":{"type":"LineString","coordinates":[[-83.741684,42.253775],[-83.741551,42.253776]]},"properties":{"Layer":"CM-ATHL"}},{"type":"Feature","geometry":{"type":"LineString","coordinates":[[-83.741667,42.253717],[-83.741567,42.253718]]},"properties":{"Layer":"CM-ATHL"}},{"type":"Feature","geometry":{"type":"LineString","coordinates":[[-83.741298,42.253644],[-83.741301,42.253858]]},"properties":{"Layer":"CM-ATHL"}},{"type":"Feature","geometry":{"type":"LineString","coordinates":[[-83.741201,42.253858],[-83.741198,42.253645]]},"properties":{"Layer":"CM-ATHL"}},{"type":"Feature","geometry":{"type":"LineString","coordinates":[[-83.741299,42.253693],[-83.741199,42.253694]]},"properties":{"Layer":"CM-ATHL"}},{"type":"Feature","geometry":{"type":"LineString","coordinates":[[-83.741316,42.253751],[-83.741183,42.253752]]},"properties":{"Layer":"CM-ATHL"}},{"type":"Feature","geometry":{"type":"LineString","coordinates":[[-83.7413,42.253808],[-83.741201,42.253809]]},"properties":{"Layer":"CM-ATHL"}},{"type":"Feature","geometry":{"type":"LineString","coordinates":[[-83.741077,42.253646],[-83.741079,42.253859]]},"properties":{"Layer":"CM-ATHL"}},{"type":"Feature","geometry":{"type":"LineString","coordinates":[[-83.74098,42.25386],[-83.740977,42.253646]]},"properties":{"Layer":"CM-ATHL"}},{"type":"Feature","geometry":{"type":"LineString","coordinates":[[-83.741079,42.25381],[-83.740979,42.253811]]},"properties":{"Layer":"CM-ATHL"}},{"type":"Feature","geometry":{"type":"LineString","coordinates":[[-83.741095,42.253752],[-83.740962,42.253753]]},"properties":{"Layer":"CM-ATHL"}},{"type":"Feature","geometry":{"type":"LineString","coordinates":[[-83.741077,42.253695],[-83.740978,42.253696]]},"properties":{"Layer":"CM-ATHL"}},{"type":"Feature","geometry":{"type":"LineString","coordinates":[[-83.740855,42.253647],[-83.740858,42.253861]]},"properties":{"Layer":"CM-ATHL"}},{"type":"Feature","geometry":{"type":"LineString","coordinates":[[-83.740759,42.253862],[-83.740756,42.253648]]},"properties":{"Layer":"CM-ATHL"}},{"type":"Feature","geometry":{"type":"LineString","coordinates":[[-83.740856,42.253696],[-83.740756,42.253697]]},"properties":{"Layer":"CM-ATHL"}},{"type":"Feature","geometry":{"type":"LineString","coordinates":[[-83.740873,42.253754],[-83.740741,42.253755]]},"properties":{"Layer":"CM-ATHL"}},{"type":"Feature","geometry":{"type":"LineString","coordinates":[[-83.740857,42.253812],[-83.740758,42.253812]]},"properties":{"Layer":"CM-ATHL"}},{"type":"Feature","geometry":{"type":"LineString","coordinates":[[-83.742097,42.253179],[-83.742099,42.253393]]},"properties":{"Layer":"CM-ATHL"}},{"type":"Feature","geometry":{"type":"LineString","coordinates":[[-83.742,42.253393],[-83.741997,42.25318]]},"properties":{"Layer":"CM-ATHL"}},{"type":"Feature","geometry":{"type":"LineString","coordinates":[[-83.742099,42.253343],[-83.741999,42.253344]]},"properties":{"Layer":"CM-ATHL"}},{"type":"Feature","geometry":{"type":"LineString","coordinates":[[-83.742115,42.253286],[-83.741982,42.253287]]},"properties":{"Layer":"CM-ATHL"}},{"type":"Feature","geometry":{"type":"LineString","coordinates":[[-83.742097,42.253228],[-83.741998,42.253229]]},"properties":{"Layer":"CM-ATHL"}},{"type":"Feature","geometry":{"type":"LineString","coordinates":[[-83.741875,42.253181],[-83.741878,42.253394]]},"properties":{"Layer":"CM-ATHL"}},{"type":"Feature","geometry":{"type":"LineString","coordinates":[[-83.741778,42.253395],[-83.741776,42.253181]]},"properties":{"Layer":"CM-ATHL"}},{"type":"Feature","geometry":{"type":"LineString","coordinates":[[-83.741876,42.25323],[-83.741776,42.253231]]},"properties":{"Layer":"CM-ATHL"}},{"type":"Feature","geometry":{"type":"LineString","coordinates":[[-83.741893,42.253287],[-83.74176,42.253288]]},"properties":{"Layer":"CM-ATHL"}},{"type":"Feature","geometry":{"type":"LineString","coordinates":[[-83.741877,42.253345],[-83.741778,42.253346]]},"properties":{"Layer":"CM-ATHL"}},{"type":"Feature","geometry":{"type":"LineString","coordinates":[[-83.741654,42.253182],[-83.741657,42.253396]]},"properties":{"Layer":"CM-ATHL"}},{"type":"Feature","geometry":{"type":"LineString","coordinates":[[-83.741557,42.253397],[-83.741554,42.253183]]},"properties":{"Layer":"CM-ATHL"}},{"type":"Feature","geometry":{"type":"LineString","coordinates":[[-83.741656,42.253347],[-83.741556,42.253347]]},"properties":{"Layer":"CM-ATHL"}},{"type":"Feature","geometry":{"type":"LineString","coordinates":[[-83.741672,42.253289],[-83.741539,42.25329]]},"properties":{"Layer":"CM-ATHL"}},{"type":"Feature","geometry":{"type":"LineString","coordinates":[[-83.741655,42.253232],[-83.741555,42.253232]]},"properties":{"Layer":"CM-ATHL"}},{"type":"Feature","geometry":{"type":"LineString","coordinates":[[-83.741269,42.253199],[-83.741272,42.253412]]},"properties":{"Layer":"CM-ATHL"}},{"type":"Feature","geometry":{"type":"LineString","coordinates":[[-83.741172,42.253413],[-83.74117,42.253199]]},"properties":{"Layer":"CM-ATHL"}},{"type":"Feature","geometry":{"type":"LineString","coordinates":[[-83.74127,42.253248],[-83.74117,42.253249]]},"properties":{"Layer":"CM-ATHL"}},{"type":"Feature","geometry":{"type":"LineString","coordinates":[[-83.741287,42.253305],[-83.741154,42.253306]]},"properties":{"Layer":"CM-ATHL"}},{"type":"Feature","geometry":{"type":"LineString","coordinates":[[-83.741271,42.253363],[-83.741172,42.253364]]},"properties":{"Layer":"CM-ATHL"}},{"type":"Feature","geometry":{"type":"LineString","coordinates":[[-83.741048,42.2532],[-83.741051,42.253414]]},"properties":{"Layer":"CM-ATHL"}},{"type":"Feature","geometry":{"type":"LineString","coordinates":[[-83.740951,42.253415],[-83.740948,42.253201]]},"properties":{"Layer":"CM-ATHL"}},{"type":"Feature","geometry":{"type":"LineString","coordinates":[[-83.74105,42.253365],[-83.74095,42.253366]]},"properties":{"Layer":"CM-ATHL"}},{"type":"Feature","geometry":{"type":"LineString","coordinates":[[-83.741066,42.253307],[-83.740933,42.253308]]},"properties":{"Layer":"CM-ATHL"}},{"type":"Feature","geometry":{"type":"LineString","coordinates":[[-83.741048,42.25325],[-83.740949,42.25325]]},"properties":{"Layer":"CM-ATHL"}},{"type":"Feature","geometry":{"type":"LineString","coordinates":[[-83.740826,42.253202],[-83.740829,42.253416]]},"properties":{"Layer":"CM-ATHL"}},{"type":"Feature","geometry":{"type":"LineString","coordinates":[[-83.74073,42.253416],[-83.740727,42.253203]]},"properties":{"Layer":"CM-ATHL"}},{"type":"Feature","geometry":{"type":"LineString","coordinates":[[-83.740827,42.253251],[-83.740728,42.253252]]},"properties":{"Layer":"CM-ATHL"}},{"type":"Feature","geometry":{"type":"LineString","coordinates":[[-83.740844,42.253309],[-83.740712,42.25331]]},"properties":{"Layer":"CM-ATHL"}},{"type":"Feature","geometry":{"type":"LineString","coordinates":[[-83.740829,42.253366],[-83.740729,42.253367]]},"properties":{"Layer":"CM-ATHL"}},{"type":"Feature","geometry":{"type":"MultiLineString","coordinates":[[[-83.742158,42.264652],[-83.742158,42.264647]],[[-83.742158,42.264652],[-83.742069,42.264653]],[[-83.742069,42.264653],[-83.742069,42.264649]],[[-83.742069,42.264653],[-83.741818,42.264657],[-83.74182,42.264739]],[[-83.742158,42.264656],[-83.742158,42.264652]],[[-83.742069,42.264657],[-83.742069,42.264653]],[[-83.742411,42.26473],[-83.742409,42.264648],[-83.742158,42.264652]],[[-83.74182,42.264739],[-83.742411,42.26473]],[[-83.74182,42.264739],[-83.741821,42.26478]],[[-83.742105,42.264759],[-83.742127,42.264759]],[[-83.742412,42.264771],[-83.742411,42.26473]],[[-83.742215,42.26477],[-83.742215,42.264774]],[[-83.742018,42.264773],[-83.742018,42.264777]],[[-83.742215,42.264774],[-83.742412,42.264771]],[[-83.742215,42.264774],[-83.742215,42.264778]],[[-83.742018,42.264777],[-83.742215,42.264774]],[[-83.742018,42.264777],[-83.742018,42.264781]],[[-83.741821,42.26478],[-83.742018,42.264777]],[[-83.741821,42.26478],[-83.741822,42.264821]],[[-83.742413,42.264812],[-83.742412,42.264771]],[[-83.742216,42.264811],[-83.742216,42.264815]],[[-83.742019,42.264814],[-83.742019,42.264818]],[[-83.742216,42.264815],[-83.742413,42.264812]],[[-83.742216,42.264815],[-83.742217,42.264819]],[[-83.742019,42.264818],[-83.742216,42.264815]],[[-83.742019,42.264818],[-83.74202,42.264822]],[[-83.741822,42.264821],[-83.742019,42.264818]],[[-83.741822,42.264821],[-83.741824,42.264863]],[[-83.742217,42.264852],[-83.742218,42.264856]],[[-83.742415,42.264853],[-83.742413,42.264812]],[[-83.74202,42.264855],[-83.742021,42.26486]],[[-83.742218,42.264856],[-83.742415,42.264853]],[[-83.742218,42.264856],[-83.742218,42.264861]],[[-83.742021,42.26486],[-83.742218,42.264856]],[[-83.742021,42.26486],[-83.742021,42.264864]],[[-83.741824,42.264863],[-83.742021,42.26486]],[[-83.741824,42.264863],[-83.741825,42.264904]],[[-83.742416,42.264895],[-83.742415,42.264853]],[[-83.742219,42.264894],[-83.742219,42.264898]],[[-83.742219,42.264898],[-83.742416,42.264895]],[[-83.742219,42.264898],[-83.742219,42.264902]],[[-83.742022,42.264897],[-83.742022,42.264901]],[[-83.742022,42.264901],[-83.742219,42.264898]],[[-83.742022,42.264901],[-83.742022,42.264905]],[[-83.741825,42.264904],[-83.742022,42.264901]],[[-83.741825,42.264904],[-83.741826,42.264945]],[[-83.742417,42.264936],[-83.742416,42.264895]],[[-83.74222,42.264935],[-83.74222,42.264939]],[[-83.742023,42.264938],[-83.742023,42.264942]],[[-83.74222,42.264939],[-83.742417,42.264936]],[[-83.74222,42.264939],[-83.74222,42.264943]],[[-83.742023,42.264942],[-83.74222,42.264939]],[[-83.742023,42.264942],[-83.742023,42.264946]],[[-83.741826,42.264945],[-83.742023,42.264942]],[[-83.741826,42.264945],[-83.741827,42.264986]],[[-83.742418,42.264977],[-83.742417,42.264936]],[[-83.742221,42.264976],[-83.742221,42.26498]],[[-83.742024,42.264979],[-83.742024,42.264983]],[[-83.742221,42.26498],[-83.742418,42.264977]],[[-83.742221,42.26498],[-83.742221,42.264984]],[[-83.742024,42.264983],[-83.742221,42.26498]],[[-83.742024,42.264983],[-83.742024,42.264987]],[[-83.741827,42.264986],[-83.742024,42.264983]],[[-83.741827,42.264986],[-83.741828,42.265027]],[[-83.742222,42.265017],[-83.742222,42.265021]],[[-83.742419,42.265018],[-83.742418,42.264977]],[[-83.742025,42.26502],[-83.742025,42.265024]],[[-83.742222,42.265021],[-83.742419,42.265018]],[[-83.742222,42.265021],[-83.742222,42.265025]],[[-83.742025,42.265024],[-83.742222,42.265021]],[[-83.742025,42.265024],[-83.742025,42.265028]],[[-83.741828,42.265027],[-83.742025,42.265024]],[[-83.741828,42.265027],[-83.741829,42.265068]],[[-83.74242,42.265059],[-83.742419,42.265018]],[[-83.742223,42.265058],[-83.742223,42.265062]],[[-83.742026,42.265061],[-83.742026,42.265065]],[[-83.742223,42.265062],[-83.74242,42.265059]],[[-83.742223,42.265062],[-83.742223,42.265066]],[[-83.742026,42.265065],[-83.742223,42.265062]],[[-83.742026,42.265065],[-83.742026,42.265069]],[[-83.741829,42.265068],[-83.742026,42.265065]],[[-83.741829,42.265068],[-83.74183,42.265109]],[[-83.742421,42.2651],[-83.74242,42.265059]],[[-83.742224,42.265099],[-83.742224,42.265103]],[[-83.742027,42.265102],[-83.742027,42.265106]],[[-83.742224,42.265103],[-83.742421,42.2651]],[[-83.742224,42.265103],[-83.742225,42.265108]],[[-83.742027,42.265106],[-83.742224,42.265103]],[[-83.742027,42.265106],[-83.742028,42.265111]],[[-83.74183,42.265109],[-83.742027,42.265106]],[[-83.74183,42.265109],[-83.741832,42.265151]],[[-83.742225,42.26514],[-83.742226,42.265145]],[[-83.742423,42.265142],[-83.742421,42.2651]],[[-83.742028,42.265143],[-83.742029,42.265148]],[[-83.742226,42.265145],[-83.742423,42.265142]],[[-83.742226,42.265145],[-83.742226,42.265149]],[[-83.742029,42.265148],[-83.742226,42.265145]],[[-83.742029,42.265148],[-83.742029,42.265152]],[[-83.741832,42.265151],[-83.742029,42.265148]],[[-83.741832,42.265151],[-83.741833,42.265192]],[[-83.742227,42.265182],[-83.742227,42.265186]],[[-83.742424,42.265183],[-83.742423,42.265142]],[[-83.74203,42.265185],[-83.74203,42.265189]],[[-83.742227,42.265186],[-83.742424,42.265183]],[[-83.742227,42.265186],[-83.742227,42.26519]],[[-83.74203,42.265189],[-83.742227,42.265186]],[[-83.74203,42.265189],[-83.74203,42.265193]],[[-83.741833,42.265192],[-83.74203,42.265189]],[[-83.741833,42.265192],[-83.741834,42.265233]],[[-83.742425,42.265224],[-83.742424,42.265183]],[[-83.742228,42.265223],[-83.742228,42.265227]],[[-83.742031,42.265226],[-83.742031,42.26523]],[[-83.742228,42.265227],[-83.742425,42.265224]],[[-83.742228,42.265227],[-83.742228,42.265231]],[[-83.742031,42.26523],[-83.742228,42.265227]],[[-83.742031,42.26523],[-83.742031,42.265234]],[[-83.741834,42.265233],[-83.742031,42.26523]],[[-83.741834,42.265233],[-83.741835,42.265274]],[[-83.742426,42.265265],[-83.742425,42.265224]],[[-83.742229,42.265264],[-83.742229,42.265268]],[[-83.742032,42.265267],[-83.742032,42.265271]],[[-83.742229,42.265268],[-83.742426,42.265265]],[[-83.742229,42.265268],[-83.742229,42.265272]],[[-83.742032,42.265271],[-83.742229,42.265268]],[[-83.742032,42.265271],[-83.742032,42.265275]],[[-83.741835,42.265274],[-83.742032,42.265271]],[[-83.741835,42.265274],[-83.741836,42.265315]],[[-83.74223,42.265305],[-83.74223,42.265309]],[[-83.742427,42.265306],[-83.742426,42.265265]],[[-83.742033,42.265308],[-83.742033,42.265312]],[[-83.74223,42.265309],[-83.742427,42.265306]],[[-83.74223,42.265309],[-83.74223,42.265313]],[[-83.742033,42.265312],[-83.74223,42.265309]],[[-83.742033,42.265312],[-83.742033,42.265316]],[[-83.741836,42.265315],[-83.742033,42.265312]],[[-83.741836,42.265315],[-83.741837,42.265356]],[[-83.742428,42.265347],[-83.742427,42.265306]],[[-83.742231,42.265346],[-83.742231,42.26535]],[[-83.742034,42.265349],[-83.742034,42.265353]],[[-83.742231,42.26535],[-83.742428,42.265347]],[[-83.742231,42.26535],[-83.742231,42.265354]],[[-83.742034,42.265353],[-83.742231,42.26535]],[[-83.742034,42.265353],[-83.742034,42.265357]],[[-83.741837,42.265356],[-83.742034,42.265353]],[[-83.741837,42.265356],[-83.741838,42.265398]],[[-83.742429,42.265388],[-83.742428,42.265347]],[[-83.742232,42.265387],[-83.742232,42.265391]],[[-83.742035,42.26539],[-83.742035,42.265394]],[[-83.742232,42.265391],[-83.742429,42.265388]],[[-83.742232,42.265391],[-83.742233,42.265396]],[[-83.742035,42.265394],[-83.742232,42.265391]],[[-83.742035,42.265394],[-83.742036,42.265399]],[[-83.741838,42.265398],[-83.742035,42.265394]],[[-83.741838,42.265398],[-83.74184,42.265439]],[[-83.742431,42.26543],[-83.742429,42.265388]],[[-83.742233,42.265429],[-83.742234,42.265433]],[[-83.742036,42.265432],[-83.742037,42.265436]],[[-83.742234,42.265433],[-83.742431,42.26543]],[[-83.742234,42.265433],[-83.742234,42.265437]],[[-83.742037,42.265436],[-83.742234,42.265433]],[[-83.742037,42.265436],[-83.742037,42.26544]],[[-83.74184,42.265439],[-83.742037,42.265436]],[[-83.74184,42.265439],[-83.741841,42.26548]],[[-83.742235,42.26547],[-83.742235,42.265474]],[[-83.742432,42.265471],[-83.742431,42.26543]],[[-83.742038,42.265473],[-83.742038,42.265477]],[[-83.742235,42.265474],[-83.742432,42.265471]],[[-83.742235,42.265474],[-83.742235,42.265478]],[[-83.742038,42.265477],[-83.742235,42.265474]],[[-83.742038,42.265477],[-83.742038,42.265481]],[[-83.741841,42.26548],[-83.742038,42.265477]],[[-83.741841,42.26548],[-83.741842,42.265521]],[[-83.742433,42.265512],[-83.742432,42.265471]],[[-83.742236,42.265511],[-83.742236,42.265515]],[[-83.742039,42.265514],[-83.742039,42.265518]],[[-83.742236,42.265515],[-83.742433,42.265512]],[[-83.742236,42.265515],[-83.742236,42.265519]],[[-83.742039,42.265518],[-83.742236,42.265515]],[[-83.742039,42.265518],[-83.742039,42.265522]],[[-83.741842,42.265521],[-83.742039,42.265518]],[[-83.741842,42.265521],[-83.741843,42.265562],[-83.742434,42.265553],[-83.742433,42.265512]],[[-83.742127,42.265533],[-83.742149,42.265533]]]},"properties":{"Layer":"CM-ATHL"}},{"type":"Feature","geometry":{"type":"LineString","coordinates":[[-83.743706,42.266941],[-83.743647,42.266942],[-83.743646,42.26692],[-83.743705,42.266919],[-83.743706,42.266941]]},"properties":{"Layer":"CM-ATHL"}},{"type":"Feature","geometry":{"type":"LineString","coordinates":[[-83.743677,42.266936],[-83.743675,42.266936],[-83.743675,42.266931],[-83.743677,42.266931],[-83.743677,42.266936]]},"properties":{"Layer":"CM-ATHL"}},{"type":"Feature","geometry":{"type":"LineString","coordinates":[[-83.743676,42.266894],[-83.743674,42.266894],[-83.743674,42.266888],[-83.743676,42.266888],[-83.743676,42.266894]]},"properties":{"Layer":"CM-ATHL"}},{"type":"Feature","geometry":{"type":"LineString","coordinates":[[-83.743705,42.266899],[-83.743646,42.266899],[-83.743645,42.266877],[-83.743704,42.266877],[-83.743705,42.266899]]},"properties":{"Layer":"CM-ATHL"}},{"type":"Feature","geometry":{"type":"LineString","coordinates":[[-83.743675,42.266851],[-83.743673,42.266851],[-83.743673,42.266846],[-83.743675,42.266846],[-83.743675,42.266851]]},"properties":{"Layer":"CM-ATHL"}},{"type":"Feature","geometry":{"type":"LineString","coordinates":[[-83.743704,42.266856],[-83.743645,42.266857],[-83.743644,42.266835],[-83.743703,42.266834],[-83.743704,42.266856]]},"properties":{"Layer":"CM-ATHL"}},{"type":"Feature","geometry":{"type":"LineString","coordinates":[[-83.743688,42.266829],[-83.743689,42.266867],[-83.743492,42.26687],[-83.743491,42.266831],[-83.743688,42.266829]]},"properties":{"Layer":"CM-ATHL"}},{"type":"Feature","geometry":{"type":"LineString","coordinates":[[-83.743689,42.266871],[-83.74369,42.26691],[-83.743493,42.266912],[-83.743492,42.266874],[-83.743689,42.266871]]},"properties":{"Layer":"CM-ATHL"}},{"type":"Feature","geometry":{"type":"LineString","coordinates":[[-83.74369,42.266914],[-83.743691,42.266952],[-83.743493,42.266955],[-83.743493,42.266916],[-83.74369,42.266914]]},"properties":{"Layer":"CM-ATHL"}},{"type":"Feature","geometry":{"type":"LineString","coordinates":[[-83.743509,42.266947],[-83.743535,42.266947],[-83.743535,42.266938],[-83.743509,42.266939],[-83.743509,42.266946]]},"properties":{"Layer":"CM-ATHL"}},{"type":"Feature","geometry":{"type":"LineString","coordinates":[[-83.743509,42.266946],[-83.743534,42.266946],[-83.743534,42.266939],[-83.743509,42.266939],[-83.743509,42.266946]]},"properties":{"Layer":"CM-ATHL"}},{"type":"Feature","geometry":{"type":"LineString","coordinates":[[-83.74352,42.266933],[-83.743522,42.266933],[-83.743522,42.266937],[-83.74352,42.266937],[-83.743517,42.266935],[-83.74352,42.266933]]},"properties":{"Layer":"CM-ATHL"}},{"type":"Feature","geometry":{"type":"LineString","coordinates":[[-83.743508,42.266924],[-83.743534,42.266924],[-83.743534,42.266932],[-83.743509,42.266932],[-83.743508,42.266924]]},"properties":{"Layer":"CM-ATHL"}},{"type":"Feature","geometry":{"type":"LineString","coordinates":[[-83.743509,42.266924],[-83.743534,42.266924],[-83.743534,42.266931],[-83.743509,42.266932],[-83.743509,42.266924]]},"properties":{"Layer":"CM-ATHL"}},{"type":"Feature","geometry":{"type":"LineString","coordinates":[[-83.743509,42.266947],[-83.743494,42.266947],[-83.743494,42.266924],[-83.743508,42.266924]]},"properties":{"Layer":"CM-ATHL"}},{"type":"Feature","geometry":{"type":"LineString","coordinates":[[-83.743509,42.266946],[-83.743495,42.266947],[-83.743494,42.266924],[-83.743508,42.266924]]},"properties":{"Layer":"CM-ATHL"}},{"type":"Feature","geometry":{"type":"LineString","coordinates":[[-83.743495,42.266947],[-83.743494,42.266947]]},"properties":{"Layer":"CM-ATHL"}},{"type":"Feature","geometry":{"type":"LineString","coordinates":[[-83.743494,42.266925],[-83.743494,42.266925]]},"properties":{"Layer":"CM-ATHL"}},{"type":"Feature","geometry":{"type":"LineString","coordinates":[[-83.743494,42.266947],[-83.743494,42.266925]]},"properties":{"Layer":"CM-ATHL"}},{"type":"Feature","geometry":{"type":"LineString","coordinates":[[-83.743495,42.266947],[-83.743494,42.266925]]},"properties":{"Layer":"CM-ATHL"}},{"type":"Feature","geometry":{"type":"LineString","coordinates":[[-83.743508,42.266904],[-83.743534,42.266904],[-83.743534,42.266896],[-83.743508,42.266896],[-83.743508,42.266904]]},"properties":{"Layer":"CM-ATHL"}},{"type":"Feature","geometry":{"type":"LineString","coordinates":[[-83.743509,42.266904],[-83.743533,42.266904],[-83.743533,42.266896],[-83.743508,42.266897],[-83.743509,42.266904]]},"properties":{"Layer":"CM-ATHL"}},{"type":"Feature","geometry":{"type":"LineString","coordinates":[[-83.743519,42.266891],[-83.743521,42.266891],[-83.743521,42.266895],[-83.743519,42.266895],[-83.743516,42.266893],[-83.743519,42.266891]]},"properties":{"Layer":"CM-ATHL"}},{"type":"Feature","geometry":{"type":"LineString","coordinates":[[-83.743507,42.266881],[-83.743533,42.266881],[-83.743533,42.266889],[-83.743508,42.26689],[-83.743507,42.266882]]},"properties":{"Layer":"CM-ATHL"}},{"type":"Feature","geometry":{"type":"LineString","coordinates":[[-83.743508,42.266882],[-83.743533,42.266881],[-83.743533,42.266889],[-83.743508,42.266889],[-83.743508,42.266882]]},"properties":{"Layer":"CM-ATHL"}},{"type":"Feature","geometry":{"type":"LineString","coordinates":[[-83.743508,42.266904],[-83.743493,42.266905],[-83.743493,42.266881],[-83.743507,42.266881]]},"properties":{"Layer":"CM-ATHL"}},{"type":"Feature","geometry":{"type":"LineString","coordinates":[[-83.743508,42.266904],[-83.743494,42.266904],[-83.743493,42.266882],[-83.743507,42.266882]]},"properties":{"Layer":"CM-ATHL"}},{"type":"Feature","geometry":{"type":"LineString","coordinates":[[-83.743494,42.266904],[-83.743493,42.266904]]},"properties":{"Layer":"CM-ATHL"}},{"type":"Feature","geometry":{"type":"LineString","coordinates":[[-83.743493,42.266882],[-83.743493,42.266882]]},"properties":{"Layer":"CM-ATHL"}},{"type":"Feature","geometry":{"type":"LineString","coordinates":[[-83.743493,42.266904],[-83.743493,42.266882]]},"properties":{"Layer":"CM-ATHL"}},{"type":"Feature","geometry":{"type":"LineString","coordinates":[[-83.743494,42.266904],[-83.743493,42.266882]]},"properties":{"Layer":"CM-ATHL"}},{"type":"Feature","geometry":{"type":"LineString","coordinates":[[-83.743507,42.266862],[-83.743533,42.266862],[-83.743533,42.266853],[-83.743507,42.266854],[-83.743507,42.266861]]},"properties":{"Layer":"CM-ATHL"}},{"type":"Feature","geometry":{"type":"LineString","coordinates":[[-83.743508,42.266861],[-83.743532,42.266861],[-83.743532,42.266854],[-83.743507,42.266854],[-83.743508,42.266861]]},"properties":{"Layer":"CM-ATHL"}},{"type":"Feature","geometry":{"type":"LineString","coordinates":[[-83.743518,42.266848],[-83.74352,42.266848],[-83.74352,42.266852],[-83.743518,42.266852],[-83.743515,42.26685],[-83.743518,42.266848]]},"properties":{"Layer":"CM-ATHL"}},{"type":"Feature","geometry":{"type":"LineString","coordinates":[[-83.743506,42.266839],[-83.743532,42.266838],[-83.743533,42.266847],[-83.743507,42.266847],[-83.743506,42.266839]]},"properties":{"Layer":"CM-ATHL"}},{"type":"Feature","geometry":{"type":"LineString","coordinates":[[-83.743507,42.266839],[-83.743532,42.266839],[-83.743532,42.266846],[-83.743507,42.266847],[-83.743507,42.266839]]},"properties":{"Layer":"CM-ATHL"}},{"type":"Feature","geometry":{"type":"LineString","coordinates":[[-83.743507,42.266862],[-83.743492,42.266862],[-83.743492,42.266839],[-83.743506,42.266839]]},"properties":{"Layer":"CM-ATHL"}},{"type":"Feature","geometry":{"type":"LineString","coordinates":[[-83.743507,42.266861],[-83.743493,42.266862],[-83.743492,42.266839],[-83.743506,42.266839]]},"properties":{"Layer":"CM-ATHL"}},{"type":"Feature","geometry":{"type":"LineString","coordinates":[[-83.743493,42.266861],[-83.743492,42.266861]]},"properties":{"Layer":"CM-ATHL"}},{"type":"Feature","geometry":{"type":"LineString","coordinates":[[-83.743492,42.26684],[-83.743492,42.26684]]},"properties":{"Layer":"CM-ATHL"}},{"type":"Feature","geometry":{"type":"LineString","coordinates":[[-83.743492,42.266861],[-83.743492,42.26684]]},"properties":{"Layer":"CM-ATHL"}},{"type":"Feature","geometry":{"type":"LineString","coordinates":[[-83.743493,42.266861],[-83.743492,42.26684]]},"properties":{"Layer":"CM-ATHL"}},{"type":"Feature","geometry":{"type":"LineString","coordinates":[[-83.741578,42.267169],[-83.741782,42.267167]]},"properties":{"Layer":"CM-ATHL"}},{"type":"Feature","geometry":{"type":"LineString","coordinates":[[-83.741782,42.267167],[-83.741777,42.26695]]},"properties":{"Layer":"CM-ATHL"}},{"type":"Feature","geometry":{"type":"LineString","coordinates":[[-83.741777,42.26695],[-83.741574,42.266952]]},"properties":{"Layer":"CM-ATHL"}},{"type":"Feature","geometry":{"type":"LineString","coordinates":[[-83.741574,42.266952],[-83.741578,42.267169]]},"properties":{"Layer":"CM-ATHL"}},{"type":"Feature","geometry":{"type":"LineString","coordinates":[[-83.741754,42.267149],[-83.741754,42.26716]]},"properties":{"Layer":"CM-ATHL"}},{"type":"Feature","geometry":{"type":"LineString","coordinates":[[-83.741754,42.26716],[-83.741739,42.26716]]},"properties":{"Layer":"CM-ATHL"}},{"type":"Feature","geometry":{"type":"LineString","coordinates":[[-83.741739,42.26716],[-83.741739,42.267149]]},"properties":{"Layer":"CM-ATHL"}},{"type":"Feature","geometry":{"type":"LineString","coordinates":[[-83.741753,42.267149],[-83.741753,42.26716]]},"properties":{"Layer":"CM-ATHL"}},{"type":"Feature","geometry":{"type":"LineString","coordinates":[[-83.741753,42.26716],[-83.74174,42.26716]]},"properties":{"Layer":"CM-ATHL"}},{"type":"Feature","geometry":{"type":"LineString","coordinates":[[-83.74174,42.26716],[-83.741739,42.267149]]},"properties":{"Layer":"CM-ATHL"}},{"type":"Feature","geometry":{"type":"LineString","coordinates":[[-83.741727,42.267133],[-83.741741,42.267133]]},"properties":{"Layer":"CM-ATHL"}},{"type":"Feature","geometry":{"type":"LineString","coordinates":[[-83.741741,42.267133],[-83.741742,42.267149]]},"properties":{"Layer":"CM-ATHL"}},{"type":"Feature","geometry":{"type":"LineString","coordinates":[[-83.741742,42.267149],[-83.741727,42.267149]]},"properties":{"Layer":"CM-ATHL"}},{"type":"Feature","geometry":{"type":"LineString","coordinates":[[-83.741727,42.267149],[-83.741727,42.267133]]},"properties":{"Layer":"CM-ATHL"}},{"type":"Feature","geometry":{"type":"LineString","coordinates":[[-83.741727,42.267133],[-83.741741,42.267133]]},"properties":{"Layer":"CM-ATHL"}},{"type":"Feature","geometry":{"type":"LineString","coordinates":[[-83.741741,42.267133],[-83.741741,42.267149]]},"properties":{"Layer":"CM-ATHL"}},{"type":"Feature","geometry":{"type":"LineString","coordinates":[[-83.741741,42.267149],[-83.741727,42.267149]]},"properties":{"Layer":"CM-ATHL"}},{"type":"Feature","geometry":{"type":"LineString","coordinates":[[-83.741727,42.267149],[-83.741727,42.267133]]},"properties":{"Layer":"CM-ATHL"}},{"type":"Feature","geometry":{"type":"LineString","coordinates":[[-83.74175,42.267133],[-83.741765,42.267133]]},"properties":{"Layer":"CM-ATHL"}},{"type":"Feature","geometry":{"type":"LineString","coordinates":[[-83.741765,42.267133],[-83.741765,42.267149]]},"properties":{"Layer":"CM-ATHL"}},{"type":"Feature","geometry":{"type":"LineString","coordinates":[[-83.741765,42.267149],[-83.741751,42.267149]]},"properties":{"Layer":"CM-ATHL"}},{"type":"Feature","geometry":{"type":"LineString","coordinates":[[-83.741751,42.267149],[-83.74175,42.267133]]},"properties":{"Layer":"CM-ATHL"}},{"type":"Feature","geometry":{"type":"LineString","coordinates":[[-83.741751,42.267133],[-83.741764,42.267133]]},"properties":{"Layer":"CM-ATHL"}},{"type":"Feature","geometry":{"type":"LineString","coordinates":[[-83.741764,42.267133],[-83.741765,42.267149]]},"properties":{"Layer":"CM-ATHL"}},{"type":"Feature","geometry":{"type":"LineString","coordinates":[[-83.741765,42.267149],[-83.741751,42.267149]]},"properties":{"Layer":"CM-ATHL"}},{"type":"Feature","geometry":{"type":"LineString","coordinates":[[-83.741751,42.267149],[-83.741751,42.267133]]},"properties":{"Layer":"CM-ATHL"}},{"type":"Feature","geometry":{"type":"LineString","coordinates":[[-83.741739,42.266974],[-83.741746,42.266974]]},"properties":{"Layer":"CM-ATHL"}},{"type":"Feature","geometry":{"type":"LineString","coordinates":[[-83.741746,42.266974],[-83.741746,42.266976]]},"properties":{"Layer":"CM-ATHL"}},{"type":"Feature","geometry":{"type":"LineString","coordinates":[[-83.741746,42.266976],[-83.741739,42.266976]]},"properties":{"Layer":"CM-ATHL"}},{"type":"Feature","geometry":{"type":"LineString","coordinates":[[-83.741739,42.266976],[-83.741739,42.266974]]},"properties":{"Layer":"CM-ATHL"}},{"type":"Feature","geometry":{"type":"LineString","coordinates":[[-83.741743,42.267138],[-83.741743,42.26714]]},"properties":{"Layer":"CM-ATHL"}},{"type":"Feature","geometry":{"type":"LineString","coordinates":[[-83.741743,42.26714],[-83.741746,42.267142]]},"properties":{"Layer":"CM-ATHL"}},{"type":"Feature","geometry":{"type":"LineString","coordinates":[[-83.741746,42.267142],[-83.741749,42.26714]]},"properties":{"Layer":"CM-ATHL"}},{"type":"Feature","geometry":{"type":"LineString","coordinates":[[-83.741749,42.26714],[-83.741749,42.267138]]},"properties":{"Layer":"CM-ATHL"}},{"type":"Feature","geometry":{"type":"LineString","coordinates":[[-83.741749,42.267138],[-83.741743,42.267138]]},"properties":{"Layer":"CM-ATHL"}},{"type":"Feature","geometry":{"type":"LineString","coordinates":[[-83.741732,42.267165],[-83.741732,42.267165]]},"properties":{"Layer":"CM-ATHL"}},{"type":"Feature","geometry":{"type":"LineString","coordinates":[[-83.741761,42.267165],[-83.741761,42.267165]]},"properties":{"Layer":"CM-ATHL"}},{"type":"Feature","geometry":{"type":"LineString","coordinates":[[-83.741732,42.267165],[-83.741761,42.267165]]},"properties":{"Layer":"CM-ATHL"}},{"type":"Feature","geometry":{"type":"LineString","coordinates":[[-83.741732,42.267165],[-83.741761,42.267165]]},"properties":{"Layer":"CM-ATHL"}},{"type":"Feature","geometry":{"type":"LineString","coordinates":[[-83.741732,42.266976],[-83.741754,42.266976]]},"properties":{"Layer":"CM-ATHL"}},{"type":"Feature","geometry":{"type":"LineString","coordinates":[[-83.741715,42.266952],[-83.74177,42.266951]]},"properties":{"Layer":"CM-ATHL"}},{"type":"Feature","geometry":{"type":"LineString","coordinates":[[-83.74177,42.266951],[-83.741774,42.267165]]},"properties":{"Layer":"CM-ATHL"}},{"type":"Feature","geometry":{"type":"LineString","coordinates":[[-83.741774,42.267165],[-83.741719,42.267166]]},"properties":{"Layer":"CM-ATHL"}},{"type":"Feature","geometry":{"type":"LineString","coordinates":[[-83.741719,42.267166],[-83.741715,42.266952]]},"properties":{"Layer":"CM-ATHL"}},{"type":"Feature","geometry":{"type":"LineString","coordinates":[[-83.74166,42.267134],[-83.741675,42.267134]]},"properties":{"Layer":"CM-ATHL"}},{"type":"Feature","geometry":{"type":"LineString","coordinates":[[-83.741675,42.267134],[-83.741675,42.26715]]},"properties":{"Layer":"CM-ATHL"}},{"type":"Feature","geometry":{"type":"LineString","coordinates":[[-83.741675,42.26715],[-83.74166,42.26715]]},"properties":{"Layer":"CM-ATHL"}},{"type":"Feature","geometry":{"type":"LineString","coordinates":[[-83.74166,42.26715],[-83.74166,42.267134]]},"properties":{"Layer":"CM-ATHL"}},{"type":"Feature","geometry":{"type":"LineString","coordinates":[[-83.741661,42.267134],[-83.741674,42.267134]]},"properties":{"Layer":"CM-ATHL"}},{"type":"Feature","geometry":{"type":"LineString","coordinates":[[-83.741674,42.267134],[-83.741675,42.26715]]},"properties":{"Layer":"CM-ATHL"}},{"type":"Feature","geometry":{"type":"LineString","coordinates":[[-83.741675,42.26715],[-83.741661,42.26715]]},"properties":{"Layer":"CM-ATHL"}},{"type":"Feature","geometry":{"type":"LineString","coordinates":[[-83.741661,42.26715],[-83.741661,42.267134]]},"properties":{"Layer":"CM-ATHL"}},{"type":"Feature","geometry":{"type":"LineString","coordinates":[[-83.741684,42.267133],[-83.741699,42.267133]]},"properties":{"Layer":"CM-ATHL"}},{"type":"Feature","geometry":{"type":"LineString","coordinates":[[-83.741699,42.267133],[-83.741699,42.26715]]},"properties":{"Layer":"CM-ATHL"}},{"type":"Feature","geometry":{"type":"LineString","coordinates":[[-83.741699,42.26715],[-83.741684,42.26715]]},"properties":{"Layer":"CM-ATHL"}},{"type":"Feature","geometry":{"type":"LineString","coordinates":[[-83.741684,42.26715],[-83.741684,42.267133]]},"properties":{"Layer":"CM-ATHL"}},{"type":"Feature","geometry":{"type":"LineString","coordinates":[[-83.741684,42.267134],[-83.741698,42.267134]]},"properties":{"Layer":"CM-ATHL"}},{"type":"Feature","geometry":{"type":"LineString","coordinates":[[-83.741698,42.267134],[-83.741698,42.267149]]},"properties":{"Layer":"CM-ATHL"}},{"type":"Feature","geometry":{"type":"LineString","coordinates":[[-83.741698,42.267149],[-83.741685,42.267149]]},"properties":{"Layer":"CM-ATHL"}},{"type":"Feature","geometry":{"type":"LineString","coordinates":[[-83.741685,42.267149],[-83.741684,42.267134]]},"properties":{"Layer":"CM-ATHL"}},{"type":"Feature","geometry":{"type":"LineString","coordinates":[[-83.741677,42.267138],[-83.741677,42.26714]]},"properties":{"Layer":"CM-ATHL"}},{"type":"Feature","geometry":{"type":"LineString","coordinates":[[-83.741677,42.26714],[-83.741679,42.267142]]},"properties":{"Layer":"CM-ATHL"}},{"type":"Feature","geometry":{"type":"LineString","coordinates":[[-83.741679,42.267142],[-83.741682,42.26714]]},"properties":{"Layer":"CM-ATHL"}},{"type":"Feature","geometry":{"type":"LineString","coordinates":[[-83.741682,42.26714],[-83.741682,42.267138]]},"properties":{"Layer":"CM-ATHL"}},{"type":"Feature","geometry":{"type":"LineString","coordinates":[[-83.741682,42.267138],[-83.741677,42.267138]]},"properties":{"Layer":"CM-ATHL"}},{"type":"Feature","geometry":{"type":"LineString","coordinates":[[-83.741665,42.267166],[-83.741665,42.267166]]},"properties":{"Layer":"CM-ATHL"}},{"type":"Feature","geometry":{"type":"LineString","coordinates":[[-83.741695,42.267165],[-83.741695,42.267166]]},"properties":{"Layer":"CM-ATHL"}},{"type":"Feature","geometry":{"type":"LineString","coordinates":[[-83.741665,42.267166],[-83.741695,42.267166]]},"properties":{"Layer":"CM-ATHL"}},{"type":"Feature","geometry":{"type":"LineString","coordinates":[[-83.741665,42.267166],[-83.741695,42.267165]]},"properties":{"Layer":"CM-ATHL"}},{"type":"Feature","geometry":{"type":"LineString","coordinates":[[-83.741599,42.267166],[-83.741599,42.267167]]},"properties":{"Layer":"CM-ATHL"}},{"type":"Feature","geometry":{"type":"LineString","coordinates":[[-83.741628,42.267166],[-83.741628,42.267166]]},"properties":{"Layer":"CM-ATHL"}},{"type":"Feature","geometry":{"type":"LineString","coordinates":[[-83.741599,42.267167],[-83.741628,42.267166]]},"properties":{"Layer":"CM-ATHL"}},{"type":"Feature","geometry":{"type":"LineString","coordinates":[[-83.741599,42.267166],[-83.741628,42.267166]]},"properties":{"Layer":"CM-ATHL"}},{"type":"Feature","geometry":{"type":"LineString","coordinates":[[-83.741768,42.266955],[-83.741769,42.267004]]},"properties":{"Layer":"CM-ATHL"}},{"type":"Feature","geometry":{"type":"LineString","coordinates":[[-83.741716,42.266955],[-83.741717,42.267005]]},"properties":{"Layer":"CM-ATHL"}},{"type":"Feature","geometry":{"type":"LineString","coordinates":[[-83.741769,42.267004],[-83.741716,42.266955]]},"properties":{"Layer":"CM-ATHL"}},{"type":"Feature","geometry":{"type":"LineString","coordinates":[[-83.741717,42.267005],[-83.741768,42.266955]]},"properties":{"Layer":"CM-ATHL"}},{"type":"Feature","geometry":{"type":"LineString","coordinates":[[-83.741769,42.267004],[-83.741717,42.267005]]},"properties":{"Layer":"CM-ATHL"}},{"type":"Feature","geometry":{"type":"LineString","coordinates":[[-83.741768,42.266955],[-83.741716,42.266955]]},"properties":{"Layer":"CM-ATHL"}},{"type":"Feature","geometry":{"type":"LineString","coordinates":[[-83.741687,42.26715],[-83.741687,42.267161]]},"properties":{"Layer":"CM-ATHL"}},{"type":"Feature","geometry":{"type":"LineString","coordinates":[[-83.741687,42.267161],[-83.741672,42.267161]]},"properties":{"Layer":"CM-ATHL"}},{"type":"Feature","geometry":{"type":"LineString","coordinates":[[-83.741672,42.267161],[-83.741672,42.26715]]},"properties":{"Layer":"CM-ATHL"}},{"type":"Feature","geometry":{"type":"LineString","coordinates":[[-83.741686,42.26715],[-83.741687,42.26716]]},"properties":{"Layer":"CM-ATHL"}},{"type":"Feature","geometry":{"type":"LineString","coordinates":[[-83.741687,42.26716],[-83.741673,42.267161]]},"properties":{"Layer":"CM-ATHL"}},{"type":"Feature","geometry":{"type":"LineString","coordinates":[[-83.741673,42.267161],[-83.741673,42.26715]]},"properties":{"Layer":"CM-ATHL"}},{"type":"Feature","geometry":{"type":"LineString","coordinates":[[-83.741594,42.267134],[-83.741608,42.267134]]},"properties":{"Layer":"CM-ATHL"}},{"type":"Feature","geometry":{"type":"LineString","coordinates":[[-83.741608,42.267134],[-83.741609,42.267151]]},"properties":{"Layer":"CM-ATHL"}},{"type":"Feature","geometry":{"type":"LineString","coordinates":[[-83.741609,42.267151],[-83.741594,42.267151]]},"properties":{"Layer":"CM-ATHL"}},{"type":"Feature","geometry":{"type":"LineString","coordinates":[[-83.741594,42.267151],[-83.741594,42.267134]]},"properties":{"Layer":"CM-ATHL"}},{"type":"Feature","geometry":{"type":"LineString","coordinates":[[-83.741594,42.267135],[-83.741608,42.267135]]},"properties":{"Layer":"CM-ATHL"}},{"type":"Feature","geometry":{"type":"LineString","coordinates":[[-83.741608,42.267135],[-83.741608,42.26715]]},"properties":{"Layer":"CM-ATHL"}},{"type":"Feature","geometry":{"type":"LineString","coordinates":[[-83.741608,42.26715],[-83.741595,42.26715]]},"properties":{"Layer":"CM-ATHL"}},{"type":"Feature","geometry":{"type":"LineString","coordinates":[[-83.741595,42.26715],[-83.741594,42.267135]]},"properties":{"Layer":"CM-ATHL"}},{"type":"Feature","geometry":{"type":"LineString","coordinates":[[-83.741617,42.267134],[-83.741632,42.267134]]},"properties":{"Layer":"CM-ATHL"}},{"type":"Feature","geometry":{"type":"LineString","coordinates":[[-83.741632,42.267134],[-83.741632,42.267151]]},"properties":{"Layer":"CM-ATHL"}},{"type":"Feature","geometry":{"type":"LineString","coordinates":[[-83.741632,42.267151],[-83.741618,42.267151]]},"properties":{"Layer":"CM-ATHL"}},{"type":"Feature","geometry":{"type":"LineString","coordinates":[[-83.741618,42.267151],[-83.741617,42.267134]]},"properties":{"Layer":"CM-ATHL"}},{"type":"Feature","geometry":{"type":"LineString","coordinates":[[-83.741618,42.267135],[-83.741631,42.267135]]},"properties":{"Layer":"CM-ATHL"}},{"type":"Feature","geometry":{"type":"LineString","coordinates":[[-83.741631,42.267135],[-83.741632,42.26715]]},"properties":{"Layer":"CM-ATHL"}},{"type":"Feature","geometry":{"type":"LineString","coordinates":[[-83.741632,42.26715],[-83.741618,42.26715]]},"properties":{"Layer":"CM-ATHL"}},{"type":"Feature","geometry":{"type":"LineString","coordinates":[[-83.741618,42.26715],[-83.741618,42.267135]]},"properties":{"Layer":"CM-ATHL"}},{"type":"Feature","geometry":{"type":"LineString","coordinates":[[-83.74161,42.267139],[-83.74161,42.267141]]},"properties":{"Layer":"CM-ATHL"}},{"type":"Feature","geometry":{"type":"LineString","coordinates":[[-83.74161,42.267141],[-83.741613,42.267143]]},"properties":{"Layer":"CM-ATHL"}},{"type":"Feature","geometry":{"type":"LineString","coordinates":[[-83.741613,42.267143],[-83.741616,42.267141]]},"properties":{"Layer":"CM-ATHL"}},{"type":"Feature","geometry":{"type":"LineString","coordinates":[[-83.741616,42.267141],[-83.741616,42.267139]]},"properties":{"Layer":"CM-ATHL"}},{"type":"Feature","geometry":{"type":"LineString","coordinates":[[-83.741616,42.267139],[-83.74161,42.267139]]},"properties":{"Layer":"CM-ATHL"}},{"type":"Feature","geometry":{"type":"LineString","coordinates":[[-83.741621,42.267151],[-83.741621,42.267162]]},"properties":{"Layer":"CM-ATHL"}},{"type":"Feature","geometry":{"type":"LineString","coordinates":[[-83.741621,42.267162],[-83.741606,42.267162]]},"properties":{"Layer":"CM-ATHL"}},{"type":"Feature","geometry":{"type":"LineString","coordinates":[[-83.741606,42.267162],[-83.741606,42.267151]]},"properties":{"Layer":"CM-ATHL"}},{"type":"Feature","geometry":{"type":"LineString","coordinates":[[-83.74162,42.267151],[-83.74162,42.267161]]},"properties":{"Layer":"CM-ATHL"}},{"type":"Feature","geometry":{"type":"LineString","coordinates":[[-83.74162,42.267161],[-83.741607,42.267161]]},"properties":{"Layer":"CM-ATHL"}},{"type":"Feature","geometry":{"type":"LineString","coordinates":[[-83.741607,42.267161],[-83.741606,42.267151]]},"properties":{"Layer":"CM-ATHL"}},{"type":"Feature","geometry":{"type":"LineString","coordinates":[[-83.741648,42.266953],[-83.741704,42.266952]]},"properties":{"Layer":"CM-ATHL"}},{"type":"Feature","geometry":{"type":"LineString","coordinates":[[-83.741704,42.266952],[-83.741708,42.267166]]},"properties":{"Layer":"CM-ATHL"}},{"type":"Feature","geometry":{"type":"LineString","coordinates":[[-83.741708,42.267166],[-83.741652,42.267167]]},"properties":{"Layer":"CM-ATHL"}},{"type":"Feature","geometry":{"type":"LineString","coordinates":[[-83.741652,42.267167],[-83.741648,42.266953]]},"properties":{"Layer":"CM-ATHL"}},{"type":"Feature","geometry":{"type":"LineString","coordinates":[[-83.741582,42.266953],[-83.741637,42.266953]]},"properties":{"Layer":"CM-ATHL"}},{"type":"Feature","geometry":{"type":"LineString","coordinates":[[-83.741637,42.266953],[-83.741641,42.267167]]},"properties":{"Layer":"CM-ATHL"}},{"type":"Feature","geometry":{"type":"LineString","coordinates":[[-83.741641,42.267167],[-83.741586,42.267167]]},"properties":{"Layer":"CM-ATHL"}},{"type":"Feature","geometry":{"type":"LineString","coordinates":[[-83.741586,42.267167],[-83.741582,42.266953]]},"properties":{"Layer":"CM-ATHL"}},{"type":"Feature","geometry":{"type":"LineString","coordinates":[[-83.741673,42.266975],[-83.74168,42.266975]]},"properties":{"Layer":"CM-ATHL"}},{"type":"Feature","geometry":{"type":"LineString","coordinates":[[-83.74168,42.266975],[-83.74168,42.266976]]},"properties":{"Layer":"CM-ATHL"}},{"type":"Feature","geometry":{"type":"LineString","coordinates":[[-83.74168,42.266976],[-83.741673,42.266976]]},"properties":{"Layer":"CM-ATHL"}},{"type":"Feature","geometry":{"type":"LineString","coordinates":[[-83.741673,42.266976],[-83.741673,42.266975]]},"properties":{"Layer":"CM-ATHL"}},{"type":"Feature","geometry":{"type":"LineString","coordinates":[[-83.741702,42.266955],[-83.741703,42.267005]]},"properties":{"Layer":"CM-ATHL"}},{"type":"Feature","geometry":{"type":"LineString","coordinates":[[-83.74165,42.266956],[-83.741651,42.267005]]},"properties":{"Layer":"CM-ATHL"}},{"type":"Feature","geometry":{"type":"LineString","coordinates":[[-83.741703,42.267005],[-83.74165,42.266956]]},"properties":{"Layer":"CM-ATHL"}},{"type":"Feature","geometry":{"type":"LineString","coordinates":[[-83.741651,42.267005],[-83.741702,42.266955]]},"properties":{"Layer":"CM-ATHL"}},{"type":"Feature","geometry":{"type":"LineString","coordinates":[[-83.741703,42.267005],[-83.741651,42.267005]]},"properties":{"Layer":"CM-ATHL"}},{"type":"Feature","geometry":{"type":"LineString","coordinates":[[-83.741702,42.266955],[-83.74165,42.266956]]},"properties":{"Layer":"CM-ATHL"}},{"type":"Feature","geometry":{"type":"LineString","coordinates":[[-83.741606,42.266976],[-83.741613,42.266976]]},"properties":{"Layer":"CM-ATHL"}},{"type":"Feature","geometry":{"type":"LineString","coordinates":[[-83.741613,42.266976],[-83.741613,42.266977]]},"properties":{"Layer":"CM-ATHL"}},{"type":"Feature","geometry":{"type":"LineString","coordinates":[[-83.741613,42.266977],[-83.741606,42.266977]]},"properties":{"Layer":"CM-ATHL"}},{"type":"Feature","geometry":{"type":"LineString","coordinates":[[-83.741606,42.266977],[-83.741606,42.266976]]},"properties":{"Layer":"CM-ATHL"}},{"type":"Feature","geometry":{"type":"LineString","coordinates":[[-83.741635,42.266956],[-83.741636,42.267006]]},"properties":{"Layer":"CM-ATHL"}},{"type":"Feature","geometry":{"type":"LineString","coordinates":[[-83.741584,42.266957],[-83.741584,42.267006]]},"properties":{"Layer":"CM-ATHL"}},{"type":"Feature","geometry":{"type":"LineString","coordinates":[[-83.741636,42.267006],[-83.741584,42.266957]]},"properties":{"Layer":"CM-ATHL"}},{"type":"Feature","geometry":{"type":"LineString","coordinates":[[-83.741584,42.267006],[-83.741635,42.266956]]},"properties":{"Layer":"CM-ATHL"}},{"type":"Feature","geometry":{"type":"LineString","coordinates":[[-83.741636,42.267006],[-83.741584,42.267006]]},"properties":{"Layer":"CM-ATHL"}},{"type":"Feature","geometry":{"type":"LineString","coordinates":[[-83.741635,42.266956],[-83.741584,42.266957]]},"properties":{"Layer":"CM-ATHL"}},{"type":"Feature","geometry":{"type":"LineString","coordinates":[[-83.741575,42.266954],[-83.741575,42.266954],[-83.741575,42.266954],[-83.741575,42.266954],[-83.741575,42.266954],[-83.741576,42.266954],[-83.741576,42.266954],[-83.741576,42.266954],[-83.741576,42.266954],[-83.741576,42.266954],[-83.741576,42.266954],[-83.741576,42.266954],[-83.741576,42.266954],[-83.741577,42.266954],[-83.741577,42.266954],[-83.741577,42.266954],[-83.741577,42.266954],[-83.741577,42.266954],[-83.741577,42.266954],[-83.741577,42.266953],[-83.741577,42.266953],[-83.741577,42.266953],[-83.741577,42.266953],[-83.741577,42.266953],[-83.741576,42.266953],[-83.741576,42.266953],[-83.741576,42.266953],[-83.741576,42.266953],[-83.741576,42.266953],[-83.741576,42.266953],[-83.741576,42.266953],[-83.741576,42.266953],[-83.741575,42.266953],[-83.741575,42.266953],[-83.741575,42.266953],[-83.741575,42.266953],[-83.741575,42.266954]]},"properties":{"Layer":"CM-ATHL"}},{"type":"Feature","geometry":{"type":"LineString","coordinates":[[-83.741576,42.26698],[-83.741576,42.26698],[-83.741576,42.26698],[-83.741576,42.266981],[-83.741576,42.266981],[-83.741576,42.266981],[-83.741576,42.266981],[-83.741576,42.266981],[-83.741576,42.266981],[-83.741577,42.266981],[-83.741577,42.266981],[-83.741577,42.266981],[-83.741577,42.266981],[-83.741577,42.266981],[-83.741577,42.266981],[-83.741577,42.266981],[-83.741577,42.26698],[-83.741577,42.26698],[-83.741577,42.26698],[-83.741577,42.26698],[-83.741577,42.26698],[-83.741577,42.26698],[-83.741577,42.26698],[-83.741577,42.26698],[-83.741577,42.26698],[-83.741577,42.26698],[-83.741577,42.26698],[-83.741577,42.26698],[-83.741576,42.26698],[-83.741576,42.26698],[-83.741576,42.26698],[-83.741576,42.26698],[-83.741576,42.26698],[-83.741576,42.26698],[-83.741576,42.26698],[-83.741576,42.26698],[-83.741576,42.26698]]},"properties":{"Layer":"CM-ATHL"}},{"type":"Feature","geometry":{"type":"LineString","coordinates":[[-83.741576,42.267007],[-83.741576,42.267007],[-83.741576,42.267007],[-83.741576,42.267007],[-83.741577,42.267007],[-83.741577,42.267007],[-83.741577,42.267008],[-83.741577,42.267008],[-83.741577,42.267008],[-83.741577,42.267008],[-83.741577,42.267008],[-83.741577,42.267008],[-83.741577,42.267008],[-83.741578,42.267007],[-83.741578,42.267007],[-83.741578,42.267007],[-83.741578,42.267007],[-83.741578,42.267007],[-83.741578,42.267007],[-83.741578,42.267007],[-83.741578,42.267007],[-83.741578,42.267007],[-83.741578,42.267007],[-83.741578,42.267007],[-83.741577,42.267007],[-83.741577,42.267006],[-83.741577,42.267006],[-83.741577,42.267006],[-83.741577,42.267006],[-83.741577,42.267006],[-83.741577,42.267007],[-83.741577,42.267007],[-83.741577,42.267007],[-83.741576,42.267007],[-83.741576,42.267007],[-83.741576,42.267007],[-83.741576,42.267007]]},"properties":{"Layer":"CM-ATHL"}},{"type":"Feature","geometry":{"type":"LineString","coordinates":[[-83.741577,42.267034],[-83.741577,42.267034],[-83.741577,42.267034],[-83.741577,42.267034],[-83.741577,42.267034],[-83.741577,42.267034],[-83.741577,42.267034],[-83.741577,42.267034],[-83.741577,42.267034],[-83.741578,42.267034],[-83.741578,42.267034],[-83.741578,42.267034],[-83.741578,42.267034],[-83.741578,42.267034],[-83.741578,42.267034],[-83.741578,42.267034],[-83.741578,42.267034],[-83.741578,42.267034],[-83.741578,42.267034],[-83.741578,42.267034],[-83.741578,42.267034],[-83.741578,42.267033],[-83.741578,42.267033],[-83.741578,42.267033],[-83.741578,42.267033],[-83.741578,42.267033],[-83.741578,42.267033],[-83.741578,42.267033],[-83.741577,42.267033],[-83.741577,42.267033],[-83.741577,42.267033],[-83.741577,42.267033],[-83.741577,42.267033],[-83.741577,42.267033],[-83.741577,42.267034],[-83.741577,42.267034],[-83.741577,42.267034]]},"properties":{"Layer":"CM-ATHL"}},{"type":"Feature","geometry":{"type":"LineString","coordinates":[[-83.741577,42.267061],[-83.741577,42.267061],[-83.741577,42.267061],[-83.741577,42.267061],[-83.741578,42.267061],[-83.741578,42.267061],[-83.741578,42.267061],[-83.741578,42.267061],[-83.741578,42.267061],[-83.741578,42.267061],[-83.741578,42.267061],[-83.741578,42.267061],[-83.741579,42.267061],[-83.741579,42.267061],[-83.741579,42.267061],[-83.741579,42.267061],[-83.741579,42.267061],[-83.741579,42.267061],[-83.741579,42.267061],[-83.741579,42.26706],[-83.741579,42.26706],[-83.741579,42.26706],[-83.741579,42.26706],[-83.741579,42.26706],[-83.741579,42.26706],[-83.741578,42.26706],[-83.741578,42.26706],[-83.741578,42.26706],[-83.741578,42.26706],[-83.741578,42.26706],[-83.741578,42.26706],[-83.741578,42.26706],[-83.741578,42.26706],[-83.741577,42.26706],[-83.741577,42.26706],[-83.741577,42.26706],[-83.741577,42.267061]]},"properties":{"Layer":"CM-ATHL"}},{"type":"Feature","geometry":{"type":"LineString","coordinates":[[-83.741578,42.267087],[-83.741578,42.267087],[-83.741578,42.267087],[-83.741578,42.267088],[-83.741578,42.267088],[-83.741578,42.267088],[-83.741578,42.267088],[-83.741578,42.267088],[-83.741579,42.267088],[-83.741579,42.267088],[-83.741579,42.267088],[-83.741579,42.267088],[-83.741579,42.267088],[-83.741579,42.267088],[-83.741579,42.267088],[-83.741579,42.267088],[-83.741579,42.267087],[-83.741579,42.267087],[-83.741579,42.267087],[-83.741579,42.267087],[-83.741579,42.267087],[-83.741579,42.267087],[-83.741579,42.267087],[-83.741579,42.267087],[-83.741579,42.267087],[-83.741579,42.267087],[-83.741579,42.267087],[-83.741579,42.267087],[-83.741579,42.267087],[-83.741578,42.267087],[-83.741578,42.267087],[-83.741578,42.267087],[-83.741578,42.267087],[-83.741578,42.267087],[-83.741578,42.267087],[-83.741578,42.267087],[-83.741578,42.267087]]},"properties":{"Layer":"CM-ATHL"}},{"type":"Feature","geometry":{"type":"LineString","coordinates":[[-83.741578,42.267114],[-83.741578,42.267114],[-83.741578,42.267114],[-83.741578,42.267114],[-83.741579,42.267114],[-83.741579,42.267114],[-83.741579,42.267115],[-83.741579,42.267115],[-83.741579,42.267115],[-83.741579,42.267115],[-83.741579,42.267115],[-83.741579,42.267115],[-83.74158,42.267115],[-83.74158,42.267114],[-83.74158,42.267114],[-83.74158,42.267114],[-83.74158,42.267114],[-83.74158,42.267114],[-83.74158,42.267114],[-83.74158,42.267114],[-83.74158,42.267114],[-83.74158,42.267114],[-83.74158,42.267114],[-83.74158,42.267114],[-83.74158,42.267114],[-83.741579,42.267113],[-83.741579,42.267113],[-83.741579,42.267113],[-83.741579,42.267113],[-83.741579,42.267113],[-83.741579,42.267114],[-83.741579,42.267114],[-83.741579,42.267114],[-83.741579,42.267114],[-83.741578,42.267114],[-83.741578,42.267114],[-83.741578,42.267114]]},"properties":{"Layer":"CM-ATHL"}},{"type":"Feature","geometry":{"type":"LineString","coordinates":[[-83.741579,42.267141],[-83.741579,42.267141],[-83.741579,42.267141],[-83.741579,42.267141],[-83.741579,42.267141],[-83.741579,42.267141],[-83.741579,42.267141],[-83.741579,42.267141],[-83.74158,42.267141],[-83.74158,42.267141],[-83.74158,42.267141],[-83.74158,42.267141],[-83.74158,42.267141],[-83.74158,42.267141],[-83.74158,42.267141],[-83.74158,42.267141],[-83.74158,42.267141],[-83.74158,42.267141],[-83.74158,42.267141],[-83.74158,42.267141],[-83.74158,42.267141],[-83.74158,42.26714],[-83.74158,42.26714],[-83.74158,42.26714],[-83.74158,42.26714],[-83.74158,42.26714],[-83.74158,42.26714],[-83.74158,42.26714],[-83.74158,42.26714],[-83.741579,42.26714],[-83.741579,42.26714],[-83.741579,42.26714],[-83.741579,42.26714],[-83.741579,42.26714],[-83.741579,42.267141],[-83.741579,42.267141],[-83.741579,42.267141]]},"properties":{"Layer":"CM-ATHL"}},{"type":"Feature","geometry":{"type":"LineString","coordinates":[[-83.741579,42.267168],[-83.741579,42.267168],[-83.741579,42.267168],[-83.74158,42.267168],[-83.74158,42.267168],[-83.74158,42.267168],[-83.74158,42.267168],[-83.74158,42.267168],[-83.74158,42.267168],[-83.74158,42.267168],[-83.74158,42.267168],[-83.74158,42.267168],[-83.741581,42.267168],[-83.741581,42.267168],[-83.741581,42.267168],[-83.741581,42.267168],[-83.741581,42.267168],[-83.741581,42.267168],[-83.741581,42.267168],[-83.741581,42.267167],[-83.741581,42.267167],[-83.741581,42.267167],[-83.741581,42.267167],[-83.741581,42.267167],[-83.741581,42.267167],[-83.74158,42.267167],[-83.74158,42.267167],[-83.74158,42.267167],[-83.74158,42.267167],[-83.74158,42.267167],[-83.74158,42.267167],[-83.74158,42.267167],[-83.74158,42.267167],[-83.74158,42.267167],[-83.741579,42.267167],[-83.741579,42.267167],[-83.741579,42.267168]]},"properties":{"Layer":"CM-ATHL"}},{"type":"Feature","geometry":{"type":"LineString","coordinates":[[-83.741642,42.266953],[-83.741642,42.266953],[-83.741642,42.266953],[-83.741642,42.266953],[-83.741642,42.266953],[-83.741642,42.266953],[-83.741642,42.266953],[-83.741642,42.266953],[-83.741642,42.266953],[-83.741643,42.266953],[-83.741643,42.266953],[-83.741643,42.266953],[-83.741643,42.266953],[-83.741643,42.266953],[-83.741643,42.266953],[-83.741643,42.266953],[-83.741643,42.266953],[-83.741643,42.266953],[-83.741643,42.266953],[-83.741643,42.266953],[-83.741643,42.266953],[-83.741643,42.266953],[-83.741643,42.266952],[-83.741643,42.266952],[-83.741643,42.266952],[-83.741643,42.266952],[-83.741643,42.266952],[-83.741643,42.266952],[-83.741642,42.266952],[-83.741642,42.266952],[-83.741642,42.266952],[-83.741642,42.266952],[-83.741642,42.266952],[-83.741642,42.266953],[-83.741642,42.266953],[-83.741642,42.266953],[-83.741642,42.266953]]},"properties":{"Layer":"CM-ATHL"}},{"type":"Feature","geometry":{"type":"LineString","coordinates":[[-83.741642,42.26698],[-83.741642,42.26698],[-83.741642,42.26698],[-83.741642,42.26698],[-83.741642,42.26698],[-83.741643,42.26698],[-83.741643,42.26698],[-83.741643,42.26698],[-83.741643,42.26698],[-83.741643,42.26698],[-83.741643,42.26698],[-83.741643,42.26698],[-83.741643,42.26698],[-83.741644,42.26698],[-83.741644,42.26698],[-83.741644,42.26698],[-83.741644,42.26698],[-83.741644,42.26698],[-83.741644,42.26698],[-83.741644,42.266979],[-83.741644,42.266979],[-83.741644,42.266979],[-83.741644,42.266979],[-83.741644,42.266979],[-83.741643,42.266979],[-83.741643,42.266979],[-83.741643,42.266979],[-83.741643,42.266979],[-83.741643,42.266979],[-83.741643,42.266979],[-83.741643,42.266979],[-83.741643,42.266979],[-83.741642,42.266979],[-83.741642,42.266979],[-83.741642,42.266979],[-83.741642,42.266979],[-83.741642,42.26698]]},"properties":{"Layer":"CM-ATHL"}},{"type":"Feature","geometry":{"type":"LineString","coordinates":[[-83.741643,42.267006],[-83.741643,42.267006],[-83.741643,42.267007],[-83.741643,42.267007],[-83.741643,42.267007],[-83.741643,42.267007],[-83.741643,42.267007],[-83.741643,42.267007],[-83.741643,42.267007],[-83.741644,42.267007],[-83.741644,42.267007],[-83.741644,42.267007],[-83.741644,42.267007],[-83.741644,42.267007],[-83.741644,42.267007],[-83.741644,42.267007],[-83.741644,42.267007],[-83.741644,42.267006],[-83.741644,42.267006],[-83.741644,42.267006],[-83.741644,42.267006],[-83.741644,42.267006],[-83.741644,42.267006],[-83.741644,42.267006],[-83.741644,42.267006],[-83.741644,42.267006],[-83.741644,42.267006],[-83.741644,42.267006],[-83.741643,42.267006],[-83.741643,42.267006],[-83.741643,42.267006],[-83.741643,42.267006],[-83.741643,42.267006],[-83.741643,42.267006],[-83.741643,42.267006],[-83.741643,42.267006],[-83.741643,42.267006]]},"properties":{"Layer":"CM-ATHL"}},{"type":"Feature","geometry":{"type":"LineString","coordinates":[[-83.741643,42.267033],[-83.741643,42.267033],[-83.741643,42.267033],[-83.741643,42.267033],[-83.741644,42.267033],[-83.741644,42.267033],[-83.741644,42.267034],[-83.741644,42.267034],[-83.741644,42.267034],[-83.741644,42.267034],[-83.741644,42.267034],[-83.741644,42.267034],[-83.741644,42.267034],[-83.741645,42.267034],[-83.741645,42.267033],[-83.741645,42.267033],[-83.741645,42.267033],[-83.741645,42.267033],[-83.741645,42.267033],[-83.741645,42.267033],[-83.741645,42.267033],[-83.741645,42.267033],[-83.741645,42.267033],[-83.741645,42.267033],[-83.741644,42.267033],[-83.741644,42.267033],[-83.741644,42.267032],[-83.741644,42.267032],[-83.741644,42.267032],[-83.741644,42.267033],[-83.741644,42.267033],[-83.741644,42.267033],[-83.741644,42.267033],[-83.741643,42.267033],[-83.741643,42.267033],[-83.741643,42.267033],[-83.741643,42.267033]]},"properties":{"Layer":"CM-ATHL"}},{"type":"Feature","geometry":{"type":"LineString","coordinates":[[-83.741644,42.26706],[-83.741644,42.26706],[-83.741644,42.26706],[-83.741644,42.26706],[-83.741644,42.26706],[-83.741644,42.26706],[-83.741644,42.26706],[-83.741644,42.26706],[-83.741644,42.26706],[-83.741645,42.26706],[-83.741645,42.26706],[-83.741645,42.26706],[-83.741645,42.26706],[-83.741645,42.26706],[-83.741645,42.26706],[-83.741645,42.26706],[-83.741645,42.26706],[-83.741645,42.26706],[-83.741645,42.26706],[-83.741645,42.26706],[-83.741645,42.26706],[-83.741645,42.26706],[-83.741645,42.267059],[-83.741645,42.267059],[-83.741645,42.267059],[-83.741645,42.267059],[-83.741645,42.267059],[-83.741645,42.267059],[-83.741644,42.267059],[-83.741644,42.267059],[-83.741644,42.267059],[-83.741644,42.267059],[-83.741644,42.267059],[-83.741644,42.26706],[-83.741644,42.26706],[-83.741644,42.26706],[-83.741644,42.26706]]},"properties":{"Layer":"CM-ATHL"}},{"type":"Feature","geometry":{"type":"LineString","coordinates":[[-83.741644,42.267087],[-83.741644,42.267087],[-83.741644,42.267087],[-83.741644,42.267087],[-83.741645,42.267087],[-83.741645,42.267087],[-83.741645,42.267087],[-83.741645,42.267087],[-83.741645,42.267087],[-83.741645,42.267087],[-83.741645,42.267087],[-83.741645,42.267087],[-83.741646,42.267087],[-83.741646,42.267087],[-83.741646,42.267087],[-83.741646,42.267087],[-83.741646,42.267087],[-83.741646,42.267087],[-83.741646,42.267087],[-83.741646,42.267086],[-83.741646,42.267086],[-83.741646,42.267086],[-83.741646,42.267086],[-83.741646,42.267086],[-83.741646,42.267086],[-83.741645,42.267086],[-83.741645,42.267086],[-83.741645,42.267086],[-83.741645,42.267086],[-83.741645,42.267086],[-83.741645,42.267086],[-83.741645,42.267086],[-83.741645,42.267086],[-83.741644,42.267086],[-83.741644,42.267086],[-83.741644,42.267086],[-83.741644,42.267087]]},"properties":{"Layer":"CM-ATHL"}},{"type":"Feature","geometry":{"type":"LineString","coordinates":[[-83.741645,42.267113],[-83.741645,42.267113],[-83.741645,42.267114],[-83.741645,42.267114],[-83.741645,42.267114],[-83.741645,42.267114],[-83.741645,42.267114],[-83.741645,42.267114],[-83.741646,42.267114],[-83.741646,42.267114],[-83.741646,42.267114],[-83.741646,42.267114],[-83.741646,42.267114],[-83.741646,42.267114],[-83.741646,42.267114],[-83.741646,42.267114],[-83.741646,42.267114],[-83.741646,42.267113],[-83.741646,42.267113],[-83.741646,42.267113],[-83.741646,42.267113],[-83.741646,42.267113],[-83.741646,42.267113],[-83.741646,42.267113],[-83.741646,42.267113],[-83.741646,42.267113],[-83.741646,42.267113],[-83.741646,42.267113],[-83.741646,42.267113],[-83.741645,42.267113],[-83.741645,42.267113],[-83.741645,42.267113],[-83.741645,42.267113],[-83.741645,42.267113],[-83.741645,42.267113],[-83.741645,42.267113],[-83.741645,42.267113]]},"properties":{"Layer":"CM-ATHL"}},{"type":"Feature","geometry":{"type":"LineString","coordinates":[[-83.741645,42.26714],[-83.741645,42.26714],[-83.741645,42.26714],[-83.741646,42.26714],[-83.741646,42.26714],[-83.741646,42.267141],[-83.741646,42.267141],[-83.741646,42.267141],[-83.741646,42.267141],[-83.741646,42.267141],[-83.741646,42.267141],[-83.741646,42.267141],[-83.741647,42.267141],[-83.741647,42.267141],[-83.741647,42.26714],[-83.741647,42.26714],[-83.741647,42.26714],[-83.741647,42.26714],[-83.741647,42.26714],[-83.741647,42.26714],[-83.741647,42.26714],[-83.741647,42.26714],[-83.741647,42.26714],[-83.741647,42.26714],[-83.741647,42.26714],[-83.741646,42.26714],[-83.741646,42.26714],[-83.741646,42.267139],[-83.741646,42.26714],[-83.741646,42.26714],[-83.741646,42.26714],[-83.741646,42.26714],[-83.741646,42.26714],[-83.741646,42.26714],[-83.741645,42.26714],[-83.741645,42.26714],[-83.741645,42.26714]]},"properties":{"Layer":"CM-ATHL"}},{"type":"Feature","geometry":{"type":"LineString","coordinates":[[-83.741646,42.267167],[-83.741646,42.267167],[-83.741646,42.267167],[-83.741646,42.267167],[-83.741646,42.267167],[-83.741646,42.267167],[-83.741646,42.267167],[-83.741646,42.267167],[-83.741647,42.267167],[-83.741647,42.267167],[-83.741647,42.267167],[-83.741647,42.267167],[-83.741647,42.267167],[-83.741647,42.267167],[-83.741647,42.267167],[-83.741647,42.267167],[-83.741647,42.267167],[-83.741647,42.267167],[-83.741647,42.267167],[-83.741647,42.267167],[-83.741647,42.267167],[-83.741647,42.267167],[-83.741647,42.267166],[-83.741647,42.267166],[-83.741647,42.267166],[-83.741647,42.267166],[-83.741647,42.267166],[-83.741647,42.267166],[-83.741647,42.267166],[-83.741646,42.267166],[-83.741646,42.267166],[-83.741646,42.267166],[-83.741646,42.267166],[-83.741646,42.267167],[-83.741646,42.267167],[-83.741646,42.267167],[-83.741646,42.267167]]},"properties":{"Layer":"CM-ATHL"}},{"type":"Feature","geometry":{"type":"LineString","coordinates":[[-83.741708,42.266952],[-83.741708,42.266952],[-83.741708,42.266952],[-83.741708,42.266952],[-83.741708,42.266952],[-83.741709,42.266953],[-83.741709,42.266953],[-83.741709,42.266953],[-83.741709,42.266953],[-83.741709,42.266953],[-83.741709,42.266953],[-83.741709,42.266953],[-83.741709,42.266953],[-83.74171,42.266953],[-83.74171,42.266952],[-83.74171,42.266952],[-83.74171,42.266952],[-83.74171,42.266952],[-83.74171,42.266952],[-83.74171,42.266952],[-83.74171,42.266952],[-83.74171,42.266952],[-83.74171,42.266952],[-83.74171,42.266952],[-83.741709,42.266952],[-83.741709,42.266952],[-83.741709,42.266952],[-83.741709,42.266952],[-83.741709,42.266952],[-83.741709,42.266952],[-83.741709,42.266952],[-83.741709,42.266952],[-83.741708,42.266952],[-83.741708,42.266952],[-83.741708,42.266952],[-83.741708,42.266952],[-83.741708,42.266952]]},"properties":{"Layer":"CM-ATHL"}},{"type":"Feature","geometry":{"type":"LineString","coordinates":[[-83.741709,42.266979],[-83.741709,42.266979],[-83.741709,42.266979],[-83.741709,42.266979],[-83.741709,42.266979],[-83.741709,42.266979],[-83.741709,42.266979],[-83.741709,42.266979],[-83.741709,42.266979],[-83.74171,42.266979],[-83.74171,42.266979],[-83.74171,42.266979],[-83.74171,42.266979],[-83.74171,42.266979],[-83.74171,42.266979],[-83.74171,42.266979],[-83.74171,42.266979],[-83.74171,42.266979],[-83.74171,42.266979],[-83.74171,42.266979],[-83.74171,42.266979],[-83.74171,42.266979],[-83.74171,42.266978],[-83.74171,42.266978],[-83.74171,42.266978],[-83.74171,42.266978],[-83.74171,42.266978],[-83.74171,42.266978],[-83.741709,42.266978],[-83.741709,42.266978],[-83.741709,42.266978],[-83.741709,42.266978],[-83.741709,42.266978],[-83.741709,42.266979],[-83.741709,42.266979],[-83.741709,42.266979],[-83.741709,42.266979]]},"properties":{"Layer":"CM-ATHL"}},{"type":"Feature","geometry":{"type":"LineString","coordinates":[[-83.741709,42.267006],[-83.741709,42.267006],[-83.741709,42.267006],[-83.741709,42.267006],[-83.741709,42.267006],[-83.74171,42.267006],[-83.74171,42.267006],[-83.74171,42.267006],[-83.74171,42.267006],[-83.74171,42.267006],[-83.74171,42.267006],[-83.74171,42.267006],[-83.74171,42.267006],[-83.741711,42.267006],[-83.741711,42.267006],[-83.741711,42.267006],[-83.741711,42.267006],[-83.741711,42.267006],[-83.741711,42.267006],[-83.741711,42.267006],[-83.741711,42.267005],[-83.741711,42.267005],[-83.741711,42.267005],[-83.741711,42.267005],[-83.74171,42.267005],[-83.74171,42.267005],[-83.74171,42.267005],[-83.74171,42.267005],[-83.74171,42.267005],[-83.74171,42.267005],[-83.74171,42.267005],[-83.74171,42.267005],[-83.741709,42.267005],[-83.741709,42.267005],[-83.741709,42.267005],[-83.741709,42.267005],[-83.741709,42.267006]]},"properties":{"Layer":"CM-ATHL"}},{"type":"Feature","geometry":{"type":"LineString","coordinates":[[-83.74171,42.267032],[-83.74171,42.267032],[-83.74171,42.267033],[-83.74171,42.267033],[-83.74171,42.267033],[-83.74171,42.267033],[-83.74171,42.267033],[-83.74171,42.267033],[-83.74171,42.267033],[-83.741711,42.267033],[-83.741711,42.267033],[-83.741711,42.267033],[-83.741711,42.267033],[-83.741711,42.267033],[-83.741711,42.267033],[-83.741711,42.267033],[-83.741711,42.267033],[-83.741711,42.267032],[-83.741711,42.267032],[-83.741711,42.267032],[-83.741711,42.267032],[-83.741711,42.267032],[-83.741711,42.267032],[-83.741711,42.267032],[-83.741711,42.267032],[-83.741711,42.267032],[-83.741711,42.267032],[-83.741711,42.267032],[-83.74171,42.267032],[-83.74171,42.267032],[-83.74171,42.267032],[-83.74171,42.267032],[-83.74171,42.267032],[-83.74171,42.267032],[-83.74171,42.267032],[-83.74171,42.267032],[-83.74171,42.267032]]},"properties":{"Layer":"CM-ATHL"}},{"type":"Feature","geometry":{"type":"LineString","coordinates":[[-83.74171,42.267059],[-83.74171,42.267059],[-83.74171,42.267059],[-83.74171,42.267059],[-83.741711,42.267059],[-83.741711,42.26706],[-83.741711,42.26706],[-83.741711,42.26706],[-83.741711,42.26706],[-83.741711,42.26706],[-83.741711,42.26706],[-83.741711,42.26706],[-83.741712,42.26706],[-83.741712,42.26706],[-83.741712,42.267059],[-83.741712,42.267059],[-83.741712,42.267059],[-83.741712,42.267059],[-83.741712,42.267059],[-83.741712,42.267059],[-83.741712,42.267059],[-83.741712,42.267059],[-83.741712,42.267059],[-83.741712,42.267059],[-83.741712,42.267059],[-83.741711,42.267059],[-83.741711,42.267059],[-83.741711,42.267059],[-83.741711,42.267059],[-83.741711,42.267059],[-83.741711,42.267059],[-83.741711,42.267059],[-83.741711,42.267059],[-83.74171,42.267059],[-83.74171,42.267059],[-83.74171,42.267059],[-83.74171,42.267059]]},"properties":{"Layer":"CM-ATHL"}},{"type":"Feature","geometry":{"type":"LineString","coordinates":[[-83.741711,42.267086],[-83.741711,42.267086],[-83.741711,42.267086],[-83.741711,42.267086],[-83.741711,42.267086],[-83.741711,42.267086],[-83.741711,42.267086],[-83.741711,42.267086],[-83.741712,42.267086],[-83.741712,42.267086],[-83.741712,42.267086],[-83.741712,42.267086],[-83.741712,42.267086],[-83.741712,42.267086],[-83.741712,42.267086],[-83.741712,42.267086],[-83.741712,42.267086],[-83.741712,42.267086],[-83.741712,42.267086],[-83.741712,42.267086],[-83.741712,42.267086],[-83.741712,42.267086],[-83.741712,42.267085],[-83.741712,42.267085],[-83.741712,42.267085],[-83.741712,42.267085],[-83.741712,42.267085],[-83.741712,42.267085],[-83.741712,42.267085],[-83.741711,42.267085],[-83.741711,42.267085],[-83.741711,42.267085],[-83.741711,42.267085],[-83.741711,42.267086],[-83.741711,42.267086],[-83.741711,42.267086],[-83.741711,42.267086]]},"properties":{"Layer":"CM-ATHL"}},{"type":"Feature","geometry":{"type":"LineString","coordinates":[[-83.741711,42.267113],[-83.741711,42.267113],[-83.741711,42.267113],[-83.741711,42.267113],[-83.741712,42.267113],[-83.741712,42.267113],[-83.741712,42.267113],[-83.741712,42.267113],[-83.741712,42.267113],[-83.741712,42.267113],[-83.741712,42.267113],[-83.741712,42.267113],[-83.741713,42.267113],[-83.741713,42.267113],[-83.741713,42.267113],[-83.741713,42.267113],[-83.741713,42.267113],[-83.741713,42.267113],[-83.741713,42.267113],[-83.741713,42.267113],[-83.741713,42.267112],[-83.741713,42.267112],[-83.741713,42.267112],[-83.741713,42.267112],[-83.741713,42.267112],[-83.741712,42.267112],[-83.741712,42.267112],[-83.741712,42.267112],[-83.741712,42.267112],[-83.741712,42.267112],[-83.741712,42.267112],[-83.741712,42.267112],[-83.741712,42.267112],[-83.741711,42.267112],[-83.741711,42.267112],[-83.741711,42.267113],[-83.741711,42.267113]]},"properties":{"Layer":"CM-ATHL"}},{"type":"Feature","geometry":{"type":"LineString","coordinates":[[-83.741712,42.267139],[-83.741712,42.267139],[-83.741712,42.26714],[-83.741712,42.26714],[-83.741712,42.26714],[-83.741712,42.26714],[-83.741712,42.26714],[-83.741712,42.26714],[-83.741713,42.26714],[-83.741713,42.26714],[-83.741713,42.26714],[-83.741713,42.26714],[-83.741713,42.26714],[-83.741713,42.26714],[-83.741713,42.26714],[-83.741713,42.26714],[-83.741713,42.26714],[-83.741713,42.267139],[-83.741713,42.267139],[-83.741713,42.267139],[-83.741713,42.267139],[-83.741713,42.267139],[-83.741713,42.267139],[-83.741713,42.267139],[-83.741713,42.267139],[-83.741713,42.267139],[-83.741713,42.267139],[-83.741713,42.267139],[-83.741713,42.267139],[-83.741712,42.267139],[-83.741712,42.267139],[-83.741712,42.267139],[-83.741712,42.267139],[-83.741712,42.267139],[-83.741712,42.267139],[-83.741712,42.267139],[-83.741712,42.267139]]},"properties":{"Layer":"CM-ATHL"}},{"type":"Feature","geometry":{"type":"LineString","coordinates":[[-83.741712,42.267166],[-83.741712,42.267166],[-83.741712,42.267166],[-83.741713,42.267166],[-83.741713,42.267166],[-83.741713,42.267167],[-83.741713,42.267167],[-83.741713,42.267167],[-83.741713,42.267167],[-83.741713,42.267167],[-83.741713,42.267167],[-83.741713,42.267167],[-83.741714,42.267167],[-83.741714,42.267167],[-83.741714,42.267166],[-83.741714,42.267166],[-83.741714,42.267166],[-83.741714,42.267166],[-83.741714,42.267166],[-83.741714,42.267166],[-83.741714,42.267166],[-83.741714,42.267166],[-83.741714,42.267166],[-83.741714,42.267166],[-83.741714,42.267166],[-83.741713,42.267166],[-83.741713,42.267166],[-83.741713,42.267166],[-83.741713,42.267166],[-83.741713,42.267166],[-83.741713,42.267166],[-83.741713,42.267166],[-83.741713,42.267166],[-83.741713,42.267166],[-83.741712,42.267166],[-83.741712,42.267166],[-83.741712,42.267166]]},"properties":{"Layer":"CM-ATHL"}},{"type":"Feature","geometry":{"type":"LineString","coordinates":[[-83.741775,42.266951],[-83.741775,42.266951],[-83.741775,42.266952],[-83.741775,42.266952],[-83.741775,42.266952],[-83.741775,42.266952],[-83.741775,42.266952],[-83.741775,42.266952],[-83.741775,42.266952],[-83.741776,42.266952],[-83.741776,42.266952],[-83.741776,42.266952],[-83.741776,42.266952],[-83.741776,42.266952],[-83.741776,42.266952],[-83.741776,42.266952],[-83.741776,42.266952],[-83.741776,42.266951],[-83.741776,42.266951],[-83.741776,42.266951],[-83.741776,42.266951],[-83.741776,42.266951],[-83.741776,42.266951],[-83.741776,42.266951],[-83.741776,42.266951],[-83.741776,42.266951],[-83.741776,42.266951],[-83.741776,42.266951],[-83.741775,42.266951],[-83.741775,42.266951],[-83.741775,42.266951],[-83.741775,42.266951],[-83.741775,42.266951],[-83.741775,42.266951],[-83.741775,42.266951],[-83.741775,42.266951],[-83.741775,42.266951]]},"properties":{"Layer":"CM-ATHL"}},{"type":"Feature","geometry":{"type":"LineString","coordinates":[[-83.741775,42.266978],[-83.741775,42.266978],[-83.741775,42.266978],[-83.741775,42.266978],[-83.741775,42.266978],[-83.741776,42.266979],[-83.741776,42.266979],[-83.741776,42.266979],[-83.741776,42.266979],[-83.741776,42.266979],[-83.741776,42.266979],[-83.741776,42.266979],[-83.741776,42.266979],[-83.741777,42.266979],[-83.741777,42.266979],[-83.741777,42.266978],[-83.741777,42.266978],[-83.741777,42.266978],[-83.741777,42.266978],[-83.741777,42.266978],[-83.741777,42.266978],[-83.741777,42.266978],[-83.741777,42.266978],[-83.741777,42.266978],[-83.741776,42.266978],[-83.741776,42.266978],[-83.741776,42.266978],[-83.741776,42.266978],[-83.741776,42.266978],[-83.741776,42.266978],[-83.741776,42.266978],[-83.741776,42.266978],[-83.741775,42.266978],[-83.741775,42.266978],[-83.741775,42.266978],[-83.741775,42.266978],[-83.741775,42.266978]]},"properties":{"Layer":"CM-ATHL"}},{"type":"Feature","geometry":{"type":"LineString","coordinates":[[-83.741776,42.267005],[-83.741776,42.267005],[-83.741776,42.267005],[-83.741776,42.267005],[-83.741776,42.267005],[-83.741776,42.267005],[-83.741776,42.267005],[-83.741776,42.267005],[-83.741776,42.267005],[-83.741777,42.267005],[-83.741777,42.267005],[-83.741777,42.267005],[-83.741777,42.267005],[-83.741777,42.267005],[-83.741777,42.267005],[-83.741777,42.267005],[-83.741777,42.267005],[-83.741777,42.267005],[-83.741777,42.267005],[-83.741777,42.267005],[-83.741777,42.267005],[-83.741777,42.267005],[-83.741777,42.267005],[-83.741777,42.267004],[-83.741777,42.267004],[-83.741777,42.267004],[-83.741777,42.267004],[-83.741777,42.267004],[-83.741776,42.267004],[-83.741776,42.267004],[-83.741776,42.267004],[-83.741776,42.267004],[-83.741776,42.267005],[-83.741776,42.267005],[-83.741776,42.267005],[-83.741776,42.267005],[-83.741776,42.267005]]},"properties":{"Layer":"CM-ATHL"}},{"type":"Feature","geometry":{"type":"LineString","coordinates":[[-83.741776,42.267032],[-83.741776,42.267032],[-83.741776,42.267032],[-83.741776,42.267032],[-83.741777,42.267032],[-83.741777,42.267032],[-83.741777,42.267032],[-83.741777,42.267032],[-83.741777,42.267032],[-83.741777,42.267032],[-83.741777,42.267032],[-83.741777,42.267032],[-83.741777,42.267032],[-83.741778,42.267032],[-83.741778,42.267032],[-83.741778,42.267032],[-83.741778,42.267032],[-83.741778,42.267032],[-83.741778,42.267032],[-83.741778,42.267032],[-83.741778,42.267031],[-83.741778,42.267031],[-83.741778,42.267031],[-83.741778,42.267031],[-83.741777,42.267031],[-83.741777,42.267031],[-83.741777,42.267031],[-83.741777,42.267031],[-83.741777,42.267031],[-83.741777,42.267031],[-83.741777,42.267031],[-83.741777,42.267031],[-83.741777,42.267031],[-83.741776,42.267031],[-83.741776,42.267031],[-83.741776,42.267032],[-83.741776,42.267032]]},"properties":{"Layer":"CM-ATHL"}},{"type":"Feature","geometry":{"type":"LineString","coordinates":[[-83.741777,42.267058],[-83.741777,42.267058],[-83.741777,42.267059],[-83.741777,42.267059],[-83.741777,42.267059],[-83.741777,42.267059],[-83.741777,42.267059],[-83.741777,42.267059],[-83.741777,42.267059],[-83.741778,42.267059],[-83.741778,42.267059],[-83.741778,42.267059],[-83.741778,42.267059],[-83.741778,42.267059],[-83.741778,42.267059],[-83.741778,42.267059],[-83.741778,42.267059],[-83.741778,42.267058],[-83.741778,42.267058],[-83.741778,42.267058],[-83.741778,42.267058],[-83.741778,42.267058],[-83.741778,42.267058],[-83.741778,42.267058],[-83.741778,42.267058],[-83.741778,42.267058],[-83.741778,42.267058],[-83.741778,42.267058],[-83.741777,42.267058],[-83.741777,42.267058],[-83.741777,42.267058],[-83.741777,42.267058],[-83.741777,42.267058],[-83.741777,42.267058],[-83.741777,42.267058],[-83.741777,42.267058],[-83.741777,42.267058]]},"properties":{"Layer":"CM-ATHL"}},{"type":"Feature","geometry":{"type":"LineString","coordinates":[[-83.741777,42.267085],[-83.741777,42.267085],[-83.741777,42.267085],[-83.741777,42.267085],[-83.741778,42.267086],[-83.741778,42.267086],[-83.741778,42.267086],[-83.741778,42.267086],[-83.741778,42.267086],[-83.741778,42.267086],[-83.741778,42.267086],[-83.741778,42.267086],[-83.741779,42.267086],[-83.741779,42.267086],[-83.741779,42.267086],[-83.741779,42.267085],[-83.741779,42.267085],[-83.741779,42.267085],[-83.741779,42.267085],[-83.741779,42.267085],[-83.741779,42.267085],[-83.741779,42.267085],[-83.741779,42.267085],[-83.741779,42.267085],[-83.741779,42.267085],[-83.741778,42.267085],[-83.741778,42.267085],[-83.741778,42.267085],[-83.741778,42.267085],[-83.741778,42.267085],[-83.741778,42.267085],[-83.741778,42.267085],[-83.741778,42.267085],[-83.741777,42.267085],[-83.741777,42.267085],[-83.741777,42.267085],[-83.741777,42.267085]]},"properties":{"Layer":"CM-ATHL"}},{"type":"Feature","geometry":{"type":"LineString","coordinates":[[-83.741778,42.267112],[-83.741778,42.267112],[-83.741778,42.267112],[-83.741778,42.267112],[-83.741778,42.267112],[-83.741778,42.267112],[-83.741778,42.267112],[-83.741778,42.267112],[-83.741779,42.267112],[-83.741779,42.267112],[-83.741779,42.267112],[-83.741779,42.267112],[-83.741779,42.267112],[-83.741779,42.267112],[-83.741779,42.267112],[-83.741779,42.267112],[-83.741779,42.267112],[-83.741779,42.267112],[-83.741779,42.267112],[-83.741779,42.267112],[-83.741779,42.267112],[-83.741779,42.267112],[-83.741779,42.267112],[-83.741779,42.267111],[-83.741779,42.267111],[-83.741779,42.267111],[-83.741779,42.267111],[-83.741779,42.267111],[-83.741779,42.267111],[-83.741778,42.267111],[-83.741778,42.267111],[-83.741778,42.267111],[-83.741778,42.267112],[-83.741778,42.267112],[-83.741778,42.267112],[-83.741778,42.267112],[-83.741778,42.267112]]},"properties":{"Layer":"CM-ATHL"}},{"type":"Feature","geometry":{"type":"LineString","coordinates":[[-83.741778,42.267139],[-83.741778,42.267139],[-83.741778,42.267139],[-83.741779,42.267139],[-83.741779,42.267139],[-83.741779,42.267139],[-83.741779,42.267139],[-83.741779,42.267139],[-83.741779,42.267139],[-83.741779,42.267139],[-83.741779,42.267139],[-83.741779,42.267139],[-83.74178,42.267139],[-83.74178,42.267139],[-83.74178,42.267139],[-83.74178,42.267139],[-83.74178,42.267139],[-83.74178,42.267139],[-83.74178,42.267139],[-83.74178,42.267139],[-83.74178,42.267138],[-83.74178,42.267138],[-83.74178,42.267138],[-83.74178,42.267138],[-83.74178,42.267138],[-83.741779,42.267138],[-83.741779,42.267138],[-83.741779,42.267138],[-83.741779,42.267138],[-83.741779,42.267138],[-83.741779,42.267138],[-83.741779,42.267138],[-83.741779,42.267138],[-83.741779,42.267138],[-83.741778,42.267138],[-83.741778,42.267139],[-83.741778,42.267139]]},"properties":{"Layer":"CM-ATHL"}},{"type":"Feature","geometry":{"type":"LineString","coordinates":[[-83.741779,42.267165],[-83.741779,42.267165],[-83.741779,42.267166],[-83.741779,42.267166],[-83.741779,42.267166],[-83.741779,42.267166],[-83.741779,42.267166],[-83.741779,42.267166],[-83.74178,42.267166],[-83.74178,42.267166],[-83.74178,42.267166],[-83.74178,42.267166],[-83.74178,42.267166],[-83.74178,42.267166],[-83.74178,42.267166],[-83.74178,42.267166],[-83.74178,42.267166],[-83.74178,42.267166],[-83.74178,42.267165],[-83.74178,42.267165],[-83.74178,42.267165],[-83.74178,42.267165],[-83.74178,42.267165],[-83.74178,42.267165],[-83.74178,42.267165],[-83.74178,42.267165],[-83.74178,42.267165],[-83.74178,42.267165],[-83.74178,42.267165],[-83.741779,42.267165],[-83.741779,42.267165],[-83.741779,42.267165],[-83.741779,42.267165],[-83.741779,42.267165],[-83.741779,42.267165],[-83.741779,42.267165],[-83.741779,42.267165]]},"properties":{"Layer":"CM-ATHL"}},{"type":"Feature","geometry":{"type":"LineString","coordinates":[[-83.743063,42.268005],[-83.743063,42.267999]]},"properties":{"Layer":"CM-ATHL"}},{"type":"Feature","geometry":{"type":"LineString","coordinates":[[-83.743063,42.267999],[-83.743061,42.267999]]},"properties":{"Layer":"CM-ATHL"}},{"type":"Feature","geometry":{"type":"LineString","coordinates":[[-83.743061,42.267999],[-83.743061,42.268005]]},"properties":{"Layer":"CM-ATHL"}},{"type":"Feature","geometry":{"type":"LineString","coordinates":[[-83.743061,42.268005],[-83.743063,42.268005]]},"properties":{"Layer":"CM-ATHL"}},{"type":"Feature","geometry":{"type":"LineString","coordinates":[[-83.743061,42.26801],[-83.743061,42.267994]]},"properties":{"Layer":"CM-ATHL"}},{"type":"Feature","geometry":{"type":"LineString","coordinates":[[-83.743094,42.268022],[-83.743093,42.267981]]},"properties":{"Layer":"CM-ATHL"}},{"type":"Feature","geometry":{"type":"LineString","coordinates":[[-83.743093,42.267981],[-83.742805,42.267984]]},"properties":{"Layer":"CM-ATHL"}},{"type":"Feature","geometry":{"type":"LineString","coordinates":[[-83.742805,42.267984],[-83.742806,42.268025]]},"properties":{"Layer":"CM-ATHL"}},{"type":"Feature","geometry":{"type":"LineString","coordinates":[[-83.742806,42.268025],[-83.743094,42.268022]]},"properties":{"Layer":"CM-ATHL"}},{"type":"Feature","geometry":{"type":"LineString","coordinates":[[-83.743088,42.267983],[-83.743022,42.267983]]},"properties":{"Layer":"CM-ATHL"}},{"type":"Feature","geometry":{"type":"LineString","coordinates":[[-83.743089,42.268021],[-83.743023,42.268022]]},"properties":{"Layer":"CM-ATHL"}},{"type":"Feature","geometry":{"type":"LineString","coordinates":[[-83.743022,42.267983],[-83.743089,42.268021]]},"properties":{"Layer":"CM-ATHL"}},{"type":"Feature","geometry":{"type":"LineString","coordinates":[[-83.743023,42.268022],[-83.743088,42.267983]]},"properties":{"Layer":"CM-ATHL"}},{"type":"Feature","geometry":{"type":"LineString","coordinates":[[-83.743022,42.267983],[-83.743023,42.268022]]},"properties":{"Layer":"CM-ATHL"}},{"type":"Feature","geometry":{"type":"LineString","coordinates":[[-83.743088,42.267983],[-83.743089,42.268021]]},"properties":{"Layer":"CM-ATHL"}},{"type":"Feature","geometry":{"type":"LineString","coordinates":[[-83.742805,42.268028],[-83.742805,42.268028],[-83.742805,42.268028],[-83.742805,42.268029],[-83.742805,42.268029],[-83.742805,42.268029],[-83.742805,42.268029],[-83.742805,42.268029],[-83.742805,42.268029],[-83.742806,42.268029],[-83.742806,42.268029],[-83.742806,42.268029],[-83.742806,42.268029],[-83.742806,42.268029],[-83.742806,42.268029],[-83.742806,42.268029],[-83.742806,42.268028],[-83.742806,42.268028],[-83.742806,42.268028],[-83.742806,42.268028],[-83.742806,42.268028],[-83.742806,42.268028],[-83.742806,42.268028],[-83.742806,42.268028],[-83.742806,42.268028],[-83.742806,42.268028],[-83.742806,42.268028],[-83.742806,42.268028],[-83.742805,42.268028],[-83.742805,42.268028],[-83.742805,42.268028],[-83.742805,42.268028],[-83.742805,42.268028],[-83.742805,42.268028],[-83.742805,42.268028],[-83.742805,42.268028],[-83.742805,42.268028]]},"properties":{"Layer":"CM-ATHL"}},{"type":"Feature","geometry":{"type":"LineString","coordinates":[[-83.742841,42.268028],[-83.742841,42.268028],[-83.742841,42.268028],[-83.742841,42.268028],[-83.742841,42.268028],[-83.742841,42.268028],[-83.742841,42.268028],[-83.742841,42.268028],[-83.742842,42.268028],[-83.742842,42.268028],[-83.742842,42.268028],[-83.742842,42.268028],[-83.742842,42.268028],[-83.742842,42.268028],[-83.742842,42.268028],[-83.742842,42.268028],[-83.742842,42.268028],[-83.742842,42.268028],[-83.742842,42.268028],[-83.742842,42.268028],[-83.742842,42.268028],[-83.742842,42.268028],[-83.742842,42.268027],[-83.742842,42.268027],[-83.742842,42.268027],[-83.742842,42.268027],[-83.742842,42.268027],[-83.742842,42.268027],[-83.742842,42.268027],[-83.742841,42.268027],[-83.742841,42.268027],[-83.742841,42.268027],[-83.742841,42.268027],[-83.742841,42.268028],[-83.742841,42.268028],[-83.742841,42.268028],[-83.742841,42.268028]]},"properties":{"Layer":"CM-ATHL"}},{"type":"Feature","geometry":{"type":"LineString","coordinates":[[-83.742877,42.268027],[-83.742877,42.268028],[-83.742877,42.268028],[-83.742877,42.268028],[-83.742877,42.268028],[-83.742877,42.268028],[-83.742877,42.268028],[-83.742877,42.268028],[-83.742878,42.268028],[-83.742878,42.268028],[-83.742878,42.268028],[-83.742878,42.268028],[-83.742878,42.268028],[-83.742878,42.268028],[-83.742878,42.268028],[-83.742878,42.268028],[-83.742878,42.268028],[-83.742878,42.268028],[-83.742878,42.268027],[-83.742878,42.268027],[-83.742878,42.268027],[-83.742878,42.268027],[-83.742878,42.268027],[-83.742878,42.268027],[-83.742878,42.268027],[-83.742878,42.268027],[-83.742878,42.268027],[-83.742878,42.268027],[-83.742878,42.268027],[-83.742877,42.268027],[-83.742877,42.268027],[-83.742877,42.268027],[-83.742877,42.268027],[-83.742877,42.268027],[-83.742877,42.268027],[-83.742877,42.268027],[-83.742877,42.268027]]},"properties":{"Layer":"CM-ATHL"}},{"type":"Feature","geometry":{"type":"LineString","coordinates":[[-83.742913,42.268027],[-83.742913,42.268027],[-83.742913,42.268027],[-83.742913,42.268027],[-83.742913,42.268027],[-83.742913,42.268028],[-83.742913,42.268028],[-83.742913,42.268028],[-83.742914,42.268028],[-83.742914,42.268028],[-83.742914,42.268028],[-83.742914,42.268028],[-83.742914,42.268028],[-83.742914,42.268028],[-83.742914,42.268027],[-83.742914,42.268027],[-83.742914,42.268027],[-83.742914,42.268027],[-83.742914,42.268027],[-83.742914,42.268027],[-83.742914,42.268027],[-83.742914,42.268027],[-83.742914,42.268027],[-83.742914,42.268027],[-83.742914,42.268027],[-83.742914,42.268027],[-83.742914,42.268027],[-83.742914,42.268027],[-83.742914,42.268027],[-83.742913,42.268027],[-83.742913,42.268027],[-83.742913,42.268027],[-83.742913,42.268027],[-83.742913,42.268027],[-83.742913,42.268027],[-83.742913,42.268027],[-83.742913,42.268027]]},"properties":{"Layer":"CM-ATHL"}},{"type":"Feature","geometry":{"type":"LineString","coordinates":[[-83.743056,42.267979],[-83.743056,42.267979],[-83.743056,42.267979],[-83.743056,42.267979],[-83.743056,42.267979],[-83.743056,42.267979],[-83.743056,42.267979],[-83.743057,42.267979],[-83.743057,42.267979],[-83.743057,42.267979],[-83.743057,42.267979],[-83.743057,42.267979],[-83.743057,42.267979],[-83.743057,42.267979],[-83.743057,42.267979],[-83.743058,42.267979],[-83.743058,42.267979],[-83.743058,42.267979],[-83.743058,42.267979],[-83.743058,42.267979],[-83.743058,42.267979],[-83.743058,42.267979],[-83.743057,42.267979],[-83.743057,42.267978],[-83.743057,42.267978],[-83.743057,42.267978],[-83.743057,42.267978],[-83.743057,42.267978],[-83.743057,42.267978],[-83.743057,42.267978],[-83.743056,42.267978],[-83.743056,42.267978],[-83.743056,42.267979],[-83.743056,42.267979],[-83.743056,42.267979],[-83.743056,42.267979],[-83.743056,42.267979]]},"properties":{"Layer":"CM-ATHL"}},{"type":"Feature","geometry":{"type":"LineString","coordinates":[[-83.74302,42.267979],[-83.74302,42.267979],[-83.74302,42.267979],[-83.74302,42.26798],[-83.74302,42.26798],[-83.74302,42.26798],[-83.74302,42.26798],[-83.743021,42.26798],[-83.743021,42.26798],[-83.743021,42.26798],[-83.743021,42.26798],[-83.743021,42.26798],[-83.743021,42.26798],[-83.743021,42.26798],[-83.743021,42.26798],[-83.743021,42.26798],[-83.743022,42.267979],[-83.743022,42.267979],[-83.743022,42.267979],[-83.743022,42.267979],[-83.743022,42.267979],[-83.743021,42.267979],[-83.743021,42.267979],[-83.743021,42.267979],[-83.743021,42.267979],[-83.743021,42.267979],[-83.743021,42.267979],[-83.743021,42.267979],[-83.743021,42.267979],[-83.743021,42.267979],[-83.74302,42.267979],[-83.74302,42.267979],[-83.74302,42.267979],[-83.74302,42.267979],[-83.74302,42.267979],[-83.74302,42.267979],[-83.74302,42.267979]]},"properties":{"Layer":"CM-ATHL"}},{"type":"Feature","geometry":{"type":"LineString","coordinates":[[-83.742984,42.26798],[-83.742984,42.26798],[-83.742984,42.26798],[-83.742984,42.26798],[-83.742984,42.26798],[-83.742984,42.26798],[-83.742984,42.26798],[-83.742985,42.26798],[-83.742985,42.26798],[-83.742985,42.26798],[-83.742985,42.26798],[-83.742985,42.26798],[-83.742985,42.26798],[-83.742985,42.26798],[-83.742985,42.26798],[-83.742985,42.26798],[-83.742986,42.26798],[-83.742986,42.26798],[-83.742986,42.26798],[-83.742986,42.26798],[-83.742986,42.267979],[-83.742985,42.267979],[-83.742985,42.267979],[-83.742985,42.267979],[-83.742985,42.267979],[-83.742985,42.267979],[-83.742985,42.267979],[-83.742985,42.267979],[-83.742985,42.267979],[-83.742985,42.267979],[-83.742984,42.267979],[-83.742984,42.267979],[-83.742984,42.267979],[-83.742984,42.267979],[-83.742984,42.267979],[-83.742984,42.26798],[-83.742984,42.26798]]},"properties":{"Layer":"CM-ATHL"}},{"type":"Feature","geometry":{"type":"LineString","coordinates":[[-83.742822,42.267996],[-83.742807,42.267996]]},"properties":{"Layer":"CM-ATHL"}},{"type":"Feature","geometry":{"type":"LineString","coordinates":[[-83.742807,42.267996],[-83.742808,42.268007]]},"properties":{"Layer":"CM-ATHL"}},{"type":"Feature","geometry":{"type":"LineString","coordinates":[[-83.742808,42.268007],[-83.742822,42.268007]]},"properties":{"Layer":"CM-ATHL"}},{"type":"Feature","geometry":{"type":"LineString","coordinates":[[-83.742822,42.267996],[-83.742808,42.267997]]},"properties":{"Layer":"CM-ATHL"}},{"type":"Feature","geometry":{"type":"LineString","coordinates":[[-83.742808,42.267997],[-83.742808,42.268007]]},"properties":{"Layer":"CM-ATHL"}},{"type":"Feature","geometry":{"type":"LineString","coordinates":[[-83.742808,42.268007],[-83.742822,42.268006]]},"properties":{"Layer":"CM-ATHL"}},{"type":"Feature","geometry":{"type":"LineString","coordinates":[[-83.742845,42.268015],[-83.742844,42.268005]]},"properties":{"Layer":"CM-ATHL"}},{"type":"Feature","geometry":{"type":"LineString","coordinates":[[-83.742844,42.268005],[-83.742822,42.268005]]},"properties":{"Layer":"CM-ATHL"}},{"type":"Feature","geometry":{"type":"LineString","coordinates":[[-83.742822,42.268005],[-83.742823,42.268016]]},"properties":{"Layer":"CM-ATHL"}},{"type":"Feature","geometry":{"type":"LineString","coordinates":[[-83.742823,42.268016],[-83.742845,42.268015]]},"properties":{"Layer":"CM-ATHL"}},{"type":"Feature","geometry":{"type":"LineString","coordinates":[[-83.742844,42.268015],[-83.742844,42.268005]]},"properties":{"Layer":"CM-ATHL"}},{"type":"Feature","geometry":{"type":"LineString","coordinates":[[-83.742844,42.268005],[-83.742823,42.268005]]},"properties":{"Layer":"CM-ATHL"}},{"type":"Feature","geometry":{"type":"LineString","coordinates":[[-83.742823,42.268005],[-83.742823,42.268015]]},"properties":{"Layer":"CM-ATHL"}},{"type":"Feature","geometry":{"type":"LineString","coordinates":[[-83.742823,42.268015],[-83.742844,42.268015]]},"properties":{"Layer":"CM-ATHL"}},{"type":"Feature","geometry":{"type":"LineString","coordinates":[[-83.742844,42.267998],[-83.742844,42.267987]]},"properties":{"Layer":"CM-ATHL"}},{"type":"Feature","geometry":{"type":"LineString","coordinates":[[-83.742844,42.267987],[-83.742822,42.267987]]},"properties":{"Layer":"CM-ATHL"}},{"type":"Feature","geometry":{"type":"LineString","coordinates":[[-83.742822,42.267987],[-83.742822,42.267998]]},"properties":{"Layer":"CM-ATHL"}},{"type":"Feature","geometry":{"type":"LineString","coordinates":[[-83.742822,42.267998],[-83.742844,42.267998]]},"properties":{"Layer":"CM-ATHL"}},{"type":"Feature","geometry":{"type":"LineString","coordinates":[[-83.742844,42.267997],[-83.742844,42.267987]]},"properties":{"Layer":"CM-ATHL"}},{"type":"Feature","geometry":{"type":"LineString","coordinates":[[-83.742844,42.267987],[-83.742823,42.267988]]},"properties":{"Layer":"CM-ATHL"}},{"type":"Feature","geometry":{"type":"LineString","coordinates":[[-83.742823,42.267988],[-83.742823,42.267998]]},"properties":{"Layer":"CM-ATHL"}},{"type":"Feature","geometry":{"type":"LineString","coordinates":[[-83.742823,42.267998],[-83.742844,42.267997]]},"properties":{"Layer":"CM-ATHL"}},{"type":"Feature","geometry":{"type":"LineString","coordinates":[[-83.742838,42.268003],[-83.742835,42.268003]]},"properties":{"Layer":"CM-ATHL"}},{"type":"Feature","geometry":{"type":"LineString","coordinates":[[-83.742835,42.268003],[-83.742833,42.268001]]},"properties":{"Layer":"CM-ATHL"}},{"type":"Feature","geometry":{"type":"LineString","coordinates":[[-83.742833,42.268001],[-83.742835,42.267999]]},"properties":{"Layer":"CM-ATHL"}},{"type":"Feature","geometry":{"type":"LineString","coordinates":[[-83.742835,42.267999],[-83.742838,42.267999]]},"properties":{"Layer":"CM-ATHL"}},{"type":"Feature","geometry":{"type":"LineString","coordinates":[[-83.742838,42.267999],[-83.742838,42.268003]]},"properties":{"Layer":"CM-ATHL"}},{"type":"Feature","geometry":{"type":"LineString","coordinates":[[-83.742807,42.268016],[-83.742806,42.268016]]},"properties":{"Layer":"CM-ATHL"}},{"type":"Feature","geometry":{"type":"LineString","coordinates":[[-83.742806,42.267994],[-83.742806,42.267994]]},"properties":{"Layer":"CM-ATHL"}},{"type":"Feature","geometry":{"type":"LineString","coordinates":[[-83.742806,42.268016],[-83.742806,42.267994]]},"properties":{"Layer":"CM-ATHL"}},{"type":"Feature","geometry":{"type":"LineString","coordinates":[[-83.742807,42.268016],[-83.742806,42.267994]]},"properties":{"Layer":"CM-ATHL"}},{"type":"Feature","geometry":{"type":"LineString","coordinates":[[-83.742949,42.268027],[-83.742949,42.268027],[-83.742949,42.268027],[-83.742949,42.268027],[-83.742949,42.268027],[-83.742949,42.268027],[-83.742949,42.268027],[-83.742949,42.268027],[-83.74295,42.268027],[-83.74295,42.268027],[-83.74295,42.268027],[-83.74295,42.268027],[-83.74295,42.268027],[-83.74295,42.268027],[-83.74295,42.268027],[-83.74295,42.268027],[-83.74295,42.268027],[-83.74295,42.268027],[-83.74295,42.268027],[-83.74295,42.268027],[-83.74295,42.268027],[-83.74295,42.268026],[-83.74295,42.268026],[-83.74295,42.268026],[-83.74295,42.268026],[-83.74295,42.268026],[-83.74295,42.268026],[-83.74295,42.268026],[-83.74295,42.268026],[-83.742949,42.268026],[-83.742949,42.268026],[-83.742949,42.268026],[-83.742949,42.268026],[-83.742949,42.268026],[-83.742949,42.268026],[-83.742949,42.268027],[-83.742949,42.268027]]},"properties":{"Layer":"CM-ATHL"}},{"type":"Feature","geometry":{"type":"LineString","coordinates":[[-83.742985,42.268026],[-83.742985,42.268026],[-83.742985,42.268027],[-83.742985,42.268027],[-83.742985,42.268027],[-83.742985,42.268027],[-83.742985,42.268027],[-83.742985,42.268027],[-83.742986,42.268027],[-83.742986,42.268027],[-83.742986,42.268027],[-83.742986,42.268027],[-83.742986,42.268027],[-83.742986,42.268027],[-83.742986,42.268027],[-83.742986,42.268027],[-83.742986,42.268027],[-83.742986,42.268026],[-83.742986,42.268026],[-83.742986,42.268026],[-83.742986,42.268026],[-83.742986,42.268026],[-83.742986,42.268026],[-83.742986,42.268026],[-83.742986,42.268026],[-83.742986,42.268026],[-83.742986,42.268026],[-83.742986,42.268026],[-83.742986,42.268026],[-83.742985,42.268026],[-83.742985,42.268026],[-83.742985,42.268026],[-83.742985,42.268026],[-83.742985,42.268026],[-83.742985,42.268026],[-83.742985,42.268026],[-83.742985,42.268026]]},"properties":{"Layer":"CM-ATHL"}},{"type":"Feature","geometry":{"type":"LineString","coordinates":[[-83.743021,42.268026],[-83.743021,42.268026],[-83.743021,42.268026],[-83.743021,42.268026],[-83.743021,42.268026],[-83.743021,42.268026],[-83.743021,42.268026],[-83.743021,42.268026],[-83.743022,42.268026],[-83.743022,42.268026],[-83.743022,42.268026],[-83.743022,42.268026],[-83.743022,42.268026],[-83.743022,42.268026],[-83.743022,42.268026],[-83.743022,42.268026],[-83.743022,42.268026],[-83.743022,42.268026],[-83.743023,42.268026],[-83.743022,42.268026],[-83.743022,42.268026],[-83.743022,42.268026],[-83.743022,42.268026],[-83.743022,42.268025],[-83.743022,42.268025],[-83.743022,42.268025],[-83.743022,42.268025],[-83.743022,42.268025],[-83.743022,42.268025],[-83.743021,42.268025],[-83.743021,42.268025],[-83.743021,42.268025],[-83.743021,42.268026],[-83.743021,42.268026],[-83.743021,42.268026],[-83.743021,42.268026],[-83.743021,42.268026]]},"properties":{"Layer":"CM-ATHL"}},{"type":"Feature","geometry":{"type":"LineString","coordinates":[[-83.743057,42.268026],[-83.743057,42.268026],[-83.743057,42.268026],[-83.743057,42.268026],[-83.743057,42.268026],[-83.743057,42.268026],[-83.743057,42.268026],[-83.743057,42.268026],[-83.743058,42.268026],[-83.743058,42.268026],[-83.743058,42.268026],[-83.743058,42.268026],[-83.743058,42.268026],[-83.743058,42.268026],[-83.743058,42.268026],[-83.743058,42.268026],[-83.743058,42.268026],[-83.743059,42.268026],[-83.743059,42.268026],[-83.743059,42.268025],[-83.743058,42.268025],[-83.743058,42.268025],[-83.743058,42.268025],[-83.743058,42.268025],[-83.743058,42.268025],[-83.743058,42.268025],[-83.743058,42.268025],[-83.743058,42.268025],[-83.743058,42.268025],[-83.743057,42.268025],[-83.743057,42.268025],[-83.743057,42.268025],[-83.743057,42.268025],[-83.743057,42.268025],[-83.743057,42.268025],[-83.743057,42.268025],[-83.743057,42.268026]]},"properties":{"Layer":"CM-ATHL"}},{"type":"Feature","geometry":{"type":"LineString","coordinates":[[-83.743093,42.268025],[-83.743093,42.268025],[-83.743093,42.268025],[-83.743093,42.268025],[-83.743093,42.268026],[-83.743093,42.268026],[-83.743093,42.268026],[-83.743094,42.268026],[-83.743094,42.268026],[-83.743094,42.268026],[-83.743094,42.268026],[-83.743094,42.268026],[-83.743094,42.268026],[-83.743094,42.268026],[-83.743094,42.268026],[-83.743094,42.268025],[-83.743094,42.268025],[-83.743095,42.268025],[-83.743095,42.268025],[-83.743095,42.268025],[-83.743094,42.268025],[-83.743094,42.268025],[-83.743094,42.268025],[-83.743094,42.268025],[-83.743094,42.268025],[-83.743094,42.268025],[-83.743094,42.268025],[-83.743094,42.268025],[-83.743094,42.268025],[-83.743094,42.268025],[-83.743093,42.268025],[-83.743093,42.268025],[-83.743093,42.268025],[-83.743093,42.268025],[-83.743093,42.268025],[-83.743093,42.268025],[-83.743093,42.268025]]},"properties":{"Layer":"CM-ATHL"}},{"type":"Feature","geometry":{"type":"LineString","coordinates":[[-83.742948,42.26798],[-83.742948,42.26798],[-83.742948,42.26798],[-83.742948,42.26798],[-83.742948,42.26798],[-83.742948,42.26798],[-83.742948,42.267981],[-83.742949,42.267981],[-83.742949,42.267981],[-83.742949,42.267981],[-83.742949,42.267981],[-83.742949,42.267981],[-83.742949,42.267981],[-83.742949,42.26798],[-83.742949,42.26798],[-83.742949,42.26798],[-83.74295,42.26798],[-83.74295,42.26798],[-83.74295,42.26798],[-83.74295,42.26798],[-83.74295,42.26798],[-83.742949,42.26798],[-83.742949,42.26798],[-83.742949,42.26798],[-83.742949,42.26798],[-83.742949,42.26798],[-83.742949,42.267979],[-83.742949,42.267979],[-83.742949,42.267979],[-83.742949,42.26798],[-83.742948,42.26798],[-83.742948,42.26798],[-83.742948,42.26798],[-83.742948,42.26798],[-83.742948,42.26798],[-83.742948,42.26798],[-83.742948,42.26798]]},"properties":{"Layer":"CM-ATHL"}},{"type":"Feature","geometry":{"type":"LineString","coordinates":[[-83.742912,42.26798],[-83.742912,42.267981],[-83.742912,42.267981],[-83.742912,42.267981],[-83.742912,42.267981],[-83.742912,42.267981],[-83.742912,42.267981],[-83.742913,42.267981],[-83.742913,42.267981],[-83.742913,42.267981],[-83.742913,42.267981],[-83.742913,42.267981],[-83.742913,42.267981],[-83.742913,42.267981],[-83.742913,42.267981],[-83.742913,42.267981],[-83.742913,42.267981],[-83.742914,42.267981],[-83.742914,42.26798],[-83.742914,42.26798],[-83.742914,42.26798],[-83.742913,42.26798],[-83.742913,42.26798],[-83.742913,42.26798],[-83.742913,42.26798],[-83.742913,42.26798],[-83.742913,42.26798],[-83.742913,42.26798],[-83.742913,42.26798],[-83.742913,42.26798],[-83.742912,42.26798],[-83.742912,42.26798],[-83.742912,42.26798],[-83.742912,42.26798],[-83.742912,42.26798],[-83.742912,42.26798],[-83.742912,42.26798]]},"properties":{"Layer":"CM-ATHL"}},{"type":"Feature","geometry":{"type":"LineString","coordinates":[[-83.742876,42.267981],[-83.742876,42.267981],[-83.742876,42.267981],[-83.742876,42.267981],[-83.742876,42.267981],[-83.742876,42.267981],[-83.742876,42.267981],[-83.742876,42.267981],[-83.742877,42.267981],[-83.742877,42.267981],[-83.742877,42.267981],[-83.742877,42.267981],[-83.742877,42.267981],[-83.742877,42.267981],[-83.742877,42.267981],[-83.742877,42.267981],[-83.742877,42.267981],[-83.742878,42.267981],[-83.742878,42.267981],[-83.742878,42.267981],[-83.742877,42.267981],[-83.742877,42.267981],[-83.742877,42.26798],[-83.742877,42.26798],[-83.742877,42.26798],[-83.742877,42.26798],[-83.742877,42.26798],[-83.742877,42.26798],[-83.742877,42.26798],[-83.742876,42.26798],[-83.742876,42.26798],[-83.742876,42.26798],[-83.742876,42.26798],[-83.742876,42.267981],[-83.742876,42.267981],[-83.742876,42.267981],[-83.742876,42.267981]]},"properties":{"Layer":"CM-ATHL"}},{"type":"Feature","geometry":{"type":"LineString","coordinates":[[-83.74284,42.267981],[-83.74284,42.267981],[-83.74284,42.267981],[-83.74284,42.267981],[-83.74284,42.267982],[-83.74284,42.267982],[-83.74284,42.267982],[-83.74284,42.267982],[-83.742841,42.267982],[-83.742841,42.267982],[-83.742841,42.267982],[-83.742841,42.267982],[-83.742841,42.267982],[-83.742841,42.267982],[-83.742841,42.267982],[-83.742841,42.267981],[-83.742841,42.267981],[-83.742841,42.267981],[-83.742842,42.267981],[-83.742841,42.267981],[-83.742841,42.267981],[-83.742841,42.267981],[-83.742841,42.267981],[-83.742841,42.267981],[-83.742841,42.267981],[-83.742841,42.267981],[-83.742841,42.267981],[-83.742841,42.267981],[-83.742841,42.267981],[-83.74284,42.267981],[-83.74284,42.267981],[-83.74284,42.267981],[-83.74284,42.267981],[-83.74284,42.267981],[-83.74284,42.267981],[-83.74284,42.267981],[-83.74284,42.267981]]},"properties":{"Layer":"CM-ATHL"}},{"type":"Feature","geometry":{"type":"LineString","coordinates":[[-83.742804,42.267982],[-83.742804,42.267982],[-83.742804,42.267982],[-83.742804,42.267982],[-83.742804,42.267982],[-83.742804,42.267982],[-83.742804,42.267982],[-83.742804,42.267982],[-83.742805,42.267982],[-83.742805,42.267982],[-83.742805,42.267982],[-83.742805,42.267982],[-83.742805,42.267982],[-83.742805,42.267982],[-83.742805,42.267982],[-83.742805,42.267982],[-83.742805,42.267982],[-83.742805,42.267982],[-83.742805,42.267982],[-83.742805,42.267981],[-83.742805,42.267981],[-83.742805,42.267981],[-83.742805,42.267981],[-83.742805,42.267981],[-83.742805,42.267981],[-83.742805,42.267981],[-83.742805,42.267981],[-83.742805,42.267981],[-83.742805,42.267981],[-83.742804,42.267981],[-83.742804,42.267981],[-83.742804,42.267981],[-83.742804,42.267981],[-83.742804,42.267981],[-83.742804,42.267981],[-83.742804,42.267981],[-83.742804,42.267982]]},"properties":{"Layer":"CM-ATHL"}},{"type":"Feature","geometry":{"type":"LineString","coordinates":[[-83.743062,42.267958],[-83.743062,42.267953]]},"properties":{"Layer":"CM-ATHL"}},{"type":"Feature","geometry":{"type":"LineString","coordinates":[[-83.743062,42.267953],[-83.74306,42.267953]]},"properties":{"Layer":"CM-ATHL"}},{"type":"Feature","geometry":{"type":"LineString","coordinates":[[-83.74306,42.267953],[-83.74306,42.267958]]},"properties":{"Layer":"CM-ATHL"}},{"type":"Feature","geometry":{"type":"LineString","coordinates":[[-83.74306,42.267958],[-83.743062,42.267958]]},"properties":{"Layer":"CM-ATHL"}},{"type":"Feature","geometry":{"type":"LineString","coordinates":[[-83.74306,42.267964],[-83.74306,42.267947]]},"properties":{"Layer":"CM-ATHL"}},{"type":"Feature","geometry":{"type":"LineString","coordinates":[[-83.743093,42.267976],[-83.743092,42.267935]]},"properties":{"Layer":"CM-ATHL"}},{"type":"Feature","geometry":{"type":"LineString","coordinates":[[-83.743092,42.267935],[-83.742804,42.267938]]},"properties":{"Layer":"CM-ATHL"}},{"type":"Feature","geometry":{"type":"LineString","coordinates":[[-83.742804,42.267938],[-83.742805,42.267979]]},"properties":{"Layer":"CM-ATHL"}},{"type":"Feature","geometry":{"type":"LineString","coordinates":[[-83.742805,42.267979],[-83.743093,42.267976]]},"properties":{"Layer":"CM-ATHL"}},{"type":"Feature","geometry":{"type":"LineString","coordinates":[[-83.743088,42.267936],[-83.743021,42.267937]]},"properties":{"Layer":"CM-ATHL"}},{"type":"Feature","geometry":{"type":"LineString","coordinates":[[-83.743088,42.267974],[-83.743022,42.267975]]},"properties":{"Layer":"CM-ATHL"}},{"type":"Feature","geometry":{"type":"LineString","coordinates":[[-83.743021,42.267937],[-83.743088,42.267974]]},"properties":{"Layer":"CM-ATHL"}},{"type":"Feature","geometry":{"type":"LineString","coordinates":[[-83.743022,42.267975],[-83.743088,42.267936]]},"properties":{"Layer":"CM-ATHL"}},{"type":"Feature","geometry":{"type":"LineString","coordinates":[[-83.743021,42.267937],[-83.743022,42.267975]]},"properties":{"Layer":"CM-ATHL"}},{"type":"Feature","geometry":{"type":"LineString","coordinates":[[-83.743088,42.267936],[-83.743088,42.267974]]},"properties":{"Layer":"CM-ATHL"}},{"type":"Feature","geometry":{"type":"LineString","coordinates":[[-83.743055,42.267932],[-83.743055,42.267932],[-83.743055,42.267932],[-83.743055,42.267933],[-83.743055,42.267933],[-83.743055,42.267933],[-83.743056,42.267933],[-83.743056,42.267933],[-83.743056,42.267933],[-83.743056,42.267933],[-83.743056,42.267933],[-83.743056,42.267933],[-83.743056,42.267933],[-83.743056,42.267933],[-83.743057,42.267933],[-83.743057,42.267933],[-83.743057,42.267932],[-83.743057,42.267932],[-83.743057,42.267932],[-83.743057,42.267932],[-83.743057,42.267932],[-83.743057,42.267932],[-83.743057,42.267932],[-83.743056,42.267932],[-83.743056,42.267932],[-83.743056,42.267932],[-83.743056,42.267932],[-83.743056,42.267932],[-83.743056,42.267932],[-83.743056,42.267932],[-83.743056,42.267932],[-83.743055,42.267932],[-83.743055,42.267932],[-83.743055,42.267932],[-83.743055,42.267932],[-83.743055,42.267932],[-83.743055,42.267932]]},"properties":{"Layer":"CM-ATHL"}},{"type":"Feature","geometry":{"type":"LineString","coordinates":[[-83.743019,42.267933],[-83.743019,42.267933],[-83.743019,42.267933],[-83.743019,42.267933],[-83.743019,42.267933],[-83.743019,42.267933],[-83.74302,42.267933],[-83.74302,42.267933],[-83.74302,42.267933],[-83.74302,42.267933],[-83.74302,42.267933],[-83.74302,42.267933],[-83.74302,42.267933],[-83.74302,42.267933],[-83.743021,42.267933],[-83.743021,42.267933],[-83.743021,42.267933],[-83.743021,42.267933],[-83.743021,42.267933],[-83.743021,42.267933],[-83.743021,42.267932],[-83.743021,42.267932],[-83.743021,42.267932],[-83.74302,42.267932],[-83.74302,42.267932],[-83.74302,42.267932],[-83.74302,42.267932],[-83.74302,42.267932],[-83.74302,42.267932],[-83.74302,42.267932],[-83.74302,42.267932],[-83.743019,42.267932],[-83.743019,42.267932],[-83.743019,42.267932],[-83.743019,42.267932],[-83.743019,42.267933],[-83.743019,42.267933]]},"properties":{"Layer":"CM-ATHL"}},{"type":"Feature","geometry":{"type":"LineString","coordinates":[[-83.742983,42.267933],[-83.742983,42.267933],[-83.742983,42.267933],[-83.742983,42.267933],[-83.742983,42.267933],[-83.742983,42.267933],[-83.742984,42.267934],[-83.742984,42.267934],[-83.742984,42.267934],[-83.742984,42.267934],[-83.742984,42.267934],[-83.742984,42.267934],[-83.742984,42.267934],[-83.742984,42.267933],[-83.742984,42.267933],[-83.742985,42.267933],[-83.742985,42.267933],[-83.742985,42.267933],[-83.742985,42.267933],[-83.742985,42.267933],[-83.742985,42.267933],[-83.742985,42.267933],[-83.742984,42.267933],[-83.742984,42.267933],[-83.742984,42.267933],[-83.742984,42.267932],[-83.742984,42.267932],[-83.742984,42.267932],[-83.742984,42.267932],[-83.742984,42.267932],[-83.742984,42.267933],[-83.742983,42.267933],[-83.742983,42.267933],[-83.742983,42.267933],[-83.742983,42.267933],[-83.742983,42.267933],[-83.742983,42.267933]]},"properties":{"Layer":"CM-ATHL"}},{"type":"Feature","geometry":{"type":"LineString","coordinates":[[-83.742819,42.267952],[-83.742804,42.267952]]},"properties":{"Layer":"CM-ATHL"}},{"type":"Feature","geometry":{"type":"LineString","coordinates":[[-83.742804,42.267952],[-83.742805,42.267963]]},"properties":{"Layer":"CM-ATHL"}},{"type":"Feature","geometry":{"type":"LineString","coordinates":[[-83.742805,42.267963],[-83.742819,42.267963]]},"properties":{"Layer":"CM-ATHL"}},{"type":"Feature","geometry":{"type":"LineString","coordinates":[[-83.742819,42.267953],[-83.742805,42.267953]]},"properties":{"Layer":"CM-ATHL"}},{"type":"Feature","geometry":{"type":"LineString","coordinates":[[-83.742805,42.267953],[-83.742805,42.267963]]},"properties":{"Layer":"CM-ATHL"}},{"type":"Feature","geometry":{"type":"LineString","coordinates":[[-83.742805,42.267963],[-83.742819,42.267963]]},"properties":{"Layer":"CM-ATHL"}},{"type":"Feature","geometry":{"type":"LineString","coordinates":[[-83.742842,42.267972],[-83.742841,42.267961]]},"properties":{"Layer":"CM-ATHL"}},{"type":"Feature","geometry":{"type":"LineString","coordinates":[[-83.742841,42.267961],[-83.742819,42.267961]]},"properties":{"Layer":"CM-ATHL"}},{"type":"Feature","geometry":{"type":"LineString","coordinates":[[-83.742819,42.267961],[-83.74282,42.267972]]},"properties":{"Layer":"CM-ATHL"}},{"type":"Feature","geometry":{"type":"LineString","coordinates":[[-83.74282,42.267972],[-83.742842,42.267972]]},"properties":{"Layer":"CM-ATHL"}},{"type":"Feature","geometry":{"type":"LineString","coordinates":[[-83.742841,42.267971],[-83.742841,42.267961]]},"properties":{"Layer":"CM-ATHL"}},{"type":"Feature","geometry":{"type":"LineString","coordinates":[[-83.742841,42.267961],[-83.74282,42.267962]]},"properties":{"Layer":"CM-ATHL"}},{"type":"Feature","geometry":{"type":"LineString","coordinates":[[-83.74282,42.267962],[-83.74282,42.267972]]},"properties":{"Layer":"CM-ATHL"}},{"type":"Feature","geometry":{"type":"LineString","coordinates":[[-83.74282,42.267972],[-83.742841,42.267971]]},"properties":{"Layer":"CM-ATHL"}},{"type":"Feature","geometry":{"type":"LineString","coordinates":[[-83.742841,42.267954],[-83.742841,42.267943]]},"properties":{"Layer":"CM-ATHL"}},{"type":"Feature","geometry":{"type":"LineString","coordinates":[[-83.742841,42.267943],[-83.742819,42.267943]]},"properties":{"Layer":"CM-ATHL"}},{"type":"Feature","geometry":{"type":"LineString","coordinates":[[-83.742819,42.267943],[-83.742819,42.267954]]},"properties":{"Layer":"CM-ATHL"}},{"type":"Feature","geometry":{"type":"LineString","coordinates":[[-83.742819,42.267954],[-83.742841,42.267954]]},"properties":{"Layer":"CM-ATHL"}},{"type":"Feature","geometry":{"type":"LineString","coordinates":[[-83.742841,42.267954],[-83.742841,42.267944]]},"properties":{"Layer":"CM-ATHL"}},{"type":"Feature","geometry":{"type":"LineString","coordinates":[[-83.742841,42.267944],[-83.74282,42.267944]]},"properties":{"Layer":"CM-ATHL"}},{"type":"Feature","geometry":{"type":"LineString","coordinates":[[-83.74282,42.267944],[-83.74282,42.267954]]},"properties":{"Layer":"CM-ATHL"}},{"type":"Feature","geometry":{"type":"LineString","coordinates":[[-83.74282,42.267954],[-83.742841,42.267954]]},"properties":{"Layer":"CM-ATHL"}},{"type":"Feature","geometry":{"type":"LineString","coordinates":[[-83.742835,42.26796],[-83.742832,42.26796]]},"properties":{"Layer":"CM-ATHL"}},{"type":"Feature","geometry":{"type":"LineString","coordinates":[[-83.742832,42.26796],[-83.74283,42.267958]]},"properties":{"Layer":"CM-ATHL"}},{"type":"Feature","geometry":{"type":"LineString","coordinates":[[-83.74283,42.267958],[-83.742832,42.267956]]},"properties":{"Layer":"CM-ATHL"}},{"type":"Feature","geometry":{"type":"LineString","coordinates":[[-83.742832,42.267956],[-83.742835,42.267956]]},"properties":{"Layer":"CM-ATHL"}},{"type":"Feature","geometry":{"type":"LineString","coordinates":[[-83.742835,42.267956],[-83.742835,42.26796]]},"properties":{"Layer":"CM-ATHL"}},{"type":"Feature","geometry":{"type":"LineString","coordinates":[[-83.742806,42.267969],[-83.742805,42.267969]]},"properties":{"Layer":"CM-ATHL"}},{"type":"Feature","geometry":{"type":"LineString","coordinates":[[-83.742805,42.267947],[-83.742805,42.267947]]},"properties":{"Layer":"CM-ATHL"}},{"type":"Feature","geometry":{"type":"LineString","coordinates":[[-83.742805,42.267969],[-83.742805,42.267947]]},"properties":{"Layer":"CM-ATHL"}},{"type":"Feature","geometry":{"type":"LineString","coordinates":[[-83.742806,42.267969],[-83.742805,42.267947]]},"properties":{"Layer":"CM-ATHL"}},{"type":"Feature","geometry":{"type":"LineString","coordinates":[[-83.742947,42.267933],[-83.742947,42.267934],[-83.742947,42.267934],[-83.742947,42.267934],[-83.742947,42.267934],[-83.742947,42.267934],[-83.742947,42.267934],[-83.742948,42.267934],[-83.742948,42.267934],[-83.742948,42.267934],[-83.742948,42.267934],[-83.742948,42.267934],[-83.742948,42.267934],[-83.742948,42.267934],[-83.742948,42.267934],[-83.742949,42.267934],[-83.742949,42.267934],[-83.742949,42.267934],[-83.742949,42.267933],[-83.742949,42.267933],[-83.742949,42.267933],[-83.742949,42.267933],[-83.742948,42.267933],[-83.742948,42.267933],[-83.742948,42.267933],[-83.742948,42.267933],[-83.742948,42.267933],[-83.742948,42.267933],[-83.742948,42.267933],[-83.742948,42.267933],[-83.742948,42.267933],[-83.742947,42.267933],[-83.742947,42.267933],[-83.742947,42.267933],[-83.742947,42.267933],[-83.742947,42.267933],[-83.742947,42.267933]]},"properties":{"Layer":"CM-ATHL"}},{"type":"Feature","geometry":{"type":"LineString","coordinates":[[-83.742911,42.267934],[-83.742911,42.267934],[-83.742911,42.267934],[-83.742911,42.267934],[-83.742911,42.267934],[-83.742911,42.267934],[-83.742911,42.267934],[-83.742912,42.267934],[-83.742912,42.267934],[-83.742912,42.267934],[-83.742912,42.267934],[-83.742912,42.267934],[-83.742912,42.267934],[-83.742912,42.267934],[-83.742912,42.267934],[-83.742913,42.267934],[-83.742913,42.267934],[-83.742913,42.267934],[-83.742913,42.267934],[-83.742913,42.267934],[-83.742913,42.267934],[-83.742913,42.267934],[-83.742912,42.267933],[-83.742912,42.267933],[-83.742912,42.267933],[-83.742912,42.267933],[-83.742912,42.267933],[-83.742912,42.267933],[-83.742912,42.267933],[-83.742912,42.267933],[-83.742911,42.267933],[-83.742911,42.267933],[-83.742911,42.267933],[-83.742911,42.267934],[-83.742911,42.267934],[-83.742911,42.267934],[-83.742911,42.267934]]},"properties":{"Layer":"CM-ATHL"}},{"type":"Feature","geometry":{"type":"LineString","coordinates":[[-83.742875,42.267934],[-83.742875,42.267934],[-83.742875,42.267934],[-83.742875,42.267934],[-83.742875,42.267935],[-83.742875,42.267935],[-83.742875,42.267935],[-83.742876,42.267935],[-83.742876,42.267935],[-83.742876,42.267935],[-83.742876,42.267935],[-83.742876,42.267935],[-83.742876,42.267935],[-83.742876,42.267935],[-83.742876,42.267935],[-83.742877,42.267934],[-83.742877,42.267934],[-83.742877,42.267934],[-83.742877,42.267934],[-83.742877,42.267934],[-83.742877,42.267934],[-83.742877,42.267934],[-83.742876,42.267934],[-83.742876,42.267934],[-83.742876,42.267934],[-83.742876,42.267934],[-83.742876,42.267934],[-83.742876,42.267934],[-83.742876,42.267934],[-83.742876,42.267934],[-83.742875,42.267934],[-83.742875,42.267934],[-83.742875,42.267934],[-83.742875,42.267934],[-83.742875,42.267934],[-83.742875,42.267934],[-83.742875,42.267934]]},"properties":{"Layer":"CM-ATHL"}},{"type":"Feature","geometry":{"type":"LineString","coordinates":[[-83.742839,42.267935],[-83.742839,42.267935],[-83.742839,42.267935],[-83.742839,42.267935],[-83.742839,42.267935],[-83.742839,42.267935],[-83.742839,42.267935],[-83.74284,42.267935],[-83.74284,42.267935],[-83.74284,42.267935],[-83.74284,42.267935],[-83.74284,42.267935],[-83.74284,42.267935],[-83.74284,42.267935],[-83.74284,42.267935],[-83.74284,42.267935],[-83.742841,42.267935],[-83.742841,42.267935],[-83.742841,42.267935],[-83.742841,42.267934],[-83.742841,42.267934],[-83.742841,42.267934],[-83.74284,42.267934],[-83.74284,42.267934],[-83.74284,42.267934],[-83.74284,42.267934],[-83.74284,42.267934],[-83.74284,42.267934],[-83.74284,42.267934],[-83.74284,42.267934],[-83.742839,42.267934],[-83.742839,42.267934],[-83.742839,42.267934],[-83.742839,42.267934],[-83.742839,42.267934],[-83.742839,42.267934],[-83.742839,42.267935]]},"properties":{"Layer":"CM-ATHL"}},{"type":"Feature","geometry":{"type":"LineString","coordinates":[[-83.742803,42.267935],[-83.742803,42.267935],[-83.742803,42.267935],[-83.742803,42.267935],[-83.742803,42.267935],[-83.742803,42.267935],[-83.742803,42.267935],[-83.742804,42.267935],[-83.742804,42.267936],[-83.742804,42.267936],[-83.742804,42.267936],[-83.742804,42.267935],[-83.742804,42.267935],[-83.742804,42.267935],[-83.742804,42.267935],[-83.742804,42.267935],[-83.742805,42.267935],[-83.742805,42.267935],[-83.742805,42.267935],[-83.742805,42.267935],[-83.742805,42.267935],[-83.742804,42.267935],[-83.742804,42.267935],[-83.742804,42.267935],[-83.742804,42.267934],[-83.742804,42.267934],[-83.742804,42.267934],[-83.742804,42.267934],[-83.742804,42.267934],[-83.742804,42.267934],[-83.742803,42.267934],[-83.742803,42.267935],[-83.742803,42.267935],[-83.742803,42.267935],[-83.742803,42.267935],[-83.742803,42.267935],[-83.742803,42.267935]]},"properties":{"Layer":"CM-ATHL"}},{"type":"Feature","geometry":{"type":"LineString","coordinates":[[-83.743092,42.267979],[-83.743092,42.267979],[-83.743092,42.267979],[-83.743092,42.267979],[-83.743092,42.267979],[-83.743092,42.267979],[-83.743092,42.267979],[-83.743093,42.267979],[-83.743093,42.267979],[-83.743093,42.267979],[-83.743093,42.267979],[-83.743093,42.267979],[-83.743093,42.267979],[-83.743093,42.267979],[-83.743093,42.267979],[-83.743094,42.267979],[-83.743094,42.267979],[-83.743094,42.267979],[-83.743094,42.267979],[-83.743094,42.267978],[-83.743094,42.267978],[-83.743094,42.267978],[-83.743093,42.267978],[-83.743093,42.267978],[-83.743093,42.267978],[-83.743093,42.267978],[-83.743093,42.267978],[-83.743093,42.267978],[-83.743093,42.267978],[-83.743093,42.267978],[-83.743092,42.267978],[-83.743092,42.267978],[-83.743092,42.267978],[-83.743092,42.267978],[-83.743092,42.267978],[-83.743092,42.267978],[-83.743092,42.267979]]},"properties":{"Layer":"CM-ATHL"}},{"type":"Feature","geometry":{"type":"LineString","coordinates":[[-83.743091,42.267932],[-83.743091,42.267932],[-83.743091,42.267932],[-83.743091,42.267932],[-83.743091,42.267932],[-83.743091,42.267932],[-83.743092,42.267932],[-83.743092,42.267932],[-83.743092,42.267932],[-83.743092,42.267932],[-83.743092,42.267932],[-83.743092,42.267932],[-83.743092,42.267932],[-83.743092,42.267932],[-83.743093,42.267932],[-83.743093,42.267932],[-83.743093,42.267932],[-83.743093,42.267932],[-83.743093,42.267932],[-83.743093,42.267932],[-83.743093,42.267932],[-83.743093,42.267932],[-83.743093,42.267932],[-83.743092,42.267931],[-83.743092,42.267931],[-83.743092,42.267931],[-83.743092,42.267931],[-83.743092,42.267931],[-83.743092,42.267931],[-83.743092,42.267931],[-83.743092,42.267931],[-83.743091,42.267931],[-83.743091,42.267931],[-83.743091,42.267932],[-83.743091,42.267932],[-83.743091,42.267932],[-83.743091,42.267932]]},"properties":{"Layer":"CM-ATHL"}},{"type":"Feature","geometry":{"type":"LineString","coordinates":[[-83.743351,42.268002],[-83.743351,42.267996]]},"properties":{"Layer":"CM-ATHL"}},{"type":"Feature","geometry":{"type":"LineString","coordinates":[[-83.743351,42.267996],[-83.743349,42.267996]]},"properties":{"Layer":"CM-ATHL"}},{"type":"Feature","geometry":{"type":"LineString","coordinates":[[-83.743349,42.267996],[-83.743349,42.268002]]},"properties":{"Layer":"CM-ATHL"}},{"type":"Feature","geometry":{"type":"LineString","coordinates":[[-83.743349,42.268002],[-83.743351,42.268002]]},"properties":{"Layer":"CM-ATHL"}},{"type":"Feature","geometry":{"type":"LineString","coordinates":[[-83.743349,42.268007],[-83.743349,42.267991]]},"properties":{"Layer":"CM-ATHL"}},{"type":"Feature","geometry":{"type":"LineString","coordinates":[[-83.743382,42.268019],[-83.743381,42.267978]]},"properties":{"Layer":"CM-ATHL"}},{"type":"Feature","geometry":{"type":"LineString","coordinates":[[-83.743381,42.267978],[-83.743093,42.267981]]},"properties":{"Layer":"CM-ATHL"}},{"type":"Feature","geometry":{"type":"LineString","coordinates":[[-83.743093,42.267981],[-83.743094,42.268022]]},"properties":{"Layer":"CM-ATHL"}},{"type":"Feature","geometry":{"type":"LineString","coordinates":[[-83.743094,42.268022],[-83.743382,42.268019]]},"properties":{"Layer":"CM-ATHL"}},{"type":"Feature","geometry":{"type":"LineString","coordinates":[[-83.743377,42.26798],[-83.74331,42.26798]]},"properties":{"Layer":"CM-ATHL"}},{"type":"Feature","geometry":{"type":"LineString","coordinates":[[-83.743377,42.268018],[-83.743311,42.268019]]},"properties":{"Layer":"CM-ATHL"}},{"type":"Feature","geometry":{"type":"LineString","coordinates":[[-83.74331,42.26798],[-83.743377,42.268018]]},"properties":{"Layer":"CM-ATHL"}},{"type":"Feature","geometry":{"type":"LineString","coordinates":[[-83.743311,42.268019],[-83.743377,42.26798]]},"properties":{"Layer":"CM-ATHL"}},{"type":"Feature","geometry":{"type":"LineString","coordinates":[[-83.74331,42.26798],[-83.743311,42.268019]]},"properties":{"Layer":"CM-ATHL"}},{"type":"Feature","geometry":{"type":"LineString","coordinates":[[-83.743377,42.26798],[-83.743377,42.268018]]},"properties":{"Layer":"CM-ATHL"}},{"type":"Feature","geometry":{"type":"LineString","coordinates":[[-83.743129,42.268025],[-83.743129,42.268025],[-83.743129,42.268025],[-83.743129,42.268025],[-83.743129,42.268025],[-83.743129,42.268025],[-83.743129,42.268025],[-83.74313,42.268025],[-83.74313,42.268025],[-83.74313,42.268025],[-83.74313,42.268025],[-83.74313,42.268025],[-83.74313,42.268025],[-83.74313,42.268025],[-83.74313,42.268025],[-83.74313,42.268025],[-83.743131,42.268025],[-83.743131,42.268025],[-83.743131,42.268025],[-83.743131,42.268025],[-83.743131,42.268025],[-83.74313,42.268024],[-83.74313,42.268024],[-83.74313,42.268024],[-83.74313,42.268024],[-83.74313,42.268024],[-83.74313,42.268024],[-83.74313,42.268024],[-83.74313,42.268024],[-83.74313,42.268024],[-83.743129,42.268024],[-83.743129,42.268024],[-83.743129,42.268024],[-83.743129,42.268024],[-83.743129,42.268025],[-83.743129,42.268025],[-83.743129,42.268025]]},"properties":{"Layer":"CM-ATHL"}},{"type":"Feature","geometry":{"type":"LineString","coordinates":[[-83.743165,42.268024],[-83.743165,42.268024],[-83.743165,42.268025],[-83.743165,42.268025],[-83.743165,42.268025],[-83.743165,42.268025],[-83.743165,42.268025],[-83.743166,42.268025],[-83.743166,42.268025],[-83.743166,42.268025],[-83.743166,42.268025],[-83.743166,42.268025],[-83.743166,42.268025],[-83.743166,42.268025],[-83.743166,42.268025],[-83.743166,42.268025],[-83.743167,42.268025],[-83.743167,42.268024],[-83.743167,42.268024],[-83.743167,42.268024],[-83.743167,42.268024],[-83.743166,42.268024],[-83.743166,42.268024],[-83.743166,42.268024],[-83.743166,42.268024],[-83.743166,42.268024],[-83.743166,42.268024],[-83.743166,42.268024],[-83.743166,42.268024],[-83.743166,42.268024],[-83.743165,42.268024],[-83.743165,42.268024],[-83.743165,42.268024],[-83.743165,42.268024],[-83.743165,42.268024],[-83.743165,42.268024],[-83.743165,42.268024]]},"properties":{"Layer":"CM-ATHL"}},{"type":"Feature","geometry":{"type":"LineString","coordinates":[[-83.743201,42.268024],[-83.743201,42.268024],[-83.743201,42.268024],[-83.743201,42.268024],[-83.743201,42.268024],[-83.743201,42.268024],[-83.743201,42.268024],[-83.743202,42.268025],[-83.743202,42.268025],[-83.743202,42.268025],[-83.743202,42.268025],[-83.743202,42.268025],[-83.743202,42.268024],[-83.743202,42.268024],[-83.743202,42.268024],[-83.743202,42.268024],[-83.743203,42.268024],[-83.743203,42.268024],[-83.743203,42.268024],[-83.743203,42.268024],[-83.743203,42.268024],[-83.743202,42.268024],[-83.743202,42.268024],[-83.743202,42.268024],[-83.743202,42.268024],[-83.743202,42.268023],[-83.743202,42.268023],[-83.743202,42.268023],[-83.743202,42.268023],[-83.743202,42.268023],[-83.743201,42.268024],[-83.743201,42.268024],[-83.743201,42.268024],[-83.743201,42.268024],[-83.743201,42.268024],[-83.743201,42.268024],[-83.743201,42.268024]]},"properties":{"Layer":"CM-ATHL"}},{"type":"Feature","geometry":{"type":"LineString","coordinates":[[-83.743344,42.267976],[-83.743344,42.267976],[-83.743344,42.267976],[-83.743344,42.267976],[-83.743344,42.267976],[-83.743344,42.267976],[-83.743345,42.267976],[-83.743345,42.267976],[-83.743345,42.267976],[-83.743345,42.267976],[-83.743345,42.267976],[-83.743345,42.267976],[-83.743345,42.267976],[-83.743345,42.267976],[-83.743346,42.267976],[-83.743346,42.267976],[-83.743346,42.267976],[-83.743346,42.267976],[-83.743346,42.267976],[-83.743346,42.267976],[-83.743346,42.267976],[-83.743346,42.267976],[-83.743346,42.267975],[-83.743345,42.267975],[-83.743345,42.267975],[-83.743345,42.267975],[-83.743345,42.267975],[-83.743345,42.267975],[-83.743345,42.267975],[-83.743345,42.267975],[-83.743345,42.267975],[-83.743345,42.267975],[-83.743344,42.267975],[-83.743344,42.267976],[-83.743344,42.267976],[-83.743344,42.267976],[-83.743344,42.267976]]},"properties":{"Layer":"CM-ATHL"}},{"type":"Feature","geometry":{"type":"LineString","coordinates":[[-83.743308,42.267976],[-83.743308,42.267976],[-83.743308,42.267976],[-83.743308,42.267976],[-83.743308,42.267977],[-83.743308,42.267977],[-83.743309,42.267977],[-83.743309,42.267977],[-83.743309,42.267977],[-83.743309,42.267977],[-83.743309,42.267977],[-83.743309,42.267977],[-83.743309,42.267977],[-83.743309,42.267977],[-83.74331,42.267977],[-83.74331,42.267976],[-83.74331,42.267976],[-83.74331,42.267976],[-83.74331,42.267976],[-83.74331,42.267976],[-83.74331,42.267976],[-83.74331,42.267976],[-83.74331,42.267976],[-83.743309,42.267976],[-83.743309,42.267976],[-83.743309,42.267976],[-83.743309,42.267976],[-83.743309,42.267976],[-83.743309,42.267976],[-83.743309,42.267976],[-83.743309,42.267976],[-83.743308,42.267976],[-83.743308,42.267976],[-83.743308,42.267976],[-83.743308,42.267976],[-83.743308,42.267976],[-83.743308,42.267976]]},"properties":{"Layer":"CM-ATHL"}},{"type":"Feature","geometry":{"type":"LineString","coordinates":[[-83.743111,42.267993],[-83.743096,42.267993]]},"properties":{"Layer":"CM-ATHL"}},{"type":"Feature","geometry":{"type":"LineString","coordinates":[[-83.743096,42.267993],[-83.743096,42.268004]]},"properties":{"Layer":"CM-ATHL"}},{"type":"Feature","geometry":{"type":"LineString","coordinates":[[-83.743096,42.268004],[-83.743111,42.268004]]},"properties":{"Layer":"CM-ATHL"}},{"type":"Feature","geometry":{"type":"LineString","coordinates":[[-83.743111,42.267993],[-83.743097,42.267993]]},"properties":{"Layer":"CM-ATHL"}},{"type":"Feature","geometry":{"type":"LineString","coordinates":[[-83.743097,42.267993],[-83.743097,42.268003]]},"properties":{"Layer":"CM-ATHL"}},{"type":"Feature","geometry":{"type":"LineString","coordinates":[[-83.743097,42.268003],[-83.743111,42.268003]]},"properties":{"Layer":"CM-ATHL"}},{"type":"Feature","geometry":{"type":"LineString","coordinates":[[-83.743133,42.268012],[-83.743133,42.268001]]},"properties":{"Layer":"CM-ATHL"}},{"type":"Feature","geometry":{"type":"LineString","coordinates":[[-83.743133,42.268001],[-83.743111,42.268001]]},"properties":{"Layer":"CM-ATHL"}},{"type":"Feature","geometry":{"type":"LineString","coordinates":[[-83.743111,42.268001],[-83.743111,42.268012]]},"properties":{"Layer":"CM-ATHL"}},{"type":"Feature","geometry":{"type":"LineString","coordinates":[[-83.743111,42.268012],[-83.743133,42.268012]]},"properties":{"Layer":"CM-ATHL"}},{"type":"Feature","geometry":{"type":"LineString","coordinates":[[-83.743133,42.268012],[-83.743133,42.268002]]},"properties":{"Layer":"CM-ATHL"}},{"type":"Feature","geometry":{"type":"LineString","coordinates":[[-83.743133,42.268002],[-83.743112,42.268002]]},"properties":{"Layer":"CM-ATHL"}},{"type":"Feature","geometry":{"type":"LineString","coordinates":[[-83.743112,42.268002],[-83.743112,42.268012]]},"properties":{"Layer":"CM-ATHL"}},{"type":"Feature","geometry":{"type":"LineString","coordinates":[[-83.743112,42.268012],[-83.743133,42.268012]]},"properties":{"Layer":"CM-ATHL"}},{"type":"Feature","geometry":{"type":"LineString","coordinates":[[-83.743133,42.267994],[-83.743133,42.267983]]},"properties":{"Layer":"CM-ATHL"}},{"type":"Feature","geometry":{"type":"LineString","coordinates":[[-83.743133,42.267983],[-83.743111,42.267984]]},"properties":{"Layer":"CM-ATHL"}},{"type":"Feature","geometry":{"type":"LineString","coordinates":[[-83.743111,42.267984],[-83.743111,42.267995]]},"properties":{"Layer":"CM-ATHL"}},{"type":"Feature","geometry":{"type":"LineString","coordinates":[[-83.743111,42.267995],[-83.743133,42.267994]]},"properties":{"Layer":"CM-ATHL"}},{"type":"Feature","geometry":{"type":"LineString","coordinates":[[-83.743133,42.267994],[-83.743132,42.267984]]},"properties":{"Layer":"CM-ATHL"}},{"type":"Feature","geometry":{"type":"LineString","coordinates":[[-83.743132,42.267984],[-83.743111,42.267984]]},"properties":{"Layer":"CM-ATHL"}},{"type":"Feature","geometry":{"type":"LineString","coordinates":[[-83.743111,42.267984],[-83.743112,42.267994]]},"properties":{"Layer":"CM-ATHL"}},{"type":"Feature","geometry":{"type":"LineString","coordinates":[[-83.743112,42.267994],[-83.743133,42.267994]]},"properties":{"Layer":"CM-ATHL"}},{"type":"Feature","geometry":{"type":"LineString","coordinates":[[-83.743127,42.268],[-83.743124,42.268]]},"properties":{"Layer":"CM-ATHL"}},{"type":"Feature","geometry":{"type":"LineString","coordinates":[[-83.743124,42.268],[-83.743121,42.267998]]},"properties":{"Layer":"CM-ATHL"}},{"type":"Feature","geometry":{"type":"LineString","coordinates":[[-83.743121,42.267998],[-83.743124,42.267996]]},"properties":{"Layer":"CM-ATHL"}},{"type":"Feature","geometry":{"type":"LineString","coordinates":[[-83.743124,42.267996],[-83.743127,42.267996]]},"properties":{"Layer":"CM-ATHL"}},{"type":"Feature","geometry":{"type":"LineString","coordinates":[[-83.743127,42.267996],[-83.743127,42.268]]},"properties":{"Layer":"CM-ATHL"}},{"type":"Feature","geometry":{"type":"LineString","coordinates":[[-83.743095,42.268013],[-83.743094,42.268013]]},"properties":{"Layer":"CM-ATHL"}},{"type":"Feature","geometry":{"type":"LineString","coordinates":[[-83.743094,42.267991],[-83.743094,42.267991]]},"properties":{"Layer":"CM-ATHL"}},{"type":"Feature","geometry":{"type":"LineString","coordinates":[[-83.743094,42.268013],[-83.743094,42.267991]]},"properties":{"Layer":"CM-ATHL"}},{"type":"Feature","geometry":{"type":"LineString","coordinates":[[-83.743095,42.268013],[-83.743094,42.267991]]},"properties":{"Layer":"CM-ATHL"}},{"type":"Feature","geometry":{"type":"LineString","coordinates":[[-83.743237,42.268024],[-83.743237,42.268024],[-83.743237,42.268024],[-83.743237,42.268024],[-83.743237,42.268024],[-83.743237,42.268024],[-83.743237,42.268024],[-83.743238,42.268024],[-83.743238,42.268024],[-83.743238,42.268024],[-83.743238,42.268024],[-83.743238,42.268024],[-83.743238,42.268024],[-83.743238,42.268024],[-83.743238,42.268024],[-83.743239,42.268024],[-83.743239,42.268024],[-83.743239,42.268024],[-83.743239,42.268024],[-83.743239,42.268024],[-83.743239,42.268023],[-83.743239,42.268023],[-83.743238,42.268023],[-83.743238,42.268023],[-83.743238,42.268023],[-83.743238,42.268023],[-83.743238,42.268023],[-83.743238,42.268023],[-83.743238,42.268023],[-83.743238,42.268023],[-83.743237,42.268023],[-83.743237,42.268023],[-83.743237,42.268023],[-83.743237,42.268023],[-83.743237,42.268023],[-83.743237,42.268024],[-83.743237,42.268024]]},"properties":{"Layer":"CM-ATHL"}},{"type":"Feature","geometry":{"type":"LineString","coordinates":[[-83.743273,42.268023],[-83.743273,42.268023],[-83.743273,42.268023],[-83.743273,42.268024],[-83.743273,42.268024],[-83.743273,42.268024],[-83.743273,42.268024],[-83.743274,42.268024],[-83.743274,42.268024],[-83.743274,42.268024],[-83.743274,42.268024],[-83.743274,42.268024],[-83.743274,42.268024],[-83.743274,42.268024],[-83.743274,42.268024],[-83.743275,42.268024],[-83.743275,42.268023],[-83.743275,42.268023],[-83.743275,42.268023],[-83.743275,42.268023],[-83.743275,42.268023],[-83.743275,42.268023],[-83.743274,42.268023],[-83.743274,42.268023],[-83.743274,42.268023],[-83.743274,42.268023],[-83.743274,42.268023],[-83.743274,42.268023],[-83.743274,42.268023],[-83.743274,42.268023],[-83.743273,42.268023],[-83.743273,42.268023],[-83.743273,42.268023],[-83.743273,42.268023],[-83.743273,42.268023],[-83.743273,42.268023],[-83.743273,42.268023]]},"properties":{"Layer":"CM-ATHL"}},{"type":"Feature","geometry":{"type":"LineString","coordinates":[[-83.743309,42.268023],[-83.743309,42.268023],[-83.743309,42.268023],[-83.743309,42.268023],[-83.743309,42.268023],[-83.743309,42.268023],[-83.743309,42.268023],[-83.74331,42.268023],[-83.74331,42.268023],[-83.74331,42.268023],[-83.74331,42.268023],[-83.74331,42.268023],[-83.74331,42.268023],[-83.74331,42.268023],[-83.74331,42.268023],[-83.743311,42.268023],[-83.743311,42.268023],[-83.743311,42.268023],[-83.743311,42.268023],[-83.743311,42.268023],[-83.743311,42.268023],[-83.743311,42.268023],[-83.74331,42.268022],[-83.74331,42.268022],[-83.74331,42.268022],[-83.74331,42.268022],[-83.74331,42.268022],[-83.74331,42.268022],[-83.74331,42.268022],[-83.74331,42.268022],[-83.74331,42.268022],[-83.743309,42.268022],[-83.743309,42.268022],[-83.743309,42.268023],[-83.743309,42.268023],[-83.743309,42.268023],[-83.743309,42.268023]]},"properties":{"Layer":"CM-ATHL"}},{"type":"Feature","geometry":{"type":"LineString","coordinates":[[-83.743345,42.268022],[-83.743345,42.268023],[-83.743345,42.268023],[-83.743345,42.268023],[-83.743345,42.268023],[-83.743345,42.268023],[-83.743346,42.268023],[-83.743346,42.268023],[-83.743346,42.268023],[-83.743346,42.268023],[-83.743346,42.268023],[-83.743346,42.268023],[-83.743346,42.268023],[-83.743346,42.268023],[-83.743346,42.268023],[-83.743347,42.268023],[-83.743347,42.268023],[-83.743347,42.268023],[-83.743347,42.268022],[-83.743347,42.268022],[-83.743347,42.268022],[-83.743347,42.268022],[-83.743346,42.268022],[-83.743346,42.268022],[-83.743346,42.268022],[-83.743346,42.268022],[-83.743346,42.268022],[-83.743346,42.268022],[-83.743346,42.268022],[-83.743346,42.268022],[-83.743346,42.268022],[-83.743345,42.268022],[-83.743345,42.268022],[-83.743345,42.268022],[-83.743345,42.268022],[-83.743345,42.268022],[-83.743345,42.268022]]},"properties":{"Layer":"CM-ATHL"}},{"type":"Feature","geometry":{"type":"LineString","coordinates":[[-83.743381,42.268022],[-83.743381,42.268022],[-83.743381,42.268022],[-83.743381,42.268022],[-83.743381,42.268022],[-83.743381,42.268023],[-83.743382,42.268023],[-83.743382,42.268023],[-83.743382,42.268023],[-83.743382,42.268023],[-83.743382,42.268023],[-83.743382,42.268023],[-83.743382,42.268023],[-83.743382,42.268023],[-83.743383,42.268022],[-83.743383,42.268022],[-83.743383,42.268022],[-83.743383,42.268022],[-83.743383,42.268022],[-83.743383,42.268022],[-83.743383,42.268022],[-83.743383,42.268022],[-83.743383,42.268022],[-83.743382,42.268022],[-83.743382,42.268022],[-83.743382,42.268022],[-83.743382,42.268022],[-83.743382,42.268021],[-83.743382,42.268022],[-83.743382,42.268022],[-83.743382,42.268022],[-83.743381,42.268022],[-83.743381,42.268022],[-83.743381,42.268022],[-83.743381,42.268022],[-83.743381,42.268022],[-83.743381,42.268022]]},"properties":{"Layer":"CM-ATHL"}},{"type":"Feature","geometry":{"type":"LineString","coordinates":[[-83.7432,42.267977],[-83.7432,42.267977],[-83.7432,42.267978],[-83.7432,42.267978],[-83.7432,42.267978],[-83.7432,42.267978],[-83.743201,42.267978],[-83.743201,42.267978],[-83.743201,42.267978],[-83.743201,42.267978],[-83.743201,42.267978],[-83.743201,42.267978],[-83.743201,42.267978],[-83.743201,42.267978],[-83.743202,42.267978],[-83.743202,42.267978],[-83.743202,42.267978],[-83.743202,42.267977],[-83.743202,42.267977],[-83.743202,42.267977],[-83.743202,42.267977],[-83.743202,42.267977],[-83.743202,42.267977],[-83.743201,42.267977],[-83.743201,42.267977],[-83.743201,42.267977],[-83.743201,42.267977],[-83.743201,42.267977],[-83.743201,42.267977],[-83.743201,42.267977],[-83.743201,42.267977],[-83.7432,42.267977],[-83.7432,42.267977],[-83.7432,42.267977],[-83.7432,42.267977],[-83.7432,42.267977],[-83.7432,42.267977]]},"properties":{"Layer":"CM-ATHL"}},{"type":"Feature","geometry":{"type":"LineString","coordinates":[[-83.743164,42.267978],[-83.743164,42.267978],[-83.743164,42.267978],[-83.743164,42.267978],[-83.743164,42.267978],[-83.743164,42.267978],[-83.743165,42.267978],[-83.743165,42.267978],[-83.743165,42.267978],[-83.743165,42.267978],[-83.743165,42.267978],[-83.743165,42.267978],[-83.743165,42.267978],[-83.743165,42.267978],[-83.743165,42.267978],[-83.743166,42.267978],[-83.743166,42.267978],[-83.743166,42.267978],[-83.743166,42.267978],[-83.743166,42.267978],[-83.743166,42.267978],[-83.743166,42.267977],[-83.743165,42.267977],[-83.743165,42.267977],[-83.743165,42.267977],[-83.743165,42.267977],[-83.743165,42.267977],[-83.743165,42.267977],[-83.743165,42.267977],[-83.743165,42.267977],[-83.743165,42.267977],[-83.743164,42.267977],[-83.743164,42.267977],[-83.743164,42.267977],[-83.743164,42.267978],[-83.743164,42.267978],[-83.743164,42.267978]]},"properties":{"Layer":"CM-ATHL"}},{"type":"Feature","geometry":{"type":"LineString","coordinates":[[-83.743128,42.267978],[-83.743128,42.267978],[-83.743128,42.267978],[-83.743128,42.267978],[-83.743128,42.267978],[-83.743128,42.267979],[-83.743128,42.267979],[-83.743129,42.267979],[-83.743129,42.267979],[-83.743129,42.267979],[-83.743129,42.267979],[-83.743129,42.267979],[-83.743129,42.267979],[-83.743129,42.267979],[-83.743129,42.267978],[-83.74313,42.267978],[-83.74313,42.267978],[-83.74313,42.267978],[-83.74313,42.267978],[-83.74313,42.267978],[-83.74313,42.267978],[-83.74313,42.267978],[-83.743129,42.267978],[-83.743129,42.267978],[-83.743129,42.267978],[-83.743129,42.267978],[-83.743129,42.267978],[-83.743129,42.267978],[-83.743129,42.267978],[-83.743129,42.267978],[-83.743129,42.267978],[-83.743128,42.267978],[-83.743128,42.267978],[-83.743128,42.267978],[-83.743128,42.267978],[-83.743128,42.267978],[-83.743128,42.267978]]},"properties":{"Layer":"CM-ATHL"}},{"type":"Feature","geometry":{"type":"LineString","coordinates":[[-83.74335,42.267955],[-83.74335,42.26795]]},"properties":{"Layer":"CM-ATHL"}},{"type":"Feature","geometry":{"type":"LineString","coordinates":[[-83.74335,42.26795],[-83.743348,42.26795]]},"properties":{"Layer":"CM-ATHL"}},{"type":"Feature","geometry":{"type":"LineString","coordinates":[[-83.743348,42.26795],[-83.743348,42.267955]]},"properties":{"Layer":"CM-ATHL"}},{"type":"Feature","geometry":{"type":"LineString","coordinates":[[-83.743348,42.267955],[-83.74335,42.267955]]},"properties":{"Layer":"CM-ATHL"}},{"type":"Feature","geometry":{"type":"LineString","coordinates":[[-83.743349,42.267961],[-83.743348,42.267944]]},"properties":{"Layer":"CM-ATHL"}},{"type":"Feature","geometry":{"type":"LineString","coordinates":[[-83.743381,42.267973],[-83.74338,42.267932]]},"properties":{"Layer":"CM-ATHL"}},{"type":"Feature","geometry":{"type":"LineString","coordinates":[[-83.74338,42.267932],[-83.743092,42.267935]]},"properties":{"Layer":"CM-ATHL"}},{"type":"Feature","geometry":{"type":"LineString","coordinates":[[-83.743092,42.267935],[-83.743093,42.267976]]},"properties":{"Layer":"CM-ATHL"}},{"type":"Feature","geometry":{"type":"LineString","coordinates":[[-83.743093,42.267976],[-83.743381,42.267973]]},"properties":{"Layer":"CM-ATHL"}},{"type":"Feature","geometry":{"type":"LineString","coordinates":[[-83.743376,42.267933],[-83.743309,42.267934]]},"properties":{"Layer":"CM-ATHL"}},{"type":"Feature","geometry":{"type":"LineString","coordinates":[[-83.743376,42.267971],[-83.74331,42.267972]]},"properties":{"Layer":"CM-ATHL"}},{"type":"Feature","geometry":{"type":"LineString","coordinates":[[-83.743309,42.267934],[-83.743376,42.267971]]},"properties":{"Layer":"CM-ATHL"}},{"type":"Feature","geometry":{"type":"LineString","coordinates":[[-83.74331,42.267972],[-83.743376,42.267933]]},"properties":{"Layer":"CM-ATHL"}},{"type":"Feature","geometry":{"type":"LineString","coordinates":[[-83.743309,42.267934],[-83.74331,42.267972]]},"properties":{"Layer":"CM-ATHL"}},{"type":"Feature","geometry":{"type":"LineString","coordinates":[[-83.743376,42.267933],[-83.743376,42.267971]]},"properties":{"Layer":"CM-ATHL"}},{"type":"Feature","geometry":{"type":"LineString","coordinates":[[-83.743343,42.267929],[-83.743343,42.267929],[-83.743343,42.267929],[-83.743343,42.267929],[-83.743343,42.26793],[-83.743344,42.26793],[-83.743344,42.26793],[-83.743344,42.26793],[-83.743344,42.26793],[-83.743344,42.26793],[-83.743344,42.26793],[-83.743344,42.26793],[-83.743344,42.26793],[-83.743345,42.26793],[-83.743345,42.26793],[-83.743345,42.267929],[-83.743345,42.267929],[-83.743345,42.267929],[-83.743345,42.267929],[-83.743345,42.267929],[-83.743345,42.267929],[-83.743345,42.267929],[-83.743345,42.267929],[-83.743345,42.267929],[-83.743344,42.267929],[-83.743344,42.267929],[-83.743344,42.267929],[-83.743344,42.267929],[-83.743344,42.267929],[-83.743344,42.267929],[-83.743344,42.267929],[-83.743344,42.267929],[-83.743344,42.267929],[-83.743343,42.267929],[-83.743343,42.267929],[-83.743343,42.267929],[-83.743343,42.267929]]},"properties":{"Layer":"CM-ATHL"}},{"type":"Feature","geometry":{"type":"LineString","coordinates":[[-83.743307,42.26793],[-83.743307,42.26793],[-83.743307,42.26793],[-83.743307,42.26793],[-83.743307,42.26793],[-83.743308,42.26793],[-83.743308,42.26793],[-83.743308,42.26793],[-83.743308,42.26793],[-83.743308,42.26793],[-83.743308,42.26793],[-83.743308,42.26793],[-83.743308,42.26793],[-83.743309,42.26793],[-83.743309,42.26793],[-83.743309,42.26793],[-83.743309,42.26793],[-83.743309,42.26793],[-83.743309,42.26793],[-83.743309,42.267929],[-83.743309,42.267929],[-83.743309,42.267929],[-83.743309,42.267929],[-83.743309,42.267929],[-83.743308,42.267929],[-83.743308,42.267929],[-83.743308,42.267929],[-83.743308,42.267929],[-83.743308,42.267929],[-83.743308,42.267929],[-83.743308,42.267929],[-83.743308,42.267929],[-83.743307,42.267929],[-83.743307,42.267929],[-83.743307,42.267929],[-83.743307,42.267929],[-83.743307,42.26793]]},"properties":{"Layer":"CM-ATHL"}},{"type":"Feature","geometry":{"type":"LineString","coordinates":[[-83.743271,42.26793],[-83.743271,42.26793],[-83.743271,42.26793],[-83.743271,42.26793],[-83.743271,42.26793],[-83.743272,42.26793],[-83.743272,42.26793],[-83.743272,42.26793],[-83.743272,42.26793],[-83.743272,42.267931],[-83.743272,42.267931],[-83.743272,42.26793],[-83.743272,42.26793],[-83.743273,42.26793],[-83.743273,42.26793],[-83.743273,42.26793],[-83.743273,42.26793],[-83.743273,42.26793],[-83.743273,42.26793],[-83.743273,42.26793],[-83.743273,42.26793],[-83.743273,42.26793],[-83.743273,42.26793],[-83.743273,42.26793],[-83.743272,42.267929],[-83.743272,42.267929],[-83.743272,42.267929],[-83.743272,42.267929],[-83.743272,42.267929],[-83.743272,42.267929],[-83.743272,42.267929],[-83.743272,42.267929],[-83.743271,42.26793],[-83.743271,42.26793],[-83.743271,42.26793],[-83.743271,42.26793],[-83.743271,42.26793]]},"properties":{"Layer":"CM-ATHL"}},{"type":"Feature","geometry":{"type":"LineString","coordinates":[[-83.743109,42.267948],[-83.743094,42.267948]]},"properties":{"Layer":"CM-ATHL"}},{"type":"Feature","geometry":{"type":"LineString","coordinates":[[-83.743094,42.267948],[-83.743095,42.267959]]},"properties":{"Layer":"CM-ATHL"}},{"type":"Feature","geometry":{"type":"LineString","coordinates":[[-83.743095,42.267959],[-83.743109,42.267959]]},"properties":{"Layer":"CM-ATHL"}},{"type":"Feature","geometry":{"type":"LineString","coordinates":[[-83.743109,42.267949],[-83.743095,42.267949]]},"properties":{"Layer":"CM-ATHL"}},{"type":"Feature","geometry":{"type":"LineString","coordinates":[[-83.743095,42.267949],[-83.743095,42.267959]]},"properties":{"Layer":"CM-ATHL"}},{"type":"Feature","geometry":{"type":"LineString","coordinates":[[-83.743095,42.267959],[-83.743109,42.267959]]},"properties":{"Layer":"CM-ATHL"}},{"type":"Feature","geometry":{"type":"LineString","coordinates":[[-83.743132,42.267968],[-83.743131,42.267957]]},"properties":{"Layer":"CM-ATHL"}},{"type":"Feature","geometry":{"type":"LineString","coordinates":[[-83.743131,42.267957],[-83.743109,42.267957]]},"properties":{"Layer":"CM-ATHL"}},{"type":"Feature","geometry":{"type":"LineString","coordinates":[[-83.743109,42.267957],[-83.743109,42.267968]]},"properties":{"Layer":"CM-ATHL"}},{"type":"Feature","geometry":{"type":"LineString","coordinates":[[-83.743109,42.267968],[-83.743132,42.267968]]},"properties":{"Layer":"CM-ATHL"}},{"type":"Feature","geometry":{"type":"LineString","coordinates":[[-83.743131,42.267967],[-83.743131,42.267957]]},"properties":{"Layer":"CM-ATHL"}},{"type":"Feature","geometry":{"type":"LineString","coordinates":[[-83.743131,42.267957],[-83.74311,42.267957]]},"properties":{"Layer":"CM-ATHL"}},{"type":"Feature","geometry":{"type":"LineString","coordinates":[[-83.74311,42.267957],[-83.74311,42.267968]]},"properties":{"Layer":"CM-ATHL"}},{"type":"Feature","geometry":{"type":"LineString","coordinates":[[-83.74311,42.267968],[-83.743131,42.267967]]},"properties":{"Layer":"CM-ATHL"}},{"type":"Feature","geometry":{"type":"LineString","coordinates":[[-83.743131,42.26795],[-83.743131,42.267939]]},"properties":{"Layer":"CM-ATHL"}},{"type":"Feature","geometry":{"type":"LineString","coordinates":[[-83.743131,42.267939],[-83.743109,42.267939]]},"properties":{"Layer":"CM-ATHL"}},{"type":"Feature","geometry":{"type":"LineString","coordinates":[[-83.743109,42.267939],[-83.743109,42.26795]]},"properties":{"Layer":"CM-ATHL"}},{"type":"Feature","geometry":{"type":"LineString","coordinates":[[-83.743109,42.26795],[-83.743131,42.26795]]},"properties":{"Layer":"CM-ATHL"}},{"type":"Feature","geometry":{"type":"LineString","coordinates":[[-83.743131,42.26795],[-83.74313,42.26794]]},"properties":{"Layer":"CM-ATHL"}},{"type":"Feature","geometry":{"type":"LineString","coordinates":[[-83.74313,42.26794],[-83.74311,42.26794]]},"properties":{"Layer":"CM-ATHL"}},{"type":"Feature","geometry":{"type":"LineString","coordinates":[[-83.74311,42.26794],[-83.74311,42.26795]]},"properties":{"Layer":"CM-ATHL"}},{"type":"Feature","geometry":{"type":"LineString","coordinates":[[-83.74311,42.26795],[-83.743131,42.26795]]},"properties":{"Layer":"CM-ATHL"}},{"type":"Feature","geometry":{"type":"LineString","coordinates":[[-83.743125,42.267955],[-83.743122,42.267955]]},"properties":{"Layer":"CM-ATHL"}},{"type":"Feature","geometry":{"type":"LineString","coordinates":[[-83.743122,42.267955],[-83.74312,42.267954]]},"properties":{"Layer":"CM-ATHL"}},{"type":"Feature","geometry":{"type":"LineString","coordinates":[[-83.74312,42.267954],[-83.743122,42.267952]]},"properties":{"Layer":"CM-ATHL"}},{"type":"Feature","geometry":{"type":"LineString","coordinates":[[-83.743122,42.267952],[-83.743125,42.267952]]},"properties":{"Layer":"CM-ATHL"}},{"type":"Feature","geometry":{"type":"LineString","coordinates":[[-83.743125,42.267952],[-83.743125,42.267955]]},"properties":{"Layer":"CM-ATHL"}},{"type":"Feature","geometry":{"type":"LineString","coordinates":[[-83.743094,42.267966],[-83.743093,42.267966]]},"properties":{"Layer":"CM-ATHL"}},{"type":"Feature","geometry":{"type":"LineString","coordinates":[[-83.743094,42.267944],[-83.743093,42.267944]]},"properties":{"Layer":"CM-ATHL"}},{"type":"Feature","geometry":{"type":"LineString","coordinates":[[-83.743093,42.267966],[-83.743093,42.267944]]},"properties":{"Layer":"CM-ATHL"}},{"type":"Feature","geometry":{"type":"LineString","coordinates":[[-83.743094,42.267966],[-83.743094,42.267944]]},"properties":{"Layer":"CM-ATHL"}},{"type":"Feature","geometry":{"type":"LineString","coordinates":[[-83.743235,42.26793],[-83.743235,42.26793],[-83.743235,42.267931],[-83.743235,42.267931],[-83.743235,42.267931],[-83.743236,42.267931],[-83.743236,42.267931],[-83.743236,42.267931],[-83.743236,42.267931],[-83.743236,42.267931],[-83.743236,42.267931],[-83.743236,42.267931],[-83.743236,42.267931],[-83.743237,42.267931],[-83.743237,42.267931],[-83.743237,42.267931],[-83.743237,42.267931],[-83.743237,42.26793],[-83.743237,42.26793],[-83.743237,42.26793],[-83.743237,42.26793],[-83.743237,42.26793],[-83.743237,42.26793],[-83.743237,42.26793],[-83.743236,42.26793],[-83.743236,42.26793],[-83.743236,42.26793],[-83.743236,42.26793],[-83.743236,42.26793],[-83.743236,42.26793],[-83.743236,42.26793],[-83.743236,42.26793],[-83.743235,42.26793],[-83.743235,42.26793],[-83.743235,42.26793],[-83.743235,42.26793],[-83.743235,42.26793]]},"properties":{"Layer":"CM-ATHL"}},{"type":"Feature","geometry":{"type":"LineString","coordinates":[[-83.743199,42.267931],[-83.743199,42.267931],[-83.743199,42.267931],[-83.743199,42.267931],[-83.743199,42.267931],[-83.7432,42.267931],[-83.7432,42.267931],[-83.7432,42.267931],[-83.7432,42.267931],[-83.7432,42.267931],[-83.7432,42.267931],[-83.7432,42.267931],[-83.7432,42.267931],[-83.743201,42.267931],[-83.743201,42.267931],[-83.743201,42.267931],[-83.743201,42.267931],[-83.743201,42.267931],[-83.743201,42.267931],[-83.743201,42.267931],[-83.743201,42.267931],[-83.743201,42.26793],[-83.743201,42.26793],[-83.743201,42.26793],[-83.7432,42.26793],[-83.7432,42.26793],[-83.7432,42.26793],[-83.7432,42.26793],[-83.7432,42.26793],[-83.7432,42.26793],[-83.7432,42.26793],[-83.7432,42.26793],[-83.743199,42.26793],[-83.743199,42.26793],[-83.743199,42.267931],[-83.743199,42.267931],[-83.743199,42.267931]]},"properties":{"Layer":"CM-ATHL"}},{"type":"Feature","geometry":{"type":"LineString","coordinates":[[-83.743163,42.267931],[-83.743163,42.267931],[-83.743163,42.267931],[-83.743163,42.267931],[-83.743163,42.267931],[-83.743164,42.267932],[-83.743164,42.267932],[-83.743164,42.267932],[-83.743164,42.267932],[-83.743164,42.267932],[-83.743164,42.267932],[-83.743164,42.267932],[-83.743164,42.267932],[-83.743164,42.267932],[-83.743165,42.267931],[-83.743165,42.267931],[-83.743165,42.267931],[-83.743165,42.267931],[-83.743165,42.267931],[-83.743165,42.267931],[-83.743165,42.267931],[-83.743165,42.267931],[-83.743165,42.267931],[-83.743164,42.267931],[-83.743164,42.267931],[-83.743164,42.267931],[-83.743164,42.267931],[-83.743164,42.267931],[-83.743164,42.267931],[-83.743164,42.267931],[-83.743164,42.267931],[-83.743164,42.267931],[-83.743163,42.267931],[-83.743163,42.267931],[-83.743163,42.267931],[-83.743163,42.267931],[-83.743163,42.267931]]},"properties":{"Layer":"CM-ATHL"}},{"type":"Feature","geometry":{"type":"LineString","coordinates":[[-83.743127,42.267931],[-83.743127,42.267932],[-83.743127,42.267932],[-83.743127,42.267932],[-83.743127,42.267932],[-83.743127,42.267932],[-83.743128,42.267932],[-83.743128,42.267932],[-83.743128,42.267932],[-83.743128,42.267932],[-83.743128,42.267932],[-83.743128,42.267932],[-83.743128,42.267932],[-83.743128,42.267932],[-83.743129,42.267932],[-83.743129,42.267932],[-83.743129,42.267932],[-83.743129,42.267932],[-83.743129,42.267931],[-83.743129,42.267931],[-83.743129,42.267931],[-83.743129,42.267931],[-83.743129,42.267931],[-83.743128,42.267931],[-83.743128,42.267931],[-83.743128,42.267931],[-83.743128,42.267931],[-83.743128,42.267931],[-83.743128,42.267931],[-83.743128,42.267931],[-83.743128,42.267931],[-83.743127,42.267931],[-83.743127,42.267931],[-83.743127,42.267931],[-83.743127,42.267931],[-83.743127,42.267931],[-83.743127,42.267931]]},"properties":{"Layer":"CM-ATHL"}},{"type":"Feature","geometry":{"type":"LineString","coordinates":[[-83.74338,42.267975],[-83.74338,42.267976],[-83.74338,42.267976],[-83.74338,42.267976],[-83.74338,42.267976],[-83.743381,42.267976],[-83.743381,42.267976],[-83.743381,42.267976],[-83.743381,42.267976],[-83.743381,42.267976],[-83.743381,42.267976],[-83.743381,42.267976],[-83.743381,42.267976],[-83.743382,42.267976],[-83.743382,42.267976],[-83.743382,42.267976],[-83.743382,42.267976],[-83.743382,42.267976],[-83.743382,42.267975],[-83.743382,42.267975],[-83.743382,42.267975],[-83.743382,42.267975],[-83.743382,42.267975],[-83.743382,42.267975],[-83.743381,42.267975],[-83.743381,42.267975],[-83.743381,42.267975],[-83.743381,42.267975],[-83.743381,42.267975],[-83.743381,42.267975],[-83.743381,42.267975],[-83.743381,42.267975],[-83.74338,42.267975],[-83.74338,42.267975],[-83.74338,42.267975],[-83.74338,42.267975],[-83.74338,42.267975]]},"properties":{"Layer":"CM-ATHL"}},{"type":"Feature","geometry":{"type":"LineString","coordinates":[[-83.743379,42.267929],[-83.743379,42.267929],[-83.743379,42.267929],[-83.743379,42.267929],[-83.74338,42.267929],[-83.74338,42.267929],[-83.74338,42.267929],[-83.74338,42.267929],[-83.74338,42.267929],[-83.74338,42.267929],[-83.74338,42.267929],[-83.74338,42.267929],[-83.74338,42.267929],[-83.743381,42.267929],[-83.743381,42.267929],[-83.743381,42.267929],[-83.743381,42.267929],[-83.743381,42.267929],[-83.743381,42.267929],[-83.743381,42.267929],[-83.743381,42.267929],[-83.743381,42.267928],[-83.743381,42.267928],[-83.743381,42.267928],[-83.74338,42.267928],[-83.74338,42.267928],[-83.74338,42.267928],[-83.74338,42.267928],[-83.74338,42.267928],[-83.74338,42.267928],[-83.74338,42.267928],[-83.74338,42.267928],[-83.74338,42.267928],[-83.743379,42.267928],[-83.743379,42.267929],[-83.743379,42.267929],[-83.743379,42.267929]]},"properties":{"Layer":"CM-ATHL"}},{"type":"Feature","geometry":{"type":"LineString","coordinates":[[-83.743272,42.267977],[-83.743272,42.267977],[-83.743272,42.267977],[-83.743272,42.267977],[-83.743272,42.267977],[-83.743272,42.267977],[-83.743273,42.267977],[-83.743273,42.267977],[-83.743273,42.267977],[-83.743273,42.267977],[-83.743273,42.267977],[-83.743273,42.267977],[-83.743273,42.267977],[-83.743273,42.267977],[-83.743274,42.267977],[-83.743274,42.267977],[-83.743274,42.267977],[-83.743274,42.267977],[-83.743274,42.267977],[-83.743274,42.267976],[-83.743274,42.267976],[-83.743274,42.267976],[-83.743274,42.267976],[-83.743273,42.267976],[-83.743273,42.267976],[-83.743273,42.267976],[-83.743273,42.267976],[-83.743273,42.267976],[-83.743273,42.267976],[-83.743273,42.267976],[-83.743273,42.267976],[-83.743272,42.267976],[-83.743272,42.267976],[-83.743272,42.267976],[-83.743272,42.267976],[-83.743272,42.267976],[-83.743272,42.267977]]},"properties":{"Layer":"CM-ATHL"}},{"type":"Feature","geometry":{"type":"LineString","coordinates":[[-83.743236,42.267977],[-83.743236,42.267977],[-83.743236,42.267977],[-83.743236,42.267977],[-83.743236,42.267977],[-83.743236,42.267977],[-83.743237,42.267977],[-83.743237,42.267978],[-83.743237,42.267978],[-83.743237,42.267978],[-83.743237,42.267978],[-83.743237,42.267978],[-83.743237,42.267977],[-83.743237,42.267977],[-83.743238,42.267977],[-83.743238,42.267977],[-83.743238,42.267977],[-83.743238,42.267977],[-83.743238,42.267977],[-83.743238,42.267977],[-83.743238,42.267977],[-83.743238,42.267977],[-83.743238,42.267977],[-83.743237,42.267977],[-83.743237,42.267976],[-83.743237,42.267976],[-83.743237,42.267976],[-83.743237,42.267976],[-83.743237,42.267976],[-83.743237,42.267976],[-83.743237,42.267976],[-83.743236,42.267977],[-83.743236,42.267977],[-83.743236,42.267977],[-83.743236,42.267977],[-83.743236,42.267977],[-83.743236,42.267977]]},"properties":{"Layer":"CM-ATHL"}},{"type":"Feature","geometry":{"type":"LineString","coordinates":[[-83.743384,42.268023],[-83.742804,42.26803]]},"properties":{"Layer":"CM-ATHL"}},{"type":"Feature","geometry":{"type":"LineString","coordinates":[[-83.742804,42.26803],[-83.742802,42.267934]]},"properties":{"Layer":"CM-ATHL"}},{"type":"Feature","geometry":{"type":"LineString","coordinates":[[-83.742802,42.267934],[-83.743382,42.267927]]},"properties":{"Layer":"CM-ATHL"}},{"type":"Feature","geometry":{"type":"LineString","coordinates":[[-83.743382,42.267927],[-83.743384,42.268023]]},"properties":{"Layer":"CM-ATHL"}},{"type":"Feature","geometry":{"type":"MultiLineString","coordinates":[[[-83.742194,42.267732],[-83.742195,42.267736],[-83.742196,42.26774],[-83.742199,42.267744],[-83.742202,42.267748],[-83.742206,42.267751],[-83.742211,42.267753],[-83.742216,42.267755],[-83.742221,42.267756],[-83.742227,42.267757],[-83.742233,42.267756],[-83.742238,42.267755],[-83.742243,42.267753],[-83.742248,42.267751],[-83.742252,42.267748],[-83.742256,42.267744],[-83.742258,42.267741],[-83.74226,42.267737],[-83.74226,42.267732],[-83.74226,42.267728],[-83.742258,42.267724],[-83.742256,42.26772],[-83.742253,42.267717],[-83.742249,42.267714],[-83.742244,42.267711],[-83.742239,42.267709],[-83.742233,42.267708],[-83.742227,42.267708],[-83.742222,42.267708],[-83.742216,42.267709],[-83.742211,42.267711],[-83.742206,42.267713],[-83.742202,42.267716],[-83.742199,42.26772],[-83.742196,42.267724],[-83.742195,42.267728],[-83.742194,42.267732]],[[-83.741951,42.267827],[-83.741952,42.267828],[-83.741952,42.26783],[-83.741953,42.267831],[-83.741954,42.267832],[-83.741955,42.267833],[-83.741957,42.267834],[-83.741959,42.267835],[-83.741961,42.267835],[-83.741962,42.267835],[-83.741964,42.267835],[-83.741966,42.267835],[-83.741968,42.267834],[-83.74197,42.267833],[-83.741971,42.267832],[-83.741972,42.267831],[-83.741973,42.26783],[-83.741973,42.267828],[-83.741974,42.267827],[-83.741973,42.267826],[-83.741973,42.267824],[-83.741972,42.267823],[-83.741971,42.267822],[-83.74197,42.267821],[-83.741968,42.26782],[-83.741966,42.267819],[-83.741965,42.267819],[-83.741963,42.267819],[-83.741961,42.267819],[-83.741959,42.267819],[-83.741957,42.26782],[-83.741955,42.267821],[-83.741954,42.267822],[-83.741953,42.267823],[-83.741952,42.267824],[-83.741952,42.267825],[-83.741951,42.267827]],[[-83.742098,42.267936],[-83.742098,42.267938],[-83.742099,42.267939],[-83.7421,42.26794],[-83.742101,42.267941],[-83.742102,42.267942],[-83.742104,42.267943],[-83.742105,42.267944],[-83.742107,42.267944],[-83.742109,42.267944],[-83.742111,42.267944],[-83.742113,42.267944],[-83.742115,42.267943],[-83.742116,42.267943],[-83.742118,42.267942],[-83.742119,42.26794],[-83.74212,42.267939],[-83.74212,42.267938],[-83.74212,42.267936],[-83.74212,42.267935],[-83.74212,42.267933],[-83.742119,42.267932],[-83.742118,42.267931],[-83.742116,42.26793],[-83.742115,42.267929],[-83.742113,42.267929],[-83.742111,42.267928],[-83.742109,42.267928],[-83.742107,42.267928],[-83.742106,42.267928],[-83.742104,42.267929],[-83.742102,42.26793],[-83.742101,42.267931],[-83.7421,42.267932],[-83.742099,42.267933],[-83.742098,42.267935],[-83.742098,42.267936]],[[-83.742408,42.267838],[-83.742408,42.267842],[-83.742403,42.267842],[-83.742403,42.267838],[-83.742408,42.267838]],[[-83.742399,42.267597],[-83.742399,42.267601],[-83.742394,42.267601],[-83.742394,42.267597],[-83.742399,42.267597]],[[-83.742073,42.267601],[-83.742073,42.267605],[-83.742068,42.267605],[-83.742068,42.267601],[-83.742073,42.267601]]]},"properties":{"Layer":"CM-ATHL"}},{"type":"Feature","geometry":{"type":"LineString","coordinates":[[-83.743151,42.267212],[-83.743028,42.267084],[-83.742849,42.266999],[-83.742633,42.26696],[-83.742358,42.267],[-83.742007,42.267018],[-83.742016,42.267339],[-83.741916,42.267539],[-83.741913,42.267635],[-83.741939,42.267634],[-83.741944,42.267842],[-83.742028,42.267841],[-83.74203,42.267835],[-83.742033,42.267829],[-83.742038,42.267824],[-83.742044,42.26782],[-83.742051,42.267816],[-83.742059,42.267814],[-83.742063,42.267813],[-83.742054,42.267494],[-83.742106,42.267477],[-83.74216,42.267466],[-83.742217,42.267461],[-83.742274,42.267464],[-83.74233,42.267472],[-83.742383,42.267488],[-83.742432,42.267509],[-83.742476,42.267536],[-83.742514,42.267567],[-83.742545,42.267603],[-83.742567,42.267642],[-83.742581,42.267683],[-83.742587,42.267725],[-83.742583,42.267767],[-83.74257,42.267809],[-83.742549,42.267848],[-83.742124,42.267855],[-83.742122,42.267861],[-83.742118,42.267866],[-83.742113,42.267872],[-83.742107,42.267876],[-83.7421,42.26788],[-83.742092,42.267882],[-83.742088,42.267883],[-83.74209,42.26795],[-83.74234,42.267948],[-83.742386,42.267937],[-83.742718,42.267866],[-83.743035,42.267801],[-83.743191,42.267799],[-83.743258,42.267446],[-83.743151,42.267212]]},"properties":{"Layer":"CM-ATHL"}},{"type":"Feature","geometry":{"type":"LineString","coordinates":[[-83.742089,42.267848],[-83.742872,42.267835]]},"properties":{"Layer":"CM-ATHL"}},{"type":"Feature","geometry":{"type":"LineString","coordinates":[[-83.742075,42.267838],[-83.742048,42.267016]]},"properties":{"Layer":"CM-ATHL"}},{"type":"Feature","geometry":{"type":"LineString","coordinates":[[-83.742061,42.267851],[-83.742051,42.267859]]},"properties":{"Layer":"CM-ATHL"}},{"type":"Feature","geometry":{"type":"LineString","coordinates":[[-83.742051,42.267859],[-83.742062,42.267866]]},"properties":{"Layer":"CM-ATHL"}},{"type":"Feature","geometry":{"type":"LineString","coordinates":[[-83.742068,42.267833],[-83.742053,42.267845]]},"properties":{"Layer":"CM-ATHL"}},{"type":"Feature","geometry":{"type":"LineString","coordinates":[[-83.742053,42.267845],[-83.742063,42.267852]]},"properties":{"Layer":"CM-ATHL"}},{"type":"Feature","geometry":{"type":"LineString","coordinates":[[-83.742055,42.267879],[-83.742055,42.26788]]},"properties":{"Layer":"CM-ATHL"}},{"type":"Feature","geometry":{"type":"LineString","coordinates":[[-83.742034,42.267864],[-83.742033,42.267864]]},"properties":{"Layer":"CM-ATHL"}},{"type":"Feature","geometry":{"type":"LineString","coordinates":[[-83.742028,42.267857],[-83.741944,42.267858],[-83.741947,42.267919],[-83.741947,42.267924],[-83.741949,42.267929],[-83.741953,42.267935],[-83.741957,42.267939],[-83.741962,42.267943],[-83.741969,42.267947],[-83.741976,42.267949],[-83.741983,42.267951],[-83.741991,42.267951],[-83.741992,42.267951],[-83.742068,42.26795],[-83.742066,42.267884],[-83.742058,42.267882],[-83.742051,42.267879],[-83.742044,42.267876],[-83.742038,42.267871],[-83.742033,42.267866],[-83.742029,42.26786],[-83.742028,42.267857]]},"properties":{"Layer":"CM-ATHL"}},{"type":"Feature","geometry":{"type":"LineString","coordinates":[[-83.742347,42.267608],[-83.742128,42.267611],[-83.74208,42.267645],[-83.742086,42.267812],[-83.742093,42.267814],[-83.742101,42.267816],[-83.742108,42.26782],[-83.742114,42.267825],[-83.742118,42.26783],[-83.742122,42.267836],[-83.742123,42.267839],[-83.742352,42.267835],[-83.742393,42.267801],[-83.742387,42.267639],[-83.742347,42.267608]]},"properties":{"Layer":"CM-ATHL"}},{"type":"Feature","geometry":{"type":"LineString","coordinates":[[-83.742062,42.267866],[-83.742072,42.267859]]},"properties":{"Layer":"CM-ATHL"}},{"type":"Feature","geometry":{"type":"LineString","coordinates":[[-83.742096,42.267853],[-83.742085,42.267845]]},"properties":{"Layer":"CM-ATHL"}},{"type":"Feature","geometry":{"type":"LineString","coordinates":[[-83.742085,42.267845],[-83.74207,42.267857]]},"properties":{"Layer":"CM-ATHL"}},{"type":"Feature","geometry":{"type":"LineString","coordinates":[[-83.74207,42.267857],[-83.74208,42.267865]]},"properties":{"Layer":"CM-ATHL"}},{"type":"Feature","geometry":{"type":"LineString","coordinates":[[-83.74208,42.267865],[-83.742096,42.267853]]},"properties":{"Layer":"CM-ATHL"}},{"type":"Feature","geometry":{"type":"LineString","coordinates":[[-83.742079,42.267841],[-83.742068,42.267833]]},"properties":{"Layer":"CM-ATHL"}},{"type":"Feature","geometry":{"type":"LineString","coordinates":[[-83.742063,42.267852],[-83.742079,42.267841]]},"properties":{"Layer":"CM-ATHL"}},{"type":"Feature","geometry":{"type":"LineString","coordinates":[[-83.742079,42.267848],[-83.742077,42.267849]]},"properties":{"Layer":"CM-ATHL"}},{"type":"Feature","geometry":{"type":"LineString","coordinates":[[-83.742077,42.267849],[-83.742074,42.267849]]},"properties":{"Layer":"CM-ATHL"}},{"type":"Feature","geometry":{"type":"LineString","coordinates":[[-83.742074,42.267849],[-83.742074,42.267847]]},"properties":{"Layer":"CM-ATHL"}},{"type":"Feature","geometry":{"type":"LineString","coordinates":[[-83.742074,42.267847],[-83.742076,42.267845]]},"properties":{"Layer":"CM-ATHL"}},{"type":"Feature","geometry":{"type":"LineString","coordinates":[[-83.742076,42.267845],[-83.742079,42.267848]]},"properties":{"Layer":"CM-ATHL"}},{"type":"Feature","geometry":{"type":"LineString","coordinates":[[-83.742194,42.267732],[-83.742195,42.267736],[-83.742196,42.26774],[-83.742199,42.267744],[-83.742202,42.267748],[-83.742206,42.267751],[-83.742211,42.267753],[-83.742216,42.267755],[-83.742221,42.267756],[-83.742227,42.267757],[-83.742233,42.267756],[-83.742238,42.267755],[-83.742243,42.267753],[-83.742248,42.267751],[-83.742252,42.267748],[-83.742256,42.267744],[-83.742258,42.267741],[-83.74226,42.267737],[-83.74226,42.267732],[-83.74226,42.267728],[-83.742258,42.267724],[-83.742256,42.26772],[-83.742253,42.267717],[-83.742249,42.267714],[-83.742244,42.267711],[-83.742239,42.267709],[-83.742233,42.267708],[-83.742227,42.267708],[-83.742222,42.267708],[-83.742216,42.267709],[-83.742211,42.267711],[-83.742206,42.267713],[-83.742202,42.267716],[-83.742199,42.26772],[-83.742196,42.267724],[-83.742195,42.267728],[-83.742194,42.267732]]},"properties":{"Layer":"CM-ATHL"}},{"type":"Feature","geometry":{"type":"LineString","coordinates":[[-83.742408,42.267842],[-83.742408,42.267838],[-83.742403,42.267838],[-83.742403,42.267842],[-83.742408,42.267842]]},"properties":{"Layer":"CM-ATHL"}},{"type":"Feature","geometry":{"type":"LineString","coordinates":[[-83.742399,42.267597],[-83.742394,42.267597],[-83.742394,42.267601],[-83.742399,42.267601],[-83.742399,42.267597]]},"properties":{"Layer":"CM-ATHL"}},{"type":"Feature","geometry":{"type":"LineString","coordinates":[[-83.742068,42.267605],[-83.742068,42.267601],[-83.742073,42.267601],[-83.742073,42.267605],[-83.742068,42.267605]]},"properties":{"Layer":"CM-ATHL"}},{"type":"Feature","geometry":{"type":"LineString","coordinates":[[-83.742984,42.268598],[-83.742984,42.268598]]},"properties":{"Layer":"CM-ATHL"}},{"type":"Feature","geometry":{"type":"MultiLineString","coordinates":[[[-83.742974,42.268484],[-83.741619,42.26852],[-83.741617,42.26852],[-83.741608,42.26852],[-83.741611,42.268576],[-83.741568,42.268596],[-83.741529,42.268623],[-83.741494,42.268654],[-83.741464,42.268691],[-83.741439,42.268731],[-83.74142,42.268775],[-83.741408,42.26882],[-83.741403,42.268868],[-83.741404,42.268915],[-83.741413,42.268961],[-83.741428,42.269006],[-83.741449,42.269049],[-83.741476,42.269087],[-83.741509,42.269122],[-83.741546,42.269151],[-83.741587,42.269175],[-83.741631,42.269192],[-83.741677,42.269204],[-83.741725,42.269219],[-83.741776,42.269229],[-83.741776,42.269229],[-83.741842,42.269237],[-83.741874,42.269238],[-83.741879,42.269238],[-83.741879,42.269236],[-83.742012,42.269233],[-83.742012,42.269235],[-83.742091,42.269233],[-83.742367,42.269226],[-83.742412,42.269225],[-83.742769,42.269215],[-83.742802,42.269215],[-83.743085,42.269207],[-83.743099,42.269207],[-83.743105,42.269207],[-83.743162,42.269204],[-83.743217,42.269197],[-83.743217,42.269197],[-83.743273,42.269184],[-83.743326,42.269168],[-83.743377,42.269145],[-83.743426,42.269117],[-83.74347,42.269083],[-83.743511,42.269045],[-83.743511,42.269045],[-83.74352,42.269034],[-83.74352,42.269033],[-83.743541,42.269006],[-83.743563,42.268968],[-83.743579,42.268928],[-83.743588,42.268885],[-83.743591,42.268842],[-83.74359,42.268814],[-83.743586,42.268785],[-83.743586,42.268785],[-83.74358,42.268761],[-83.74358,42.268761],[-83.743575,42.268746],[-83.743561,42.268714],[-83.743543,42.268684],[-83.743513,42.268645],[-83.743478,42.268611],[-83.74344,42.26858],[-83.743398,42.268554],[-83.743534,42.26855],[-83.743529,42.268469],[-83.742974,42.268484]],[[-83.743307,42.268619],[-83.743315,42.268625],[-83.743335,42.268643],[-83.743354,42.268663],[-83.743371,42.268684],[-83.743386,42.268708],[-83.743399,42.268733],[-83.743409,42.268758],[-83.743417,42.268785],[-83.743422,42.268812],[-83.743424,42.26884],[-83.743424,42.268867],[-83.743423,42.268874],[-83.743422,42.268887],[-83.743421,42.268895],[-83.743416,42.268922],[-83.743408,42.268948],[-83.743398,42.268973],[-83.743385,42.268997],[-83.74337,42.26902],[-83.743353,42.269041],[-83.743334,42.26906],[-83.743313,42.269077],[-83.743291,42.269091],[-83.743267,42.269104],[-83.743242,42.269114],[-83.743216,42.269121],[-83.74319,42.269126],[-83.743163,42.269128],[-83.742483,42.269144],[-83.741947,42.269157],[-83.741914,42.269159],[-83.741852,42.269157],[-83.741793,42.269148],[-83.741735,42.269131],[-83.741683,42.269108],[-83.741635,42.269079],[-83.741595,42.269045],[-83.741563,42.269006],[-83.741539,42.268964],[-83.74153,42.268935],[-83.741525,42.26892],[-83.741525,42.26892],[-83.741521,42.268875],[-83.741526,42.268829],[-83.741541,42.268785],[-83.741565,42.268743],[-83.741599,42.268705],[-83.74164,42.268671],[-83.741687,42.268643],[-83.741741,42.26862],[-83.741798,42.268605],[-83.741858,42.268596],[-83.741919,42.268594],[-83.741923,42.268594],[-83.743138,42.268565],[-83.743165,42.268566],[-83.743192,42.268569],[-83.743218,42.268575],[-83.743244,42.268584],[-83.743269,42.268595],[-83.743292,42.268609],[-83.743307,42.268619]]]},"properties":{"Layer":"CM-ATHL"}},{"type":"Feature","geometry":{"type":"MultiLineString","coordinates":[[[-83.742796,42.265112],[-83.74274,42.265113]],[[-83.742796,42.265112],[-83.7428,42.265258]],[[-83.742796,42.265112],[-83.742851,42.265111],[-83.742856,42.265257]],[[-83.74274,42.265113],[-83.742685,42.265114]],[[-83.74274,42.265113],[-83.742745,42.265259]],[[-83.742685,42.265114],[-83.74263,42.265115]],[[-83.742685,42.265114],[-83.74269,42.26526]],[[-83.74263,42.265115],[-83.742574,42.265116]],[[-83.74263,42.265115],[-83.742634,42.265261]],[[-83.742574,42.265116],[-83.742519,42.265117]],[[-83.742574,42.265116],[-83.742579,42.265262]],[[-83.742519,42.265117],[-83.742523,42.265263]],[[-83.742519,42.265117],[-83.742463,42.265118],[-83.742477,42.265557],[-83.742533,42.265556]],[[-83.742908,42.265159],[-83.742911,42.265256]],[[-83.742917,42.265256],[-83.742911,42.265256]],[[-83.742911,42.265256],[-83.742906,42.265256]],[[-83.742911,42.265256],[-83.742916,42.265403]],[[-83.742861,42.265257],[-83.742856,42.265257]],[[-83.742856,42.265257],[-83.74285,42.265257]],[[-83.742856,42.265257],[-83.74286,42.265404]],[[-83.742806,42.265258],[-83.7428,42.265258]],[[-83.7428,42.265258],[-83.742795,42.265258]],[[-83.7428,42.265258],[-83.742805,42.265405]],[[-83.742751,42.265259],[-83.742745,42.265259]],[[-83.742745,42.265259],[-83.74274,42.265259]],[[-83.742745,42.265259],[-83.74275,42.265406]],[[-83.742695,42.26526],[-83.74269,42.26526]],[[-83.74269,42.26526],[-83.742684,42.26526]],[[-83.74269,42.26526],[-83.742694,42.265406]],[[-83.74264,42.265261],[-83.742634,42.265261]],[[-83.742634,42.265261],[-83.742629,42.265261]],[[-83.742634,42.265261],[-83.742639,42.265407]],[[-83.742584,42.265262],[-83.742579,42.265262]],[[-83.742579,42.265262],[-83.742573,42.265262]],[[-83.742579,42.265262],[-83.742583,42.265408]],[[-83.742529,42.265263],[-83.742523,42.265263]],[[-83.742523,42.265263],[-83.742518,42.265263]],[[-83.742523,42.265263],[-83.742528,42.265409]],[[-83.742503,42.265328],[-83.742504,42.265345]],[[-83.742921,42.265403],[-83.742916,42.265403]],[[-83.742916,42.265403],[-83.74291,42.265403]],[[-83.742916,42.265403],[-83.74292,42.265549],[-83.742865,42.26555]],[[-83.742866,42.265404],[-83.74286,42.265404]],[[-83.74286,42.265404],[-83.742855,42.265404]],[[-83.74286,42.265404],[-83.742865,42.26555]],[[-83.742811,42.265405],[-83.742805,42.265405]],[[-83.742805,42.265405],[-83.742799,42.265405]],[[-83.742805,42.265405],[-83.74281,42.265551]],[[-83.742755,42.265405],[-83.74275,42.265406]],[[-83.74275,42.265406],[-83.742744,42.265406]],[[-83.74275,42.265406],[-83.742754,42.265552]],[[-83.7427,42.265406],[-83.742694,42.265406]],[[-83.742694,42.265406],[-83.742689,42.265407]],[[-83.742694,42.265406],[-83.742699,42.265553]],[[-83.742644,42.265407],[-83.742639,42.265407]],[[-83.742639,42.265407],[-83.742633,42.265408]],[[-83.742639,42.265407],[-83.742643,42.265554]],[[-83.742589,42.265408],[-83.742583,42.265408]],[[-83.742583,42.265408],[-83.742578,42.265408]],[[-83.742583,42.265408],[-83.742588,42.265555]],[[-83.742534,42.265409],[-83.742528,42.265409]],[[-83.742528,42.265409],[-83.742522,42.265409]],[[-83.742528,42.265409],[-83.742533,42.265556]],[[-83.74281,42.265551],[-83.742865,42.26555]],[[-83.742754,42.265552],[-83.74281,42.265551]],[[-83.742699,42.265553],[-83.742754,42.265552]],[[-83.742643,42.265554],[-83.742699,42.265553]],[[-83.742588,42.265555],[-83.742643,42.265554]],[[-83.742533,42.265556],[-83.742588,42.265555]]]},"properties":{"Layer":"CM-ATHL"}},{"type":"Feature","geometry":{"type":"MultiLineString","coordinates":[[[-83.742675,42.264808],[-83.74268,42.264807]],[[-83.742675,42.264808],[-83.742674,42.264776]],[[-83.742669,42.264808],[-83.742675,42.264808]],[[-83.742619,42.264809],[-83.742625,42.264809]],[[-83.742619,42.264809],[-83.742617,42.26475]],[[-83.742614,42.264809],[-83.742619,42.264809]],[[-83.742564,42.26481],[-83.742569,42.26481]],[[-83.742564,42.26481],[-83.742561,42.264736]],[[-83.742558,42.26481],[-83.742564,42.26481]],[[-83.742508,42.264811],[-83.742514,42.264811]],[[-83.742508,42.264811],[-83.742503,42.264665],[-83.742448,42.264666],[-83.742453,42.264812]],[[-83.742503,42.264811],[-83.742508,42.264811]],[[-83.742453,42.264812],[-83.742459,42.264812]],[[-83.742447,42.264812],[-83.742453,42.264812]],[[-83.74268,42.264954],[-83.742685,42.264954]],[[-83.74268,42.264954],[-83.742675,42.264808]],[[-83.742674,42.264954],[-83.74268,42.264954]],[[-83.742624,42.264955],[-83.74263,42.264955]],[[-83.742624,42.264955],[-83.742619,42.264809]],[[-83.742619,42.264955],[-83.742624,42.264955]],[[-83.742569,42.264956],[-83.742574,42.264956]],[[-83.742569,42.264956],[-83.742564,42.26481]],[[-83.742563,42.264956],[-83.742569,42.264956]],[[-83.742514,42.264957],[-83.742519,42.264957]],[[-83.742514,42.264957],[-83.742508,42.264811]],[[-83.742508,42.264957],[-83.742514,42.264957]],[[-83.742458,42.264958],[-83.742464,42.264958]],[[-83.742458,42.264958],[-83.742453,42.264812]],[[-83.742458,42.264958],[-83.742463,42.265104],[-83.742519,42.265103]],[[-83.742453,42.264958],[-83.742458,42.264958]],[[-83.742685,42.2651],[-83.74274,42.265099],[-83.742731,42.264862]],[[-83.742685,42.2651],[-83.74268,42.264954]],[[-83.742685,42.2651],[-83.742685,42.2651]],[[-83.742629,42.265101],[-83.742685,42.2651]],[[-83.742629,42.265101],[-83.742624,42.264955]],[[-83.742629,42.265101],[-83.742629,42.265101]],[[-83.742574,42.265102],[-83.742629,42.265101]],[[-83.742574,42.265102],[-83.742569,42.264956]],[[-83.742574,42.265102],[-83.742574,42.265102]],[[-83.742519,42.265103],[-83.742574,42.265102]],[[-83.742519,42.265103],[-83.742514,42.264957]]]},"properties":{"Layer":"CM-ATHL"}},{"type":"Feature","geometry":{"type":"LineString","coordinates":[[-83.749351,42.253141],[-83.7493,42.252194],[-83.74847,42.252218],[-83.74852,42.253165],[-83.749351,42.253141]]},"properties":{"Layer":"CM-ATHL"}},{"type":"Feature","geometry":{"type":"LineString","coordinates":[[-83.749178,42.253146],[-83.749171,42.252997]]},"properties":{"Layer":"CM-ATHL"}},{"type":"Feature","geometry":{"type":"LineString","coordinates":[[-83.749171,42.252997],[-83.748684,42.253012]]},"properties":{"Layer":"CM-ATHL"}},{"type":"Feature","geometry":{"type":"LineString","coordinates":[[-83.748684,42.253012],[-83.748691,42.25316]]},"properties":{"Layer":"CM-ATHL"}},{"type":"Feature","geometry":{"type":"LineString","coordinates":[[-83.749046,42.25315],[-83.749043,42.2531]]},"properties":{"Layer":"CM-ATHL"}},{"type":"Feature","geometry":{"type":"LineString","coordinates":[[-83.749043,42.2531],[-83.748822,42.253106]]},"properties":{"Layer":"CM-ATHL"}},{"type":"Feature","geometry":{"type":"LineString","coordinates":[[-83.748824,42.253156],[-83.748822,42.253106]]},"properties":{"Layer":"CM-ATHL"}},{"type":"Feature","geometry":{"type":"LineString","coordinates":[[-83.749016,42.253002],[-83.749003,42.252992],[-83.748988,42.252983],[-83.748971,42.252977],[-83.748953,42.252973],[-83.748935,42.252971],[-83.748916,42.252972],[-83.748898,42.252975],[-83.74888,42.25298],[-83.748864,42.252987],[-83.74885,42.252996],[-83.748839,42.253007]]},"properties":{"Layer":"CM-ATHL"}},{"type":"Feature","geometry":{"type":"LineString","coordinates":[[-83.749325,42.252666],[-83.748495,42.252691]]},"properties":{"Layer":"CM-ATHL"}},{"type":"Feature","geometry":{"type":"LineString","coordinates":[[-83.748909,42.252761],[-83.74889,42.252759],[-83.748871,42.252756],[-83.748854,42.252749],[-83.748838,42.252741],[-83.748825,42.252731],[-83.748814,42.252719],[-83.748806,42.252706],[-83.748801,42.252692],[-83.748799,42.252678],[-83.748801,42.252664],[-83.748806,42.25265],[-83.748814,42.252637],[-83.748826,42.252625],[-83.748839,42.252615],[-83.748855,42.252607],[-83.748873,42.252601],[-83.748891,42.252598],[-83.748911,42.252596],[-83.74893,42.252598],[-83.748949,42.252602],[-83.748966,42.252608],[-83.748982,42.252616],[-83.748995,42.252626],[-83.749006,42.252638],[-83.749014,42.252651],[-83.749019,42.252665],[-83.749021,42.252679],[-83.749019,42.252693],[-83.749014,42.252707],[-83.749005,42.25272],[-83.748994,42.252732],[-83.74898,42.252742],[-83.748965,42.25275],[-83.748947,42.252756],[-83.748928,42.25276],[-83.748909,42.252761]]},"properties":{"Layer":"CM-ATHL"}},{"type":"Feature","geometry":{"type":"LineString","coordinates":[[-83.749128,42.252199],[-83.749136,42.252346]]},"properties":{"Layer":"CM-ATHL"}},{"type":"Feature","geometry":{"type":"LineString","coordinates":[[-83.749136,42.252346],[-83.748649,42.252361]]},"properties":{"Layer":"CM-ATHL"}},{"type":"Feature","geometry":{"type":"LineString","coordinates":[[-83.748649,42.252361],[-83.74864,42.252213]]},"properties":{"Layer":"CM-ATHL"}},{"type":"Feature","geometry":{"type":"LineString","coordinates":[[-83.748995,42.252203],[-83.748997,42.252251]]},"properties":{"Layer":"CM-ATHL"}},{"type":"Feature","geometry":{"type":"LineString","coordinates":[[-83.748997,42.252251],[-83.748776,42.252259]]},"properties":{"Layer":"CM-ATHL"}},{"type":"Feature","geometry":{"type":"LineString","coordinates":[[-83.748776,42.252259],[-83.748773,42.252209]]},"properties":{"Layer":"CM-ATHL"}},{"type":"Feature","geometry":{"type":"LineString","coordinates":[[-83.748981,42.252351],[-83.748969,42.252362],[-83.748955,42.252371],[-83.748939,42.252378],[-83.748921,42.252384],[-83.748903,42.252386],[-83.748884,42.252387],[-83.748866,42.252385],[-83.748848,42.252381],[-83.748831,42.252375],[-83.748816,42.252366],[-83.748803,42.252356]]},"properties":{"Layer":"CM-ATHL"}},{"type":"Feature","geometry":{"type":"LineString","coordinates":[[-83.747213,42.253205],[-83.747163,42.252258],[-83.746333,42.252282],[-83.746383,42.253229],[-83.747213,42.253205]]},"properties":{"Layer":"CM-ATHL"}},{"type":"Feature","geometry":{"type":"LineString","coordinates":[[-83.747042,42.253212],[-83.747033,42.253061]]},"properties":{"Layer":"CM-ATHL"}},{"type":"Feature","geometry":{"type":"LineString","coordinates":[[-83.747033,42.253061],[-83.746547,42.253075]]},"properties":{"Layer":"CM-ATHL"}},{"type":"Feature","geometry":{"type":"LineString","coordinates":[[-83.746547,42.253075],[-83.746556,42.253224]]},"properties":{"Layer":"CM-ATHL"}},{"type":"Feature","geometry":{"type":"LineString","coordinates":[[-83.746909,42.253214],[-83.746907,42.253163],[-83.746686,42.25317],[-83.746687,42.25322]]},"properties":{"Layer":"CM-ATHL"}},{"type":"Feature","geometry":{"type":"LineString","coordinates":[[-83.746879,42.253065],[-83.746866,42.253056],[-83.746851,42.253048],[-83.746835,42.253042],[-83.746817,42.253038],[-83.746799,42.253036],[-83.74678,42.253036],[-83.746762,42.253039],[-83.746745,42.253044],[-83.746729,42.253051],[-83.746715,42.25306],[-83.746703,42.253071]]},"properties":{"Layer":"CM-ATHL"}},{"type":"Feature","geometry":{"type":"LineString","coordinates":[[-83.747188,42.252731],[-83.746358,42.252755]]},"properties":{"Layer":"CM-ATHL"}},{"type":"Feature","geometry":{"type":"LineString","coordinates":[[-83.746772,42.252826],[-83.746753,42.252824],[-83.746734,42.25282],[-83.746717,42.252814],[-83.746701,42.252806],[-83.746688,42.252796],[-83.746677,42.252784],[-83.746669,42.252771],[-83.746664,42.252757],[-83.746662,42.252743],[-83.746664,42.252728],[-83.746669,42.252715],[-83.746677,42.252702],[-83.746689,42.25269],[-83.746702,42.25268],[-83.746718,42.252672],[-83.746736,42.252666],[-83.746754,42.252662],[-83.746774,42.252661],[-83.746793,42.252662],[-83.746812,42.252666],[-83.746829,42.252672],[-83.746845,42.252681],[-83.746858,42.252691],[-83.746869,42.252703],[-83.746877,42.252716],[-83.746882,42.25273],[-83.746884,42.252744],[-83.746882,42.252758],[-83.746877,42.252772],[-83.746868,42.252785],[-83.746857,42.252797],[-83.746843,42.252807],[-83.746828,42.252815],[-83.74681,42.252821],[-83.746791,42.252824],[-83.746772,42.252826]]},"properties":{"Layer":"CM-ATHL"}},{"type":"Feature","geometry":{"type":"LineString","coordinates":[[-83.746991,42.252263],[-83.746999,42.252411],[-83.746511,42.252425],[-83.746503,42.252277]]},"properties":{"Layer":"CM-ATHL"}},{"type":"Feature","geometry":{"type":"LineString","coordinates":[[-83.746858,42.252267],[-83.746861,42.252317],[-83.746639,42.252325],[-83.746636,42.252273]]},"properties":{"Layer":"CM-ATHL"}},{"type":"Feature","geometry":{"type":"LineString","coordinates":[[-83.746844,42.252415],[-83.746832,42.252426],[-83.746818,42.252435],[-83.746802,42.252443],[-83.746785,42.252448],[-83.746767,42.252451],[-83.746748,42.252451],[-83.74673,42.25245],[-83.746712,42.252445],[-83.746695,42.252439],[-83.74668,42.252431],[-83.746667,42.252421]]},"properties":{"Layer":"CM-ATHL"}},{"type":"Feature","geometry":{"type":"LineString","coordinates":[[-83.745822,42.253149],[-83.745784,42.252429],[-83.744952,42.252453],[-83.744991,42.253173],[-83.745822,42.253149]]},"properties":{"Layer":"CM-ATHL"}},{"type":"Feature","geometry":{"type":"LineString","coordinates":[[-83.74565,42.253154],[-83.745642,42.253005],[-83.745155,42.253019],[-83.745162,42.253168]]},"properties":{"Layer":"CM-ATHL"}},{"type":"Feature","geometry":{"type":"LineString","coordinates":[[-83.745516,42.253158],[-83.745514,42.253108],[-83.745292,42.253113],[-83.745294,42.253164]]},"properties":{"Layer":"CM-ATHL"}},{"type":"Feature","geometry":{"type":"LineString","coordinates":[[-83.745611,42.252434],[-83.74562,42.252583],[-83.745133,42.252598],[-83.745122,42.252448]]},"properties":{"Layer":"CM-ATHL"}},{"type":"Feature","geometry":{"type":"LineString","coordinates":[[-83.745479,42.252438],[-83.745479,42.252488],[-83.745259,42.25249],[-83.745256,42.252444]]},"properties":{"Layer":"CM-ATHL"}},{"type":"Feature","geometry":{"type":"LineString","coordinates":[[-83.745463,42.252588],[-83.745451,42.252598],[-83.745437,42.252607],[-83.745421,42.252614],[-83.745404,42.252619],[-83.745386,42.252622],[-83.745368,42.252622],[-83.74535,42.25262],[-83.745333,42.252617],[-83.745316,42.252611],[-83.745301,42.252603],[-83.745288,42.252593]]},"properties":{"Layer":"CM-ATHL"}},{"type":"Feature","geometry":{"type":"LineString","coordinates":[[-83.745486,42.253009],[-83.745473,42.253],[-83.745458,42.252992],[-83.745442,42.252986],[-83.745424,42.252982],[-83.745406,42.25298],[-83.745388,42.25298],[-83.74537,42.252983],[-83.745353,42.252988],[-83.745337,42.252995],[-83.745323,42.253004],[-83.745312,42.253015]]},"properties":{"Layer":"CM-ATHL"}},{"type":"Feature","geometry":{"type":"MultiLineString","coordinates":[[[-83.741474,42.263241],[-83.741751,42.263234],[-83.741755,42.263332]],[[-83.741197,42.263248],[-83.741474,42.263241]],[[-83.74092,42.263255],[-83.741197,42.263248]],[[-83.741755,42.263332],[-83.741761,42.263464]],[[-83.740648,42.263361],[-83.740643,42.263262],[-83.74092,42.263255]],[[-83.740648,42.263361],[-83.740681,42.263364],[-83.740714,42.26337],[-83.740744,42.263381],[-83.740772,42.263395],[-83.740796,42.263412],[-83.740816,42.263433],[-83.740831,42.263455],[-83.740841,42.263479],[-83.740845,42.263504],[-83.740843,42.263529],[-83.740836,42.263554],[-83.740823,42.263577],[-83.740805,42.263598],[-83.740783,42.263617],[-83.740756,42.263633],[-83.740727,42.263645],[-83.740695,42.263653],[-83.740662,42.263657]],[[-83.741761,42.263464],[-83.741763,42.263497]],[[-83.741763,42.263497],[-83.741778,42.263497],[-83.741776,42.263464],[-83.741761,42.263464]],[[-83.741763,42.263497],[-83.741769,42.263629]],[[-83.740654,42.263493],[-83.740648,42.263361]],[[-83.740655,42.263526],[-83.740654,42.263493]],[[-83.740655,42.263526],[-83.740641,42.263526],[-83.740639,42.263493],[-83.740654,42.263493]],[[-83.741769,42.263629],[-83.741736,42.263626],[-83.741704,42.263619],[-83.741674,42.263608],[-83.741646,42.263594],[-83.741623,42.263576],[-83.741603,42.263556],[-83.741589,42.263534],[-83.741579,42.26351],[-83.741575,42.263485],[-83.741577,42.263461],[-83.741584,42.263436],[-83.741597,42.263413],[-83.741614,42.263392],[-83.741636,42.263373],[-83.741662,42.263358],[-83.741691,42.263345],[-83.741722,42.263337],[-83.741755,42.263332]],[[-83.741769,42.263629],[-83.741774,42.263727],[-83.741497,42.263734]],[[-83.740662,42.263657],[-83.740655,42.263526]],[[-83.741497,42.263734],[-83.741474,42.263241]],[[-83.741497,42.263734],[-83.74122,42.263742]],[[-83.74122,42.263742],[-83.741197,42.263248]],[[-83.74122,42.263742],[-83.740943,42.263749]],[[-83.740943,42.263749],[-83.74092,42.263255]],[[-83.740943,42.263749],[-83.740666,42.263756],[-83.740662,42.263657]]]},"properties":{"Layer":"CM-ATHL"}},{"type":"Feature","geometry":{"type":"LineString","coordinates":[[-83.741816,42.263756],[-83.740627,42.263787],[-83.740601,42.263233]]},"properties":{"Layer":"CM-ATHL"}},{"type":"Feature","geometry":{"type":"LineString","coordinates":[[-83.741816,42.263756],[-83.74179,42.263214]]},"properties":{"Layer":"CM-ATHL"}},{"type":"Feature","geometry":{"type":"LineString","coordinates":[[-83.740601,42.263233],[-83.741784,42.263203]]},"properties":{"Layer":"CM-ATHL"}},{"type":"Feature","geometry":{"type":"LineString","coordinates":[[-83.740626,42.25204],[-83.739909,42.25205],[-83.739877,42.251063],[-83.740593,42.251052],[-83.740626,42.25204]]},"properties":{"Layer":"CM-ATHL"}},{"type":"Feature","geometry":{"type":"LineString","coordinates":[[-83.740596,42.251999],[-83.739934,42.252009],[-83.739906,42.251103],[-83.740567,42.251094],[-83.740596,42.251999]]},"properties":{"Layer":"CM-ATHL"}},{"type":"Feature","geometry":{"type":"LineString","coordinates":[[-83.740622,42.251957],[-83.739906,42.251968]]},"properties":{"Layer":"CM-ATHL"}},{"type":"Feature","geometry":{"type":"LineString","coordinates":[[-83.740265,42.251974],[-83.74036,42.2519]]},"properties":{"Layer":"CM-ATHL"}},{"type":"Feature","geometry":{"type":"LineString","coordinates":[[-83.740265,42.251974],[-83.740165,42.251903]]},"properties":{"Layer":"CM-ATHL"}},{"type":"Feature","geometry":{"type":"LineString","coordinates":[[-83.740393,42.251961],[-83.740384,42.25194],[-83.740372,42.251921],[-83.740357,42.251904],[-83.740339,42.25189],[-83.740319,42.251879],[-83.740297,42.251872],[-83.740275,42.251868],[-83.740252,42.251868],[-83.74023,42.251873],[-83.740208,42.251881],[-83.740189,42.251892],[-83.740171,42.251907],[-83.740156,42.251924],[-83.740145,42.251943],[-83.740136,42.251965]]},"properties":{"Layer":"CM-ATHL"}},{"type":"Feature","geometry":{"type":"LineString","coordinates":[[-83.74044,42.25196],[-83.740428,42.251931],[-83.740412,42.251905],[-83.740391,42.251881],[-83.740366,42.251862],[-83.740339,42.251847],[-83.740309,42.251837],[-83.740278,42.251832],[-83.740247,42.251833],[-83.740216,42.251839],[-83.740187,42.25185],[-83.74016,42.251865],[-83.740136,42.251885],[-83.740116,42.251909],[-83.7401,42.251936],[-83.740089,42.251965]]},"properties":{"Layer":"CM-ATHL"}},{"type":"Feature","geometry":{"type":"LineString","coordinates":[[-83.74028,42.251962],[-83.740279,42.25196],[-83.740277,42.251958],[-83.740276,42.251956],[-83.740273,42.251954],[-83.740271,42.251953],[-83.740269,42.251952],[-83.740266,42.251951],[-83.740263,42.251951],[-83.74026,42.251952],[-83.740258,42.251953],[-83.740256,42.251954],[-83.740253,42.251956],[-83.740252,42.251958],[-83.74025,42.25196],[-83.740249,42.251962],[-83.74025,42.251965],[-83.740252,42.251967],[-83.740253,42.251969],[-83.740255,42.251971],[-83.740258,42.251972],[-83.74026,42.251973],[-83.740263,42.251974],[-83.740266,42.251974],[-83.740268,42.251973],[-83.740271,42.251972],[-83.740273,42.251971],[-83.740276,42.251969],[-83.740277,42.251967],[-83.740279,42.251965],[-83.74028,42.251962]]},"properties":{"Layer":"CM-ATHL"}},{"type":"Feature","geometry":{"type":"LineString","coordinates":[[-83.740295,42.25188],[-83.740293,42.251886],[-83.74029,42.251891],[-83.740286,42.251896],[-83.740282,42.251899],[-83.740277,42.251902],[-83.740271,42.251904],[-83.740266,42.251905],[-83.74026,42.251906],[-83.740254,42.251905],[-83.740248,42.251903],[-83.740243,42.2519],[-83.740239,42.251896],[-83.740235,42.251892],[-83.740232,42.251887],[-83.74023,42.251881],[-83.740231,42.251876],[-83.740234,42.251871],[-83.740238,42.251867],[-83.740242,42.251863],[-83.740246,42.25186],[-83.740251,42.251857],[-83.740257,42.251856],[-83.740262,42.251856],[-83.740268,42.251856],[-83.740273,42.251857],[-83.740278,42.251859],[-83.740283,42.251862],[-83.740287,42.251866],[-83.74029,42.25187],[-83.740293,42.251875],[-83.740295,42.25188]]},"properties":{"Layer":"CM-ATHL"}},{"type":"Feature","geometry":{"type":"LineString","coordinates":[[-83.740486,42.252001],[-83.740474,42.251613]]},"properties":{"Layer":"CM-ATHL"}},{"type":"Feature","geometry":{"type":"LineString","coordinates":[[-83.740045,42.252007],[-83.740033,42.251621]]},"properties":{"Layer":"CM-ATHL"}},{"type":"Feature","geometry":{"type":"LineString","coordinates":[[-83.740615,42.251711],[-83.739898,42.251721]]},"properties":{"Layer":"CM-ATHL"}},{"type":"Feature","geometry":{"type":"LineString","coordinates":[[-83.74061,42.251546],[-83.739893,42.251557]]},"properties":{"Layer":"CM-ATHL"}},{"type":"Feature","geometry":{"type":"LineString","coordinates":[[-83.740362,42.25155],[-83.740355,42.251568],[-83.740345,42.251585],[-83.740332,42.2516],[-83.740317,42.251613],[-83.7403,42.251623],[-83.740282,42.25163],[-83.740262,42.251633],[-83.740243,42.251634],[-83.740223,42.25163],[-83.740205,42.251624],[-83.740188,42.251615],[-83.740172,42.251603],[-83.740159,42.251588],[-83.740149,42.251571],[-83.740141,42.251553],[-83.740148,42.251535],[-83.740158,42.251518],[-83.740171,42.251503],[-83.740186,42.25149],[-83.740203,42.25148],[-83.740221,42.251474],[-83.740241,42.25147],[-83.74026,42.25147],[-83.74028,42.251473],[-83.740298,42.251479],[-83.740316,42.251488],[-83.740331,42.251501],[-83.740344,42.251515],[-83.740355,42.251532],[-83.740362,42.25155]]},"properties":{"Layer":"CM-ATHL"}},{"type":"Feature","geometry":{"type":"LineString","coordinates":[[-83.740616,42.251752],[-83.740655,42.251752],[-83.740646,42.251504],[-83.740608,42.251505]]},"properties":{"Layer":"CM-ATHL"}},{"type":"Feature","geometry":{"type":"LineString","coordinates":[[-83.740474,42.251613],[-83.740466,42.251383]]},"properties":{"Layer":"CM-ATHL"}},{"type":"Feature","geometry":{"type":"LineString","coordinates":[[-83.740033,42.251621],[-83.740026,42.25139]]},"properties":{"Layer":"CM-ATHL"}},{"type":"Feature","geometry":{"type":"LineString","coordinates":[[-83.740604,42.251381],[-83.739887,42.251392]]},"properties":{"Layer":"CM-ATHL"}},{"type":"Feature","geometry":{"type":"LineString","coordinates":[[-83.740646,42.251504],[-83.740642,42.25134],[-83.740575,42.25134]]},"properties":{"Layer":"CM-ATHL"}},{"type":"Feature","geometry":{"type":"LineString","coordinates":[[-83.740646,42.251504],[-83.740581,42.251506]]},"properties":{"Layer":"CM-ATHL"}},{"type":"Feature","geometry":{"type":"LineString","coordinates":[[-83.740596,42.251135],[-83.73988,42.251145]]},"properties":{"Layer":"CM-ATHL"}},{"type":"Feature","geometry":{"type":"LineString","coordinates":[[-83.740466,42.251383],[-83.740457,42.251095]]},"properties":{"Layer":"CM-ATHL"}},{"type":"Feature","geometry":{"type":"LineString","coordinates":[[-83.740026,42.25139],[-83.740016,42.251102]]},"properties":{"Layer":"CM-ATHL"}},{"type":"Feature","geometry":{"type":"LineString","coordinates":[[-83.740237,42.251128],[-83.740142,42.251203]]},"properties":{"Layer":"CM-ATHL"}},{"type":"Feature","geometry":{"type":"LineString","coordinates":[[-83.740237,42.251128],[-83.740338,42.2512]]},"properties":{"Layer":"CM-ATHL"}},{"type":"Feature","geometry":{"type":"LineString","coordinates":[[-83.740366,42.251138],[-83.740358,42.251159],[-83.740346,42.251179],[-83.740332,42.251196],[-83.740314,42.251211],[-83.740294,42.251223],[-83.740273,42.251231],[-83.740251,42.251235],[-83.740228,42.251235],[-83.740205,42.251231],[-83.740184,42.251224],[-83.740164,42.251213],[-83.740146,42.251199],[-83.740131,42.251182],[-83.740119,42.251163],[-83.74011,42.251142]]},"properties":{"Layer":"CM-ATHL"}},{"type":"Feature","geometry":{"type":"LineString","coordinates":[[-83.740413,42.251137],[-83.740402,42.251167],[-83.740386,42.251194],[-83.740366,42.251218],[-83.740342,42.251238],[-83.740315,42.251253],[-83.740286,42.251264],[-83.740255,42.25127],[-83.740224,42.251271],[-83.740193,42.251266],[-83.740163,42.251256],[-83.740136,42.251241],[-83.740111,42.251221],[-83.74009,42.251198],[-83.740074,42.251171],[-83.740062,42.251142]]},"properties":{"Layer":"CM-ATHL"}},{"type":"Feature","geometry":{"type":"LineString","coordinates":[[-83.740274,42.251222],[-83.740272,42.251228],[-83.740268,42.251233],[-83.740265,42.251237],[-83.74026,42.251241],[-83.740255,42.251244],[-83.740249,42.251246],[-83.740243,42.251247],[-83.740238,42.251247],[-83.740232,42.251246],[-83.740226,42.251244],[-83.740221,42.251241],[-83.740216,42.251238],[-83.740212,42.251233],[-83.740209,42.251228],[-83.740207,42.251223],[-83.740209,42.251217],[-83.740212,42.251212],[-83.740216,42.251208],[-83.74022,42.251204],[-83.740226,42.251201],[-83.740231,42.251199],[-83.740237,42.251197],[-83.740243,42.251197],[-83.740249,42.251198],[-83.740255,42.2512],[-83.74026,42.251203],[-83.740265,42.251207],[-83.740268,42.251212],[-83.740272,42.251217],[-83.740274,42.251222]]},"properties":{"Layer":"CM-ATHL"}},{"type":"Feature","geometry":{"type":"LineString","coordinates":[[-83.740237,42.251151],[-83.740236,42.251151],[-83.740234,42.251151],[-83.740232,42.251151],[-83.74023,42.251151],[-83.740228,42.25115],[-83.740226,42.251149],[-83.740225,42.251147],[-83.740224,42.251145],[-83.740223,42.251144],[-83.740223,42.251142],[-83.740223,42.25114],[-83.740223,42.251138],[-83.740223,42.251136],[-83.740224,42.251134],[-83.740225,42.251133],[-83.740226,42.251131],[-83.740228,42.25113],[-83.74023,42.251129],[-83.740231,42.251128],[-83.740233,42.251128],[-83.740235,42.251128],[-83.740237,42.251128],[-83.740239,42.251128],[-83.740241,42.251128],[-83.740243,42.251128],[-83.740245,42.251129],[-83.740247,42.25113],[-83.740249,42.251131],[-83.74025,42.251132],[-83.740251,42.251134],[-83.740252,42.251136],[-83.740253,42.251138],[-83.740253,42.25114],[-83.740253,42.251142],[-83.740252,42.251144],[-83.740251,42.251145],[-83.74025,42.251147],[-83.740249,42.251149],[-83.740247,42.25115],[-83.740245,42.251151],[-83.740243,42.251151],[-83.740241,42.251151],[-83.740239,42.251151],[-83.740237,42.251151]]},"properties":{"Layer":"CM-ATHL"}},{"type":"Feature","geometry":{"type":"MultiLineString","coordinates":[[[-83.7409,42.24942],[-83.740885,42.249421]],[[-83.740885,42.249421],[-83.74087,42.249421]],[[-83.74087,42.249421],[-83.740856,42.249421]],[[-83.740856,42.249421],[-83.740841,42.249421]],[[-83.740841,42.249421],[-83.740826,42.249422]],[[-83.740826,42.249422],[-83.740811,42.249422]],[[-83.740811,42.249422],[-83.740796,42.249422]],[[-83.740796,42.249422],[-83.740781,42.249422]],[[-83.740781,42.249422],[-83.740767,42.249422],[-83.740767,42.249431]],[[-83.740767,42.249431],[-83.740782,42.249443]],[[-83.740767,42.249431],[-83.740768,42.249448]],[[-83.740782,42.249443],[-83.740781,42.249422]],[[-83.740782,42.249443],[-83.740797,42.249456]],[[-83.740768,42.249448],[-83.740768,42.249465]],[[-83.740768,42.249448],[-83.740711,42.249409],[-83.740651,42.249375],[-83.740588,42.249348],[-83.740523,42.249327],[-83.740456,42.249312],[-83.740388,42.249304],[-83.740319,42.249303],[-83.740251,42.249309],[-83.740183,42.249321],[-83.740117,42.24934],[-83.740053,42.249365],[-83.739992,42.249396],[-83.739934,42.249433],[-83.739881,42.249476]],[[-83.740797,42.249456],[-83.740796,42.249422]],[[-83.740797,42.249456],[-83.740812,42.249472]],[[-83.740782,42.249461],[-83.740782,42.249443]],[[-83.740782,42.249461],[-83.740768,42.249448]],[[-83.740768,42.249465],[-83.740769,42.249482]],[[-83.740768,42.249465],[-83.740712,42.249424],[-83.740653,42.249389],[-83.74059,42.249361],[-83.740525,42.249338],[-83.740457,42.249323],[-83.740389,42.249315],[-83.74032,42.249313],[-83.740251,42.249319],[-83.740183,42.249332],[-83.740117,42.249351],[-83.740053,42.249377],[-83.739992,42.24941],[-83.739934,42.249448],[-83.739881,42.249493]],[[-83.740812,42.249472],[-83.740811,42.249422]],[[-83.740812,42.249472],[-83.740824,42.249484]],[[-83.739868,42.249471],[-83.739923,42.249429],[-83.739981,42.249392],[-83.740043,42.249361],[-83.740107,42.249335],[-83.740174,42.249316],[-83.740242,42.249303],[-83.740311,42.249297],[-83.74038,42.249297],[-83.740449,42.249304],[-83.740517,42.249317],[-83.740583,42.249336],[-83.740647,42.249362],[-83.740709,42.249393],[-83.740767,42.249431]],[[-83.739853,42.249435],[-83.739869,42.249435],[-83.739882,42.249435],[-83.739881,42.249476]],[[-83.739839,42.249436],[-83.739853,42.249435]],[[-83.740797,42.249476],[-83.740797,42.249456]],[[-83.740797,42.249476],[-83.740782,42.249461]],[[-83.739823,42.249436],[-83.739839,42.249436]],[[-83.739809,42.249436],[-83.739823,42.249436]],[[-83.739794,42.249436],[-83.739809,42.249436]],[[-83.73978,42.249437],[-83.739794,42.249436]],[[-83.739764,42.249437],[-83.73978,42.249437]],[[-83.739749,42.249437],[-83.739764,42.249437]],[[-83.740783,42.249479],[-83.740782,42.249461]],[[-83.740783,42.249479],[-83.740768,42.249465]],[[-83.739881,42.249476],[-83.739868,42.24949]],[[-83.739881,42.249476],[-83.739881,42.249493]],[[-83.740769,42.249482],[-83.740769,42.249485]],[[-83.740769,42.249482],[-83.740717,42.249442],[-83.740662,42.249407],[-83.740604,42.249378],[-83.740543,42.249355],[-83.740481,42.249338],[-83.740417,42.249328],[-83.740352,42.249324],[-83.740287,42.249326],[-83.740222,42.249335],[-83.740159,42.24935],[-83.740098,42.249371],[-83.740039,42.249399],[-83.739983,42.249432],[-83.73993,42.24947],[-83.739882,42.249514]],[[-83.740915,42.249483],[-83.740901,42.249483]],[[-83.740901,42.249483],[-83.7409,42.24942]],[[-83.740901,42.249483],[-83.740887,42.249483]],[[-83.740887,42.249483],[-83.740885,42.249421]],[[-83.740887,42.249483],[-83.740872,42.249483]],[[-83.740872,42.249483],[-83.74087,42.249421]],[[-83.740872,42.249483],[-83.740857,42.249484]],[[-83.740857,42.249484],[-83.740856,42.249421]],[[-83.740857,42.249484],[-83.740842,42.249484]],[[-83.740842,42.249484],[-83.740841,42.249421]],[[-83.740842,42.249484],[-83.740827,42.249484]],[[-83.740827,42.249484],[-83.740826,42.249422]],[[-83.740827,42.249484],[-83.740824,42.249484]],[[-83.740824,42.249484],[-83.740812,42.249484]],[[-83.740824,42.249484],[-83.740827,42.249488]],[[-83.740812,42.249484],[-83.740812,42.249472]],[[-83.740812,42.249484],[-83.740806,42.249484]],[[-83.740806,42.249484],[-83.740797,42.249476]],[[-83.740806,42.249484],[-83.740798,42.249485]],[[-83.740798,42.249485],[-83.740797,42.249476]],[[-83.740798,42.249485],[-83.740788,42.249485]],[[-83.740788,42.249485],[-83.740783,42.249479]],[[-83.740788,42.249485],[-83.740783,42.249485]],[[-83.740783,42.249485],[-83.740783,42.249479]],[[-83.740783,42.249485],[-83.740772,42.249485]],[[-83.740772,42.249485],[-83.740769,42.249482]],[[-83.740772,42.249485],[-83.740769,42.249485]],[[-83.740769,42.249485],[-83.740767,42.249485]],[[-83.740769,42.249485],[-83.740769,42.249502]],[[-83.740827,42.249488],[-83.740827,42.249484]],[[-83.740827,42.249488],[-83.740842,42.249506]],[[-83.739853,42.249486],[-83.739868,42.249471]],[[-83.739853,42.249486],[-83.739853,42.249435]],[[-83.740813,42.249492],[-83.740812,42.249484]],[[-83.740813,42.249492],[-83.740806,42.249484]],[[-83.739868,42.24949],[-83.739868,42.249436]],[[-83.739868,42.24949],[-83.739862,42.249497]],[[-83.740798,42.249495],[-83.740798,42.249485]],[[-83.740798,42.249495],[-83.740788,42.249485]],[[-83.740783,42.249497],[-83.740783,42.249485]],[[-83.740783,42.249497],[-83.740772,42.249485]],[[-83.739881,42.249493],[-83.739881,42.249496]],[[-83.739881,42.249493],[-83.739878,42.249496]],[[-83.739881,42.249496],[-83.739878,42.249496]],[[-83.739881,42.249496],[-83.739882,42.249514]],[[-83.739878,42.249496],[-83.739868,42.249497]],[[-83.739878,42.249496],[-83.739868,42.249507]],[[-83.739868,42.249497],[-83.739868,42.24949]],[[-83.739868,42.249497],[-83.739862,42.249497]],[[-83.739862,42.249497],[-83.739853,42.249497]],[[-83.739862,42.249497],[-83.739853,42.249507]],[[-83.739853,42.249497],[-83.739853,42.249486]],[[-83.739853,42.249497],[-83.739844,42.249497]],[[-83.739844,42.249497],[-83.739853,42.249486]],[[-83.739844,42.249497],[-83.739839,42.249497]],[[-83.739839,42.249497],[-83.739839,42.249436]],[[-83.739839,42.249497],[-83.739823,42.249497]],[[-83.740769,42.249502],[-83.74077,42.249524]],[[-83.740769,42.249502],[-83.740719,42.24946],[-83.740664,42.249424],[-83.740606,42.249393],[-83.740545,42.249369],[-83.740482,42.249351],[-83.740417,42.24934],[-83.740352,42.249336],[-83.740286,42.249338],[-83.740221,42.249347],[-83.740158,42.249363],[-83.740096,42.249386],[-83.740037,42.249415],[-83.739982,42.24945],[-83.73993,42.24949],[-83.739883,42.249536]],[[-83.739823,42.249497],[-83.739823,42.249436]],[[-83.739823,42.249497],[-83.739809,42.249497]],[[-83.739809,42.249497],[-83.739809,42.249436]],[[-83.739809,42.249497],[-83.739794,42.249498]],[[-83.739794,42.249498],[-83.739794,42.249436]],[[-83.739794,42.249498],[-83.739779,42.249498]],[[-83.739779,42.249498],[-83.73978,42.249437]],[[-83.739779,42.249498],[-83.739764,42.249498]],[[-83.739764,42.249498],[-83.739764,42.249437]],[[-83.739764,42.249498],[-83.739749,42.249498]],[[-83.739749,42.249498],[-83.739749,42.249437]],[[-83.739749,42.249498],[-83.739735,42.249499]],[[-83.739735,42.249499],[-83.739736,42.249437],[-83.739749,42.249437]],[[-83.740842,42.249506],[-83.740842,42.249484]],[[-83.740842,42.249506],[-83.740858,42.249528]],[[-83.739839,42.249503],[-83.739844,42.249497]],[[-83.739839,42.249503],[-83.739839,42.249497]],[[-83.740828,42.24951],[-83.740827,42.249488]],[[-83.740828,42.24951],[-83.740813,42.249492]],[[-83.739853,42.249507],[-83.739853,42.249497]],[[-83.739853,42.249507],[-83.739839,42.249524]],[[-83.739868,42.249507],[-83.739868,42.249497]],[[-83.739868,42.249507],[-83.739854,42.249526]],[[-83.740813,42.249513],[-83.740813,42.249492]],[[-83.740813,42.249513],[-83.740798,42.249495]],[[-83.740799,42.249515],[-83.740798,42.249495]],[[-83.740799,42.249515],[-83.740783,42.249497]],[[-83.739882,42.249514],[-83.739869,42.24953]],[[-83.739882,42.249514],[-83.739883,42.249536]],[[-83.740784,42.249519],[-83.740783,42.249497]],[[-83.740784,42.249519],[-83.740769,42.249502]],[[-83.74077,42.249524],[-83.740784,42.249543]],[[-83.74077,42.249524],[-83.74077,42.249547]],[[-83.739824,42.249522],[-83.739839,42.249503]],[[-83.739824,42.249522],[-83.739823,42.249497]],[[-83.740858,42.249528],[-83.740857,42.249484]],[[-83.740858,42.249528],[-83.740873,42.249552]],[[-83.740843,42.24953],[-83.740842,42.249506]],[[-83.740843,42.24953],[-83.740828,42.24951]],[[-83.739839,42.249524],[-83.739839,42.249503]],[[-83.739839,42.249524],[-83.739825,42.249545]],[[-83.739854,42.249526],[-83.739853,42.249507]],[[-83.739854,42.249526],[-83.73984,42.249546]],[[-83.740828,42.249533],[-83.740828,42.24951]],[[-83.740828,42.249533],[-83.740813,42.249513]],[[-83.740814,42.249534],[-83.740813,42.249513]],[[-83.740814,42.249534],[-83.740799,42.249515]],[[-83.739869,42.24953],[-83.739868,42.249507]],[[-83.739869,42.24953],[-83.739854,42.249551]],[[-83.740017,42.249534],[-83.740025,42.249532],[-83.740057,42.249543],[-83.740074,42.249566],[-83.740077,42.249589]],[[-83.740799,42.249539],[-83.740799,42.249515]],[[-83.740799,42.249539],[-83.740784,42.249519]],[[-83.739883,42.249536],[-83.73987,42.249555]],[[-83.739883,42.249536],[-83.739884,42.249559]],[[-83.740784,42.249543],[-83.740784,42.249519]],[[-83.740784,42.249543],[-83.740799,42.249563]],[[-83.739999,42.24954],[-83.740017,42.249534]],[[-83.739999,42.24954],[-83.739985,42.249566],[-83.740008,42.249609]],[[-83.74077,42.249547],[-83.74077,42.249564]],[[-83.74077,42.249547],[-83.740725,42.249503],[-83.740675,42.249464],[-83.740622,42.249431],[-83.740565,42.249404],[-83.740506,42.249383],[-83.740445,42.249368],[-83.740382,42.249361],[-83.740319,42.24936],[-83.740256,42.249366],[-83.740195,42.249378],[-83.740135,42.249398],[-83.740077,42.249423],[-83.740023,42.249455],[-83.739972,42.249493],[-83.739926,42.249535],[-83.739885,42.249583]],[[-83.739811,42.249543],[-83.739824,42.249522]],[[-83.739811,42.249543],[-83.739809,42.249497]],[[-83.739825,42.249545],[-83.739824,42.249522]],[[-83.739825,42.249545],[-83.739812,42.249569]],[[-83.73984,42.249546],[-83.739839,42.249524]],[[-83.73984,42.249546],[-83.739826,42.249569]],[[-83.740873,42.249552],[-83.740872,42.249483]],[[-83.740873,42.249552],[-83.74088,42.249563]],[[-83.740859,42.249554],[-83.740858,42.249528]],[[-83.740859,42.249554],[-83.740843,42.24953]],[[-83.740844,42.249556],[-83.740843,42.24953]],[[-83.740844,42.249556],[-83.740828,42.249533]],[[-83.739854,42.249551],[-83.739854,42.249526]],[[-83.739854,42.249551],[-83.739841,42.249574]],[[-83.740829,42.249557],[-83.740828,42.249533]],[[-83.740829,42.249557],[-83.740814,42.249534]],[[-83.740025,42.249555],[-83.740027,42.249555],[-83.740028,42.249556],[-83.74003,42.249557],[-83.740032,42.249558],[-83.740033,42.24956],[-83.740034,42.249561],[-83.740035,42.249563],[-83.740035,42.249565],[-83.740035,42.249567],[-83.740035,42.249569],[-83.740035,42.249571],[-83.740034,42.249572],[-83.740032,42.249574],[-83.740031,42.249575],[-83.740029,42.249576],[-83.740028,42.249577],[-83.740026,42.249578],[-83.740024,42.249578],[-83.740022,42.249577],[-83.74002,42.249577],[-83.740018,42.249576],[-83.740017,42.249575],[-83.740015,42.249573],[-83.740014,42.249572],[-83.740013,42.24957],[-83.740013,42.249568],[-83.740013,42.249566],[-83.740013,42.249564],[-83.740014,42.249562],[-83.740015,42.24956],[-83.740016,42.249559],[-83.740017,42.249558],[-83.740019,42.249557],[-83.740021,42.249556],[-83.740023,42.249555],[-83.740025,42.249555]],[[-83.73987,42.249555],[-83.739869,42.24953]],[[-83.73987,42.249555],[-83.739857,42.249576]],[[-83.740815,42.249562],[-83.740814,42.249534]],[[-83.740815,42.249562],[-83.740799,42.249539]],[[-83.740917,42.249563],[-83.740903,42.249563]],[[-83.740903,42.249563],[-83.740901,42.249483]],[[-83.740903,42.249563],[-83.740889,42.249563]],[[-83.740889,42.249563],[-83.740887,42.249483]],[[-83.740889,42.249563],[-83.74088,42.249563]],[[-83.74088,42.249563],[-83.740874,42.249563]],[[-83.74088,42.249563],[-83.740885,42.249574]],[[-83.740874,42.249563],[-83.740873,42.249552]],[[-83.740874,42.249563],[-83.740864,42.249563]],[[-83.740864,42.249563],[-83.740859,42.249554]],[[-83.740864,42.249563],[-83.740859,42.249563]],[[-83.740859,42.249563],[-83.740859,42.249554]],[[-83.740859,42.249563],[-83.740848,42.249563]],[[-83.740848,42.249563],[-83.740844,42.249556]],[[-83.740848,42.249563],[-83.740844,42.249563]],[[-83.740844,42.249563],[-83.740844,42.249556]],[[-83.740844,42.249563],[-83.740833,42.249563]],[[-83.740833,42.249563],[-83.740829,42.249557]],[[-83.740833,42.249563],[-83.740829,42.249563]],[[-83.740829,42.249563],[-83.740829,42.249557]],[[-83.740829,42.249563],[-83.740816,42.249563]],[[-83.740816,42.249563],[-83.740815,42.249562]],[[-83.740816,42.249563],[-83.740815,42.249563]],[[-83.740815,42.249563],[-83.740815,42.249562]],[[-83.740815,42.249563],[-83.7408,42.249563]],[[-83.74,42.249559],[-83.740035,42.249549],[-83.740048,42.249574],[-83.740014,42.249585],[-83.74,42.249559]],[[-83.7408,42.249563],[-83.740799,42.249539]],[[-83.7408,42.249563],[-83.740799,42.249563]],[[-83.740799,42.249563],[-83.740785,42.249564]],[[-83.740799,42.249563],[-83.7408,42.249566]],[[-83.740785,42.249564],[-83.740784,42.249543]],[[-83.740785,42.249564],[-83.740782,42.249564]],[[-83.740782,42.249564],[-83.74077,42.249547]],[[-83.740782,42.249564],[-83.74077,42.249564]],[[-83.74077,42.249564],[-83.740769,42.249564]],[[-83.74077,42.249564],[-83.740771,42.249574]],[[-83.739884,42.249559],[-83.739927,42.249514],[-83.739974,42.249473],[-83.740025,42.249438],[-83.740079,42.249408],[-83.740136,42.249383],[-83.740196,42.249365],[-83.740257,42.249353],[-83.740319,42.249347],[-83.740381,42.249348],[-83.740443,42.249355],[-83.740504,42.249369],[-83.740563,42.249388],[-83.740619,42.249414],[-83.740673,42.249445],[-83.740723,42.249482],[-83.74077,42.249524]],[[-83.739884,42.249559],[-83.739884,42.249576]],[[-83.7408,42.249566],[-83.7408,42.249563]],[[-83.7408,42.249566],[-83.740805,42.249574]],[[-83.740785,42.249569],[-83.740785,42.249564]],[[-83.740785,42.249569],[-83.740782,42.249564]],[[-83.740917,42.249573],[-83.740904,42.249573]],[[-83.740904,42.249573],[-83.740903,42.249563]],[[-83.740904,42.249573],[-83.740889,42.249574]],[[-83.739796,42.249567],[-83.739811,42.249543]],[[-83.739796,42.249567],[-83.739794,42.249498]],[[-83.740889,42.249574],[-83.740889,42.249563]],[[-83.740889,42.249574],[-83.740885,42.249574]],[[-83.740885,42.249574],[-83.740874,42.249574]],[[-83.740885,42.249574],[-83.740889,42.249581]],[[-83.740874,42.249574],[-83.740874,42.249563]],[[-83.740874,42.249574],[-83.74087,42.249574]],[[-83.74087,42.249574],[-83.740864,42.249563]],[[-83.74087,42.249574],[-83.740859,42.249574]],[[-83.740859,42.249574],[-83.740859,42.249563]],[[-83.740859,42.249574],[-83.740854,42.249574]],[[-83.740854,42.249574],[-83.740848,42.249563]],[[-83.740854,42.249574],[-83.740844,42.249574]],[[-83.740844,42.249574],[-83.740844,42.249563]],[[-83.740844,42.249574],[-83.740839,42.249574]],[[-83.740839,42.249574],[-83.740833,42.249563]],[[-83.740839,42.249574],[-83.740829,42.249574]],[[-83.740829,42.249574],[-83.740829,42.249563]],[[-83.740829,42.249574],[-83.740822,42.249574]],[[-83.740822,42.249574],[-83.740816,42.249563]],[[-83.740822,42.249574],[-83.740815,42.249574]],[[-83.740815,42.249574],[-83.740815,42.249563]],[[-83.740815,42.249574],[-83.740805,42.249574]],[[-83.739826,42.249569],[-83.739825,42.249545]],[[-83.739826,42.249569],[-83.739822,42.249576]],[[-83.740805,42.249574],[-83.740801,42.249574]],[[-83.740805,42.249574],[-83.740815,42.249593]],[[-83.740801,42.249574],[-83.7408,42.249566]],[[-83.740801,42.249574],[-83.740789,42.249574]],[[-83.740789,42.249574],[-83.740785,42.249569]],[[-83.740789,42.249574],[-83.740785,42.249574]],[[-83.739812,42.249569],[-83.739811,42.249543]],[[-83.739812,42.249569],[-83.739807,42.249577]],[[-83.740785,42.249574],[-83.740785,42.249569]],[[-83.740785,42.249574],[-83.740771,42.249574]],[[-83.740771,42.249574],[-83.74077,42.249574]],[[-83.740771,42.249574],[-83.740771,42.249596]],[[-83.739841,42.249574],[-83.73984,42.249546]],[[-83.739841,42.249574],[-83.73984,42.249576]],[[-83.739884,42.249576],[-83.739874,42.249576]],[[-83.739884,42.249576],[-83.739885,42.249583]],[[-83.740889,42.249581],[-83.740889,42.249574]],[[-83.740889,42.249581],[-83.740905,42.249622]],[[-83.739874,42.249576],[-83.739884,42.249559]],[[-83.739874,42.249576],[-83.73987,42.249576]],[[-83.73987,42.249576],[-83.73987,42.249555]],[[-83.73987,42.249576],[-83.739857,42.249576]],[[-83.739857,42.249576],[-83.739855,42.249576]],[[-83.739857,42.249576],[-83.739855,42.249579]],[[-83.739855,42.249576],[-83.739854,42.249551]],[[-83.739855,42.249576],[-83.739841,42.249576]],[[-83.739841,42.249576],[-83.739841,42.249574]],[[-83.739841,42.249576],[-83.73984,42.249576]],[[-83.73984,42.249576],[-83.739827,42.249576]],[[-83.73984,42.249576],[-83.739834,42.249587]],[[-83.739827,42.249576],[-83.739826,42.249569]],[[-83.739827,42.249576],[-83.739822,42.249576]],[[-83.739822,42.249576],[-83.739812,42.249577]],[[-83.739822,42.249576],[-83.739817,42.249587]],[[-83.739812,42.249577],[-83.739812,42.249569]],[[-83.739812,42.249577],[-83.739807,42.249577]],[[-83.739807,42.249577],[-83.739797,42.249577]],[[-83.739807,42.249577],[-83.739802,42.249587]],[[-83.739797,42.249577],[-83.739796,42.249567]],[[-83.739797,42.249577],[-83.739792,42.249577]],[[-83.739792,42.249577],[-83.739796,42.249567]],[[-83.739792,42.249577],[-83.739781,42.249577]],[[-83.739781,42.249577],[-83.739779,42.249498]],[[-83.739781,42.249577],[-83.739766,42.249577]],[[-83.740874,42.249583],[-83.740874,42.249574]],[[-83.740874,42.249583],[-83.74087,42.249574]],[[-83.739766,42.249577],[-83.739764,42.249498]],[[-83.739766,42.249577],[-83.739752,42.249577]],[[-83.739752,42.249577],[-83.739749,42.249498]],[[-83.739752,42.249577],[-83.739738,42.249578]],[[-83.739738,42.249578],[-83.739735,42.249499]],[[-83.740844,42.249584],[-83.740844,42.249574]],[[-83.740844,42.249584],[-83.740839,42.249574]],[[-83.739855,42.249579],[-83.739855,42.249576]],[[-83.739855,42.249579],[-83.739851,42.249586]],[[-83.740859,42.249585],[-83.740859,42.249574]],[[-83.740859,42.249585],[-83.740854,42.249574]],[[-83.73987,42.249581],[-83.739874,42.249576]],[[-83.73987,42.249581],[-83.73987,42.249576]],[[-83.739885,42.249583],[-83.739883,42.249586]],[[-83.739885,42.249583],[-83.739886,42.249612]],[[-83.74083,42.249589],[-83.740829,42.249574]],[[-83.74083,42.249589],[-83.740822,42.249574]],[[-83.739883,42.249586],[-83.739871,42.249586]],[[-83.739883,42.249586],[-83.739871,42.249609]],[[-83.739871,42.249586],[-83.73987,42.249581]],[[-83.739871,42.249586],[-83.739868,42.249586]],[[-83.739868,42.249586],[-83.73987,42.249581]],[[-83.739868,42.249586],[-83.739855,42.249586]],[[-83.739855,42.249586],[-83.739855,42.249579]],[[-83.739855,42.249586],[-83.739851,42.249586]],[[-83.739851,42.249586],[-83.739841,42.249586]],[[-83.739851,42.249586],[-83.739842,42.249607]],[[-83.739841,42.249586],[-83.739841,42.249576]],[[-83.739841,42.249586],[-83.739834,42.249587]],[[-83.739834,42.249587],[-83.739827,42.249587]],[[-83.739834,42.249587],[-83.739828,42.249601]],[[-83.739827,42.249587],[-83.739827,42.249576]],[[-83.739827,42.249587],[-83.739817,42.249587]],[[-83.739817,42.249587],[-83.739812,42.249587]],[[-83.739817,42.249587],[-83.739813,42.249596]],[[-83.739812,42.249587],[-83.739812,42.249577]],[[-83.739812,42.249587],[-83.739802,42.249587]],[[-83.739802,42.249587],[-83.739797,42.249587]],[[-83.739802,42.249587],[-83.739797,42.249598]],[[-83.739797,42.249587],[-83.739797,42.249577]],[[-83.739797,42.249587],[-83.739787,42.249587]],[[-83.739787,42.249587],[-83.739792,42.249577]],[[-83.739787,42.249587],[-83.739782,42.249587]],[[-83.739782,42.249587],[-83.739781,42.249577]],[[-83.739782,42.249587],[-83.739767,42.249587]],[[-83.740815,42.249593],[-83.740815,42.249574]],[[-83.740815,42.249593],[-83.740831,42.249629]],[[-83.740077,42.249589],[-83.740052,42.249546],[-83.740017,42.249534]],[[-83.740077,42.249589],[-83.74009,42.249615]],[[-83.739767,42.249587],[-83.739766,42.249577]],[[-83.739767,42.249587],[-83.739752,42.249588]],[[-83.739752,42.249588],[-83.739752,42.249577]],[[-83.739752,42.249588],[-83.739738,42.249588]],[[-83.739738,42.249588],[-83.739738,42.249578]],[[-83.740801,42.249597],[-83.740801,42.249574]],[[-83.740801,42.249597],[-83.740789,42.249574]],[[-83.740771,42.249596],[-83.740732,42.24955],[-83.740689,42.249507],[-83.74064,42.24947],[-83.740588,42.249439],[-83.740533,42.249414],[-83.740475,42.249395],[-83.740416,42.249382],[-83.740355,42.249376],[-83.740294,42.249377],[-83.740234,42.249385],[-83.740175,42.2494],[-83.740118,42.249421],[-83.740063,42.249448],[-83.740012,42.249481],[-83.739965,42.24952],[-83.739923,42.249563],[-83.739886,42.249612]],[[-83.740771,42.249596],[-83.740772,42.249628]],[[-83.739813,42.249596],[-83.739812,42.249587]],[[-83.739813,42.249596],[-83.739799,42.249634]],[[-83.739797,42.249598],[-83.739797,42.249587]],[[-83.739797,42.249598],[-83.739783,42.24964]],[[-83.739782,42.249599],[-83.739787,42.249587]],[[-83.739782,42.249599],[-83.739782,42.249587]],[[-83.739828,42.249601],[-83.739827,42.249587]],[[-83.739828,42.249601],[-83.739814,42.249639]],[[-83.739842,42.249607],[-83.739841,42.249586]],[[-83.739842,42.249607],[-83.739829,42.249642]],[[-83.740008,42.249609],[-83.739996,42.249599],[-83.73999,42.249592],[-83.739978,42.249567],[-83.739992,42.249542],[-83.739999,42.24954]],[[-83.739871,42.249609],[-83.739871,42.249586]],[[-83.739871,42.249609],[-83.739857,42.249647]],[[-83.739856,42.249611],[-83.739868,42.249586]],[[-83.739856,42.249611],[-83.739855,42.249586]],[[-83.739886,42.249612],[-83.739887,42.249643]],[[-83.739886,42.249612],[-83.739872,42.249646]],[[-83.74009,42.249615],[-83.740106,42.249629],[-83.740101,42.249631],[-83.740097,42.249632],[-83.740092,42.249633],[-83.740087,42.249633],[-83.740082,42.249632],[-83.740077,42.24963],[-83.740073,42.249627],[-83.74009,42.249615]],[[-83.74089,42.249621],[-83.740889,42.249581]],[[-83.74089,42.249621],[-83.740874,42.249583]],[[-83.740905,42.249622],[-83.740904,42.249573]],[[-83.740905,42.249622],[-83.740917,42.249668],[-83.740921,42.249715]],[[-83.74086,42.249622],[-83.740859,42.249585]],[[-83.74086,42.249622],[-83.740844,42.249584]],[[-83.740875,42.249624],[-83.740874,42.249583]],[[-83.740875,42.249624],[-83.740859,42.249585]],[[-83.740845,42.249624],[-83.740844,42.249584]],[[-83.740845,42.249624],[-83.74083,42.249589]],[[-83.740772,42.249628],[-83.740738,42.249579],[-83.740699,42.249535],[-83.740655,42.249495],[-83.740607,42.249461],[-83.740555,42.249432],[-83.7405,42.24941],[-83.740443,42.249394],[-83.740384,42.249384],[-83.740325,42.249382],[-83.740266,42.249386],[-83.740208,42.249398],[-83.740151,42.249415],[-83.740097,42.24944],[-83.740046,42.24947],[-83.739999,42.249506],[-83.739957,42.249548],[-83.739919,42.249593],[-83.739887,42.249643]],[[-83.740772,42.249628],[-83.740774,42.249715]],[[-83.740831,42.249629],[-83.74083,42.249589]],[[-83.740831,42.249629],[-83.740842,42.249671],[-83.740847,42.249715]],[[-83.740787,42.249631],[-83.740785,42.249574]],[[-83.740787,42.249631],[-83.740771,42.249596]],[[-83.740817,42.249632],[-83.740815,42.249593]],[[-83.740817,42.249632],[-83.740801,42.249597]],[[-83.739799,42.249634],[-83.739797,42.249598]],[[-83.739799,42.249634],[-83.739791,42.249665],[-83.739786,42.249698],[-83.739785,42.24973]],[[-83.740023,42.249635],[-83.740008,42.249609]],[[-83.740023,42.249635],[-83.740047,42.249635],[-83.740046,42.249638],[-83.740045,42.249642],[-83.740043,42.249645],[-83.740041,42.249648],[-83.740038,42.24965],[-83.740035,42.249652],[-83.740032,42.249653],[-83.740028,42.249654],[-83.740024,42.249654],[-83.740023,42.249635]],[[-83.739814,42.249639],[-83.739813,42.249596]],[[-83.739814,42.249639],[-83.739805,42.249683],[-83.739802,42.249729]],[[-83.739768,42.249639],[-83.739782,42.249599]],[[-83.739768,42.249639],[-83.739767,42.249587]],[[-83.739783,42.24964],[-83.739782,42.249599]],[[-83.739783,42.24964],[-83.739774,42.249684],[-83.739771,42.249729]],[[-83.739829,42.249642],[-83.739828,42.249601]],[[-83.739829,42.249642],[-83.73982,42.249685],[-83.739817,42.249729]],[[-83.739887,42.249643],[-83.73989,42.249728]],[[-83.739887,42.249643],[-83.73988,42.249671],[-83.739876,42.2497],[-83.739875,42.249729]],[[-83.739872,42.249646],[-83.739871,42.249609]],[[-83.739872,42.249646],[-83.739863,42.249686],[-83.739859,42.249728]],[[-83.739857,42.249647],[-83.739856,42.249611]],[[-83.739857,42.249647],[-83.739848,42.249687],[-83.739845,42.249728]],[[-83.739843,42.249648],[-83.739856,42.249611]],[[-83.739843,42.249648],[-83.739842,42.249607]],[[-83.740892,42.249714],[-83.74089,42.249621]],[[-83.740892,42.249714],[-83.740887,42.249669],[-83.740875,42.249624]],[[-83.740789,42.249714],[-83.740787,42.249631]],[[-83.740789,42.249714],[-83.740787,42.249685],[-83.740781,42.249656],[-83.740772,42.249628]],[[-83.740805,42.249714],[-83.740801,42.249597]],[[-83.740805,42.249714],[-83.740799,42.249672],[-83.740787,42.249631]],[[-83.740921,42.249715],[-83.740915,42.24942],[-83.7409,42.24942]],[[-83.740921,42.249715],[-83.740907,42.249716]],[[-83.740921,42.249715],[-83.740946,42.250476],[-83.740953,42.250841],[-83.740939,42.250841]],[[-83.740878,42.249715],[-83.740875,42.249624]],[[-83.740878,42.249715],[-83.740875,42.249683],[-83.740869,42.249652],[-83.74086,42.249622]],[[-83.740862,42.249715],[-83.74086,42.249622]],[[-83.740862,42.249715],[-83.74086,42.249684],[-83.740854,42.249654],[-83.740845,42.249624]],[[-83.740847,42.249715],[-83.740845,42.249624]],[[-83.740907,42.249715],[-83.740905,42.249622]],[[-83.740907,42.249715],[-83.740905,42.249683],[-83.740899,42.249652],[-83.74089,42.249621]],[[-83.740907,42.249716],[-83.740907,42.249715]],[[-83.740907,42.249716],[-83.740892,42.249716]],[[-83.740774,42.249715],[-83.740754,42.249663],[-83.740727,42.249613],[-83.740695,42.249567],[-83.740657,42.249525],[-83.740615,42.249488],[-83.740569,42.249457],[-83.740519,42.249432],[-83.740466,42.249412],[-83.740411,42.2494],[-83.740355,42.249394],[-83.740299,42.249394],[-83.740243,42.249402],[-83.740189,42.249417],[-83.740137,42.249437],[-83.740088,42.249464],[-83.740042,42.249497],[-83.740001,42.249535],[-83.739965,42.249578],[-83.739934,42.249625],[-83.739909,42.249675],[-83.73989,42.249728]],[[-83.740892,42.249716],[-83.740892,42.249714]],[[-83.740892,42.249716],[-83.740878,42.249716]],[[-83.740878,42.249716],[-83.740878,42.249715]],[[-83.740878,42.249716],[-83.740862,42.249716]],[[-83.740878,42.249716],[-83.740899,42.250474],[-83.740899,42.250475]],[[-83.740862,42.249716],[-83.740862,42.249715]],[[-83.740862,42.249716],[-83.740847,42.249716]],[[-83.740833,42.249716],[-83.740831,42.249629]],[[-83.740833,42.249716],[-83.740828,42.249673],[-83.740817,42.249632]],[[-83.740847,42.249716],[-83.740847,42.249715]],[[-83.740847,42.249716],[-83.740833,42.249716]],[[-83.740833,42.249716],[-83.740833,42.249716]],[[-83.740833,42.249716],[-83.740819,42.249716]],[[-83.740819,42.249716],[-83.740817,42.249632]],[[-83.740819,42.249716],[-83.740805,42.249716]],[[-83.740805,42.249716],[-83.740805,42.249715],[-83.740805,42.249714]],[[-83.740805,42.249716],[-83.74079,42.249717]],[[-83.74079,42.249717],[-83.740789,42.249715],[-83.740789,42.249714]],[[-83.74079,42.249717],[-83.740774,42.249717]],[[-83.740774,42.249717],[-83.740774,42.249715]],[[-83.739845,42.249728],[-83.739843,42.249648]],[[-83.739859,42.249728],[-83.739857,42.249647]],[[-83.73989,42.249728],[-83.739875,42.249729]],[[-83.739875,42.249729],[-83.739872,42.249646]],[[-83.739875,42.249729],[-83.73986,42.249729]],[[-83.739875,42.249729],[-83.739875,42.249729],[-83.739875,42.249729],[-83.739895,42.250477],[-83.739895,42.250488],[-83.739895,42.250488],[-83.739895,42.25049]],[[-83.73986,42.249729],[-83.739859,42.249728]],[[-83.73986,42.249729],[-83.739845,42.249729]],[[-83.739802,42.249729],[-83.739799,42.249634]],[[-83.739802,42.249729],[-83.739802,42.24973]],[[-83.739845,42.249729],[-83.739845,42.249728]],[[-83.739845,42.249729],[-83.739833,42.249729]],[[-83.739817,42.249729],[-83.739814,42.249639]],[[-83.739771,42.249729],[-83.739768,42.249639]],[[-83.739833,42.249729],[-83.739835,42.249688],[-83.739843,42.249648]],[[-83.739833,42.249729],[-83.739829,42.249642]],[[-83.739833,42.249729],[-83.739817,42.24973]],[[-83.739817,42.24973],[-83.739817,42.249729]],[[-83.739817,42.24973],[-83.739802,42.24973]],[[-83.739802,42.24973],[-83.739785,42.24973]],[[-83.739802,42.24973],[-83.739802,42.249731],[-83.739822,42.250486],[-83.739822,42.250491]],[[-83.739757,42.24973],[-83.73976,42.249684],[-83.739768,42.249639]],[[-83.739757,42.24973],[-83.739752,42.249588]],[[-83.739785,42.24973],[-83.739783,42.24964]],[[-83.739785,42.24973],[-83.739785,42.24973]],[[-83.739785,42.24973],[-83.739771,42.24973]],[[-83.739771,42.24973],[-83.739771,42.249729]],[[-83.739771,42.24973],[-83.739757,42.249731]],[[-83.739757,42.249731],[-83.739757,42.24973]],[[-83.739757,42.249731],[-83.739743,42.249731]],[[-83.739743,42.249731],[-83.739738,42.249588]],[[-83.739962,42.249738],[-83.739948,42.249738]],[[-83.739948,42.249738],[-83.739934,42.249739],[-83.739931,42.249739],[-83.739928,42.249738],[-83.739926,42.249737],[-83.739923,42.249736],[-83.739921,42.249735],[-83.739919,42.249733],[-83.739917,42.24973],[-83.739916,42.249728],[-83.739915,42.249725],[-83.739912,42.24967],[-83.739913,42.249667],[-83.739913,42.249665],[-83.739914,42.249662],[-83.739916,42.24966],[-83.739918,42.249658],[-83.73992,42.249656],[-83.739922,42.249655],[-83.739924,42.249654],[-83.739927,42.249653],[-83.739974,42.249653],[-83.739977,42.249653],[-83.739979,42.249653],[-83.739982,42.249654],[-83.739985,42.249655],[-83.739987,42.249657],[-83.739989,42.249659],[-83.739991,42.249662],[-83.739992,42.249664],[-83.739993,42.249667],[-83.739994,42.249723],[-83.739993,42.249726],[-83.739992,42.249729],[-83.73999,42.249731],[-83.739988,42.249734],[-83.739985,42.249735],[-83.739982,42.249737],[-83.739979,42.249738],[-83.739976,42.249738],[-83.739962,42.249738]],[[-83.740685,42.249765],[-83.740649,42.249766],[-83.740649,42.249678],[-83.740684,42.249677],[-83.740685,42.249765]],[[-83.740676,42.24977],[-83.74066,42.24977]],[[-83.74066,42.24977],[-83.740642,42.24977],[-83.740641,42.249673],[-83.74069,42.249672],[-83.740692,42.24977],[-83.740676,42.24977]],[[-83.74075,42.249864],[-83.740714,42.249864],[-83.740714,42.249776],[-83.740749,42.249776],[-83.74075,42.249864]],[[-83.740741,42.249868],[-83.740724,42.249868]],[[-83.740724,42.249868],[-83.740708,42.249868],[-83.740706,42.249771],[-83.740756,42.249771],[-83.740757,42.249868],[-83.740741,42.249868]],[[-83.739971,42.250051],[-83.739962,42.249738]],[[-83.739971,42.250051],[-83.739987,42.250051],[-83.73999,42.250052],[-83.739993,42.250053],[-83.739996,42.250054],[-83.739998,42.250056],[-83.740001,42.250058],[-83.740002,42.250061],[-83.740004,42.250064],[-83.740005,42.250067],[-83.740007,42.25015],[-83.740005,42.250154],[-83.740003,42.250157],[-83.74,42.250159],[-83.739997,42.250161],[-83.739994,42.250163],[-83.73999,42.250164],[-83.739987,42.250164],[-83.739976,42.250164]],[[-83.739956,42.250052],[-83.739971,42.250051]],[[-83.739956,42.250052],[-83.739948,42.249738]],[[-83.739956,42.250052],[-83.739956,42.250052]],[[-83.739971,42.250052],[-83.739971,42.250051]],[[-83.739976,42.250164],[-83.739976,42.250164]],[[-83.739976,42.250164],[-83.739961,42.250164]],[[-83.739961,42.250164],[-83.739961,42.250164]],[[-83.739961,42.250164],[-83.739945,42.250164],[-83.739942,42.250164],[-83.739939,42.250164],[-83.739937,42.250163],[-83.739934,42.250161],[-83.739932,42.25016],[-83.73993,42.250157],[-83.739928,42.250155],[-83.739927,42.250153],[-83.739927,42.25015],[-83.739925,42.250066],[-83.739926,42.250064],[-83.739927,42.250061],[-83.739928,42.250059],[-83.73993,42.250056],[-83.739932,42.250055],[-83.739935,42.250053],[-83.739937,42.250052],[-83.73994,42.250052],[-83.739956,42.250052]],[[-83.740688,42.250255],[-83.740676,42.24977]],[[-83.740688,42.250255],[-83.740708,42.250255],[-83.74071,42.250352],[-83.74066,42.250353],[-83.740658,42.250255],[-83.740675,42.250255]],[[-83.740675,42.250255],[-83.740688,42.250255]],[[-83.740675,42.250255],[-83.74066,42.24977]],[[-83.740703,42.250347],[-83.740668,42.250347],[-83.740667,42.250259],[-83.740703,42.250259],[-83.740703,42.250347]],[[-83.740754,42.250353],[-83.740741,42.249868]],[[-83.740754,42.250353],[-83.740772,42.250353],[-83.740774,42.25045],[-83.740724,42.25045],[-83.740723,42.250353],[-83.740741,42.250353]],[[-83.740741,42.250353],[-83.740754,42.250353]],[[-83.740741,42.250353],[-83.740724,42.249868]],[[-83.740638,42.250437],[-83.740613,42.250438],[-83.740614,42.250435],[-83.740615,42.250431],[-83.740617,42.250428],[-83.740619,42.250426],[-83.740622,42.250423],[-83.740625,42.250421],[-83.740628,42.25042],[-83.740632,42.250419],[-83.740635,42.250419],[-83.740638,42.250437]],[[-83.740638,42.250437],[-83.740653,42.250463]],[[-83.740767,42.250445],[-83.740731,42.250446],[-83.74073,42.250358],[-83.740766,42.250358],[-83.740767,42.250445]],[[-83.74057,42.250459],[-83.740555,42.250445],[-83.740559,42.250443],[-83.740564,42.250442],[-83.740569,42.250441],[-83.740574,42.250441],[-83.740579,42.250442],[-83.740583,42.250444],[-83.740588,42.250446],[-83.74057,42.250459]],[[-83.740653,42.250463],[-83.740665,42.250474],[-83.740672,42.250481],[-83.740684,42.250505],[-83.740671,42.25053],[-83.740663,42.250533]],[[-83.740942,42.250475],[-83.740928,42.250475]],[[-83.740928,42.250475],[-83.740907,42.249716]],[[-83.740928,42.250475],[-83.740913,42.250475]],[[-83.740913,42.250475],[-83.740892,42.249716]],[[-83.740913,42.250475],[-83.740899,42.250475]],[[-83.740899,42.250475],[-83.740884,42.250475]],[[-83.740899,42.250475],[-83.740899,42.250477]],[[-83.740884,42.250475],[-83.740862,42.249716]],[[-83.740884,42.250475],[-83.74087,42.250475]],[[-83.74087,42.250475],[-83.740847,42.249716]],[[-83.74087,42.250475],[-83.740855,42.250475]],[[-83.74087,42.250475],[-83.74087,42.250475],[-83.74087,42.250476]],[[-83.740928,42.250476],[-83.740928,42.250475]],[[-83.740928,42.250476],[-83.740926,42.250524],[-83.740916,42.250571]],[[-83.740913,42.250476],[-83.740913,42.250475]],[[-83.740913,42.250476],[-83.740911,42.250522],[-83.740902,42.250567]],[[-83.740884,42.250476],[-83.740884,42.250475]],[[-83.740884,42.250476],[-83.740882,42.250521],[-83.740872,42.250565]],[[-83.740855,42.250475],[-83.740833,42.249716]],[[-83.740855,42.250475],[-83.740841,42.250476]],[[-83.74087,42.250476],[-83.740869,42.250507],[-83.740865,42.250537],[-83.740857,42.250567]],[[-83.740841,42.250476],[-83.740819,42.249717],[-83.740819,42.249716]],[[-83.740841,42.250476],[-83.740824,42.250476]],[[-83.740824,42.250476],[-83.740805,42.249717],[-83.740805,42.249716]],[[-83.740824,42.250476],[-83.74081,42.250476]],[[-83.74081,42.250476],[-83.74079,42.249717]],[[-83.74081,42.250476],[-83.740795,42.250476]],[[-83.740795,42.250476],[-83.740774,42.249717]],[[-83.740795,42.250476],[-83.740795,42.250478]],[[-83.740855,42.250476],[-83.740855,42.250475]],[[-83.740855,42.250476],[-83.740852,42.250521],[-83.740843,42.250564]],[[-83.740899,42.250477],[-83.740898,42.250508],[-83.740894,42.250539],[-83.740886,42.250569]],[[-83.740824,42.250477],[-83.740824,42.250476]],[[-83.740824,42.250477],[-83.740822,42.250519],[-83.740813,42.250561]],[[-83.740841,42.250477],[-83.740841,42.250476]],[[-83.740841,42.250477],[-83.740839,42.250508],[-83.740835,42.250538],[-83.740827,42.250568]],[[-83.74081,42.250477],[-83.74081,42.250476]],[[-83.74081,42.250477],[-83.740809,42.250506],[-83.740805,42.250534],[-83.740798,42.250562]],[[-83.740795,42.250478],[-83.740777,42.250531],[-83.740752,42.250581],[-83.740721,42.250628],[-83.740684,42.250671],[-83.740643,42.250709],[-83.740598,42.250741],[-83.740549,42.250768],[-83.740497,42.250789],[-83.740443,42.250804],[-83.740387,42.250812],[-83.740331,42.250813],[-83.740276,42.250807],[-83.740221,42.250795],[-83.740168,42.250776],[-83.740118,42.250751],[-83.740072,42.25072],[-83.740029,42.250684],[-83.739991,42.250642],[-83.739958,42.250597],[-83.739932,42.250548],[-83.739911,42.250496]],[[-83.739984,42.250477],[-83.739976,42.250164]],[[-83.739984,42.250477],[-83.739997,42.250476],[-83.74,42.250477],[-83.740003,42.250477],[-83.740005,42.250478],[-83.740008,42.250479],[-83.74001,42.250481],[-83.740012,42.250483],[-83.740014,42.250485],[-83.740015,42.250488],[-83.740016,42.250491],[-83.740017,42.250547],[-83.740017,42.25055],[-83.740015,42.250553],[-83.740013,42.250555],[-83.740011,42.250557],[-83.740009,42.250559],[-83.740006,42.250561],[-83.740003,42.250561],[-83.74,42.250562],[-83.739957,42.250562],[-83.739955,42.250562],[-83.739952,42.250562],[-83.739949,42.250561],[-83.739947,42.25056],[-83.739944,42.250558],[-83.739942,42.250556],[-83.739941,42.250554],[-83.739939,42.250552],[-83.739939,42.250549],[-83.739936,42.250494],[-83.739936,42.250491],[-83.739937,42.250489],[-83.739938,42.250486],[-83.739939,42.250484],[-83.739941,42.250482],[-83.739943,42.25048],[-83.739945,42.250479],[-83.739948,42.250478],[-83.73995,42.250477],[-83.739968,42.250477]],[[-83.739968,42.250477],[-83.739984,42.250477]],[[-83.739968,42.250477],[-83.739961,42.250164]],[[-83.740585,42.250485],[-83.74057,42.250459]],[[-83.740585,42.250485],[-83.74061,42.250527],[-83.740646,42.250538]],[[-83.73991,42.250489],[-83.739911,42.250477],[-83.73989,42.249728]],[[-83.739895,42.25049],[-83.73991,42.250489]],[[-83.739895,42.25049],[-83.739896,42.250492]],[[-83.739882,42.25049],[-83.739895,42.25049]],[[-83.739882,42.25049],[-83.739882,42.250505]],[[-83.739881,42.25049],[-83.739882,42.25049]],[[-83.739881,42.25049],[-83.739881,42.250485],[-83.73986,42.249729]],[[-83.739866,42.25049],[-83.739881,42.25049]],[[-83.739866,42.25049],[-83.739866,42.250484],[-83.739845,42.249729]],[[-83.739866,42.25049],[-83.739866,42.25049]],[[-83.739852,42.25049],[-83.739866,42.25049]],[[-83.739852,42.25049],[-83.739852,42.250489],[-83.739852,42.250484],[-83.739833,42.24973],[-83.739833,42.249729]],[[-83.739852,42.25049],[-83.739852,42.250494]],[[-83.739838,42.25049],[-83.739852,42.25049]],[[-83.739838,42.25049],[-83.739838,42.250485],[-83.739817,42.24973]],[[-83.739822,42.250491],[-83.739838,42.25049]],[[-83.739821,42.250491],[-83.739822,42.250491]],[[-83.739821,42.250491],[-83.739824,42.250582]],[[-83.739808,42.250491],[-83.739821,42.250491]],[[-83.739808,42.250491],[-83.739808,42.250488],[-83.739785,42.24973]],[[-83.739793,42.250491],[-83.739808,42.250491]],[[-83.739792,42.250491],[-83.739793,42.250491]],[[-83.739792,42.250491],[-83.739792,42.250487],[-83.739771,42.24973]],[[-83.739779,42.250491],[-83.739792,42.250491]],[[-83.739779,42.250491],[-83.739779,42.250489],[-83.739757,42.249731]],[[-83.739765,42.250492],[-83.739779,42.250491]],[[-83.739765,42.250492],[-83.739743,42.249731]],[[-83.739765,42.250492],[-83.739772,42.250789],[-83.739786,42.250789]],[[-83.739896,42.250492],[-83.739898,42.250576]],[[-83.739838,42.250492],[-83.739838,42.250492],[-83.739838,42.25049]],[[-83.739779,42.250493],[-83.739779,42.250492],[-83.739779,42.250491]],[[-83.739808,42.250493],[-83.739808,42.250493],[-83.739808,42.250491]],[[-83.739852,42.250494],[-83.739855,42.25058]],[[-83.739911,42.250496],[-83.73991,42.250489]],[[-83.739911,42.250496],[-83.73991,42.250489]],[[-83.739882,42.250505],[-83.739881,42.25049]],[[-83.739882,42.250505],[-83.739884,42.25058]],[[-83.740662,42.250514],[-83.740628,42.250524],[-83.740614,42.250499],[-83.740648,42.250488],[-83.740662,42.250514]],[[-83.740638,42.250518],[-83.740636,42.250517],[-83.740634,42.250517],[-83.740632,42.250516],[-83.740631,42.250515],[-83.740629,42.250514],[-83.740628,42.250512],[-83.740627,42.25051],[-83.740627,42.250508],[-83.740627,42.250506],[-83.740627,42.250504],[-83.740627,42.250502],[-83.740628,42.250501],[-83.740629,42.250499],[-83.740631,42.250498],[-83.740632,42.250497],[-83.740634,42.250496],[-83.740636,42.250495],[-83.740638,42.250495],[-83.74064,42.250495],[-83.740642,42.250496],[-83.740644,42.250497],[-83.740645,42.250498],[-83.740647,42.250499],[-83.740648,42.250501],[-83.740649,42.250503],[-83.740649,42.250505],[-83.740649,42.250507],[-83.740649,42.250508],[-83.740649,42.25051],[-83.740648,42.250512],[-83.740647,42.250514],[-83.740645,42.250515],[-83.740644,42.250516],[-83.740642,42.250517],[-83.74064,42.250518],[-83.740638,42.250518]],[[-83.739793,42.250516],[-83.739793,42.250491]],[[-83.739793,42.250516],[-83.739792,42.250491]],[[-83.740663,42.250533],[-83.740677,42.250506],[-83.740653,42.250463]],[[-83.740663,42.250533],[-83.740646,42.250538]],[[-83.740646,42.250538],[-83.740638,42.250541],[-83.740606,42.250531],[-83.740589,42.250507],[-83.740585,42.250485]],[[-83.740518,42.250553],[-83.740518,42.25058],[-83.74048,42.25058],[-83.74048,42.250553],[-83.740518,42.250553]],[[-83.740229,42.250557],[-83.74023,42.250584],[-83.740192,42.250585],[-83.740191,42.250557],[-83.740229,42.250557]],[[-83.740813,42.250561],[-83.74081,42.250477]],[[-83.740813,42.250561],[-83.740799,42.250597]],[[-83.740798,42.250562],[-83.740795,42.250478]],[[-83.740798,42.250562],[-83.740766,42.250612],[-83.740728,42.250658],[-83.740686,42.250699],[-83.740638,42.250735],[-83.740588,42.250765],[-83.740534,42.250789],[-83.740477,42.250807],[-83.740419,42.250818],[-83.74036,42.250823],[-83.740301,42.25082],[-83.740242,42.250811],[-83.740185,42.250795],[-83.740131,42.250773],[-83.740079,42.250744],[-83.74003,42.25071],[-83.739986,42.25067],[-83.739947,42.250626],[-83.739913,42.250577]],[[-83.740843,42.250564],[-83.740841,42.250477]],[[-83.740843,42.250564],[-83.740828,42.250604]],[[-83.740872,42.250565],[-83.74087,42.250476]],[[-83.740872,42.250565],[-83.740858,42.250604]],[[-83.740902,42.250567],[-83.740899,42.250477]],[[-83.740902,42.250567],[-83.740887,42.250607]],[[-83.740857,42.250567],[-83.740855,42.250476]],[[-83.740857,42.250567],[-83.740844,42.250604]],[[-83.740827,42.250568],[-83.740824,42.250477]],[[-83.740827,42.250568],[-83.740814,42.250601]],[[-83.740886,42.250569],[-83.740884,42.250476]],[[-83.740886,42.250569],[-83.740873,42.250606]],[[-83.740916,42.250571],[-83.740913,42.250476]],[[-83.740916,42.250571],[-83.740903,42.250609]],[[-83.740499,42.250576],[-83.740498,42.250576],[-83.740496,42.250576],[-83.740495,42.250575],[-83.740493,42.250574],[-83.740492,42.250573],[-83.740491,42.250571],[-83.74049,42.25057],[-83.74049,42.250568],[-83.74049,42.250566],[-83.74049,42.250565],[-83.74049,42.250563],[-83.740491,42.250562],[-83.740492,42.25056],[-83.740493,42.250559],[-83.740495,42.250558],[-83.740496,42.250557],[-83.740498,42.250557],[-83.7405,42.250557],[-83.740501,42.250557],[-83.740503,42.250557],[-83.740505,42.250558],[-83.740506,42.250559],[-83.740507,42.25056],[-83.740508,42.250562],[-83.740509,42.250563],[-83.740509,42.250565],[-83.740509,42.250567],[-83.740509,42.250568],[-83.740509,42.25057],[-83.740508,42.250572],[-83.740507,42.250573],[-83.740506,42.250574],[-83.740504,42.250575],[-83.740503,42.250576],[-83.740501,42.250576],[-83.740499,42.250576]],[[-83.739898,42.250576],[-83.739888,42.250541],[-83.739882,42.250505]],[[-83.739898,42.250576],[-83.739899,42.250614]],[[-83.739913,42.250577],[-83.739911,42.250496]],[[-83.739913,42.250577],[-83.739904,42.25055],[-83.739898,42.250521],[-83.739896,42.250492]],[[-83.739868,42.250578],[-83.739866,42.25049]],[[-83.739868,42.250578],[-83.739857,42.250537],[-83.739852,42.250494]],[[-83.740211,42.25058],[-83.74021,42.25058],[-83.740208,42.25058],[-83.740206,42.250579],[-83.740205,42.250578],[-83.740204,42.250577],[-83.740203,42.250575],[-83.740202,42.250574],[-83.740202,42.250572],[-83.740202,42.250571],[-83.740202,42.250569],[-83.740202,42.250567],[-83.740203,42.250566],[-83.740204,42.250564],[-83.740205,42.250563],[-83.740207,42.250562],[-83.740208,42.250561],[-83.74021,42.250561],[-83.740212,42.250561],[-83.740213,42.250561],[-83.740215,42.250561],[-83.740216,42.250562],[-83.740218,42.250563],[-83.740219,42.250564],[-83.74022,42.250566],[-83.740221,42.250567],[-83.740221,42.250569],[-83.740221,42.250571],[-83.740221,42.250572],[-83.740221,42.250574],[-83.74022,42.250576],[-83.740219,42.250577],[-83.740218,42.250578],[-83.740216,42.250579],[-83.740215,42.25058],[-83.740213,42.25058],[-83.740211,42.25058]],[[-83.740627,42.250583],[-83.740087,42.250589]],[[-83.740627,42.250583],[-83.740627,42.250571],[-83.740628,42.250568],[-83.74063,42.250565],[-83.740632,42.250563],[-83.740634,42.250561],[-83.740637,42.250559],[-83.74064,42.250558],[-83.740643,42.250558],[-83.740646,42.250558],[-83.740722,42.250557],[-83.740725,42.250557],[-83.740728,42.250558],[-83.740731,42.250559],[-83.740734,42.250561],[-83.740737,42.250563],[-83.740739,42.250565],[-83.74074,42.250568],[-83.740742,42.25057],[-83.740742,42.250602],[-83.740741,42.250605],[-83.74074,42.250607],[-83.740739,42.250609],[-83.740737,42.250611],[-83.740734,42.250613],[-83.740732,42.250614],[-83.740729,42.250615],[-83.740727,42.250616],[-83.740724,42.250616],[-83.74065,42.250617],[-83.740646,42.250617],[-83.740642,42.250617],[-83.740638,42.250616],[-83.740635,42.250614],[-83.740632,42.250612],[-83.740629,42.250609],[-83.740627,42.250606],[-83.740627,42.250594]],[[-83.739884,42.25058],[-83.739875,42.250551],[-83.739869,42.250521],[-83.739866,42.25049]],[[-83.739884,42.25058],[-83.739885,42.250617]],[[-83.739855,42.25058],[-83.739843,42.250537],[-83.739838,42.250492]],[[-83.739855,42.25058],[-83.739856,42.250623]],[[-83.739824,42.250582],[-83.739813,42.250538],[-83.739808,42.250493]],[[-83.739824,42.250582],[-83.739826,42.250626]],[[-83.739795,42.250585],[-83.739793,42.250516]],[[-83.739795,42.250585],[-83.739784,42.250539],[-83.739779,42.250493]],[[-83.739841,42.250588],[-83.739838,42.250492]],[[-83.739841,42.250588],[-83.739831,42.250556],[-83.739825,42.250524],[-83.739822,42.250491]],[[-83.740087,42.250589],[-83.740087,42.250601]],[[-83.740627,42.250594],[-83.740627,42.250583]],[[-83.740627,42.250594],[-83.740087,42.250601]],[[-83.739811,42.250591],[-83.739808,42.250493]],[[-83.739811,42.250591],[-83.7398,42.250554],[-83.739793,42.250516]],[[-83.740799,42.250597],[-83.740798,42.250562]],[[-83.740799,42.250597],[-83.740762,42.250646],[-83.74072,42.250689],[-83.740673,42.250728],[-83.740622,42.250761],[-83.740567,42.250789],[-83.74051,42.25081],[-83.740451,42.250824],[-83.740391,42.250832],[-83.74033,42.250833],[-83.74027,42.250828],[-83.74021,42.250815],[-83.740153,42.250796],[-83.740097,42.250771],[-83.740045,42.250739],[-83.739997,42.250702],[-83.739953,42.25066],[-83.739915,42.250613]],[[-83.740814,42.250601],[-83.740813,42.250561]],[[-83.740814,42.250601],[-83.740805,42.250619]],[[-83.740844,42.250604],[-83.740843,42.250564]],[[-83.740844,42.250604],[-83.740837,42.250618]],[[-83.740858,42.250604],[-83.740857,42.250567]],[[-83.740858,42.250604],[-83.740852,42.250618]],[[-83.740828,42.250604],[-83.740827,42.250568]],[[-83.740828,42.250604],[-83.740821,42.250619]],[[-83.740873,42.250606],[-83.740872,42.250565]],[[-83.740873,42.250606],[-83.740868,42.250618]],[[-83.740087,42.250601],[-83.740087,42.250611],[-83.740086,42.250614],[-83.740085,42.250617],[-83.740084,42.250619],[-83.740082,42.250621],[-83.740079,42.250622],[-83.740077,42.250624],[-83.740074,42.250625],[-83.740072,42.250625],[-83.740069,42.250625],[-83.739995,42.250627],[-83.739991,42.250627],[-83.739987,42.250626],[-83.739983,42.250625],[-83.73998,42.250623],[-83.739977,42.250621],[-83.739974,42.250619],[-83.739972,42.250615],[-83.739972,42.250581],[-83.739973,42.250578],[-83.739975,42.250575],[-83.739977,42.250572],[-83.739979,42.25057],[-83.739982,42.250569],[-83.739985,42.250568],[-83.739988,42.250567],[-83.739991,42.250567],[-83.740067,42.250566],[-83.74007,42.250567],[-83.740073,42.250567],[-83.740076,42.250568],[-83.740079,42.25057],[-83.740082,42.250572],[-83.740084,42.250574],[-83.740085,42.250577],[-83.740087,42.25058],[-83.740087,42.250589]],[[-83.740887,42.250607],[-83.740886,42.250569]],[[-83.740887,42.250607],[-83.740883,42.250618]],[[-83.740903,42.250609],[-83.740902,42.250567]],[[-83.740903,42.250609],[-83.740899,42.250617]],[[-83.740948,42.250617],[-83.740932,42.250617]],[[-83.740932,42.250617],[-83.740928,42.250476]],[[-83.740932,42.250617],[-83.740917,42.250617]],[[-83.740917,42.250617],[-83.740916,42.250571]],[[-83.740917,42.250617],[-83.740903,42.250617]],[[-83.740903,42.250617],[-83.740903,42.250609]],[[-83.740903,42.250617],[-83.740899,42.250617]],[[-83.740899,42.250617],[-83.740888,42.250618]],[[-83.740899,42.250617],[-83.740894,42.250629]],[[-83.740888,42.250618],[-83.740887,42.250607]],[[-83.740888,42.250618],[-83.740883,42.250618]],[[-83.740883,42.250618],[-83.740874,42.250618]],[[-83.740883,42.250618],[-83.740878,42.250629]],[[-83.740874,42.250618],[-83.740873,42.250606]],[[-83.740874,42.250618],[-83.740868,42.250618]],[[-83.740868,42.250618],[-83.740859,42.250618]],[[-83.740868,42.250618],[-83.740862,42.250629]],[[-83.740859,42.250618],[-83.740858,42.250604]],[[-83.740859,42.250618],[-83.740852,42.250618]],[[-83.739915,42.250613],[-83.739913,42.250577]],[[-83.739915,42.250613],[-83.739898,42.250576]],[[-83.740852,42.250618],[-83.740844,42.250618]],[[-83.740852,42.250618],[-83.740846,42.250629]],[[-83.740844,42.250618],[-83.740844,42.250604]],[[-83.740844,42.250618],[-83.740837,42.250618]],[[-83.740837,42.250618],[-83.740828,42.250618]],[[-83.740837,42.250618],[-83.740831,42.250629]],[[-83.740828,42.250618],[-83.740828,42.250604]],[[-83.740828,42.250618],[-83.740821,42.250619]],[[-83.740821,42.250619],[-83.740814,42.250619]],[[-83.740821,42.250619],[-83.740815,42.250629]],[[-83.739899,42.250614],[-83.739884,42.25058]],[[-83.739899,42.250614],[-83.7399,42.250643]],[[-83.740814,42.250619],[-83.740814,42.250601]],[[-83.740814,42.250619],[-83.740805,42.250619]],[[-83.740805,42.250619],[-83.740799,42.250619]],[[-83.740805,42.250619],[-83.7408,42.250628]],[[-83.740799,42.250619],[-83.740799,42.250597]],[[-83.740799,42.250619],[-83.740799,42.250619]],[[-83.73987,42.250615],[-83.739868,42.250578]],[[-83.73987,42.250615],[-83.739855,42.25058]],[[-83.739885,42.250617],[-83.739868,42.250578]],[[-83.739885,42.250617],[-83.739886,42.250645]],[[-83.740948,42.250628],[-83.740933,42.250628]],[[-83.740933,42.250628],[-83.740932,42.250617]],[[-83.740933,42.250628],[-83.740918,42.250628]],[[-83.740918,42.250628],[-83.740917,42.250617]],[[-83.740918,42.250628],[-83.740903,42.250628]],[[-83.739856,42.250623],[-83.739841,42.250588]],[[-83.739856,42.250623],[-83.739857,42.250651]],[[-83.7408,42.250628],[-83.740799,42.250619]],[[-83.7408,42.250628],[-83.740758,42.250675],[-83.740711,42.250718],[-83.74066,42.250755],[-83.740605,42.250786],[-83.740547,42.25081],[-83.740486,42.250829],[-83.740424,42.25084],[-83.740361,42.250844],[-83.740298,42.250842],[-83.740235,42.250832],[-83.740174,42.250816],[-83.740115,42.250793],[-83.740059,42.250764],[-83.740007,42.250728],[-83.739959,42.250687],[-83.739916,42.250641]],[[-83.740903,42.250628],[-83.740903,42.250617]],[[-83.740903,42.250628],[-83.740894,42.250629]],[[-83.740894,42.250629],[-83.740888,42.250629]],[[-83.740894,42.250629],[-83.740888,42.250639]],[[-83.740888,42.250629],[-83.740888,42.250618]],[[-83.740888,42.250629],[-83.740878,42.250629]],[[-83.740878,42.250629],[-83.740874,42.250629]],[[-83.740878,42.250629],[-83.740874,42.250635]],[[-83.740874,42.250629],[-83.740874,42.250618]],[[-83.740874,42.250629],[-83.740862,42.250629]],[[-83.740862,42.250629],[-83.740859,42.250629]],[[-83.740862,42.250629],[-83.740859,42.250635]],[[-83.740859,42.250629],[-83.740859,42.250618]],[[-83.740859,42.250629],[-83.740846,42.250629]],[[-83.739842,42.250623],[-83.739841,42.250588]],[[-83.739842,42.250623],[-83.739824,42.250582]],[[-83.740846,42.250629],[-83.740845,42.250629]],[[-83.740846,42.250629],[-83.740845,42.250632]],[[-83.740845,42.250629],[-83.740844,42.250618]],[[-83.740845,42.250629],[-83.740831,42.250629]],[[-83.740831,42.250629],[-83.740829,42.250629]],[[-83.740831,42.250629],[-83.740829,42.250633]],[[-83.740829,42.250629],[-83.740828,42.250618]],[[-83.740829,42.250629],[-83.740815,42.250629]],[[-83.740815,42.250629],[-83.740815,42.250629]],[[-83.740815,42.250629],[-83.740815,42.25063]],[[-83.740815,42.250629],[-83.740814,42.250619]],[[-83.740815,42.250629],[-83.7408,42.25063]],[[-83.7408,42.25063],[-83.7408,42.250628]],[[-83.7408,42.25063],[-83.7408,42.25063]],[[-83.740815,42.25063],[-83.740815,42.250629]],[[-83.740815,42.25063],[-83.7408,42.250652]],[[-83.739812,42.250626],[-83.739811,42.250591]],[[-83.739812,42.250626],[-83.739795,42.250585]],[[-83.739826,42.250626],[-83.739811,42.250591]],[[-83.739826,42.250626],[-83.739827,42.250653]],[[-83.740845,42.250632],[-83.740845,42.250629]],[[-83.740845,42.250632],[-83.740829,42.250657]],[[-83.740829,42.250633],[-83.740829,42.250629]],[[-83.740829,42.250633],[-83.740815,42.250655]],[[-83.740859,42.250635],[-83.740859,42.250629]],[[-83.740859,42.250635],[-83.740845,42.250658]],[[-83.740874,42.250635],[-83.740874,42.250629]],[[-83.740874,42.250635],[-83.74086,42.25066]],[[-83.740888,42.250639],[-83.740888,42.250629]],[[-83.740888,42.250639],[-83.740875,42.250662]],[[-83.739916,42.250641],[-83.739915,42.250613]],[[-83.739916,42.250641],[-83.739899,42.250614]],[[-83.7399,42.250643],[-83.739885,42.250617]],[[-83.7399,42.250643],[-83.739901,42.250667]],[[-83.739886,42.250645],[-83.73987,42.250615]],[[-83.739886,42.250645],[-83.739887,42.250672]],[[-83.7408,42.250652],[-83.7408,42.25063]],[[-83.7408,42.250652],[-83.740757,42.250697],[-83.740709,42.250737],[-83.740658,42.250772],[-83.740603,42.250801],[-83.740545,42.250824],[-83.740485,42.250841],[-83.740424,42.250852],[-83.740362,42.250856],[-83.740299,42.250854],[-83.740238,42.250845],[-83.740177,42.25083],[-83.740119,42.250809],[-83.740063,42.250781],[-83.74001,42.250748],[-83.739961,42.25071],[-83.739917,42.250666]],[[-83.739871,42.250648],[-83.73987,42.250615]],[[-83.739871,42.250648],[-83.739856,42.250623]],[[-83.740815,42.250655],[-83.740815,42.25063]],[[-83.740815,42.250655],[-83.740801,42.250675]],[[-83.739857,42.250651],[-83.739842,42.250623]],[[-83.739857,42.250651],[-83.739858,42.250679]],[[-83.740829,42.250657],[-83.740829,42.250633]],[[-83.740829,42.250657],[-83.740816,42.250676]],[[-83.740568,42.250656],[-83.740148,42.250662]],[[-83.740568,42.250656],[-83.740568,42.250645],[-83.740569,42.250642],[-83.74057,42.25064],[-83.740572,42.250637],[-83.740575,42.250635],[-83.740578,42.250633],[-83.740581,42.250632],[-83.740584,42.250632],[-83.740587,42.250632],[-83.740663,42.250631],[-83.740666,42.250631],[-83.740669,42.250632],[-83.740672,42.250633],[-83.740675,42.250635],[-83.740677,42.250637],[-83.740679,42.250639],[-83.740681,42.250642],[-83.740682,42.250645],[-83.740683,42.250676],[-83.740682,42.250679],[-83.740681,42.250681],[-83.740679,42.250683],[-83.740677,42.250685],[-83.740675,42.250687],[-83.740673,42.250688],[-83.74067,42.250689],[-83.740667,42.25069],[-83.740665,42.25069],[-83.74059,42.250691],[-83.740587,42.250691],[-83.740583,42.250691],[-83.740579,42.25069],[-83.740576,42.250688],[-83.740573,42.250686],[-83.74057,42.250683],[-83.740568,42.25068],[-83.740568,42.250668]],[[-83.740845,42.250658],[-83.740845,42.250632]],[[-83.740845,42.250658],[-83.74083,42.25068]],[[-83.739827,42.250653],[-83.739812,42.250626]],[[-83.739827,42.250653],[-83.739831,42.250788]],[[-83.74086,42.25066],[-83.740859,42.250635]],[[-83.74086,42.25066],[-83.740846,42.250681]],[[-83.740875,42.250662],[-83.740874,42.250635]],[[-83.740875,42.250662],[-83.740861,42.250683]],[[-83.739843,42.250656],[-83.739842,42.250623]],[[-83.739843,42.250656],[-83.739826,42.250626]],[[-83.740148,42.250662],[-83.740148,42.250673]],[[-83.740568,42.250668],[-83.740568,42.250656]],[[-83.740568,42.250668],[-83.740148,42.250673]],[[-83.739917,42.250666],[-83.739916,42.250641]],[[-83.739917,42.250666],[-83.7399,42.250643]],[[-83.739901,42.250667],[-83.739886,42.250645]],[[-83.739901,42.250667],[-83.739902,42.250691]],[[-83.740801,42.250675],[-83.7408,42.250652]],[[-83.740801,42.250675],[-83.740753,42.25072],[-83.740701,42.25076],[-83.740645,42.250793],[-83.740586,42.250821],[-83.740524,42.250843],[-83.74046,42.250857],[-83.740395,42.250865],[-83.740329,42.250866],[-83.740264,42.25086],[-83.740199,42.250847],[-83.740137,42.250828],[-83.740077,42.250802],[-83.74002,42.250769],[-83.739966,42.250731],[-83.739917,42.250687]],[[-83.740816,42.250676],[-83.740815,42.250655]],[[-83.740816,42.250676],[-83.740802,42.250694]],[[-83.740148,42.250673],[-83.740148,42.250683],[-83.740147,42.250686],[-83.740146,42.250688],[-83.740145,42.250691],[-83.740143,42.250693],[-83.74014,42.250694],[-83.740138,42.250696],[-83.740135,42.250696],[-83.740133,42.250697],[-83.74013,42.250697],[-83.740056,42.250698],[-83.740052,42.250699],[-83.740048,42.250698],[-83.740044,42.250697],[-83.740041,42.250695],[-83.740038,42.250693],[-83.740035,42.25069],[-83.740033,42.250687],[-83.740033,42.250653],[-83.740034,42.250649],[-83.740036,42.250647],[-83.740038,42.250644],[-83.74004,42.250642],[-83.740043,42.250641],[-83.740046,42.250639],[-83.740049,42.250639],[-83.740052,42.250639],[-83.740128,42.250638],[-83.740131,42.250638],[-83.740134,42.250639],[-83.740137,42.25064],[-83.74014,42.250642],[-83.740143,42.250644],[-83.740145,42.250646],[-83.740146,42.250649],[-83.740148,42.250652],[-83.740148,42.250662]],[[-83.739887,42.250672],[-83.739871,42.250648]],[[-83.739887,42.250672],[-83.739887,42.250693]],[[-83.739871,42.250673],[-83.739871,42.250648]],[[-83.739871,42.250673],[-83.739857,42.250651]],[[-83.74083,42.25068],[-83.740829,42.250657]],[[-83.74083,42.25068],[-83.740816,42.250697]],[[-83.740846,42.250681],[-83.740845,42.250658]],[[-83.740846,42.250681],[-83.740831,42.2507]],[[-83.740861,42.250683],[-83.74086,42.25066]],[[-83.740861,42.250683],[-83.740846,42.250702]],[[-83.739858,42.250679],[-83.739843,42.250656]],[[-83.739858,42.250679],[-83.739858,42.2507]],[[-83.739843,42.250679],[-83.739843,42.250656]],[[-83.739843,42.250679],[-83.739827,42.250653]],[[-83.739917,42.250687],[-83.739917,42.250666]],[[-83.739917,42.250687],[-83.739901,42.250667]],[[-83.740802,42.250694],[-83.740801,42.250675]],[[-83.740802,42.250694],[-83.740753,42.250737],[-83.7407,42.250775],[-83.740644,42.250808],[-83.740585,42.250834],[-83.740523,42.250855],[-83.74046,42.250869],[-83.740395,42.250876],[-83.74033,42.250877],[-83.740266,42.250872],[-83.740202,42.25086],[-83.74014,42.250842],[-83.740079,42.250817],[-83.740022,42.250787],[-83.739968,42.250751],[-83.739918,42.25071]],[[-83.739902,42.250691],[-83.739887,42.250672]],[[-83.739902,42.250691],[-83.739902,42.250711]],[[-83.740816,42.250697],[-83.740816,42.250676]],[[-83.740816,42.250697],[-83.740807,42.250708]],[[-83.739887,42.250693],[-83.739871,42.250673]],[[-83.739887,42.250693],[-83.739888,42.250716]],[[-83.740831,42.2507],[-83.74083,42.25068]],[[-83.740831,42.2507],[-83.740824,42.250708]],[[-83.740846,42.250702],[-83.740846,42.250681]],[[-83.740846,42.250702],[-83.740842,42.250708]],[[-83.739872,42.250698],[-83.739871,42.250673]],[[-83.739872,42.250698],[-83.739858,42.250679]],[[-83.739858,42.2507],[-83.739843,42.250679]],[[-83.739858,42.2507],[-83.739861,42.250788]],[[-83.740949,42.250707],[-83.740935,42.250707]],[[-83.740935,42.250707],[-83.740933,42.250628]],[[-83.740935,42.250707],[-83.74092,42.250707]],[[-83.74092,42.250707],[-83.740918,42.250628]],[[-83.74092,42.250707],[-83.740905,42.250707]],[[-83.740905,42.250707],[-83.740903,42.250628]],[[-83.740905,42.250707],[-83.74089,42.250707]],[[-83.74089,42.250707],[-83.740888,42.250639]],[[-83.74089,42.250707],[-83.740876,42.250707]],[[-83.740876,42.250707],[-83.740875,42.250662]],[[-83.740876,42.250707],[-83.740861,42.250708]],[[-83.740861,42.250708],[-83.740861,42.250683]],[[-83.740861,42.250708],[-83.740847,42.250708]],[[-83.740847,42.250708],[-83.740846,42.250702]],[[-83.740847,42.250708],[-83.740842,42.250708]],[[-83.740842,42.250708],[-83.740831,42.250708]],[[-83.740842,42.250708],[-83.740831,42.25072]],[[-83.740831,42.250708],[-83.740831,42.2507]],[[-83.740831,42.250708],[-83.740824,42.250708]],[[-83.740824,42.250708],[-83.740817,42.250708]],[[-83.740824,42.250708],[-83.740817,42.250716]],[[-83.740817,42.250708],[-83.740816,42.250697]],[[-83.740817,42.250708],[-83.740807,42.250708]],[[-83.740807,42.250708],[-83.740802,42.250708]],[[-83.740807,42.250708],[-83.740802,42.250713]],[[-83.740802,42.250708],[-83.740802,42.250694]],[[-83.740802,42.250708],[-83.740802,42.250708]],[[-83.740802,42.250713],[-83.740802,42.250708]],[[-83.740802,42.250713],[-83.740749,42.250757],[-83.740691,42.250795],[-83.74063,42.250827],[-83.740566,42.250853],[-83.7405,42.250871],[-83.740432,42.250883],[-83.740363,42.250888],[-83.740294,42.250885],[-83.740226,42.250876],[-83.740159,42.250859],[-83.740094,42.250836],[-83.740032,42.250806],[-83.739973,42.25077],[-83.739919,42.250728]],[[-83.739918,42.25071],[-83.739917,42.250687]],[[-83.739918,42.25071],[-83.739902,42.250691]],[[-83.739902,42.250711],[-83.739887,42.250693]],[[-83.739902,42.250711],[-83.739903,42.250732]],[[-83.740817,42.250716],[-83.740817,42.250708]],[[-83.740817,42.250716],[-83.740803,42.250731]],[[-83.740831,42.25072],[-83.740831,42.250708]],[[-83.740831,42.25072],[-83.740817,42.250735]],[[-83.739888,42.250716],[-83.739872,42.250698]],[[-83.739888,42.250716],[-83.739888,42.250734]],[[-83.739873,42.250717],[-83.739872,42.250698]],[[-83.739873,42.250717],[-83.739858,42.2507]],[[-83.740803,42.250731],[-83.740802,42.250713]],[[-83.740803,42.250731],[-83.740749,42.250773],[-83.740691,42.25081],[-83.74063,42.250841],[-83.740566,42.250865],[-83.7405,42.250883],[-83.740432,42.250895],[-83.740364,42.250899],[-83.740296,42.250897],[-83.740228,42.250888],[-83.740161,42.250873],[-83.740096,42.250851],[-83.740034,42.250822],[-83.739975,42.250788],[-83.739919,42.250748]],[[-83.739919,42.250728],[-83.739918,42.25071]],[[-83.739919,42.250728],[-83.739902,42.250711]],[[-83.740817,42.250735],[-83.740817,42.250716]],[[-83.740817,42.250735],[-83.740803,42.250749]],[[-83.739903,42.250732],[-83.739888,42.250716]],[[-83.739903,42.250732],[-83.739903,42.250748]],[[-83.739888,42.250734],[-83.739873,42.250717]],[[-83.739888,42.250734],[-83.73989,42.250788]],[[-83.740803,42.250749],[-83.740803,42.250731]],[[-83.740803,42.250749],[-83.740748,42.250789],[-83.74069,42.250824],[-83.740629,42.250854],[-83.740565,42.250877],[-83.740499,42.250894],[-83.740432,42.250905],[-83.740364,42.25091],[-83.740296,42.250907],[-83.740228,42.250899],[-83.740162,42.250884],[-83.740097,42.250862],[-83.740035,42.250835],[-83.739976,42.250802],[-83.73992,42.250763]],[[-83.739919,42.250748],[-83.739919,42.250728]],[[-83.739919,42.250748],[-83.739903,42.250732]],[[-83.739903,42.250748],[-83.739888,42.250734]],[[-83.739903,42.250748],[-83.739905,42.250787]],[[-83.73992,42.250763],[-83.739919,42.250748]],[[-83.73992,42.250763],[-83.739903,42.250748]],[[-83.739905,42.250787],[-83.739921,42.250787],[-83.73992,42.250763]],[[-83.73989,42.250788],[-83.739905,42.250787]],[[-83.739875,42.250788],[-83.73989,42.250788]],[[-83.739875,42.250788],[-83.739873,42.250717]],[[-83.739861,42.250788],[-83.739875,42.250788]],[[-83.739846,42.250788],[-83.739861,42.250788]],[[-83.739846,42.250788],[-83.739843,42.250679]],[[-83.739831,42.250788],[-83.739846,42.250788]],[[-83.739817,42.250789],[-83.739831,42.250788]],[[-83.739817,42.250789],[-83.739812,42.250626]],[[-83.739801,42.250789],[-83.739817,42.250789]],[[-83.739801,42.250789],[-83.739795,42.250585]],[[-83.739786,42.250789],[-83.739801,42.250789]],[[-83.739786,42.250789],[-83.739779,42.250493]],[[-83.740939,42.250841],[-83.740935,42.250707]],[[-83.740939,42.250841],[-83.740924,42.250841]],[[-83.740924,42.250841],[-83.74092,42.250707]],[[-83.740924,42.250841],[-83.740909,42.250841]],[[-83.740909,42.250841],[-83.740905,42.250707]],[[-83.740909,42.250841],[-83.740894,42.250842]],[[-83.740894,42.250842],[-83.74089,42.250707]],[[-83.740894,42.250842],[-83.74088,42.250842]],[[-83.74088,42.250842],[-83.740876,42.250707]],[[-83.74088,42.250842],[-83.740865,42.250842]],[[-83.740865,42.250842],[-83.740861,42.250708]],[[-83.740865,42.250842],[-83.74085,42.250842]],[[-83.74085,42.250842],[-83.740847,42.250708]],[[-83.74085,42.250842],[-83.740834,42.250842]],[[-83.740834,42.250842],[-83.740831,42.25072]],[[-83.740834,42.250842],[-83.74082,42.250842]],[[-83.74082,42.250842],[-83.740817,42.250735]],[[-83.74082,42.250842],[-83.740806,42.250842],[-83.740803,42.250749]]]},"properties":{"Layer":"CM-ATHL"}},{"type":"Feature","geometry":{"type":"LineString","coordinates":[[-83.741429,42.250116],[-83.741408,42.250125],[-83.741382,42.250147],[-83.741375,42.250159],[-83.741368,42.250166],[-83.741343,42.250185],[-83.741307,42.250186],[-83.741281,42.250169],[-83.74128,42.250142],[-83.741302,42.250121],[-83.741328,42.250109],[-83.741354,42.250089],[-83.741364,42.250072],[-83.741366,42.250073],[-83.741369,42.250074],[-83.741371,42.250076],[-83.741373,42.250078],[-83.741375,42.25008],[-83.741376,42.250082],[-83.741377,42.250085],[-83.741377,42.250087],[-83.741377,42.25009],[-83.741377,42.250093],[-83.741376,42.250095],[-83.741354,42.250089],[-83.741328,42.250109],[-83.741286,42.250144],[-83.741287,42.250173],[-83.741301,42.250182],[-83.74134,42.25018],[-83.741382,42.250147],[-83.741408,42.250125],[-83.741397,42.250109],[-83.741401,42.250108],[-83.741406,42.250107],[-83.741411,42.250107],[-83.741416,42.250109],[-83.741421,42.25011],[-83.741425,42.250113],[-83.741429,42.250116]]},"properties":{"Layer":"CM-ATHL"}},{"type":"Feature","geometry":{"type":"LineString","coordinates":[[-83.741325,42.250174],[-83.741297,42.250155],[-83.741323,42.250135],[-83.74135,42.250153],[-83.741325,42.250174]]},"properties":{"Layer":"CM-ATHL"}},{"type":"Feature","geometry":{"type":"LineString","coordinates":[[-83.741309,42.250159],[-83.741309,42.250156],[-83.741309,42.250154],[-83.741309,42.250151],[-83.74131,42.250149],[-83.741311,42.250146],[-83.741312,42.250144],[-83.741314,42.250143],[-83.741316,42.250141],[-83.741319,42.25014],[-83.741321,42.25014],[-83.741324,42.25014],[-83.741326,42.25014],[-83.741329,42.250141],[-83.741331,42.250142],[-83.741333,42.250143],[-83.741335,42.250145],[-83.741336,42.250147],[-83.741337,42.25015],[-83.741338,42.250152],[-83.741338,42.250155],[-83.741338,42.250157],[-83.741337,42.25016],[-83.741336,42.250162],[-83.741334,42.250164],[-83.741332,42.250166],[-83.74133,42.250167],[-83.741328,42.250168],[-83.741325,42.250169],[-83.741323,42.250169],[-83.74132,42.250168],[-83.741318,42.250168],[-83.741316,42.250167],[-83.741314,42.250165],[-83.741312,42.250163],[-83.74131,42.250161],[-83.741309,42.250159]]},"properties":{"Layer":"CM-ATHL"}},{"type":"Feature","geometry":{"type":"LineString","coordinates":[[-83.741429,42.250116],[-83.741408,42.250125],[-83.741382,42.250147],[-83.741375,42.250159],[-83.741368,42.250166],[-83.741343,42.250185],[-83.741307,42.250186],[-83.741281,42.250169],[-83.74128,42.250142],[-83.741302,42.250121],[-83.741328,42.250109],[-83.741354,42.250089],[-83.741364,42.250072],[-83.741366,42.250073],[-83.741369,42.250074],[-83.741371,42.250076],[-83.741373,42.250078],[-83.741375,42.25008],[-83.741376,42.250082],[-83.741377,42.250085],[-83.741377,42.250087],[-83.741377,42.25009],[-83.741377,42.250093],[-83.741376,42.250095],[-83.741354,42.250089],[-83.741328,42.250109],[-83.741286,42.250144],[-83.741287,42.250173],[-83.741301,42.250182],[-83.74134,42.25018],[-83.741382,42.250147],[-83.741408,42.250125],[-83.741397,42.250109],[-83.741401,42.250108],[-83.741406,42.250107],[-83.741411,42.250107],[-83.741416,42.250109],[-83.741421,42.25011],[-83.741425,42.250113],[-83.741429,42.250116]]},"properties":{"Layer":"CM-ATHL"}},{"type":"Feature","geometry":{"type":"LineString","coordinates":[[-83.74218,42.250022],[-83.74219,42.250039],[-83.742216,42.25006],[-83.742233,42.250067],[-83.742242,42.250072],[-83.742264,42.250092],[-83.742263,42.250119],[-83.742237,42.250136],[-83.742201,42.250135],[-83.742175,42.250117],[-83.742161,42.250097],[-83.742136,42.250076],[-83.742115,42.250067],[-83.742119,42.250063],[-83.742123,42.250061],[-83.742128,42.250059],[-83.742133,42.250058],[-83.742137,42.250058],[-83.742142,42.250058],[-83.742147,42.25006],[-83.742136,42.250076],[-83.742161,42.250097],[-83.742204,42.25013],[-83.742243,42.250132],[-83.742257,42.250123],[-83.742258,42.250094],[-83.742216,42.25006],[-83.74219,42.250039],[-83.742168,42.250046],[-83.742167,42.250043],[-83.742166,42.25004],[-83.742166,42.250038],[-83.742167,42.250035],[-83.742168,42.250032],[-83.742169,42.25003],[-83.742171,42.250028],[-83.742173,42.250026],[-83.742175,42.250024],[-83.742178,42.250023],[-83.74218,42.250022]]},"properties":{"Layer":"CM-ATHL"}},{"type":"Feature","geometry":{"type":"LineString","coordinates":[[-83.742247,42.250105],[-83.74222,42.250123],[-83.742195,42.250103],[-83.742223,42.250084],[-83.742247,42.250105]]},"properties":{"Layer":"CM-ATHL"}},{"type":"Feature","geometry":{"type":"LineString","coordinates":[[-83.742226,42.250115],[-83.742224,42.250115],[-83.742222,42.250116],[-83.74222,42.250116],[-83.742218,42.250115],[-83.742216,42.250115],[-83.742214,42.250114],[-83.742213,42.250112],[-83.742212,42.250111],[-83.742211,42.250109],[-83.74221,42.250107],[-83.74221,42.250105],[-83.74221,42.250103],[-83.74221,42.250101],[-83.742211,42.250099],[-83.742212,42.250097],[-83.742213,42.250096],[-83.742215,42.250094],[-83.742216,42.250093],[-83.742218,42.250093],[-83.74222,42.250092],[-83.742222,42.250092],[-83.742224,42.250093],[-83.742226,42.250094],[-83.742228,42.250095],[-83.74223,42.250096],[-83.742231,42.250097],[-83.742232,42.250099],[-83.742233,42.250101],[-83.742233,42.250103],[-83.742233,42.250105],[-83.742233,42.250107],[-83.742232,42.250109],[-83.742231,42.250111],[-83.742229,42.250112],[-83.742228,42.250114],[-83.742226,42.250115]]},"properties":{"Layer":"CM-ATHL"}},{"type":"Feature","geometry":{"type":"LineString","coordinates":[[-83.74218,42.250022],[-83.74219,42.250039],[-83.742216,42.25006],[-83.742233,42.250067],[-83.742242,42.250072],[-83.742264,42.250092],[-83.742263,42.250119],[-83.742237,42.250136],[-83.742201,42.250135],[-83.742175,42.250117],[-83.742161,42.250097],[-83.742136,42.250076],[-83.742115,42.250067],[-83.742119,42.250063],[-83.742123,42.250061],[-83.742128,42.250059],[-83.742133,42.250058],[-83.742137,42.250058],[-83.742142,42.250058],[-83.742147,42.25006],[-83.742136,42.250076],[-83.742161,42.250097],[-83.742204,42.25013],[-83.742243,42.250132],[-83.742257,42.250123],[-83.742258,42.250094],[-83.742216,42.25006],[-83.74219,42.250039],[-83.742168,42.250046],[-83.742167,42.250043],[-83.742166,42.25004],[-83.742166,42.250038],[-83.742167,42.250035],[-83.742168,42.250032],[-83.742169,42.25003],[-83.742171,42.250028],[-83.742173,42.250026],[-83.742175,42.250024],[-83.742178,42.250023],[-83.74218,42.250022]]},"properties":{"Layer":"CM-ATHL"}},{"type":"Feature","geometry":{"type":"LineString","coordinates":[[-83.742247,42.250105],[-83.74222,42.250123],[-83.742195,42.250103],[-83.742223,42.250084],[-83.742247,42.250105]]},"properties":{"Layer":"CM-ATHL"}},{"type":"Feature","geometry":{"type":"LineString","coordinates":[[-83.742226,42.250115],[-83.742224,42.250115],[-83.742222,42.250116],[-83.74222,42.250116],[-83.742218,42.250115],[-83.742216,42.250115],[-83.742214,42.250114],[-83.742213,42.250112],[-83.742212,42.250111],[-83.742211,42.250109],[-83.74221,42.250107],[-83.74221,42.250105],[-83.74221,42.250103],[-83.74221,42.250101],[-83.742211,42.250099],[-83.742212,42.250097],[-83.742213,42.250096],[-83.742215,42.250094],[-83.742216,42.250093],[-83.742218,42.250093],[-83.74222,42.250092],[-83.742222,42.250092],[-83.742224,42.250093],[-83.742226,42.250094],[-83.742228,42.250095],[-83.74223,42.250096],[-83.742231,42.250097],[-83.742232,42.250099],[-83.742233,42.250101],[-83.742233,42.250103],[-83.742233,42.250105],[-83.742233,42.250107],[-83.742232,42.250109],[-83.742231,42.250111],[-83.742229,42.250112],[-83.742228,42.250114],[-83.742226,42.250115]]},"properties":{"Layer":"CM-ATHL"}},{"type":"Feature","geometry":{"type":"LineString","coordinates":[[-83.742267,42.249979],[-83.742215,42.249987],[-83.742074,42.249802],[-83.742117,42.249787],[-83.742162,42.249777],[-83.742207,42.249771],[-83.742253,42.24977],[-83.742298,42.249774],[-83.742267,42.249979]]},"properties":{"Layer":"CM-ATHL"}},{"type":"Feature","geometry":{"type":"LineString","coordinates":[[-83.742268,42.250021],[-83.742232,42.250026],[-83.742226,42.249999],[-83.742262,42.249994],[-83.742268,42.250021]]},"properties":{"Layer":"CM-ATHL"}},{"type":"Feature","geometry":{"type":"LineString","coordinates":[[-83.742243,42.250021],[-83.742241,42.25002],[-83.74224,42.250019],[-83.742238,42.250018],[-83.742237,42.250016],[-83.742236,42.250015],[-83.742236,42.250013],[-83.742235,42.250011],[-83.742235,42.250009],[-83.742236,42.250007],[-83.742237,42.250005],[-83.742238,42.250003],[-83.742239,42.250002],[-83.742241,42.25],[-83.742242,42.249999],[-83.742244,42.249999],[-83.742246,42.249999],[-83.742248,42.249999],[-83.74225,42.249999],[-83.742252,42.25],[-83.742254,42.250001],[-83.742255,42.250002],[-83.742257,42.250004],[-83.742257,42.250006],[-83.742258,42.250008],[-83.742258,42.25001],[-83.742258,42.250012],[-83.742258,42.250014],[-83.742257,42.250015],[-83.742256,42.250017],[-83.742255,42.250019],[-83.742253,42.25002],[-83.742251,42.250021],[-83.742249,42.250021],[-83.742247,42.250022],[-83.742245,42.250022],[-83.742243,42.250021]]},"properties":{"Layer":"CM-ATHL"}},{"type":"Feature","geometry":{"type":"LineString","coordinates":[[-83.742268,42.250021],[-83.742232,42.250026],[-83.742226,42.249999],[-83.742262,42.249994],[-83.742268,42.250021]]},"properties":{"Layer":"CM-ATHL"}},{"type":"Feature","geometry":{"type":"LineString","coordinates":[[-83.742243,42.250021],[-83.742241,42.25002],[-83.74224,42.250019],[-83.742238,42.250018],[-83.742237,42.250016],[-83.742236,42.250015],[-83.742236,42.250013],[-83.742235,42.250011],[-83.742235,42.250009],[-83.742236,42.250007],[-83.742237,42.250005],[-83.742238,42.250003],[-83.742239,42.250002],[-83.742241,42.25],[-83.742242,42.249999],[-83.742244,42.249999],[-83.742246,42.249999],[-83.742248,42.249999],[-83.74225,42.249999],[-83.742252,42.25],[-83.742254,42.250001],[-83.742255,42.250002],[-83.742257,42.250004],[-83.742257,42.250006],[-83.742258,42.250008],[-83.742258,42.25001],[-83.742258,42.250012],[-83.742258,42.250014],[-83.742257,42.250015],[-83.742256,42.250017],[-83.742255,42.250019],[-83.742253,42.25002],[-83.742251,42.250021],[-83.742249,42.250021],[-83.742247,42.250022],[-83.742245,42.250022],[-83.742243,42.250021]]},"properties":{"Layer":"CM-ATHL"}},{"type":"Feature","geometry":{"type":"LineString","coordinates":[[-83.742268,42.250021],[-83.742232,42.250026],[-83.742226,42.249999],[-83.742262,42.249994],[-83.742268,42.250021]]},"properties":{"Layer":"CM-ATHL"}},{"type":"Feature","geometry":{"type":"LineString","coordinates":[[-83.742243,42.250021],[-83.742241,42.25002],[-83.74224,42.250019],[-83.742238,42.250018],[-83.742237,42.250016],[-83.742236,42.250015],[-83.742236,42.250013],[-83.742235,42.250011],[-83.742235,42.250009],[-83.742236,42.250007],[-83.742237,42.250005],[-83.742238,42.250003],[-83.742239,42.250002],[-83.742241,42.25],[-83.742242,42.249999],[-83.742244,42.249999],[-83.742246,42.249999],[-83.742248,42.249999],[-83.74225,42.249999],[-83.742252,42.25],[-83.742254,42.250001],[-83.742255,42.250002],[-83.742257,42.250004],[-83.742257,42.250006],[-83.742258,42.250008],[-83.742258,42.25001],[-83.742258,42.250012],[-83.742258,42.250014],[-83.742257,42.250015],[-83.742256,42.250017],[-83.742255,42.250019],[-83.742253,42.25002],[-83.742251,42.250021],[-83.742249,42.250021],[-83.742247,42.250022],[-83.742245,42.250022],[-83.742243,42.250021]]},"properties":{"Layer":"CM-ATHL"}},{"type":"Feature","geometry":{"type":"LineString","coordinates":[[-83.742268,42.250021],[-83.742232,42.250026],[-83.742226,42.249999],[-83.742262,42.249994],[-83.742268,42.250021]]},"properties":{"Layer":"CM-ATHL"}},{"type":"Feature","geometry":{"type":"LineString","coordinates":[[-83.742243,42.250021],[-83.742241,42.25002],[-83.74224,42.250019],[-83.742238,42.250018],[-83.742237,42.250016],[-83.742236,42.250015],[-83.742236,42.250013],[-83.742235,42.250011],[-83.742235,42.250009],[-83.742236,42.250007],[-83.742237,42.250005],[-83.742238,42.250003],[-83.742239,42.250002],[-83.742241,42.25],[-83.742242,42.249999],[-83.742244,42.249999],[-83.742246,42.249999],[-83.742248,42.249999],[-83.74225,42.249999],[-83.742252,42.25],[-83.742254,42.250001],[-83.742255,42.250002],[-83.742257,42.250004],[-83.742257,42.250006],[-83.742258,42.250008],[-83.742258,42.25001],[-83.742258,42.250012],[-83.742258,42.250014],[-83.742257,42.250015],[-83.742256,42.250017],[-83.742255,42.250019],[-83.742253,42.25002],[-83.742251,42.250021],[-83.742249,42.250021],[-83.742247,42.250022],[-83.742245,42.250022],[-83.742243,42.250021]]},"properties":{"Layer":"CM-ATHL"}},{"type":"Feature","geometry":{"type":"LineString","coordinates":[[-83.741298,42.250018],[-83.741246,42.250008],[-83.741226,42.249797],[-83.741272,42.249796],[-83.741317,42.249801],[-83.741361,42.24981],[-83.741404,42.249824],[-83.741445,42.249843],[-83.741298,42.250018]]},"properties":{"Layer":"CM-ATHL"}},{"type":"Feature","geometry":{"type":"LineString","coordinates":[[-83.741286,42.250045],[-83.74125,42.250038],[-83.74126,42.250012],[-83.741296,42.250019],[-83.741286,42.250045]]},"properties":{"Layer":"CM-ATHL"}},{"type":"Feature","geometry":{"type":"LineString","coordinates":[[-83.741263,42.250037],[-83.741262,42.250036],[-83.741261,42.250034],[-83.74126,42.250032],[-83.74126,42.250029],[-83.74126,42.250027],[-83.741261,42.250025],[-83.741261,42.250023],[-83.741263,42.250021],[-83.741264,42.250019],[-83.741266,42.250018],[-83.741268,42.250017],[-83.74127,42.250016],[-83.741272,42.250016],[-83.741274,42.250016],[-83.741277,42.250016],[-83.741279,42.250017],[-83.741281,42.250018],[-83.741282,42.25002],[-83.741284,42.250022],[-83.741285,42.250024],[-83.741285,42.250026],[-83.741286,42.250028],[-83.741286,42.25003],[-83.741285,42.250033],[-83.741284,42.250035],[-83.741283,42.250037],[-83.741282,42.250038],[-83.74128,42.25004],[-83.741278,42.250041],[-83.741276,42.250041],[-83.741273,42.250042],[-83.741271,42.250041],[-83.741269,42.250041],[-83.741267,42.25004],[-83.741265,42.250039],[-83.741263,42.250037]]},"properties":{"Layer":"CM-ATHL"}},{"type":"Feature","geometry":{"type":"LineString","coordinates":[[-83.741286,42.250045],[-83.74125,42.250038],[-83.74126,42.250012],[-83.741296,42.250019],[-83.741286,42.250045]]},"properties":{"Layer":"CM-ATHL"}},{"type":"Feature","geometry":{"type":"LineString","coordinates":[[-83.741263,42.250037],[-83.741262,42.250036],[-83.741261,42.250034],[-83.74126,42.250032],[-83.74126,42.250029],[-83.74126,42.250027],[-83.741261,42.250025],[-83.741261,42.250023],[-83.741263,42.250021],[-83.741264,42.250019],[-83.741266,42.250018],[-83.741268,42.250017],[-83.74127,42.250016],[-83.741272,42.250016],[-83.741274,42.250016],[-83.741277,42.250016],[-83.741279,42.250017],[-83.741281,42.250018],[-83.741282,42.25002],[-83.741284,42.250022],[-83.741285,42.250024],[-83.741285,42.250026],[-83.741286,42.250028],[-83.741286,42.25003],[-83.741285,42.250033],[-83.741284,42.250035],[-83.741283,42.250037],[-83.741282,42.250038],[-83.74128,42.25004],[-83.741278,42.250041],[-83.741276,42.250041],[-83.741273,42.250042],[-83.741271,42.250041],[-83.741269,42.250041],[-83.741267,42.25004],[-83.741265,42.250039],[-83.741263,42.250037]]},"properties":{"Layer":"CM-ATHL"}},{"type":"Feature","geometry":{"type":"LineString","coordinates":[[-83.741286,42.250045],[-83.74125,42.250038],[-83.74126,42.250012],[-83.741296,42.250019],[-83.741286,42.250045]]},"properties":{"Layer":"CM-ATHL"}},{"type":"Feature","geometry":{"type":"LineString","coordinates":[[-83.741263,42.250037],[-83.741262,42.250036],[-83.741261,42.250034],[-83.74126,42.250032],[-83.74126,42.250029],[-83.74126,42.250027],[-83.741261,42.250025],[-83.741261,42.250023],[-83.741263,42.250021],[-83.741264,42.250019],[-83.741266,42.250018],[-83.741268,42.250017],[-83.74127,42.250016],[-83.741272,42.250016],[-83.741274,42.250016],[-83.741277,42.250016],[-83.741279,42.250017],[-83.741281,42.250018],[-83.741282,42.25002],[-83.741284,42.250022],[-83.741285,42.250024],[-83.741285,42.250026],[-83.741286,42.250028],[-83.741286,42.25003],[-83.741285,42.250033],[-83.741284,42.250035],[-83.741283,42.250037],[-83.741282,42.250038],[-83.74128,42.25004],[-83.741278,42.250041],[-83.741276,42.250041],[-83.741273,42.250042],[-83.741271,42.250041],[-83.741269,42.250041],[-83.741267,42.25004],[-83.741265,42.250039],[-83.741263,42.250037]]},"properties":{"Layer":"CM-ATHL"}},{"type":"Feature","geometry":{"type":"LineString","coordinates":[[-83.741286,42.250045],[-83.74125,42.250038],[-83.74126,42.250012],[-83.741296,42.250019],[-83.741286,42.250045]]},"properties":{"Layer":"CM-ATHL"}},{"type":"Feature","geometry":{"type":"LineString","coordinates":[[-83.741263,42.250037],[-83.741262,42.250036],[-83.741261,42.250034],[-83.74126,42.250032],[-83.74126,42.250029],[-83.74126,42.250027],[-83.741261,42.250025],[-83.741261,42.250023],[-83.741263,42.250021],[-83.741264,42.250019],[-83.741266,42.250018],[-83.741268,42.250017],[-83.74127,42.250016],[-83.741272,42.250016],[-83.741274,42.250016],[-83.741277,42.250016],[-83.741279,42.250017],[-83.741281,42.250018],[-83.741282,42.25002],[-83.741284,42.250022],[-83.741285,42.250024],[-83.741285,42.250026],[-83.741286,42.250028],[-83.741286,42.25003],[-83.741285,42.250033],[-83.741284,42.250035],[-83.741283,42.250037],[-83.741282,42.250038],[-83.74128,42.25004],[-83.741278,42.250041],[-83.741276,42.250041],[-83.741273,42.250042],[-83.741271,42.250041],[-83.741269,42.250041],[-83.741267,42.25004],[-83.741265,42.250039],[-83.741263,42.250037]]},"properties":{"Layer":"CM-ATHL"}},{"type":"Feature","geometry":{"type":"MultiLineString","coordinates":[[[-83.742249,42.264261],[-83.742255,42.26426]],[[-83.742249,42.264261],[-83.742247,42.264195]],[[-83.742247,42.264195],[-83.742252,42.264195]],[[-83.742247,42.264195],[-83.742241,42.264008],[-83.74213,42.26401]],[[-83.742243,42.264261],[-83.742249,42.264261]],[[-83.742241,42.264195],[-83.742247,42.264195]],[[-83.742144,42.264449],[-83.742255,42.264447],[-83.742249,42.264261]],[[-83.74213,42.26401],[-83.742144,42.264449]],[[-83.74213,42.26401],[-83.742075,42.264011]],[[-83.742104,42.264222],[-83.742104,42.264238]],[[-83.742089,42.26445],[-83.742144,42.264449]],[[-83.74209,42.264304],[-83.742084,42.264304]],[[-83.742085,42.264157],[-83.742079,42.264157]],[[-83.742084,42.264304],[-83.742089,42.26445]],[[-83.742084,42.264304],[-83.742079,42.264304]],[[-83.742079,42.264157],[-83.742084,42.264304]],[[-83.742079,42.264157],[-83.742074,42.264158]],[[-83.742075,42.264011],[-83.742079,42.264157]],[[-83.742075,42.264011],[-83.742019,42.264012]],[[-83.742033,42.264451],[-83.742089,42.26445]],[[-83.742034,42.264305],[-83.742029,42.264305]],[[-83.74203,42.264158],[-83.742024,42.264158]],[[-83.742029,42.264305],[-83.742033,42.264451]],[[-83.742029,42.264305],[-83.742023,42.264305]],[[-83.742024,42.264158],[-83.742029,42.264305]],[[-83.742024,42.264158],[-83.742018,42.264159]],[[-83.742019,42.264012],[-83.742024,42.264158]],[[-83.742019,42.264012],[-83.741964,42.264013]],[[-83.741979,42.264306],[-83.741973,42.264306]],[[-83.741978,42.264452],[-83.742033,42.264451]],[[-83.741974,42.264159],[-83.741969,42.264159]],[[-83.741973,42.264306],[-83.741978,42.264452]],[[-83.741973,42.264306],[-83.741968,42.264306]],[[-83.741969,42.264159],[-83.741973,42.264306]],[[-83.741969,42.264159],[-83.741963,42.26416]],[[-83.741964,42.264013],[-83.741969,42.264159]],[[-83.741964,42.264013],[-83.741908,42.264014]],[[-83.741923,42.264453],[-83.741978,42.264452]],[[-83.741923,42.264307],[-83.741918,42.264307]],[[-83.741918,42.264307],[-83.741923,42.264453]],[[-83.741918,42.264307],[-83.741912,42.264307]],[[-83.741919,42.26416],[-83.741913,42.26416]],[[-83.741913,42.26416],[-83.741918,42.264307]],[[-83.741913,42.26416],[-83.741908,42.26416]],[[-83.741908,42.264014],[-83.741913,42.26416]],[[-83.741908,42.264014],[-83.741853,42.264015]],[[-83.741867,42.264454],[-83.741923,42.264453]],[[-83.741868,42.264308],[-83.741863,42.264308]],[[-83.741863,42.264161],[-83.741858,42.264161]],[[-83.741863,42.264308],[-83.741867,42.264454]],[[-83.741863,42.264308],[-83.741857,42.264308]],[[-83.741858,42.264161],[-83.741863,42.264308]],[[-83.741858,42.264161],[-83.741852,42.264161]],[[-83.741853,42.264015],[-83.741858,42.264161]],[[-83.741853,42.264015],[-83.741798,42.264016]],[[-83.741812,42.264455],[-83.741867,42.264454]],[[-83.741813,42.264309],[-83.741807,42.264309]],[[-83.741808,42.264162],[-83.741802,42.264162]],[[-83.741807,42.264309],[-83.741812,42.264455]],[[-83.741807,42.264309],[-83.741802,42.264309]],[[-83.741802,42.264162],[-83.741807,42.264309]],[[-83.741802,42.264162],[-83.741797,42.264162]],[[-83.741798,42.264016],[-83.741802,42.264162]],[[-83.741798,42.264016],[-83.741742,42.264017]],[[-83.741757,42.26431],[-83.741752,42.26431]],[[-83.741756,42.264456],[-83.741812,42.264455]],[[-83.741753,42.264163],[-83.741747,42.264163]],[[-83.741752,42.26431],[-83.741756,42.264456]],[[-83.741752,42.26431],[-83.741746,42.26431]],[[-83.741747,42.264163],[-83.741752,42.26431]],[[-83.741747,42.264163],[-83.741741,42.264163]],[[-83.741742,42.264017],[-83.741747,42.264163]],[[-83.741742,42.264017],[-83.741687,42.264018]],[[-83.741701,42.264457],[-83.741756,42.264456]],[[-83.741702,42.264311],[-83.741696,42.264311]],[[-83.741697,42.264164],[-83.741692,42.264164]],[[-83.741696,42.264311],[-83.741701,42.264457]],[[-83.741696,42.264311],[-83.741691,42.264311]],[[-83.741692,42.264164],[-83.741696,42.264311]],[[-83.741692,42.264164],[-83.741686,42.264164]],[[-83.741687,42.264018],[-83.741692,42.264164]],[[-83.741687,42.264018],[-83.741631,42.264019]],[[-83.741646,42.264458],[-83.741701,42.264457]],[[-83.741646,42.264312],[-83.741641,42.264312]],[[-83.741642,42.264165],[-83.741636,42.264165]],[[-83.741641,42.264312],[-83.741646,42.264458]],[[-83.741641,42.264312],[-83.741635,42.264312]],[[-83.741636,42.264165],[-83.741641,42.264312]],[[-83.741636,42.264165],[-83.741631,42.264165]],[[-83.741631,42.264019],[-83.741636,42.264165]],[[-83.741631,42.264019],[-83.741576,42.26402]],[[-83.741591,42.264313],[-83.741586,42.264313]],[[-83.74159,42.264459],[-83.741646,42.264458]],[[-83.741586,42.264166],[-83.741581,42.264166]],[[-83.741586,42.264313],[-83.74159,42.264459]],[[-83.741586,42.264313],[-83.74158,42.264313]],[[-83.741581,42.264166],[-83.741586,42.264313]],[[-83.741581,42.264166],[-83.741575,42.264166]],[[-83.741576,42.26402],[-83.741581,42.264166]],[[-83.741576,42.26402],[-83.741521,42.264021]],[[-83.741536,42.264314],[-83.74153,42.264314]],[[-83.741535,42.26446],[-83.74159,42.264459]],[[-83.741531,42.264167],[-83.741525,42.264167]],[[-83.74153,42.264314],[-83.741535,42.26446]],[[-83.74153,42.264314],[-83.741525,42.264314]],[[-83.741525,42.264167],[-83.74153,42.264314]],[[-83.741525,42.264167],[-83.74152,42.264167]],[[-83.741521,42.264021],[-83.741525,42.264167]],[[-83.741521,42.264021],[-83.741465,42.264022]],[[-83.741479,42.264461],[-83.741535,42.26446]],[[-83.74148,42.264314],[-83.741475,42.264315]],[[-83.741476,42.264168],[-83.74147,42.264168]],[[-83.741475,42.264315],[-83.741479,42.264461]],[[-83.741475,42.264315],[-83.741469,42.264315]],[[-83.74147,42.264168],[-83.741475,42.264315]],[[-83.74147,42.264168],[-83.741464,42.264168]],[[-83.741465,42.264022],[-83.74147,42.264168]],[[-83.741465,42.264022],[-83.74141,42.264023]],[[-83.741424,42.264462],[-83.741479,42.264461]],[[-83.741425,42.264315],[-83.741419,42.264316]],[[-83.74142,42.264169],[-83.741415,42.264169]],[[-83.741419,42.264316],[-83.741424,42.264462]],[[-83.741419,42.264316],[-83.741414,42.264316]],[[-83.741415,42.264169],[-83.741419,42.264316]],[[-83.741415,42.264169],[-83.741409,42.264169]],[[-83.74141,42.264023],[-83.741415,42.264169]],[[-83.74141,42.264023],[-83.741354,42.264024]],[[-83.741369,42.264316],[-83.741364,42.264317]],[[-83.741369,42.264463],[-83.741424,42.264462]],[[-83.741365,42.26417],[-83.741359,42.26417]],[[-83.741364,42.264317],[-83.741369,42.264463]],[[-83.741364,42.264317],[-83.741358,42.264317]],[[-83.741359,42.26417],[-83.741364,42.264317]],[[-83.741359,42.26417],[-83.741354,42.26417]],[[-83.741354,42.264024],[-83.741359,42.26417]],[[-83.741354,42.264024],[-83.741299,42.264025]],[[-83.741313,42.264464],[-83.741369,42.264463]],[[-83.741314,42.264317],[-83.741309,42.264318]],[[-83.741309,42.264171],[-83.741304,42.264171]],[[-83.741309,42.264318],[-83.741313,42.264464]],[[-83.741309,42.264318],[-83.741303,42.264318]],[[-83.741304,42.264171],[-83.741309,42.264318]],[[-83.741304,42.264171],[-83.741298,42.264171]],[[-83.741299,42.264025],[-83.741304,42.264171]],[[-83.741299,42.264025],[-83.741244,42.264026]],[[-83.741258,42.264465],[-83.741313,42.264464]],[[-83.741259,42.264318],[-83.741253,42.264319]],[[-83.741254,42.264172],[-83.741248,42.264172]],[[-83.741253,42.264319],[-83.741258,42.264465]],[[-83.741253,42.264319],[-83.741248,42.264319]],[[-83.741248,42.264172],[-83.741253,42.264319]],[[-83.741248,42.264172],[-83.741243,42.264172]],[[-83.741244,42.264026],[-83.741248,42.264172]],[[-83.741244,42.264026],[-83.741188,42.264027]],[[-83.741202,42.264466],[-83.741258,42.264465]],[[-83.741203,42.264319],[-83.741198,42.26432]],[[-83.741199,42.264173],[-83.741193,42.264173]],[[-83.741198,42.26432],[-83.741202,42.264466]],[[-83.741198,42.26432],[-83.741192,42.26432]],[[-83.741193,42.264173],[-83.741198,42.26432]],[[-83.741193,42.264173],[-83.741187,42.264173]],[[-83.741188,42.264027],[-83.741193,42.264173]],[[-83.741188,42.264027],[-83.741133,42.264028]],[[-83.741148,42.26432],[-83.741142,42.26432]],[[-83.741147,42.264467],[-83.741202,42.264466]],[[-83.741143,42.264174],[-83.741138,42.264174]],[[-83.741142,42.26432],[-83.741147,42.264467]],[[-83.741142,42.26432],[-83.741137,42.264321]],[[-83.741138,42.264174],[-83.741142,42.26432]],[[-83.741138,42.264174],[-83.741132,42.264174]],[[-83.741133,42.264028],[-83.741138,42.264174]],[[-83.741133,42.264028],[-83.741077,42.264029]],[[-83.741092,42.264468],[-83.741147,42.264467]],[[-83.741092,42.264321],[-83.741087,42.264321]],[[-83.741088,42.264175],[-83.741082,42.264175]],[[-83.741087,42.264321],[-83.741092,42.264468]],[[-83.741087,42.264321],[-83.741081,42.264322]],[[-83.741082,42.264175],[-83.741087,42.264321]],[[-83.741082,42.264175],[-83.741077,42.264175]],[[-83.741077,42.264029],[-83.741082,42.264175]],[[-83.741077,42.264029],[-83.741022,42.26403],[-83.741036,42.264469],[-83.741092,42.264468]],[[-83.741062,42.26424],[-83.741063,42.264257]]]},"properties":{"Layer":"CM-ATHL"}},{"type":"Feature","geometry":{"type":"LineString","coordinates":[[-83.740929,42.264472],[-83.740913,42.264033]]},"properties":{"Layer":"CM-ATHL"}},{"type":"Feature","geometry":{"type":"LineString","coordinates":[[-83.741036,42.264469],[-83.740929,42.264472]]},"properties":{"Layer":"CM-ATHL"}},{"type":"Feature","geometry":{"type":"LineString","coordinates":[[-83.741022,42.26403],[-83.740913,42.264033]]},"properties":{"Layer":"CM-ATHL"}},{"type":"Feature","geometry":{"type":"MultiLineString","coordinates":[[[-83.711783,42.298131],[-83.711739,42.298131]],[[-83.711783,42.298131],[-83.711783,42.298183]],[[-83.711739,42.298131],[-83.71174,42.298127],[-83.711742,42.298124],[-83.711744,42.298121],[-83.711747,42.298118],[-83.71175,42.298116],[-83.711753,42.298115],[-83.711757,42.298114],[-83.711761,42.298114],[-83.711765,42.298114],[-83.711768,42.298115],[-83.711772,42.298116],[-83.711775,42.298119],[-83.711778,42.298121],[-83.71178,42.298124],[-83.711782,42.298128],[-83.711783,42.298131]],[[-83.711783,42.298183],[-83.711783,42.298235]],[[-83.711783,42.298183],[-83.711834,42.298182],[-83.711834,42.298285]],[[-83.711738,42.298185],[-83.711783,42.298183]],[[-83.711738,42.298185],[-83.711739,42.298131]],[[-83.711783,42.298235],[-83.711738,42.298235]],[[-83.711783,42.298235],[-83.711781,42.298239],[-83.711779,42.298242],[-83.711776,42.298245],[-83.711772,42.298248],[-83.711769,42.298249],[-83.711764,42.29825],[-83.71176,42.298251],[-83.711756,42.29825],[-83.711752,42.298249],[-83.711748,42.298247],[-83.711745,42.298245],[-83.711742,42.298242],[-83.711739,42.298239],[-83.711738,42.298235]],[[-83.711738,42.298235],[-83.711738,42.298185]],[[-83.711834,42.298285],[-83.711834,42.298392]],[[-83.711687,42.298287],[-83.711834,42.298285]],[[-83.711687,42.298287],[-83.711687,42.298186],[-83.711738,42.298185]],[[-83.711737,42.29834],[-83.711739,42.298337],[-83.711741,42.298333],[-83.711744,42.298331],[-83.711747,42.298328],[-83.71175,42.298326],[-83.711754,42.298325],[-83.711758,42.298325],[-83.711762,42.298325],[-83.711766,42.298325],[-83.711769,42.298327],[-83.711773,42.298329],[-83.711776,42.298331],[-83.711778,42.298334],[-83.711781,42.298337],[-83.711782,42.298341]],[[-83.711737,42.29834],[-83.711782,42.298341]],[[-83.711782,42.298341],[-83.711783,42.298392]],[[-83.711687,42.29839],[-83.711687,42.298287]],[[-83.711737,42.298391],[-83.711737,42.29834]]]},"properties":{"Layer":null}},{"type":"Feature","geometry":{"type":"MultiLineString","coordinates":[[[-83.711127,42.299665],[-83.71095,42.299663]],[[-83.710999,42.299696],[-83.710949,42.299695]],[[-83.711074,42.299697],[-83.711128,42.299698]],[[-83.710948,42.299728],[-83.710999,42.299729]],[[-83.710999,42.299729],[-83.711002,42.299729],[-83.711005,42.29973],[-83.711008,42.299729],[-83.71101,42.299728],[-83.711013,42.299727],[-83.711015,42.299725],[-83.711017,42.299723],[-83.711019,42.299721],[-83.71102,42.299718],[-83.711021,42.299715],[-83.711021,42.299712],[-83.711021,42.29971],[-83.71102,42.299707],[-83.711019,42.299704],[-83.711017,42.299702],[-83.711015,42.2997],[-83.711013,42.299698],[-83.71101,42.299697],[-83.711008,42.299696],[-83.711005,42.299695],[-83.711002,42.299695],[-83.710999,42.299696]],[[-83.710999,42.299729],[-83.710999,42.299696]],[[-83.711075,42.29973],[-83.711074,42.299697]],[[-83.711075,42.29973],[-83.711072,42.299731],[-83.711069,42.299731],[-83.711066,42.29973],[-83.711063,42.299729],[-83.711061,42.299728],[-83.711058,42.299726],[-83.711056,42.299724],[-83.711055,42.299721],[-83.711054,42.299718],[-83.711053,42.299715],[-83.711053,42.299712],[-83.711054,42.29971],[-83.711055,42.299707],[-83.711056,42.299704],[-83.711058,42.299702],[-83.71106,42.2997],[-83.711063,42.299698],[-83.711065,42.299697],[-83.711068,42.299697],[-83.711071,42.299696],[-83.711074,42.299697]],[[-83.711128,42.299732],[-83.711075,42.29973]],[[-83.711128,42.299764],[-83.710947,42.299761]]]},"properties":{"Layer":null}},{"type":"Feature","geometry":{"type":"MultiLineString","coordinates":[[[-83.716867,42.29738],[-83.716869,42.297376],[-83.716871,42.297373],[-83.716874,42.29737],[-83.716877,42.297368],[-83.71688,42.297366],[-83.716884,42.297365],[-83.716888,42.297364],[-83.716892,42.297364],[-83.716895,42.297365],[-83.716899,42.297367],[-83.716903,42.297368],[-83.716906,42.297371],[-83.716908,42.297374],[-83.71691,42.297377],[-83.716912,42.297381]],[[-83.716912,42.297381],[-83.716867,42.29738]],[[-83.716912,42.297381],[-83.716912,42.297428]],[[-83.716867,42.297427],[-83.716867,42.29738]],[[-83.716867,42.297427],[-83.716912,42.297428]],[[-83.716912,42.297428],[-83.716912,42.297479]],[[-83.716912,42.297428],[-83.716955,42.297429],[-83.716956,42.297548]],[[-83.716867,42.297478],[-83.716867,42.297427]],[[-83.716912,42.297479],[-83.716867,42.297478]],[[-83.716912,42.297479],[-83.71691,42.297483],[-83.716908,42.297486],[-83.716905,42.297489],[-83.716902,42.297491],[-83.716898,42.297493],[-83.716895,42.297494],[-83.716891,42.297495],[-83.716887,42.297494],[-83.716883,42.297494],[-83.71688,42.297492],[-83.716876,42.297491],[-83.716873,42.297488],[-83.716871,42.297485],[-83.716869,42.297482],[-83.716867,42.297478]],[[-83.716823,42.297545],[-83.716822,42.297426],[-83.716867,42.297427]],[[-83.716876,42.297546],[-83.716823,42.297545]],[[-83.716876,42.297546],[-83.716877,42.297544],[-83.716878,42.297542],[-83.71688,42.29754],[-83.716882,42.297538],[-83.716884,42.297537],[-83.716886,42.297536],[-83.716889,42.297536],[-83.716891,42.297536],[-83.716894,42.297537],[-83.716896,42.297537],[-83.716899,42.297539],[-83.7169,42.29754],[-83.716902,42.297542],[-83.716903,42.297545],[-83.716904,42.297547]],[[-83.716904,42.297547],[-83.716876,42.297546]],[[-83.716904,42.297547],[-83.716904,42.297548],[-83.716904,42.29755],[-83.716903,42.297551],[-83.716902,42.297552],[-83.716901,42.297553],[-83.7169,42.297554],[-83.716897,42.297556],[-83.716894,42.297557],[-83.716891,42.297557],[-83.716888,42.297557],[-83.716885,42.297557],[-83.716882,42.297555],[-83.716879,42.297554],[-83.716878,42.297553],[-83.716877,42.297552],[-83.716877,42.297551],[-83.716876,42.297549],[-83.716876,42.297548],[-83.716876,42.297546]],[[-83.716956,42.297548],[-83.716904,42.297547]],[[-83.716956,42.297548],[-83.716957,42.297667],[-83.716912,42.297667]],[[-83.716911,42.297613],[-83.716869,42.297614]],[[-83.716911,42.297613],[-83.716912,42.297667]],[[-83.716869,42.297614],[-83.71687,42.29761],[-83.716872,42.297607],[-83.716875,42.297604],[-83.716877,42.297601],[-83.716881,42.297599],[-83.716884,42.297598],[-83.716888,42.297597],[-83.716892,42.297597],[-83.716896,42.297598],[-83.716899,42.297599],[-83.716903,42.297601],[-83.716906,42.297604],[-83.716908,42.297607],[-83.71691,42.29761],[-83.716911,42.297613]],[[-83.716869,42.297666],[-83.716869,42.297614]],[[-83.716869,42.297666],[-83.716825,42.297666],[-83.716823,42.297545]],[[-83.716912,42.297667],[-83.716869,42.297666]],[[-83.716912,42.297667],[-83.716913,42.297713]],[[-83.716869,42.297712],[-83.716869,42.297666]],[[-83.716913,42.297713],[-83.716869,42.297712]],[[-83.716913,42.297713],[-83.716911,42.297716],[-83.716909,42.297719],[-83.716906,42.297722],[-83.716903,42.297725],[-83.7169,42.297726],[-83.716896,42.297728],[-83.716892,42.297728],[-83.716889,42.297728],[-83.716885,42.297727],[-83.716881,42.297726],[-83.716878,42.297724],[-83.716875,42.297722],[-83.716872,42.297719],[-83.71687,42.297715],[-83.716869,42.297712]]]},"properties":{"Layer":null}},{"type":"Feature","geometry":{"type":"MultiLineString","coordinates":[[[-83.724263,42.292942],[-83.724279,42.292942],[-83.724278,42.293156],[-83.724262,42.293156]],[[-83.72409,42.292942],[-83.724106,42.292942],[-83.724105,42.293155],[-83.724089,42.293155]],[[-83.724162,42.292942],[-83.724263,42.292942]],[[-83.72399,42.292942],[-83.72409,42.292942]],[[-83.724162,42.292991],[-83.724162,42.292942]],[[-83.724211,42.292991],[-83.724162,42.292991]],[[-83.72399,42.29299],[-83.72399,42.292942]],[[-83.724262,42.292992],[-83.724263,42.292942]],[[-83.724262,42.292992],[-83.724211,42.292991]],[[-83.724038,42.29299],[-83.72399,42.29299]],[[-83.72409,42.292991],[-83.72409,42.292942]],[[-83.72409,42.292991],[-83.724038,42.29299]],[[-83.724262,42.293106],[-83.724262,42.292992]],[[-83.724262,42.293106],[-83.724212,42.293106]],[[-83.724089,42.293105],[-83.72409,42.292991]],[[-83.724089,42.293105],[-83.724039,42.293105]],[[-83.724212,42.293106],[-83.724211,42.292991]],[[-83.724212,42.293106],[-83.724162,42.293106]],[[-83.724039,42.293105],[-83.724038,42.29299]],[[-83.724039,42.293105],[-83.723989,42.293105]],[[-83.724162,42.293106],[-83.724162,42.292991]],[[-83.723989,42.293105],[-83.72399,42.29299]],[[-83.724262,42.293156],[-83.724262,42.293106]],[[-83.724262,42.293156],[-83.724162,42.293156]],[[-83.724162,42.293156],[-83.724162,42.293106]],[[-83.724162,42.293156],[-83.724146,42.293156],[-83.724146,42.292943],[-83.724162,42.292942]],[[-83.724089,42.293155],[-83.724089,42.293105]],[[-83.724089,42.293155],[-83.723989,42.293155]],[[-83.723989,42.293155],[-83.723989,42.293105]],[[-83.723989,42.293155],[-83.723973,42.293155],[-83.723973,42.292942],[-83.72399,42.292942]]]},"properties":{"Layer":null}},{"type":"Feature","geometry":{"type":"MultiLineString","coordinates":[[[-83.722104,42.285226],[-83.721971,42.28523]],[[-83.722104,42.285226],[-83.722273,42.285221],[-83.722296,42.285675]],[[-83.721971,42.28523],[-83.721749,42.285236]],[[-83.721749,42.285236],[-83.721616,42.285239]],[[-83.721749,42.285236],[-83.721751,42.285286],[-83.721974,42.28528],[-83.721971,42.28523]],[[-83.721616,42.285239],[-83.721623,42.285388],[-83.72178,42.285384]],[[-83.721955,42.285379],[-83.722111,42.285375],[-83.722104,42.285226]],[[-83.721955,42.285379],[-83.721938,42.285393],[-83.72192,42.285403],[-83.7219,42.28541],[-83.721879,42.285414],[-83.721857,42.285415],[-83.721836,42.285412],[-83.721816,42.285406],[-83.721797,42.285396],[-83.72178,42.285384]],[[-83.72178,42.285384],[-83.721955,42.285379]],[[-83.722296,42.285675],[-83.721992,42.285682]],[[-83.722296,42.285675],[-83.722318,42.286125],[-83.722148,42.286129]],[[-83.721992,42.285682],[-83.72177,42.285688]],[[-83.721992,42.285682],[-83.721987,42.285699],[-83.72198,42.285715],[-83.72197,42.285729],[-83.721958,42.285742],[-83.721945,42.285752],[-83.72193,42.285761],[-83.721913,42.285766],[-83.721896,42.28577],[-83.721879,42.28577],[-83.721862,42.285768],[-83.721845,42.285763],[-83.721831,42.285759],[-83.721818,42.285754],[-83.721806,42.285747],[-83.721795,42.285737],[-83.721786,42.285727],[-83.721779,42.285714],[-83.721774,42.285701],[-83.72177,42.285688]],[[-83.72177,42.285688],[-83.721777,42.285669],[-83.721787,42.285652],[-83.721799,42.285636],[-83.721814,42.285624],[-83.721831,42.285613],[-83.72185,42.285606],[-83.721869,42.285602],[-83.721889,42.285602],[-83.721908,42.285605],[-83.721927,42.285611],[-83.721945,42.28562],[-83.72196,42.285632],[-83.721973,42.285647],[-83.721984,42.285664],[-83.721992,42.285682]],[[-83.72177,42.285688],[-83.721467,42.285695]],[[-83.721467,42.285695],[-83.721445,42.285244],[-83.721616,42.285239]],[[-83.721986,42.285985],[-83.721968,42.285973],[-83.721949,42.285964],[-83.721928,42.285958],[-83.721907,42.285955],[-83.721886,42.285955],[-83.721865,42.285959],[-83.721845,42.285967],[-83.721826,42.285977],[-83.721809,42.28599]],[[-83.721986,42.285985],[-83.72214,42.285981],[-83.722148,42.286129]],[[-83.721809,42.28599],[-83.721986,42.285985]],[[-83.722148,42.286129],[-83.722014,42.286133]],[[-83.722014,42.286133],[-83.721792,42.286139]],[[-83.721792,42.286139],[-83.72179,42.286088],[-83.722011,42.286082],[-83.722014,42.286133]],[[-83.721792,42.286139],[-83.721659,42.286143]],[[-83.721659,42.286143],[-83.721652,42.285994],[-83.721809,42.28599]],[[-83.721659,42.286143],[-83.72149,42.286147],[-83.721467,42.285695]]]},"properties":{"Layer":"CM-ATHL"}},{"type":"Feature","geometry":{"type":"MultiLineString","coordinates":[[[-83.721128,42.285252],[-83.720995,42.285255]],[[-83.721128,42.285252],[-83.721297,42.285247],[-83.72132,42.2857]],[[-83.720995,42.285255],[-83.720773,42.285261]],[[-83.720773,42.285261],[-83.72064,42.285265]],[[-83.720773,42.285261],[-83.720775,42.285311],[-83.720998,42.285305],[-83.720995,42.285255]],[[-83.72064,42.285265],[-83.720647,42.285414],[-83.720804,42.28541]],[[-83.720979,42.285405],[-83.721135,42.285401],[-83.721128,42.285252]],[[-83.720979,42.285405],[-83.720962,42.285418],[-83.720944,42.285429],[-83.720924,42.285436],[-83.720903,42.28544],[-83.720881,42.28544],[-83.72086,42.285438],[-83.72084,42.285431],[-83.720821,42.285422],[-83.720804,42.28541]],[[-83.720804,42.28541],[-83.720979,42.285405]],[[-83.72132,42.2857],[-83.721016,42.285708]],[[-83.72132,42.2857],[-83.721342,42.28615],[-83.721172,42.286155]],[[-83.721016,42.285708],[-83.720794,42.285713]],[[-83.721016,42.285708],[-83.721011,42.285724],[-83.721004,42.28574],[-83.720994,42.285755],[-83.720982,42.285767],[-83.720969,42.285778],[-83.720954,42.285786],[-83.720937,42.285792],[-83.72092,42.285795],[-83.720903,42.285796],[-83.720886,42.285793],[-83.720869,42.285788],[-83.720855,42.285785],[-83.720842,42.28578],[-83.72083,42.285772],[-83.72082,42.285763],[-83.72081,42.285752],[-83.720803,42.28574],[-83.720798,42.285727],[-83.720794,42.285713]],[[-83.720794,42.285713],[-83.720801,42.285695],[-83.720811,42.285678],[-83.720824,42.285663],[-83.720839,42.28565],[-83.720856,42.28564],[-83.720874,42.285633],[-83.720893,42.285629],[-83.720913,42.285628],[-83.720932,42.285631],[-83.720951,42.285637],[-83.720968,42.285647],[-83.720984,42.285659],[-83.720997,42.285673],[-83.721008,42.28569],[-83.721016,42.285708]],[[-83.720794,42.285713],[-83.720491,42.285721]],[[-83.720491,42.285721],[-83.720469,42.28527],[-83.72064,42.285265]],[[-83.72101,42.286011],[-83.720992,42.285999],[-83.720973,42.285989],[-83.720952,42.285983],[-83.720931,42.28598],[-83.72091,42.285981],[-83.720889,42.285985],[-83.720869,42.285992],[-83.72085,42.286002],[-83.720833,42.286016]],[[-83.72101,42.286011],[-83.721164,42.286007],[-83.721172,42.286155]],[[-83.720833,42.286016],[-83.72101,42.286011]],[[-83.721172,42.286155],[-83.721038,42.286159]],[[-83.721038,42.286159],[-83.720816,42.286165]],[[-83.720816,42.286165],[-83.720814,42.286114],[-83.721035,42.286108],[-83.721038,42.286159]],[[-83.720816,42.286165],[-83.720683,42.286168]],[[-83.720683,42.286168],[-83.720676,42.28602],[-83.720833,42.286016]],[[-83.720683,42.286168],[-83.720514,42.286173],[-83.720491,42.285721]]]},"properties":{"Layer":"CM-ATHL"}},{"type":"Feature","geometry":{"type":"MultiLineString","coordinates":[[[-83.72332,42.295543],[-83.723012,42.295548]],[[-83.72332,42.295543],[-83.723337,42.296039],[-83.722497,42.296052],[-83.722483,42.295556]],[[-83.723012,42.295548],[-83.72279,42.295551]],[[-83.723012,42.295548],[-83.723006,42.295566],[-83.722997,42.295583],[-83.722986,42.295598],[-83.722972,42.295611],[-83.722956,42.295621],[-83.722939,42.295629],[-83.722921,42.295634],[-83.722902,42.295636],[-83.722883,42.295634],[-83.722865,42.29563],[-83.722847,42.295622],[-83.722835,42.295617],[-83.722823,42.295609],[-83.722813,42.2956],[-83.722804,42.29559],[-83.722797,42.295578],[-83.722792,42.295565],[-83.72279,42.295551]],[[-83.72279,42.295551],[-83.722797,42.295533],[-83.722807,42.295516],[-83.72282,42.295501],[-83.722835,42.295488],[-83.722852,42.295478],[-83.72287,42.295471],[-83.72289,42.295468],[-83.72291,42.295467],[-83.722929,42.29547],[-83.722948,42.295477],[-83.722965,42.295486],[-83.722981,42.295498],[-83.722994,42.295513],[-83.723004,42.29553],[-83.723012,42.295548]],[[-83.72279,42.295551],[-83.722483,42.295556]],[[-83.722483,42.295556],[-83.722469,42.29506],[-83.723304,42.295047],[-83.72332,42.295543]]]},"properties":{"Layer":null}},{"type":"Feature","geometry":{"type":"MultiLineString","coordinates":[[[-83.724266,42.295528],[-83.723957,42.295533]],[[-83.724266,42.295528],[-83.724282,42.296024],[-83.723442,42.296037],[-83.723428,42.295541]],[[-83.723957,42.295533],[-83.723735,42.295536]],[[-83.723957,42.295533],[-83.723951,42.295551],[-83.723943,42.295567],[-83.723931,42.295582],[-83.723917,42.295595],[-83.723902,42.295606],[-83.723884,42.295614],[-83.723866,42.295619],[-83.723847,42.29562],[-83.723828,42.295619],[-83.72381,42.295614],[-83.723792,42.295607],[-83.72378,42.295601],[-83.723768,42.295594],[-83.723758,42.295585],[-83.723749,42.295574],[-83.723742,42.295562],[-83.723738,42.295549],[-83.723735,42.295536]],[[-83.723735,42.295536],[-83.723742,42.295518],[-83.723752,42.295501],[-83.723765,42.295485],[-83.72378,42.295473],[-83.723797,42.295463],[-83.723816,42.295456],[-83.723835,42.295452],[-83.723855,42.295452],[-83.723874,42.295455],[-83.723893,42.295461],[-83.72391,42.295471],[-83.723926,42.295483],[-83.723939,42.295498],[-83.72395,42.295514],[-83.723957,42.295533]],[[-83.723735,42.295536],[-83.723428,42.295541]],[[-83.723428,42.295541],[-83.723414,42.295045],[-83.724249,42.295032],[-83.724266,42.295528]]]},"properties":{"Layer":null}},{"type":"Feature","geometry":{"type":"MultiLineString","coordinates":[[[-83.723318,42.285521],[-83.723207,42.285524],[-83.723201,42.28536],[-83.723312,42.285357],[-83.723318,42.285521]],[[-83.723131,42.285526],[-83.723021,42.285528],[-83.723014,42.285364],[-83.723126,42.285361],[-83.723131,42.285526]],[[-83.722949,42.28553],[-83.722839,42.285533],[-83.722832,42.285369],[-83.722943,42.285366],[-83.722949,42.28553]],[[-83.722762,42.285534],[-83.722652,42.285537],[-83.722645,42.285372],[-83.722756,42.28537],[-83.722762,42.285534]]]},"properties":{"Layer":null}},{"type":"Feature","geometry":{"type":"LineString","coordinates":[[-83.716067,42.292492],[-83.716206,42.292367],[-83.716123,42.292316],[-83.715983,42.29244],[-83.716067,42.292492]]},"properties":{"Layer":null}},{"type":"Feature","geometry":{"type":"MultiLineString","coordinates":[[[-83.746741,42.272859],[-83.746746,42.272769],[-83.747359,42.272789],[-83.747354,42.272879]],[[-83.746741,42.272859],[-83.747354,42.272879]],[[-83.747354,42.272879],[-83.747352,42.272919]],[[-83.746739,42.2729],[-83.746741,42.272859]],[[-83.746739,42.2729],[-83.747352,42.272919]],[[-83.747393,42.272909],[-83.747394,42.272882],[-83.747418,42.272883],[-83.747436,42.27291]],[[-83.747436,42.27291],[-83.747393,42.272909]],[[-83.747436,42.27291],[-83.747463,42.272952]],[[-83.747352,42.272919],[-83.74735,42.272962]],[[-83.746737,42.272941],[-83.746739,42.2729]],[[-83.746737,42.272941],[-83.74735,42.272962]],[[-83.74739,42.27295],[-83.747393,42.272909]],[[-83.747463,42.272952],[-83.74739,42.27295]],[[-83.747463,42.272952],[-83.747491,42.272994]],[[-83.74735,42.272962],[-83.747348,42.273002]],[[-83.746735,42.272982],[-83.746737,42.272941]],[[-83.746735,42.272982],[-83.747348,42.273002]],[[-83.747388,42.272991],[-83.74739,42.27295]],[[-83.747491,42.272994],[-83.747388,42.272991]],[[-83.747491,42.272994],[-83.747518,42.273035]],[[-83.747348,42.273002],[-83.747346,42.273043]],[[-83.746732,42.273022],[-83.746735,42.272982]],[[-83.746732,42.273022],[-83.747346,42.273043]],[[-83.747386,42.273032],[-83.747388,42.272991]],[[-83.747518,42.273035],[-83.747386,42.273032]],[[-83.747518,42.273035],[-83.747545,42.273077]],[[-83.747346,42.273043],[-83.747343,42.273084]],[[-83.74673,42.273064],[-83.746732,42.273022]],[[-83.74673,42.273064],[-83.747343,42.273084]],[[-83.747383,42.273073],[-83.747386,42.273032]],[[-83.747545,42.273077],[-83.747383,42.273073]],[[-83.747545,42.273077],[-83.747572,42.273119]],[[-83.747343,42.273084],[-83.747341,42.273125]],[[-83.746728,42.273105],[-83.74673,42.273064]],[[-83.746728,42.273105],[-83.747341,42.273125]],[[-83.747381,42.273114],[-83.747383,42.273073]],[[-83.747572,42.273119],[-83.747381,42.273114]],[[-83.747572,42.273119],[-83.7476,42.273161]],[[-83.747341,42.273125],[-83.747339,42.273166]],[[-83.746726,42.273145],[-83.746728,42.273105]],[[-83.747379,42.273154],[-83.747381,42.273114]],[[-83.747379,42.273154],[-83.7476,42.273161]],[[-83.7476,42.273161],[-83.747627,42.273203]],[[-83.747339,42.273166],[-83.746726,42.273145]],[[-83.747339,42.273166],[-83.747337,42.273207]],[[-83.746724,42.273187],[-83.746726,42.273145]],[[-83.747376,42.273195],[-83.747379,42.273154]],[[-83.747376,42.273195],[-83.747627,42.273203]],[[-83.747627,42.273203],[-83.747654,42.273245]],[[-83.747337,42.273207],[-83.746724,42.273187]],[[-83.747337,42.273207],[-83.747335,42.273248]],[[-83.746722,42.273228],[-83.746724,42.273187]],[[-83.747374,42.273236],[-83.747376,42.273195]],[[-83.747374,42.273236],[-83.747654,42.273245]],[[-83.747654,42.273245],[-83.747681,42.273287]],[[-83.747335,42.273248],[-83.746722,42.273228]],[[-83.747335,42.273248],[-83.747332,42.273289]],[[-83.74672,42.273269],[-83.746722,42.273228]],[[-83.747372,42.273277],[-83.747374,42.273236]],[[-83.747372,42.273277],[-83.747681,42.273287]],[[-83.747681,42.273287],[-83.747709,42.273329]],[[-83.747332,42.273289],[-83.74672,42.273269]],[[-83.747332,42.273289],[-83.74733,42.27333]],[[-83.746718,42.273309],[-83.74672,42.273269]],[[-83.747369,42.273318],[-83.747372,42.273277]],[[-83.747369,42.273318],[-83.747709,42.273329]],[[-83.747709,42.273329],[-83.747736,42.273371]],[[-83.74733,42.27333],[-83.746718,42.273309]],[[-83.74733,42.27333],[-83.747328,42.273371]],[[-83.746715,42.27335],[-83.746718,42.273309]],[[-83.747367,42.273359],[-83.747369,42.273318]],[[-83.747367,42.273359],[-83.747736,42.273371]],[[-83.747736,42.273371],[-83.747764,42.273413]],[[-83.747328,42.273371],[-83.746715,42.27335]],[[-83.747328,42.273371],[-83.747326,42.273412]],[[-83.746713,42.273391],[-83.746715,42.27335]],[[-83.747365,42.273399],[-83.747367,42.273359]],[[-83.747365,42.273399],[-83.747764,42.273413]],[[-83.747764,42.273413],[-83.747791,42.273455]],[[-83.747326,42.273412],[-83.746713,42.273391]],[[-83.747326,42.273412],[-83.747324,42.273452]],[[-83.746711,42.273432],[-83.746713,42.273391]],[[-83.747362,42.273441],[-83.747365,42.273399]],[[-83.747362,42.273441],[-83.747791,42.273455]],[[-83.747324,42.273452],[-83.746711,42.273432]],[[-83.747324,42.273452],[-83.747322,42.273494]],[[-83.747791,42.273455],[-83.747803,42.273474],[-83.747802,42.273497]],[[-83.746709,42.273472],[-83.746711,42.273432]],[[-83.74736,42.273482],[-83.747362,42.273441]],[[-83.74736,42.273482],[-83.747802,42.273497]],[[-83.747322,42.273494],[-83.746709,42.273472]],[[-83.747322,42.273494],[-83.747319,42.273534]],[[-83.747802,42.273497],[-83.7478,42.273538]],[[-83.746707,42.273514],[-83.746709,42.273472]],[[-83.747357,42.273523],[-83.74736,42.273482]],[[-83.747357,42.273523],[-83.7478,42.273538]],[[-83.747319,42.273534],[-83.746707,42.273514]],[[-83.747319,42.273534],[-83.747317,42.273575]],[[-83.7478,42.273538],[-83.747798,42.273578]],[[-83.746705,42.273554],[-83.746707,42.273514]],[[-83.747355,42.273564],[-83.747357,42.273523]],[[-83.747355,42.273564],[-83.747798,42.273578]],[[-83.747317,42.273575],[-83.746705,42.273554]],[[-83.747317,42.273575],[-83.747315,42.273616]],[[-83.747798,42.273578],[-83.747796,42.273619]],[[-83.746703,42.273595],[-83.746705,42.273554]],[[-83.747353,42.273604],[-83.747355,42.273564]],[[-83.747353,42.273604],[-83.747796,42.273619]],[[-83.747315,42.273616],[-83.746703,42.273595]],[[-83.747315,42.273616],[-83.747313,42.273657]],[[-83.747796,42.273619],[-83.747794,42.27366]],[[-83.746701,42.273637],[-83.746703,42.273595]],[[-83.74735,42.273645],[-83.747353,42.273604]],[[-83.74735,42.273645],[-83.747794,42.27366]],[[-83.747313,42.273657],[-83.746701,42.273637]],[[-83.747313,42.273657],[-83.747311,42.273698]],[[-83.747794,42.27366],[-83.747792,42.273701]],[[-83.746699,42.273678],[-83.746701,42.273637]],[[-83.747348,42.273686],[-83.74735,42.273645]],[[-83.747348,42.273686],[-83.747792,42.273701]],[[-83.747311,42.273698],[-83.746699,42.273678]],[[-83.747311,42.273698],[-83.747306,42.273789],[-83.746694,42.273768],[-83.746699,42.273678]],[[-83.747792,42.273701],[-83.74779,42.273743]],[[-83.747346,42.273728],[-83.747348,42.273686]],[[-83.747346,42.273728],[-83.74779,42.273743]],[[-83.74779,42.273743],[-83.747786,42.273825],[-83.747341,42.27381],[-83.747346,42.273728]]]},"properties":{"Layer":null}},{"type":"Feature","geometry":{"type":"LineString","coordinates":[[-83.720149,42.285993],[-83.718777,42.286021],[-83.718736,42.28491],[-83.720109,42.284882],[-83.720149,42.285993]]},"properties":{"Layer":null}},{"type":"Feature","geometry":{"type":"MultiLineString","coordinates":[[[-83.743299,42.266313],[-83.7433,42.266348],[-83.743349,42.266347]],[[-83.743281,42.266313],[-83.743282,42.266348],[-83.743111,42.266351],[-83.74311,42.266314]],[[-83.743099,42.266313],[-83.7431,42.266351],[-83.743047,42.266352],[-83.743044,42.266368],[-83.743043,42.266372]],[[-83.743349,42.266347],[-83.74335,42.266348]],[[-83.743349,42.266347],[-83.743338,42.266355],[-83.74332,42.266368],[-83.743327,42.266374],[-83.743346,42.266361],[-83.743339,42.266355]],[[-83.74335,42.266348],[-83.74337,42.266364]],[[-83.743349,42.266348],[-83.74335,42.266348]],[[-83.74337,42.266364],[-83.74337,42.266364]],[[-83.743369,42.266364],[-83.74337,42.266364]],[[-83.74337,42.266364],[-83.74336,42.266372],[-83.743341,42.266385],[-83.743341,42.266385]],[[-83.74337,42.266364],[-83.743371,42.266398],[-83.743431,42.266397]],[[-83.743343,42.26637],[-83.743341,42.266372],[-83.743337,42.266369],[-83.743339,42.266367],[-83.743343,42.266368],[-83.743343,42.26637]],[[-83.743117,42.266371],[-83.743319,42.266368]],[[-83.743117,42.266371],[-83.743117,42.266371],[-83.743112,42.266371]],[[-83.743112,42.266371],[-83.743117,42.266371]],[[-83.743112,42.266371],[-83.743113,42.266375],[-83.743117,42.266375],[-83.743117,42.266371]],[[-83.743043,42.266372],[-83.743112,42.266371]],[[-83.74304,42.266372],[-83.743043,42.266372]],[[-83.74304,42.266372],[-83.743042,42.26637],[-83.743041,42.266343],[-83.742962,42.266343],[-83.742646,42.266378]],[[-83.742646,42.266378],[-83.74304,42.266372]],[[-83.742646,42.266378],[-83.742644,42.266379],[-83.742655,42.266448],[-83.742671,42.266517],[-83.742686,42.266575],[-83.742705,42.266632],[-83.742727,42.266687],[-83.742743,42.26672],[-83.742763,42.266751],[-83.742787,42.266778],[-83.742815,42.266801],[-83.742867,42.266832],[-83.742921,42.266856],[-83.742978,42.266875],[-83.743036,42.266888],[-83.743095,42.266894],[-83.743155,42.266894],[-83.743254,42.266893],[-83.743354,42.266891]],[[-83.742605,42.266379],[-83.742646,42.266378]],[[-83.743341,42.266385],[-83.743333,42.266379],[-83.743352,42.266366],[-83.743359,42.266371]],[[-83.743431,42.266411],[-83.743372,42.266411],[-83.743375,42.266534],[-83.743434,42.266533]],[[-83.743204,42.266453],[-83.743204,42.266457],[-83.743205,42.26646],[-83.743207,42.266463],[-83.74321,42.266466],[-83.743213,42.266468],[-83.743217,42.26647],[-83.743221,42.266471],[-83.743225,42.266472],[-83.74323,42.266473],[-83.743234,42.266472],[-83.743238,42.266471],[-83.743242,42.26647],[-83.743246,42.266468],[-83.743249,42.266466],[-83.743252,42.266463],[-83.743254,42.26646],[-83.743255,42.266457],[-83.743256,42.266454],[-83.743255,42.26645],[-83.743254,42.266447],[-83.743252,42.266444],[-83.74325,42.266441],[-83.743247,42.266439],[-83.743243,42.266437],[-83.743239,42.266435],[-83.743234,42.266434],[-83.74323,42.266434],[-83.743225,42.266434],[-83.743221,42.266435],[-83.743217,42.266437],[-83.743213,42.266439],[-83.74321,42.266441],[-83.743207,42.266444],[-83.743205,42.266447],[-83.743204,42.26645],[-83.743204,42.266453]],[[-83.743345,42.26653],[-83.743341,42.266385]],[[-83.743345,42.26653],[-83.74334,42.26653],[-83.74334,42.266534],[-83.743345,42.266534]],[[-83.743345,42.266534],[-83.743345,42.266534],[-83.743345,42.26653],[-83.743345,42.26653]],[[-83.743345,42.266534],[-83.743345,42.26653]],[[-83.743121,42.266534],[-83.743117,42.266534],[-83.743117,42.266537],[-83.743121,42.266537],[-83.743121,42.266534]],[[-83.743433,42.266541],[-83.743375,42.266542],[-83.743376,42.266577],[-83.743346,42.266586]],[[-83.743346,42.266586],[-83.743345,42.266534]],[[-83.743346,42.266586],[-83.74333,42.266591],[-83.743268,42.266601],[-83.743204,42.266605],[-83.743198,42.266605],[-83.743182,42.266603],[-83.743141,42.266594],[-83.743104,42.266577],[-83.743082,42.266563],[-83.74308,42.266561],[-83.743063,42.266543],[-83.74305,42.266523],[-83.743043,42.266502],[-83.743041,42.266481],[-83.743038,42.266432],[-83.743043,42.266372]],[[-83.743354,42.266891],[-83.743354,42.266891],[-83.743346,42.266601],[-83.743346,42.266586]],[[-83.743355,42.266918],[-83.743354,42.266891]]]},"properties":{"Layer":"CM-ATHL"}},{"type":"Feature","geometry":{"type":"MultiLineString","coordinates":[[[-83.743299,42.266313],[-83.7433,42.266348],[-83.743349,42.266347]],[[-83.743281,42.266313],[-83.743282,42.266348],[-83.743111,42.266351],[-83.74311,42.266314]],[[-83.743099,42.266313],[-83.7431,42.266351],[-83.743047,42.266352],[-83.743044,42.266368],[-83.743043,42.266372]],[[-83.743349,42.266347],[-83.74335,42.266348]],[[-83.743349,42.266347],[-83.743338,42.266355],[-83.74332,42.266368],[-83.743327,42.266374],[-83.743346,42.266361],[-83.743339,42.266355]],[[-83.74335,42.266348],[-83.74337,42.266364]],[[-83.743349,42.266348],[-83.74335,42.266348]],[[-83.74337,42.266364],[-83.74337,42.266364]],[[-83.743369,42.266364],[-83.74337,42.266364]],[[-83.74337,42.266364],[-83.74336,42.266372],[-83.743341,42.266385],[-83.743341,42.266385]],[[-83.74337,42.266364],[-83.743371,42.266398],[-83.743431,42.266397]],[[-83.743343,42.26637],[-83.743341,42.266372],[-83.743337,42.266369],[-83.743339,42.266367],[-83.743343,42.266368],[-83.743343,42.26637]],[[-83.743117,42.266371],[-83.743319,42.266368]],[[-83.743117,42.266371],[-83.743117,42.266371],[-83.743112,42.266371]],[[-83.743112,42.266371],[-83.743117,42.266371]],[[-83.743112,42.266371],[-83.743113,42.266375],[-83.743117,42.266375],[-83.743117,42.266371]],[[-83.743043,42.266372],[-83.743112,42.266371]],[[-83.74304,42.266372],[-83.743043,42.266372]],[[-83.74304,42.266372],[-83.743042,42.26637],[-83.743041,42.266343],[-83.742962,42.266343],[-83.742646,42.266378]],[[-83.742646,42.266378],[-83.74304,42.266372]],[[-83.742646,42.266378],[-83.742644,42.266379],[-83.742655,42.266448],[-83.742671,42.266517],[-83.742686,42.266575],[-83.742705,42.266632],[-83.742727,42.266687],[-83.742743,42.26672],[-83.742763,42.266751],[-83.742787,42.266778],[-83.742815,42.266801],[-83.742867,42.266832],[-83.742921,42.266856],[-83.742978,42.266875],[-83.743036,42.266888],[-83.743095,42.266894],[-83.743155,42.266894],[-83.743254,42.266893],[-83.743354,42.266891]],[[-83.742605,42.266379],[-83.742646,42.266378]],[[-83.743341,42.266385],[-83.743333,42.266379],[-83.743352,42.266366],[-83.743359,42.266371]],[[-83.743431,42.266411],[-83.743372,42.266411],[-83.743375,42.266534],[-83.743434,42.266533]],[[-83.743204,42.266453],[-83.743204,42.266457],[-83.743205,42.26646],[-83.743207,42.266463],[-83.74321,42.266466],[-83.743213,42.266468],[-83.743217,42.26647],[-83.743221,42.266471],[-83.743225,42.266472],[-83.74323,42.266473],[-83.743234,42.266472],[-83.743238,42.266471],[-83.743242,42.26647],[-83.743246,42.266468],[-83.743249,42.266466],[-83.743252,42.266463],[-83.743254,42.26646],[-83.743255,42.266457],[-83.743256,42.266454],[-83.743255,42.26645],[-83.743254,42.266447],[-83.743252,42.266444],[-83.74325,42.266441],[-83.743247,42.266439],[-83.743243,42.266437],[-83.743239,42.266435],[-83.743234,42.266434],[-83.74323,42.266434],[-83.743225,42.266434],[-83.743221,42.266435],[-83.743217,42.266437],[-83.743213,42.266439],[-83.74321,42.266441],[-83.743207,42.266444],[-83.743205,42.266447],[-83.743204,42.26645],[-83.743204,42.266453]],[[-83.743345,42.26653],[-83.743341,42.266385]],[[-83.743345,42.26653],[-83.74334,42.26653],[-83.74334,42.266534],[-83.743345,42.266534]],[[-83.743345,42.266534],[-83.743345,42.266534],[-83.743345,42.26653],[-83.743345,42.26653]],[[-83.743345,42.266534],[-83.743345,42.26653]],[[-83.743121,42.266534],[-83.743117,42.266534],[-83.743117,42.266537],[-83.743121,42.266537],[-83.743121,42.266534]],[[-83.743433,42.266541],[-83.743375,42.266542],[-83.743376,42.266577],[-83.743346,42.266586]],[[-83.743346,42.266586],[-83.743345,42.266534]],[[-83.743346,42.266586],[-83.74333,42.266591],[-83.743268,42.266601],[-83.743204,42.266605],[-83.743198,42.266605],[-83.743182,42.266603],[-83.743141,42.266594],[-83.743104,42.266577],[-83.743082,42.266563],[-83.74308,42.266561],[-83.743063,42.266543],[-83.74305,42.266523],[-83.743043,42.266502],[-83.743041,42.266481],[-83.743038,42.266432],[-83.743043,42.266372]],[[-83.743354,42.266891],[-83.743354,42.266891],[-83.743346,42.266601],[-83.743346,42.266586]],[[-83.743355,42.266918],[-83.743354,42.266891]]]},"properties":{"Layer":"CM-ATHL"}},{"type":"Feature","geometry":{"type":"MultiLineString","coordinates":[[[-83.724793,42.285599],[-83.724793,42.2856]],[[-83.724793,42.285599],[-83.724782,42.285607],[-83.724764,42.28562],[-83.724771,42.285626],[-83.72479,42.285613],[-83.724783,42.285607]],[[-83.724793,42.285599],[-83.724726,42.2856],[-83.724544,42.285603],[-83.724491,42.285604],[-83.724488,42.28562],[-83.724487,42.285625]],[[-83.724793,42.2856],[-83.724814,42.285616]],[[-83.724793,42.2856],[-83.724793,42.2856]],[[-83.724814,42.285616],[-83.724814,42.285616]],[[-83.724813,42.285616],[-83.724814,42.285616]],[[-83.724814,42.285616],[-83.724804,42.285624],[-83.724785,42.285637],[-83.724785,42.285637]],[[-83.724814,42.285616],[-83.724816,42.285664],[-83.724819,42.285794],[-83.72482,42.285829],[-83.72479,42.285835]],[[-83.724787,42.285622],[-83.724785,42.285624],[-83.724781,42.285621],[-83.724783,42.28562],[-83.724787,42.28562],[-83.724787,42.285622]],[[-83.724561,42.285623],[-83.724763,42.28562]],[[-83.724561,42.285623],[-83.724561,42.285623],[-83.724556,42.285624]],[[-83.724556,42.285624],[-83.724561,42.285623]],[[-83.724556,42.285624],[-83.724556,42.285627],[-83.724561,42.285627],[-83.724561,42.285623]],[[-83.724487,42.285625],[-83.724556,42.285624]],[[-83.724487,42.285625],[-83.724484,42.285625],[-83.72409,42.28563],[-83.72411,42.285695],[-83.724137,42.285756],[-83.724169,42.285815],[-83.724207,42.285871],[-83.724251,42.285922],[-83.7243,42.285968],[-83.724353,42.28601],[-83.724409,42.286046],[-83.724469,42.286076],[-83.724532,42.2861],[-83.724597,42.286118],[-83.724663,42.286129],[-83.724731,42.286134],[-83.724798,42.286132],[-83.724798,42.28613],[-83.72479,42.285853],[-83.72479,42.285839],[-83.72479,42.285835],[-83.72479,42.285835]],[[-83.724785,42.285637],[-83.724777,42.285631],[-83.724796,42.285618],[-83.724803,42.285623]],[[-83.724648,42.285705],[-83.724648,42.285709],[-83.724649,42.285712],[-83.724651,42.285715],[-83.724654,42.285718],[-83.724657,42.28572],[-83.724661,42.285722],[-83.724665,42.285724],[-83.724669,42.285724],[-83.724673,42.285725],[-83.724678,42.285724],[-83.724682,42.285724],[-83.724686,42.285722],[-83.72469,42.28572],[-83.724693,42.285718],[-83.724696,42.285715],[-83.724698,42.285712],[-83.724699,42.285709],[-83.724699,42.285706],[-83.724699,42.285702],[-83.724698,42.285699],[-83.724696,42.285696],[-83.724694,42.285693],[-83.72469,42.285691],[-83.724687,42.285689],[-83.724683,42.285688],[-83.724678,42.285687],[-83.724674,42.285686],[-83.724669,42.285687],[-83.724665,42.285687],[-83.724661,42.285689],[-83.724657,42.285691],[-83.724654,42.285693],[-83.724651,42.285696],[-83.724649,42.285699],[-83.724648,42.285702],[-83.724648,42.285705]],[[-83.724788,42.285783],[-83.724785,42.285637]],[[-83.724788,42.285783],[-83.724784,42.285783],[-83.724784,42.285786],[-83.724789,42.285786]],[[-83.724789,42.285786],[-83.724789,42.285786],[-83.724789,42.285783],[-83.724788,42.285783]],[[-83.724789,42.285786],[-83.724788,42.285783]],[[-83.724565,42.285786],[-83.724561,42.285786],[-83.724561,42.285789],[-83.724565,42.285789],[-83.724565,42.285786]],[[-83.72479,42.285835],[-83.724789,42.285786]],[[-83.72479,42.285835],[-83.724752,42.285843],[-83.724714,42.285844],[-83.724676,42.285839],[-83.724639,42.285829],[-83.724604,42.285812],[-83.724573,42.28579],[-83.724545,42.285764],[-83.724522,42.285733],[-83.724505,42.285699],[-83.724493,42.285662],[-83.724487,42.285625]]]},"properties":{"Layer":null}},{"type":"Feature","geometry":{"type":"MultiLineString","coordinates":[[[-83.722942,42.286557],[-83.722942,42.286556]],[[-83.722942,42.286557],[-83.722953,42.286549],[-83.722971,42.286536],[-83.722963,42.28653],[-83.722945,42.286543],[-83.722952,42.286549]],[[-83.722942,42.286557],[-83.723009,42.286555],[-83.723191,42.28655],[-83.723244,42.286548],[-83.723247,42.286532],[-83.723248,42.286528]],[[-83.722942,42.286556],[-83.722921,42.286541]],[[-83.722942,42.286556],[-83.722942,42.286556]],[[-83.722921,42.286541],[-83.72292,42.28654]],[[-83.722921,42.28654],[-83.722921,42.286541]],[[-83.72292,42.28654],[-83.722931,42.286533],[-83.722949,42.286519],[-83.72295,42.286519]],[[-83.72292,42.28654],[-83.722918,42.286493],[-83.722911,42.286363],[-83.722909,42.286327],[-83.722939,42.286321]],[[-83.722948,42.286534],[-83.72295,42.286532],[-83.722953,42.286535],[-83.722951,42.286536],[-83.722948,42.286536],[-83.722948,42.286534]],[[-83.723173,42.28653],[-83.722971,42.286535]],[[-83.723173,42.28653],[-83.723173,42.28653],[-83.723178,42.28653]],[[-83.723178,42.28653],[-83.723173,42.28653]],[[-83.723178,42.28653],[-83.723178,42.286526],[-83.723173,42.286526],[-83.723173,42.28653]],[[-83.723248,42.286528],[-83.723178,42.28653]],[[-83.723248,42.286528],[-83.723251,42.286528],[-83.723644,42.286516],[-83.723623,42.286452],[-83.723595,42.286391],[-83.723561,42.286333],[-83.723521,42.286278],[-83.723476,42.286227],[-83.723427,42.286182],[-83.723373,42.286141],[-83.723315,42.286106],[-83.723255,42.286076],[-83.723191,42.286053],[-83.723126,42.286036],[-83.723059,42.286026],[-83.722992,42.286022],[-83.722924,42.286025],[-83.722924,42.286027],[-83.722938,42.286303],[-83.722939,42.286318],[-83.722939,42.286321],[-83.722939,42.286321]],[[-83.72295,42.286519],[-83.722957,42.286525],[-83.722939,42.286539],[-83.722931,42.286533]],[[-83.723085,42.286449],[-83.723084,42.286446],[-83.723083,42.286442],[-83.723081,42.286439],[-83.723078,42.286437],[-83.723075,42.286434],[-83.723071,42.286432],[-83.723067,42.286431],[-83.723063,42.28643],[-83.723059,42.28643],[-83.723054,42.28643],[-83.72305,42.286431],[-83.723046,42.286433],[-83.723042,42.286435],[-83.723039,42.286437],[-83.723036,42.28644],[-83.723034,42.286443],[-83.723033,42.286446],[-83.723033,42.286449],[-83.723033,42.286453],[-83.723035,42.286456],[-83.723037,42.286459],[-83.723039,42.286462],[-83.723042,42.286464],[-83.723046,42.286466],[-83.72305,42.286467],[-83.723055,42.286468],[-83.723059,42.286468],[-83.723064,42.286468],[-83.723068,42.286467],[-83.723072,42.286466],[-83.723076,42.286464],[-83.723079,42.286461],[-83.723081,42.286459],[-83.723083,42.286456],[-83.723084,42.286452],[-83.723085,42.286449]],[[-83.722942,42.286374],[-83.72295,42.286519]],[[-83.722942,42.286374],[-83.722947,42.286374],[-83.722946,42.28637],[-83.722942,42.28637]],[[-83.722942,42.28637],[-83.722942,42.28637],[-83.722942,42.286374],[-83.722942,42.286374]],[[-83.722942,42.28637],[-83.722942,42.286374]],[[-83.723165,42.286367],[-83.72317,42.286367],[-83.72317,42.286364],[-83.723165,42.286364],[-83.723165,42.286367]],[[-83.722939,42.286321],[-83.722942,42.28637]],[[-83.722939,42.286321],[-83.722977,42.286313],[-83.723015,42.286311],[-83.723054,42.286316],[-83.723091,42.286326],[-83.723126,42.286342],[-83.723158,42.286363],[-83.723186,42.286389],[-83.723209,42.28642],[-83.723228,42.286453],[-83.723241,42.28649],[-83.723248,42.286528]]]},"properties":{"Layer":null}},{"type":"Feature","geometry":{"type":"MultiLineString","coordinates":[[[-83.67991,42.275284],[-83.679887,42.275284]],[[-83.67991,42.275284],[-83.67991,42.275226],[-83.679274,42.275223],[-83.679274,42.275281]],[[-83.67991,42.275284],[-83.679925,42.275284],[-83.679922,42.275532]],[[-83.679887,42.275284],[-83.679813,42.275283]],[[-83.679887,42.275284],[-83.679887,42.275244],[-83.679297,42.27524],[-83.679297,42.275281]],[[-83.679813,42.275283],[-83.67937,42.275281]],[[-83.679813,42.275283],[-83.679813,42.275325]],[[-83.67937,42.275281],[-83.679297,42.275281]],[[-83.67937,42.275281],[-83.679369,42.275322]],[[-83.679297,42.275281],[-83.679274,42.275281]],[[-83.679297,42.275281],[-83.679296,42.275322]],[[-83.679274,42.275281],[-83.679258,42.275281],[-83.679255,42.275528]],[[-83.679274,42.275281],[-83.679271,42.275528]],[[-83.679886,42.275325],[-83.679887,42.275284]],[[-83.679813,42.275325],[-83.679886,42.275325]],[[-83.679813,42.275325],[-83.679812,42.275366]],[[-83.679768,42.275325],[-83.679813,42.275325]],[[-83.679768,42.275325],[-83.679767,42.275339],[-83.679763,42.275353],[-83.679758,42.275366]],[[-83.679621,42.275324],[-83.679768,42.275325]],[[-83.679621,42.275324],[-83.679677,42.275365]],[[-83.679617,42.275324],[-83.679621,42.275324]],[[-83.679617,42.275324],[-83.679616,42.275319],[-83.679614,42.275315],[-83.679611,42.275311],[-83.679607,42.275308],[-83.679603,42.275305],[-83.679599,42.275303],[-83.679594,42.275302],[-83.679589,42.275301],[-83.679584,42.275302],[-83.67958,42.275303],[-83.679575,42.275305],[-83.679571,42.275307],[-83.679567,42.275311],[-83.679564,42.275315],[-83.679562,42.275319],[-83.679561,42.275323]],[[-83.679617,42.275324],[-83.679615,42.275328],[-83.679612,42.275333],[-83.679608,42.275336],[-83.679604,42.275339],[-83.679599,42.275341],[-83.679594,42.275343],[-83.679589,42.275343],[-83.679584,42.275343],[-83.679579,42.275341],[-83.679574,42.275339],[-83.679569,42.275336],[-83.679566,42.275332],[-83.679563,42.275328],[-83.679561,42.275323]],[[-83.679561,42.275323],[-83.679617,42.275324]],[[-83.679558,42.275323],[-83.679561,42.275323]],[[-83.679413,42.275322],[-83.679558,42.275323]],[[-83.679369,42.275322],[-83.679413,42.275322]],[[-83.679369,42.275322],[-83.679369,42.275364]],[[-83.679296,42.275322],[-83.679369,42.275322]],[[-83.679296,42.275322],[-83.679296,42.275363]],[[-83.679886,42.275366],[-83.679886,42.275325]],[[-83.679886,42.275366],[-83.679812,42.275366]],[[-83.679812,42.275366],[-83.679758,42.275366]],[[-83.679812,42.275366],[-83.679812,42.275407]],[[-83.679758,42.275366],[-83.679677,42.275365]],[[-83.679758,42.275366],[-83.679749,42.275381],[-83.679739,42.275395],[-83.679726,42.275407]],[[-83.679677,42.275365],[-83.6795,42.275364]],[[-83.679677,42.275365],[-83.679694,42.275378],[-83.67968,42.27539],[-83.679665,42.275399],[-83.679648,42.275406]],[[-83.6795,42.275364],[-83.679558,42.275323]],[[-83.6795,42.275364],[-83.679422,42.275364]],[[-83.679422,42.275364],[-83.679417,42.275351],[-83.679414,42.275337],[-83.679413,42.275322]],[[-83.679422,42.275364],[-83.679369,42.275364]],[[-83.679369,42.275364],[-83.679296,42.275363]],[[-83.679369,42.275364],[-83.679369,42.275405]],[[-83.679296,42.275363],[-83.679295,42.275405]],[[-83.679885,42.275407],[-83.679886,42.275366]],[[-83.679812,42.275407],[-83.679885,42.275407]],[[-83.679812,42.275407],[-83.679811,42.275448]],[[-83.679726,42.275407],[-83.679812,42.275407]],[[-83.679726,42.275407],[-83.679701,42.275425],[-83.679673,42.275438],[-83.679643,42.275447]],[[-83.679648,42.275406],[-83.679726,42.275407]],[[-83.679648,42.275406],[-83.679633,42.275411],[-83.679617,42.275414]],[[-83.679619,42.275406],[-83.679648,42.275406]],[[-83.679619,42.275406],[-83.679619,42.275409],[-83.679618,42.275412],[-83.679617,42.275414]],[[-83.679559,42.275406],[-83.679619,42.275406]],[[-83.679559,42.275406],[-83.679561,42.275401],[-83.679564,42.275396],[-83.679568,42.275392],[-83.679572,42.275389],[-83.679576,42.275387],[-83.679581,42.275385],[-83.679587,42.275384],[-83.679592,42.275384],[-83.679597,42.275385],[-83.679602,42.275387],[-83.679607,42.275389],[-83.679611,42.275393],[-83.679614,42.275397],[-83.679617,42.275401],[-83.679619,42.275406]],[[-83.679531,42.275406],[-83.679559,42.275406]],[[-83.679531,42.275406],[-83.679513,42.275398],[-83.679498,42.275388],[-83.679483,42.275376],[-83.6795,42.275364]],[[-83.679453,42.275405],[-83.679531,42.275406]],[[-83.679453,42.275405],[-83.679441,42.275393],[-83.679431,42.275379],[-83.679422,42.275364]],[[-83.679369,42.275405],[-83.679453,42.275405]],[[-83.679369,42.275405],[-83.679368,42.275446]],[[-83.679295,42.275405],[-83.679369,42.275405]],[[-83.679295,42.275405],[-83.679295,42.275445]],[[-83.679561,42.275414],[-83.67956,42.275411],[-83.67956,42.275409],[-83.679559,42.275406]],[[-83.679561,42.275414],[-83.679546,42.275411],[-83.679531,42.275406]],[[-83.679617,42.275414],[-83.679589,42.275416],[-83.679561,42.275414]],[[-83.679617,42.275414],[-83.679614,42.275418],[-83.67961,42.275422],[-83.679606,42.275424],[-83.679601,42.275426],[-83.679597,42.275428],[-83.679592,42.275428],[-83.679587,42.275428],[-83.679582,42.275428],[-83.679577,42.275426],[-83.679572,42.275424],[-83.679568,42.275421],[-83.679564,42.275418],[-83.679561,42.275414]],[[-83.679885,42.275449],[-83.679885,42.275407]],[[-83.679885,42.275449],[-83.679811,42.275448]],[[-83.679811,42.275448],[-83.679643,42.275447]],[[-83.679811,42.275448],[-83.679811,42.27549]],[[-83.679643,42.275447],[-83.679535,42.275447]],[[-83.679643,42.275447],[-83.679607,42.275453],[-83.679571,42.275453],[-83.679535,42.275447]],[[-83.679535,42.275447],[-83.679505,42.275438],[-83.679478,42.275424],[-83.679453,42.275405]],[[-83.679535,42.275447],[-83.679368,42.275446]],[[-83.679368,42.275446],[-83.679295,42.275445]],[[-83.679368,42.275446],[-83.679368,42.275487]],[[-83.679295,42.275445],[-83.679294,42.275487]],[[-83.679885,42.27549],[-83.679885,42.275449]],[[-83.679885,42.27549],[-83.679811,42.27549]],[[-83.679811,42.27549],[-83.679368,42.275487]],[[-83.679811,42.27549],[-83.67981,42.275531]],[[-83.679368,42.275487],[-83.679294,42.275487]],[[-83.679368,42.275487],[-83.679367,42.275528]],[[-83.679294,42.275487],[-83.679294,42.275528]],[[-83.679884,42.275531],[-83.679885,42.27549]],[[-83.67981,42.275531],[-83.679884,42.275531]],[[-83.67981,42.275531],[-83.67981,42.275572]],[[-83.679907,42.275532],[-83.67991,42.275284]],[[-83.679907,42.275532],[-83.679922,42.275532]],[[-83.679928,42.275532],[-83.679922,42.275532]],[[-83.679928,42.275532],[-83.679924,42.275943]],[[-83.679928,42.275532],[-83.679973,42.275532],[-83.679969,42.275944],[-83.679924,42.275943]],[[-83.679922,42.275532],[-83.679917,42.275943]],[[-83.679249,42.275528],[-83.679255,42.275528]],[[-83.679249,42.275528],[-83.679244,42.275939]],[[-83.679249,42.275528],[-83.679204,42.275527],[-83.6792,42.275939],[-83.679244,42.275939]],[[-83.679271,42.275528],[-83.679255,42.275528]],[[-83.679367,42.275528],[-83.67981,42.275531]],[[-83.679367,42.275528],[-83.679367,42.275569]],[[-83.679294,42.275528],[-83.679367,42.275528]],[[-83.679294,42.275528],[-83.679293,42.275569]],[[-83.679293,42.275569],[-83.679293,42.27561]],[[-83.679367,42.275569],[-83.679293,42.275569]],[[-83.679367,42.275569],[-83.679366,42.275611]],[[-83.67981,42.275572],[-83.679367,42.275569]],[[-83.67981,42.275572],[-83.67981,42.275613]],[[-83.679884,42.275572],[-83.679884,42.275531]],[[-83.679884,42.275572],[-83.67981,42.275572]],[[-83.679883,42.275614],[-83.679884,42.275572]],[[-83.67981,42.275613],[-83.679883,42.275614]],[[-83.67981,42.275613],[-83.679809,42.275654]],[[-83.679366,42.275611],[-83.67981,42.275613]],[[-83.679366,42.275611],[-83.679366,42.275652]],[[-83.679293,42.27561],[-83.679366,42.275611]],[[-83.679293,42.27561],[-83.679292,42.275651]],[[-83.679883,42.275655],[-83.679883,42.275614]],[[-83.679883,42.275655],[-83.679809,42.275654]],[[-83.679809,42.275654],[-83.679366,42.275652]],[[-83.679809,42.275654],[-83.679809,42.275695]],[[-83.679366,42.275652],[-83.679292,42.275651]],[[-83.679366,42.275652],[-83.679365,42.275692]],[[-83.679292,42.275651],[-83.679292,42.275692]],[[-83.679882,42.275696],[-83.679883,42.275655]],[[-83.679809,42.275695],[-83.679882,42.275696]],[[-83.679809,42.275695],[-83.679808,42.275736]],[[-83.679365,42.275692],[-83.679809,42.275695]],[[-83.679365,42.275692],[-83.679365,42.275734]],[[-83.679292,42.275692],[-83.679365,42.275692]],[[-83.679292,42.275692],[-83.679291,42.275733]],[[-83.679291,42.275733],[-83.679291,42.275774]],[[-83.679365,42.275734],[-83.679291,42.275733]],[[-83.679365,42.275734],[-83.679365,42.275775]],[[-83.679808,42.275736],[-83.679365,42.275734]],[[-83.679808,42.275736],[-83.679808,42.275778]],[[-83.679882,42.275737],[-83.679882,42.275696]],[[-83.679882,42.275737],[-83.679808,42.275736]],[[-83.679291,42.275774],[-83.679365,42.275775]],[[-83.679291,42.275774],[-83.67929,42.275816]],[[-83.679365,42.275775],[-83.679808,42.275778]],[[-83.679365,42.275775],[-83.679364,42.275816]],[[-83.679808,42.275778],[-83.679881,42.275778]],[[-83.679808,42.275778],[-83.679807,42.275819]],[[-83.679881,42.275778],[-83.679882,42.275737]],[[-83.67929,42.275816],[-83.67929,42.275857]],[[-83.679364,42.275816],[-83.67929,42.275816]],[[-83.679364,42.275816],[-83.679364,42.275857]],[[-83.679807,42.275819],[-83.679364,42.275816]],[[-83.679807,42.275819],[-83.679807,42.27586]],[[-83.679881,42.275819],[-83.679881,42.275778]],[[-83.679881,42.275819],[-83.679807,42.275819]],[[-83.67988,42.27586],[-83.679881,42.275819]],[[-83.679807,42.27586],[-83.67988,42.27586]],[[-83.679807,42.27586],[-83.679806,42.275901]],[[-83.679364,42.275857],[-83.679807,42.27586]],[[-83.679364,42.275857],[-83.679363,42.275898]],[[-83.67929,42.275857],[-83.679364,42.275857]],[[-83.67929,42.275857],[-83.679289,42.275898]],[[-83.67988,42.275901],[-83.67988,42.27586]],[[-83.67988,42.275901],[-83.679806,42.275901]],[[-83.679806,42.275901],[-83.679363,42.275898]],[[-83.679806,42.275901],[-83.679806,42.275942]],[[-83.679363,42.275898],[-83.679289,42.275898]],[[-83.679363,42.275898],[-83.679363,42.27594]],[[-83.679289,42.275898],[-83.679289,42.275939]],[[-83.679289,42.275939],[-83.679363,42.27594]],[[-83.679289,42.275939],[-83.679289,42.27598]],[[-83.679363,42.27594],[-83.679806,42.275942]],[[-83.679363,42.27594],[-83.679362,42.27598]],[[-83.679806,42.275942],[-83.679879,42.275943]],[[-83.679806,42.275942],[-83.679805,42.275983]],[[-83.679879,42.275943],[-83.67988,42.275901]],[[-83.679902,42.275943],[-83.679907,42.275532]],[[-83.679917,42.275943],[-83.679924,42.275943]],[[-83.679917,42.275943],[-83.679902,42.275943]],[[-83.679917,42.275943],[-83.679914,42.276189],[-83.6799,42.276189]],[[-83.679251,42.27594],[-83.679255,42.275528]],[[-83.679251,42.27594],[-83.679244,42.275939]],[[-83.679251,42.27594],[-83.679266,42.27594]],[[-83.679266,42.27594],[-83.679271,42.275528]],[[-83.679266,42.27594],[-83.679264,42.276185]],[[-83.679289,42.27598],[-83.679288,42.276021]],[[-83.679362,42.27598],[-83.679289,42.27598]],[[-83.679362,42.27598],[-83.679362,42.276021]],[[-83.679805,42.275983],[-83.679362,42.27598]],[[-83.679805,42.275983],[-83.679805,42.276024]],[[-83.679879,42.275984],[-83.679879,42.275943]],[[-83.679879,42.275984],[-83.679805,42.275983]],[[-83.679288,42.276021],[-83.679362,42.276021]],[[-83.679288,42.276021],[-83.679288,42.276062]],[[-83.679362,42.276021],[-83.679525,42.276023]],[[-83.679362,42.276021],[-83.679361,42.276062]],[[-83.679525,42.276023],[-83.67964,42.276023]],[[-83.679525,42.276023],[-83.679496,42.276032],[-83.679469,42.276045],[-83.679445,42.276063]],[[-83.67964,42.276023],[-83.679602,42.276017],[-83.679563,42.276016],[-83.679525,42.276023]],[[-83.67964,42.276023],[-83.679805,42.276024]],[[-83.679805,42.276024],[-83.679878,42.276025]],[[-83.679805,42.276024],[-83.679805,42.276065]],[[-83.679878,42.276025],[-83.679879,42.275984]],[[-83.679554,42.276055],[-83.679558,42.276051],[-83.679563,42.276047],[-83.679568,42.276045],[-83.679573,42.276043],[-83.679579,42.276042],[-83.679585,42.276042],[-83.679591,42.276043],[-83.679596,42.276045],[-83.679601,42.276048],[-83.679606,42.276051],[-83.67961,42.276056]],[[-83.679554,42.276055],[-83.679538,42.276059],[-83.679522,42.276064]],[[-83.67961,42.276056],[-83.679582,42.276053],[-83.679554,42.276055]],[[-83.67961,42.276056],[-83.679611,42.276058],[-83.679612,42.276061],[-83.679612,42.276064]],[[-83.679288,42.276062],[-83.679287,42.276103]],[[-83.679361,42.276062],[-83.679288,42.276062]],[[-83.679361,42.276062],[-83.679361,42.276103]],[[-83.679445,42.276063],[-83.679361,42.276062]],[[-83.679445,42.276063],[-83.679433,42.276075],[-83.679422,42.276089],[-83.679414,42.276104]],[[-83.679522,42.276064],[-83.679445,42.276063]],[[-83.679522,42.276064],[-83.679505,42.276071],[-83.67949,42.27608],[-83.679475,42.276091],[-83.679493,42.276104]],[[-83.679552,42.276064],[-83.679552,42.276061],[-83.679553,42.276058],[-83.679554,42.276055]],[[-83.679552,42.276064],[-83.679522,42.276064]],[[-83.679612,42.276064],[-83.679552,42.276064]],[[-83.679612,42.276064],[-83.679611,42.276068],[-83.679609,42.276072],[-83.679607,42.276075],[-83.679605,42.276078],[-83.679602,42.276081],[-83.679598,42.276083],[-83.679594,42.276084],[-83.67959,42.276085],[-83.679586,42.276087],[-83.679581,42.276087],[-83.679576,42.276087],[-83.679571,42.276085],[-83.679566,42.276083],[-83.679562,42.27608],[-83.679558,42.276077],[-83.679556,42.276073],[-83.679553,42.276068],[-83.679552,42.276064]],[[-83.679641,42.276064],[-83.679626,42.276059],[-83.67961,42.276056]],[[-83.679641,42.276064],[-83.679612,42.276064]],[[-83.679719,42.276065],[-83.679695,42.276047],[-83.679668,42.276033],[-83.67964,42.276023]],[[-83.679719,42.276065],[-83.679641,42.276064]],[[-83.679805,42.276065],[-83.679719,42.276065]],[[-83.679805,42.276065],[-83.679804,42.276107]],[[-83.679878,42.276066],[-83.679878,42.276025]],[[-83.679878,42.276066],[-83.679805,42.276065]],[[-83.679287,42.276103],[-83.679361,42.276103]],[[-83.679287,42.276103],[-83.679287,42.276145]],[[-83.679361,42.276103],[-83.679414,42.276104]],[[-83.679361,42.276103],[-83.67936,42.276145]],[[-83.679414,42.276104],[-83.679493,42.276104]],[[-83.679414,42.276104],[-83.679409,42.276117],[-83.679405,42.276131],[-83.679404,42.276146]],[[-83.679493,42.276104],[-83.67967,42.276106]],[[-83.679493,42.276104],[-83.679549,42.276146]],[[-83.67967,42.276106],[-83.679687,42.276093],[-83.679673,42.276082],[-83.679658,42.276072],[-83.679641,42.276064]],[[-83.67967,42.276106],[-83.679749,42.276106]],[[-83.679749,42.276106],[-83.679741,42.276091],[-83.679731,42.276077],[-83.679719,42.276065]],[[-83.679749,42.276106],[-83.679804,42.276107]],[[-83.679804,42.276107],[-83.679877,42.276107]],[[-83.679804,42.276107],[-83.679804,42.276148]],[[-83.679877,42.276107],[-83.679878,42.276066]],[[-83.679287,42.276145],[-83.679286,42.276185]],[[-83.67936,42.276145],[-83.679287,42.276145]],[[-83.67936,42.276145],[-83.67936,42.276186]],[[-83.679404,42.276146],[-83.67936,42.276145]],[[-83.679552,42.276146],[-83.679553,42.276142],[-83.679556,42.276137],[-83.67956,42.276134],[-83.679564,42.27613],[-83.679568,42.276128],[-83.679573,42.276126],[-83.679578,42.276125],[-83.679583,42.276125],[-83.679588,42.276126],[-83.679593,42.276128],[-83.679597,42.276131],[-83.679601,42.276134],[-83.679605,42.276138],[-83.679607,42.276142],[-83.679609,42.276147]],[[-83.679549,42.276146],[-83.679552,42.276146]],[[-83.679549,42.276146],[-83.679404,42.276146]],[[-83.679609,42.276147],[-83.679552,42.276146]],[[-83.679609,42.276147],[-83.679608,42.276151],[-83.679606,42.276155],[-83.679604,42.276158],[-83.679601,42.276161],[-83.679597,42.276164],[-83.679594,42.276166],[-83.67959,42.276168],[-83.679585,42.276168],[-83.679581,42.276168],[-83.679577,42.276168],[-83.679573,42.276168],[-83.679569,42.276167],[-83.679565,42.276165],[-83.679562,42.276163],[-83.679559,42.276161],[-83.679556,42.276158],[-83.679554,42.276154],[-83.679552,42.27615],[-83.679552,42.276146]],[[-83.679613,42.276147],[-83.67967,42.276106]],[[-83.679613,42.276147],[-83.679609,42.276147]],[[-83.679758,42.276148],[-83.679757,42.276134],[-83.679754,42.27612],[-83.679749,42.276106]],[[-83.679758,42.276148],[-83.679613,42.276147]],[[-83.679804,42.276148],[-83.679758,42.276148]],[[-83.679804,42.276148],[-83.679803,42.276188]],[[-83.679877,42.276149],[-83.679877,42.276107]],[[-83.679877,42.276149],[-83.679804,42.276148]],[[-83.6799,42.276189],[-83.679902,42.275943]],[[-83.6799,42.276189],[-83.679877,42.276189]],[[-83.679877,42.276189],[-83.679877,42.276149]],[[-83.679877,42.276189],[-83.679803,42.276188]],[[-83.679803,42.276188],[-83.67936,42.276186]],[[-83.67936,42.276186],[-83.679286,42.276185]],[[-83.679286,42.276185],[-83.679264,42.276185]],[[-83.679286,42.276185],[-83.679286,42.276227],[-83.679876,42.276231],[-83.679877,42.276189]],[[-83.679264,42.276185],[-83.679248,42.276185],[-83.679251,42.27594]],[[-83.679264,42.276185],[-83.679263,42.276243],[-83.679899,42.276247],[-83.6799,42.276189]]]},"properties":{"Layer":null}},{"type":"Feature","geometry":{"type":"MultiLineString","coordinates":[[[-83.678258,42.277997],[-83.679056,42.277363]],[[-83.678258,42.277997],[-83.67825,42.277997]],[[-83.67825,42.277997],[-83.67824,42.277997]],[[-83.67824,42.277997],[-83.678231,42.277997]],[[-83.67824,42.277997],[-83.67824,42.278014]],[[-83.678231,42.277997],[-83.677378,42.27741]],[[-83.678231,42.277997],[-83.678226,42.277997],[-83.678226,42.278014],[-83.67824,42.278014]],[[-83.67825,42.278014],[-83.678264,42.278014],[-83.678264,42.277997],[-83.678258,42.277997]],[[-83.67825,42.278014],[-83.67825,42.277997]],[[-83.67824,42.278014],[-83.67825,42.278014]]]},"properties":{"Layer":null}},{"type":"Feature","geometry":{"type":"MultiLineString","coordinates":[[[-83.679655,42.276611],[-83.679369,42.27712],[-83.678697,42.276906]],[[-83.679306,42.277031],[-83.679302,42.27703],[-83.679298,42.277028],[-83.679295,42.277026],[-83.679292,42.277023],[-83.679289,42.27702],[-83.679287,42.277017],[-83.679286,42.277013],[-83.679286,42.277009],[-83.679286,42.277005],[-83.679287,42.277001],[-83.679288,42.276998],[-83.67929,42.276994],[-83.679293,42.276991],[-83.679296,42.276989],[-83.679299,42.276987],[-83.679303,42.276986],[-83.679307,42.276985],[-83.679311,42.276985],[-83.679315,42.276986],[-83.679319,42.276987],[-83.679322,42.27699],[-83.679325,42.276992],[-83.679328,42.276995],[-83.679329,42.276999],[-83.679331,42.277003],[-83.679331,42.277007],[-83.679331,42.277011],[-83.67933,42.277014],[-83.679329,42.277018],[-83.679327,42.277022],[-83.679324,42.277024],[-83.679321,42.277027],[-83.679317,42.277029],[-83.679314,42.27703],[-83.67931,42.277031],[-83.679306,42.277031]],[[-83.67937,42.277147],[-83.679357,42.277128],[-83.679383,42.277119],[-83.679396,42.277138],[-83.67937,42.277147]]]},"properties":{"Layer":null}},{"type":"Feature","geometry":{"type":"MultiLineString","coordinates":[[[-83.684312,42.276168],[-83.684433,42.276165],[-83.684433,42.276175]],[[-83.684312,42.276168],[-83.684313,42.276178]],[[-83.684124,42.276173],[-83.684312,42.276168]],[[-83.684124,42.276173],[-83.684124,42.276172]],[[-83.684433,42.276175],[-83.684434,42.276184]],[[-83.684313,42.276178],[-83.684433,42.276175]],[[-83.684313,42.276178],[-83.684313,42.276187]],[[-83.684126,42.276182],[-83.684313,42.276178]],[[-83.684126,42.276182],[-83.684185,42.276183],[-83.684244,42.276189]],[[-83.684125,42.276182],[-83.684125,42.276182],[-83.684126,42.276182]],[[-83.684125,42.276182],[-83.684124,42.276173]],[[-83.684434,42.276184],[-83.684434,42.276194]],[[-83.684313,42.276187],[-83.684434,42.276184]],[[-83.684313,42.276187],[-83.684313,42.276197]],[[-83.684244,42.276189],[-83.684313,42.276187]],[[-83.684244,42.276189],[-83.684291,42.276197]],[[-83.684125,42.276192],[-83.684244,42.276189]],[[-83.684125,42.276192],[-83.684182,42.276193],[-83.684239,42.276198]],[[-83.684125,42.276192],[-83.684125,42.276192]],[[-83.684125,42.276192],[-83.684125,42.276182]],[[-83.684434,42.276194],[-83.684435,42.276203]],[[-83.684313,42.276197],[-83.684434,42.276194]],[[-83.684313,42.276197],[-83.684313,42.276202]],[[-83.684291,42.276197],[-83.684313,42.276197]],[[-83.684291,42.276197],[-83.684313,42.276202]],[[-83.684239,42.276198],[-83.684291,42.276197]],[[-83.684239,42.276198],[-83.684287,42.276207]],[[-83.684127,42.276201],[-83.684239,42.276198]],[[-83.684127,42.276201],[-83.684185,42.276202],[-83.684242,42.276208]],[[-83.684125,42.276201],[-83.684127,42.276201]],[[-83.684125,42.276201],[-83.684125,42.276192]],[[-83.684313,42.276202],[-83.684328,42.276206]],[[-83.684313,42.276202],[-83.684314,42.276206]],[[-83.684435,42.276203],[-83.684435,42.276213]],[[-83.6831,42.276197],[-83.684124,42.276173]],[[-83.6831,42.276197],[-83.6831,42.276197]],[[-83.684328,42.276206],[-83.684435,42.276203]],[[-83.684328,42.276206],[-83.684359,42.276215]],[[-83.684314,42.276206],[-83.684328,42.276206]],[[-83.684314,42.276206],[-83.684314,42.276213]],[[-83.684287,42.276207],[-83.684314,42.276206]],[[-83.684287,42.276207],[-83.684314,42.276213]],[[-83.684242,42.276208],[-83.684287,42.276207]],[[-83.684242,42.276208],[-83.684289,42.276217]],[[-83.682914,42.276202],[-83.6831,42.276197]],[[-83.682914,42.276202],[-83.682914,42.27621]],[[-83.684126,42.276211],[-83.684242,42.276208]],[[-83.684126,42.276211],[-83.684125,42.276201]],[[-83.684126,42.276211],[-83.684183,42.276212],[-83.684239,42.276218]],[[-83.684435,42.276213],[-83.684435,42.276223]],[[-83.684314,42.276213],[-83.684324,42.276216]],[[-83.684314,42.276213],[-83.684314,42.276216]],[[-83.6831,42.276206],[-83.683101,42.276206],[-83.684125,42.276182]],[[-83.6831,42.276206],[-83.6831,42.276197]],[[-83.6831,42.276206],[-83.6831,42.276206]],[[-83.682792,42.276204],[-83.682914,42.276202]],[[-83.682792,42.276204],[-83.682793,42.276213]],[[-83.682777,42.276205],[-83.682792,42.276204]],[[-83.684359,42.276215],[-83.684435,42.276213]],[[-83.684359,42.276215],[-83.684385,42.276224]],[[-83.684324,42.276216],[-83.684359,42.276215]],[[-83.684324,42.276216],[-83.684354,42.276225]],[[-83.684314,42.276216],[-83.684324,42.276216]],[[-83.684314,42.276216],[-83.684314,42.276223]],[[-83.684289,42.276217],[-83.684314,42.276216]],[[-83.684289,42.276217],[-83.684314,42.276223]],[[-83.684239,42.276218],[-83.684289,42.276217]],[[-83.684239,42.276218],[-83.684286,42.276226]],[[-83.682914,42.27621],[-83.6831,42.276206]],[[-83.682914,42.27621],[-83.682914,42.27622]],[[-83.684128,42.27622],[-83.684239,42.276218]],[[-83.684128,42.27622],[-83.684184,42.276221],[-83.68424,42.276227]],[[-83.684126,42.27622],[-83.684128,42.27622]],[[-83.684126,42.27622],[-83.684126,42.276211]],[[-83.684435,42.276223],[-83.684436,42.276232]],[[-83.682793,42.276213],[-83.682914,42.27621]],[[-83.682793,42.276213],[-83.682793,42.276223]],[[-83.684314,42.276223],[-83.684325,42.276225]],[[-83.684314,42.276223],[-83.684314,42.276226]],[[-83.682777,42.276213],[-83.682793,42.276213]],[[-83.683101,42.276216],[-83.684125,42.276192]],[[-83.683101,42.276216],[-83.6831,42.276206]],[[-83.6831,42.276216],[-83.683101,42.276216]],[[-83.684385,42.276224],[-83.684435,42.276223]],[[-83.684385,42.276224],[-83.684408,42.276233]],[[-83.684354,42.276225],[-83.684385,42.276224]],[[-83.684354,42.276225],[-83.68438,42.276234]],[[-83.684325,42.276225],[-83.684354,42.276225]],[[-83.684325,42.276225],[-83.684354,42.276234]],[[-83.684314,42.276226],[-83.684325,42.276225]],[[-83.684314,42.276226],[-83.684314,42.276233]],[[-83.684286,42.276226],[-83.684314,42.276226]],[[-83.684286,42.276226],[-83.684314,42.276233]],[[-83.682982,42.276219],[-83.6831,42.276216]],[[-83.682982,42.276219],[-83.683041,42.27621],[-83.6831,42.276206]],[[-83.68424,42.276227],[-83.684286,42.276226]],[[-83.68424,42.276227],[-83.684286,42.276236]],[[-83.682914,42.27622],[-83.682982,42.276219]],[[-83.682914,42.27622],[-83.682914,42.27623]],[[-83.684127,42.27623],[-83.68424,42.276227]],[[-83.684127,42.27623],[-83.684182,42.276231],[-83.684238,42.276237]],[[-83.684127,42.27623],[-83.684127,42.27623]],[[-83.684127,42.27623],[-83.684126,42.27622]],[[-83.684436,42.276232],[-83.684436,42.276242]],[[-83.682793,42.276223],[-83.682914,42.27622]],[[-83.682793,42.276223],[-83.682794,42.276232]],[[-83.682777,42.276223],[-83.682793,42.276223]],[[-83.684408,42.276233],[-83.684436,42.276232]],[[-83.684408,42.276233],[-83.68443,42.276243]],[[-83.683101,42.276225],[-83.683101,42.276225],[-83.684125,42.276201],[-83.684125,42.276201]],[[-83.683101,42.276225],[-83.683101,42.276216]],[[-83.683101,42.276225],[-83.683101,42.276225]],[[-83.684314,42.276233],[-83.684321,42.276235]],[[-83.684314,42.276233],[-83.684315,42.276235]],[[-83.68438,42.276234],[-83.684408,42.276233]],[[-83.68438,42.276234],[-83.684403,42.276243]],[[-83.684354,42.276234],[-83.68438,42.276234]],[[-83.684354,42.276234],[-83.68438,42.276244]],[[-83.684321,42.276235],[-83.684354,42.276234]],[[-83.684321,42.276235],[-83.68435,42.276244]],[[-83.684315,42.276235],[-83.684321,42.276235]],[[-83.684315,42.276235],[-83.684315,42.276243]],[[-83.682986,42.276228],[-83.683101,42.276225]],[[-83.682986,42.276228],[-83.683043,42.27622],[-83.6831,42.276216]],[[-83.684286,42.276236],[-83.684315,42.276235]],[[-83.684286,42.276236],[-83.684315,42.276243]],[[-83.682936,42.276229],[-83.682986,42.276228]],[[-83.682936,42.276229],[-83.682982,42.276219]],[[-83.684238,42.276237],[-83.684286,42.276236]],[[-83.684238,42.276237],[-83.684283,42.276246]],[[-83.682914,42.27623],[-83.682936,42.276229]],[[-83.682914,42.27623],[-83.682915,42.276235]],[[-83.684127,42.27624],[-83.684238,42.276237]],[[-83.684127,42.27624],[-83.684182,42.276241],[-83.684237,42.276247]],[[-83.684127,42.27624],[-83.684127,42.27624]],[[-83.684127,42.27624],[-83.684127,42.27623]],[[-83.682794,42.276232],[-83.682914,42.27623]],[[-83.682794,42.276232],[-83.682794,42.276242]],[[-83.684436,42.276242],[-83.68443,42.276243]],[[-83.684436,42.276242],[-83.684437,42.276246]],[[-83.68443,42.276243],[-83.684403,42.276243]],[[-83.68443,42.276243],[-83.684437,42.276246]],[[-83.682776,42.276233],[-83.682794,42.276232]],[[-83.683101,42.276235],[-83.684125,42.276211],[-83.684126,42.276211]],[[-83.683101,42.276235],[-83.683101,42.276225]],[[-83.684403,42.276243],[-83.68438,42.276244]],[[-83.684403,42.276243],[-83.684424,42.276252]],[[-83.683098,42.276235],[-83.683101,42.276235],[-83.683101,42.276235]],[[-83.68438,42.276244],[-83.68435,42.276244]],[[-83.68438,42.276244],[-83.684403,42.276253]],[[-83.684315,42.276243],[-83.684321,42.276245]],[[-83.684315,42.276243],[-83.684315,42.276245]],[[-83.682915,42.276235],[-83.682936,42.276229]],[[-83.682915,42.276235],[-83.682915,42.276239]],[[-83.68435,42.276244],[-83.684321,42.276245]],[[-83.68435,42.276244],[-83.684376,42.276253]],[[-83.684321,42.276245],[-83.684315,42.276245]],[[-83.684321,42.276245],[-83.684349,42.276254]],[[-83.684315,42.276245],[-83.684283,42.276246]],[[-83.684315,42.276245],[-83.684315,42.276254]],[[-83.684437,42.276246],[-83.684437,42.276252],[-83.684424,42.276252]],[[-83.684437,42.276246],[-83.684483,42.27627],[-83.684527,42.2763],[-83.684566,42.276335],[-83.684599,42.276375],[-83.684628,42.27642],[-83.68465,42.276467],[-83.684666,42.276517],[-83.684675,42.276569],[-83.684677,42.276622],[-83.684672,42.276674],[-83.684661,42.276725],[-83.684642,42.276775],[-83.684618,42.276821],[-83.684587,42.276864],[-83.684551,42.276902],[-83.68451,42.276936],[-83.684466,42.276964],[-83.684418,42.276985],[-83.684367,42.277],[-83.684315,42.277008],[-83.684263,42.27701],[-83.684211,42.277004],[-83.684159,42.276992]],[[-83.682985,42.276238],[-83.683098,42.276235]],[[-83.682985,42.276238],[-83.683043,42.276229],[-83.683101,42.276225]],[[-83.684283,42.276246],[-83.684237,42.276247]],[[-83.684283,42.276246],[-83.684315,42.276254]],[[-83.682938,42.276239],[-83.682985,42.276238]],[[-83.682938,42.276239],[-83.682986,42.276228]],[[-83.684237,42.276247],[-83.684131,42.276249]],[[-83.684237,42.276247],[-83.684282,42.276255]],[[-83.682915,42.276239],[-83.682938,42.276239]],[[-83.682915,42.276239],[-83.682915,42.276245]],[[-83.6829,42.27624],[-83.682915,42.276239]],[[-83.6829,42.27624],[-83.682915,42.276235]],[[-83.684131,42.276249],[-83.684184,42.27625],[-83.684237,42.276256]],[[-83.684127,42.276249],[-83.684128,42.276249],[-83.684131,42.276249]],[[-83.684127,42.276249],[-83.684127,42.27624]],[[-83.682794,42.276242],[-83.6829,42.27624]],[[-83.682794,42.276242],[-83.682794,42.276251]],[[-83.682776,42.276242],[-83.682794,42.276242]],[[-83.684424,42.276252],[-83.684403,42.276253]],[[-83.684424,42.276252],[-83.68447,42.276275],[-83.684513,42.276304],[-83.684551,42.276338],[-83.684585,42.276377],[-83.684613,42.27642],[-83.684635,42.276467],[-83.684651,42.276516],[-83.68466,42.276566],[-83.684663,42.276618],[-83.684659,42.276669],[-83.684648,42.276719],[-83.68463,42.276767],[-83.684606,42.276813],[-83.684577,42.276855],[-83.684542,42.276893],[-83.684502,42.276926],[-83.684459,42.276953],[-83.684412,42.276975],[-83.684363,42.27699],[-83.684312,42.276998],[-83.68426,42.277],[-83.684209,42.276994],[-83.684159,42.276982],[-83.684159,42.276982]],[[-83.683102,42.276245],[-83.684126,42.27622],[-83.684126,42.27622]],[[-83.683102,42.276245],[-83.683101,42.276235]],[[-83.683102,42.276245],[-83.683102,42.276245]],[[-83.684403,42.276253],[-83.684376,42.276253]],[[-83.684403,42.276253],[-83.684449,42.276273],[-83.684493,42.2763],[-83.684533,42.276332],[-83.684568,42.27637],[-83.684597,42.276412],[-83.684621,42.276457],[-83.684638,42.276505],[-83.684649,42.276555],[-83.684653,42.276606],[-83.68465,42.276657],[-83.68464,42.276708],[-83.684624,42.276756],[-83.684601,42.276802],[-83.684572,42.276844],[-83.684538,42.276882],[-83.684499,42.276915],[-83.684456,42.276943],[-83.68441,42.276965],[-83.684361,42.27698],[-83.68431,42.276988],[-83.684259,42.27699],[-83.684208,42.276984],[-83.684159,42.276972]],[[-83.684376,42.276253],[-83.684349,42.276254]],[[-83.684376,42.276253],[-83.684423,42.276271],[-83.684468,42.276295],[-83.684509,42.276326],[-83.684545,42.276361],[-83.684577,42.276401],[-83.684602,42.276445],[-83.684622,42.276492],[-83.684634,42.276541],[-83.68464,42.276592],[-83.684639,42.276643],[-83.684631,42.276693],[-83.684616,42.276742],[-83.684594,42.276788],[-83.684567,42.276831],[-83.684534,42.276869],[-83.684496,42.276903],[-83.684453,42.276931],[-83.684408,42.276953],[-83.684359,42.276969],[-83.684309,42.276978],[-83.684258,42.27698],[-83.684208,42.276975],[-83.684158,42.276963]],[[-83.684349,42.276254],[-83.684317,42.276255]],[[-83.684349,42.276254],[-83.684398,42.276269],[-83.684443,42.27629],[-83.684486,42.276318],[-83.684524,42.276352],[-83.684557,42.27639],[-83.684585,42.276433],[-83.684606,42.276479],[-83.684621,42.276527],[-83.684628,42.276577],[-83.684629,42.276628],[-83.684623,42.276678],[-83.684609,42.276727],[-83.684589,42.276774],[-83.684563,42.276817],[-83.684531,42.276856],[-83.684493,42.276891],[-83.684452,42.27692],[-83.684406,42.276942],[-83.684358,42.276959],[-83.684308,42.276968],[-83.684258,42.27697],[-83.684207,42.276965],[-83.684158,42.276953]],[[-83.682915,42.276245],[-83.682938,42.276239]],[[-83.682915,42.276245],[-83.682915,42.276249]],[[-83.684315,42.276254],[-83.684317,42.276255]],[[-83.684315,42.276254],[-83.684315,42.276255]],[[-83.684317,42.276255],[-83.684315,42.276255]],[[-83.684317,42.276255],[-83.684365,42.276265],[-83.68441,42.276282],[-83.684453,42.276306],[-83.684492,42.276334],[-83.684527,42.276368],[-83.684557,42.276407],[-83.684581,42.276449],[-83.684599,42.276494],[-83.684612,42.276541],[-83.684617,42.276589],[-83.684616,42.276637],[-83.684608,42.276685],[-83.684594,42.276732],[-83.684574,42.276776],[-83.684547,42.276817],[-83.684516,42.276854],[-83.68448,42.276886],[-83.684439,42.276913],[-83.684395,42.276934],[-83.684349,42.276949],[-83.684301,42.276958],[-83.684253,42.27696],[-83.684205,42.276955],[-83.684157,42.276944]],[[-83.684315,42.276255],[-83.684282,42.276255]],[[-83.682988,42.276247],[-83.683102,42.276245]],[[-83.682988,42.276247],[-83.683042,42.276239],[-83.683098,42.276235]],[[-83.684282,42.276255],[-83.684237,42.276256]],[[-83.684282,42.276255],[-83.68433,42.276262],[-83.684377,42.276275],[-83.684422,42.276295],[-83.684463,42.276321],[-83.684501,42.276352],[-83.684533,42.276389],[-83.684561,42.276429],[-83.684582,42.276473],[-83.684597,42.27652],[-83.684605,42.276568],[-83.684607,42.276617],[-83.684601,42.276665],[-83.684589,42.276712],[-83.68457,42.276758],[-83.684545,42.2768],[-83.684515,42.276838],[-83.684479,42.276871],[-83.684439,42.276899],[-83.684396,42.276922],[-83.68435,42.276938],[-83.684302,42.276947],[-83.684253,42.27695],[-83.684204,42.276945],[-83.684157,42.276934]],[[-83.68294,42.276248],[-83.682988,42.276247]],[[-83.68294,42.276248],[-83.682985,42.276238]],[[-83.684237,42.276256],[-83.684129,42.276259]],[[-83.684237,42.276256],[-83.684285,42.276257],[-83.684332,42.276265],[-83.684377,42.276279],[-83.68442,42.276299],[-83.68446,42.276325],[-83.684496,42.276356],[-83.684527,42.276392],[-83.684553,42.276432],[-83.684573,42.276475],[-83.684587,42.27652],[-83.684595,42.276567],[-83.684596,42.276615],[-83.68459,42.276662],[-83.684578,42.276708],[-83.684559,42.276752],[-83.684535,42.276793],[-83.684505,42.27683],[-83.68447,42.276862],[-83.684432,42.27689],[-83.684389,42.276911],[-83.684344,42.276927],[-83.684298,42.276936],[-83.68425,42.276939],[-83.684203,42.276935],[-83.684156,42.276925]],[[-83.682915,42.276249],[-83.68294,42.276248]],[[-83.682915,42.276249],[-83.682915,42.276255]],[[-83.682904,42.276249],[-83.682915,42.276249]],[[-83.682904,42.276249],[-83.682915,42.276245]],[[-83.682871,42.276249],[-83.682904,42.276249]],[[-83.682871,42.276249],[-83.6829,42.27624]],[[-83.684129,42.276259],[-83.684183,42.27626],[-83.684238,42.276266],[-83.684291,42.276278],[-83.684343,42.276295],[-83.684393,42.276318],[-83.68444,42.276345]],[[-83.684128,42.276259],[-83.684129,42.276259]],[[-83.684128,42.276259],[-83.684127,42.276249]],[[-83.682794,42.276251],[-83.682871,42.276249]],[[-83.682794,42.276251],[-83.682795,42.276261]],[[-83.682776,42.276251],[-83.682794,42.276251]],[[-83.683102,42.276254],[-83.684127,42.27623]],[[-83.683102,42.276254],[-83.683102,42.276245]],[[-83.683101,42.276254],[-83.683102,42.276254],[-83.683102,42.276254]],[[-83.682915,42.276255],[-83.68294,42.276248]],[[-83.682915,42.276255],[-83.682915,42.276258]],[[-83.68299,42.276257],[-83.683101,42.276254]],[[-83.68299,42.276257],[-83.683046,42.276248],[-83.683102,42.276245]],[[-83.682941,42.276258],[-83.68299,42.276257]],[[-83.682941,42.276258],[-83.682988,42.276247]],[[-83.682915,42.276258],[-83.682941,42.276258]],[[-83.682915,42.276258],[-83.682916,42.276265]],[[-83.682905,42.276259],[-83.682915,42.276258]],[[-83.682905,42.276259],[-83.682915,42.276255]],[[-83.682874,42.276259],[-83.682905,42.276259]],[[-83.682874,42.276259],[-83.682904,42.276249]],[[-83.682845,42.27626],[-83.682874,42.276259]],[[-83.682845,42.27626],[-83.682871,42.276249]],[[-83.682795,42.276261],[-83.682845,42.27626]],[[-83.682795,42.276261],[-83.682795,42.27627]],[[-83.682776,42.276261],[-83.682795,42.276261]],[[-83.683103,42.276264],[-83.683103,42.276264],[-83.684127,42.27624]],[[-83.683103,42.276264],[-83.683102,42.276254]],[[-83.682916,42.276265],[-83.682941,42.276258]],[[-83.682916,42.276265],[-83.682916,42.276268]],[[-83.682993,42.276266],[-83.683103,42.276264]],[[-83.682993,42.276266],[-83.683047,42.276258],[-83.683101,42.276254]],[[-83.682947,42.276267],[-83.682993,42.276266]],[[-83.682947,42.276267],[-83.68299,42.276257]],[[-83.682916,42.276268],[-83.682947,42.276267]],[[-83.682916,42.276268],[-83.682916,42.276276]],[[-83.682908,42.276268],[-83.682916,42.276268]],[[-83.682908,42.276268],[-83.682916,42.276265]],[[-83.682878,42.276268],[-83.682908,42.276268]],[[-83.682878,42.276268],[-83.682905,42.276259]],[[-83.68285,42.276269],[-83.682878,42.276268]],[[-83.68285,42.276269],[-83.682874,42.276259]],[[-83.682824,42.276269],[-83.68285,42.276269]],[[-83.682824,42.276269],[-83.682845,42.27626]],[[-83.682795,42.27627],[-83.682824,42.276269]],[[-83.682795,42.27627],[-83.682796,42.27628]],[[-83.682777,42.27627],[-83.682795,42.27627]],[[-83.683103,42.276273],[-83.683103,42.276273],[-83.684127,42.276249]],[[-83.683103,42.276273],[-83.683103,42.276264]],[[-83.683088,42.276274],[-83.683103,42.276273]],[[-83.682994,42.276276],[-83.683088,42.276274]],[[-83.682994,42.276276],[-83.683048,42.276267],[-83.683103,42.276264]],[[-83.682916,42.276276],[-83.682947,42.276267]],[[-83.682916,42.276276],[-83.682916,42.276277]],[[-83.682948,42.276277],[-83.682994,42.276276]],[[-83.682948,42.276277],[-83.682993,42.276266]],[[-83.682916,42.276277],[-83.682948,42.276277]],[[-83.682916,42.276277],[-83.682916,42.276286]],[[-83.682913,42.276277],[-83.682916,42.276277]],[[-83.682913,42.276277],[-83.682916,42.276276]],[[-83.682879,42.276278],[-83.682913,42.276277]],[[-83.682879,42.276278],[-83.682908,42.276268]],[[-83.682853,42.276279],[-83.682879,42.276278]],[[-83.682853,42.276279],[-83.682878,42.276268]],[[-83.682828,42.276279],[-83.682853,42.276279]],[[-83.682828,42.276279],[-83.68285,42.276269]],[[-83.682803,42.27628],[-83.682828,42.276279]],[[-83.682803,42.27628],[-83.682824,42.276269]],[[-83.682796,42.27628],[-83.682803,42.27628]],[[-83.682796,42.27628],[-83.682796,42.276284]],[[-83.682776,42.27628],[-83.682796,42.27628]],[[-83.683103,42.276283],[-83.684128,42.276259]],[[-83.683103,42.276283],[-83.683103,42.276273]],[[-83.682796,42.276284],[-83.682803,42.27628]],[[-83.682796,42.276284],[-83.682796,42.276289]],[[-83.682996,42.276285],[-83.683103,42.276283]],[[-83.682996,42.276285],[-83.683042,42.276278],[-83.683088,42.276274]],[[-83.68295,42.276286],[-83.682996,42.276285]],[[-83.68295,42.276286],[-83.682994,42.276276]],[[-83.682916,42.276286],[-83.682948,42.276277]],[[-83.682914,42.276287],[-83.68295,42.276286]],[[-83.682914,42.276287],[-83.682916,42.276286]],[[-83.682885,42.276288],[-83.682914,42.276287]],[[-83.682885,42.276288],[-83.682913,42.276277]],[[-83.682855,42.276288],[-83.682885,42.276288]],[[-83.682855,42.276288],[-83.682879,42.276278]],[[-83.682831,42.276289],[-83.682855,42.276288]],[[-83.682831,42.276289],[-83.682853,42.276279]],[[-83.682808,42.276289],[-83.682831,42.276289]],[[-83.682808,42.276289],[-83.682828,42.276279]],[[-83.682796,42.276289],[-83.682808,42.276289]],[[-83.682785,42.27629],[-83.682796,42.276289]],[[-83.682785,42.27629],[-83.682796,42.276284]],[[-83.682777,42.27629],[-83.682785,42.27629]],[[-83.68444,42.276345],[-83.684477,42.276369],[-83.684509,42.276398],[-83.684536,42.276432],[-83.684558,42.276469],[-83.684573,42.27651],[-83.684581,42.276553],[-83.684583,42.276596],[-83.684578,42.276639],[-83.684566,42.276681],[-83.684548,42.276721],[-83.684524,42.276757],[-83.684494,42.276788],[-83.68446,42.276815]],[[-83.68444,42.276345],[-83.684455,42.276356],[-83.684468,42.276369],[-83.684479,42.276384],[-83.684488,42.276401],[-83.684495,42.276419],[-83.684498,42.276437],[-83.684509,42.276721],[-83.684506,42.276743],[-83.684499,42.276764],[-83.684489,42.276783],[-83.684476,42.2768],[-83.68446,42.276815]],[[-83.684175,42.276366],[-83.684285,42.276364],[-83.684291,42.276501]],[[-83.684119,42.276368],[-83.684175,42.276366]],[[-83.684119,42.276368],[-83.684123,42.276464]],[[-83.684063,42.276369],[-83.684119,42.276368]],[[-83.684008,42.27637],[-83.684063,42.276369]],[[-83.684008,42.27637],[-83.684015,42.276548]],[[-83.683952,42.276371],[-83.684008,42.27637]],[[-83.683897,42.276373],[-83.683952,42.276371]],[[-83.683897,42.276373],[-83.683916,42.276812]],[[-83.683841,42.276374],[-83.683897,42.276373]],[[-83.683786,42.276375],[-83.683841,42.276374]],[[-83.683786,42.276375],[-83.683805,42.276814]],[[-83.683731,42.276377],[-83.683786,42.276375]],[[-83.683675,42.276378],[-83.683731,42.276377]],[[-83.683675,42.276378],[-83.683682,42.276526]],[[-83.68362,42.276379],[-83.683675,42.276378]],[[-83.683564,42.27638],[-83.68362,42.276379]],[[-83.683564,42.27638],[-83.683571,42.276529]],[[-83.683509,42.276382],[-83.683564,42.27638]],[[-83.683454,42.276383],[-83.683509,42.276382]],[[-83.683454,42.276383],[-83.683473,42.276822]],[[-83.683398,42.276384],[-83.683454,42.276383]],[[-83.683343,42.276386],[-83.683398,42.276384]],[[-83.683343,42.276386],[-83.683362,42.276825]],[[-83.683287,42.276387],[-83.683343,42.276386]],[[-83.683232,42.276388],[-83.683287,42.276387]],[[-83.683232,42.276388],[-83.683239,42.276566]],[[-83.683177,42.276389],[-83.683232,42.276388]],[[-83.683121,42.276391],[-83.683177,42.276389]],[[-83.683121,42.276391],[-83.683125,42.276487]],[[-83.683065,42.276392],[-83.683121,42.276391]],[[-83.684179,42.276456],[-83.684175,42.276366]],[[-83.684179,42.276456],[-83.684151,42.276458],[-83.684123,42.276464]],[[-83.684123,42.276464],[-83.684095,42.276473],[-83.684068,42.276487]],[[-83.684123,42.276464],[-83.684126,42.276524]],[[-83.684068,42.276487],[-83.684063,42.276369]],[[-83.684068,42.276487],[-83.684052,42.276499],[-83.684037,42.276514],[-83.684025,42.27653],[-83.684015,42.276548]],[[-83.683069,42.276481],[-83.683065,42.276392]],[[-83.683125,42.276487],[-83.683097,42.276482],[-83.683069,42.276481]],[[-83.683125,42.276487],[-83.683128,42.276547]],[[-83.684291,42.276501],[-83.684225,42.276503],[-83.684232,42.276666],[-83.684298,42.276665]],[[-83.683182,42.276508],[-83.683177,42.276389]],[[-83.683182,42.276508],[-83.683154,42.276495],[-83.683125,42.276487]],[[-83.683626,42.276516],[-83.68362,42.276379]],[[-83.683626,42.276516],[-83.683645,42.276517],[-83.683664,42.27652],[-83.683682,42.276526]],[[-83.684126,42.276524],[-83.68418,42.276561]],[[-83.684126,42.276524],[-83.684131,42.27665]],[[-83.683682,42.276526],[-83.683695,42.276531],[-83.683707,42.276539],[-83.683718,42.276549],[-83.683727,42.27656],[-83.683734,42.276572],[-83.68374,42.276586]],[[-83.683682,42.276526],[-83.683688,42.27667]],[[-83.683571,42.276529],[-83.683588,42.276522],[-83.683607,42.276518],[-83.683626,42.276516]],[[-83.683571,42.276529],[-83.683576,42.276672]],[[-83.68296,42.276533],[-83.682954,42.276395],[-83.683065,42.276392]],[[-83.68296,42.276533],[-83.683025,42.276531],[-83.683032,42.276695],[-83.682967,42.276696]],[[-83.68407,42.27654],[-83.684081,42.276528],[-83.684092,42.276518],[-83.684105,42.27651],[-83.684126,42.276524]],[[-83.68407,42.27654],[-83.684068,42.276487]],[[-83.684015,42.276548],[-83.684019,42.276632]],[[-83.684015,42.276548],[-83.684011,42.276561],[-83.684008,42.276576],[-83.684008,42.27659],[-83.684009,42.276605],[-83.684013,42.276619],[-83.684019,42.276632]],[[-83.683128,42.276547],[-83.683146,42.276533],[-83.68316,42.276541],[-83.683172,42.27655],[-83.683184,42.276562]],[[-83.683128,42.276547],[-83.683133,42.276674]],[[-83.684183,42.276561],[-83.684179,42.276456]],[[-83.684183,42.276561],[-83.684187,42.27656],[-83.684191,42.27656],[-83.684195,42.27656],[-83.684199,42.276561],[-83.684203,42.276563],[-83.684207,42.276565],[-83.68421,42.276568],[-83.684212,42.276572],[-83.684214,42.276575],[-83.684215,42.276579],[-83.684216,42.276583],[-83.684215,42.276587],[-83.684215,42.276591],[-83.684213,42.276595],[-83.684211,42.276599],[-83.684208,42.276602],[-83.684205,42.276605],[-83.684201,42.276607],[-83.684197,42.276608],[-83.684193,42.276609],[-83.684189,42.276609],[-83.684185,42.276608]],[[-83.68418,42.276561],[-83.684183,42.276561]],[[-83.683184,42.276562],[-83.683182,42.276508]],[[-83.683184,42.276562],[-83.683191,42.276571],[-83.683197,42.276581],[-83.683201,42.276592],[-83.683203,42.276603],[-83.683203,42.276614],[-83.683202,42.276626],[-83.683199,42.276637],[-83.683194,42.276647],[-83.683188,42.276657]],[[-83.683239,42.276566],[-83.683228,42.276549],[-83.683215,42.276533],[-83.683199,42.276519],[-83.683182,42.276508]],[[-83.683239,42.276566],[-83.683243,42.276649]],[[-83.68374,42.276586],[-83.683731,42.276377]],[[-83.68374,42.276586],[-83.683741,42.276597],[-83.68374,42.276607]],[[-83.683075,42.276589],[-83.683128,42.276547]],[[-83.683075,42.276589],[-83.683079,42.276588],[-83.683084,42.276588],[-83.683088,42.276589],[-83.683091,42.27659],[-83.683095,42.276592],[-83.683098,42.276595],[-83.683101,42.276598],[-83.683103,42.276601],[-83.683104,42.276605],[-83.683105,42.276609],[-83.683105,42.276613],[-83.683105,42.276617],[-83.683103,42.276621],[-83.683101,42.276625],[-83.683099,42.276628],[-83.683096,42.276631],[-83.683092,42.276633],[-83.683089,42.276634],[-83.683085,42.276635],[-83.683081,42.276635],[-83.683077,42.276635]],[[-83.683073,42.276589],[-83.683075,42.276589]],[[-83.683073,42.276589],[-83.683069,42.276481]],[[-83.683518,42.276594],[-83.683521,42.276582],[-83.683525,42.27657],[-83.683532,42.276559],[-83.68354,42.276549],[-83.683549,42.276541],[-83.683559,42.276534],[-83.683571,42.276529]],[[-83.683518,42.276594],[-83.683509,42.276382]],[[-83.684185,42.276608],[-83.684183,42.276561]],[[-83.684185,42.276608],[-83.684185,42.276608]],[[-83.684185,42.276608],[-83.684179,42.276608],[-83.684174,42.276607],[-83.684169,42.276606],[-83.684165,42.276603],[-83.684161,42.2766],[-83.684157,42.276596],[-83.684155,42.276592],[-83.684153,42.276587],[-83.684153,42.276583],[-83.684154,42.276579],[-83.684156,42.276575],[-83.684158,42.276572],[-83.684161,42.276569],[-83.684164,42.276566],[-83.684168,42.276564],[-83.684172,42.276562],[-83.684176,42.276562],[-83.68418,42.276561]],[[-83.684185,42.276608],[-83.684131,42.27665]],[[-83.68374,42.276607],[-83.68374,42.276586]],[[-83.68374,42.276607],[-83.683736,42.276621],[-83.68373,42.276634],[-83.683722,42.276645],[-83.683712,42.276655],[-83.683701,42.276663],[-83.683688,42.27667]],[[-83.683519,42.27661],[-83.683518,42.276594]],[[-83.683519,42.27661],[-83.683518,42.276602],[-83.683518,42.276594]],[[-83.684019,42.276632],[-83.68403,42.27665],[-83.684044,42.276665],[-83.684059,42.276679],[-83.684077,42.27669]],[[-83.684019,42.276632],[-83.684026,42.276809]],[[-83.684075,42.276637],[-83.68407,42.27654]],[[-83.684075,42.276637],[-83.684067,42.276628],[-83.684061,42.276618],[-83.684057,42.276607],[-83.684055,42.276595],[-83.684054,42.276583],[-83.684056,42.276572],[-83.684059,42.27656],[-83.684064,42.276549],[-83.68407,42.27654]],[[-83.683077,42.276635],[-83.683075,42.276635]],[[-83.683075,42.276635],[-83.683073,42.276589]],[[-83.683075,42.276635],[-83.683069,42.276635],[-83.683063,42.276633],[-83.683058,42.276631],[-83.683053,42.276628],[-83.683048,42.276624],[-83.683046,42.276621],[-83.683045,42.276617],[-83.683045,42.276613],[-83.683045,42.276609],[-83.683045,42.276605],[-83.683047,42.276601],[-83.683049,42.276598],[-83.683051,42.276595],[-83.683054,42.276592],[-83.683058,42.27659],[-83.683062,42.276589],[-83.683065,42.276588],[-83.683069,42.276588],[-83.683073,42.276589]],[[-83.684131,42.27665],[-83.684112,42.276665],[-83.684098,42.276657],[-83.684086,42.276648],[-83.684075,42.276637]],[[-83.684131,42.27665],[-83.684134,42.276711]],[[-83.683243,42.276649],[-83.683248,42.276633],[-83.68325,42.276616],[-83.68325,42.276599],[-83.683246,42.276582],[-83.683239,42.276566]],[[-83.683243,42.276649],[-83.683251,42.276827]],[[-83.683188,42.276657],[-83.683184,42.276562]],[[-83.683188,42.276657],[-83.683178,42.276669],[-83.683166,42.276679],[-83.683153,42.276687],[-83.683133,42.276674]],[[-83.684298,42.276665],[-83.684291,42.276501]],[[-83.684298,42.276665],[-83.684304,42.276803],[-83.684194,42.276805]],[[-83.683688,42.27667],[-83.68367,42.276676],[-83.683652,42.27668],[-83.683633,42.276682]],[[-83.683688,42.27667],[-83.683694,42.276817]],[[-83.683576,42.276672],[-83.683559,42.276663],[-83.683547,42.276656],[-83.683537,42.276646],[-83.683529,42.276635],[-83.683523,42.276623],[-83.683519,42.27661]],[[-83.683576,42.276672],[-83.683582,42.27682]],[[-83.683133,42.276674],[-83.683077,42.276635]],[[-83.683133,42.276674],[-83.683136,42.276734]],[[-83.683633,42.276682],[-83.683626,42.276516]],[[-83.683633,42.276682],[-83.683614,42.276681],[-83.683595,42.276678],[-83.683576,42.276672]],[[-83.684077,42.27669],[-83.684075,42.276637]],[[-83.684077,42.27669],[-83.684104,42.276703],[-83.684134,42.276711]],[[-83.682967,42.276696],[-83.68296,42.276533]],[[-83.684134,42.276711],[-83.684161,42.276715],[-83.68419,42.276716]],[[-83.684134,42.276711],[-83.684138,42.276807]],[[-83.68319,42.27671],[-83.683207,42.276698],[-83.683221,42.276684],[-83.683233,42.276668],[-83.683243,42.276649]],[[-83.68319,42.27671],[-83.683188,42.276657]],[[-83.68419,42.276716],[-83.684185,42.276608]],[[-83.683136,42.276734],[-83.683164,42.276724],[-83.68319,42.27671]],[[-83.683136,42.276734],[-83.68314,42.27683]],[[-83.68308,42.276742],[-83.683108,42.27674],[-83.683136,42.276734]],[[-83.68308,42.276742],[-83.683075,42.276635]],[[-83.684194,42.276805],[-83.68419,42.276716]],[[-83.684194,42.276805],[-83.684138,42.276807]],[[-83.684138,42.276807],[-83.684082,42.276808]],[[-83.684082,42.276808],[-83.684077,42.27669]],[[-83.684082,42.276808],[-83.684026,42.276809]],[[-83.684026,42.276809],[-83.683971,42.276811]],[[-83.683971,42.276811],[-83.683952,42.276371]],[[-83.683971,42.276811],[-83.683916,42.276812]],[[-83.68446,42.276815],[-83.684414,42.276845],[-83.684366,42.276869],[-83.684316,42.276889],[-83.684263,42.276903],[-83.68421,42.276912],[-83.684156,42.276915]],[[-83.683916,42.276812],[-83.68386,42.276813]],[[-83.68386,42.276813],[-83.683841,42.276374]],[[-83.68386,42.276813],[-83.683805,42.276814]],[[-83.683805,42.276814],[-83.683749,42.276816]],[[-83.683749,42.276816],[-83.68374,42.276607]],[[-83.683749,42.276816],[-83.683694,42.276817]],[[-83.683694,42.276817],[-83.683639,42.276818]],[[-83.683639,42.276818],[-83.683633,42.276682]],[[-83.683639,42.276818],[-83.683582,42.27682]],[[-83.683582,42.27682],[-83.683528,42.276821]],[[-83.683528,42.276821],[-83.683519,42.27661]],[[-83.683528,42.276821],[-83.683473,42.276822]],[[-83.683473,42.276822],[-83.683417,42.276823]],[[-83.683417,42.276823],[-83.683398,42.276384]],[[-83.683417,42.276823],[-83.683362,42.276825]],[[-83.683362,42.276825],[-83.683306,42.276826]],[[-83.683306,42.276826],[-83.683287,42.276387]],[[-83.683306,42.276826],[-83.683251,42.276827]],[[-83.683251,42.276827],[-83.683195,42.276829]],[[-83.683195,42.276829],[-83.68319,42.27671]],[[-83.683195,42.276829],[-83.68314,42.27683]],[[-83.68314,42.27683],[-83.683084,42.276831]],[[-83.683084,42.276831],[-83.68308,42.276742]],[[-83.683084,42.276831],[-83.682973,42.276834],[-83.682967,42.276696]],[[-83.684156,42.276915],[-83.683132,42.276939]],[[-83.684156,42.276925],[-83.684156,42.276915]],[[-83.684156,42.276925],[-83.684156,42.276925],[-83.683132,42.276948]],[[-83.684157,42.276934],[-83.684156,42.276925]],[[-83.684157,42.276934],[-83.684157,42.276934],[-83.683133,42.276958],[-83.683133,42.276958]],[[-83.684157,42.276944],[-83.684157,42.276934]],[[-83.684157,42.276944],[-83.684157,42.276944],[-83.683134,42.276968],[-83.683133,42.276968]],[[-83.683132,42.276939],[-83.683085,42.276952],[-83.683036,42.276958],[-83.682987,42.276957],[-83.682938,42.276949],[-83.682891,42.276934],[-83.682847,42.276912],[-83.682806,42.276885],[-83.68277,42.276852],[-83.682738,42.276814],[-83.682713,42.276772],[-83.682694,42.276727],[-83.682681,42.276679],[-83.682675,42.27663],[-83.682677,42.276581],[-83.682685,42.276533],[-83.6827,42.276486],[-83.682722,42.276442],[-83.68275,42.276401],[-83.682783,42.276365],[-83.682822,42.276334],[-83.682864,42.276309],[-83.682909,42.27629],[-83.682957,42.276278],[-83.683006,42.276272],[-83.683055,42.276274],[-83.683103,42.276283]],[[-83.684158,42.276953],[-83.684157,42.276944]],[[-83.684158,42.276953],[-83.684158,42.276953],[-83.683134,42.276977]],[[-83.683132,42.276948],[-83.683132,42.276939]],[[-83.683132,42.276948],[-83.683132,42.276948],[-83.683087,42.276963],[-83.68304,42.27697],[-83.682992,42.276971],[-83.682945,42.276966],[-83.682899,42.276954],[-83.682855,42.276935],[-83.682814,42.276911],[-83.682776,42.276881],[-83.682744,42.276847],[-83.682716,42.276808],[-83.682694,42.276766],[-83.682678,42.276721],[-83.682668,42.276674],[-83.682665,42.276627],[-83.682669,42.276579],[-83.682679,42.276532],[-83.682695,42.276488],[-83.682718,42.276446],[-83.682746,42.276407],[-83.682779,42.276373],[-83.682817,42.276344],[-83.682858,42.27632],[-83.682902,42.276302],[-83.682948,42.27629],[-83.682996,42.276285]],[[-83.684158,42.276963],[-83.684158,42.276953]],[[-83.684158,42.276963],[-83.684158,42.276963],[-83.683134,42.276987]],[[-83.683133,42.276958],[-83.683132,42.276948]],[[-83.683133,42.276958],[-83.683086,42.276973],[-83.683038,42.276981],[-83.682989,42.276982],[-83.68294,42.276976],[-83.682893,42.276964],[-83.682847,42.276945],[-83.682805,42.27692],[-83.682767,42.27689],[-83.682733,42.276854],[-83.682705,42.276814],[-83.682682,42.276771],[-83.682666,42.276724],[-83.682657,42.276676],[-83.682654,42.276627],[-83.682658,42.276578],[-83.682669,42.276531],[-83.682686,42.276485],[-83.68271,42.276442],[-83.682739,42.276403],[-83.682774,42.276368],[-83.682813,42.276339],[-83.682856,42.276315],[-83.682902,42.276297],[-83.68295,42.276286]],[[-83.684159,42.276972],[-83.684158,42.276963]],[[-83.684159,42.276972],[-83.684158,42.276972],[-83.683135,42.276996]],[[-83.683133,42.276968],[-83.683133,42.276958]],[[-83.683133,42.276968],[-83.683087,42.276983],[-83.683039,42.276991],[-83.68299,42.276993],[-83.682941,42.276988],[-83.682894,42.276977],[-83.682848,42.276959],[-83.682806,42.276935],[-83.682767,42.276906],[-83.682732,42.276871],[-83.682702,42.276832],[-83.682678,42.27679],[-83.68266,42.276744],[-83.682648,42.276697],[-83.682643,42.276648],[-83.682645,42.2766],[-83.682653,42.276551],[-83.682667,42.276505],[-83.682688,42.276461],[-83.682715,42.27642],[-83.682747,42.276383],[-83.682783,42.27635],[-83.682824,42.276323],[-83.682868,42.276302],[-83.682914,42.276287]],[[-83.684159,42.276982],[-83.684159,42.276972]],[[-83.684159,42.276982],[-83.683135,42.277006]],[[-83.683134,42.276977],[-83.683133,42.276968]],[[-83.683134,42.276977],[-83.683134,42.276977],[-83.683085,42.276992],[-83.683035,42.277001],[-83.682984,42.277002],[-83.682934,42.276996],[-83.682884,42.276984],[-83.682837,42.276964],[-83.682793,42.276939],[-83.682753,42.276907],[-83.682718,42.27687],[-83.682688,42.276829],[-83.682665,42.276784],[-83.682647,42.276736],[-83.682637,42.276686],[-83.682633,42.276635],[-83.682637,42.276585],[-83.682647,42.276535],[-83.682665,42.276487],[-83.682689,42.276442],[-83.682718,42.276401],[-83.682754,42.276364],[-83.682794,42.276333],[-83.682838,42.276307],[-83.682885,42.276288]],[[-83.684159,42.276992],[-83.684159,42.276982]],[[-83.684159,42.276992],[-83.683136,42.277016]],[[-83.683134,42.276987],[-83.683134,42.276977]],[[-83.683134,42.276987],[-83.683086,42.277002],[-83.683035,42.277011],[-83.682984,42.277013],[-83.682933,42.277008],[-83.682883,42.276996],[-83.682836,42.276977],[-83.682791,42.276952],[-83.68275,42.276921],[-83.682714,42.276885],[-83.682682,42.276845],[-83.682657,42.2768],[-83.682638,42.276753],[-83.682626,42.276703],[-83.68262,42.276652],[-83.682622,42.276601],[-83.68263,42.27655],[-83.682645,42.276501],[-83.682667,42.276455],[-83.682694,42.276412],[-83.682728,42.276373],[-83.682766,42.276339],[-83.682809,42.276311],[-83.682855,42.276288]],[[-83.683135,42.276996],[-83.683134,42.276987]],[[-83.683135,42.276996],[-83.683135,42.276996],[-83.683086,42.277011],[-83.683035,42.27702],[-83.682984,42.277022],[-83.682933,42.277016],[-83.682883,42.277005],[-83.682835,42.276986],[-83.68279,42.276962],[-83.682749,42.276931],[-83.682712,42.276896],[-83.68268,42.276856],[-83.682653,42.276812],[-83.682633,42.276765],[-83.682619,42.276715],[-83.682612,42.276664],[-83.682612,42.276613],[-83.682618,42.276562],[-83.682632,42.276513],[-83.682651,42.276465],[-83.682677,42.276421],[-83.682709,42.27638],[-83.682745,42.276345],[-83.682786,42.276314],[-83.682831,42.276289]],[[-83.683135,42.277006],[-83.683135,42.276996]],[[-83.683135,42.277006],[-83.683135,42.277006],[-83.683086,42.277021],[-83.683035,42.27703],[-83.682983,42.277032],[-83.682932,42.277027],[-83.682881,42.277015],[-83.682833,42.276997],[-83.682787,42.276973],[-83.682745,42.276943],[-83.682707,42.276908],[-83.682674,42.276868],[-83.682647,42.276824],[-83.682626,42.276777],[-83.68261,42.276728],[-83.682602,42.276677],[-83.6826,42.276625],[-83.682605,42.276574],[-83.682617,42.276523],[-83.682635,42.276475],[-83.682659,42.276429],[-83.682689,42.276387],[-83.682724,42.276349],[-83.682764,42.276317],[-83.682808,42.276289]],[[-83.683136,42.277016],[-83.683135,42.277006]],[[-83.683136,42.277016],[-83.683086,42.277031],[-83.683034,42.27704],[-83.682982,42.277042],[-83.682931,42.277037],[-83.68288,42.277026],[-83.682831,42.277008],[-83.682784,42.276984],[-83.682741,42.276954],[-83.682703,42.27692],[-83.682669,42.27688],[-83.68264,42.276836],[-83.682618,42.276789],[-83.682601,42.27674],[-83.682591,42.276689],[-83.682588,42.276637],[-83.682591,42.276585],[-83.682601,42.276534],[-83.682618,42.276484],[-83.682641,42.276437],[-83.682669,42.276394],[-83.682703,42.276354],[-83.682742,42.276319],[-83.682785,42.27629]]]},"properties":{"Layer":null}},{"type":"Feature","geometry":{"type":"MultiLineString","coordinates":[[[-83.684259,42.27594],[-83.68354,42.275598]],[[-83.684245,42.275974],[-83.683438,42.275962]],[[-83.68483,42.276551],[-83.684829,42.276551],[-83.684827,42.27655],[-83.684826,42.276549],[-83.684825,42.276547],[-83.684824,42.276546],[-83.684823,42.276544],[-83.684823,42.276542],[-83.684823,42.276541],[-83.684823,42.276539],[-83.684824,42.276537],[-83.684825,42.276536],[-83.684826,42.276535],[-83.684827,42.276533],[-83.684828,42.276533],[-83.68483,42.276532],[-83.684832,42.276532],[-83.684834,42.276532],[-83.684835,42.276532],[-83.684837,42.276532],[-83.684838,42.276533],[-83.68484,42.276534],[-83.684841,42.276536],[-83.684842,42.276537],[-83.684842,42.276539],[-83.684843,42.276541],[-83.684843,42.276542],[-83.684842,42.276544],[-83.684842,42.276546],[-83.684841,42.276547],[-83.68484,42.276548],[-83.684838,42.27655],[-83.684837,42.27655],[-83.684835,42.276551],[-83.684834,42.276551],[-83.684832,42.276551],[-83.68483,42.276551]],[[-83.684793,42.276722],[-83.684791,42.276722],[-83.684789,42.276722],[-83.684788,42.276722],[-83.684786,42.276721],[-83.684785,42.27672],[-83.684783,42.276719],[-83.684782,42.276718],[-83.684781,42.276716],[-83.684781,42.276715],[-83.684781,42.276713],[-83.684781,42.276711],[-83.684781,42.27671],[-83.684782,42.276708],[-83.684783,42.276707],[-83.684784,42.276705],[-83.684785,42.276704],[-83.684786,42.276703],[-83.684788,42.276703],[-83.68479,42.276703],[-83.684791,42.276703],[-83.684793,42.276703],[-83.684795,42.276704],[-83.684796,42.276704],[-83.684797,42.276706],[-83.684798,42.276707],[-83.684799,42.276708],[-83.6848,42.27671],[-83.6848,42.276712],[-83.6848,42.276713],[-83.6848,42.276715],[-83.684799,42.276717],[-83.684798,42.276718],[-83.684797,42.276719],[-83.684796,42.27672],[-83.684794,42.276721],[-83.684793,42.276722]]]},"properties":{"Layer":null}},{"type":"Feature","geometry":{"type":"MultiLineString","coordinates":[[[-83.681307,42.274977],[-83.681304,42.275086],[-83.681427,42.27509]],[[-83.681307,42.274977],[-83.681219,42.274976],[-83.681211,42.275297]],[[-83.681416,42.274979],[-83.681307,42.274977]],[[-83.681416,42.274979],[-83.681415,42.275018],[-83.68159,42.275022],[-83.681593,42.274982]],[[-83.681593,42.274982],[-83.681416,42.274979]],[[-83.681698,42.274984],[-83.681593,42.274982]],[[-83.681427,42.27509],[-83.681571,42.275094]],[[-83.681571,42.275094],[-83.681693,42.275097],[-83.681698,42.274984]],[[-83.681571,42.275094],[-83.681561,42.275104],[-83.681548,42.275113],[-83.681535,42.27512],[-83.68152,42.275124],[-83.681506,42.275126],[-83.68149,42.275126],[-83.681476,42.275123],[-83.681462,42.275118],[-83.681448,42.27511],[-83.681437,42.275101],[-83.681427,42.27509]],[[-83.681211,42.275297],[-83.681413,42.2753]],[[-83.681211,42.275297],[-83.681204,42.275626],[-83.681283,42.275626]],[[-83.681413,42.2753],[-83.681418,42.275287],[-83.681426,42.275275],[-83.681435,42.275264],[-83.681446,42.275256],[-83.681459,42.275249],[-83.681472,42.275244],[-83.681486,42.275242],[-83.6815,42.275242],[-83.681514,42.275245],[-83.681527,42.27525],[-83.681539,42.275257],[-83.68155,42.275266],[-83.681559,42.275277],[-83.681567,42.275289],[-83.681572,42.275302]],[[-83.681413,42.2753],[-83.681572,42.275302]],[[-83.681572,42.275302],[-83.681765,42.275305]],[[-83.681572,42.275302],[-83.681568,42.275315],[-83.681562,42.275326],[-83.681554,42.275337],[-83.681544,42.275346],[-83.681533,42.275353],[-83.681521,42.275358],[-83.681508,42.275361],[-83.681495,42.275361],[-83.681482,42.27536],[-83.681471,42.275359],[-83.68146,42.275357],[-83.68145,42.275353],[-83.68144,42.275347],[-83.681432,42.275339],[-83.681425,42.275331],[-83.681419,42.275321],[-83.681415,42.275311],[-83.681413,42.2753]],[[-83.681765,42.275305],[-83.681772,42.274985],[-83.681698,42.274984]],[[-83.681552,42.275515],[-83.681542,42.275505],[-83.68153,42.275496],[-83.681518,42.275489],[-83.681504,42.275485],[-83.681489,42.275482],[-83.681475,42.275482],[-83.681461,42.275485],[-83.681447,42.275489],[-83.681434,42.275496],[-83.681422,42.275504],[-83.681412,42.275515]],[[-83.681552,42.275515],[-83.681673,42.275515],[-83.68167,42.275628]],[[-83.681412,42.275515],[-83.681552,42.275515]],[[-83.68167,42.275628],[-83.681757,42.275628],[-83.681765,42.275305]],[[-83.681562,42.275627],[-83.68167,42.275628]],[[-83.681562,42.275627],[-83.68139,42.275627]],[[-83.68139,42.275627],[-83.681391,42.275589],[-83.681562,42.27559],[-83.681562,42.275627]],[[-83.68139,42.275627],[-83.681283,42.275626]],[[-83.681283,42.275626],[-83.681287,42.275515],[-83.681412,42.275515]]]},"properties":{"Layer":null}},{"type":"Feature","geometry":{"type":"MultiLineString","coordinates":[[[-83.680786,42.274969],[-83.680783,42.275057],[-83.680851,42.275058]],[[-83.680786,42.274969],[-83.680681,42.274968],[-83.680679,42.275091]],[[-83.680874,42.274971],[-83.680786,42.274969]],[[-83.680874,42.274971],[-83.680873,42.275002],[-83.680968,42.275004],[-83.680969,42.274973]],[[-83.680969,42.274973],[-83.680874,42.274971]],[[-83.681057,42.274974],[-83.680969,42.274973]],[[-83.680851,42.275058],[-83.68099,42.275061]],[[-83.68099,42.275061],[-83.681056,42.275063],[-83.681057,42.274974]],[[-83.68099,42.275061],[-83.680978,42.275072],[-83.680965,42.27508],[-83.68095,42.275086],[-83.680935,42.27509],[-83.68092,42.275091],[-83.680904,42.275089],[-83.680889,42.275085],[-83.680875,42.275078],[-83.680862,42.275069],[-83.680851,42.275058]],[[-83.680679,42.275091],[-83.681157,42.275102]],[[-83.680679,42.275091],[-83.680677,42.275218]],[[-83.681157,42.275102],[-83.68116,42.274976],[-83.681057,42.274974]],[[-83.680677,42.275218],[-83.68084,42.27522]],[[-83.680677,42.275218],[-83.680675,42.275344]],[[-83.68084,42.27522],[-83.680846,42.275207],[-83.680853,42.275195],[-83.680863,42.275185],[-83.680874,42.275176],[-83.680886,42.275169],[-83.680899,42.275165],[-83.680913,42.275163],[-83.680927,42.275163],[-83.680941,42.275165],[-83.680954,42.27517],[-83.680967,42.275177],[-83.680977,42.275186],[-83.680987,42.275197],[-83.680994,42.275209],[-83.680999,42.275222]],[[-83.68084,42.27522],[-83.680999,42.275222]],[[-83.680999,42.275222],[-83.681154,42.275224]],[[-83.680999,42.275222],[-83.680996,42.275233],[-83.680991,42.275243],[-83.680985,42.275253],[-83.680978,42.275261],[-83.680969,42.275268],[-83.680959,42.275274],[-83.680948,42.275278],[-83.680937,42.27528],[-83.680926,42.27528],[-83.680914,42.275281],[-83.680903,42.275281],[-83.680891,42.275278],[-83.680881,42.275274],[-83.680871,42.275268],[-83.680862,42.275261],[-83.680854,42.275252],[-83.680848,42.275242],[-83.680843,42.275231],[-83.68084,42.27522]],[[-83.681154,42.275224],[-83.681157,42.275102]],[[-83.680675,42.275344],[-83.680672,42.275475],[-83.680781,42.275476]],[[-83.681151,42.275352],[-83.681154,42.275224]],[[-83.681151,42.275352],[-83.680675,42.275344]],[[-83.680855,42.275383],[-83.680985,42.275385]],[[-83.680985,42.275385],[-83.680973,42.275375],[-83.680959,42.275368],[-83.680944,42.275362],[-83.680929,42.275359],[-83.680913,42.275359],[-83.680897,42.275361],[-83.680882,42.275366],[-83.680868,42.275373],[-83.680855,42.275383]],[[-83.680985,42.275385],[-83.681052,42.275387],[-83.68105,42.275479]],[[-83.680781,42.275476],[-83.680782,42.275381],[-83.680855,42.275383]],[[-83.680781,42.275476],[-83.68087,42.275477]],[[-83.68087,42.275477],[-83.680871,42.275445],[-83.680965,42.275444],[-83.680964,42.275478]],[[-83.680964,42.275478],[-83.68087,42.275477]],[[-83.680964,42.275478],[-83.68105,42.275479]],[[-83.68105,42.275479],[-83.681148,42.275479],[-83.681151,42.275352]]]},"properties":{"Layer":null}},{"type":"Feature","geometry":{"type":"LineString","coordinates":[[-83.678251,42.277874],[-83.678256,42.277873],[-83.678261,42.27787],[-83.678266,42.277867],[-83.67827,42.277864],[-83.678273,42.277859],[-83.678276,42.277854],[-83.678277,42.277849],[-83.678278,42.277843],[-83.678278,42.277838],[-83.678276,42.277832],[-83.678274,42.277827],[-83.678271,42.277823],[-83.678267,42.277818],[-83.678263,42.277815],[-83.678258,42.277812],[-83.678253,42.277811],[-83.678247,42.27781],[-83.678242,42.27781],[-83.678236,42.277811],[-83.678229,42.277812],[-83.678223,42.277813],[-83.678216,42.277815],[-83.67821,42.277819],[-83.678204,42.277823],[-83.6782,42.277828],[-83.678197,42.277831],[-83.678196,42.277837],[-83.678195,42.277842],[-83.678196,42.277848],[-83.678197,42.277853],[-83.678199,42.277859],[-83.678202,42.277863],[-83.678206,42.277867],[-83.67821,42.277871],[-83.678215,42.277874],[-83.678221,42.277876],[-83.678226,42.277877],[-83.678232,42.277877],[-83.678237,42.277876],[-83.678242,42.277876],[-83.678251,42.277874]]},"properties":{"Layer":null}}]}
