{"type":"FeatureCollection","features":[{"type":"Feature","id":934,"geometry":{"type":"LineString","coordinates":[[-83.747376,42.268087],[-83.747354,42.268073],[-83.747353,42.268074]]},"properties":{"OBJECTID":934,"Width":null,"Slope":null,"RampType":null,"DetectableWarning":null,"Condition":null,"GlobalID":"{8D788092-CA19-43C8-BF22-47E4F09270F3}"}},{"type":"Feature","id":935,"geometry":{"type":"LineString","coordinates":[[-83.747404,42.269574],[-83.747407,42.269363]]},"properties":{"OBJECTID":935,"Width":null,"Slope":null,"RampType":null,"DetectableWarning":null,"Condition":null,"GlobalID":"{CD7A0AF3-443D-49BB-8C94-4B7FDA53F4A4}"}},{"type":"Feature","id":936,"geometry":{"type":"LineString","coordinates":[[-83.746196,42.266497],[-83.746148,42.266487]]},"properties":{"OBJECTID":936,"Width":null,"Slope":null,"RampType":null,"DetectableWarning":null,"Condition":null,"GlobalID":"{327C5B57-32D5-416A-8C4C-F3783DA955F2}"}},{"type":"Feature","id":937,"geometry":{"type":"LineString","coordinates":[[-83.745521,42.2665],[-83.745441,42.266385]]},"properties":{"OBJECTID":937,"Width":null,"Slope":null,"RampType":null,"DetectableWarning":null,"Condition":null,"GlobalID":"{F2EAD312-0513-4100-95F1-60794FDE1BC4}"}},{"type":"Feature","id":938,"geometry":{"type":"LineString","coordinates":[[-83.745335,42.266213],[-83.745224,42.266019]]},"properties":{"OBJECTID":938,"Width":null,"Slope":null,"RampType":null,"DetectableWarning":null,"Condition":null,"GlobalID":"{A892E467-97DC-4160-9784-42A2247813D2}"}},{"type":"Feature","id":939,"geometry":{"type":"LineString","coordinates":[[-83.745189,42.265985],[-83.745091,42.266015]]},"properties":{"OBJECTID":939,"Width":null,"Slope":null,"RampType":null,"DetectableWarning":null,"Condition":null,"GlobalID":"{DA679D88-0CD5-475A-9C1E-867F30D5B534}"}},{"type":"Feature","id":940,"geometry":{"type":"LineString","coordinates":[[-83.713511,42.289224],[-83.713511,42.289238]]},"properties":{"OBJECTID":940,"Width":6,"Slope":7.5,"RampType":"Perp","DetectableWarning":"No","Condition":"Poor","GlobalID":"{3FA9D129-F9A3-4B41-96D2-3567D0DA0C16}"}},{"type":"Feature","id":941,"geometry":{"type":"LineString","coordinates":[[-83.71307,42.289191],[-83.71307,42.289222]]},"properties":{"OBJECTID":941,"Width":8,"Slope":4.8,"RampType":"Par","DetectableWarning":"No","Condition":"Very Good","GlobalID":"{134DD398-702C-4220-8941-7D6688BBB491}"}},{"type":"Feature","id":942,"geometry":{"type":"LineString","coordinates":[[-83.714143,42.289221],[-83.714143,42.289338]]},"properties":{"OBJECTID":942,"Width":10,"Slope":7.8,"RampType":"Comb","DetectableWarning":"No","Condition":"Poor","GlobalID":"{E9604107-087F-4498-9391-D48182A363B7}"}},{"type":"Feature","id":943,"geometry":{"type":"LineString","coordinates":[[-83.71414,42.289528],[-83.714141,42.289486]]},"properties":{"OBJECTID":943,"Width":8,"Slope":6.7,"RampType":"Depressed","DetectableWarning":"No","Condition":"Good","GlobalID":"{35C24546-49EB-43B3-8059-9ED94290F192}"}},{"type":"Feature","id":944,"geometry":{"type":"LineString","coordinates":[[-83.714141,42.289507],[-83.714123,42.289507]]},"properties":{"OBJECTID":944,"Width":5,"Slope":3,"RampType":"Depressed","DetectableWarning":"No","Condition":"Good","GlobalID":"{CB8E608A-22B4-4F2A-A20D-42A572B0CB1E}"}},{"type":"Feature","id":945,"geometry":{"type":"LineString","coordinates":[[-83.714078,42.289747],[-83.714057,42.289746]]},"properties":{"OBJECTID":945,"Width":11.5,"Slope":6.3,"RampType":"Diag","DetectableWarning":"No","Condition":"Good","GlobalID":"{96CF89B0-E436-4DD0-859F-9A9BEDDAA4E3}"}},{"type":"Feature","id":946,"geometry":{"type":"LineString","coordinates":[[-83.71645,42.290187],[-83.71645,42.290203]]},"properties":{"OBJECTID":946,"Width":15,"Slope":2,"RampType":"Comb","DetectableWarning":"Yes","Condition":"Good","GlobalID":"{79C3E9CD-2F64-47E7-816B-B3FC867F9798}"}},{"type":"Feature","id":947,"geometry":{"type":"LineString","coordinates":[[-83.717546,42.290182],[-83.717545,42.290201]]},"properties":{"OBJECTID":947,"Width":8,"Slope":6.7,"RampType":"Perp","DetectableWarning":"No","Condition":"Poor","GlobalID":"{D2471BB0-1FEF-4535-A450-2EDD0E0CAB35}"}},{"type":"Feature","id":948,"geometry":{"type":"LineString","coordinates":[[-83.713085,42.291114],[-83.713096,42.29113]]},"properties":{"OBJECTID":948,"Width":9,"Slope":4.8,"RampType":"Perp","DetectableWarning":"No","Condition":"Fair","GlobalID":"{1FDD1E92-7A4C-4E9A-AC35-C7B21A55C987}"}},{"type":"Feature","id":949,"geometry":{"type":"LineString","coordinates":[[-83.713165,42.291274],[-83.713176,42.291247]]},"properties":{"OBJECTID":949,"Width":9,"Slope":7,"RampType":"Perp","DetectableWarning":"No","Condition":"Fair","GlobalID":"{0E701223-57B1-4354-B1AB-83F47A076A1A}"}},{"type":"Feature","id":950,"geometry":{"type":"LineString","coordinates":[[-83.713191,42.290895],[-83.713191,42.29088]]},"properties":{"OBJECTID":950,"Width":7,"Slope":6.8,"RampType":"Perp","DetectableWarning":"Yes","Condition":"Fair","GlobalID":"{511F541C-FE6A-46F0-9AC9-A8424FF5907D}"}},{"type":"Feature","id":951,"geometry":{"type":"LineString","coordinates":[[-83.713154,42.290784],[-83.713163,42.290776]]},"properties":{"OBJECTID":951,"Width":7.33,"Slope":1.5,"RampType":"Diag","DetectableWarning":"Yes","Condition":"Fair","GlobalID":"{689EAA95-E512-418E-A7E1-D08F2D1A90E0}"}},{"type":"Feature","id":952,"geometry":{"type":"LineString","coordinates":[[-83.713126,42.290414],[-83.713126,42.290425]]},"properties":{"OBJECTID":952,"Width":8,"Slope":1.2,"RampType":"Par","DetectableWarning":"Yes","Condition":"Poor","GlobalID":"{36CA35F5-2B77-4CBD-9E4E-71DD4DFD9B21}"}},{"type":"Feature","id":953,"geometry":{"type":"LineString","coordinates":[[-83.713126,42.29035],[-83.713126,42.290314]]},"properties":{"OBJECTID":953,"Width":8,"Slope":1.5,"RampType":"Perp","DetectableWarning":"Yes","Condition":"Fair","GlobalID":"{A1446A1F-56E4-4CDF-B58E-8C1085C1DEDC}"}},{"type":"Feature","id":954,"geometry":{"type":"LineString","coordinates":[[-83.713121,42.290245],[-83.713124,42.290235]]},"properties":{"OBJECTID":954,"Width":8,"Slope":null,"RampType":"Diag","DetectableWarning":"Yes","Condition":"Fair","GlobalID":"{EC109961-301F-41E0-ACE6-CDB965330F2A}"}},{"type":"Feature","id":955,"geometry":{"type":"LineString","coordinates":[[-83.714333,42.290415],[-83.714333,42.290431]]},"properties":{"OBJECTID":955,"Width":6,"Slope":7.5,"RampType":"Perp","DetectableWarning":"No","Condition":"Poor","GlobalID":"{210128A8-DD13-4765-9D0E-A03D557E5984}"}},{"type":"Feature","id":956,"geometry":{"type":"LineString","coordinates":[[-83.714333,42.290349],[-83.714333,42.290335]]},"properties":{"OBJECTID":956,"Width":7.5,"Slope":7.6,"RampType":"Perp","DetectableWarning":"No","Condition":"Good","GlobalID":"{17127963-AA78-47AB-B43E-3266DACB57BC}"}},{"type":"Feature","id":957,"geometry":{"type":"LineString","coordinates":[[-83.714093,42.290289],[-83.714093,42.290267]]},"properties":{"OBJECTID":957,"Width":8,"Slope":2.6,"RampType":"Perp","DetectableWarning":"No","Condition":"Good","GlobalID":"{5C1ADBA1-DD94-4860-919A-44377EEF9395}"}},{"type":"Feature","id":958,"geometry":{"type":"LineString","coordinates":[[-83.714095,42.290206],[-83.714095,42.290193]]},"properties":{"OBJECTID":958,"Width":8,"Slope":5.9,"RampType":"Perp","DetectableWarning":"No","Condition":"Good","GlobalID":"{E8A9E76B-8CB7-41A9-BC18-F999254930A3}"}},{"type":"Feature","id":959,"geometry":{"type":"LineString","coordinates":[[-83.705751,42.30105],[-83.705751,42.301064]]},"properties":{"OBJECTID":959,"Width":5,"Slope":4.7,"RampType":"Perp","DetectableWarning":"Yes","Condition":"Good","GlobalID":"{E7BA6B4F-93AD-4C85-955B-5F056DE6EA22}"}},{"type":"Feature","id":960,"geometry":{"type":"LineString","coordinates":[[-83.706328,42.301297],[-83.706329,42.301274]]},"properties":{"OBJECTID":960,"Width":8,"Slope":5.8,"RampType":"Par","DetectableWarning":"No","Condition":"Poor","GlobalID":"{570727A8-9DF5-463A-9D20-CB2AB486FF80}"}},{"type":"Feature","id":961,"geometry":{"type":"LineString","coordinates":[[-83.706231,42.301169],[-83.706232,42.301156]]},"properties":{"OBJECTID":961,"Width":5,"Slope":7.8,"RampType":"Perp","DetectableWarning":"No","Condition":"Fair","GlobalID":"{77D022DF-43C1-4AB3-89FC-F6FA3BF80610}"}},{"type":"Feature","id":962,"geometry":{"type":"LineString","coordinates":[[-83.706231,42.301085],[-83.706232,42.301073]]},"properties":{"OBJECTID":962,"Width":5.5,"Slope":6.8,"RampType":"Perp","DetectableWarning":"No","Condition":"Fair","GlobalID":"{901F09B5-362A-40A2-B0FE-A4F08A2A7E31}"}},{"type":"Feature","id":963,"geometry":{"type":"LineString","coordinates":[[-83.706297,42.301061],[-83.706307,42.301071]]},"properties":{"OBJECTID":963,"Width":6,"Slope":7.2,"RampType":"Diag","DetectableWarning":"No","Condition":"Fair","GlobalID":"{F2408019-3BBC-4654-8639-6512631D2479}"}},{"type":"Feature","id":964,"geometry":{"type":"LineString","coordinates":[[-83.706481,42.301078],[-83.706521,42.301078]]},"properties":{"OBJECTID":964,"Width":16,"Slope":5.5,"RampType":"Comb","DetectableWarning":"No","Condition":"Fair","GlobalID":"{45B75645-5EC2-4F17-8513-48FE6156948D}"}},{"type":"Feature","id":965,"geometry":{"type":"LineString","coordinates":[[-83.707034,42.301076],[-83.70707,42.301076]]},"properties":{"OBJECTID":965,"Width":6,"Slope":7.2,"RampType":"Par","DetectableWarning":"No","Condition":"Very Poor","GlobalID":"{CD1700C3-E06B-4D2B-AE69-2C22D6E32597}"}},{"type":"Feature","id":966,"geometry":{"type":"LineString","coordinates":[[-83.706389,42.300696],[-83.70637,42.300682]]},"properties":{"OBJECTID":966,"Width":6,"Slope":9.8,"RampType":"Diag","DetectableWarning":"No","Condition":"Poor","GlobalID":"{263B4C81-E5B3-4AE4-80EB-4C23448B8FBD}"}},{"type":"Feature","id":967,"geometry":{"type":"LineString","coordinates":[[-83.705958,42.301078],[-83.705957,42.301086]]},"properties":{"OBJECTID":967,"Width":8,"Slope":6.6,"RampType":"Perp","DetectableWarning":"No","Condition":"Fair","GlobalID":"{48188AF9-389D-49E6-BF67-C1ABBE79B587}"}},{"type":"Feature","id":968,"geometry":{"type":"LineString","coordinates":[[-83.705934,42.301154],[-83.705934,42.301167]]},"properties":{"OBJECTID":968,"Width":5,"Slope":3.6,"RampType":"Perp","DetectableWarning":"No","Condition":"Good","GlobalID":"{49BC1D1F-948C-46A6-AA36-93BC60615AA2}"}},{"type":"Feature","id":969,"geometry":{"type":"LineString","coordinates":[[-83.706001,42.301162],[-83.70599,42.30117]]},"properties":{"OBJECTID":969,"Width":5,"Slope":5,"RampType":"Diag","DetectableWarning":"No","Condition":"Good","GlobalID":"{E2B72516-2E12-411B-B5B4-68994ED4D528}"}},{"type":"Feature","id":970,"geometry":{"type":"LineString","coordinates":[[-83.706151,42.301163],[-83.706168,42.301173]]},"properties":{"OBJECTID":970,"Width":7,"Slope":3.9,"RampType":"Diag","DetectableWarning":"No","Condition":"Good","GlobalID":"{A1809A5D-1A86-4B70-BBC5-B6407C4C0497}"}},{"type":"Feature","id":971,"geometry":{"type":"LineString","coordinates":[[-83.705045,42.301184],[-83.705046,42.30117]]},"properties":{"OBJECTID":971,"Width":4,"Slope":3.8,"RampType":"Perp","DetectableWarning":"No","Condition":"Good","GlobalID":"{025279F8-CC2E-403D-B94D-B5E477EDB482}"}},{"type":"Feature","id":972,"geometry":{"type":"LineString","coordinates":[[-83.705048,42.30109],[-83.705048,42.301077]]},"properties":{"OBJECTID":972,"Width":5.5,"Slope":7.6,"RampType":"Perp","DetectableWarning":"No","Condition":"Poor","GlobalID":"{AC20D9A5-2C34-4F01-92EE-A3294CF95528}"}},{"type":"Feature","id":973,"geometry":{"type":"LineString","coordinates":[[-83.704942,42.301076],[-83.704892,42.301076]]},"properties":{"OBJECTID":973,"Width":6,"Slope":2.2,"RampType":"Par","DetectableWarning":"Yes","Condition":"Very Good","GlobalID":"{1A76F40C-C275-4828-B56D-DF2670733D10}"}},{"type":"Feature","id":974,"geometry":{"type":"LineString","coordinates":[[-83.704707,42.301076],[-83.704686,42.301067]]},"properties":{"OBJECTID":974,"Width":7.25,"Slope":6.2,"RampType":"Diag","DetectableWarning":"Yes","Condition":"Very Good","GlobalID":"{28A09FF6-2B6C-4B96-A925-F7022F817756}"}},{"type":"Feature","id":975,"geometry":{"type":"LineString","coordinates":[[-83.707289,42.301071],[-83.707285,42.301082]]},"properties":{"OBJECTID":975,"Width":6,"Slope":8.7,"RampType":"Comb","DetectableWarning":"No","Condition":"Fair","GlobalID":"{73FB4139-33D5-42A0-BDF7-8D8C994B69D7}"}},{"type":"Feature","id":976,"geometry":{"type":"LineString","coordinates":[[-83.707285,42.301153],[-83.707289,42.301165]]},"properties":{"OBJECTID":976,"Width":6,"Slope":8.3,"RampType":"Perp","DetectableWarning":"No","Condition":"Fair","GlobalID":"{FE0985B9-11A1-4CBB-911C-6F7B60B1590E}"}},{"type":"Feature","id":977,"geometry":{"type":"LineString","coordinates":[[-83.707218,42.301471],[-83.707218,42.301497]]},"properties":{"OBJECTID":977,"Width":5.75,"Slope":4.9,"RampType":"Par","DetectableWarning":"No","Condition":"Good","GlobalID":"{A3EAC663-DE6F-42DD-9820-C9BE1F947B49}"}},{"type":"Feature","id":978,"geometry":{"type":"LineString","coordinates":[[-83.706664,42.296019],[-83.706665,42.296062]]},"properties":{"OBJECTID":978,"Width":8,"Slope":6.2,"RampType":"Par","DetectableWarning":"Yes","Condition":"Good","GlobalID":"{E16AE4AE-ED54-42F0-B213-67971B250AAD}"}},{"type":"Feature","id":979,"geometry":{"type":"LineString","coordinates":[[-83.706649,42.296139],[-83.706645,42.296154]]},"properties":{"OBJECTID":979,"Width":7.5,"Slope":6.9,"RampType":"Par","DetectableWarning":"Yes","Condition":"Good","GlobalID":"{C19B4D4A-4CBC-4285-9EF6-3AED192F725E}"}},{"type":"Feature","id":980,"geometry":{"type":"LineString","coordinates":[[-83.706747,42.296214],[-83.706746,42.296298]]},"properties":{"OBJECTID":980,"Width":8,"Slope":3.6,"RampType":"Par","DetectableWarning":"Yes","Condition":"Very Good","GlobalID":"{39591AA1-D279-472C-836F-8B2937A59D3B}"}},{"type":"Feature","id":981,"geometry":{"type":"LineString","coordinates":[[-83.706736,42.297185],[-83.706735,42.297267]]},"properties":{"OBJECTID":981,"Width":8,"Slope":5.8,"RampType":"Par","DetectableWarning":"Yes","Condition":"Very Good","GlobalID":"{E06A293E-2F87-4863-B3F7-E1336D867ACA}"}},{"type":"Feature","id":982,"geometry":{"type":"LineString","coordinates":[[-83.707024,42.296341],[-83.707021,42.296451]]},"properties":{"OBJECTID":982,"Width":8,"Slope":7.4,"RampType":"Par","DetectableWarning":"No","Condition":"Very Good","GlobalID":"{CA5668FE-F069-4E8C-824F-3C9145AFBA3F}"}},{"type":"Feature","id":983,"geometry":{"type":"LineString","coordinates":[[-83.707011,42.297119],[-83.707009,42.297304]]},"properties":{"OBJECTID":983,"Width":8,"Slope":7.4,"RampType":"Par","DetectableWarning":"No","Condition":"Very Good","GlobalID":"{A25CF4ED-7D37-49B9-B2CC-F834462BF741}"}},{"type":"Feature","id":984,"geometry":{"type":"LineString","coordinates":[[-83.706734,42.297367],[-83.706734,42.297381]]},"properties":{"OBJECTID":984,"Width":10,"Slope":6.3,"RampType":"Perp","DetectableWarning":"Yes","Condition":"Good","GlobalID":"{8CBEADCF-D69E-4A54-9211-45EB8D8BE914}"}},{"type":"Feature","id":985,"geometry":{"type":"LineString","coordinates":[[-83.707321,42.297383],[-83.70732,42.297368]]},"properties":{"OBJECTID":985,"Width":7,"Slope":1.8,"RampType":"Perp","DetectableWarning":"Yes","Condition":"Good","GlobalID":"{E9E379A4-6F52-49A2-A271-2FC9F14F450D}"}},{"type":"Feature","id":986,"geometry":{"type":"LineString","coordinates":[[-83.707318,42.297468],[-83.707318,42.297457]]},"properties":{"OBJECTID":986,"Width":10,"Slope":1.5,"RampType":"Perp","DetectableWarning":"Yes","Condition":"Good","GlobalID":"{AD0947CA-43E3-4A0C-9C2B-7312E3D48F30}"}},{"type":"Feature","id":987,"geometry":{"type":"LineString","coordinates":[[-83.706733,42.297457],[-83.706733,42.29747]]},"properties":{"OBJECTID":987,"Width":10,"Slope":7.5,"RampType":"Par","DetectableWarning":"Yes","Condition":"Good","GlobalID":"{15EC5284-CF7B-4CC5-8CED-F6218D320993}"}},{"type":"Feature","id":988,"geometry":{"type":"LineString","coordinates":[[-83.706998,42.29796],[-83.706969,42.29796]]},"properties":{"OBJECTID":988,"Width":8,"Slope":1.2,"RampType":"Depressed","DetectableWarning":"No","Condition":"Good","GlobalID":"{7CC33144-7961-4163-AB06-C463C425EE2F}"}},{"type":"Feature","id":989,"geometry":{"type":"LineString","coordinates":[[-83.705548,42.29836],[-83.705564,42.29836]]},"properties":{"OBJECTID":989,"Width":8,"Slope":7.8,"RampType":"Par","DetectableWarning":"No","Condition":"Good","GlobalID":"{97456B34-AC1D-4AFE-8239-3DD52A049B4F}"}},{"type":"Feature","id":990,"geometry":{"type":"LineString","coordinates":[[-83.708393,42.299706],[-83.708199,42.299706]]},"properties":{"OBJECTID":990,"Width":8,"Slope":2,"RampType":"Par","DetectableWarning":"No","Condition":"Good","GlobalID":"{3D66DB5B-AD13-4CF3-9711-9E5A6DA51592}"}},{"type":"Feature","id":991,"geometry":{"type":"LineString","coordinates":[[-83.707856,42.299305],[-83.707856,42.299339]]},"properties":{"OBJECTID":991,"Width":8,"Slope":5.4,"RampType":"Perp","DetectableWarning":"Yes","Condition":"Good","GlobalID":"{7752B1E0-BE22-431F-BE95-940B9C339069}"}},{"type":"Feature","id":992,"geometry":{"type":"LineString","coordinates":[[-83.707803,42.299304],[-83.707804,42.299338]]},"properties":{"OBJECTID":992,"Width":5,"Slope":6.5,"RampType":"Perp","DetectableWarning":"Yes","Condition":"Good","GlobalID":"{C49715E9-CACD-425F-8A75-87E15FC5DBFB}"}},{"type":"Feature","id":993,"geometry":{"type":"LineString","coordinates":[[-83.707741,42.299029],[-83.707711,42.299033]]},"properties":{"OBJECTID":993,"Width":8,"Slope":3.6,"RampType":"Diag","DetectableWarning":"Yes","Condition":"Good","GlobalID":"{4D45B7DA-6CE1-4427-BE2F-566D9CB0C081}"}},{"type":"Feature","id":994,"geometry":{"type":"LineString","coordinates":[[-83.708104,42.298265],[-83.708126,42.298274]]},"properties":{"OBJECTID":994,"Width":8.33,"Slope":0.9,"RampType":"Perp","DetectableWarning":"Yes","Condition":"Good","GlobalID":"{ED8E9335-A1D3-4CD7-A9B9-EEC3A98D1601}"}},{"type":"Feature","id":995,"geometry":{"type":"LineString","coordinates":[[-83.708006,42.29822],[-83.707997,42.298214]]},"properties":{"OBJECTID":995,"Width":10.66,"Slope":0.9,"RampType":"Perp","DetectableWarning":"Yes","Condition":"Good","GlobalID":"{4104B8C5-FA41-478C-AC95-4F82A4250589}"}},{"type":"Feature","id":996,"geometry":{"type":"LineString","coordinates":[[-83.707969,42.297507],[-83.707982,42.297501]]},"properties":{"OBJECTID":996,"Width":7.5,"Slope":6.6,"RampType":"Comb","DetectableWarning":"Yes","Condition":"Fair","GlobalID":"{F44A075A-4573-4A97-B6A9-32C5EDA50981}"}},{"type":"Feature","id":997,"geometry":{"type":"LineString","coordinates":[[-83.702146,42.301606],[-83.702146,42.301594]]},"properties":{"OBJECTID":997,"Width":4,"Slope":null,"RampType":"Perp","DetectableWarning":"No","Condition":"Fair","GlobalID":"{7542A4C0-71CF-472C-9F5C-B5F9CC2CF876}"}},{"type":"Feature","id":998,"geometry":{"type":"LineString","coordinates":[[-83.702004,42.301043],[-83.702004,42.301052]]},"properties":{"OBJECTID":998,"Width":null,"Slope":null,"RampType":"Perp","DetectableWarning":"No","Condition":"Fair","GlobalID":"{D74EE08D-EDFD-48B2-AF84-88FC54B66F53}"}},{"type":"Feature","id":999,"geometry":{"type":"LineString","coordinates":[[-83.703197,42.301596],[-83.703197,42.301581]]},"properties":{"OBJECTID":999,"Width":null,"Slope":5.7,"RampType":"Perp","DetectableWarning":"No","Condition":"Fair","GlobalID":"{67587B0F-7423-448A-A805-7F1B8DF339BF}"}},{"type":"Feature","id":1000,"geometry":{"type":"LineString","coordinates":[[-83.703384,42.301267],[-83.703384,42.301259]]},"properties":{"OBJECTID":1000,"Width":null,"Slope":null,"RampType":"Perp","DetectableWarning":"No","Condition":"Fair","GlobalID":"{56908E35-A3DA-4C2E-BF63-4A706956B36A}"}},{"type":"Feature","id":1001,"geometry":{"type":"LineString","coordinates":[[-83.703562,42.301259],[-83.703571,42.301265]]},"properties":{"OBJECTID":1001,"Width":null,"Slope":null,"RampType":"Diag","DetectableWarning":"No","Condition":"Fair","GlobalID":"{F794E7A2-A297-4D5B-AC8A-3DFC35498AE5}"}},{"type":"Feature","id":1002,"geometry":{"type":"LineString","coordinates":[[-83.703824,42.300795],[-83.703806,42.300806]]},"properties":{"OBJECTID":1002,"Width":null,"Slope":null,"RampType":"Par","DetectableWarning":"No","Condition":"Fair","GlobalID":"{D4A62B5F-6852-44CD-B3C2-431ACE33E5C0}"}},{"type":"Feature","id":1003,"geometry":{"type":"LineString","coordinates":[[-83.703565,42.300757],[-83.703564,42.300764]]},"properties":{"OBJECTID":1003,"Width":null,"Slope":null,"RampType":null,"DetectableWarning":"No","Condition":null,"GlobalID":"{066C8334-747F-46EE-93AA-309257B8E7AC}"}},{"type":"Feature","id":1004,"geometry":{"type":"LineString","coordinates":[[-83.702141,42.301663],[-83.702143,42.301679]]},"properties":{"OBJECTID":1004,"Width":null,"Slope":null,"RampType":"Perp","DetectableWarning":"Yes","Condition":"Very Good","GlobalID":"{A98FA656-4B42-4506-B3BC-D39E56D2EF34}"}},{"type":"Feature","id":1005,"geometry":{"type":"LineString","coordinates":[[-83.703474,42.300173],[-83.703474,42.300183]]},"properties":{"OBJECTID":1005,"Width":12,"Slope":7.2,"RampType":"Perp","DetectableWarning":"Yes","Condition":"Fair","GlobalID":"{64BE91CA-D4A4-4ECB-BC90-38B270C979EB}"}},{"type":"Feature","id":1006,"geometry":{"type":"LineString","coordinates":[[-83.703675,42.299714],[-83.703664,42.299716]]},"properties":{"OBJECTID":1006,"Width":4,"Slope":1,"RampType":"Par","DetectableWarning":"Yes","Condition":"Good","GlobalID":"{1BEB733C-D79D-4652-9DB3-84E4CDE5B4A6}"}},{"type":"Feature","id":1007,"geometry":{"type":"LineString","coordinates":[[-83.703775,42.299692],[-83.703783,42.299691]]},"properties":{"OBJECTID":1007,"Width":4,"Slope":1,"RampType":"Perp","DetectableWarning":"Yes","Condition":"Good","GlobalID":"{6141D928-8F9E-4340-911D-54B9D55716E6}"}},{"type":"Feature","id":1008,"geometry":{"type":"LineString","coordinates":[[-83.703772,42.299353],[-83.703761,42.299352]]},"properties":{"OBJECTID":1008,"Width":null,"Slope":9,"RampType":"Perp","DetectableWarning":"No","Condition":"Fair","GlobalID":"{26A4286E-6A95-4DAE-8476-31430777C973}"}},{"type":"Feature","id":1009,"geometry":{"type":"LineString","coordinates":[[-83.703636,42.299332],[-83.703649,42.299334]]},"properties":{"OBJECTID":1009,"Width":6,"Slope":3.4,"RampType":"Perp","DetectableWarning":"No","Condition":"Fair","GlobalID":"{7224A86A-C1A7-4064-8C6D-BE8EE1BA1CA6}"}},{"type":"Feature","id":1010,"geometry":{"type":"LineString","coordinates":[[-83.702771,42.299347],[-83.702763,42.299352]]},"properties":{"OBJECTID":1010,"Width":null,"Slope":null,"RampType":"Diag","DetectableWarning":"No","Condition":"Fair","GlobalID":"{F0E567E0-80A0-4AFF-ACD0-A7978D098B20}"}},{"type":"Feature","id":1011,"geometry":{"type":"LineString","coordinates":[[-83.703935,42.301064],[-83.703927,42.301064]]},"properties":{"OBJECTID":1011,"Width":null,"Slope":null,"RampType":"Perp","DetectableWarning":"No","Condition":"Fair","GlobalID":"{78035BE7-BF6A-410F-9516-57BEE72E878C}"}},{"type":"Feature","id":1012,"geometry":{"type":"LineString","coordinates":[[-83.703838,42.301064],[-83.703813,42.301064]]},"properties":{"OBJECTID":1012,"Width":null,"Slope":null,"RampType":"Depressed","DetectableWarning":"No","Condition":"Fair","GlobalID":"{E5BFE28E-570D-4B70-BA81-8AF96E319D14}"}},{"type":"Feature","id":1013,"geometry":{"type":"LineString","coordinates":[[-83.703934,42.300166],[-83.703925,42.300166]]},"properties":{"OBJECTID":1013,"Width":4,"Slope":12,"RampType":"Perp","DetectableWarning":"No","Condition":"Fair","GlobalID":"{2518A4AB-0009-4DF6-9C49-53875B57D73D}"}},{"type":"Feature","id":1014,"geometry":{"type":"LineString","coordinates":[[-83.703834,42.300166],[-83.703822,42.300166]]},"properties":{"OBJECTID":1014,"Width":4,"Slope":null,"RampType":"Par","DetectableWarning":"No","Condition":"Good","GlobalID":"{8CE56C1B-272D-41BC-B6AA-D07D4BE1244B}"}},{"type":"Feature","id":1015,"geometry":{"type":"LineString","coordinates":[[-83.714888,42.290443],[-83.714908,42.290434]]},"properties":{"OBJECTID":1015,"Width":12,"Slope":3.8,"RampType":"Diag","DetectableWarning":"No","Condition":"Good","GlobalID":"{BA299A74-099C-4B5F-AF52-D01959FFA83E}"}},{"type":"Feature","id":1016,"geometry":{"type":"LineString","coordinates":[[-83.715221,42.290427],[-83.715154,42.290425]]},"properties":{"OBJECTID":1016,"Width":7.9,"Slope":3,"RampType":"Par","DetectableWarning":"No","Condition":"Fair","GlobalID":"{FF30C067-6970-4741-9C8A-EF7858952636}"}},{"type":"Feature","id":1017,"geometry":{"type":"LineString","coordinates":[[-83.716353,42.29043],[-83.716354,42.290413]]},"properties":{"OBJECTID":1017,"Width":10,"Slope":8.6,"RampType":"Perp","DetectableWarning":"No","Condition":"Poor","GlobalID":"{995B1482-A796-4947-9300-C92CCA8AC769}"}},{"type":"Feature","id":1018,"geometry":{"type":"LineString","coordinates":[[-83.716958,42.290425],[-83.717043,42.290424]]},"properties":{"OBJECTID":1018,"Width":4,"Slope":6.7,"RampType":"Par","DetectableWarning":"No","Condition":"Fair","GlobalID":"{02047D73-C583-4444-B464-656BCB830D27}"}},{"type":"Feature","id":1019,"geometry":{"type":"LineString","coordinates":[[-83.717173,42.290425],[-83.717214,42.290425]]},"properties":{"OBJECTID":1019,"Width":5,"Slope":6.3,"RampType":"Par","DetectableWarning":"No","Condition":"Fair","GlobalID":"{412C2162-25AA-47C8-A69B-30FB5C031943}"}},{"type":"Feature","id":1020,"geometry":{"type":"LineString","coordinates":[[-83.717542,42.29044],[-83.717543,42.290414]]},"properties":{"OBJECTID":1020,"Width":15,"Slope":7.7,"RampType":"Perp","DetectableWarning":"No","Condition":"Poor","GlobalID":"{B5E8ED78-9B99-499C-86EF-146A33B9D11A}"}},{"type":"Feature","id":1021,"geometry":{"type":"LineString","coordinates":[[-83.717548,42.290267],[-83.717546,42.290349]]},"properties":{"OBJECTID":1021,"Width":15,"Slope":3.6,"RampType":"Depressed","DetectableWarning":"No","Condition":"Good","GlobalID":"{D174EBFA-DADC-46ED-95F2-F4630D8BDFC3}"}},{"type":"Feature","id":1022,"geometry":{"type":"LineString","coordinates":[[-83.716449,42.290266],[-83.716449,42.290282]]},"properties":{"OBJECTID":1022,"Width":15,"Slope":4.7,"RampType":"Perp","DetectableWarning":"Yes","Condition":"Good","GlobalID":"{A56E0B67-EEE7-49D7-B998-57C3340A6633}"}},{"type":"Feature","id":1023,"geometry":{"type":"LineString","coordinates":[[-83.716356,42.290339],[-83.716356,42.290349]]},"properties":{"OBJECTID":1023,"Width":10,"Slope":5.2,"RampType":"Perp","DetectableWarning":"No","Condition":"Good","GlobalID":"{5177AE23-FD06-4945-9C59-40DF2F1EF7E0}"}},{"type":"Feature","id":1024,"geometry":{"type":"LineString","coordinates":[[-83.718272,42.290433],[-83.718274,42.290413]]},"properties":{"OBJECTID":1024,"Width":5,"Slope":6,"RampType":"Perp","DetectableWarning":"No","Condition":"Good","GlobalID":"{2D16DF89-0E49-4A3E-9A3D-256236A37863}"}},{"type":"Feature","id":1025,"geometry":{"type":"LineString","coordinates":[[-83.718275,42.290347],[-83.718277,42.290247]]},"properties":{"OBJECTID":1025,"Width":8,"Slope":16.3,"RampType":"Par","DetectableWarning":"No","Condition":"Fair","GlobalID":"{D68AAB4D-5FA9-41DD-AABD-86420115E177}"}},{"type":"Feature","id":1026,"geometry":{"type":"LineString","coordinates":[[-83.718276,42.290164],[-83.718279,42.290179]]},"properties":{"OBJECTID":1026,"Width":6,"Slope":6,"RampType":"Perp","DetectableWarning":"No","Condition":"Very Poor","GlobalID":"{8C22572C-59E1-4A07-AE83-105EC66C7BDF}"}},{"type":"Feature","id":1027,"geometry":{"type":"LineString","coordinates":[[-83.718405,42.290446],[-83.718379,42.290447]]},"properties":{"OBJECTID":1027,"Width":6,"Slope":6.8,"RampType":"Perp","DetectableWarning":"No","Condition":"Good","GlobalID":"{2F5306D3-4417-4FE4-924A-C3FD260A6E0E}"}},{"type":"Feature","id":1028,"geometry":{"type":"LineString","coordinates":[[-83.717186,42.290671],[-83.717149,42.290672]]},"properties":{"OBJECTID":1028,"Width":3.5,"Slope":9.8,"RampType":"Perp","DetectableWarning":"No","Condition":"Fair","GlobalID":"{F581CB7D-9F75-4BDE-B87B-017CC24D7A41}"}},{"type":"Feature","id":1029,"geometry":{"type":"LineString","coordinates":[[-83.742547,42.275554],[-83.742519,42.275554]]},"properties":{"OBJECTID":1029,"Width":null,"Slope":null,"RampType":null,"DetectableWarning":null,"Condition":null,"GlobalID":"{33A99870-B17F-4D4A-B941-9E7D81BCF820}"}},{"type":"Feature","id":1030,"geometry":{"type":"LineString","coordinates":[[-83.743011,42.275541],[-83.743049,42.27554]]},"properties":{"OBJECTID":1030,"Width":null,"Slope":null,"RampType":null,"DetectableWarning":null,"Condition":null,"GlobalID":"{2300EAA9-69D7-4B5F-BCF3-2C37A5CF4520}"}},{"type":"Feature","id":1031,"geometry":{"type":"LineString","coordinates":[[-83.743252,42.275616],[-83.743255,42.275646]]},"properties":{"OBJECTID":1031,"Width":null,"Slope":null,"RampType":null,"DetectableWarning":null,"Condition":null,"GlobalID":"{4C791E4E-6AAF-4332-BDA7-3A1E5E352A9E}"}},{"type":"Feature","id":1032,"geometry":{"type":"LineString","coordinates":[[-83.743065,42.276251],[-83.743038,42.27625]]},"properties":{"OBJECTID":1032,"Width":null,"Slope":null,"RampType":null,"DetectableWarning":null,"Condition":null,"GlobalID":"{AB34FB70-C303-44E6-A8CA-5D27489190AD}"}},{"type":"Feature","id":1033,"geometry":{"type":"LineString","coordinates":[[-83.743107,42.276094],[-83.743107,42.276116]]},"properties":{"OBJECTID":1033,"Width":null,"Slope":null,"RampType":null,"DetectableWarning":null,"Condition":null,"GlobalID":"{175C3C00-0F67-4EE0-BA3C-6C7B52763FDA}"}},{"type":"Feature","id":1034,"geometry":{"type":"LineString","coordinates":[[-83.743263,42.276689],[-83.743258,42.276666]]},"properties":{"OBJECTID":1034,"Width":null,"Slope":null,"RampType":null,"DetectableWarning":null,"Condition":null,"GlobalID":"{D869277E-64F1-49D1-B49B-8B3BF1006B1C}"}},{"type":"Feature","id":1035,"geometry":{"type":"LineString","coordinates":[[-83.743237,42.276272],[-83.743238,42.276249]]},"properties":{"OBJECTID":1035,"Width":null,"Slope":null,"RampType":null,"DetectableWarning":null,"Condition":null,"GlobalID":"{02DBE466-CD11-4AB1-8FCD-215CC4164A59}"}},{"type":"Feature","id":1036,"geometry":{"type":"LineString","coordinates":[[-83.743293,42.276228],[-83.743264,42.276228]]},"properties":{"OBJECTID":1036,"Width":null,"Slope":null,"RampType":null,"DetectableWarning":null,"Condition":null,"GlobalID":"{5392D802-29EA-4943-B607-69EF6A95DEB9}"}},{"type":"Feature","id":1037,"geometry":{"type":"LineString","coordinates":[[-83.717748,42.292214],[-83.717748,42.292236]]},"properties":{"OBJECTID":1037,"Width":5,"Slope":7.1,"RampType":"Perp","DetectableWarning":"No","Condition":"Good","GlobalID":"{9D45801F-BE38-4619-ACBD-22839A1EF3DE}"}},{"type":"Feature","id":1038,"geometry":{"type":"LineString","coordinates":[[-83.71775,42.29231],[-83.71775,42.292287]]},"properties":{"OBJECTID":1038,"Width":5,"Slope":4.7,"RampType":"Perp","DetectableWarning":"No","Condition":"Good","GlobalID":"{1127A8F0-194C-4D23-9FD1-8286B2B23A38}"}},{"type":"Feature","id":1039,"geometry":{"type":"LineString","coordinates":[[-83.71775,42.292379],[-83.717751,42.292402]]},"properties":{"OBJECTID":1039,"Width":5,"Slope":7.1,"RampType":"Par","DetectableWarning":"No","Condition":"Fair","GlobalID":"{47CD55A0-B15D-4CAE-8BCC-1788C2542486}"}},{"type":"Feature","id":1040,"geometry":{"type":"LineString","coordinates":[[-83.717751,42.292477],[-83.717751,42.292453]]},"properties":{"OBJECTID":1040,"Width":5,"Slope":4,"RampType":"Par","DetectableWarning":"No","Condition":"Good","GlobalID":"{3F5314BD-B5AB-4D82-B532-285C71054799}"}},{"type":"Feature","id":1041,"geometry":{"type":"LineString","coordinates":[[-83.717748,42.292145],[-83.717749,42.292116]]},"properties":{"OBJECTID":1041,"Width":6,"Slope":4.6,"RampType":"Perp","DetectableWarning":"No","Condition":"Good","GlobalID":"{A18FA647-BB7A-41AB-9020-D320800E9AC9}"}},{"type":"Feature","id":1042,"geometry":{"type":"LineString","coordinates":[[-83.716758,42.292219],[-83.716729,42.292219]]},"properties":{"OBJECTID":1042,"Width":5,"Slope":3,"RampType":"Perp","DetectableWarning":"No","Condition":"Good","GlobalID":"{C3898C7B-F7C9-4E84-B816-49DBEDF0E3B7}"}},{"type":"Feature","id":1043,"geometry":{"type":"LineString","coordinates":[[-83.718185,42.292062],[-83.718186,42.292034]]},"properties":{"OBJECTID":1043,"Width":5,"Slope":6,"RampType":null,"DetectableWarning":"No","Condition":"Good","GlobalID":"{13B4F633-1AB6-4722-8F30-0CE082A37D2B}"}},{"type":"Feature","id":1044,"geometry":{"type":"LineString","coordinates":[[-83.718233,42.29158],[-83.718196,42.291582]]},"properties":{"OBJECTID":1044,"Width":6,"Slope":5.7,"RampType":"Perp","DetectableWarning":"No","Condition":"Good","GlobalID":"{524A8977-EFB0-4807-AB34-C1086829AEEE}"}},{"type":"Feature","id":1045,"geometry":{"type":"LineString","coordinates":[[-83.718107,42.291517],[-83.718107,42.291543]]},"properties":{"OBJECTID":1045,"Width":6,"Slope":7,"RampType":"Perp","DetectableWarning":"No","Condition":"Good","GlobalID":"{1AFD3A38-62CA-40D1-BCDB-AF5AD3D2AE24}"}},{"type":"Feature","id":1046,"geometry":{"type":"LineString","coordinates":[[-83.71811,42.291453],[-83.718111,42.291426]]},"properties":{"OBJECTID":1046,"Width":6,"Slope":4.6,"RampType":"Perp","DetectableWarning":"No","Condition":"Fair","GlobalID":"{4ED4FF75-F423-4ADA-81F4-5F42F0F2DAF7}"}},{"type":"Feature","id":1047,"geometry":{"type":"LineString","coordinates":[[-83.718112,42.291348],[-83.718111,42.291317]]},"properties":{"OBJECTID":1047,"Width":8,"Slope":9,"RampType":"Perp","DetectableWarning":"No","Condition":"Fair","GlobalID":"{F00CB3C5-1F89-4923-BFDC-D69E04CB14BE}"}},{"type":"Feature","id":1048,"geometry":{"type":"LineString","coordinates":[[-83.718374,42.29122],[-83.718374,42.291241]]},"properties":{"OBJECTID":1048,"Width":8,"Slope":3.5,"RampType":"Diag","DetectableWarning":"No","Condition":"Poor","GlobalID":"{FE734BAA-ACCB-49CC-B206-29B8BE8495BF}"}},{"type":"Feature","id":1049,"geometry":{"type":"LineString","coordinates":[[-83.718378,42.291318],[-83.718381,42.29135]]},"properties":{"OBJECTID":1049,"Width":6,"Slope":7,"RampType":"Perp","DetectableWarning":"No","Condition":"Good","GlobalID":"{2674250F-519B-4113-9BCE-EEEB8A8A0652}"}},{"type":"Feature","id":1050,"geometry":{"type":"LineString","coordinates":[[-83.718389,42.291415],[-83.718395,42.291442]]},"properties":{"OBJECTID":1050,"Width":6,"Slope":-3.4,"RampType":"Perp","DetectableWarning":"No","Condition":"Fair","GlobalID":"{DE1B1936-6A07-4997-923D-9EB14E4D7EB4}"}},{"type":"Feature","id":1051,"geometry":{"type":"LineString","coordinates":[[-83.718411,42.291521],[-83.718415,42.291544]]},"properties":{"OBJECTID":1051,"Width":6,"Slope":3.2,"RampType":"Perp","DetectableWarning":"No","Condition":"Fair","GlobalID":"{860E772E-293A-400D-8BDF-BDE611D15BA9}"}},{"type":"Feature","id":1052,"geometry":{"type":"LineString","coordinates":[[-83.718353,42.29156],[-83.718394,42.291554]]},"properties":{"OBJECTID":1052,"Width":8,"Slope":6,"RampType":"Perp","DetectableWarning":"No","Condition":"Good","GlobalID":"{09805A05-B16F-439F-820A-46AF53A017A0}"}},{"type":"Feature","id":1053,"geometry":{"type":"LineString","coordinates":[[-83.717733,42.291324],[-83.717707,42.291309]]},"properties":{"OBJECTID":1053,"Width":6,"Slope":10.4,"RampType":"Perp","DetectableWarning":"No","Condition":"Fair","GlobalID":"{801A8713-832F-4EF0-8D03-D6C695FB4D0E}"}},{"type":"Feature","id":1054,"geometry":{"type":"LineString","coordinates":[[-83.716785,42.293505],[-83.716811,42.293505]]},"properties":{"OBJECTID":1054,"Width":5.75,"Slope":4.2,"RampType":"Depressed","DetectableWarning":"No","Condition":"Very Good","GlobalID":"{8B0F86B5-F701-4339-B2BF-9C8D6E3F3178}"}},{"type":"Feature","id":1055,"geometry":{"type":"LineString","coordinates":[[-83.716224,42.293501],[-83.716223,42.293521]]},"properties":{"OBJECTID":1055,"Width":6,"Slope":5.5,"RampType":"Perp","DetectableWarning":"No","Condition":"Very Good","GlobalID":"{15E1889B-77B9-49C0-9A64-1347F74E8D14}"}},{"type":"Feature","id":1056,"geometry":{"type":"LineString","coordinates":[[-83.716215,42.293594],[-83.716215,42.293611]]},"properties":{"OBJECTID":1056,"Width":5,"Slope":10,"RampType":"Par","DetectableWarning":"No","Condition":"Fair","GlobalID":"{8CE9B52B-C16D-48A9-AC3A-6944DAD4733E}"}},{"type":"Feature","id":1057,"geometry":{"type":"LineString","coordinates":[[-83.715845,42.293502],[-83.715845,42.293523]]},"properties":{"OBJECTID":1057,"Width":12,"Slope":6.5,"RampType":"Perp","DetectableWarning":"No","Condition":"Fair","GlobalID":"{08A5F6ED-0CD1-457C-AA06-F230F2C6FAF7}"}},{"type":"Feature","id":1058,"geometry":{"type":"LineString","coordinates":[[-83.715579,42.293502],[-83.715579,42.293523]]},"properties":{"OBJECTID":1058,"Width":9,"Slope":6,"RampType":"Perp","DetectableWarning":"No","Condition":"Fair","GlobalID":"{EB5FC3FB-0589-4B75-A067-C0EF65BBC6D8}"}},{"type":"Feature","id":1059,"geometry":{"type":"LineString","coordinates":[[-83.71501,42.293915],[-83.715024,42.293925]]},"properties":{"OBJECTID":1059,"Width":9,"Slope":4.5,"RampType":"Comb","DetectableWarning":"No","Condition":"Very Good","GlobalID":"{8DC32E9C-C553-4C38-8300-4A751C045C08}"}},{"type":"Feature","id":1060,"geometry":{"type":"LineString","coordinates":[[-83.715203,42.293922],[-83.715231,42.293921]]},"properties":{"OBJECTID":1060,"Width":5,"Slope":4.8,"RampType":"Par","DetectableWarning":"No","Condition":"Good","GlobalID":"{8D17BCE8-AEF9-4AEB-AEBA-706FA2CCC47C}"}},{"type":"Feature","id":1061,"geometry":{"type":"LineString","coordinates":[[-83.715859,42.293918],[-83.715889,42.293917]]},"properties":{"OBJECTID":1061,"Width":5.5,"Slope":2.3,"RampType":"Diag","DetectableWarning":"No","Condition":"Good","GlobalID":"{C3E948B2-71FB-43BC-8901-CE476A8209CC}"}},{"type":"Feature","id":1062,"geometry":{"type":"LineString","coordinates":[[-83.716059,42.293918],[-83.716092,42.293919]]},"properties":{"OBJECTID":1062,"Width":6,"Slope":6.6,"RampType":"Diag","DetectableWarning":"No","Condition":"Fair","GlobalID":"{6AB708BD-8B97-4300-85FF-FEAF316D3459}"}},{"type":"Feature","id":1063,"geometry":{"type":"LineString","coordinates":[[-83.713506,42.293669],[-83.713488,42.293669]]},"properties":{"OBJECTID":1063,"Width":null,"Slope":null,"RampType":"Perp","DetectableWarning":"Yes","Condition":"Fair","GlobalID":"{AC5AE8A4-9B97-471B-A41A-D3DFF033FADC}"}},{"type":"Feature","id":1064,"geometry":{"type":"LineString","coordinates":[[-83.71474,42.293923],[-83.71474,42.293933]]},"properties":{"OBJECTID":1064,"Width":9.5,"Slope":4.8,"RampType":"Comb","DetectableWarning":"Yes","Condition":"Very Good","GlobalID":"{5B4F4F3F-3935-43B2-970C-B9E366589B6F}"}},{"type":"Feature","id":1065,"geometry":{"type":"LineString","coordinates":[[-83.71474,42.293923],[-83.714705,42.293923]]},"properties":{"OBJECTID":1065,"Width":6,"Slope":6.8,"RampType":"Comb","DetectableWarning":"No","Condition":"Very Good","GlobalID":"{475BF75D-7A4E-4564-A8C5-9D6F567E253F}"}},{"type":"Feature","id":1066,"geometry":{"type":"LineString","coordinates":[[-83.713868,42.293398],[-83.71385,42.293408]]},"properties":{"OBJECTID":1066,"Width":10,"Slope":7.6,"RampType":"Diag","DetectableWarning":"Yes","Condition":"Fair","GlobalID":"{3A6543EB-3637-4CCE-8F8D-ABE7899D1DCF}"}},{"type":"Feature","id":1067,"geometry":{"type":"LineString","coordinates":[[-83.713501,42.293916],[-83.71352,42.293927]]},"properties":{"OBJECTID":1067,"Width":6,"Slope":6,"RampType":"Diag","DetectableWarning":"No","Condition":"Fair","GlobalID":"{A4EF3106-7BDE-45C6-88D3-AA6373AD8039}"}},{"type":"Feature","id":1068,"geometry":{"type":"LineString","coordinates":[[-83.713707,42.293926],[-83.713749,42.293926]]},"properties":{"OBJECTID":1068,"Width":6,"Slope":4.1,"RampType":"Diag","DetectableWarning":"No","Condition":"Good","GlobalID":"{17D08D83-F4C2-49F5-978B-A2524E5B92A2}"}},{"type":"Feature","id":1069,"geometry":{"type":"LineString","coordinates":[[-83.714533,42.293921],[-83.714557,42.293922]]},"properties":{"OBJECTID":1069,"Width":6,"Slope":6.8,"RampType":"Par","DetectableWarning":"No","Condition":"Good","GlobalID":"{CF96A2B5-4C48-4A73-9CAE-380CE64A4155}"}},{"type":"Feature","id":1070,"geometry":{"type":"LineString","coordinates":[[-83.714739,42.293998],[-83.71474,42.294025]]},"properties":{"OBJECTID":1070,"Width":10,"Slope":9.6,"RampType":"Perp","DetectableWarning":"Yes","Condition":"Good","GlobalID":"{B3EFFF30-F19C-4FD9-9844-82E6D6910A3B}"}},{"type":"Feature","id":1071,"geometry":{"type":"LineString","coordinates":[[-83.712704,42.293927],[-83.712701,42.29394]]},"properties":{"OBJECTID":1071,"Width":7,"Slope":4.1,"RampType":"Par","DetectableWarning":"Yes","Condition":"Fair","GlobalID":"{C407E399-C9EC-40A6-BB9B-6FF06FA9D4D2}"}},{"type":"Feature","id":1072,"geometry":{"type":"LineString","coordinates":[[-83.712688,42.294],[-83.712687,42.294012]]},"properties":{"OBJECTID":1072,"Width":null,"Slope":null,"RampType":null,"DetectableWarning":null,"Condition":null,"GlobalID":"{A02A99F7-7774-4975-ACC4-4051D0E64A6E}"}},{"type":"Feature","id":1073,"geometry":{"type":"LineString","coordinates":[[-83.712641,42.293908],[-83.712631,42.293916]]},"properties":{"OBJECTID":1073,"Width":null,"Slope":null,"RampType":null,"DetectableWarning":"Yes","Condition":null,"GlobalID":"{8DBEF042-E8FE-4EE6-83DF-1AEE3181A150}"}},{"type":"Feature","id":1074,"geometry":{"type":"LineString","coordinates":[[-83.712444,42.293899],[-83.71243,42.293888]]},"properties":{"OBJECTID":1074,"Width":5,"Slope":3.7,"RampType":"Diag","DetectableWarning":"Yes","Condition":"Fair","GlobalID":"{10E9A1FD-B70A-4505-B2F7-0D9F27F8F62B}"}},{"type":"Feature","id":1075,"geometry":{"type":"LineString","coordinates":[[-83.712442,42.294002],[-83.712442,42.294015]]},"properties":{"OBJECTID":1075,"Width":null,"Slope":null,"RampType":null,"DetectableWarning":"Yes","Condition":null,"GlobalID":"{66683049-AF90-4592-A67E-2AFB4B88B61F}"}},{"type":"Feature","id":1076,"geometry":{"type":"LineString","coordinates":[[-83.712406,42.293909],[-83.712412,42.29392]]},"properties":{"OBJECTID":1076,"Width":null,"Slope":null,"RampType":null,"DetectableWarning":"Yes","Condition":null,"GlobalID":"{981563E2-DC56-4B08-902C-A19DBC75048E}"}},{"type":"Feature","id":1077,"geometry":{"type":"LineString","coordinates":[[-83.712689,42.293148],[-83.712692,42.29313]]},"properties":{"OBJECTID":1077,"Width":6,"Slope":9.8,"RampType":"Par","DetectableWarning":"No","Condition":"Good","GlobalID":"{A791466E-AB6C-4420-B5EA-EC5F897F8EEA}"}},{"type":"Feature","id":1078,"geometry":{"type":"LineString","coordinates":[[-83.712719,42.292987],[-83.712715,42.293005]]},"properties":{"OBJECTID":1078,"Width":8,"Slope":2,"RampType":"Par","DetectableWarning":"No","Condition":"Good","GlobalID":"{52FB7B29-98A7-4E3F-80D9-FA0739637831}"}},{"type":"Feature","id":1079,"geometry":{"type":"LineString","coordinates":[[-83.712769,42.292803],[-83.712734,42.2928]]},"properties":{"OBJECTID":1079,"Width":8.5,"Slope":2.5,"RampType":"Perp","DetectableWarning":"Yes","Condition":"Fair","GlobalID":"{4F5DFCA2-F67B-4468-8557-D88BB39AC14C}"}},{"type":"Feature","id":1080,"geometry":{"type":"LineString","coordinates":[[-83.712871,42.292182],[-83.712872,42.292162]]},"properties":{"OBJECTID":1080,"Width":8,"Slope":2.1,"RampType":"Perp","DetectableWarning":"Yes","Condition":"Poor","GlobalID":"{CB889E58-5B14-4AA4-9866-669C394ED199}"}},{"type":"Feature","id":1081,"geometry":{"type":"LineString","coordinates":[[-83.712869,42.292101],[-83.712868,42.29209]]},"properties":{"OBJECTID":1081,"Width":8,"Slope":0.1,"RampType":"Depressed","DetectableWarning":"Yes","Condition":"Fair","GlobalID":"{F84EC899-C52D-4EB1-ADB9-78CE656FB0EA}"}},{"type":"Feature","id":1082,"geometry":{"type":"LineString","coordinates":[[-83.713005,42.292036],[-83.712992,42.292035]]},"properties":{"OBJECTID":1082,"Width":5,"Slope":15.2,"RampType":"Diag","DetectableWarning":"Yes","Condition":"Fair","GlobalID":"{B82D8D4C-8C97-441C-97C2-C309914AEB65}"}},{"type":"Feature","id":1083,"geometry":{"type":"LineString","coordinates":[[-83.713124,42.292041],[-83.713138,42.292038]]},"properties":{"OBJECTID":1083,"Width":6.5,"Slope":8.5,"RampType":"Diag","DetectableWarning":"Yes","Condition":"Fair","GlobalID":"{F3D9324B-D887-4BD4-893A-2087D407F82D}"}},{"type":"Feature","id":1084,"geometry":{"type":"LineString","coordinates":[[-83.713408,42.291464],[-83.713362,42.291465]]},"properties":{"OBJECTID":1084,"Width":8,"Slope":6.7,"RampType":"Perp","DetectableWarning":"No","Condition":"Good","GlobalID":"{DBF2CD81-258B-4090-A516-982C24DC3D7B}"}},{"type":"Feature","id":1085,"geometry":{"type":"LineString","coordinates":[[-83.71343,42.292091],[-83.713429,42.292082]]},"properties":{"OBJECTID":1085,"Width":10,"Slope":5.2,"RampType":"Par","DetectableWarning":"No","Condition":"Good","GlobalID":"{EE6CFE15-FE4C-4599-98D9-142FB1F57EDE}"}},{"type":"Feature","id":1086,"geometry":{"type":"LineString","coordinates":[[-83.713578,42.292038],[-83.713551,42.292038]]},"properties":{"OBJECTID":1086,"Width":3.5,"Slope":8.5,"RampType":"Perp","DetectableWarning":"No","Condition":"Good","GlobalID":"{AEF97629-7117-4C0B-8B66-54D3ECE2F5E1}"}},{"type":"Feature","id":1087,"geometry":{"type":"LineString","coordinates":[[-83.713782,42.292158],[-83.713782,42.292183]]},"properties":{"OBJECTID":1087,"Width":6,"Slope":5.5,"RampType":"Perp","DetectableWarning":"No","Condition":"Fair","GlobalID":"{5EEC0B3C-F653-488A-A6C6-A735E4280642}"}},{"type":"Feature","id":1088,"geometry":{"type":"LineString","coordinates":[[-83.71454,42.292088],[-83.71454,42.292114]]},"properties":{"OBJECTID":1088,"Width":9,"Slope":4.9,"RampType":"Other","DetectableWarning":"No","Condition":"Good","GlobalID":"{13E80F42-669D-4A86-8FA4-178FECF954FD}"}},{"type":"Feature","id":1089,"geometry":{"type":"LineString","coordinates":[[-83.714948,42.291497],[-83.714948,42.291507]]},"properties":{"OBJECTID":1089,"Width":12,"Slope":2.6,"RampType":"Built Up","DetectableWarning":"No","Condition":"Poor","GlobalID":"{34A011BC-EFE6-4CC6-9A86-D7A9498E9EA0}"}},{"type":"Feature","id":1090,"geometry":{"type":"LineString","coordinates":[[-83.716815,42.292526],[-83.716839,42.29252]]},"properties":{"OBJECTID":1090,"Width":17.5,"Slope":3.6,"RampType":"Depressed","DetectableWarning":"Yes","Condition":"Good","GlobalID":"{A5A2D130-FFB9-4614-814C-A5C73652FFD9}"}},{"type":"Feature","id":1091,"geometry":{"type":"LineString","coordinates":[[-83.716815,42.292526],[-83.716839,42.29252]]},"properties":{"OBJECTID":1091,"Width":17.5,"Slope":3.6,"RampType":"Depressed","DetectableWarning":"Yes","Condition":"Good","GlobalID":"{034D5B53-781C-41EE-BEAE-C6CEB705D523}"}},{"type":"Feature","id":1092,"geometry":{"type":"LineString","coordinates":[[-83.711657,42.294726],[-83.711656,42.294719]]},"properties":{"OBJECTID":1092,"Width":9,"Slope":3.4,"RampType":"Perp","DetectableWarning":"No","Condition":"Fair","GlobalID":"{9D414B6C-9683-40B8-BEE8-CAE6C3B396FB}"}},{"type":"Feature","id":1093,"geometry":{"type":"LineString","coordinates":[[-83.711656,42.294719],[-83.711689,42.29472]]},"properties":{"OBJECTID":1093,"Width":5,"Slope":6,"RampType":"Par","DetectableWarning":"No","Condition":"Fair","GlobalID":"{7F5DA5BC-3B06-41D6-828B-612CAA053E9F}"}},{"type":"Feature","id":1094,"geometry":{"type":"LineString","coordinates":[[-83.711193,42.294709],[-83.711201,42.294705]]},"properties":{"OBJECTID":1094,"Width":5,"Slope":9,"RampType":"Diag","DetectableWarning":"No","Condition":"Fair","GlobalID":"{CBB09C7B-4DA3-467C-9531-4FCA7FCBB7B3}"}},{"type":"Feature","id":1095,"geometry":{"type":"LineString","coordinates":[[-83.711058,42.294706],[-83.711068,42.294713]]},"properties":{"OBJECTID":1095,"Width":7,"Slope":8.5,"RampType":"Diag","DetectableWarning":"No","Condition":"Fair","GlobalID":"{E558F988-38E3-44C4-877D-2138BF4EABF2}"}},{"type":"Feature","id":1096,"geometry":{"type":"LineString","coordinates":[[-83.710805,42.294716],[-83.710805,42.294729]]},"properties":{"OBJECTID":1096,"Width":11,"Slope":2.8,"RampType":"Par","DetectableWarning":"No","Condition":"Fair","GlobalID":"{AA46A9B9-4F67-4495-A20F-15FA5964E8D8}"}},{"type":"Feature","id":1097,"geometry":{"type":"LineString","coordinates":[[-83.709926,42.294931],[-83.70992,42.294925]]},"properties":{"OBJECTID":1097,"Width":12.5,"Slope":3.8,"RampType":"Depressed","DetectableWarning":"No","Condition":"Very Good","GlobalID":"{21ABA384-3B8E-48E1-B599-603497B96535}"}},{"type":"Feature","id":1098,"geometry":{"type":"LineString","coordinates":[[-83.709819,42.294781],[-83.709835,42.294778]]},"properties":{"OBJECTID":1098,"Width":6,"Slope":0.5,"RampType":"Depressed","DetectableWarning":"No","Condition":"Very Good","GlobalID":"{D2765D27-0A5F-4B76-B5BD-028092B0330A}"}},{"type":"Feature","id":1099,"geometry":{"type":"LineString","coordinates":[[-83.709799,42.294678],[-83.709814,42.294678]]},"properties":{"OBJECTID":1099,"Width":8,"Slope":1.7,"RampType":"Depressed","DetectableWarning":"No","Condition":"Very Good","GlobalID":"{51678F45-845F-4E7D-B9B1-F00A1C84F7D8}"}},{"type":"Feature","id":1100,"geometry":{"type":"LineString","coordinates":[[-83.709833,42.29453],[-83.709846,42.294534]]},"properties":{"OBJECTID":1100,"Width":8,"Slope":0.5,"RampType":"Depressed","DetectableWarning":"No","Condition":"Very Good","GlobalID":"{E20A0288-556D-4B40-94EA-4571F95F9EAF}"}},{"type":"Feature","id":1101,"geometry":{"type":"LineString","coordinates":[[-83.710054,42.294064],[-83.710074,42.294029]]},"properties":{"OBJECTID":1101,"Width":11,"Slope":3.2,"RampType":"Diag","DetectableWarning":"Yes","Condition":"Good","GlobalID":"{81983DDF-5D61-4FCB-BAD2-79995C023BF1}"}},{"type":"Feature","id":1102,"geometry":{"type":"LineString","coordinates":[[-83.710197,42.294024],[-83.710186,42.294017]]},"properties":{"OBJECTID":1102,"Width":18,"Slope":2.1,"RampType":"Diag","DetectableWarning":"Yes","Condition":"Good","GlobalID":"{097FB584-776A-464E-A5FB-50AF4C9DC36F}"}},{"type":"Feature","id":1103,"geometry":{"type":"LineString","coordinates":[[-83.710197,42.294024],[-83.710186,42.294017]]},"properties":{"OBJECTID":1103,"Width":18,"Slope":2.1,"RampType":"Diag","DetectableWarning":"Yes","Condition":"Good","GlobalID":"{4A0A0740-3D4E-44AB-8E5A-59CCA8800C9C}"}},{"type":"Feature","id":1104,"geometry":{"type":"LineString","coordinates":[[-83.708994,42.29444],[-83.708982,42.294428]]},"properties":{"OBJECTID":1104,"Width":14,"Slope":1.6,"RampType":"Perp","DetectableWarning":"Yes","Condition":"Very Good","GlobalID":"{0940E770-5464-4A76-8D44-FDF0497616F1}"}},{"type":"Feature","id":1105,"geometry":{"type":"LineString","coordinates":[[-83.708528,42.294442],[-83.708562,42.294454]]},"properties":{"OBJECTID":1105,"Width":8,"Slope":6.9,"RampType":"Other","DetectableWarning":"No","Condition":"Good","GlobalID":"{F6F73839-1A0B-4FB3-9C8C-720424D82DEB}"}},{"type":"Feature","id":1106,"geometry":{"type":"LineString","coordinates":[[-83.708638,42.294524],[-83.708664,42.29452]]},"properties":{"OBJECTID":1106,"Width":8,"Slope":7.9,"RampType":"Diag","DetectableWarning":"No","Condition":"Good","GlobalID":"{3379AC0C-164C-4C02-8AC6-D3A1344E4B40}"}},{"type":"Feature","id":1107,"geometry":{"type":"LineString","coordinates":[[-83.708747,42.294448],[-83.708755,42.294431]]},"properties":{"OBJECTID":1107,"Width":8,"Slope":6.8,"RampType":"Diag","DetectableWarning":"No","Condition":"Good","GlobalID":"{A663706E-4D23-4F9A-942F-84F8B6EF9597}"}},{"type":"Feature","id":1108,"geometry":{"type":"LineString","coordinates":[[-83.708934,42.293984],[-83.708951,42.293977]]},"properties":{"OBJECTID":1108,"Width":8,"Slope":0.6,"RampType":"Depressed","DetectableWarning":"No","Condition":"Good","GlobalID":"{E902F9F6-9458-47FC-96B8-D0DEDEB9719A}"}},{"type":"Feature","id":1109,"geometry":{"type":"LineString","coordinates":[[-83.710048,42.293929],[-83.71007,42.29394]]},"properties":{"OBJECTID":1109,"Width":10,"Slope":1.1,"RampType":"Diag","DetectableWarning":"Yes","Condition":"Good","GlobalID":"{E8257241-4482-4582-B479-7FDE20517810}"}},{"type":"Feature","id":1110,"geometry":{"type":"LineString","coordinates":[[-83.710045,42.293306],[-83.710069,42.293305]]},"properties":{"OBJECTID":1110,"Width":5,"Slope":5.6,"RampType":"Par","DetectableWarning":"No","Condition":"Good","GlobalID":"{9107E213-71F3-4E9D-801E-E202FF1F14A8}"}},{"type":"Feature","id":1111,"geometry":{"type":"LineString","coordinates":[[-83.709727,42.29321],[-83.709755,42.293206]]},"properties":{"OBJECTID":1111,"Width":21,"Slope":1.9,"RampType":"Perp","DetectableWarning":"No","Condition":"Fair","GlobalID":"{CD2FBF92-1EC1-4DEB-908F-EE9FC09B4782}"}},{"type":"Feature","id":1112,"geometry":{"type":"LineString","coordinates":[[-83.709895,42.293014],[-83.709895,42.293022]]},"properties":{"OBJECTID":1112,"Width":15,"Slope":1.5,"RampType":"Par","DetectableWarning":"No","Condition":"Fair","GlobalID":"{E7A6D052-E09F-4DFF-9276-B61A52B85320}"}},{"type":"Feature","id":1113,"geometry":{"type":"LineString","coordinates":[[-83.712636,42.292794],[-83.712614,42.292791]]},"properties":{"OBJECTID":1113,"Width":9,"Slope":6.2,"RampType":"Perp","DetectableWarning":"Yes","Condition":"Fair","GlobalID":"{9C1451FF-C7AB-40AD-96AF-00714B103829}"}},{"type":"Feature","id":1114,"geometry":{"type":"LineString","coordinates":[[-83.710235,42.292816],[-83.710227,42.292831]]},"properties":{"OBJECTID":1114,"Width":4,"Slope":9.8,"RampType":"Diag","DetectableWarning":"No","Condition":"Fair","GlobalID":"{22B721EA-32F8-40D3-B68E-AB2A2F84F8A0}"}},{"type":"Feature","id":1115,"geometry":{"type":"LineString","coordinates":[[-83.710211,42.29291],[-83.710218,42.292921]]},"properties":{"OBJECTID":1115,"Width":4,"Slope":7.3,"RampType":"Diag","DetectableWarning":"No","Condition":"Fair","GlobalID":"{D511C5BE-176C-480F-8671-9B97CF852A65}"}},{"type":"Feature","id":1116,"geometry":{"type":"LineString","coordinates":[[-83.710184,42.293117],[-83.710184,42.293131]]},"properties":{"OBJECTID":1116,"Width":8,"Slope":3.6,"RampType":"Par","DetectableWarning":"No","Condition":"Good","GlobalID":"{B3841D9B-1F27-45A6-8D29-A75AA786E25B}"}},{"type":"Feature","id":1117,"geometry":{"type":"LineString","coordinates":[[-83.710188,42.293351],[-83.710201,42.293364]]},"properties":{"OBJECTID":1117,"Width":8,"Slope":null,"RampType":"Diag","DetectableWarning":"No","Condition":"Good","GlobalID":"{90827315-AA3C-420D-B21B-74EF7B9194D7}"}},{"type":"Feature","id":1118,"geometry":{"type":"LineString","coordinates":[[-83.711893,42.292859],[-83.711894,42.29288]]},"properties":{"OBJECTID":1118,"Width":4.5,"Slope":9.6,"RampType":"Par","DetectableWarning":"No","Condition":"Good","GlobalID":"{1DD66FA4-08E2-4BDB-BEDF-D75992DC61AB}"}},{"type":"Feature","id":1119,"geometry":{"type":"LineString","coordinates":[[-83.710214,42.293913],[-83.7102,42.293923]]},"properties":{"OBJECTID":1119,"Width":11,"Slope":3,"RampType":"Diag","DetectableWarning":"Yes","Condition":"Very Poor","GlobalID":"{5DEC3916-8410-4109-A3A3-EE57DB8AC3DB}"}},{"type":"Feature","id":1120,"geometry":{"type":"LineString","coordinates":[[-83.707759,42.295875],[-83.707726,42.29589]]},"properties":{"OBJECTID":1120,"Width":null,"Slope":null,"RampType":"Perp","DetectableWarning":"No","Condition":"Good","GlobalID":"{C6121C59-5DFB-4853-9203-A0DE72B60CBD}"}},{"type":"Feature","id":1121,"geometry":{"type":"LineString","coordinates":[[-83.707398,42.295478],[-83.707414,42.295474]]},"properties":{"OBJECTID":1121,"Width":null,"Slope":null,"RampType":"Perp","DetectableWarning":"Yes","Condition":"Good","GlobalID":"{39261224-BFCC-4DF4-A742-9AE1A43C0A15}"}},{"type":"Feature","id":1122,"geometry":{"type":"LineString","coordinates":[[-83.707306,42.295504],[-83.707286,42.295509]]},"properties":{"OBJECTID":1122,"Width":null,"Slope":null,"RampType":"Perp","DetectableWarning":"Yes","Condition":"Good","GlobalID":"{8EE5186B-0B0D-465F-A4A6-1AFA5E5A2B49}"}},{"type":"Feature","id":1123,"geometry":{"type":"LineString","coordinates":[[-83.707512,42.295513],[-83.707504,42.295501]]},"properties":{"OBJECTID":1123,"Width":null,"Slope":null,"RampType":"Par","DetectableWarning":"Yes","Condition":"Good","GlobalID":"{14AC9D87-F03A-4666-866C-5A0DBD017489}"}},{"type":"Feature","id":1124,"geometry":{"type":"LineString","coordinates":[[-83.707563,42.295577],[-83.707571,42.295586]]},"properties":{"OBJECTID":1124,"Width":null,"Slope":null,"RampType":"Par","DetectableWarning":"Yes","Condition":"Good","GlobalID":"{7F53731C-D981-4E67-AB82-AA713B4527E1}"}},{"type":"Feature","id":1125,"geometry":{"type":"LineString","coordinates":[[-83.707516,42.295694],[-83.707529,42.295691]]},"properties":{"OBJECTID":1125,"Width":null,"Slope":null,"RampType":"Par","DetectableWarning":"Yes","Condition":"Good","GlobalID":"{AEF63BFE-C981-427C-A753-2A426110C82B}"}},{"type":"Feature","id":1126,"geometry":{"type":"LineString","coordinates":[[-83.707427,42.295718],[-83.707411,42.295722]]},"properties":{"OBJECTID":1126,"Width":null,"Slope":null,"RampType":"Par","DetectableWarning":"Yes","Condition":"Good","GlobalID":"{84D63FD7-39C3-464B-AD3B-3DBADCAE22D0}"}},{"type":"Feature","id":1127,"geometry":{"type":"LineString","coordinates":[[-83.707261,42.295663],[-83.707265,42.295673]]},"properties":{"OBJECTID":1127,"Width":null,"Slope":null,"RampType":"Par","DetectableWarning":"Yes","Condition":"Good","GlobalID":"{815C7E06-8E9E-492C-9744-722537146369}"}},{"type":"Feature","id":1128,"geometry":{"type":"LineString","coordinates":[[-83.707236,42.295594],[-83.707232,42.295585]]},"properties":{"OBJECTID":1128,"Width":null,"Slope":null,"RampType":"Par","DetectableWarning":"Yes","Condition":"Good","GlobalID":"{E93E5F2C-6A37-4851-90AF-B4164353C164}"}},{"type":"Feature","id":1129,"geometry":{"type":"LineString","coordinates":[[-83.707381,42.295412],[-83.707389,42.295425]]},"properties":{"OBJECTID":1129,"Width":null,"Slope":null,"RampType":"Par","DetectableWarning":"Yes","Condition":"Good","GlobalID":"{42CF022A-7916-4108-9EA5-8FD3ABE23165}"}},{"type":"Feature","id":1130,"geometry":{"type":"LineString","coordinates":[[-83.707256,42.295447],[-83.707264,42.295461]]},"properties":{"OBJECTID":1130,"Width":null,"Slope":null,"RampType":"Par","DetectableWarning":"Yes","Condition":"Good","GlobalID":"{BAE4B901-1FB0-4145-96A8-2082D4425115}"}},{"type":"Feature","id":1131,"geometry":{"type":"LineString","coordinates":[[-83.710188,42.293843],[-83.710188,42.293791]]},"properties":{"OBJECTID":1131,"Width":8,"Slope":7.2,"RampType":"Built Up","DetectableWarning":"No","Condition":"Fair","GlobalID":"{D989B2EE-55A1-408A-BA4A-4339E94CCC54}"}},{"type":"Feature","id":1132,"geometry":{"type":"LineString","coordinates":[[-83.708917,42.294374],[-83.708908,42.294366]]},"properties":{"OBJECTID":1132,"Width":14,"Slope":2.7,"RampType":"Perp","DetectableWarning":"Yes","Condition":"Very Good","GlobalID":"{BE59B125-E915-45E2-A98F-8EAB29E5983F}"}},{"type":"Feature","id":1133,"geometry":{"type":"LineString","coordinates":[[-83.708257,42.294975],[-83.708271,42.294982]]},"properties":{"OBJECTID":1133,"Width":8,"Slope":2.2,"RampType":"Perp","DetectableWarning":"Yes","Condition":"Good","GlobalID":"{339134D2-81C4-46ED-A0BB-B4A517B7B9E6}"}},{"type":"Feature","id":1134,"geometry":{"type":"LineString","coordinates":[[-83.708354,42.295017],[-83.708368,42.295023]]},"properties":{"OBJECTID":1134,"Width":8,"Slope":1.2,"RampType":"Perp","DetectableWarning":"Yes","Condition":"Good","GlobalID":"{724AB8B8-E8D8-45EE-8EB9-519EE79BB860}"}},{"type":"Feature","id":1135,"geometry":{"type":"LineString","coordinates":[[-83.717069,42.290666],[-83.717059,42.290666]]},"properties":{"OBJECTID":1135,"Width":15.5,"Slope":7,"RampType":"Perp","DetectableWarning":"No","Condition":"Fair","GlobalID":"{B8A5F7E2-E5F1-454A-A333-10D59B7152D2}"}},{"type":"Feature","id":1136,"geometry":{"type":"LineString","coordinates":[[-83.720093,42.295103],[-83.720094,42.295116]]},"properties":{"OBJECTID":1136,"Width":5,"Slope":6,"RampType":"Perp","DetectableWarning":"Yes","Condition":"Fair","GlobalID":"{F3A7AE46-3606-4B88-9C03-3980AC950D78}"}},{"type":"Feature","id":1137,"geometry":{"type":"LineString","coordinates":[[-83.721633,42.289601],[-83.721619,42.289597]]},"properties":{"OBJECTID":1137,"Width":8.5,"Slope":8.6,"RampType":"Par","DetectableWarning":"Yes","Condition":"Good","GlobalID":"{D1A59739-AD62-4446-9509-EE8012A59EEA}"}},{"type":"Feature","id":1138,"geometry":{"type":"LineString","coordinates":[[-83.721434,42.289784],[-83.7214,42.289784]]},"properties":{"OBJECTID":1138,"Width":8,"Slope":3.2,"RampType":"Perp","DetectableWarning":"Yes","Condition":"Good","GlobalID":"{EB11C272-1DB6-4C04-B30A-58EE5F5CE043}"}},{"type":"Feature","id":1139,"geometry":{"type":"LineString","coordinates":[[-83.721566,42.290008],[-83.721536,42.290007]]},"properties":{"OBJECTID":1139,"Width":5,"Slope":5.1,"RampType":"Perp","DetectableWarning":"Yes","Condition":null,"GlobalID":"{3B629A89-864A-438E-9388-E8D8FCD51E97}"}},{"type":"Feature","id":1140,"geometry":{"type":"LineString","coordinates":[[-83.721574,42.290151],[-83.721574,42.29016]]},"properties":{"OBJECTID":1140,"Width":6,"Slope":7.6,"RampType":"Par","DetectableWarning":"Yes","Condition":"Good","GlobalID":"{A076AB49-AF1D-40CF-9C7B-508167EC4BFA}"}},{"type":"Feature","id":1141,"geometry":{"type":"LineString","coordinates":[[-83.721118,42.290162],[-83.721092,42.290161]]},"properties":{"OBJECTID":1141,"Width":5,"Slope":null,"RampType":"Par","DetectableWarning":"No","Condition":"Fair","GlobalID":"{6CCF4D79-B25A-429D-9EDC-55811462B0CF}"}},{"type":"Feature","id":1142,"geometry":{"type":"LineString","coordinates":[[-83.721689,42.289344],[-83.72169,42.289329]]},"properties":{"OBJECTID":1142,"Width":8,"Slope":5.5,"RampType":"Perp","DetectableWarning":"No","Condition":"Excellent","GlobalID":"{069B6915-298E-4C6F-9EFE-EE009B662456}"}},{"type":"Feature","id":1143,"geometry":{"type":"LineString","coordinates":[[-83.721709,42.289217],[-83.721707,42.289243]]},"properties":{"OBJECTID":1143,"Width":6,"Slope":3,"RampType":"Perp","DetectableWarning":"No","Condition":"Excellent","GlobalID":"{4740B51A-08AC-4323-997B-18057B280A4B}"}},{"type":"Feature","id":1144,"geometry":{"type":"LineString","coordinates":[[-83.72173,42.28896],[-83.721715,42.28896]]},"properties":{"OBJECTID":1144,"Width":8.5,"Slope":null,"RampType":"Par","DetectableWarning":"No","Condition":"Excellent","GlobalID":"{1015824E-BC44-4DB2-B81E-46BC0DF42F52}"}},{"type":"Feature","id":1145,"geometry":{"type":"LineString","coordinates":[[-83.731221,42.282115],[-83.731203,42.282115]]},"properties":{"OBJECTID":1145,"Width":8,"Slope":4.8,"RampType":"Par","DetectableWarning":"Yes","Condition":"Poor","GlobalID":"{AFCCBAB2-3A7B-49B6-8B64-F58E65F57C8C}"}},{"type":"Feature","id":1146,"geometry":{"type":"LineString","coordinates":[[-83.731129,42.282116],[-83.731101,42.282108]]},"properties":{"OBJECTID":1146,"Width":8,"Slope":null,"RampType":"Depressed","DetectableWarning":"Yes","Condition":"Poor","GlobalID":"{9CC5248A-BD33-47B4-912B-69019CAEF379}"}},{"type":"Feature","id":1147,"geometry":{"type":"LineString","coordinates":[[-83.731025,42.282103],[-83.731009,42.282103]]},"properties":{"OBJECTID":1147,"Width":8,"Slope":4.8,"RampType":"Par","DetectableWarning":"Yes","Condition":"Poor","GlobalID":"{A1C38921-01AC-43F3-9696-344A9F1B8822}"}},{"type":"Feature","id":1148,"geometry":{"type":"LineString","coordinates":[[-83.734463,42.284934],[-83.73447,42.284943]]},"properties":{"OBJECTID":1148,"Width":6,"Slope":8.9,"RampType":"Perp","DetectableWarning":"No","Condition":"Good","GlobalID":"{F5F41310-4F87-4D9B-B7A2-B396751F8FE1}"}},{"type":"Feature","id":1149,"geometry":{"type":"LineString","coordinates":[[-83.734337,42.284856],[-83.734336,42.284865]]},"properties":{"OBJECTID":1149,"Width":6,"Slope":6.4,"RampType":"Perp","DetectableWarning":"No","Condition":"Very Poor","GlobalID":"{3DEC8372-367B-4A04-AB4B-406AF20ED4D4}"}},{"type":"Feature","id":1150,"geometry":{"type":"LineString","coordinates":[[-83.734639,42.284587],[-83.734627,42.284578]]},"properties":{"OBJECTID":1150,"Width":8,"Slope":5.2,"RampType":"Diag","DetectableWarning":"No","Condition":"Fair","GlobalID":"{08D1CE84-B6CD-4CDC-A46D-EB8B2D7DD802}"}},{"type":"Feature","id":1151,"geometry":{"type":"LineString","coordinates":[[-83.735259,42.284051],[-83.735275,42.284064]]},"properties":{"OBJECTID":1151,"Width":null,"Slope":null,"RampType":null,"DetectableWarning":null,"Condition":null,"GlobalID":"{4B4421A6-6DA3-48EB-AE87-59FB018E0CFC}"}},{"type":"Feature","id":1152,"geometry":{"type":"LineString","coordinates":[[-83.735247,42.284164],[-83.735261,42.284152]]},"properties":{"OBJECTID":1152,"Width":null,"Slope":null,"RampType":null,"DetectableWarning":null,"Condition":null,"GlobalID":"{A681DDBE-AC96-416C-904A-F6D4C19EFB5C}"}},{"type":"Feature","id":1153,"geometry":{"type":"LineString","coordinates":[[-83.733703,42.28305],[-83.73368,42.283051]]},"properties":{"OBJECTID":1153,"Width":7,"Slope":4.5,"RampType":"Perp","DetectableWarning":"No","Condition":"Fair","GlobalID":"{992FC152-36F6-4095-8867-2843AE3BF4AA}"}},{"type":"Feature","id":1154,"geometry":{"type":"LineString","coordinates":[[-83.733945,42.283145],[-83.733944,42.283127]]},"properties":{"OBJECTID":1154,"Width":6,"Slope":3.6,"RampType":"Perp","DetectableWarning":"Yes","Condition":"Very Good","GlobalID":"{CE6DC762-AE87-48F6-9671-861B630A712D}"}},{"type":"Feature","id":1155,"geometry":{"type":"LineString","coordinates":[[-83.733947,42.283243],[-83.733946,42.283259]]},"properties":{"OBJECTID":1155,"Width":6,"Slope":3.2,"RampType":"Perp","DetectableWarning":"Yes","Condition":"Very Good","GlobalID":"{7F2AD4EC-68C1-4D86-A741-B4E41EC25DA3}"}},{"type":"Feature","id":1156,"geometry":{"type":"LineString","coordinates":[[-83.734439,42.283114],[-83.734334,42.283117]]},"properties":{"OBJECTID":1156,"Width":null,"Slope":9.5,"RampType":"Par","DetectableWarning":"No","Condition":"Poor","GlobalID":"{88B0F8AE-95A5-4212-81F5-0205EDBAE8DE}"}},{"type":"Feature","id":1157,"geometry":{"type":"LineString","coordinates":[[-83.732691,42.283799],[-83.732711,42.283799]]},"properties":{"OBJECTID":1157,"Width":5.5,"Slope":5.3,"RampType":"Perp","DetectableWarning":"No","Condition":"Fair","GlobalID":"{2F204E7A-8660-4105-B1D7-FE0CEE9C45F9}"}},{"type":"Feature","id":1158,"geometry":{"type":"LineString","coordinates":[[-83.732765,42.284544],[-83.73274,42.284564]]},"properties":{"OBJECTID":1158,"Width":4,"Slope":2.4,"RampType":"Perp","DetectableWarning":"No","Condition":"Poor","GlobalID":"{D4B1D189-80D0-42B3-96BA-0AEDCE202F43}"}},{"type":"Feature","id":1159,"geometry":{"type":"LineString","coordinates":[[-83.732314,42.284533],[-83.732324,42.284539]]},"properties":{"OBJECTID":1159,"Width":5,"Slope":6.1,"RampType":"Perp","DetectableWarning":"No","Condition":"Poor","GlobalID":"{CAD6EB46-E191-438D-822B-DDCE596D030A}"}},{"type":"Feature","id":1160,"geometry":{"type":"LineString","coordinates":[[-83.736924,42.283178],[-83.736947,42.283178]]},"properties":{"OBJECTID":1160,"Width":13,"Slope":4,"RampType":"Par","DetectableWarning":"No","Condition":"Good","GlobalID":"{E41DD932-98F7-492D-B4A9-8DF5CA698961}"}},{"type":"Feature","id":1161,"geometry":{"type":"LineString","coordinates":[[-83.738416,42.28314],[-83.738415,42.28312]]},"properties":{"OBJECTID":1161,"Width":5,"Slope":5.3,"RampType":"Perp","DetectableWarning":"Yes","Condition":"Fair","GlobalID":"{82F6F4B3-B3EE-4429-8A23-3C9BABE8C3AA}"}},{"type":"Feature","id":1162,"geometry":{"type":"LineString","coordinates":[[-83.738416,42.28314],[-83.738453,42.28314]]},"properties":{"OBJECTID":1162,"Width":5,"Slope":3.3,"RampType":"Perp","DetectableWarning":"Yes","Condition":"Fair","GlobalID":"{6F79666A-55F9-448A-9B39-389C7812335D}"}},{"type":"Feature","id":1163,"geometry":{"type":"LineString","coordinates":[[-83.737754,42.284795],[-83.737758,42.284838]]},"properties":{"OBJECTID":1163,"Width":7,"Slope":1.5,"RampType":"Perp","DetectableWarning":"No","Condition":"Good","GlobalID":"{7D1DD163-F0AF-4DA0-894D-A130572BE2ED}"}},{"type":"Feature","id":1164,"geometry":{"type":"LineString","coordinates":[[-83.737764,42.28491],[-83.737767,42.284942]]},"properties":{"OBJECTID":1164,"Width":9,"Slope":2.2,"RampType":"Perp","DetectableWarning":"No","Condition":"Good","GlobalID":"{9D7DF588-51BB-4E12-B56C-CBE97DE10BCB}"}},{"type":"Feature","id":1165,"geometry":{"type":"LineString","coordinates":[[-83.7385,42.284814],[-83.738541,42.284812]]},"properties":{"OBJECTID":1165,"Width":6,"Slope":7.7,"RampType":"Perp","DetectableWarning":"Yes","Condition":"Good","GlobalID":"{C62C5E0E-EA18-403F-8B27-469B8B7DA277}"}},{"type":"Feature","id":1166,"geometry":{"type":"LineString","coordinates":[[-83.7387,42.28493],[-83.738702,42.284969]]},"properties":{"OBJECTID":1166,"Width":5.5,"Slope":6.8,"RampType":"Perp","DetectableWarning":"Yes","Condition":"Good","GlobalID":"{D3350262-DB9E-49E6-9B87-AEBD5E0F14FD}"}},{"type":"Feature","id":1167,"geometry":{"type":"LineString","coordinates":[[-83.7379,42.284791],[-83.73792,42.28479]]},"properties":{"OBJECTID":1167,"Width":8,"Slope":11.9,"RampType":"Perp","DetectableWarning":"No","Condition":"Good","GlobalID":"{9844F880-6F18-48C7-BBCB-B7CAF5784886}"}},{"type":"Feature","id":1168,"geometry":{"type":"LineString","coordinates":[[-83.737929,42.284721],[-83.737932,42.284739]]},"properties":{"OBJECTID":1168,"Width":8,"Slope":2.2,"RampType":"Perp","DetectableWarning":"No","Condition":"Good","GlobalID":"{B15EC638-33B2-4D8D-B902-0CAE2BA33BC6}"}},{"type":"Feature","id":1169,"geometry":{"type":"LineString","coordinates":[[-83.737754,42.284795],[-83.737809,42.284793]]},"properties":{"OBJECTID":1169,"Width":7.5,"Slope":2.2,"RampType":"Perp","DetectableWarning":"No","Condition":"Good","GlobalID":"{55E0D41B-737B-4026-AD08-9ABFF509D187}"}},{"type":"Feature","id":1170,"geometry":{"type":"LineString","coordinates":[[-83.737931,42.284655],[-83.737931,42.284642]]},"properties":{"OBJECTID":1170,"Width":8,"Slope":11.6,"RampType":"Perp","DetectableWarning":"No","Condition":"Good","GlobalID":"{A135B3F8-ACDF-466A-A178-A724D13F6386}"}},{"type":"Feature","id":1171,"geometry":{"type":"LineString","coordinates":[[-83.737751,42.28472],[-83.737752,42.28475]]},"properties":{"OBJECTID":1171,"Width":8,"Slope":null,"RampType":"Perp","DetectableWarning":"No","Condition":"Good","GlobalID":"{B170A3F4-C77D-4D41-BEC1-11BF53BFA8E0}"}},{"type":"Feature","id":1172,"geometry":{"type":"LineString","coordinates":[[-83.737747,42.284658],[-83.737746,42.284642]]},"properties":{"OBJECTID":1172,"Width":null,"Slope":null,"RampType":"Perp","DetectableWarning":"No","Condition":"Good","GlobalID":"{6FC5D13A-AA08-4391-81CA-FC6ED0617D71}"}},{"type":"Feature","id":1173,"geometry":{"type":"LineString","coordinates":[[-83.738482,42.284544],[-83.738483,42.284557]]},"properties":{"OBJECTID":1173,"Width":5,"Slope":null,"RampType":"Perp","DetectableWarning":"Yes","Condition":"Good","GlobalID":"{1FEAF63A-29E1-4D4B-9C0F-E75F6F96C6DC}"}},{"type":"Feature","id":1174,"geometry":{"type":"LineString","coordinates":[[-83.738473,42.284456],[-83.738474,42.284475]]},"properties":{"OBJECTID":1174,"Width":null,"Slope":null,"RampType":null,"DetectableWarning":"Yes","Condition":null,"GlobalID":"{B6A63E30-FE29-49E7-84E6-E0D22C042173}"}},{"type":"Feature","id":1175,"geometry":{"type":"LineString","coordinates":[[-83.738498,42.284061],[-83.738457,42.284061]]},"properties":{"OBJECTID":1175,"Width":5,"Slope":7.4,"RampType":"Comb","DetectableWarning":"Yes","Condition":"Fair","GlobalID":"{E1623C35-A8B2-4A6C-9C4E-1381F608ED60}"}},{"type":"Feature","id":1176,"geometry":{"type":"LineString","coordinates":[[-83.738491,42.283904],[-83.738449,42.283903]]},"properties":{"OBJECTID":1176,"Width":5,"Slope":6.6,"RampType":"Comb","DetectableWarning":"Yes","Condition":"Fair","GlobalID":"{59202AB6-311A-4806-929A-60CF5AD3F76C}"}},{"type":"Feature","id":1177,"geometry":{"type":"LineString","coordinates":[[-83.736488,42.287743],[-83.736499,42.287728]]},"properties":{"OBJECTID":1177,"Width":8,"Slope":4,"RampType":"Perp","DetectableWarning":"No","Condition":"Good","GlobalID":"{C3237EF2-74E8-4A6F-87A3-E88AC8CF9F80}"}},{"type":"Feature","id":1178,"geometry":{"type":"LineString","coordinates":[[-83.736424,42.287832],[-83.736415,42.287845]]},"properties":{"OBJECTID":1178,"Width":8,"Slope":5.2,"RampType":"Diag","DetectableWarning":"No","Condition":"Good","GlobalID":"{F1510730-E388-4F0D-8FED-31F1426EDB6C}"}},{"type":"Feature","id":1179,"geometry":{"type":"LineString","coordinates":[[-83.736286,42.288024],[-83.736315,42.287982]]},"properties":{"OBJECTID":1179,"Width":8,"Slope":3.5,"RampType":"Diag","DetectableWarning":"No","Condition":"Good","GlobalID":"{064F3D8A-BDD7-4245-A8FE-CEBFF49DBB79}"}},{"type":"Feature","id":1180,"geometry":{"type":"LineString","coordinates":[[-83.736369,42.288004],[-83.736394,42.288014]]},"properties":{"OBJECTID":1180,"Width":9.5,"Slope":6.9,"RampType":"Perp","DetectableWarning":"No","Condition":"Good","GlobalID":"{3858FDBD-FC54-473A-B4A1-B8948ECE1BF3}"}},{"type":"Feature","id":1181,"geometry":{"type":"LineString","coordinates":[[-83.736459,42.288039],[-83.736477,42.288047]]},"properties":{"OBJECTID":1181,"Width":9.5,"Slope":2,"RampType":"Par","DetectableWarning":"No","Condition":"Good","GlobalID":"{C43EC067-AC0C-4685-9F40-905C3392E8DE}"}},{"type":"Feature","id":1182,"geometry":{"type":"LineString","coordinates":[[-83.736318,42.288226],[-83.736339,42.288196]]},"properties":{"OBJECTID":1182,"Width":10,"Slope":7.8,"RampType":"Perp","DetectableWarning":"Yes","Condition":"Good","GlobalID":"{9831C1A7-AFD3-4984-9DE8-01672B5C062F}"}},{"type":"Feature","id":1183,"geometry":{"type":"LineString","coordinates":[[-83.736338,42.287649],[-83.736355,42.287656]]},"properties":{"OBJECTID":1183,"Width":null,"Slope":null,"RampType":null,"DetectableWarning":null,"Condition":null,"GlobalID":"{7AEC3C8E-0292-49FE-A7DE-E69FEA74B16E}"}},{"type":"Feature","id":1184,"geometry":{"type":"LineString","coordinates":[[-83.736078,42.288127],[-83.736092,42.288104]]},"properties":{"OBJECTID":1184,"Width":5,"Slope":7.9,"RampType":"Perp","DetectableWarning":"Yes","Condition":"Good","GlobalID":"{93CA948B-17FE-40E9-B595-00D6B28E45B6}"}},{"type":"Feature","id":1185,"geometry":{"type":"LineString","coordinates":[[-83.733654,42.282391],[-83.733653,42.282348]]},"properties":{"OBJECTID":1185,"Width":5,"Slope":null,"RampType":"Perp","DetectableWarning":"Yes","Condition":"Fair","GlobalID":"{44EDB99B-F42A-4B23-B8F3-8CF551195917}"}},{"type":"Feature","id":1186,"geometry":{"type":"LineString","coordinates":[[-83.733654,42.282391],[-83.733602,42.282391]]},"properties":{"OBJECTID":1186,"Width":5,"Slope":null,"RampType":"Perp","DetectableWarning":"Yes","Condition":"Fair","GlobalID":"{043AD640-D315-4406-B08D-10D7F59F54F5}"}},{"type":"Feature","id":1187,"geometry":{"type":"LineString","coordinates":[[-83.702071,-42.301552],[-83.702146,-42.301552]]},"properties":{"OBJECTID":1187,"Width":null,"Slope":null,"RampType":"Perp","DetectableWarning":"No","Condition":"Fair","GlobalID":"{13087939-85AD-4AAB-9392-1A219E9D50DE}"}},{"type":"Feature","id":1188,"geometry":{"type":"LineString","coordinates":[[-83.702147,42.301553],[-83.702077,42.301553]]},"properties":{"OBJECTID":1188,"Width":null,"Slope":null,"RampType":"Perp","DetectableWarning":"No","Condition":"Fair","GlobalID":"{A990A81F-700F-4C53-B2BC-59FEE5578F29}"}},{"type":"Feature","id":1189,"geometry":{"type":"LineString","coordinates":[[-83.734123,42.282354],[-83.734097,42.282354]]},"properties":{"OBJECTID":1189,"Width":8,"Slope":1.9,"RampType":"Perp","DetectableWarning":"No","Condition":"Fair","GlobalID":"{3FD1C79E-EF96-4093-9BBE-F56CA96BD84B}"}},{"type":"Feature","id":1190,"geometry":{"type":"LineString","coordinates":[[-83.734235,42.282352],[-83.734265,42.282352]]},"properties":{"OBJECTID":1190,"Width":8,"Slope":1.8,"RampType":"Perp","DetectableWarning":"No","Condition":"Fair","GlobalID":"{8952459E-C15B-48F1-AF61-4984BD524082}"}},{"type":"Feature","id":1191,"geometry":{"type":"LineString","coordinates":[[-83.734351,42.28235],[-83.734365,42.282349]]},"properties":{"OBJECTID":1191,"Width":7,"Slope":5.8,"RampType":"Perp","DetectableWarning":"No","Condition":"Good","GlobalID":"{2368A229-DDC0-43DA-ADF7-1C4BAD200B00}"}},{"type":"Feature","id":1192,"geometry":{"type":"LineString","coordinates":[[-83.734513,42.282344],[-83.734534,42.282344]]},"properties":{"OBJECTID":1192,"Width":8,"Slope":0.2,"RampType":"Comb","DetectableWarning":"No","Condition":"Good","GlobalID":"{701BB221-1722-4DA9-A9DA-6B766B807BBB}"}},{"type":"Feature","id":1193,"geometry":{"type":"LineString","coordinates":[[-83.734959,42.282334],[-83.734989,42.282334]]},"properties":{"OBJECTID":1193,"Width":7,"Slope":7.6,"RampType":"Perp","DetectableWarning":"No","Condition":"Fair","GlobalID":"{CB7E6443-15E2-4C37-987C-C5D620473692}"}},{"type":"Feature","id":1194,"geometry":{"type":"LineString","coordinates":[[-83.7351,42.28233],[-83.735125,42.282329]]},"properties":{"OBJECTID":1194,"Width":7,"Slope":7.4,"RampType":"Comb","DetectableWarning":"No","Condition":"Poor","GlobalID":"{33B05E17-1EEC-43F2-9B8E-6A7D83294AB9}"}},{"type":"Feature","id":1195,"geometry":{"type":"LineString","coordinates":[[-83.735493,42.282321],[-83.735493,42.282305]]},"properties":{"OBJECTID":1195,"Width":5,"Slope":3.8,"RampType":null,"DetectableWarning":"Yes","Condition":"Fair","GlobalID":"{6DCBD801-2BB8-425E-9A10-F3679516F50A}"}},{"type":"Feature","id":1196,"geometry":{"type":"LineString","coordinates":[[-83.735501,42.282335],[-83.735529,42.282334]]},"properties":{"OBJECTID":1196,"Width":6,"Slope":7.9,"RampType":"Perp","DetectableWarning":"Yes","Condition":"Poor","GlobalID":"{1F4F74A9-62EB-42F2-9FE5-228B0E40A6FF}"}},{"type":"Feature","id":1197,"geometry":{"type":"LineString","coordinates":[[-83.735456,42.282165],[-83.735452,42.282151]]},"properties":{"OBJECTID":1197,"Width":5,"Slope":6.1,"RampType":"Diag","DetectableWarning":"Yes","Condition":"Good","GlobalID":"{F86CB81D-650A-4D81-8EE6-279E27800DE9}"}},{"type":"Feature","id":1198,"geometry":{"type":"LineString","coordinates":[[-83.735491,42.282111],[-83.735508,42.282118]]},"properties":{"OBJECTID":1198,"Width":5,"Slope":6.6,"RampType":"Diag","DetectableWarning":"Yes","Condition":"Good","GlobalID":"{8E377564-DA99-4F19-9C39-28465788FB94}"}},{"type":"Feature","id":1199,"geometry":{"type":"LineString","coordinates":[[-83.735435,42.281531],[-83.735457,42.281525]]},"properties":{"OBJECTID":1199,"Width":5,"Slope":6.2,"RampType":"Diag","DetectableWarning":"Yes","Condition":"Poor","GlobalID":"{57502F0F-1D54-4A9B-BFDC-C599F53613DE}"}},{"type":"Feature","id":1200,"geometry":{"type":"LineString","coordinates":[[-83.735404,42.281501],[-83.735402,42.281476]]},"properties":{"OBJECTID":1200,"Width":5,"Slope":3,"RampType":"Diag","DetectableWarning":"Yes","Condition":"Fair","GlobalID":"{2A9827C7-8FAB-454C-B0F4-0AFF11D2FA87}"}},{"type":"Feature","id":1201,"geometry":{"type":"LineString","coordinates":[[-83.733764,42.281372],[-83.733752,42.281365]]},"properties":{"OBJECTID":1201,"Width":5,"Slope":1,"RampType":"Perp","DetectableWarning":"Yes","Condition":"Fair","GlobalID":"{E6C7D410-17F4-46DF-8C64-DBB96FFAD00A}"}},{"type":"Feature","id":1202,"geometry":{"type":"LineString","coordinates":[[-83.733697,42.28133],[-83.733651,42.281304]]},"properties":{"OBJECTID":1202,"Width":5.75,"Slope":1.9,"RampType":"Depressed","DetectableWarning":"Yes","Condition":"Good","GlobalID":"{E29A96CF-A4ED-4E61-8927-F4CB47DF9E8F}"}},{"type":"Feature","id":1203,"geometry":{"type":"LineString","coordinates":[[-83.733595,42.281269],[-83.733577,42.281259]]},"properties":{"OBJECTID":1203,"Width":5,"Slope":5.2,"RampType":"Perp","DetectableWarning":"Yes","Condition":"Good","GlobalID":"{86897A66-0E92-43FE-B47E-8C42C0E99A95}"}},{"type":"Feature","id":1204,"geometry":{"type":"LineString","coordinates":[[-83.734616,42.282196],[-83.734589,42.282196]]},"properties":{"OBJECTID":1204,"Width":9,"Slope":1.6,"RampType":"Par","DetectableWarning":"No","Condition":"Good","GlobalID":"{27005E19-94CB-4C0B-967F-963B9946C262}"}},{"type":"Feature","id":1205,"geometry":{"type":"LineString","coordinates":[[-83.734326,42.282202],[-83.734292,42.282205]]},"properties":{"OBJECTID":1205,"Width":9,"Slope":7.3,"RampType":"Par","DetectableWarning":"No","Condition":"Fair","GlobalID":"{6793B8CD-054F-48D4-B0EC-E628AECCB6C5}"}},{"type":"Feature","id":1206,"geometry":{"type":"LineString","coordinates":[[-83.733666,42.28218],[-83.733667,42.282221]]},"properties":{"OBJECTID":1206,"Width":7,"Slope":4.6,"RampType":"Perp","DetectableWarning":"Yes","Condition":"Fair","GlobalID":"{9EE0154F-7FCF-40AD-B14F-1CED2A8B9A18}"}},{"type":"Feature","id":1207,"geometry":{"type":"LineString","coordinates":[[-83.733654,42.282151],[-83.733617,42.282152]]},"properties":{"OBJECTID":1207,"Width":5.5,"Slope":6.4,"RampType":"Perp","DetectableWarning":"Yes","Condition":"Fair","GlobalID":"{6D643AA4-27B7-475C-8149-B05BC95107EB}"}},{"type":"Feature","id":1208,"geometry":{"type":"LineString","coordinates":[[-83.726893,42.280592],[-83.726866,42.280584]]},"properties":{"OBJECTID":1208,"Width":14,"Slope":6.9,"RampType":"Perp","DetectableWarning":"No","Condition":"Poor","GlobalID":"{3405BB47-1C9C-4879-94DA-14F28AB5EEE8}"}},{"type":"Feature","id":1209,"geometry":{"type":"LineString","coordinates":[[-83.728774,42.280436],[-83.728774,42.280455]]},"properties":{"OBJECTID":1209,"Width":5,"Slope":1.5,"RampType":"Depressed","DetectableWarning":"Yes","Condition":"Poor","GlobalID":"{19CBFF12-5F59-4645-9173-AC03C7DA1018}"}},{"type":"Feature","id":1210,"geometry":{"type":"LineString","coordinates":[[-83.729256,42.280434],[-83.729292,42.280434]]},"properties":{"OBJECTID":1210,"Width":5,"Slope":1,"RampType":"Perp","DetectableWarning":"Yes","Condition":"Fair","GlobalID":"{95C0AFB4-7147-4EB8-A9AC-04E5CD3242E5}"}},{"type":"Feature","id":1211,"geometry":{"type":"LineString","coordinates":[[-83.729403,42.280431],[-83.729451,42.280429]]},"properties":{"OBJECTID":1211,"Width":5,"Slope":7,"RampType":"Perp","DetectableWarning":"Yes","Condition":"Fair","GlobalID":"{CAC792C2-935C-47A2-8647-21FD1941B5E7}"}},{"type":"Feature","id":1212,"geometry":{"type":"LineString","coordinates":[[-83.729451,42.280429],[-83.729488,42.280428]]},"properties":{"OBJECTID":1212,"Width":5,"Slope":2.6,"RampType":"Perp","DetectableWarning":"Yes","Condition":"Poor","GlobalID":"{98994D5A-D7D4-43FF-8415-085496814CF8}"}},{"type":"Feature","id":1213,"geometry":{"type":"LineString","coordinates":[[-83.729578,42.280424],[-83.729608,42.280423]]},"properties":{"OBJECTID":1213,"Width":5,"Slope":5.3,"RampType":"Perp","DetectableWarning":"Yes","Condition":"Fair","GlobalID":"{1CDF6572-2532-46ED-9944-C652C5694214}"}},{"type":"Feature","id":1214,"geometry":{"type":"LineString","coordinates":[[-83.728774,42.280455],[-83.728775,42.280468]]},"properties":{"OBJECTID":1214,"Width":5,"Slope":5.2,"RampType":"Depressed","DetectableWarning":"Yes","Condition":"Poor","GlobalID":"{A7D740A2-0BB4-4D8F-B880-05B019B88DA3}"}},{"type":"Feature","id":1215,"geometry":{"type":"LineString","coordinates":[[-83.731022,42.280356],[-83.730999,42.280355]]},"properties":{"OBJECTID":1215,"Width":5,"Slope":4.1,"RampType":"Perp","DetectableWarning":"Yes","Condition":"Good","GlobalID":"{EA2F91B1-2804-4E83-8322-79033F45D9D0}"}},{"type":"Feature","id":1216,"geometry":{"type":"LineString","coordinates":[[-83.730957,42.280369],[-83.730956,42.280386]]},"properties":{"OBJECTID":1216,"Width":5,"Slope":7.3,"RampType":"Perp","DetectableWarning":"Yes","Condition":"Good","GlobalID":"{9E77F4EC-F5D4-441F-A1FE-608FAEDC9297}"}},{"type":"Feature","id":1217,"geometry":{"type":"LineString","coordinates":[[-83.72878,42.280552],[-83.72878,42.280565]]},"properties":{"OBJECTID":1217,"Width":4.5,"Slope":7.6,"RampType":"Perp","DetectableWarning":"No","Condition":"Very Good","GlobalID":"{FD801483-676E-488D-B1A6-B8DCD1BFA52E}"}},{"type":"Feature","id":1218,"geometry":{"type":"LineString","coordinates":[[-83.729804,42.280509],[-83.729827,42.280508]]},"properties":{"OBJECTID":1218,"Width":6,"Slope":0.8,"RampType":"Perp","DetectableWarning":"Yes","Condition":"Poor","GlobalID":"{B0EE3F05-6509-4630-BFC2-A2B2BD1582E1}"}},{"type":"Feature","id":1219,"geometry":{"type":"LineString","coordinates":[[-83.729923,42.280504],[-83.729963,42.280502]]},"properties":{"OBJECTID":1219,"Width":6,"Slope":6.8,"RampType":"Perp","DetectableWarning":"Yes","Condition":"Fair","GlobalID":"{23357B46-AAAD-4929-A18C-9A8FD78DEBDB}"}},{"type":"Feature","id":1220,"geometry":{"type":"LineString","coordinates":[[-83.730952,42.28048],[-83.730953,42.280458]]},"properties":{"OBJECTID":1220,"Width":5,"Slope":2.2,"RampType":"Perp","DetectableWarning":"Yes","Condition":"Fair","GlobalID":"{2CE98559-CED9-4F61-B7CD-FD4F569D66CD}"}},{"type":"Feature","id":1221,"geometry":{"type":"LineString","coordinates":[[-83.730975,42.280494],[-83.731008,42.280494]]},"properties":{"OBJECTID":1221,"Width":5,"Slope":3.6,"RampType":"Perp","DetectableWarning":"Yes","Condition":"Good","GlobalID":"{790E2EEC-4C36-452D-BF74-FA5E90DEBC64}"}},{"type":"Feature","id":1222,"geometry":{"type":"LineString","coordinates":[[-83.730944,42.281245],[-83.73097,42.281246]]},"properties":{"OBJECTID":1222,"Width":5,"Slope":4.1,"RampType":"Perp","DetectableWarning":"Yes","Condition":"Good","GlobalID":"{886C3B44-FB6F-4A85-BF6B-60E4CE80133A}"}},{"type":"Feature","id":1223,"geometry":{"type":"LineString","coordinates":[[-83.73091,42.281487],[-83.73091,42.281501]]},"properties":{"OBJECTID":1223,"Width":5,"Slope":2.1,"RampType":"Comb","DetectableWarning":"Yes","Condition":"Very Good","GlobalID":"{58E7C613-4C09-46D6-81E7-2F6099D9D4AE}"}},{"type":"Feature","id":1224,"geometry":{"type":"LineString","coordinates":[[-83.730944,42.281533],[-83.730969,42.281533]]},"properties":{"OBJECTID":1224,"Width":5,"Slope":1.3,"RampType":"Comb","DetectableWarning":"Yes","Condition":"Very Good","GlobalID":"{BCC7CB5C-BA81-4DF4-B81D-B92298F25E61}"}},{"type":"Feature","id":1225,"geometry":{"type":"LineString","coordinates":[[-83.730011,42.281499],[-83.729997,42.281491]]},"properties":{"OBJECTID":1225,"Width":8,"Slope":12.4,"RampType":"Diag","DetectableWarning":"No","Condition":"Fair","GlobalID":"{9E59DF97-2069-4516-8A2B-5FB80D9804D7}"}},{"type":"Feature","id":1226,"geometry":{"type":"LineString","coordinates":[[-83.729816,42.281492],[-83.729806,42.281501]]},"properties":{"OBJECTID":1226,"Width":8,"Slope":null,"RampType":"Diag","DetectableWarning":"No","Condition":"Fair","GlobalID":"{75ABD1F6-B36A-49A5-AEF3-965927FCDDAC}"}},{"type":"Feature","id":1227,"geometry":{"type":"LineString","coordinates":[[-83.729976,42.281822],[-83.729975,42.281838]]},"properties":{"OBJECTID":1227,"Width":5,"Slope":14.1,"RampType":"Perp","DetectableWarning":"No","Condition":"Very Good","GlobalID":"{71E35DE0-DBEF-4E66-BF90-CA9CB14444AF}"}},{"type":"Feature","id":1228,"geometry":{"type":"LineString","coordinates":[[-83.729977,42.281897],[-83.729977,42.281912]]},"properties":{"OBJECTID":1228,"Width":5,"Slope":1.3,"RampType":"Perp","DetectableWarning":"No","Condition":"Fair","GlobalID":"{3D2CADFC-899F-4718-86C9-E593CA2DC0E2}"}},{"type":"Feature","id":1229,"geometry":{"type":"LineString","coordinates":[[-83.744474,42.26955],[-83.744434,42.26955]]},"properties":{"OBJECTID":1229,"Width":null,"Slope":null,"RampType":null,"DetectableWarning":null,"Condition":null,"GlobalID":"{0869C8FA-A774-4199-AC06-2D1354694039}"}},{"type":"Feature","id":1230,"geometry":{"type":"LineString","coordinates":[[-83.730912,42.281274],[-83.730912,42.281293]]},"properties":{"OBJECTID":1230,"Width":5,"Slope":3.1,"RampType":"Perp","DetectableWarning":"Yes","Condition":"Very Good","GlobalID":"{CC9E10FA-91C0-4262-9A0A-EEAA9442D6EF}"}},{"type":"Feature","id":1231,"geometry":{"type":"LineString","coordinates":[[-83.747408,42.26793],[-83.747375,42.267941],[-83.747375,42.267943]]},"properties":{"OBJECTID":1231,"Width":null,"Slope":null,"RampType":null,"DetectableWarning":null,"Condition":null,"GlobalID":"{47FDAB3A-352A-4EFD-9343-ECE3CCEC836A}"}},{"type":"Feature","id":1232,"geometry":{"type":"LineString","coordinates":[[-83.739368,42.273236],[-83.739369,42.273222]]},"properties":{"OBJECTID":1232,"Width":null,"Slope":null,"RampType":null,"DetectableWarning":null,"Condition":null,"GlobalID":"{39F95DCB-8125-457A-8C16-E393FA6FC411}"}},{"type":"Feature","id":1233,"geometry":{"type":"LineString","coordinates":[[-83.739548,42.273251],[-83.739529,42.273251]]},"properties":{"OBJECTID":1233,"Width":null,"Slope":null,"RampType":null,"DetectableWarning":null,"Condition":null,"GlobalID":"{18C58C55-35A8-4654-AC91-7009E0062214}"}},{"type":"Feature","id":1234,"geometry":{"type":"LineString","coordinates":[[-83.739509,42.273237],[-83.739508,42.273219]]},"properties":{"OBJECTID":1234,"Width":null,"Slope":null,"RampType":null,"DetectableWarning":null,"Condition":null,"GlobalID":"{CFA32987-36DF-46F1-8428-71E1F903ED32}"}},{"type":"Feature","id":1235,"geometry":{"type":"LineString","coordinates":[[-83.73955,42.273359],[-83.739533,42.273358]]},"properties":{"OBJECTID":1235,"Width":null,"Slope":null,"RampType":null,"DetectableWarning":null,"Condition":null,"GlobalID":"{4BC5D0A3-6DC0-4ECF-95DA-1B1D0BEC11BB}"}},{"type":"Feature","id":1236,"geometry":{"type":"LineString","coordinates":[[-83.738336,42.27337],[-83.738315,42.273371]]},"properties":{"OBJECTID":1236,"Width":null,"Slope":null,"RampType":null,"DetectableWarning":null,"Condition":null,"GlobalID":"{3080BF9D-6476-47C1-844A-787FFF6BAC19}"}},{"type":"Feature","id":1237,"geometry":{"type":"LineString","coordinates":[[-83.738296,42.273399],[-83.738295,42.273383],[-83.738296,42.273384]]},"properties":{"OBJECTID":1237,"Width":null,"Slope":null,"RampType":null,"DetectableWarning":null,"Condition":null,"GlobalID":"{287544F5-CA3A-4E91-AD18-138D6990E7F6}"}},{"type":"Feature","id":1238,"geometry":{"type":"LineString","coordinates":[[-83.738148,42.273386],[-83.738147,42.273403]]},"properties":{"OBJECTID":1238,"Width":null,"Slope":null,"RampType":null,"DetectableWarning":null,"Condition":null,"GlobalID":"{B1224F29-6496-4915-A6E2-6851F670AED1}"}},{"type":"Feature","id":1239,"geometry":{"type":"LineString","coordinates":[[-83.740572,42.273238],[-83.74054,42.273238],[-83.740538,42.273238]]},"properties":{"OBJECTID":1239,"Width":null,"Slope":null,"RampType":null,"DetectableWarning":null,"Condition":null,"GlobalID":"{65862B47-2FFE-4329-8C04-76EBAB5F2239}"}},{"type":"Feature","id":1240,"geometry":{"type":"LineString","coordinates":[[-83.740586,42.273357],[-83.740532,42.273351]]},"properties":{"OBJECTID":1240,"Width":null,"Slope":null,"RampType":null,"DetectableWarning":null,"Condition":null,"GlobalID":"{E213EA5B-6B00-423E-A95C-86C7300CFC2D}"}},{"type":"Feature","id":1241,"geometry":{"type":"LineString","coordinates":[[-83.740605,42.273367],[-83.740606,42.27339]]},"properties":{"OBJECTID":1241,"Width":null,"Slope":null,"RampType":null,"DetectableWarning":null,"Condition":null,"GlobalID":"{1DA24AB0-53E4-4512-AA22-BA34F9590DED}"}},{"type":"Feature","id":1242,"geometry":{"type":"LineString","coordinates":[[-83.740603,42.273204],[-83.740603,42.273221]]},"properties":{"OBJECTID":1242,"Width":null,"Slope":null,"RampType":null,"DetectableWarning":null,"Condition":null,"GlobalID":"{BAA49969-B915-4005-9F01-56AC26C9F1ED}"}},{"type":"Feature","id":1243,"geometry":{"type":"LineString","coordinates":[[-83.740762,42.274284],[-83.740759,42.274251],[-83.74076,42.274253]]},"properties":{"OBJECTID":1243,"Width":null,"Slope":null,"RampType":null,"DetectableWarning":null,"Condition":null,"GlobalID":"{64D00F08-B3B0-446E-87B9-B5C58AF9E392}"}},{"type":"Feature","id":1244,"geometry":{"type":"LineString","coordinates":[[-83.740599,42.274282],[-83.740598,42.274256]]},"properties":{"OBJECTID":1244,"Width":null,"Slope":null,"RampType":null,"DetectableWarning":null,"Condition":null,"GlobalID":"{0A2C9429-4466-4885-8483-C540EBFD9712}"}},{"type":"Feature","id":1245,"geometry":{"type":"LineString","coordinates":[[-83.740773,42.274865],[-83.740772,42.274843]]},"properties":{"OBJECTID":1245,"Width":null,"Slope":null,"RampType":null,"DetectableWarning":null,"Condition":null,"GlobalID":"{A5AB9E83-96AE-4698-BA56-7FE5148BE155}"}},{"type":"Feature","id":1246,"geometry":{"type":"LineString","coordinates":[[-83.74078,42.275047],[-83.740779,42.275028],[-83.740779,42.275028]]},"properties":{"OBJECTID":1246,"Width":null,"Slope":null,"RampType":null,"DetectableWarning":null,"Condition":null,"GlobalID":"{8215EC3A-9A45-4C31-9F90-9A9020DCE095}"}},{"type":"Feature","id":1247,"geometry":{"type":"LineString","coordinates":[[-83.740566,42.275045],[-83.740568,42.27503]]},"properties":{"OBJECTID":1247,"Width":null,"Slope":null,"RampType":null,"DetectableWarning":null,"Condition":null,"GlobalID":"{8201490D-EF7F-420A-95B8-85B62BF6B03D}"}},{"type":"Feature","id":1248,"geometry":{"type":"LineString","coordinates":[[-83.740564,42.275024],[-83.740533,42.275025]]},"properties":{"OBJECTID":1248,"Width":null,"Slope":null,"RampType":null,"DetectableWarning":null,"Condition":null,"GlobalID":"{60F2983E-9F3C-40F6-9AA1-B2F8498767DC}"}},{"type":"Feature","id":1249,"geometry":{"type":"LineString","coordinates":[[-83.73836,42.274903],[-83.738328,42.274901]]},"properties":{"OBJECTID":1249,"Width":null,"Slope":null,"RampType":null,"DetectableWarning":null,"Condition":null,"GlobalID":"{E1E92CC4-9DF9-48A5-B0F8-6433B5F1C274}"}},{"type":"Feature","id":1250,"geometry":{"type":"LineString","coordinates":[[-83.738323,42.274869],[-83.738322,42.274889]]},"properties":{"OBJECTID":1250,"Width":null,"Slope":null,"RampType":null,"DetectableWarning":null,"Condition":null,"GlobalID":"{1B2C0A97-C11C-4F42-AA8F-D257F70D6ADE}"}},{"type":"Feature","id":1251,"geometry":{"type":"LineString","coordinates":[[-83.738184,42.274891],[-83.738183,42.274868]]},"properties":{"OBJECTID":1251,"Width":null,"Slope":null,"RampType":null,"DetectableWarning":null,"Condition":null,"GlobalID":"{D8CF5FC6-35EE-4205-853A-EF6A4AA77CCC}"}},{"type":"Feature","id":1252,"geometry":{"type":"LineString","coordinates":[[-83.738168,42.274906],[-83.738144,42.274907]]},"properties":{"OBJECTID":1252,"Width":null,"Slope":null,"RampType":null,"DetectableWarning":null,"Condition":null,"GlobalID":"{0E85E96F-C8E9-497D-8016-D677730312E9}"}},{"type":"Feature","id":1253,"geometry":{"type":"LineString","coordinates":[[-83.735943,42.275029],[-83.735909,42.275028]]},"properties":{"OBJECTID":1253,"Width":null,"Slope":null,"RampType":null,"DetectableWarning":null,"Condition":null,"GlobalID":"{D3679F7F-0288-4E04-B6DE-872E66802E94}"}},{"type":"Feature","id":1254,"geometry":{"type":"LineString","coordinates":[[-83.73467,42.276345],[-83.734672,42.276317]]},"properties":{"OBJECTID":1254,"Width":null,"Slope":null,"RampType":null,"DetectableWarning":null,"Condition":null,"GlobalID":"{2B07D9D7-6515-44B3-A6B0-262E97D29294}"}},{"type":"Feature","id":1255,"geometry":{"type":"LineString","coordinates":[[-83.734568,42.276348],[-83.734563,42.276318]]},"properties":{"OBJECTID":1255,"Width":null,"Slope":null,"RampType":null,"DetectableWarning":null,"Condition":null,"GlobalID":"{C6EE556A-402B-4C0D-BECA-37E887B5EE40}"}},{"type":"Feature","id":1256,"geometry":{"type":"LineString","coordinates":[[-83.738423,42.2787],[-83.738372,42.278699]]},"properties":{"OBJECTID":1256,"Width":null,"Slope":null,"RampType":null,"DetectableWarning":null,"Condition":null,"GlobalID":"{BCD68DC2-8F4E-4697-9563-F9873C25DD09}"}},{"type":"Feature","id":1257,"geometry":{"type":"LineString","coordinates":[[-83.738414,42.278503],[-83.738371,42.278503]]},"properties":{"OBJECTID":1257,"Width":null,"Slope":null,"RampType":null,"DetectableWarning":null,"Condition":null,"GlobalID":"{E982C2FF-9D1C-4B29-BAAF-DACF8B009937}"}},{"type":"Feature","id":1258,"geometry":{"type":"LineString","coordinates":[[-83.738097,42.278509],[-83.738056,42.278508]]},"properties":{"OBJECTID":1258,"Width":null,"Slope":null,"RampType":null,"DetectableWarning":null,"Condition":null,"GlobalID":"{635200BD-4026-4A01-BF2B-9602F9343A8F}"}},{"type":"Feature","id":1259,"geometry":{"type":"LineString","coordinates":[[-83.738105,42.278698],[-83.738052,42.278698]]},"properties":{"OBJECTID":1259,"Width":null,"Slope":null,"RampType":null,"DetectableWarning":null,"Condition":null,"GlobalID":"{B0A90E57-880E-4A84-BF4E-D588DD764F66}"}},{"type":"Feature","id":1260,"geometry":{"type":"LineString","coordinates":[[-83.739441,42.278686],[-83.73941,42.278688]]},"properties":{"OBJECTID":1260,"Width":null,"Slope":null,"RampType":null,"DetectableWarning":null,"Condition":null,"GlobalID":"{5F07828C-495E-4AC4-A66A-2DDF96FF1C04}"}},{"type":"Feature","id":1261,"geometry":{"type":"LineString","coordinates":[[-83.739439,42.278501],[-83.739402,42.2785]]},"properties":{"OBJECTID":1261,"Width":null,"Slope":null,"RampType":null,"DetectableWarning":null,"Condition":null,"GlobalID":"{4A24C9B7-AEE3-4E31-82C9-049C7987B57E}"}},{"type":"Feature","id":1262,"geometry":{"type":"LineString","coordinates":[[-83.739755,42.280365],[-83.739715,42.280366]]},"properties":{"OBJECTID":1262,"Width":null,"Slope":null,"RampType":null,"DetectableWarning":null,"Condition":null,"GlobalID":"{608CF6BF-9814-47D8-B81E-0B1B6B298E2E}"}},{"type":"Feature","id":1263,"geometry":{"type":"LineString","coordinates":[[-83.739753,42.280235],[-83.739715,42.280237]]},"properties":{"OBJECTID":1263,"Width":null,"Slope":null,"RampType":null,"DetectableWarning":null,"Condition":null,"GlobalID":"{02AAE224-C9A3-4E40-899F-68BF59ACC564}"}},{"type":"Feature","id":1264,"geometry":{"type":"LineString","coordinates":[[-83.739698,42.280221],[-83.739695,42.280194]]},"properties":{"OBJECTID":1264,"Width":null,"Slope":null,"RampType":null,"DetectableWarning":null,"Condition":null,"GlobalID":"{058DC1AD-694B-4D0A-97D5-B4441DB4FDBE}"}},{"type":"Feature","id":1265,"geometry":{"type":"LineString","coordinates":[[-83.739529,42.280243],[-83.739491,42.280246]]},"properties":{"OBJECTID":1265,"Width":null,"Slope":null,"RampType":null,"DetectableWarning":null,"Condition":null,"GlobalID":"{AD39DBD0-860D-4935-9F08-FB942D83E3CF}"}},{"type":"Feature","id":1266,"geometry":{"type":"LineString","coordinates":[[-83.739525,42.280366],[-83.739485,42.280367]]},"properties":{"OBJECTID":1266,"Width":null,"Slope":null,"RampType":null,"DetectableWarning":null,"Condition":null,"GlobalID":"{776E9EB6-3588-44BD-8CB6-F409FE43BBFD}"}},{"type":"Feature","id":1267,"geometry":{"type":"LineString","coordinates":[[-83.737303,42.28043],[-83.737269,42.280431]]},"properties":{"OBJECTID":1267,"Width":null,"Slope":null,"RampType":null,"DetectableWarning":null,"Condition":null,"GlobalID":"{4120D4C4-B57D-4B51-820B-CB172DE89A7F}"}},{"type":"Feature","id":1268,"geometry":{"type":"LineString","coordinates":[[-83.737291,42.280304],[-83.737262,42.280304]]},"properties":{"OBJECTID":1268,"Width":null,"Slope":null,"RampType":null,"DetectableWarning":null,"Condition":null,"GlobalID":"{CBC46053-E2D6-4F5C-A0B3-92EFF5F34DC4}"}},{"type":"Feature","id":1269,"geometry":{"type":"LineString","coordinates":[[-83.737249,42.280474],[-83.737249,42.280451]]},"properties":{"OBJECTID":1269,"Width":null,"Slope":null,"RampType":null,"DetectableWarning":null,"Condition":null,"GlobalID":"{730BB4E8-E557-4D34-A0C6-B7D953404A50}"}},{"type":"Feature","id":1270,"geometry":{"type":"LineString","coordinates":[[-83.737076,42.280473],[-83.737072,42.280444]]},"properties":{"OBJECTID":1270,"Width":null,"Slope":null,"RampType":null,"DetectableWarning":null,"Condition":null,"GlobalID":"{6527C7E4-AD46-47A6-9FF5-9B25569EF897}"}},{"type":"Feature","id":1271,"geometry":{"type":"LineString","coordinates":[[-83.73723,42.280064],[-83.737227,42.280039]]},"properties":{"OBJECTID":1271,"Width":null,"Slope":null,"RampType":null,"DetectableWarning":null,"Condition":null,"GlobalID":"{42496648-F88B-47E0-9BB0-C190240A3A28}"}},{"type":"Feature","id":1272,"geometry":{"type":"LineString","coordinates":[[-83.737051,42.28007],[-83.737045,42.280036]]},"properties":{"OBJECTID":1272,"Width":null,"Slope":null,"RampType":null,"DetectableWarning":null,"Condition":null,"GlobalID":"{A0220CB8-DED4-4AFA-A285-A6FD1A3BC756}"}},{"type":"Feature","id":1273,"geometry":{"type":"LineString","coordinates":[[-83.737225,42.27871],[-83.737195,42.27871]]},"properties":{"OBJECTID":1273,"Width":null,"Slope":null,"RampType":null,"DetectableWarning":null,"Condition":null,"GlobalID":"{88BC514C-56C1-42C4-B5E6-B4C09478186A}"}},{"type":"Feature","id":1274,"geometry":{"type":"LineString","coordinates":[[-83.737172,42.278746],[-83.737171,42.278728]]},"properties":{"OBJECTID":1274,"Width":null,"Slope":null,"RampType":null,"DetectableWarning":null,"Condition":null,"GlobalID":"{119E3471-A452-4397-BD25-8335D5CF34B7}"}},{"type":"Feature","id":1275,"geometry":{"type":"LineString","coordinates":[[-83.736933,42.27875],[-83.736906,42.278738]]},"properties":{"OBJECTID":1275,"Width":null,"Slope":null,"RampType":null,"DetectableWarning":null,"Condition":null,"GlobalID":"{45AE96AB-967F-4C1F-A216-420157D09B65}"}},{"type":"Feature","id":1276,"geometry":{"type":"LineString","coordinates":[[-83.737219,42.27852],[-83.737186,42.278521]]},"properties":{"OBJECTID":1276,"Width":null,"Slope":null,"RampType":null,"DetectableWarning":null,"Condition":null,"GlobalID":"{D2AA3637-D1C7-47D9-A554-3D878953C272}"}},{"type":"Feature","id":1277,"geometry":{"type":"LineString","coordinates":[[-83.737218,42.278596],[-83.737191,42.278595]]},"properties":{"OBJECTID":1277,"Width":null,"Slope":null,"RampType":null,"DetectableWarning":null,"Condition":null,"GlobalID":"{2BB70D5D-4A8F-4470-90E7-017A0E31CC3C}"}},{"type":"Feature","id":1278,"geometry":{"type":"LineString","coordinates":[[-83.737222,42.278631],[-83.73719,42.278633]]},"properties":{"OBJECTID":1278,"Width":null,"Slope":null,"RampType":null,"DetectableWarning":null,"Condition":null,"GlobalID":"{B4198644-71E6-474C-8E37-5D2714957203}"}},{"type":"Feature","id":1279,"geometry":{"type":"LineString","coordinates":[[-83.735746,42.278377],[-83.735705,42.278352]]},"properties":{"OBJECTID":1279,"Width":null,"Slope":null,"RampType":null,"DetectableWarning":null,"Condition":null,"GlobalID":"{49C877B0-0BF9-4E8C-B019-4AE358A9776A}"}},{"type":"Feature","id":1280,"geometry":{"type":"LineString","coordinates":[[-83.735596,42.2785],[-83.735553,42.278459]]},"properties":{"OBJECTID":1280,"Width":null,"Slope":null,"RampType":null,"DetectableWarning":null,"Condition":null,"GlobalID":"{A37DE041-0E7C-482A-A0D1-123BBE990741}"}},{"type":"Feature","id":1281,"geometry":{"type":"LineString","coordinates":[[-83.734702,42.277548],[-83.734677,42.277528]]},"properties":{"OBJECTID":1281,"Width":null,"Slope":null,"RampType":null,"DetectableWarning":null,"Condition":null,"GlobalID":"{208B3895-B293-4296-B29B-A2D780F2A2FC}"}},{"type":"Feature","id":1282,"geometry":{"type":"LineString","coordinates":[[-83.734523,42.277671],[-83.7345,42.277658]]},"properties":{"OBJECTID":1282,"Width":null,"Slope":null,"RampType":null,"DetectableWarning":null,"Condition":null,"GlobalID":"{290E2B10-9D59-4232-8C6B-8ACD8FB414FD}"}},{"type":"Feature","id":1283,"geometry":{"type":"LineString","coordinates":[[-83.734714,42.277473],[-83.734686,42.277498]]},"properties":{"OBJECTID":1283,"Width":null,"Slope":null,"RampType":null,"DetectableWarning":null,"Condition":null,"GlobalID":"{570C57D1-5110-439E-B2C8-77740CCD0DDA}"}},{"type":"Feature","id":1284,"geometry":{"type":"LineString","coordinates":[[-83.733664,42.279337],[-83.733638,42.279336]]},"properties":{"OBJECTID":1284,"Width":null,"Slope":null,"RampType":null,"DetectableWarning":null,"Condition":null,"GlobalID":"{558D1DCA-6DC8-4FD1-899E-53E527234538}"}},{"type":"Feature","id":1285,"geometry":{"type":"LineString","coordinates":[[-83.733667,42.279487],[-83.733641,42.279487]]},"properties":{"OBJECTID":1285,"Width":null,"Slope":null,"RampType":null,"DetectableWarning":null,"Condition":null,"GlobalID":"{46373411-FB8A-4598-9856-AFFE2F16B8E0}"}},{"type":"Feature","id":1286,"geometry":{"type":"LineString","coordinates":[[-83.733664,42.280361],[-83.733681,42.280346]]},"properties":{"OBJECTID":1286,"Width":null,"Slope":null,"RampType":null,"DetectableWarning":null,"Condition":null,"GlobalID":"{D05D00C5-2ECE-4A09-BE9F-90D1298FB211}"}},{"type":"Feature","id":1287,"geometry":{"type":"LineString","coordinates":[[-83.733636,42.280212],[-83.733613,42.280202]]},"properties":{"OBJECTID":1287,"Width":null,"Slope":null,"RampType":null,"DetectableWarning":null,"Condition":null,"GlobalID":"{2FE06BC1-6C1A-46A2-8FE3-76F5B699E4CB}"}},{"type":"Feature","id":1288,"geometry":{"type":"LineString","coordinates":[[-83.735391,42.281248],[-83.735357,42.28125]]},"properties":{"OBJECTID":1288,"Width":null,"Slope":null,"RampType":null,"DetectableWarning":null,"Condition":null,"GlobalID":"{186FC48D-484C-4FA4-8AEE-F9187107DE22}"}},{"type":"Feature","id":1289,"geometry":{"type":"LineString","coordinates":[[-83.737099,42.281168],[-83.737099,42.281147]]},"properties":{"OBJECTID":1289,"Width":null,"Slope":null,"RampType":null,"DetectableWarning":null,"Condition":null,"GlobalID":"{8F5D3269-A53A-44C4-953A-08FBDFE03DE3}"}},{"type":"Feature","id":1290,"geometry":{"type":"LineString","coordinates":[[-83.737291,42.28117],[-83.737292,42.281148]]},"properties":{"OBJECTID":1290,"Width":null,"Slope":null,"RampType":null,"DetectableWarning":null,"Condition":null,"GlobalID":"{03FA370E-E301-45A8-A4B5-5AB96B23DBC3}"}},{"type":"Feature","id":1291,"geometry":{"type":"LineString","coordinates":[[-83.739547,42.280199],[-83.739548,42.280222]]},"properties":{"OBJECTID":1291,"Width":null,"Slope":null,"RampType":null,"DetectableWarning":null,"Condition":null,"GlobalID":"{10F63970-5AE6-4955-80C5-61AF10DF34BC}"}},{"type":"Feature","id":1292,"geometry":{"type":"LineString","coordinates":[[-83.740761,42.280339],[-83.740723,42.28034]]},"properties":{"OBJECTID":1292,"Width":null,"Slope":null,"RampType":null,"DetectableWarning":null,"Condition":null,"GlobalID":"{0FD9E869-7DD8-4200-B539-70087279E348}"}},{"type":"Feature","id":1293,"geometry":{"type":"LineString","coordinates":[[-83.740794,42.280349],[-83.740804,42.280368]]},"properties":{"OBJECTID":1293,"Width":null,"Slope":null,"RampType":null,"DetectableWarning":null,"Condition":null,"GlobalID":"{E7A43E14-753D-49D2-8E01-F2697417ED87}"}},{"type":"Feature","id":1294,"geometry":{"type":"LineString","coordinates":[[-83.740962,42.280201],[-83.740935,42.2802]]},"properties":{"OBJECTID":1294,"Width":null,"Slope":null,"RampType":null,"DetectableWarning":null,"Condition":null,"GlobalID":"{25F10132-DBDD-47FD-87C8-7057B1564941}"}},{"type":"Feature","id":1295,"geometry":{"type":"LineString","coordinates":[[-83.740926,42.280194],[-83.740925,42.280169]]},"properties":{"OBJECTID":1295,"Width":null,"Slope":null,"RampType":null,"DetectableWarning":null,"Condition":null,"GlobalID":"{E586D8F4-FE39-47E3-B8D2-A95DE91C1532}"}},{"type":"Feature","id":1296,"geometry":{"type":"LineString","coordinates":[[-83.739671,42.278513],[-83.739628,42.278518]]},"properties":{"OBJECTID":1296,"Width":null,"Slope":null,"RampType":null,"DetectableWarning":null,"Condition":null,"GlobalID":"{C3092707-5050-4A19-9D09-7595FDFBAA86}"}},{"type":"Feature","id":1297,"geometry":{"type":"LineString","coordinates":[[-83.740669,42.277944],[-83.740668,42.277911],[-83.740672,42.277911]]},"properties":{"OBJECTID":1297,"Width":null,"Slope":null,"RampType":null,"DetectableWarning":null,"Condition":null,"GlobalID":"{1A98438D-634D-4DF9-B8E8-BD5D2A94B405}"}},{"type":"Feature","id":1298,"geometry":{"type":"LineString","coordinates":[[-83.740668,42.277775],[-83.74067,42.277745]]},"properties":{"OBJECTID":1298,"Width":null,"Slope":null,"RampType":null,"DetectableWarning":null,"Condition":null,"GlobalID":"{AFEC12A1-0C4A-4532-A1BA-7D1BF5E29F40}"}},{"type":"Feature","id":1299,"geometry":{"type":"LineString","coordinates":[[-83.740762,42.275638],[-83.740767,42.275672]]},"properties":{"OBJECTID":1299,"Width":null,"Slope":null,"RampType":null,"DetectableWarning":null,"Condition":null,"GlobalID":"{2C7D31AB-04CD-4A28-8D40-736DF2130DB7}"}},{"type":"Feature","id":1300,"geometry":{"type":"LineString","coordinates":[[-83.740653,42.275682],[-83.740656,42.275629]]},"properties":{"OBJECTID":1300,"Width":null,"Slope":null,"RampType":null,"DetectableWarning":null,"Condition":null,"GlobalID":"{FBA45ECA-B8ED-4DF8-AB60-E4C3CE4992FB}"}},{"type":"Feature","id":1301,"geometry":{"type":"LineString","coordinates":[[-83.738371,42.275008],[-83.738328,42.275008]]},"properties":{"OBJECTID":1301,"Width":null,"Slope":null,"RampType":null,"DetectableWarning":null,"Condition":null,"GlobalID":"{D6976AA7-6F67-43F1-993A-481B72EFF8DA}"}},{"type":"Feature","id":1302,"geometry":{"type":"LineString","coordinates":[[-83.738174,42.275013],[-83.738132,42.275007],[-83.738132,42.275008]]},"properties":{"OBJECTID":1302,"Width":null,"Slope":null,"RampType":null,"DetectableWarning":null,"Condition":null,"GlobalID":"{0ABA2F9A-AAD7-4DCA-8A97-1123647DA2E7}"}},{"type":"Feature","id":1303,"geometry":{"type":"LineString","coordinates":[[-83.740588,42.274837],[-83.740589,42.274865]]},"properties":{"OBJECTID":1303,"Width":null,"Slope":null,"RampType":null,"DetectableWarning":null,"Condition":null,"GlobalID":"{FEE94184-AA50-4D91-8249-9834BBDF6807}"}},{"type":"Feature","id":1304,"geometry":{"type":"LineString","coordinates":[[-83.740573,42.274877],[-83.740526,42.274875]]},"properties":{"OBJECTID":1304,"Width":null,"Slope":null,"RampType":null,"DetectableWarning":null,"Condition":null,"GlobalID":"{8C652D61-F57E-4F69-ACC2-F11EB9DC86D9}"}},{"type":"Feature","id":1305,"geometry":{"type":"LineString","coordinates":[[-83.742079,42.276257],[-83.742048,42.276257]]},"properties":{"OBJECTID":1305,"Width":null,"Slope":null,"RampType":null,"DetectableWarning":null,"Condition":null,"GlobalID":"{249CA470-2A9C-4631-9BE6-B689303795C6}"}},{"type":"Feature","id":1306,"geometry":{"type":"LineString","coordinates":[[-83.74208,42.276159],[-83.742046,42.27616]]},"properties":{"OBJECTID":1306,"Width":null,"Slope":null,"RampType":null,"DetectableWarning":null,"Condition":null,"GlobalID":"{22BF92CF-E12C-44F4-A94A-39677B50D4A2}"}},{"type":"Feature","id":1307,"geometry":{"type":"LineString","coordinates":[[-83.741882,42.276264],[-83.741883,42.276285]]},"properties":{"OBJECTID":1307,"Width":null,"Slope":null,"RampType":null,"DetectableWarning":null,"Condition":null,"GlobalID":"{3B2ACB56-C0B7-4F7E-9D9E-70E166E921FE}"}},{"type":"Feature","id":1308,"geometry":{"type":"LineString","coordinates":[[-83.742033,42.276289],[-83.742034,42.276269],[-83.742034,42.27627]]},"properties":{"OBJECTID":1308,"Width":null,"Slope":null,"RampType":null,"DetectableWarning":null,"Condition":null,"GlobalID":"{9F64DA1C-AC07-4A5A-8C60-B534599C65D2}"}},{"type":"Feature","id":1309,"geometry":{"type":"LineString","coordinates":[[-83.661791,42.299866],[-83.661794,42.299851]]},"properties":{"OBJECTID":1309,"Width":6,"Slope":1,"RampType":"Depressed","DetectableWarning":"No","Condition":"Good","GlobalID":"{5C3172E8-31EA-4925-81D7-534461D7C98F}"}},{"type":"Feature","id":1310,"geometry":{"type":"LineString","coordinates":[[-83.662532,42.299846],[-83.662514,42.299845]]},"properties":{"OBJECTID":1310,"Width":5,"Slope":4.5,"RampType":"Comb","DetectableWarning":"No","Condition":"Fair","GlobalID":"{0C0D5532-BC75-4FBC-B062-FD149C2C6BF1}"}},{"type":"Feature","id":1311,"geometry":{"type":"LineString","coordinates":[[-83.74445,42.274206],[-83.744423,42.274202]]},"properties":{"OBJECTID":1311,"Width":null,"Slope":null,"RampType":null,"DetectableWarning":null,"Condition":null,"GlobalID":"{FB2BBB7B-F63E-40A7-827B-0CB2BC7EE639}"}},{"type":"Feature","id":1312,"geometry":{"type":"LineString","coordinates":[[-83.744429,42.274347],[-83.744412,42.274335]]},"properties":{"OBJECTID":1312,"Width":null,"Slope":null,"RampType":null,"DetectableWarning":null,"Condition":null,"GlobalID":"{11885773-3411-4A9C-97BA-355D2092AECB}"}},{"type":"Feature","id":1313,"geometry":{"type":"LineString","coordinates":[[-83.708114,42.301176],[-83.708105,42.301167],[-83.708105,42.301168]]},"properties":{"OBJECTID":1313,"Width":5,"Slope":5.3,"RampType":"Par","DetectableWarning":"No","Condition":"Fair","GlobalID":"{731536F2-1986-42B6-A9D2-874A6E88D5A5}"}},{"type":"Feature","id":1314,"geometry":{"type":"LineString","coordinates":[[-83.708203,42.301231],[-83.708216,42.301234]]},"properties":{"OBJECTID":1314,"Width":5,"Slope":8.3,"RampType":null,"DetectableWarning":"No","Condition":"Fair","GlobalID":"{6CA6696B-A062-40AC-9B09-26BA21DA3CF1}"}},{"type":"Feature","id":1315,"geometry":{"type":"LineString","coordinates":[[-83.708297,42.301063],[-83.708301,42.301047]]},"properties":{"OBJECTID":1315,"Width":null,"Slope":4.3,"RampType":"Par","DetectableWarning":"No","Condition":"Good","GlobalID":"{2E7D6A3B-667B-4FBC-980C-2B4AF4EE8E82}"}},{"type":"Feature","id":1316,"geometry":{"type":"LineString","coordinates":[[-83.708315,42.300977],[-83.708312,42.300993]]},"properties":{"OBJECTID":1316,"Width":null,"Slope":7.5,"RampType":"Par","DetectableWarning":"No","Condition":"Fair","GlobalID":"{1EAEF0DF-334A-4F84-8FE4-204E015FABC5}"}},{"type":"Feature","id":1317,"geometry":{"type":"LineString","coordinates":[[-83.708335,42.300897],[-83.708322,42.300885]]},"properties":{"OBJECTID":1317,"Width":null,"Slope":7.3,"RampType":"Diag","DetectableWarning":"No","Condition":"Fair","GlobalID":"{5D61891A-7884-45AD-B74B-7DAEE8B5BC61}"}},{"type":"Feature","id":1318,"geometry":{"type":"LineString","coordinates":[[-83.708487,42.300874],[-83.708509,42.300877]]},"properties":{"OBJECTID":1318,"Width":6,"Slope":10.8,"RampType":"Perp","DetectableWarning":"No","Condition":"Poor","GlobalID":"{DC815360-12C4-4CC6-B9E3-29D51736B944}"}},{"type":"Feature","id":1319,"geometry":{"type":"LineString","coordinates":[[-83.708758,42.300558],[-83.708759,42.300574],[-83.708759,42.300574]]},"properties":{"OBJECTID":1319,"Width":10,"Slope":4,"RampType":"Diag","DetectableWarning":"No","Condition":"Fair","GlobalID":"{0FB48C5B-831B-4E5E-97A0-DCC864A24E01}"}},{"type":"Feature","id":1320,"geometry":{"type":"LineString","coordinates":[[-83.708813,42.300506],[-83.708832,42.300487]]},"properties":{"OBJECTID":1320,"Width":5,"Slope":6.4,"RampType":"Par","DetectableWarning":"No","Condition":"Very Poor","GlobalID":"{35EBA905-AFEA-4340-8F47-171B5598C659}"}},{"type":"Feature","id":1321,"geometry":{"type":"LineString","coordinates":[[-83.708371,42.300822],[-83.708403,42.300794]]},"properties":{"OBJECTID":1321,"Width":null,"Slope":null,"RampType":"Par","DetectableWarning":"No","Condition":"Good","GlobalID":"{2925EABC-11FD-420F-BAE0-E861FFB30F4F}"}},{"type":"Feature","id":1322,"geometry":{"type":"LineString","coordinates":[[-83.704562,42.301064],[-83.704561,42.301077]]},"properties":{"OBJECTID":1322,"Width":5,"Slope":2.5,"RampType":"Perp","DetectableWarning":"Yes","Condition":"Good","GlobalID":"{3935694B-C78A-4589-BDE1-11D2DE8563E7}"}},{"type":"Feature","id":1323,"geometry":{"type":"LineString","coordinates":[[-83.703732,42.301064],[-83.703716,42.301064]]},"properties":{"OBJECTID":1323,"Width":5,"Slope":6.4,"RampType":"Perp","DetectableWarning":"No","Condition":"Good","GlobalID":"{BD186E92-6F82-46FE-932F-9D8A2B7EE2E7}"}},{"type":"Feature","id":1324,"geometry":{"type":"LineString","coordinates":[[-83.703819,42.301196],[-83.703839,42.30121]]},"properties":{"OBJECTID":1324,"Width":5,"Slope":6.1,"RampType":"Diag","DetectableWarning":"No","Condition":"Poor","GlobalID":"{E58A488C-25FE-46D6-83E4-AF7F3FB51C9A}"}},{"type":"Feature","id":1325,"geometry":{"type":"LineString","coordinates":[[-83.718561,42.290446],[-83.718607,42.290481]]},"properties":{"OBJECTID":1325,"Width":8,"Slope":6.4,"RampType":"Diag","DetectableWarning":"No","Condition":null,"GlobalID":"{FAB60439-989E-4FCF-AA03-DE0B687D37F6}"}},{"type":"Feature","id":1326,"geometry":{"type":"LineString","coordinates":[[-83.735232,42.283226],[-83.735222,42.283233]]},"properties":{"OBJECTID":1326,"Width":5,"Slope":9.7,"RampType":"Diag","DetectableWarning":"Yes","Condition":"Good","GlobalID":"{CBFC5935-436C-475D-9E2B-B46D71792F3A}"}},{"type":"Feature","id":1327,"geometry":{"type":"LineString","coordinates":[[-83.733478,42.282387],[-83.733463,42.282387]]},"properties":{"OBJECTID":1327,"Width":5,"Slope":null,"RampType":"Perp","DetectableWarning":"Yes","Condition":"Good","GlobalID":"{AC93D8A3-2A68-40BB-BF0B-987AE7A2E03C}"}},{"type":"Feature","id":1328,"geometry":{"type":"LineString","coordinates":[[-83.733452,42.282381],[-83.733451,42.282371]]},"properties":{"OBJECTID":1328,"Width":5,"Slope":null,"RampType":"Perp","DetectableWarning":"Yes","Condition":"Good","GlobalID":"{2BCB373B-A7FC-4455-A14A-8641A3A4F781}"}},{"type":"Feature","id":1329,"geometry":{"type":"LineString","coordinates":[[-83.73343,42.282199],[-83.733455,42.282215]]},"properties":{"OBJECTID":1329,"Width":10,"Slope":null,"RampType":"Diag","DetectableWarning":"No","Condition":"Fair","GlobalID":"{96FA492E-B22F-4E91-A4B8-A6A05CE1E8CF}"}},{"type":"Feature","id":1330,"geometry":{"type":"LineString","coordinates":[[-83.723145,42.291709],[-83.723127,42.291702]]},"properties":{"OBJECTID":1330,"Width":null,"Slope":null,"RampType":"Par","DetectableWarning":null,"Condition":"Good","GlobalID":"{D684BE7B-1720-44E9-966C-0FE64F21D5A1}"}},{"type":"Feature","id":1331,"geometry":{"type":"LineString","coordinates":[[-83.74308,42.274272],[-83.743081,42.274297]]},"properties":{"OBJECTID":1331,"Width":null,"Slope":null,"RampType":"Comb","DetectableWarning":"Yes","Condition":"Very Good","GlobalID":"{A00E9777-A9CE-4680-8D92-CB3B33101070}"}},{"type":"Feature","id":1332,"geometry":{"type":"LineString","coordinates":[[-83.743056,42.274238],[-83.743013,42.274232]]},"properties":{"OBJECTID":1332,"Width":null,"Slope":null,"RampType":"Comb","DetectableWarning":"Yes","Condition":"Very Good","GlobalID":"{56681133-3BE1-403E-9CC5-BF69351DC6D2}"}},{"type":"Feature","id":1333,"geometry":{"type":"LineString","coordinates":[[-83.72338,42.292353],[-83.72343,42.292333]]},"properties":{"OBJECTID":1333,"Width":null,"Slope":null,"RampType":"Par","DetectableWarning":null,"Condition":"Good","GlobalID":"{A39EE273-2E7F-47DA-A481-DC569CBDC968}"}},{"type":"Feature","id":1334,"geometry":{"type":"LineString","coordinates":[[-83.724417,42.293534],[-83.724418,42.293503]]},"properties":{"OBJECTID":1334,"Width":null,"Slope":null,"RampType":"Perp","DetectableWarning":"No","Condition":"Good","GlobalID":"{9364145E-9213-409C-8BD1-4A3603A48509}"}},{"type":"Feature","id":1335,"geometry":{"type":"LineString","coordinates":[[-83.724426,42.293591],[-83.724422,42.293635]]},"properties":{"OBJECTID":1335,"Width":null,"Slope":null,"RampType":"Perp","DetectableWarning":"No","Condition":"Poor","GlobalID":"{4F935CE8-0B63-490D-9C07-5D3FCDFE0CD7}"}},{"type":"Feature","id":1336,"geometry":{"type":"LineString","coordinates":[[-83.724076,42.294144],[-83.724114,42.294171]]},"properties":{"OBJECTID":1336,"Width":null,"Slope":null,"RampType":"Diag","DetectableWarning":"No","Condition":"Good","GlobalID":"{C31866B0-E836-4CE2-B827-662030EA9C5B}"}},{"type":"Feature","id":1337,"geometry":{"type":"LineString","coordinates":[[-83.743199,42.274295],[-83.7432,42.274271]]},"properties":{"OBJECTID":1337,"Width":null,"Slope":null,"RampType":"Par","DetectableWarning":"Yes","Condition":"Very Good","GlobalID":"{FAB6EDE2-10FB-47E2-9382-78EF995EC63D}"}},{"type":"Feature","id":1338,"geometry":{"type":"LineString","coordinates":[[-83.743229,42.274238],[-83.74326,42.274226]]},"properties":{"OBJECTID":1338,"Width":null,"Slope":null,"RampType":"Par","DetectableWarning":"Yes","Condition":"Very Good","GlobalID":"{936B4B6C-C398-4A2B-B8FE-9BAAB7BD515C}"}},{"type":"Feature","id":1339,"geometry":{"type":"LineString","coordinates":[[-83.743216,42.274128],[-83.743239,42.27413]]},"properties":{"OBJECTID":1339,"Width":null,"Slope":null,"RampType":"Par","DetectableWarning":"Yes","Condition":"Very Good","GlobalID":"{26526ACE-07B5-4E2A-896D-2A0C89BB7C15}"}},{"type":"Feature","id":1340,"geometry":{"type":"LineString","coordinates":[[-83.743192,42.27409],[-83.743192,42.274109]]},"properties":{"OBJECTID":1340,"Width":null,"Slope":null,"RampType":"Par","DetectableWarning":"Yes","Condition":"Very Good","GlobalID":"{08D95721-50C5-4B2D-91EA-5D61BA91ECA8}"}},{"type":"Feature","id":1341,"geometry":{"type":"LineString","coordinates":[[-83.74308,42.274107],[-83.743079,42.274089]]},"properties":{"OBJECTID":1341,"Width":null,"Slope":null,"RampType":"Par","DetectableWarning":"Yes","Condition":"Good","GlobalID":"{54BF8DB5-2496-4B43-8DE2-C6A6550BCA2D}"}},{"type":"Feature","id":1342,"geometry":{"type":"LineString","coordinates":[[-83.743021,42.274135],[-83.743042,42.274134]]},"properties":{"OBJECTID":1342,"Width":null,"Slope":null,"RampType":"Par","DetectableWarning":"Yes","Condition":"Good","GlobalID":"{9A7C02EE-F207-4A65-95B2-C11A0996A72E}"}},{"type":"Feature","id":1343,"geometry":{"type":"LineString","coordinates":[[-83.723732,42.2928],[-83.72372,42.292785]]},"properties":{"OBJECTID":1343,"Width":null,"Slope":null,"RampType":"Perp","DetectableWarning":"No","Condition":"Fair","GlobalID":"{24D30160-4C49-45CD-B976-54AC92FD3E77}"}},{"type":"Feature","id":1344,"geometry":{"type":"LineString","coordinates":[[-83.724475,42.29365],[-83.72443,42.293644]]},"properties":{"OBJECTID":1344,"Width":null,"Slope":null,"RampType":"Perp","DetectableWarning":"No","Condition":"Poor","GlobalID":"{619F4976-8661-434E-8165-7EA103A5C63B}"}},{"type":"Feature","id":1345,"geometry":{"type":"LineString","coordinates":[[-83.723863,42.29406],[-83.723835,42.294034]]},"properties":{"OBJECTID":1345,"Width":null,"Slope":null,"RampType":"Perp","DetectableWarning":"No","Condition":"Fair","GlobalID":"{15F86E9F-800E-4EA7-9AB7-A9D64DA6EA00}"}},{"type":"Feature","id":1346,"geometry":{"type":"LineString","coordinates":[[-83.740748,42.273221],[-83.740747,42.27319]]},"properties":{"OBJECTID":1346,"Width":null,"Slope":null,"RampType":"Par","DetectableWarning":null,"Condition":"Good","GlobalID":"{DCFDAD53-0900-48E9-8F72-9A127AB4BB13}"}},{"type":"Feature","id":1347,"geometry":{"type":"LineString","coordinates":[[-83.740799,42.273239],[-83.740771,42.273239]]},"properties":{"OBJECTID":1347,"Width":null,"Slope":null,"RampType":"Par","DetectableWarning":null,"Condition":"Good","GlobalID":"{D6DCF461-7864-4F32-96BD-9CF3B7DA99E8}"}},{"type":"Feature","id":1348,"geometry":{"type":"LineString","coordinates":[[-83.740748,42.273381],[-83.740747,42.273362]]},"properties":{"OBJECTID":1348,"Width":null,"Slope":null,"RampType":null,"DetectableWarning":null,"Condition":null,"GlobalID":"{7F946796-2D47-4AD4-A434-F115307C9DC2}"}},{"type":"Feature","id":1349,"geometry":{"type":"LineString","coordinates":[[-83.722967,42.294275],[-83.722934,42.294276]]},"properties":{"OBJECTID":1349,"Width":null,"Slope":null,"RampType":"Perp","DetectableWarning":"No","Condition":"Good","GlobalID":"{C1C5B0B9-8263-47E1-AC75-24120ED0550D}"}},{"type":"Feature","id":1350,"geometry":{"type":"LineString","coordinates":[[-83.740782,42.273335],[-83.740802,42.273334]]},"properties":{"OBJECTID":1350,"Width":null,"Slope":null,"RampType":"Par","DetectableWarning":null,"Condition":"Good","GlobalID":"{F4B23D8C-C6AB-423D-BBD5-22A929BED265}"}},{"type":"Feature","id":1351,"geometry":{"type":"LineString","coordinates":[[-83.724602,42.293634],[-83.724681,42.293648]]},"properties":{"OBJECTID":1351,"Width":null,"Slope":null,"RampType":"Perp","DetectableWarning":"No","Condition":"Fair","GlobalID":"{20931AED-592A-40A9-8FC9-ECD92EAF2F99}"}},{"type":"Feature","id":1352,"geometry":{"type":"LineString","coordinates":[[-83.72617,42.294871],[-83.72619,42.29488]]},"properties":{"OBJECTID":1352,"Width":null,"Slope":null,"RampType":"Diag","DetectableWarning":"No","Condition":"Good","GlobalID":"{10B72D04-C634-4FB8-A7F5-63B357D9A476}"}},{"type":"Feature","id":1353,"geometry":{"type":"LineString","coordinates":[[-83.735631,42.273716],[-83.735652,42.273716]]},"properties":{"OBJECTID":1353,"Width":null,"Slope":null,"RampType":"Par","DetectableWarning":null,"Condition":"Good","GlobalID":"{0CD6B81C-7422-4584-B21F-91D0B4415B6A}"}},{"type":"Feature","id":1354,"geometry":{"type":"LineString","coordinates":[[-83.735674,42.273701],[-83.735674,42.273689]]},"properties":{"OBJECTID":1354,"Width":null,"Slope":null,"RampType":"Par","DetectableWarning":null,"Condition":"Very Good","GlobalID":"{B7C98DE1-CD46-4B77-8518-A1BE753A83BC}"}},{"type":"Feature","id":1355,"geometry":{"type":"LineString","coordinates":[[-83.734661,42.273794],[-83.73469,42.273793]]},"properties":{"OBJECTID":1355,"Width":null,"Slope":null,"RampType":"Par","DetectableWarning":"Yes","Condition":"Very Good","GlobalID":"{750A8D70-3067-48CF-B708-70DB6B04587E}"}},{"type":"Feature","id":1356,"geometry":{"type":"LineString","coordinates":[[-83.734681,42.273723],[-83.734654,42.273722]]},"properties":{"OBJECTID":1356,"Width":null,"Slope":null,"RampType":"Par","DetectableWarning":null,"Condition":"Good","GlobalID":"{73565AE3-012D-460E-B517-AF3601A651C6}"}},{"type":"Feature","id":1357,"geometry":{"type":"LineString","coordinates":[[-83.73464,42.273709],[-83.734636,42.273696]]},"properties":{"OBJECTID":1357,"Width":null,"Slope":null,"RampType":"Par","DetectableWarning":null,"Condition":"Good","GlobalID":"{E1CB0787-C5EC-47B8-B6B8-5463E118E96A}"}},{"type":"Feature","id":1358,"geometry":{"type":"LineString","coordinates":[[-83.734602,42.272191],[-83.734603,42.272173]]},"properties":{"OBJECTID":1358,"Width":null,"Slope":null,"RampType":"Par","DetectableWarning":null,"Condition":null,"GlobalID":"{12132CD1-3E6A-4617-A54C-8F0D77FF655D}"}},{"type":"Feature","id":1359,"geometry":{"type":"LineString","coordinates":[[-83.734656,42.272143],[-83.73463,42.272144]]},"properties":{"OBJECTID":1359,"Width":null,"Slope":null,"RampType":"Par","DetectableWarning":null,"Condition":null,"GlobalID":"{A8C29577-4E3D-4BBB-BB0D-F95F52E8C3EA}"}},{"type":"Feature","id":1360,"geometry":{"type":"LineString","coordinates":[[-83.735598,42.272107],[-83.735624,42.272107]]},"properties":{"OBJECTID":1360,"Width":null,"Slope":null,"RampType":"Par","DetectableWarning":null,"Condition":null,"GlobalID":"{5F529F04-5F66-4C19-ACB3-22C401815EE9}"}},{"type":"Feature","id":1361,"geometry":{"type":"LineString","coordinates":[[-83.735638,42.272132],[-83.735639,42.272118]]},"properties":{"OBJECTID":1361,"Width":null,"Slope":null,"RampType":null,"DetectableWarning":null,"Condition":null,"GlobalID":"{190E7B40-FC0B-48CF-80F3-E5B0E3D86E89}"}},{"type":"Feature","id":1362,"geometry":{"type":"LineString","coordinates":[[-83.744067,42.274201],[-83.74402,42.2742]]},"properties":{"OBJECTID":1362,"Width":null,"Slope":null,"RampType":"Diag","DetectableWarning":"No","Condition":"Very Good","GlobalID":"{4B35A644-D624-409F-B530-9CA3E5DAAAE4}"}},{"type":"Feature","id":1363,"geometry":{"type":"LineString","coordinates":[[-83.744236,42.274336],[-83.744251,42.274365]]},"properties":{"OBJECTID":1363,"Width":null,"Slope":null,"RampType":"Diag","DetectableWarning":"No","Condition":"Good","GlobalID":"{28F03F2A-B4F4-43B7-9053-2ADFEB3E5AAF}"}},{"type":"Feature","id":1364,"geometry":{"type":"LineString","coordinates":[[-83.740748,42.273381],[-83.740747,42.273362]]},"properties":{"OBJECTID":1364,"Width":null,"Slope":null,"RampType":null,"DetectableWarning":null,"Condition":null,"GlobalID":"{C15C44D0-F222-4679-BD8C-B4317FCCE21D}"}},{"type":"Feature","id":1365,"geometry":{"type":"LineString","coordinates":[[-83.740748,42.273381],[-83.740747,42.273362]]},"properties":{"OBJECTID":1365,"Width":null,"Slope":null,"RampType":null,"DetectableWarning":null,"Condition":null,"GlobalID":"{3AA0E278-C774-4158-AA5A-9FA02C04D92A}"}},{"type":"Feature","id":1366,"geometry":{"type":"LineString","coordinates":[[-83.745068,42.269128],[-83.745054,42.26911]]},"properties":{"OBJECTID":1366,"Width":null,"Slope":null,"RampType":"Par","DetectableWarning":null,"Condition":"Good","GlobalID":"{B399E1BC-8ED9-4265-981C-165A8458447F}"}},{"type":"Feature","id":1367,"geometry":{"type":"LineString","coordinates":[[-83.744919,42.269067],[-83.744943,42.269069]]},"properties":{"OBJECTID":1367,"Width":null,"Slope":null,"RampType":"Comb","DetectableWarning":null,"Condition":"Good","GlobalID":"{D25C7771-BA98-4AD5-A580-6E9501C70E6A}"}},{"type":"Feature","id":1368,"geometry":{"type":"LineString","coordinates":[[-83.743537,42.268251],[-83.743582,42.268251]]},"properties":{"OBJECTID":1368,"Width":null,"Slope":null,"RampType":null,"DetectableWarning":null,"Condition":"Good","GlobalID":"{B039107B-1EB8-47C1-B9C3-CF78DCB9D5A2}"}},{"type":"Feature","id":1369,"geometry":{"type":"LineString","coordinates":[[-83.743653,42.268237],[-83.743679,42.268231]]},"properties":{"OBJECTID":1369,"Width":null,"Slope":null,"RampType":"Par","DetectableWarning":null,"Condition":"Good","GlobalID":"{BAEB7E47-E7D3-4ED4-B7F8-A3FD9C450136}"}},{"type":"Feature","id":1370,"geometry":{"type":"LineString","coordinates":[[-83.743554,42.268328],[-83.743501,42.26833]]},"properties":{"OBJECTID":1370,"Width":null,"Slope":null,"RampType":"Par","DetectableWarning":null,"Condition":"Good","GlobalID":"{15554C94-4223-4300-84E1-B0AA88157361}"}},{"type":"Feature","id":1371,"geometry":{"type":"LineString","coordinates":[[-83.720739,42.294108],[-83.72074,42.29408]]},"properties":{"OBJECTID":1371,"Width":null,"Slope":null,"RampType":"Par","DetectableWarning":null,"Condition":"Good","GlobalID":"{02E0279A-33B5-44F5-B674-3E4298AC8C81}"}},{"type":"Feature","id":1372,"geometry":{"type":"LineString","coordinates":[[-83.720644,42.294105],[-83.720646,42.294074]]},"properties":{"OBJECTID":1372,"Width":null,"Slope":null,"RampType":"Comb","DetectableWarning":null,"Condition":"Good","GlobalID":"{14413FD5-917C-48A0-96D6-FF9E04C6A6B8}"}},{"type":"Feature","id":1373,"geometry":{"type":"LineString","coordinates":[[-83.719288,42.293702],[-83.719258,42.293703]]},"properties":{"OBJECTID":1373,"Width":null,"Slope":null,"RampType":"Par","DetectableWarning":null,"Condition":"Good","GlobalID":"{10868B86-659B-4F4A-8174-A42000EB30BB}"}},{"type":"Feature","id":1374,"geometry":{"type":"LineString","coordinates":[[-83.719273,42.293652],[-83.719296,42.293652]]},"properties":{"OBJECTID":1374,"Width":null,"Slope":null,"RampType":"Diag","DetectableWarning":null,"Condition":"Good","GlobalID":"{B9AF0ECD-D796-4FE5-973D-32C0DED56D31}"}},{"type":"Feature","id":1375,"geometry":{"type":"LineString","coordinates":[[-83.722165,42.294529],[-83.722109,42.294532]]},"properties":{"OBJECTID":1375,"Width":null,"Slope":null,"RampType":"Perp","DetectableWarning":null,"Condition":"Good","GlobalID":"{ADE53EBF-533C-4902-9831-084EAC2005A4}"}},{"type":"Feature","id":1376,"geometry":{"type":"LineString","coordinates":[[-83.722179,42.294616],[-83.722109,42.294619]]},"properties":{"OBJECTID":1376,"Width":null,"Slope":null,"RampType":"Perp","DetectableWarning":null,"Condition":"Good","GlobalID":"{197FC6DB-1274-43A2-B735-2227B32CDA47}"}},{"type":"Feature","id":1377,"geometry":{"type":"LineString","coordinates":[[-83.72074,42.293469],[-83.720709,42.29346]]},"properties":{"OBJECTID":1377,"Width":null,"Slope":null,"RampType":"Comb","DetectableWarning":null,"Condition":"Good","GlobalID":"{2A3D7371-678B-451F-A881-5D99FEEB811B}"}},{"type":"Feature","id":1378,"geometry":{"type":"LineString","coordinates":[[-83.721972,42.294645],[-83.721974,42.29463]]},"properties":{"OBJECTID":1378,"Width":null,"Slope":null,"RampType":"Par","DetectableWarning":null,"Condition":"Fair","GlobalID":"{6AECCCEA-1011-43C6-81DB-4E17F7013A30}"}},{"type":"Feature","id":1379,"geometry":{"type":"LineString","coordinates":[[-83.721837,42.294651],[-83.721831,42.294627]]},"properties":{"OBJECTID":1379,"Width":null,"Slope":null,"RampType":"Par","DetectableWarning":null,"Condition":"Fair","GlobalID":"{993B2E49-120B-41EA-83C2-898B33F1F4E9}"}},{"type":"Feature","id":1380,"geometry":{"type":"LineString","coordinates":[[-83.709461,42.297298],[-83.709445,42.297274]]},"properties":{"OBJECTID":1380,"Width":null,"Slope":null,"RampType":null,"DetectableWarning":null,"Condition":"Fair","GlobalID":"{B4919179-750E-4E81-965F-523F8B1E67B4}"}},{"type":"Feature","id":1381,"geometry":{"type":"LineString","coordinates":[[-83.709584,42.297232],[-83.709567,42.29721]]},"properties":{"OBJECTID":1381,"Width":null,"Slope":null,"RampType":"Perp","DetectableWarning":"No","Condition":"Good","GlobalID":"{88CC0105-C1CA-4CA2-856C-E6CEDB246597}"}},{"type":"Feature","id":1382,"geometry":{"type":"LineString","coordinates":[[-83.709159,42.296432],[-83.70914,42.29643]]},"properties":{"OBJECTID":1382,"Width":null,"Slope":null,"RampType":"Perp","DetectableWarning":"No","Condition":"Good","GlobalID":"{A34BF274-D792-42F1-99CF-B84931FD2BD3}"}},{"type":"Feature","id":1383,"geometry":{"type":"LineString","coordinates":[[-83.709157,42.296358],[-83.709178,42.296359]]},"properties":{"OBJECTID":1383,"Width":null,"Slope":null,"RampType":"Perp","DetectableWarning":"No","Condition":"Good","GlobalID":"{35FD013D-1ECB-4A82-8168-350856488B6E}"}},{"type":"Feature","id":1384,"geometry":{"type":"LineString","coordinates":[[-83.740738,42.261785],[-83.740735,42.261809]]},"properties":{"OBJECTID":1384,"Width":8,"Slope":10,"RampType":"Perp","DetectableWarning":"Yes","Condition":"Good","GlobalID":"{98A60CA3-E76B-452D-9853-382EADAAA3D7}"}},{"type":"Feature","id":1385,"geometry":{"type":"LineString","coordinates":[[-83.740503,42.261603],[-83.740505,42.261634]]},"properties":{"OBJECTID":1385,"Width":4,"Slope":5,"RampType":"Perp","DetectableWarning":"No","Condition":"Good","GlobalID":"{4894EFC9-A3F7-4CB1-BE9A-91FC25F6CC80}"}},{"type":"Feature","id":1386,"geometry":{"type":"LineString","coordinates":[[-83.740657,42.26406],[-83.740655,42.264092]]},"properties":{"OBJECTID":1386,"Width":5,"Slope":2,"RampType":"Par","DetectableWarning":"No","Condition":"Good","GlobalID":"{64CEC1B5-F317-459D-A6A7-9B61B9AEF536}"}},{"type":"Feature","id":1387,"geometry":{"type":"LineString","coordinates":[[-83.740521,42.262792],[-83.740461,42.262774]]},"properties":{"OBJECTID":1387,"Width":8,"Slope":4.8,"RampType":"Par","DetectableWarning":"Yes","Condition":"Good","GlobalID":"{91F45BF5-D38E-4E90-9A68-08D938D3BFDE}"}},{"type":"Feature","id":1388,"geometry":{"type":"LineString","coordinates":[[-83.740647,42.264484],[-83.740643,42.264514]]},"properties":{"OBJECTID":1388,"Width":6,"Slope":5.5,"RampType":"Perp","DetectableWarning":"No","Condition":"Good","GlobalID":"{A64CA177-2B62-46C9-ADD0-7EDE8C9FB088}"}},{"type":"Feature","id":1389,"geometry":{"type":"LineString","coordinates":[[-83.740645,42.264568],[-83.740643,42.264599]]},"properties":{"OBJECTID":1389,"Width":6,"Slope":7.2,"RampType":"Perp","DetectableWarning":"No","Condition":"Good","GlobalID":"{BB06E055-9511-41F4-972F-FA72B5911B90}"}},{"type":"Feature","id":1390,"geometry":{"type":"LineString","coordinates":[[-83.740561,42.264216],[-83.740509,42.264215]]},"properties":{"OBJECTID":1390,"Width":6,"Slope":6,"RampType":"Par","DetectableWarning":"Yes","Condition":"Good","GlobalID":"{B582FA3F-7247-4C65-A3A0-C814E116D5E0}"}},{"type":"Feature","id":1391,"geometry":{"type":"LineString","coordinates":[[-83.743651,42.266665],[-83.743719,42.26665]]},"properties":{"OBJECTID":1391,"Width":null,"Slope":null,"RampType":null,"DetectableWarning":null,"Condition":null,"GlobalID":"{2FEE74A8-EB46-4F13-9AA1-5010C1AC55D2}"}},{"type":"Feature","id":1392,"geometry":{"type":"LineString","coordinates":[[-83.743685,42.266542],[-83.743725,42.266526]]},"properties":{"OBJECTID":1392,"Width":null,"Slope":null,"RampType":null,"DetectableWarning":null,"Condition":null,"GlobalID":"{CDACD408-DB75-4144-B4B2-B9C32A98527C}"}},{"type":"Feature","id":1393,"geometry":{"type":"LineString","coordinates":[[-83.750203,42.268535],[-83.750149,42.268533]]},"properties":{"OBJECTID":1393,"Width":5,"Slope":2.2,"RampType":"Par","DetectableWarning":"Yes","Condition":"Good","GlobalID":"{EBA7537C-21E5-46D1-B5FD-936BEC72FDF3}"}},{"type":"Feature","id":1394,"geometry":{"type":"LineString","coordinates":[[-83.750153,42.26861],[-83.750154,42.268664]]},"properties":{"OBJECTID":1394,"Width":4,"Slope":0.3,"RampType":"Perp","DetectableWarning":"Yes","Condition":"Poor","GlobalID":"{0C6A258E-80BF-4C49-B68C-84844469C95C}"}},{"type":"Feature","id":1395,"geometry":{"type":"LineString","coordinates":[[-83.750051,42.26782],[-83.75002,42.267841]]},"properties":{"OBJECTID":1395,"Width":5,"Slope":7.5,"RampType":"Diag","DetectableWarning":"No","Condition":"Good","GlobalID":"{41EB1C85-F8B9-4365-AB52-A40F2BC1E6B6}"}},{"type":"Feature","id":1396,"geometry":{"type":"LineString","coordinates":[[-83.750146,42.267734],[-83.750145,42.267715]]},"properties":{"OBJECTID":1396,"Width":4,"Slope":5.8,"RampType":null,"DetectableWarning":"Yes","Condition":"Good","GlobalID":"{8B52FA0B-5575-4E08-A76C-71942EB249E1}"}},{"type":"Feature","id":1397,"geometry":{"type":"LineString","coordinates":[[-83.749666,42.267808],[-83.74967,42.267785]]},"properties":{"OBJECTID":1397,"Width":4,"Slope":0.5,"RampType":"Perp","DetectableWarning":"No","Condition":"Good","GlobalID":"{00FAC0FA-1820-4FAA-B8DE-66E61369FCD5}"}},{"type":"Feature","id":1398,"geometry":{"type":"LineString","coordinates":[[-83.749191,42.267753],[-83.74912,42.267754]]},"properties":{"OBJECTID":1398,"Width":5,"Slope":7.2,"RampType":"Perp","DetectableWarning":"Yes","Condition":"Fair","GlobalID":"{E7D670FB-DD69-4056-BBF3-104DA0C558DC}"}},{"type":"Feature","id":1399,"geometry":{"type":"LineString","coordinates":[[-83.749041,42.267754],[-83.749004,42.267754]]},"properties":{"OBJECTID":1399,"Width":5,"Slope":3.5,"RampType":"Perp","DetectableWarning":"Yes","Condition":"Fair","GlobalID":"{C1410AE1-C305-4E05-BE31-6BE51D4230E4}"}},{"type":"Feature","id":1400,"geometry":{"type":"LineString","coordinates":[[-83.748637,42.267765],[-83.748605,42.267767]]},"properties":{"OBJECTID":1400,"Width":8,"Slope":1.4,"RampType":"Perp","DetectableWarning":"No","Condition":"Good","GlobalID":"{01BF5A93-8117-48D8-94D3-DAD13A6C4214}"}},{"type":"Feature","id":1401,"geometry":{"type":"LineString","coordinates":[[-83.747566,42.267942],[-83.747561,42.267967]]},"properties":{"OBJECTID":1401,"Width":7,"Slope":12.9,"RampType":"Perp","DetectableWarning":"No","Condition":"Very Good","GlobalID":"{2288117D-1453-4496-A4B4-7E1FE5426FC9}"}},{"type":"Feature","id":1402,"geometry":{"type":"LineString","coordinates":[[-83.750177,42.267612],[-83.750152,42.267581]]},"properties":{"OBJECTID":1402,"Width":null,"Slope":1.8,"RampType":"Diag","DetectableWarning":"No","Condition":"Good","GlobalID":"{151CC7D9-E860-469A-A70D-42CD7E377826}"}},{"type":"Feature","id":1403,"geometry":{"type":"LineString","coordinates":[[-83.750008,42.264353],[-83.750016,42.264305]]},"properties":{"OBJECTID":1403,"Width":10,"Slope":6,"RampType":"Perp","DetectableWarning":"Yes","Condition":"Good","GlobalID":"{F00CB267-679F-4AB7-8A0A-BEBCC95F2FC1}"}},{"type":"Feature","id":1404,"geometry":{"type":"LineString","coordinates":[[-83.75008,42.264407],[-83.750133,42.264403]]},"properties":{"OBJECTID":1404,"Width":10,"Slope":5,"RampType":"Perp","DetectableWarning":"Yes","Condition":"Good","GlobalID":"{08108EA7-0116-4E25-A5B7-9F8DEF000277}"}},{"type":"Feature","id":1405,"geometry":{"type":"LineString","coordinates":[[-83.747173,42.264336],[-83.747177,42.264303]]},"properties":{"OBJECTID":1405,"Width":null,"Slope":8.1,"RampType":"Perp","DetectableWarning":"Yes","Condition":"Good","GlobalID":"{EA8D435E-20F3-491A-8E21-80C383B8CD83}"}},{"type":"Feature","id":1406,"geometry":{"type":"LineString","coordinates":[[-83.746775,42.264393],[-83.746779,42.264365]]},"properties":{"OBJECTID":1406,"Width":null,"Slope":4.1,"RampType":"Perp","DetectableWarning":"Yes","Condition":"Good","GlobalID":"{C57AAEF8-CDE1-49B8-ACD0-655AF50C1925}"}},{"type":"Feature","id":1407,"geometry":{"type":"LineString","coordinates":[[-83.745174,42.264446],[-83.745173,42.264407]]},"properties":{"OBJECTID":1407,"Width":5,"Slope":6.6,"RampType":"Par","DetectableWarning":"Yes","Condition":"Good","GlobalID":"{2EC0E14B-1975-443A-BCBD-6790463A5EDB}"}},{"type":"Feature","id":1408,"geometry":{"type":"LineString","coordinates":[[-83.744905,42.264504],[-83.744872,42.264519]]},"properties":{"OBJECTID":1408,"Width":5,"Slope":5.9,"RampType":"Perp","DetectableWarning":"No","Condition":"Good","GlobalID":"{38F275AB-1520-492F-8312-184CF6D5D49D}"}},{"type":"Feature","id":1409,"geometry":{"type":"LineString","coordinates":[[-83.745026,42.264498],[-83.745026,42.264524]]},"properties":{"OBJECTID":1409,"Width":null,"Slope":5.4,"RampType":"Par","DetectableWarning":"No","Condition":"Good","GlobalID":"{5959FB26-AA1D-4432-9142-9369E03BD1A6}"}},{"type":"Feature","id":1410,"geometry":{"type":"LineString","coordinates":[[-83.745344,42.264873],[-83.745389,42.264871]]},"properties":{"OBJECTID":1410,"Width":5,"Slope":7.4,"RampType":"Par","DetectableWarning":"No","Condition":"Good","GlobalID":"{BD98CA8E-54E6-422E-90B8-21E8242082AB}"}},{"type":"Feature","id":1411,"geometry":{"type":"LineString","coordinates":[[-83.741007,42.252229],[-83.741007,42.252225]]},"properties":{"OBJECTID":1411,"Width":null,"Slope":null,"RampType":null,"DetectableWarning":null,"Condition":"Excellent","GlobalID":"{450A7F65-BEF1-414B-BE16-70593069BE86}"}},{"type":"Feature","id":1412,"geometry":{"type":"LineString","coordinates":[[-83.742461,42.252359],[-83.742483,42.252362]]},"properties":{"OBJECTID":1412,"Width":null,"Slope":null,"RampType":"Par","DetectableWarning":null,"Condition":"Excellent","GlobalID":"{FCEF2934-30C0-455B-993F-F0631044C40E}"}},{"type":"Feature","id":1413,"geometry":{"type":"LineString","coordinates":[[-83.742503,42.250115],[-83.742503,42.250101]]},"properties":{"OBJECTID":1413,"Width":null,"Slope":null,"RampType":"Perp","DetectableWarning":null,"Condition":"Excellent","GlobalID":"{A428E8F6-C189-41CB-B311-120DBF43B8EF}"}},{"type":"Feature","id":1414,"geometry":{"type":"LineString","coordinates":[[-83.742409,42.25012],[-83.742408,42.250105]]},"properties":{"OBJECTID":1414,"Width":null,"Slope":null,"RampType":"Perp","DetectableWarning":"No","Condition":"Excellent","GlobalID":"{6A086C53-C15F-4AE2-B4E5-671C1CD7B61E}"}},{"type":"Feature","id":1415,"geometry":{"type":"LineString","coordinates":[[-83.742718,42.253028],[-83.742717,42.253012]]},"properties":{"OBJECTID":1415,"Width":null,"Slope":null,"RampType":"Comb","DetectableWarning":"No","Condition":"Excellent","GlobalID":"{39B7CD12-A09B-48AD-BC5E-5A8FE9551B36}"}},{"type":"Feature","id":1416,"geometry":{"type":"LineString","coordinates":[[-83.742606,42.253029],[-83.742606,42.253015]]},"properties":{"OBJECTID":1416,"Width":null,"Slope":null,"RampType":"Perp","DetectableWarning":null,"Condition":"Excellent","GlobalID":"{386BA24C-C4EB-44B0-A36F-ED1F9135A426}"}},{"type":"Feature","id":1417,"geometry":{"type":"LineString","coordinates":[[-83.743761,42.252504],[-83.743762,42.252483]]},"properties":{"OBJECTID":1417,"Width":null,"Slope":null,"RampType":"Par","DetectableWarning":"Yes","Condition":"Excellent","GlobalID":"{8769EA4E-CE45-4330-A2A0-E705DC0ED560}"}},{"type":"Feature","id":1418,"geometry":{"type":"LineString","coordinates":[[-83.743856,42.252505],[-83.743856,42.252493]]},"properties":{"OBJECTID":1418,"Width":null,"Slope":null,"RampType":"Par","DetectableWarning":"Yes","Condition":"Excellent","GlobalID":"{23710777-7C75-4692-84F6-3D76977785FC}"}},{"type":"Feature","id":1419,"geometry":{"type":"LineString","coordinates":[[-83.740091,42.248737],[-83.74009,42.248718]]},"properties":{"OBJECTID":1419,"Width":null,"Slope":null,"RampType":"Perp","DetectableWarning":"No","Condition":"Excellent","GlobalID":"{4DB10FF5-788B-4A8C-A19D-DF2858993C32}"}},{"type":"Feature","id":1420,"geometry":{"type":"LineString","coordinates":[[-83.740218,42.248645],[-83.740241,42.248647]]},"properties":{"OBJECTID":1420,"Width":null,"Slope":null,"RampType":"Par","DetectableWarning":null,"Condition":"Good","GlobalID":"{89EC0373-D052-43CE-9FC3-3DF1CB47A704}"}},{"type":"Feature","id":1421,"geometry":{"type":"LineString","coordinates":[[-83.747007,42.266401],[-83.746946,42.266422]]},"properties":{"OBJECTID":1421,"Width":null,"Slope":3.2,"RampType":"Diag","DetectableWarning":"No","Condition":"Good","GlobalID":"{57AA885C-CCB5-4DA7-B021-AF337722FD3F}"}},{"type":"Feature","id":1422,"geometry":{"type":"LineString","coordinates":[[-83.740238,42.248544],[-83.740219,42.248545]]},"properties":{"OBJECTID":1422,"Width":null,"Slope":null,"RampType":"Par","DetectableWarning":"No","Condition":"Excellent","GlobalID":"{E8A6960B-4F14-45CD-9012-D8DB9500D786}"}},{"type":"Feature","id":1423,"geometry":{"type":"LineString","coordinates":[[-83.739847,42.249007],[-83.739845,42.248985]]},"properties":{"OBJECTID":1423,"Width":null,"Slope":null,"RampType":null,"DetectableWarning":null,"Condition":null,"GlobalID":"{9F459DE1-A31A-4971-9477-2ECBDA89F33E}"}},{"type":"Feature","id":1424,"geometry":{"type":"LineString","coordinates":[[-83.739936,42.249005],[-83.739934,42.248992]]},"properties":{"OBJECTID":1424,"Width":null,"Slope":null,"RampType":null,"DetectableWarning":null,"Condition":null,"GlobalID":"{5B88172F-81AF-45CF-8FEB-E054ED4427AA}"}},{"type":"Feature","id":1425,"geometry":{"type":"LineString","coordinates":[[-83.742654,42.25256],[-83.742634,42.252561]]},"properties":{"OBJECTID":1425,"Width":null,"Slope":null,"RampType":"Par","DetectableWarning":"No","Condition":"Excellent","GlobalID":"{E04A4ABA-FEFE-4B43-9E5A-2B0039905CF6}"}},{"type":"Feature","id":1426,"geometry":{"type":"LineString","coordinates":[[-83.742651,42.252638],[-83.742667,42.252634]]},"properties":{"OBJECTID":1426,"Width":null,"Slope":null,"RampType":"Par","DetectableWarning":null,"Condition":"Very Good","GlobalID":"{BEAE59EC-B0DE-47C8-88E6-ACE9D4ECA08B}"}},{"type":"Feature","id":1427,"geometry":{"type":"LineString","coordinates":[[-83.742683,42.252726],[-83.742671,42.252727]]},"properties":{"OBJECTID":1427,"Width":null,"Slope":null,"RampType":"Par","DetectableWarning":null,"Condition":"Very Good","GlobalID":"{BD7D5A1D-D1A2-47B1-8849-33CB6985D757}"}},{"type":"Feature","id":1428,"geometry":{"type":"LineString","coordinates":[[-83.742681,42.252806],[-83.742692,42.252803]]},"properties":{"OBJECTID":1428,"Width":null,"Slope":null,"RampType":"Par","DetectableWarning":null,"Condition":"Very Good","GlobalID":"{0210D4AB-1083-46BA-9117-F1D282B4F9A8}"}},{"type":"Feature","id":1429,"geometry":{"type":"LineString","coordinates":[[-83.742694,42.252891],[-83.742708,42.252891]]},"properties":{"OBJECTID":1429,"Width":null,"Slope":null,"RampType":"Par","DetectableWarning":"No","Condition":"Very Good","GlobalID":"{EB8A930B-3606-4D52-B94D-C9640AE1DFDA}"}},{"type":"Feature","id":1430,"geometry":{"type":"LineString","coordinates":[[-83.742725,42.252966],[-83.742743,42.252959]]},"properties":{"OBJECTID":1430,"Width":null,"Slope":null,"RampType":"Par","DetectableWarning":"No","Condition":"Very Good","GlobalID":"{88F15B94-EDF3-47D2-8D80-85F904ABD85A}"}},{"type":"Feature","id":1431,"geometry":{"type":"LineString","coordinates":[[-83.742882,42.252958],[-83.74289,42.252958]]},"properties":{"OBJECTID":1431,"Width":null,"Slope":null,"RampType":"Par","DetectableWarning":"No","Condition":"Excellent","GlobalID":"{C09F19A5-3DDA-4958-A31F-7EB2AB8A768D}"}},{"type":"Feature","id":1432,"geometry":{"type":"LineString","coordinates":[[-83.742568,42.251919],[-83.742601,42.251902]]},"properties":{"OBJECTID":1432,"Width":null,"Slope":null,"RampType":null,"DetectableWarning":null,"Condition":null,"GlobalID":"{ED85A230-581C-4B77-8988-CFEBF13832DF}"}},{"type":"Feature","id":1433,"geometry":{"type":"LineString","coordinates":[[-83.742576,42.251817],[-83.742599,42.251825]]},"properties":{"OBJECTID":1433,"Width":null,"Slope":null,"RampType":null,"DetectableWarning":null,"Condition":null,"GlobalID":"{A5354AF3-EFA8-4671-8541-81E2BF6E58EF}"}},{"type":"Feature","id":1434,"geometry":{"type":"LineString","coordinates":[[-83.742567,42.251012],[-83.742592,42.251012]]},"properties":{"OBJECTID":1434,"Width":null,"Slope":null,"RampType":null,"DetectableWarning":null,"Condition":null,"GlobalID":"{ACD1A964-BB7C-4676-BF7D-0FB0225437DB}"}},{"type":"Feature","id":1435,"geometry":{"type":"LineString","coordinates":[[-83.742585,42.250947],[-83.742567,42.250947]]},"properties":{"OBJECTID":1435,"Width":null,"Slope":null,"RampType":null,"DetectableWarning":null,"Condition":null,"GlobalID":"{34EF1324-861D-4511-B057-70DC593AD96C}"}},{"type":"Feature","id":1436,"geometry":{"type":"LineString","coordinates":[[-83.742584,42.252325],[-83.742586,42.252296]]},"properties":{"OBJECTID":1436,"Width":null,"Slope":null,"RampType":"Comb","DetectableWarning":"No","Condition":"Excellent","GlobalID":"{F538F16B-5F1D-494D-92B4-44606E89E53E}"}},{"type":"Feature","id":1437,"geometry":{"type":"LineString","coordinates":[[-83.742458,42.252332],[-83.742479,42.252331]]},"properties":{"OBJECTID":1437,"Width":null,"Slope":null,"RampType":null,"DetectableWarning":null,"Condition":null,"GlobalID":"{32C77B78-D177-49A3-9350-DF11EE0A36D0}"}},{"type":"Feature","id":1438,"geometry":{"type":"LineString","coordinates":[[-83.742488,42.252301],[-83.742486,42.252286]]},"properties":{"OBJECTID":1438,"Width":null,"Slope":null,"RampType":null,"DetectableWarning":null,"Condition":null,"GlobalID":"{6B294A81-5505-4B97-8121-0E0418FC6914}"}},{"type":"Feature","id":1439,"geometry":{"type":"LineString","coordinates":[[-83.742533,42.25289],[-83.742574,42.252898]]},"properties":{"OBJECTID":1439,"Width":null,"Slope":null,"RampType":null,"DetectableWarning":null,"Condition":null,"GlobalID":"{B236A5A5-AE8F-4F16-8E16-C7CA4687D4B0}"}},{"type":"Feature","id":1440,"geometry":{"type":"LineString","coordinates":[[-83.742536,42.252804],[-83.742563,42.252783]]},"properties":{"OBJECTID":1440,"Width":null,"Slope":null,"RampType":null,"DetectableWarning":null,"Condition":null,"GlobalID":"{2339B5F2-945B-43FC-A6EB-330EB7F752C4}"}},{"type":"Feature","id":1441,"geometry":{"type":"LineString","coordinates":[[-83.742519,42.252513],[-83.742516,42.252497]]},"properties":{"OBJECTID":1441,"Width":null,"Slope":null,"RampType":"Perp","DetectableWarning":null,"Condition":"Excellent","GlobalID":"{90AC51E1-049D-4776-81D6-194049693A1B}"}},{"type":"Feature","id":1442,"geometry":{"type":"LineString","coordinates":[[-83.742615,42.252507],[-83.742612,42.252496]]},"properties":{"OBJECTID":1442,"Width":null,"Slope":null,"RampType":"Perp","DetectableWarning":"Yes","Condition":"Excellent","GlobalID":"{B6699311-414C-44EB-B211-163563D57BBC}"}},{"type":"Feature","id":1443,"geometry":{"type":"LineString","coordinates":[[-83.743914,42.266951],[-83.743883,42.266901]]},"properties":{"OBJECTID":1443,"Width":null,"Slope":null,"RampType":null,"DetectableWarning":null,"Condition":null,"GlobalID":"{A00B2E98-96B7-46C1-BD9A-B97A30DC6BAE}"}},{"type":"Feature","id":1444,"geometry":{"type":"LineString","coordinates":[[-83.742886,42.263007],[-83.742847,42.26299]]},"properties":{"OBJECTID":1444,"Width":null,"Slope":null,"RampType":"Comb","DetectableWarning":"No","Condition":"Good","GlobalID":"{94E48BD2-2056-4B73-A32E-04E1071C9604}"}},{"type":"Feature","id":1445,"geometry":{"type":"LineString","coordinates":[[-83.744241,42.263368],[-83.744252,42.26335]]},"properties":{"OBJECTID":1445,"Width":null,"Slope":null,"RampType":null,"DetectableWarning":null,"Condition":null,"GlobalID":"{9E294CA3-C56F-4241-9E39-6BAE2B60E3BB}"}},{"type":"Feature","id":1446,"geometry":{"type":"LineString","coordinates":[[-83.743923,42.263287],[-83.743946,42.263298]]},"properties":{"OBJECTID":1446,"Width":null,"Slope":null,"RampType":null,"DetectableWarning":null,"Condition":null,"GlobalID":"{4F7FBBFB-BBA1-481E-9522-E9180365F618}"}},{"type":"Feature","id":1447,"geometry":{"type":"LineString","coordinates":[[-83.740605,42.266549],[-83.740631,42.266541]]},"properties":{"OBJECTID":1447,"Width":null,"Slope":null,"RampType":null,"DetectableWarning":null,"Condition":null,"GlobalID":"{C56301C8-5248-401C-A299-EFD3BE7274C5}"}},{"type":"Feature","id":1448,"geometry":{"type":"LineString","coordinates":[[-83.740601,42.266458],[-83.740629,42.266462]]},"properties":{"OBJECTID":1448,"Width":null,"Slope":null,"RampType":null,"DetectableWarning":null,"Condition":null,"GlobalID":"{062C6C64-04F3-4FC4-8A0F-85AACB44E9BB}"}},{"type":"Feature","id":1449,"geometry":{"type":"LineString","coordinates":[[-83.741516,42.266497],[-83.741508,42.266455],[-83.741473,42.266415]]},"properties":{"OBJECTID":1449,"Width":null,"Slope":null,"RampType":null,"DetectableWarning":null,"Condition":"Very Good","GlobalID":"{098260DA-AE30-4806-9B5D-0BC0DD1082DA}"}},{"type":"Feature","id":1450,"geometry":{"type":"LineString","coordinates":[[-83.741482,42.267616],[-83.74151,42.267595]]},"properties":{"OBJECTID":1450,"Width":null,"Slope":null,"RampType":null,"DetectableWarning":null,"Condition":null,"GlobalID":"{1749A463-26CD-4782-8B56-7A28E724E37C}"}},{"type":"Feature","id":1451,"geometry":{"type":"LineString","coordinates":[[-83.714261,42.295627],[-83.714262,42.295609]]},"properties":{"OBJECTID":1451,"Width":7,"Slope":9.7,"RampType":"Par","DetectableWarning":"No","Condition":"Good","GlobalID":"{C2825016-6177-43D4-A6FB-2BA1A8459430}"}},{"type":"Feature","id":1452,"geometry":{"type":"LineString","coordinates":[[-83.715132,42.296663],[-83.715129,42.296645]]},"properties":{"OBJECTID":1452,"Width":7,"Slope":1.9,"RampType":"Perp","DetectableWarning":"Yes","Condition":"Good","GlobalID":"{C748B501-3CE0-4D35-ABD7-0EF360FAD0B2}"}},{"type":"Feature","id":1453,"geometry":{"type":"LineString","coordinates":[[-83.728546,42.281494],[-83.728598,42.281482]]},"properties":{"OBJECTID":1453,"Width":null,"Slope":null,"RampType":null,"DetectableWarning":null,"Condition":null,"GlobalID":"{2EC0828F-B5D7-4EEF-8867-31B88664D602}"}},{"type":"Feature","id":1454,"geometry":{"type":"LineString","coordinates":[[-83.728568,42.281336],[-83.728545,42.281336]]},"properties":{"OBJECTID":1454,"Width":null,"Slope":null,"RampType":null,"DetectableWarning":null,"Condition":null,"GlobalID":"{0ADF8EA3-DBDF-4D53-AA4B-6664A9807124}"}},{"type":"Feature","id":1455,"geometry":{"type":"LineString","coordinates":[[-83.713265,42.297531],[-83.713223,42.297529]]},"properties":{"OBJECTID":1455,"Width":5,"Slope":11.3,"RampType":null,"DetectableWarning":"No","Condition":"Fair","GlobalID":"{8E09C862-9854-456B-81F3-EA9B6D49FD61}"}},{"type":"Feature","id":1456,"geometry":{"type":"LineString","coordinates":[[-83.713212,42.297769],[-83.713173,42.297765]]},"properties":{"OBJECTID":1456,"Width":3,"Slope":5.6,"RampType":"Perp","DetectableWarning":"No","Condition":"Fair","GlobalID":"{BBF4FB8F-84B2-4D1C-809A-2F07BED9C21B}"}},{"type":"Feature","id":1457,"geometry":{"type":"LineString","coordinates":[[-83.713083,42.297756],[-83.713064,42.297756]]},"properties":{"OBJECTID":1457,"Width":3,"Slope":5,"RampType":"Perp","DetectableWarning":"No","Condition":"Fair","GlobalID":"{AAC74C94-B913-4DAE-A062-7CB145E80E53}"}},{"type":"Feature","id":1458,"geometry":{"type":"LineString","coordinates":[[-83.712954,42.297756],[-83.712935,42.297756]]},"properties":{"OBJECTID":1458,"Width":3,"Slope":5,"RampType":null,"DetectableWarning":"No","Condition":"Fair","GlobalID":"{2378F80C-B136-4FE5-A1DA-B881A25CB4A5}"}},{"type":"Feature","id":1459,"geometry":{"type":"LineString","coordinates":[[-83.712841,42.297757],[-83.712815,42.297756]]},"properties":{"OBJECTID":1459,"Width":3,"Slope":3.5,"RampType":"Perp","DetectableWarning":"No","Condition":"Fair","GlobalID":"{2916E632-D3C2-434E-957E-BFF0513A379E}"}},{"type":"Feature","id":1460,"geometry":{"type":"LineString","coordinates":[[-83.744343,42.263291],[-83.744341,42.263259]]},"properties":{"OBJECTID":1460,"Width":null,"Slope":null,"RampType":null,"DetectableWarning":null,"Condition":null,"GlobalID":"{D858339B-C411-4ECC-AB4D-336F2BC0C6DA}"}},{"type":"Feature","id":1461,"geometry":{"type":"LineString","coordinates":[[-83.712368,42.297742],[-83.712367,42.297761]]},"properties":{"OBJECTID":1461,"Width":3,"Slope":4.7,"RampType":"Par","DetectableWarning":"No","Condition":"Good","GlobalID":"{869F50FA-AFF9-41F2-AF14-2B790C1102F8}"}},{"type":"Feature","id":1462,"geometry":{"type":"LineString","coordinates":[[-83.712385,42.297826],[-83.712387,42.297846]]},"properties":{"OBJECTID":1462,"Width":3,"Slope":6.7,"RampType":"Par","DetectableWarning":"No","Condition":"Good","GlobalID":"{E4EE8CE3-DFC5-44A2-A5C5-45FA74CA8B60}"}},{"type":"Feature","id":1463,"geometry":{"type":"LineString","coordinates":[[-83.710097,42.300848],[-83.710105,42.300868]]},"properties":{"OBJECTID":1463,"Width":8,"Slope":null,"RampType":null,"DetectableWarning":"No","Condition":"Fair","GlobalID":"{DD6EDDAD-21E3-4B77-A43B-135CEA16474B}"}},{"type":"Feature","id":1464,"geometry":{"type":"LineString","coordinates":[[-83.710361,42.298823],[-83.710344,42.298846]]},"properties":{"OBJECTID":1464,"Width":8,"Slope":7,"RampType":"Perp","DetectableWarning":"No","Condition":"Fair","GlobalID":"{141E0669-CE16-4375-801C-2AAD42AC9B6D}"}},{"type":"Feature","id":1465,"geometry":{"type":"LineString","coordinates":[[-83.709978,42.298717],[-83.709954,42.29874]]},"properties":{"OBJECTID":1465,"Width":8,"Slope":3.1,"RampType":"Other","DetectableWarning":"Yes","Condition":"Good","GlobalID":"{A5D7F7D0-D8BB-4BE9-98BF-F55C9DBBB8FE}"}},{"type":"Feature","id":1466,"geometry":{"type":"LineString","coordinates":[[-83.710576,42.297366],[-83.710589,42.297383]]},"properties":{"OBJECTID":1466,"Width":4,"Slope":5.2,"RampType":null,"DetectableWarning":"No","Condition":"Fair","GlobalID":"{053E2C45-D007-49BF-B49B-587247A94BC8}"}},{"type":"Feature","id":1467,"geometry":{"type":"LineString","coordinates":[[-83.710444,42.297162],[-83.710459,42.297184]]},"properties":{"OBJECTID":1467,"Width":8,"Slope":5.8,"RampType":null,"DetectableWarning":"No","Condition":"Good","GlobalID":"{61D3A522-84C4-4434-9294-94450692854B}"}},{"type":"Feature","id":1468,"geometry":{"type":"LineString","coordinates":[[-83.711402,42.297204],[-83.711455,42.297205]]},"properties":{"OBJECTID":1468,"Width":5,"Slope":9.1,"RampType":"Diag","DetectableWarning":"No","Condition":"Fair","GlobalID":"{CA1B7CA5-3DE2-43D7-854C-CB4ED4108ACD}"}},{"type":"Feature","id":1469,"geometry":{"type":"LineString","coordinates":[[-83.711529,42.29732],[-83.711506,42.297332]]},"properties":{"OBJECTID":1469,"Width":8,"Slope":8.9,"RampType":"Perp","DetectableWarning":"No","Condition":"Good","GlobalID":"{05A8A17C-CEBA-4E99-AC57-99901EE14A3A}"}},{"type":"Feature","id":1470,"geometry":{"type":"LineString","coordinates":[[-83.701152,42.293485],[-83.701152,42.29346]]},"properties":{"OBJECTID":1470,"Width":6,"Slope":8.5,"RampType":"Perp","DetectableWarning":"No","Condition":"Poor","GlobalID":"{9F78447A-9C17-443D-A1B0-EBD0D316535F}"}},{"type":"Feature","id":1471,"geometry":{"type":"LineString","coordinates":[[-83.700924,42.293175],[-83.700926,42.293126]]},"properties":{"OBJECTID":1471,"Width":6,"Slope":4.7,"RampType":"Perp","DetectableWarning":"No","Condition":"Good","GlobalID":"{EF34AFF8-4B86-4BAA-B8CB-D05852E63206}"}},{"type":"Feature","id":1472,"geometry":{"type":"LineString","coordinates":[[-83.700334,42.294113],[-83.700334,42.29413]]},"properties":{"OBJECTID":1472,"Width":6,"Slope":4.8,"RampType":"Perp","DetectableWarning":"No","Condition":"Good","GlobalID":"{665C6DB9-2E0D-4026-AF9A-5C0BCCA3C8B1}"}},{"type":"Feature","id":1473,"geometry":{"type":"LineString","coordinates":[[-83.700332,42.294201],[-83.700334,42.294229]]},"properties":{"OBJECTID":1473,"Width":6,"Slope":8.1,"RampType":"Perp","DetectableWarning":"No","Condition":"Good","GlobalID":"{41C3D62A-D9D9-4FA2-A435-F82B19239911}"}},{"type":"Feature","id":1474,"geometry":{"type":"LineString","coordinates":[[-83.70015,42.294156],[-83.700179,42.294136]]},"properties":{"OBJECTID":1474,"Width":6,"Slope":5.4,"RampType":"Diag","DetectableWarning":"No","Condition":"Very Good","GlobalID":"{184B511E-B11D-49BF-873A-D048BD990C49}"}},{"type":"Feature","id":1475,"geometry":{"type":"LineString","coordinates":[[-83.699588,42.294085],[-83.699556,42.294068]]},"properties":{"OBJECTID":1475,"Width":6,"Slope":3,"RampType":"Perp","DetectableWarning":"No","Condition":"Fair","GlobalID":"{7A0E039D-8E5B-4306-8BD7-3FFAC7802256}"}},{"type":"Feature","id":1476,"geometry":{"type":"LineString","coordinates":[[-83.700329,42.294274],[-83.700327,42.294297]]},"properties":{"OBJECTID":1476,"Width":6,"Slope":1.3,"RampType":"Perp","DetectableWarning":"No","Condition":"Poor","GlobalID":"{125BC25A-32A3-41CD-80BE-A37426480387}"}},{"type":"Feature","id":1477,"geometry":{"type":"LineString","coordinates":[[-83.700368,42.294978],[-83.700351,42.294982]]},"properties":{"OBJECTID":1477,"Width":4,"Slope":3.4,"RampType":"Par","DetectableWarning":"No","Condition":"Fair","GlobalID":"{6CA3B099-0422-41C6-BEB5-777526824AA5}"}},{"type":"Feature","id":1478,"geometry":{"type":"LineString","coordinates":[[-83.700193,42.29497],[-83.700223,42.29498]]},"properties":{"OBJECTID":1478,"Width":4,"Slope":7.3,"RampType":"Par","DetectableWarning":"No","Condition":"Fair","GlobalID":"{2187E2CF-7FC6-4E37-91DC-176B8E918DBD}"}},{"type":"Feature","id":1479,"geometry":{"type":"LineString","coordinates":[[-83.71452,42.298053],[-83.7145,42.298029]]},"properties":{"OBJECTID":1479,"Width":9,"Slope":5.4,"RampType":null,"DetectableWarning":"Yes","Condition":"Fair","GlobalID":"{01A9088C-A2BD-4259-AC45-DBCEEB5433D4}"}},{"type":"Feature","id":1480,"geometry":{"type":"LineString","coordinates":[[-83.712267,42.296132],[-83.7123,42.296111]]},"properties":{"OBJECTID":1480,"Width":null,"Slope":null,"RampType":"Par","DetectableWarning":null,"Condition":"Good","GlobalID":"{170FE46E-5CBC-4165-B57C-9D8A60F16189}"}},{"type":"Feature","id":1481,"geometry":{"type":"LineString","coordinates":[[-83.715215,42.296553],[-83.715205,42.296516]]},"properties":{"OBJECTID":1481,"Width":null,"Slope":null,"RampType":null,"DetectableWarning":null,"Condition":null,"GlobalID":"{EB00FE9E-8E0A-4629-A26D-5DF427007454}"}},{"type":"Feature","id":1482,"geometry":{"type":"LineString","coordinates":[[-83.715126,42.296557],[-83.715115,42.296519]]},"properties":{"OBJECTID":1482,"Width":null,"Slope":null,"RampType":null,"DetectableWarning":null,"Condition":null,"GlobalID":"{7EC9D896-A284-47E4-A7AD-60BA9CEB4EC6}"}},{"type":"Feature","id":1483,"geometry":{"type":"LineString","coordinates":[[-83.699538,42.292992],[-83.699568,42.292987]]},"properties":{"OBJECTID":1483,"Width":8,"Slope":8.6,"RampType":"Perp","DetectableWarning":"No","Condition":"Fair","GlobalID":"{F1505E59-B594-4E8C-9D8F-9372FA9E7224}"}},{"type":"Feature","id":1484,"geometry":{"type":"LineString","coordinates":[[-83.700221,42.293201],[-83.700202,42.293185]]},"properties":{"OBJECTID":1484,"Width":8,"Slope":7.9,"RampType":"Perp","DetectableWarning":"No","Condition":"Fair","GlobalID":"{66806624-7A32-4BBA-BABE-7E49D531E7F4}"}},{"type":"Feature","id":1485,"geometry":{"type":"LineString","coordinates":[[-83.700263,42.293251],[-83.70027,42.29327]]},"properties":{"OBJECTID":1485,"Width":8,"Slope":7.7,"RampType":"Perp","DetectableWarning":"No","Condition":"Fair","GlobalID":"{D009CA6B-AE4D-46C0-89BC-3B74E3775848}"}},{"type":"Feature","id":1486,"geometry":{"type":"LineString","coordinates":[[-83.700316,42.293375],[-83.70031,42.293354]]},"properties":{"OBJECTID":1486,"Width":8,"Slope":5.1,"RampType":"Perp","DetectableWarning":"No","Condition":"Fair","GlobalID":"{9F8DCA31-EAD4-4ACF-848F-F89E8137C467}"}},{"type":"Feature","id":1487,"geometry":{"type":"LineString","coordinates":[[-83.700328,42.293425],[-83.700329,42.293445]]},"properties":{"OBJECTID":1487,"Width":8,"Slope":12.4,"RampType":"Perp","DetectableWarning":"No","Condition":"Fair","GlobalID":"{F666EE8A-6A20-43EE-B759-6448CB53DEC0}"}},{"type":"Feature","id":1488,"geometry":{"type":"LineString","coordinates":[[-83.700329,42.294039],[-83.700325,42.294059]]},"properties":{"OBJECTID":1488,"Width":8,"Slope":4.5,"RampType":"Perp","DetectableWarning":"No","Condition":"Fair","GlobalID":"{2F72E108-0887-4457-9A67-D6B3A2C7998D}"}},{"type":"Feature","id":1489,"geometry":{"type":"LineString","coordinates":[[-83.701298,42.293407],[-83.701273,42.293408]]},"properties":{"OBJECTID":1489,"Width":null,"Slope":8.1,"RampType":"Par","DetectableWarning":"No","Condition":"Poor","GlobalID":"{32E79239-267C-44E7-B952-5ECC86368DEB}"}},{"type":"Feature","id":1490,"geometry":{"type":"LineString","coordinates":[[-83.699499,42.294031],[-83.699487,42.294023]]},"properties":{"OBJECTID":1490,"Width":8,"Slope":5.9,"RampType":"Perp","DetectableWarning":"No","Condition":"Fair","GlobalID":"{ECEE95F5-920A-4FC1-BA0C-F3E88D71E50E}"}},{"type":"Feature","id":1491,"geometry":{"type":"LineString","coordinates":[[-83.699386,42.293948],[-83.699395,42.293957]]},"properties":{"OBJECTID":1491,"Width":8,"Slope":1.5,"RampType":"Perp","DetectableWarning":"No","Condition":"Fair","GlobalID":"{1FA815E7-8340-4FCB-A364-3113250A4023}"}},{"type":"Feature","id":1492,"geometry":{"type":"LineString","coordinates":[[-83.698944,42.294581],[-83.69896,42.294593]]},"properties":{"OBJECTID":1492,"Width":6,"Slope":4.3,"RampType":"Perp","DetectableWarning":"No","Condition":"Fair","GlobalID":"{A9D038B1-C44B-4C36-A1AC-BBF43285080A}"}},{"type":"Feature","id":1493,"geometry":{"type":"LineString","coordinates":[[-83.699338,42.293914],[-83.699318,42.293901]]},"properties":{"OBJECTID":1493,"Width":8,"Slope":8.8,"RampType":"Perp","DetectableWarning":"No","Condition":"Poor","GlobalID":"{8369CB80-9045-4139-BB5F-6C553982113F}"}},{"type":"Feature","id":1494,"geometry":{"type":"LineString","coordinates":[[-83.699038,42.293597],[-83.69903,42.293579]]},"properties":{"OBJECTID":1494,"Width":8,"Slope":8,"RampType":"Perp","DetectableWarning":"No","Condition":"Fair","GlobalID":"{38CC11E9-690F-4158-8C30-A208AD9A0B2F}"}},{"type":"Feature","id":1495,"geometry":{"type":"LineString","coordinates":[[-83.699019,42.293528],[-83.699017,42.293516]]},"properties":{"OBJECTID":1495,"Width":8,"Slope":6,"RampType":"Perp","DetectableWarning":"No","Condition":"Fair","GlobalID":"{2BD1196D-3B87-4AC4-94CD-85718EC4333C}"}},{"type":"Feature","id":1496,"geometry":{"type":"LineString","coordinates":[[-83.699019,42.293407],[-83.699015,42.29342]]},"properties":{"OBJECTID":1496,"Width":8,"Slope":10.4,"RampType":"Perp","DetectableWarning":"No","Condition":"Fair","GlobalID":"{600E455E-1790-435B-A2FB-3502AFAC4475}"}},{"type":"Feature","id":1497,"geometry":{"type":"LineString","coordinates":[[-83.698563,42.293621],[-83.698565,42.293638]]},"properties":{"OBJECTID":1497,"Width":6,"Slope":5.2,"RampType":"Perp","DetectableWarning":"No","Condition":"Fair","GlobalID":"{1209E680-99C1-4CA8-9099-22817EE7E6CC}"}},{"type":"Feature","id":1498,"geometry":{"type":"LineString","coordinates":[[-83.699029,42.293356],[-83.699039,42.293337]]},"properties":{"OBJECTID":1498,"Width":8,"Slope":7.5,"RampType":"Perp","DetectableWarning":"No","Condition":"Fair","GlobalID":"{49B751A6-D344-4D8E-B7EC-F53083042B9F}"}},{"type":"Feature","id":1499,"geometry":{"type":"LineString","coordinates":[[-83.699274,42.293078],[-83.699254,42.293093]]},"properties":{"OBJECTID":1499,"Width":8,"Slope":12.5,"RampType":"Perp","DetectableWarning":"No","Condition":"Fair","GlobalID":"{A03F3DCB-973A-430C-A507-DDDAC8C341B2}"}},{"type":"Feature","id":1500,"geometry":{"type":"LineString","coordinates":[[-83.699328,42.293054],[-83.699345,42.293045]]},"properties":{"OBJECTID":1500,"Width":8,"Slope":9.2,"RampType":"Perp","DetectableWarning":"No","Condition":"Fair","GlobalID":"{414512A3-6F13-4266-96FE-B0FDB790F78D}"}},{"type":"Feature","id":1501,"geometry":{"type":"LineString","coordinates":[[-83.699472,42.292999],[-83.699451,42.293008]]},"properties":{"OBJECTID":1501,"Width":8,"Slope":10.2,"RampType":"Perp","DetectableWarning":"No","Condition":"Fair","GlobalID":"{AB23F765-0FFC-4835-B197-C268486982F9}"}},{"type":"Feature","id":1502,"geometry":{"type":"LineString","coordinates":[[-83.699164,42.293],[-83.69914,42.293007]]},"properties":{"OBJECTID":1502,"Width":4,"Slope":14.9,"RampType":"Perp","DetectableWarning":"No","Condition":"Fair","GlobalID":"{2EAB6BF8-CB35-4BEF-8419-1C8FE115C88A}"}},{"type":"Feature","id":1503,"geometry":{"type":"LineString","coordinates":[[-83.699275,42.292403],[-83.699254,42.292409]]},"properties":{"OBJECTID":1503,"Width":6,"Slope":4.4,"RampType":"Perp","DetectableWarning":"No","Condition":"Fair","GlobalID":"{41C78A1D-3076-4396-A979-B0453F5C7E51}"}},{"type":"Feature","id":1504,"geometry":{"type":"LineString","coordinates":[[-83.709552,42.298524],[-83.709569,42.298497]]},"properties":{"OBJECTID":1504,"Width":null,"Slope":null,"RampType":null,"DetectableWarning":null,"Condition":null,"GlobalID":"{6094B61D-91D8-4A8B-A6A2-5DC247794248}"}},{"type":"Feature","id":1505,"geometry":{"type":"LineString","coordinates":[[-83.709628,42.298556],[-83.709642,42.298539]]},"properties":{"OBJECTID":1505,"Width":null,"Slope":null,"RampType":null,"DetectableWarning":null,"Condition":null,"GlobalID":"{D753FB5F-1EAC-49DE-A8E9-A9533B0B7AA5}"}},{"type":"Feature","id":1506,"geometry":{"type":"LineString","coordinates":[[-83.742265,42.243203],[-83.742244,42.243204]]},"properties":{"OBJECTID":1506,"Width":8,"Slope":3.7,"RampType":"Perp","DetectableWarning":"No","Condition":"Poor","GlobalID":"{F6747235-5A69-449E-B1CB-1CD5B03D5B0B}"}},{"type":"Feature","id":1507,"geometry":{"type":"LineString","coordinates":[[-83.743428,42.243217],[-83.743444,42.243224]]},"properties":{"OBJECTID":1507,"Width":5,"Slope":9.5,"RampType":"Diag","DetectableWarning":"No","Condition":"Poor","GlobalID":"{D04E7F5A-49F9-49B2-9A8F-2843A2B50FFD}"}},{"type":"Feature","id":1508,"geometry":{"type":"LineString","coordinates":[[-83.74345,42.243334],[-83.743462,42.243323]]},"properties":{"OBJECTID":1508,"Width":3,"Slope":1.6,"RampType":"Diag","DetectableWarning":"No","Condition":"Poor","GlobalID":"{4758DBDB-3905-4803-8BA2-1A6535172DE8}"}},{"type":"Feature","id":1509,"geometry":{"type":"LineString","coordinates":[[-83.743473,42.243574],[-83.743453,42.243575]]},"properties":{"OBJECTID":1509,"Width":8,"Slope":6.6,"RampType":"Perp","DetectableWarning":"Yes","Condition":"Fair","GlobalID":"{66B736F8-17B2-4613-8EC7-CDF0A3703E0E}"}},{"type":"Feature","id":1510,"geometry":{"type":"LineString","coordinates":[[-83.741478,42.243628],[-83.741455,42.243628]]},"properties":{"OBJECTID":1510,"Width":8,"Slope":7.4,"RampType":"Perp","DetectableWarning":"Yes","Condition":"Fair","GlobalID":"{4C7492F8-745F-4CBC-8B11-9B890D8D424B}"}},{"type":"Feature","id":1511,"geometry":{"type":"LineString","coordinates":[[-83.743619,42.242385],[-83.743654,42.242394]]},"properties":{"OBJECTID":1511,"Width":8,"Slope":1,"RampType":"Par","DetectableWarning":"Yes","Condition":"Fair","GlobalID":"{DF0E7CBC-7BFC-429A-A18D-B21DAFC8B2C9}"}},{"type":"Feature","id":1512,"geometry":{"type":"LineString","coordinates":[[-83.742724,42.241863],[-83.742699,42.241849]]},"properties":{"OBJECTID":1512,"Width":8,"Slope":0.3,"RampType":"Par","DetectableWarning":"Yes","Condition":"Good","GlobalID":"{227DE933-9F4D-48A7-9434-F07C12F8E16C}"}},{"type":"Feature","id":1513,"geometry":{"type":"LineString","coordinates":[[-83.741455,42.242678],[-83.741429,42.242675]]},"properties":{"OBJECTID":1513,"Width":8,"Slope":9.8,"RampType":"Par","DetectableWarning":null,"Condition":"Fair","GlobalID":"{8E0D6FF0-E931-470F-A248-14408C4F5E78}"}},{"type":"Feature","id":1514,"geometry":{"type":"LineString","coordinates":[[-83.742156,42.243385],[-83.742143,42.243385]]},"properties":{"OBJECTID":1514,"Width":8,"Slope":null,"RampType":"Perp","DetectableWarning":"Yes","Condition":"Good","GlobalID":"{1DF52481-A2DA-4347-9B43-27AD529504D5}"}},{"type":"Feature","id":1515,"geometry":{"type":"LineString","coordinates":[[-83.742078,42.243451],[-83.742078,42.243435]]},"properties":{"OBJECTID":1515,"Width":8,"Slope":3.3,"RampType":"Perp","DetectableWarning":"Yes","Condition":"Good","GlobalID":"{26EF2AAA-B323-45F5-BDC6-98903CE5A38A}"}},{"type":"Feature","id":1516,"geometry":{"type":"LineString","coordinates":[[-83.741719,42.243449],[-83.741718,42.243434]]},"properties":{"OBJECTID":1516,"Width":8,"Slope":4,"RampType":"Perp","DetectableWarning":"Yes","Condition":"Good","GlobalID":"{8F8EE238-7598-47BB-B4A0-B1D4AB26563D}"}},{"type":"Feature","id":1517,"geometry":{"type":"LineString","coordinates":[[-83.741708,42.242933],[-83.741692,42.242933]]},"properties":{"OBJECTID":1517,"Width":6,"Slope":6.4,"RampType":"Par","DetectableWarning":"Yes","Condition":"Good","GlobalID":"{E2504CCF-BEB1-467D-9526-400DB2DC605D}"}},{"type":"Feature","id":1518,"geometry":{"type":"LineString","coordinates":[[-83.743822,42.24243],[-83.743851,42.242438]]},"properties":{"OBJECTID":1518,"Width":8,"Slope":5.1,"RampType":"Perp","DetectableWarning":"Yes","Condition":"Good","GlobalID":"{A7EE7E48-3BE5-47F0-98D5-4251728EA647}"}},{"type":"Feature","id":1519,"geometry":{"type":"LineString","coordinates":[[-83.743927,42.242418],[-83.743917,42.242433]]},"properties":{"OBJECTID":1519,"Width":6,"Slope":2.5,"RampType":"Perp","DetectableWarning":"Yes","Condition":"Fair","GlobalID":"{75E2E08B-744A-4CA0-915B-AA9B2433B746}"}},{"type":"Feature","id":1520,"geometry":{"type":"LineString","coordinates":[[-83.743782,42.242646],[-83.743774,42.242661]]},"properties":{"OBJECTID":1520,"Width":8,"Slope":1.8,"RampType":"Perp","DetectableWarning":"Yes","Condition":"Fair","GlobalID":"{3D44D8DF-AF03-4E5A-A9EB-F4CE0BD13829}"}},{"type":"Feature","id":1521,"geometry":{"type":"LineString","coordinates":[[-83.743747,42.24274],[-83.743737,42.242756]]},"properties":{"OBJECTID":1521,"Width":8,"Slope":1.3,"RampType":"Perp","DetectableWarning":"No","Condition":"Fair","GlobalID":"{4D1F3886-DB4A-4E08-BF3B-6298BDA5499E}"}},{"type":"Feature","id":1522,"geometry":{"type":"LineString","coordinates":[[-83.743916,42.242965],[-83.743935,42.242965]]},"properties":{"OBJECTID":1522,"Width":5,"Slope":1.9,"RampType":"Perp","DetectableWarning":"No","Condition":"Fair","GlobalID":"{E0EFAD01-0F22-4176-93CD-7F36DC437E2C}"}},{"type":"Feature","id":1523,"geometry":{"type":"LineString","coordinates":[[-83.744441,42.242556],[-83.744461,42.242548]]},"properties":{"OBJECTID":1523,"Width":8,"Slope":1,"RampType":"Diag","DetectableWarning":"Yes","Condition":"Good","GlobalID":"{8CFB7C6F-EDD2-4FC8-A831-8095400F1E85}"}},{"type":"Feature","id":1524,"geometry":{"type":"LineString","coordinates":[[-83.744448,42.242758],[-83.744416,42.24276]]},"properties":{"OBJECTID":1524,"Width":10,"Slope":6.3,"RampType":"Perp","DetectableWarning":"Yes","Condition":"Good","GlobalID":"{92BBCA68-49C8-43A1-9C22-6E930D556E90}"}},{"type":"Feature","id":1525,"geometry":{"type":"LineString","coordinates":[[-83.744416,42.242994],[-83.744416,42.242987]]},"properties":{"OBJECTID":1525,"Width":5,"Slope":2.9,"RampType":"Perp","DetectableWarning":"No","Condition":"Good","GlobalID":"{CFEB8F3F-494A-44A7-A8A9-3FB421774B10}"}},{"type":"Feature","id":1526,"geometry":{"type":"LineString","coordinates":[[-83.744697,42.242607],[-83.744703,42.24262]]},"properties":{"OBJECTID":1526,"Width":8,"Slope":1.1,"RampType":"Diag","DetectableWarning":"Yes","Condition":"Good","GlobalID":"{F5340851-6F93-4617-8691-4C96353EBDD7}"}},{"type":"Feature","id":1527,"geometry":{"type":"LineString","coordinates":[[-83.744585,42.243025],[-83.744599,42.243025]]},"properties":{"OBJECTID":1527,"Width":6,"Slope":11.6,"RampType":"Perp","DetectableWarning":"No","Condition":"Fair","GlobalID":"{892BD930-0CD8-44E9-A8E3-3FC7C2AC0D5B}"}},{"type":"Feature","id":1528,"geometry":{"type":"LineString","coordinates":[[-83.744594,42.243313],[-83.744612,42.243312]]},"properties":{"OBJECTID":1528,"Width":6,"Slope":6.3,"RampType":"Perp","DetectableWarning":"No","Condition":"Good","GlobalID":"{912B07A3-EFFB-4798-AA78-BB6E18BD167B}"}},{"type":"Feature","id":1529,"geometry":{"type":"LineString","coordinates":[[-83.746057,42.242887],[-83.746036,42.242887]]},"properties":{"OBJECTID":1529,"Width":8,"Slope":3.5,"RampType":"Diag","DetectableWarning":"Yes","Condition":"Fair","GlobalID":"{31471840-7BEA-4E86-8F49-D901C8F7C535}"}},{"type":"Feature","id":1530,"geometry":{"type":"LineString","coordinates":[[-83.74564,42.243162],[-83.745663,42.243161]]},"properties":{"OBJECTID":1530,"Width":6,"Slope":4,"RampType":"Perp","DetectableWarning":"No","Condition":"Good","GlobalID":"{DEF27617-922B-40A1-B436-C75F034C1E6F}"}},{"type":"Feature","id":1531,"geometry":{"type":"LineString","coordinates":[[-83.750061,42.242766],[-83.750085,42.24276]]},"properties":{"OBJECTID":1531,"Width":8,"Slope":3,"RampType":"Perp","DetectableWarning":"No","Condition":"Fair","GlobalID":"{D1FD5D80-590A-4B72-8136-B482CDDCD935}"}},{"type":"Feature","id":1532,"geometry":{"type":"LineString","coordinates":[[-83.750577,42.242482],[-83.750564,42.242496]]},"properties":{"OBJECTID":1532,"Width":8,"Slope":5.5,"RampType":"Perp","DetectableWarning":"No","Condition":"Fair","GlobalID":"{0A21FB25-F570-40B6-8D96-76D12605EE11}"}},{"type":"Feature","id":1533,"geometry":{"type":"LineString","coordinates":[[-83.750659,42.242383],[-83.750666,42.242375]]},"properties":{"OBJECTID":1533,"Width":null,"Slope":1.1,"RampType":"Perp","DetectableWarning":"No","Condition":"Poor","GlobalID":"{CBB183EF-DADB-48D3-A939-D3FF3F3A3B46}"}},{"type":"Feature","id":1534,"geometry":{"type":"LineString","coordinates":[[-83.750619,42.242923],[-83.750599,42.242923]]},"properties":{"OBJECTID":1534,"Width":null,"Slope":2.6,"RampType":"Diag","DetectableWarning":"No","Condition":"Very Poor","GlobalID":"{EAF33197-4165-4609-B9C9-1C37115F0E79}"}},{"type":"Feature","id":1535,"geometry":{"type":"LineString","coordinates":[[-83.750811,42.243171],[-83.75079,42.243172]]},"properties":{"OBJECTID":1535,"Width":6,"Slope":0.9,"RampType":"Par","DetectableWarning":"Yes","Condition":"Fair","GlobalID":"{33C04333-4BDC-499D-A220-7AA6F13EF9BD}"}},{"type":"Feature","id":1536,"geometry":{"type":"LineString","coordinates":[[-83.749528,42.243416],[-83.749527,42.243427]]},"properties":{"OBJECTID":1536,"Width":null,"Slope":4.8,"RampType":"Perp","DetectableWarning":"Yes","Condition":"Good","GlobalID":"{B09396C9-4D59-4413-923E-86979FBCEE2C}"}},{"type":"Feature","id":1537,"geometry":{"type":"LineString","coordinates":[[-83.749408,42.24334],[-83.74939,42.243338]]},"properties":{"OBJECTID":1537,"Width":null,"Slope":4.4,"RampType":"Perp","DetectableWarning":"Yes","Condition":"Fair","GlobalID":"{6B900BB1-4C24-4864-95E1-9EAB923C5840}"}},{"type":"Feature","id":1538,"geometry":{"type":"LineString","coordinates":[[-83.74942,42.242825],[-83.749399,42.242815]]},"properties":{"OBJECTID":1538,"Width":8,"Slope":11.7,"RampType":"Diag","DetectableWarning":"No","Condition":"Fair","GlobalID":"{2FA14BD0-8EF9-4690-81E2-70E843C4F73F}"}},{"type":"Feature","id":1539,"geometry":{"type":"LineString","coordinates":[[-83.749949,42.242787],[-83.749937,42.242791]]},"properties":{"OBJECTID":1539,"Width":8,"Slope":4.4,"RampType":"Diag","DetectableWarning":"No","Condition":"Fair","GlobalID":"{2559CCDE-FC0A-4D6D-BA3C-3F9196F804AE}"}},{"type":"Feature","id":1540,"geometry":{"type":"LineString","coordinates":[[-83.749682,42.242987],[-83.749681,42.242973]]},"properties":{"OBJECTID":1540,"Width":4,"Slope":4.8,"RampType":"Perp","DetectableWarning":"No","Condition":"Poor","GlobalID":"{219F1E03-E3BD-4FE9-9A49-0183E1052320}"}},{"type":"Feature","id":1541,"geometry":{"type":"LineString","coordinates":[[-83.672613,42.309262],[-83.672603,42.309249]]},"properties":{"OBJECTID":1541,"Width":8,"Slope":7.7,"RampType":"Par","DetectableWarning":"No","Condition":"Good","GlobalID":"{41506152-8494-416D-9DDB-0447F886914A}"}},{"type":"Feature","id":1542,"geometry":{"type":"LineString","coordinates":[[-83.673065,42.309007],[-83.673084,42.309023]]},"properties":{"OBJECTID":1542,"Width":8,"Slope":6.8,"RampType":"Par","DetectableWarning":"No","Condition":"Good","GlobalID":"{657ACC32-25E7-4142-9892-9BCE32BA5CAB}"}},{"type":"Feature","id":1543,"geometry":{"type":"LineString","coordinates":[[-83.673224,42.309179],[-83.673231,42.309188]]},"properties":{"OBJECTID":1543,"Width":4,"Slope":1.5,"RampType":"Other","DetectableWarning":"No","Condition":"Good","GlobalID":"{35CFD627-0199-4533-95B5-C3644A6FE644}"}},{"type":"Feature","id":1544,"geometry":{"type":"LineString","coordinates":[[-83.673198,42.309238],[-83.673193,42.309249]]},"properties":{"OBJECTID":1544,"Width":4,"Slope":5.3,"RampType":"Other","DetectableWarning":"No","Condition":"Good","GlobalID":"{36219E15-7703-4852-935D-728BCDA97474}"}},{"type":"Feature","id":1545,"geometry":{"type":"LineString","coordinates":[[-83.673318,42.309206],[-83.673306,42.309205]]},"properties":{"OBJECTID":1545,"Width":4,"Slope":3.5,"RampType":"Other","DetectableWarning":"No","Condition":"Good","GlobalID":"{46694435-60D5-4343-9C82-98956005423F}"}},{"type":"Feature","id":1546,"geometry":{"type":"LineString","coordinates":[[-83.673676,42.308951],[-83.673682,42.308962]]},"properties":{"OBJECTID":1546,"Width":8,"Slope":3.5,"RampType":"Par","DetectableWarning":"No","Condition":"Good","GlobalID":"{630A3366-E7DB-40E2-9061-FA7FAC21033C}"}},{"type":"Feature","id":1547,"geometry":{"type":"LineString","coordinates":[[-83.673845,42.308896],[-83.67385,42.308908]]},"properties":{"OBJECTID":1547,"Width":8,"Slope":4.2,"RampType":"Other","DetectableWarning":"No","Condition":"Good","GlobalID":"{1219665C-3604-4319-A405-574BD1FF7ED1}"}},{"type":"Feature","id":1548,"geometry":{"type":"LineString","coordinates":[[-83.674003,42.308741],[-83.674019,42.308721]]},"properties":{"OBJECTID":1548,"Width":8,"Slope":4,"RampType":"Diag","DetectableWarning":"No","Condition":"Poor","GlobalID":"{568ABE95-AFF5-4057-A7AC-977DA868D2DE}"}},{"type":"Feature","id":1549,"geometry":{"type":"LineString","coordinates":[[-83.674004,42.308175],[-83.673994,42.308154]]},"properties":{"OBJECTID":1549,"Width":8,"Slope":1.5,"RampType":"Par","DetectableWarning":"No","Condition":"Good","GlobalID":"{46CE5CAF-01D3-46C3-A4C0-61B33C25F923}"}},{"type":"Feature","id":1550,"geometry":{"type":"LineString","coordinates":[[-83.674509,42.308301],[-83.674505,42.30832]]},"properties":{"OBJECTID":1550,"Width":8,"Slope":0.5,"RampType":"Diag","DetectableWarning":"No","Condition":"Good","GlobalID":"{96A3ED6B-47F7-49AD-9AA3-B4F56A36C420}"}},{"type":"Feature","id":1551,"geometry":{"type":"LineString","coordinates":[[-83.674686,42.308256],[-83.674694,42.308272]]},"properties":{"OBJECTID":1551,"Width":8,"Slope":3.1,"RampType":"Par","DetectableWarning":"No","Condition":"Good","GlobalID":"{40C8B66B-2E0E-4A7E-80F2-278AFEFDF6FB}"}},{"type":"Feature","id":1552,"geometry":{"type":"LineString","coordinates":[[-83.674488,42.308512],[-83.674496,42.308526]]},"properties":{"OBJECTID":1552,"Width":5,"Slope":6.7,"RampType":"Perp","DetectableWarning":"No","Condition":"Good","GlobalID":"{0A2200A2-8919-454E-A0EB-68FBA7CC1E05}"}},{"type":"Feature","id":1553,"geometry":{"type":"LineString","coordinates":[[-83.675134,42.308109],[-83.675144,42.308124]]},"properties":{"OBJECTID":1553,"Width":8,"Slope":9.9,"RampType":"Par","DetectableWarning":"No","Condition":"Good","GlobalID":"{6AA341A3-65A0-4A79-8FD5-F20CD5E85971}"}},{"type":"Feature","id":1554,"geometry":{"type":"LineString","coordinates":[[-83.675696,42.308004],[-83.675711,42.308027]]},"properties":{"OBJECTID":1554,"Width":8,"Slope":10.6,"RampType":"Par","DetectableWarning":"No","Condition":"Fair","GlobalID":"{62DCE865-C954-4FD4-9ECD-EDE0569BEB10}"}},{"type":"Feature","id":1555,"geometry":{"type":"LineString","coordinates":[[-83.67582,42.307993],[-83.67581,42.307996]]},"properties":{"OBJECTID":1555,"Width":8,"Slope":6.3,"RampType":"Diag","DetectableWarning":"No","Condition":"Good","GlobalID":"{2219BC75-5D14-4F89-B733-8B047EB9A2C7}"}},{"type":"Feature","id":1556,"geometry":{"type":"LineString","coordinates":[[-83.675623,42.308056],[-83.675635,42.308053]]},"properties":{"OBJECTID":1556,"Width":8,"Slope":7.8,"RampType":"Diag","DetectableWarning":"No","Condition":"Good","GlobalID":"{6CBBD0FA-0A87-401F-960E-EA066314BC56}"}},{"type":"Feature","id":1557,"geometry":{"type":"LineString","coordinates":[[-83.675529,42.307891],[-83.67552,42.307897]]},"properties":{"OBJECTID":1557,"Width":8,"Slope":6.9,"RampType":"Perp","DetectableWarning":"No","Condition":"Good","GlobalID":"{CDD49820-479A-4074-9D47-EBA70BD48943}"}},{"type":"Feature","id":1558,"geometry":{"type":"LineString","coordinates":[[-83.675682,42.307796],[-83.675694,42.30779]]},"properties":{"OBJECTID":1558,"Width":8,"Slope":3.8,"RampType":"Perp","DetectableWarning":"No","Condition":"Good","GlobalID":"{DDA3D3F3-DCCB-44F0-8091-D8D563050B2F}"}},{"type":"Feature","id":1559,"geometry":{"type":"LineString","coordinates":[[-83.676017,42.307934],[-83.675994,42.307928]]},"properties":{"OBJECTID":1559,"Width":8,"Slope":7.7,"RampType":"Diag","DetectableWarning":"No","Condition":"Good","GlobalID":"{8646EC5B-5A0B-42D6-86BA-595234C4640B}"}},{"type":"Feature","id":1560,"geometry":{"type":"LineString","coordinates":[[-83.675355,42.307036],[-83.675353,42.307026]]},"properties":{"OBJECTID":1560,"Width":8,"Slope":4.4,"RampType":"Perp","DetectableWarning":"No","Condition":"Good","GlobalID":"{8D424D7A-87FD-4E1E-A8CD-87B2909C000C}"}},{"type":"Feature","id":1561,"geometry":{"type":"LineString","coordinates":[[-83.702608,42.296838],[-83.702604,42.296818]]},"properties":{"OBJECTID":1561,"Width":null,"Slope":null,"RampType":"Par","DetectableWarning":null,"Condition":"Very Good","GlobalID":"{00CC2D49-788C-466E-BBFB-C7D2B7AEF96B}"}},{"type":"Feature","id":1562,"geometry":{"type":"LineString","coordinates":[[-83.702482,42.296831],[-83.702485,42.296819]]},"properties":{"OBJECTID":1562,"Width":null,"Slope":null,"RampType":"Comb","DetectableWarning":null,"Condition":"Very Good","GlobalID":"{47FF0550-8F1D-437D-BB48-0609B073F072}"}},{"type":"Feature","id":1563,"geometry":{"type":"LineString","coordinates":[[-83.702806,42.295511],[-83.702822,42.2955]]},"properties":{"OBJECTID":1563,"Width":null,"Slope":null,"RampType":"Par","DetectableWarning":null,"Condition":"Good","GlobalID":"{A4FF5630-96A2-4AD7-B357-328FC9B88293}"}},{"type":"Feature","id":1564,"geometry":{"type":"LineString","coordinates":[[-83.702818,42.295396],[-83.7028,42.29538]]},"properties":{"OBJECTID":1564,"Width":null,"Slope":null,"RampType":"Par","DetectableWarning":null,"Condition":"Good","GlobalID":"{88A05BA3-7966-40D4-8FB1-54FB6DFEC332}"}},{"type":"Feature","id":1565,"geometry":{"type":"LineString","coordinates":[[-83.702609,42.295602],[-83.702605,42.295576]]},"properties":{"OBJECTID":1565,"Width":null,"Slope":null,"RampType":"Perp","DetectableWarning":null,"Condition":"Good","GlobalID":"{2474768C-532E-4392-A4F6-6E81968DA989}"}},{"type":"Feature","id":1566,"geometry":{"type":"LineString","coordinates":[[-83.704491,42.295323],[-83.704444,42.29531]]},"properties":{"OBJECTID":1566,"Width":null,"Slope":null,"RampType":"Comb","DetectableWarning":null,"Condition":"Poor","GlobalID":"{66CC9E4F-DE91-49A9-B6C3-E4C6D35BF439}"}},{"type":"Feature","id":1567,"geometry":{"type":"LineString","coordinates":[[-83.704416,42.295196],[-83.704461,42.295186]]},"properties":{"OBJECTID":1567,"Width":null,"Slope":null,"RampType":"Perp","DetectableWarning":"No","Condition":"Fair","GlobalID":"{CBB34F52-EBEC-4D73-9F78-B5C147271494}"}},{"type":"Feature","id":1568,"geometry":{"type":"LineString","coordinates":[[-83.674281,42.311184],[-83.674305,42.311167]]},"properties":{"OBJECTID":1568,"Width":null,"Slope":null,"RampType":null,"DetectableWarning":null,"Condition":"Good","GlobalID":"{EDBBB428-D49D-4430-A022-56181183A5EC}"}},{"type":"Feature","id":1569,"geometry":{"type":"LineString","coordinates":[[-83.675071,42.311437],[-83.675071,42.3114]]},"properties":{"OBJECTID":1569,"Width":null,"Slope":null,"RampType":null,"DetectableWarning":"No","Condition":"Good","GlobalID":"{F49BCF4F-2435-42BF-BA7D-AAE19F939ADA}"}},{"type":"Feature","id":1570,"geometry":{"type":"LineString","coordinates":[[-83.674984,42.311437],[-83.674977,42.311403]]},"properties":{"OBJECTID":1570,"Width":null,"Slope":null,"RampType":null,"DetectableWarning":null,"Condition":null,"GlobalID":"{A2081C50-F764-4F89-AF7B-409F34A1A8F2}"}},{"type":"Feature","id":1571,"geometry":{"type":"LineString","coordinates":[[-83.675062,42.311044],[-83.675037,42.310988]]},"properties":{"OBJECTID":1571,"Width":null,"Slope":null,"RampType":null,"DetectableWarning":null,"Condition":null,"GlobalID":"{C0C22C1C-5691-48F7-BB04-CDCF16EDBEA6}"}},{"type":"Feature","id":1572,"geometry":{"type":"LineString","coordinates":[[-83.702608,42.296838],[-83.702604,42.296818]]},"properties":{"OBJECTID":1572,"Width":null,"Slope":null,"RampType":"Par","DetectableWarning":null,"Condition":"Very Good","GlobalID":"{3A5E6A9C-BBFF-4D55-B4C6-6EC0B9E16081}"}},{"type":"Feature","id":1573,"geometry":{"type":"LineString","coordinates":[[-83.730199,42.282609],[-83.730204,42.282579]]},"properties":{"OBJECTID":1573,"Width":null,"Slope":null,"RampType":null,"DetectableWarning":null,"Condition":"Good","GlobalID":"{B6403B0D-ECDC-4CB9-9700-96FC8EC8722A}"}},{"type":"Feature","id":1574,"geometry":{"type":"LineString","coordinates":[[-83.729893,42.282544],[-83.72988,42.282513],[-83.729855,42.2825],[-83.72983,42.282496]]},"properties":{"OBJECTID":1574,"Width":null,"Slope":null,"RampType":null,"DetectableWarning":null,"Condition":null,"GlobalID":"{E66E465C-C609-4EC9-9947-285F760517E6}"}},{"type":"Feature","id":1575,"geometry":{"type":"LineString","coordinates":[[-83.730017,42.282519],[-83.729997,42.282502],[-83.729987,42.28248],[-83.729983,42.282453]]},"properties":{"OBJECTID":1575,"Width":null,"Slope":null,"RampType":null,"DetectableWarning":null,"Condition":null,"GlobalID":"{F7024780-6094-48B5-8B64-51B59AD03AF0}"}},{"type":"Feature","id":1576,"geometry":{"type":"LineString","coordinates":[[-83.727499,42.280325],[-83.727498,42.280305]]},"properties":{"OBJECTID":1576,"Width":null,"Slope":null,"RampType":null,"DetectableWarning":null,"Condition":"Very Good","GlobalID":"{81F31145-4265-4F6C-92AE-A36A8FBCC719}"}},{"type":"Feature","id":1577,"geometry":{"type":"LineString","coordinates":[[-83.730934,42.285418],[-83.730942,42.285406],[-83.730956,42.285401]]},"properties":{"OBJECTID":1577,"Width":null,"Slope":null,"RampType":"Par","DetectableWarning":null,"Condition":"Very Good","GlobalID":"{3AB311E0-C08C-4619-BFDC-6EF2712472CA}"}},{"type":"Feature","id":1578,"geometry":{"type":"LineString","coordinates":[[-83.7307,42.285426],[-83.730697,42.285411],[-83.73069,42.285402],[-83.730671,42.285397]]},"properties":{"OBJECTID":1578,"Width":null,"Slope":null,"RampType":null,"DetectableWarning":null,"Condition":"Good","GlobalID":"{676AD8C6-6DCC-4121-8E26-0D551D0323B2}"}},{"type":"Feature","id":1579,"geometry":{"type":"LineString","coordinates":[[-83.730293,42.285432],[-83.730295,42.28542],[-83.730306,42.285408],[-83.730316,42.285406]]},"properties":{"OBJECTID":1579,"Width":null,"Slope":null,"RampType":"Par","DetectableWarning":null,"Condition":"Good","GlobalID":"{6A22D3FE-B715-4CE5-9A52-7EE44BDA8969}"}},{"type":"Feature","id":1580,"geometry":{"type":"LineString","coordinates":[[-83.730205,42.285431],[-83.730205,42.285426],[-83.730201,42.285418],[-83.730194,42.285413],[-83.730186,42.285409],[-83.730173,42.285406]]},"properties":{"OBJECTID":1580,"Width":null,"Slope":null,"RampType":"Par","DetectableWarning":"No","Condition":"Good","GlobalID":"{EE2120BF-64FA-46F1-BDC1-B8CD50296773}"}},{"type":"Feature","id":1581,"geometry":{"type":"LineString","coordinates":[[-83.729678,42.285439],[-83.729687,42.285424],[-83.729703,42.285415],[-83.729716,42.285412]]},"properties":{"OBJECTID":1581,"Width":null,"Slope":null,"RampType":"Par","DetectableWarning":null,"Condition":"Good","GlobalID":"{745475CA-9D87-47B8-BD4B-58EFE85A194A}"}},{"type":"Feature","id":1582,"geometry":{"type":"LineString","coordinates":[[-83.729499,42.285425],[-83.729487,42.285415],[-83.729463,42.285403],[-83.729436,42.285393]]},"properties":{"OBJECTID":1582,"Width":null,"Slope":null,"RampType":null,"DetectableWarning":null,"Condition":"Good","GlobalID":"{5AD44F8E-ECCA-4F00-8316-EF06B38B5068}"}},{"type":"Feature","id":1583,"geometry":{"type":"LineString","coordinates":[[-83.727372,42.284648],[-83.727358,42.284627],[-83.727344,42.284605]]},"properties":{"OBJECTID":1583,"Width":null,"Slope":null,"RampType":"Perp","DetectableWarning":"No","Condition":"Good","GlobalID":"{D3AD3DA2-CE73-44B5-B38E-E95DFCE05796}"}},{"type":"Feature","id":1584,"geometry":{"type":"LineString","coordinates":[[-83.726166,42.282587],[-83.726175,42.28258],[-83.726186,42.282578],[-83.726203,42.282585]]},"properties":{"OBJECTID":1584,"Width":null,"Slope":null,"RampType":"Par","DetectableWarning":"No","Condition":"Good","GlobalID":"{D267E36A-42B5-4E72-AE99-972B327F209F}"}},{"type":"Feature","id":1585,"geometry":{"type":"LineString","coordinates":[[-83.726124,42.282504],[-83.726137,42.282502],[-83.726144,42.282497],[-83.72615,42.28249],[-83.726151,42.282484]]},"properties":{"OBJECTID":1585,"Width":null,"Slope":null,"RampType":null,"DetectableWarning":"No","Condition":"Good","GlobalID":"{631D5395-D564-47A0-93A9-A4823E91A973}"}},{"type":"Feature","id":1586,"geometry":{"type":"LineString","coordinates":[[-83.72606,42.28227],[-83.726072,42.282271],[-83.726084,42.282274],[-83.726096,42.282284]]},"properties":{"OBJECTID":1586,"Width":null,"Slope":null,"RampType":"Comb","DetectableWarning":"No","Condition":"Good","GlobalID":"{61F24E95-B0D6-429E-AE5F-6C4C14D66C8A}"}},{"type":"Feature","id":1587,"geometry":{"type":"LineString","coordinates":[[-83.726058,42.282188],[-83.726067,42.28218],[-83.726078,42.282171],[-83.726083,42.282163]]},"properties":{"OBJECTID":1587,"Width":null,"Slope":null,"RampType":"Par","DetectableWarning":null,"Condition":"Good","GlobalID":"{41E5488D-7EA6-435E-88D1-6D62C2114A3D}"}},{"type":"Feature","id":1588,"geometry":{"type":"LineString","coordinates":[[-83.726103,42.282069],[-83.7261,42.282061],[-83.726093,42.282056],[-83.726084,42.28205]]},"properties":{"OBJECTID":1588,"Width":null,"Slope":null,"RampType":"Par","DetectableWarning":null,"Condition":"Good","GlobalID":"{991378D9-2A84-4311-A131-95C2389B6D1C}"}},{"type":"Feature","id":1589,"geometry":{"type":"LineString","coordinates":[[-83.726096,42.282005],[-83.726105,42.282003],[-83.726113,42.282001],[-83.726129,42.281993]]},"properties":{"OBJECTID":1589,"Width":null,"Slope":null,"RampType":"Par","DetectableWarning":null,"Condition":"Good","GlobalID":"{ECCAED36-DB83-40F4-A5B3-8E3330015C9C}"}},{"type":"Feature","id":1590,"geometry":{"type":"LineString","coordinates":[[-83.726666,42.281458],[-83.726676,42.28144],[-83.72668,42.281425],[-83.726672,42.281393]]},"properties":{"OBJECTID":1590,"Width":null,"Slope":null,"RampType":"Par","DetectableWarning":"No","Condition":"Good","GlobalID":"{3F7C1B8C-1F10-46A8-87C0-41AA55AD9536}"}},{"type":"Feature","id":1591,"geometry":{"type":"LineString","coordinates":[[-83.726828,42.281391],[-83.726785,42.281371],[-83.726746,42.281342]]},"properties":{"OBJECTID":1591,"Width":null,"Slope":null,"RampType":"Diag","DetectableWarning":null,"Condition":"Good","GlobalID":"{B920CBB4-9891-4FA7-9A62-1924B0748FA3}"}},{"type":"Feature","id":1592,"geometry":{"type":"LineString","coordinates":[[-83.728294,42.281348],[-83.728243,42.281348]]},"properties":{"OBJECTID":1592,"Width":null,"Slope":null,"RampType":null,"DetectableWarning":null,"Condition":null,"GlobalID":"{8FE660DB-9162-4C08-BEE5-B77A96DCA88A}"}},{"type":"Feature","id":1593,"geometry":{"type":"LineString","coordinates":[[-83.727204,42.280634],[-83.727187,42.280621],[-83.727152,42.280602]]},"properties":{"OBJECTID":1593,"Width":null,"Slope":null,"RampType":null,"DetectableWarning":null,"Condition":null,"GlobalID":"{E787D594-FEA5-4FA3-8BDF-C18C6E1D1353}"}},{"type":"Feature","id":1594,"geometry":{"type":"LineString","coordinates":[[-83.728366,42.282043],[-83.728413,42.282034]]},"properties":{"OBJECTID":1594,"Width":null,"Slope":null,"RampType":"Par","DetectableWarning":null,"Condition":"Good","GlobalID":"{325214F8-7DD6-4665-9A3B-8E017056B01E}"}},{"type":"Feature","id":1595,"geometry":{"type":"LineString","coordinates":[[-83.728368,42.281959],[-83.728386,42.281955],[-83.728396,42.281944],[-83.7284,42.281937]]},"properties":{"OBJECTID":1595,"Width":null,"Slope":null,"RampType":"Par","DetectableWarning":"No","Condition":"Good","GlobalID":"{5F7E4B65-46A3-4B8C-92C1-A9F6606F4FCB}"}},{"type":"Feature","id":1596,"geometry":{"type":"LineString","coordinates":[[-83.728392,42.281725],[-83.728384,42.281715],[-83.72837,42.281707],[-83.728358,42.281704]]},"properties":{"OBJECTID":1596,"Width":null,"Slope":null,"RampType":"Par","DetectableWarning":null,"Condition":"Good","GlobalID":"{73B3508F-57E5-40D4-BDE5-76092E97687B}"}},{"type":"Feature","id":1597,"geometry":{"type":"LineString","coordinates":[[-83.728567,42.28194],[-83.728553,42.281937],[-83.728537,42.281927],[-83.728532,42.281922]]},"properties":{"OBJECTID":1597,"Width":null,"Slope":null,"RampType":"Par","DetectableWarning":null,"Condition":"Good","GlobalID":"{1926A42C-7CEC-46B6-9A74-EBB6F4C17DC0}"}},{"type":"Feature","id":1598,"geometry":{"type":"LineString","coordinates":[[-83.728559,42.282521],[-83.728564,42.282504],[-83.728564,42.282489],[-83.728556,42.282471]]},"properties":{"OBJECTID":1598,"Width":null,"Slope":null,"RampType":"Par","DetectableWarning":"No","Condition":"Good","GlobalID":"{F4CFCD8A-B732-4736-91BB-5B40CA762DE7}"}},{"type":"Feature","id":1599,"geometry":{"type":"LineString","coordinates":[[-83.728629,42.282553],[-83.728645,42.28254],[-83.728677,42.282525]]},"properties":{"OBJECTID":1599,"Width":null,"Slope":null,"RampType":null,"DetectableWarning":null,"Condition":null,"GlobalID":"{930BD5BE-06DF-493E-89F8-8D6A696F73A5}"}},{"type":"Feature","id":1600,"geometry":{"type":"LineString","coordinates":[[-83.728346,42.281634],[-83.728365,42.281632],[-83.728381,42.281623],[-83.728389,42.281615]]},"properties":{"OBJECTID":1600,"Width":null,"Slope":null,"RampType":"Comb","DetectableWarning":null,"Condition":"Good","GlobalID":"{3F3F0F4B-2442-4146-B84E-4A4DBF8D680D}"}},{"type":"Feature","id":1601,"geometry":{"type":"LineString","coordinates":[[-83.728358,42.281527],[-83.728343,42.281516],[-83.728325,42.281505]]},"properties":{"OBJECTID":1601,"Width":null,"Slope":null,"RampType":null,"DetectableWarning":null,"Condition":null,"GlobalID":"{39C9FDB6-DCEB-4146-9053-1C51AB95F3BC}"}},{"type":"Feature","id":1602,"geometry":{"type":"LineString","coordinates":[[-83.728247,42.281482],[-83.728264,42.281482],[-83.728297,42.28149]]},"properties":{"OBJECTID":1602,"Width":null,"Slope":null,"RampType":null,"DetectableWarning":null,"Condition":null,"GlobalID":"{FE103D5D-9855-479A-BA68-8A1A6CCCF409}"}},{"type":"Feature","id":1603,"geometry":{"type":"LineString","coordinates":[[-83.728525,42.281542],[-83.728529,42.28153],[-83.728537,42.281516],[-83.72854,42.281515]]},"properties":{"OBJECTID":1603,"Width":null,"Slope":null,"RampType":null,"DetectableWarning":null,"Condition":null,"GlobalID":"{96D189E9-E871-4306-BB9E-6702CD5DD8A2}"}},{"type":"Feature","id":1604,"geometry":{"type":"LineString","coordinates":[[-83.726296,42.282265],[-83.726282,42.282258],[-83.726273,42.28225],[-83.726269,42.282239]]},"properties":{"OBJECTID":1604,"Width":null,"Slope":null,"RampType":null,"DetectableWarning":null,"Condition":null,"GlobalID":"{931686E0-165C-442E-A276-4F1CA5C00A7E}"}},{"type":"Feature","id":1605,"geometry":{"type":"LineString","coordinates":[[-83.726338,42.282482],[-83.726343,42.282469],[-83.726361,42.282446]]},"properties":{"OBJECTID":1605,"Width":null,"Slope":null,"RampType":null,"DetectableWarning":null,"Condition":null,"GlobalID":"{A1F8C69E-E2E0-4C38-BA81-0814A472876F}"}},{"type":"Feature","id":1606,"geometry":{"type":"LineString","coordinates":[[-83.726407,42.282591],[-83.726413,42.282582],[-83.726424,42.282576]]},"properties":{"OBJECTID":1606,"Width":null,"Slope":null,"RampType":null,"DetectableWarning":null,"Condition":null,"GlobalID":"{67A6F6A2-24F3-4D76-8606-09BDD939DF4B}"}},{"type":"Feature","id":1607,"geometry":{"type":"LineString","coordinates":[[-83.726476,42.28271],[-83.726484,42.282714],[-83.726501,42.282716]]},"properties":{"OBJECTID":1607,"Width":null,"Slope":null,"RampType":null,"DetectableWarning":null,"Condition":null,"GlobalID":"{9756DC69-2921-46EA-92EE-A7F6163FED10}"}},{"type":"Feature","id":1608,"geometry":{"type":"LineString","coordinates":[[-83.726564,42.282844],[-83.726567,42.282838],[-83.726574,42.28283],[-83.726577,42.282827]]},"properties":{"OBJECTID":1608,"Width":null,"Slope":null,"RampType":null,"DetectableWarning":null,"Condition":null,"GlobalID":"{FF84B743-A744-4CDC-9455-56C772FA5483}"}},{"type":"Feature","id":1609,"geometry":{"type":"LineString","coordinates":[[-83.72662,42.282934],[-83.726636,42.282939],[-83.72665,42.282937]]},"properties":{"OBJECTID":1609,"Width":null,"Slope":null,"RampType":null,"DetectableWarning":null,"Condition":null,"GlobalID":"{3E0A1297-DC4A-4680-9C70-9DDFECAFEFE2}"}},{"type":"Feature","id":1610,"geometry":{"type":"LineString","coordinates":[[-83.726707,42.283083],[-83.726712,42.283072],[-83.726718,42.283068],[-83.72673,42.283068],[-83.726745,42.283071]]},"properties":{"OBJECTID":1610,"Width":null,"Slope":null,"RampType":null,"DetectableWarning":null,"Condition":null,"GlobalID":"{670D17A7-BAFE-4FB7-87A9-53EB4E402928}"}},{"type":"Feature","id":1611,"geometry":{"type":"LineString","coordinates":[[-83.726972,42.283514],[-83.726989,42.283519],[-83.727009,42.283523],[-83.727025,42.283523]]},"properties":{"OBJECTID":1611,"Width":null,"Slope":null,"RampType":null,"DetectableWarning":null,"Condition":null,"GlobalID":"{3F2902B2-A201-4924-8A17-D03A637FC295}"}},{"type":"Feature","id":1612,"geometry":{"type":"LineString","coordinates":[[-83.727087,42.283703],[-83.727089,42.283691],[-83.727097,42.283679],[-83.727109,42.283669],[-83.727131,42.283661]]},"properties":{"OBJECTID":1612,"Width":null,"Slope":null,"RampType":null,"DetectableWarning":null,"Condition":null,"GlobalID":"{D11E84B4-9104-40C2-916E-28637AA4A67D}"}},{"type":"Feature","id":1613,"geometry":{"type":"LineString","coordinates":[[-83.727661,42.284739],[-83.727673,42.28474],[-83.727687,42.284738],[-83.7277,42.284734],[-83.72771,42.284726]]},"properties":{"OBJECTID":1613,"Width":null,"Slope":null,"RampType":"Par","DetectableWarning":null,"Condition":"Good","GlobalID":"{9DC6C3F6-517F-4C08-A5FA-7847FF93E51E}"}},{"type":"Feature","id":1614,"geometry":{"type":"LineString","coordinates":[[-83.727855,42.284914],[-83.727841,42.284895],[-83.72783,42.284871],[-83.727825,42.284856],[-83.727825,42.284849]]},"properties":{"OBJECTID":1614,"Width":null,"Slope":null,"RampType":"Diag","DetectableWarning":"No","Condition":"Very Good","GlobalID":"{0D815677-C769-4772-9C73-080E74D7E5CF}"}},{"type":"Feature","id":1615,"geometry":{"type":"LineString","coordinates":[[-83.728353,42.285186],[-83.728373,42.285179],[-83.728395,42.285158]]},"properties":{"OBJECTID":1615,"Width":null,"Slope":null,"RampType":null,"DetectableWarning":null,"Condition":null,"GlobalID":"{5D9930FC-D02D-49AF-B03B-8D5D7C915848}"}},{"type":"Feature","id":1616,"geometry":{"type":"LineString","coordinates":[[-83.728506,42.285213],[-83.728499,42.285185],[-83.728497,42.285174]]},"properties":{"OBJECTID":1616,"Width":null,"Slope":null,"RampType":null,"DetectableWarning":null,"Condition":null,"GlobalID":"{F983CF8F-265E-47C5-8589-78989BE451EB}"}},{"type":"Feature","id":1617,"geometry":{"type":"LineString","coordinates":[[-83.7306,42.285227],[-83.730613,42.285208],[-83.730624,42.285192],[-83.730625,42.28518]]},"properties":{"OBJECTID":1617,"Width":null,"Slope":null,"RampType":null,"DetectableWarning":null,"Condition":null,"GlobalID":"{B1335413-F138-47B8-AFA0-1D3DBBABAFF8}"}},{"type":"Feature","id":1618,"geometry":{"type":"LineString","coordinates":[[-83.73079,42.285205],[-83.730781,42.285188],[-83.730771,42.285167]]},"properties":{"OBJECTID":1618,"Width":null,"Slope":null,"RampType":null,"DetectableWarning":null,"Condition":null,"GlobalID":"{A8CAC3DF-BBF2-4116-8C7A-BB9A16A1778D}"}},{"type":"Feature","id":1619,"geometry":{"type":"LineString","coordinates":[[-83.731158,42.285232],[-83.731162,42.285223],[-83.73117,42.285201],[-83.731175,42.285185]]},"properties":{"OBJECTID":1619,"Width":null,"Slope":null,"RampType":"Par","DetectableWarning":"No","Condition":"Very Good","GlobalID":"{918754FB-39E1-46B5-93DF-8868E9B34F5B}"}},{"type":"Feature","id":1620,"geometry":{"type":"LineString","coordinates":[[-83.731129,42.285252],[-83.731074,42.285248]]},"properties":{"OBJECTID":1620,"Width":null,"Slope":null,"RampType":"Comb","DetectableWarning":null,"Condition":null,"GlobalID":"{03AAB490-53A5-4E8D-AB53-708D0E97D4F9}"}},{"type":"Feature","id":1621,"geometry":{"type":"LineString","coordinates":[[-83.730963,42.285401],[-83.731003,42.285404]]},"properties":{"OBJECTID":1621,"Width":null,"Slope":null,"RampType":"Comb","DetectableWarning":null,"Condition":"Very Good","GlobalID":"{1FA49D00-EDE0-451F-97A5-B1739569BCA0}"}},{"type":"Feature","id":1622,"geometry":{"type":"LineString","coordinates":[[-83.731378,42.285266],[-83.731376,42.285249],[-83.731377,42.28521]]},"properties":{"OBJECTID":1622,"Width":null,"Slope":null,"RampType":null,"DetectableWarning":null,"Condition":null,"GlobalID":"{980F2D45-A86B-470E-83AE-41211A097543}"}},{"type":"Feature","id":1623,"geometry":{"type":"LineString","coordinates":[[-83.73146,42.285336],[-83.731408,42.285311],[-83.731398,42.285299]]},"properties":{"OBJECTID":1623,"Width":null,"Slope":null,"RampType":"Perp","DetectableWarning":null,"Condition":"Good","GlobalID":"{13F934E1-056F-41C3-98CC-AA4F85D42082}"}},{"type":"Feature","id":1624,"geometry":{"type":"LineString","coordinates":[[-83.731419,42.285488],[-83.731369,42.285471],[-83.731334,42.285462]]},"properties":{"OBJECTID":1624,"Width":null,"Slope":null,"RampType":null,"DetectableWarning":null,"Condition":null,"GlobalID":"{FA8CE687-8C83-45C9-99DD-A7CA3C9701AA}"}},{"type":"Feature","id":1625,"geometry":{"type":"LineString","coordinates":[[-83.729463,42.285289],[-83.729482,42.285274],[-83.729495,42.285262]]},"properties":{"OBJECTID":1625,"Width":null,"Slope":null,"RampType":null,"DetectableWarning":null,"Condition":"Good","GlobalID":"{738C03E6-F878-4F48-AD3E-E1383281C098}"}},{"type":"Feature","id":1626,"geometry":{"type":"LineString","coordinates":[[-83.729649,42.285286],[-83.729616,42.285275],[-83.729603,42.285259]]},"properties":{"OBJECTID":1626,"Width":null,"Slope":null,"RampType":null,"DetectableWarning":null,"Condition":null,"GlobalID":"{197B0742-2686-44DA-8E58-7C70B215C2A3}"}},{"type":"Feature","id":1627,"geometry":{"type":"LineString","coordinates":[[-83.754871,42.277897],[-83.754915,42.277897]]},"properties":{"OBJECTID":1627,"Width":null,"Slope":null,"RampType":"Perp","DetectableWarning":null,"Condition":"Very Good","GlobalID":"{EE3C5ECE-6BC7-4FB0-8EA3-1B9FBF510F3F}"}},{"type":"Feature","id":1628,"geometry":{"type":"LineString","coordinates":[[-83.722214,42.287091],[-83.722184,42.287092]]},"properties":{"OBJECTID":1628,"Width":null,"Slope":null,"RampType":"Perp","DetectableWarning":null,"Condition":"Good","GlobalID":"{1489EDA6-44CA-433D-933F-FD3AE03D44F0}"}},{"type":"Feature","id":1629,"geometry":{"type":"LineString","coordinates":[[-83.722223,42.287266],[-83.722192,42.287266]]},"properties":{"OBJECTID":1629,"Width":null,"Slope":null,"RampType":"Perp","DetectableWarning":null,"Condition":"Very Good","GlobalID":"{B52E09F3-1C38-46CD-97E8-BC796F7F0DE6}"}},{"type":"Feature","id":1630,"geometry":{"type":"LineString","coordinates":[[-83.722501,42.286818],[-83.722522,42.286818],[-83.722524,42.286803]]},"properties":{"OBJECTID":1630,"Width":null,"Slope":null,"RampType":"Diag","DetectableWarning":null,"Condition":"Very Good","GlobalID":"{CFDF5CE7-9C44-4824-AFA0-98CB37DAE9A1}"}},{"type":"Feature","id":1631,"geometry":{"type":"LineString","coordinates":[[-83.723743,42.286745],[-83.723715,42.286756]]},"properties":{"OBJECTID":1631,"Width":null,"Slope":null,"RampType":null,"DetectableWarning":null,"Condition":null,"GlobalID":"{C238A3E7-B293-459A-997A-4366CCADC092}"}},{"type":"Feature","id":1632,"geometry":{"type":"LineString","coordinates":[[-83.722614,42.287079],[-83.722581,42.287061],[-83.722557,42.287049],[-83.722535,42.287032]]},"properties":{"OBJECTID":1632,"Width":null,"Slope":null,"RampType":null,"DetectableWarning":null,"Condition":null,"GlobalID":"{4ED879C3-31A7-48AE-B20A-DA003E75B52D}"}},{"type":"Feature","id":1633,"geometry":{"type":"LineString","coordinates":[[-83.722275,42.287087],[-83.722303,42.287078],[-83.722325,42.287065],[-83.722338,42.287053],[-83.722352,42.287041]]},"properties":{"OBJECTID":1633,"Width":null,"Slope":null,"RampType":null,"DetectableWarning":null,"Condition":null,"GlobalID":"{9A647F0A-4342-4BA8-A34B-0786BC209F65}"}},{"type":"Feature","id":1634,"geometry":{"type":"LineString","coordinates":[[-83.731831,42.284852],[-83.731813,42.284837],[-83.731804,42.28482]]},"properties":{"OBJECTID":1634,"Width":null,"Slope":null,"RampType":null,"DetectableWarning":null,"Condition":null,"GlobalID":"{BE64C91A-1AA1-4F08-B641-12D94B87C7DD}"}},{"type":"Feature","id":1635,"geometry":{"type":"LineString","coordinates":[[-83.731808,42.284951],[-83.731812,42.284942],[-83.73182,42.284936],[-83.73183,42.284933],[-83.731843,42.284932]]},"properties":{"OBJECTID":1635,"Width":null,"Slope":null,"RampType":null,"DetectableWarning":null,"Condition":null,"GlobalID":"{2E6246DF-EA17-4389-B67C-A2C06E8AF57E}"}},{"type":"Feature","id":1636,"geometry":{"type":"LineString","coordinates":[[-83.732314,42.285265],[-83.732342,42.285257],[-83.732369,42.285236]]},"properties":{"OBJECTID":1636,"Width":null,"Slope":null,"RampType":null,"DetectableWarning":null,"Condition":null,"GlobalID":"{9471BE44-B849-461A-BB6F-7588F05BF630}"}},{"type":"Feature","id":1637,"geometry":{"type":"LineString","coordinates":[[-83.733295,42.285245],[-83.733268,42.28524],[-83.733244,42.285224]]},"properties":{"OBJECTID":1637,"Width":null,"Slope":null,"RampType":null,"DetectableWarning":null,"Condition":null,"GlobalID":"{6F586D4E-7340-4DEA-9066-68EB7E57F587}"}},{"type":"Feature","id":1638,"geometry":{"type":"LineString","coordinates":[[-83.732532,42.285256],[-83.732518,42.285249],[-83.732503,42.285239]]},"properties":{"OBJECTID":1638,"Width":null,"Slope":null,"RampType":"Par","DetectableWarning":null,"Condition":"Very Good","GlobalID":"{03E80AAB-E423-4B16-8B51-EAD61E023433}"}},{"type":"Feature","id":1639,"geometry":{"type":"LineString","coordinates":[[-83.732859,42.285252],[-83.732873,42.285245],[-83.732889,42.285231]]},"properties":{"OBJECTID":1639,"Width":null,"Slope":null,"RampType":"Par","DetectableWarning":null,"Condition":"Very Good","GlobalID":"{2040981E-8A5F-4378-A381-4C44F2F830B9}"}},{"type":"Feature","id":1640,"geometry":{"type":"LineString","coordinates":[[-83.735088,42.284623],[-83.735089,42.284604],[-83.73508,42.284581]]},"properties":{"OBJECTID":1640,"Width":null,"Slope":null,"RampType":null,"DetectableWarning":null,"Condition":null,"GlobalID":"{361A2AB6-AC4C-4473-BEF3-42315A016585}"}},{"type":"Feature","id":1641,"geometry":{"type":"LineString","coordinates":[[-83.735249,42.283633],[-83.735286,42.283632]]},"properties":{"OBJECTID":1641,"Width":null,"Slope":null,"RampType":"Par","DetectableWarning":null,"Condition":"Very Good","GlobalID":"{2DEEBAA2-5464-4DBC-9FD0-9063D06A1083}"}},{"type":"Feature","id":1642,"geometry":{"type":"LineString","coordinates":[[-83.735249,42.283517],[-83.735279,42.283516],[-83.735286,42.28351]]},"properties":{"OBJECTID":1642,"Width":null,"Slope":null,"RampType":"Par","DetectableWarning":null,"Condition":"Very Good","GlobalID":"{FE2C3F0C-5C0A-4ACB-89EA-8981BFC44E7B}"}},{"type":"Feature","id":1643,"geometry":{"type":"LineString","coordinates":[[-83.735135,42.28448],[-83.735159,42.284478],[-83.735173,42.284475]]},"properties":{"OBJECTID":1643,"Width":null,"Slope":null,"RampType":"Comb","DetectableWarning":null,"Condition":"Very Good","GlobalID":"{B169B1ED-E98C-408F-ABF7-74160D15B409}"}},{"type":"Feature","id":1644,"geometry":{"type":"LineString","coordinates":[[-83.73216,42.282423],[-83.732162,42.282417],[-83.732181,42.282402]]},"properties":{"OBJECTID":1644,"Width":null,"Slope":null,"RampType":"Par","DetectableWarning":null,"Condition":"Very Good","GlobalID":"{2F6DA505-1DBD-4005-9AA7-FEED826D5059}"}},{"type":"Feature","id":1645,"geometry":{"type":"LineString","coordinates":[[-83.732069,42.282426],[-83.732059,42.282413],[-83.732043,42.282406]]},"properties":{"OBJECTID":1645,"Width":null,"Slope":null,"RampType":"Par","DetectableWarning":"No","Condition":"Very Good","GlobalID":"{BD649B87-3DAE-4AF2-BDB3-F7C595D109E8}"}},{"type":"Feature","id":1646,"geometry":{"type":"LineString","coordinates":[[-83.730782,42.282611],[-83.730775,42.282589]]},"properties":{"OBJECTID":1646,"Width":null,"Slope":null,"RampType":"Par","DetectableWarning":null,"Condition":"Very Good","GlobalID":"{6C7A0B20-DC25-4BDA-B8DF-DF64850F875F}"}},{"type":"Feature","id":1647,"geometry":{"type":"LineString","coordinates":[[-83.73083,42.282609],[-83.730824,42.282581]]},"properties":{"OBJECTID":1647,"Width":null,"Slope":null,"RampType":"Par","DetectableWarning":null,"Condition":"Very Good","GlobalID":"{06D2E6A2-B04B-4373-A894-2460D9423F37}"}},{"type":"Feature","id":1648,"geometry":{"type":"LineString","coordinates":[[-83.730945,42.282426],[-83.730934,42.282418],[-83.730917,42.282411],[-83.730897,42.282403]]},"properties":{"OBJECTID":1648,"Width":null,"Slope":null,"RampType":"Diag","DetectableWarning":null,"Condition":"Very Good","GlobalID":"{CB1C2850-08EA-4BF0-B3D2-2C2DB469D8F3}"}},{"type":"Feature","id":1649,"geometry":{"type":"LineString","coordinates":[[-83.7309,42.282353],[-83.730914,42.282352],[-83.730925,42.282348],[-83.730936,42.28234]]},"properties":{"OBJECTID":1649,"Width":null,"Slope":null,"RampType":"Par","DetectableWarning":null,"Condition":"Very Good","GlobalID":"{D224461F-439B-419C-A007-072FFD73D1D8}"}},{"type":"Feature","id":1650,"geometry":{"type":"LineString","coordinates":[[-83.729366,42.281502],[-83.729377,42.28149],[-83.7294,42.28148]]},"properties":{"OBJECTID":1650,"Width":null,"Slope":null,"RampType":"Par","DetectableWarning":null,"Condition":"Very Good","GlobalID":"{2963287E-F622-49A9-9221-6286ADF04626}"}},{"type":"Feature","id":1651,"geometry":{"type":"LineString","coordinates":[[-83.729215,42.2815],[-83.729207,42.281491],[-83.729185,42.281483]]},"properties":{"OBJECTID":1651,"Width":null,"Slope":null,"RampType":"Par","DetectableWarning":null,"Condition":"Very Good","GlobalID":"{C17B7BBA-2CA2-4EC9-9CCA-8C69BCC02E14}"}},{"type":"Feature","id":1652,"geometry":{"type":"LineString","coordinates":[[-83.814961,42.279495],[-83.814978,42.27948]]},"properties":{"OBJECTID":1652,"Width":8,"Slope":4,"RampType":"Par","DetectableWarning":"No","Condition":"Good","GlobalID":"{3BE37095-9CA8-40B0-B4D6-9123E6E08CC6}"}},{"type":"Feature","id":1653,"geometry":{"type":"LineString","coordinates":[[-83.814559,42.279413],[-83.814581,42.279419]]},"properties":{"OBJECTID":1653,"Width":8,"Slope":0.7,"RampType":"Perp","DetectableWarning":"No","Condition":"Good","GlobalID":"{2D664271-E461-4C0C-AFD0-9B127C0C1085}"}},{"type":"Feature","id":1654,"geometry":{"type":"LineString","coordinates":[[-83.730711,42.283018],[-83.730731,42.282996],[-83.73075,42.282993]]},"properties":{"OBJECTID":1654,"Width":null,"Slope":null,"RampType":"Perp","DetectableWarning":null,"Condition":"Very Good","GlobalID":"{617FE9EF-A1A1-49DB-B67C-8235BB02C5BA}"}},{"type":"Feature","id":1655,"geometry":{"type":"LineString","coordinates":[[-83.81428,42.279347],[-83.81426,42.279342]]},"properties":{"OBJECTID":1655,"Width":8,"Slope":2.5,"RampType":"Perp","DetectableWarning":"No","Condition":"Good","GlobalID":"{34322EC0-6C54-4593-94FF-860606FA4A00}"}},{"type":"Feature","id":1656,"geometry":{"type":"LineString","coordinates":[[-83.813394,42.27903],[-83.81341,42.279033]]},"properties":{"OBJECTID":1656,"Width":8,"Slope":5,"RampType":"Perp","DetectableWarning":"No","Condition":"Good","GlobalID":"{655D1421-0D36-4FD6-93D5-099A145D44E8}"}},{"type":"Feature","id":1657,"geometry":{"type":"LineString","coordinates":[[-83.814412,42.279252],[-83.814399,42.279249]]},"properties":{"OBJECTID":1657,"Width":8,"Slope":4.2,"RampType":"Perp","DetectableWarning":"No","Condition":"Good","GlobalID":"{C6603A1D-A25B-4E81-B726-B7619C0E42EA}"}},{"type":"Feature","id":1658,"geometry":{"type":"LineString","coordinates":[[-83.814487,42.279268],[-83.814497,42.279269]]},"properties":{"OBJECTID":1658,"Width":8,"Slope":3,"RampType":"Perp","DetectableWarning":"No","Condition":"Good","GlobalID":"{BB0E9B28-0A18-4E50-9AF4-0821D09D9E7F}"}},{"type":"Feature","id":1659,"geometry":{"type":"LineString","coordinates":[[-83.814962,42.279373],[-83.81498,42.27939]]},"properties":{"OBJECTID":1659,"Width":null,"Slope":0.5,"RampType":"Diag","DetectableWarning":"No","Condition":"Good","GlobalID":"{2F27178D-C185-49C4-ADA2-F1AFD5DDDE20}"}},{"type":"Feature","id":1660,"geometry":{"type":"LineString","coordinates":[[-83.731958,42.285581],[-83.731957,42.285533],[-83.731974,42.285512]]},"properties":{"OBJECTID":1660,"Width":null,"Slope":null,"RampType":"Comb","DetectableWarning":null,"Condition":null,"GlobalID":"{8C387ADB-7970-4D33-AAB6-3AC20392342F}"}},{"type":"Feature","id":1661,"geometry":{"type":"LineString","coordinates":[[-83.731814,42.285468],[-83.731847,42.285449]]},"properties":{"OBJECTID":1661,"Width":null,"Slope":null,"RampType":null,"DetectableWarning":null,"Condition":null,"GlobalID":"{9E9FAF3E-9CDD-4E54-A854-19F94728ADE5}"}},{"type":"Feature","id":1662,"geometry":{"type":"LineString","coordinates":[[-83.73309,42.285237],[-83.733096,42.285213]]},"properties":{"OBJECTID":1662,"Width":null,"Slope":null,"RampType":null,"DetectableWarning":null,"Condition":null,"GlobalID":"{57E509C8-AABC-480E-8354-6CB4A6194F4F}"}},{"type":"Feature","id":1663,"geometry":{"type":"LineString","coordinates":[[-83.733007,42.28525],[-83.733007,42.285226]]},"properties":{"OBJECTID":1663,"Width":null,"Slope":null,"RampType":null,"DetectableWarning":null,"Condition":null,"GlobalID":"{6B04176E-524B-484F-BDC9-B039DE8E6861}"}},{"type":"Feature","id":1664,"geometry":{"type":"LineString","coordinates":[[-83.728552,42.282032],[-83.728525,42.282036]]},"properties":{"OBJECTID":1664,"Width":null,"Slope":null,"RampType":"Par","DetectableWarning":null,"Condition":"Very Good","GlobalID":"{9FB3FF5E-9A2A-40EC-868D-9F93B88F8F6F}"}},{"type":"Feature","id":1665,"geometry":{"type":"LineString","coordinates":[[-83.730708,42.28294],[-83.730748,42.282947],[-83.730786,42.282936]]},"properties":{"OBJECTID":1665,"Width":null,"Slope":null,"RampType":"Comb","DetectableWarning":null,"Condition":"Very Good","GlobalID":"{47DA139E-8906-49E3-AA60-2EFF48B865B5}"}},{"type":"Feature","id":1666,"geometry":{"type":"LineString","coordinates":[[-83.736381,42.28846],[-83.736397,42.288436]]},"properties":{"OBJECTID":1666,"Width":null,"Slope":null,"RampType":"Par","DetectableWarning":null,"Condition":"Very Good","GlobalID":"{225807F6-DA4C-4C06-BB14-A596128519E0}"}},{"type":"Feature","id":1667,"geometry":{"type":"LineString","coordinates":[[-83.73648,42.288499],[-83.736494,42.288481]]},"properties":{"OBJECTID":1667,"Width":null,"Slope":null,"RampType":"Par","DetectableWarning":null,"Condition":"Excellent","GlobalID":"{8791DBB1-C5FC-4478-89E6-6F2167461A88}"}},{"type":"Feature","id":1668,"geometry":{"type":"LineString","coordinates":[[-83.737698,42.288996],[-83.737717,42.288973]]},"properties":{"OBJECTID":1668,"Width":null,"Slope":null,"RampType":"Par","DetectableWarning":null,"Condition":"Excellent","GlobalID":"{03E7280C-9FF5-48AB-9592-738DFFB8FE49}"}},{"type":"Feature","id":1669,"geometry":{"type":"LineString","coordinates":[[-83.737623,42.288962],[-83.737637,42.288943]]},"properties":{"OBJECTID":1669,"Width":null,"Slope":null,"RampType":"Par","DetectableWarning":null,"Condition":"Excellent","GlobalID":"{4FCFB623-8DB2-4583-AC07-1D09904FE8F0}"}},{"type":"Feature","id":1670,"geometry":{"type":"LineString","coordinates":[[-83.736127,42.288377],[-83.736159,42.288351]]},"properties":{"OBJECTID":1670,"Width":null,"Slope":null,"RampType":"Comb","DetectableWarning":null,"Condition":"Excellent","GlobalID":"{44AF95EE-BFA2-45FC-AFB3-BE540265CAB4}"}},{"type":"Feature","id":1671,"geometry":{"type":"LineString","coordinates":[[-83.736229,42.288354],[-83.736188,42.28834]]},"properties":{"OBJECTID":1671,"Width":null,"Slope":null,"RampType":"Comb","DetectableWarning":null,"Condition":"Excellent","GlobalID":"{006B8C43-575D-4FFC-904C-2F27334AB264}"}},{"type":"Feature","id":1672,"geometry":{"type":"LineString","coordinates":[[-83.735988,42.28834],[-83.735996,42.288319],[-83.735998,42.288299]]},"properties":{"OBJECTID":1672,"Width":null,"Slope":null,"RampType":null,"DetectableWarning":null,"Condition":null,"GlobalID":"{0CC856AE-0309-4181-81D2-7505A23077FC}"}},{"type":"Feature","id":1673,"geometry":{"type":"LineString","coordinates":[[-83.735982,42.288259],[-83.735972,42.288242],[-83.735946,42.288231]]},"properties":{"OBJECTID":1673,"Width":null,"Slope":null,"RampType":"Comb","DetectableWarning":null,"Condition":"Excellent","GlobalID":"{26407C65-1DD0-4C94-926B-9C4C116698FB}"}},{"type":"Feature","id":1674,"geometry":{"type":"LineString","coordinates":[[-83.734841,42.287837],[-83.734867,42.287807]]},"properties":{"OBJECTID":1674,"Width":null,"Slope":null,"RampType":"Par","DetectableWarning":null,"Condition":"Excellent","GlobalID":"{FF2E9140-62BA-426B-B0F3-15FECECAE1AA}"}},{"type":"Feature","id":1675,"geometry":{"type":"LineString","coordinates":[[-83.734747,42.287799],[-83.734764,42.287773],[-83.73476,42.287759]]},"properties":{"OBJECTID":1675,"Width":null,"Slope":null,"RampType":"Par","DetectableWarning":null,"Condition":"Excellent","GlobalID":"{E5D485EB-3CCE-4464-A248-94BBD445900C}"}},{"type":"Feature","id":1676,"geometry":{"type":"LineString","coordinates":[[-83.706502,42.288821],[-83.70651,42.288802],[-83.706528,42.28879]]},"properties":{"OBJECTID":1676,"Width":null,"Slope":null,"RampType":"Par","DetectableWarning":"No","Condition":"Very Good","GlobalID":"{41952197-72FF-4035-8F9E-A20F6945F67E}"}},{"type":"Feature","id":1677,"geometry":{"type":"LineString","coordinates":[[-83.706223,42.289218],[-83.706231,42.289199]]},"properties":{"OBJECTID":1677,"Width":null,"Slope":null,"RampType":null,"DetectableWarning":null,"Condition":null,"GlobalID":"{D2471DBE-DF24-48DE-8B70-096A0C91FB0E}"}},{"type":"Feature","id":1678,"geometry":{"type":"LineString","coordinates":[[-83.7306,42.245297],[-83.730619,42.245297]]},"properties":{"OBJECTID":1678,"Width":null,"Slope":null,"RampType":null,"DetectableWarning":null,"Condition":null,"GlobalID":"{FC552C75-011A-41D3-8E0E-1D884C3C608A}"}},{"type":"Feature","id":1679,"geometry":{"type":"LineString","coordinates":[[-83.730575,42.245048],[-83.730594,42.245048]]},"properties":{"OBJECTID":1679,"Width":null,"Slope":null,"RampType":"Perp","DetectableWarning":null,"Condition":"Very Good","GlobalID":"{A83C0FA5-C496-43F7-BA8F-3DC3449B5FDE}"}},{"type":"Feature","id":1680,"geometry":{"type":"LineString","coordinates":[[-83.730506,42.244808],[-83.730522,42.244807]]},"properties":{"OBJECTID":1680,"Width":null,"Slope":null,"RampType":"Par","DetectableWarning":null,"Condition":"Very Good","GlobalID":"{68EF23CE-201C-4543-8E33-A66BFF7C0DC8}"}},{"type":"Feature","id":1681,"geometry":{"type":"LineString","coordinates":[[-83.73058,42.244747],[-83.73058,42.24476]]},"properties":{"OBJECTID":1681,"Width":null,"Slope":null,"RampType":"Par","DetectableWarning":null,"Condition":"Very Good","GlobalID":"{681547CF-A63E-4285-AF61-CCA393477BF3}"}},{"type":"Feature","id":1682,"geometry":{"type":"LineString","coordinates":[[-83.730931,42.244792],[-83.730927,42.244766]]},"properties":{"OBJECTID":1682,"Width":null,"Slope":null,"RampType":null,"DetectableWarning":null,"Condition":"Very Good","GlobalID":"{D105121D-097C-486E-A56F-77DC12A8FA44}"}},{"type":"Feature","id":1683,"geometry":{"type":"LineString","coordinates":[[-83.731143,42.244786],[-83.731142,42.244764]]},"properties":{"OBJECTID":1683,"Width":null,"Slope":null,"RampType":null,"DetectableWarning":null,"Condition":null,"GlobalID":"{88A45128-A784-4F56-8ADF-31C4EE18185C}"}},{"type":"Feature","id":1684,"geometry":{"type":"LineString","coordinates":[[-83.731658,42.244714],[-83.731657,42.24469]]},"properties":{"OBJECTID":1684,"Width":null,"Slope":null,"RampType":null,"DetectableWarning":null,"Condition":null,"GlobalID":"{54700BCB-0DFF-467B-B603-71CBC2F96A42}"}},{"type":"Feature","id":1685,"geometry":{"type":"LineString","coordinates":[[-83.731751,42.244752],[-83.731787,42.244751]]},"properties":{"OBJECTID":1685,"Width":null,"Slope":null,"RampType":null,"DetectableWarning":null,"Condition":null,"GlobalID":"{FF8DA71E-3BF3-46CA-AA23-E8039D742E13}"}},{"type":"Feature","id":1686,"geometry":{"type":"LineString","coordinates":[[-83.731815,42.245376],[-83.731817,42.245395]]},"properties":{"OBJECTID":1686,"Width":null,"Slope":null,"RampType":"Par","DetectableWarning":"No","Condition":"Very Good","GlobalID":"{2B10B182-810C-4AC4-8F33-F20C58539D36}"}},{"type":"Feature","id":1687,"geometry":{"type":"LineString","coordinates":[[-83.731882,42.245808],[-83.731881,42.245795]]},"properties":{"OBJECTID":1687,"Width":null,"Slope":null,"RampType":null,"DetectableWarning":null,"Condition":null,"GlobalID":"{FB17014E-1E76-4E99-BA2F-ECA4AE6487C1}"}},{"type":"Feature","id":1688,"geometry":{"type":"LineString","coordinates":[[-83.731969,42.245744],[-83.731946,42.245745]]},"properties":{"OBJECTID":1688,"Width":null,"Slope":null,"RampType":"Par","DetectableWarning":null,"Condition":"Very Good","GlobalID":"{68779DF7-8048-4C03-893E-01ED744D5F07}"}},{"type":"Feature","id":1689,"geometry":{"type":"LineString","coordinates":[[-83.702211,42.297887],[-83.70221,42.297911]]},"properties":{"OBJECTID":1689,"Width":6.4,"Slope":null,"RampType":null,"DetectableWarning":"Yes","Condition":"Very Good","GlobalID":"{F062A0D9-DDF5-4136-9703-E54EB747C784}"}},{"type":"Feature","id":1690,"geometry":{"type":"LineString","coordinates":[[-83.703596,42.297305],[-83.70359,42.297297],[-83.703573,42.297286]]},"properties":{"OBJECTID":1690,"Width":9,"Slope":null,"RampType":"Par","DetectableWarning":"Yes","Condition":"Very Good","GlobalID":"{F9F5F2C2-6604-4001-986B-64BDD8E9DE20}"}},{"type":"Feature","id":1691,"geometry":{"type":"LineString","coordinates":[[-83.704357,42.297557],[-83.704373,42.297519]]},"properties":{"OBJECTID":1691,"Width":5.7,"Slope":null,"RampType":"Comb","DetectableWarning":null,"Condition":"Good","GlobalID":"{2927CF1B-225F-4123-92B6-9AF29C95D10F}"}},{"type":"Feature","id":1692,"geometry":{"type":"LineString","coordinates":[[-83.704365,42.297524],[-83.704331,42.297513]]},"properties":{"OBJECTID":1692,"Width":5.7,"Slope":null,"RampType":"Comb","DetectableWarning":null,"Condition":"Very Good","GlobalID":"{C55E03AC-6823-41BA-A8DB-7F3DCD540915}"}},{"type":"Feature","id":1693,"geometry":{"type":"LineString","coordinates":[[-83.703746,42.297359],[-83.703768,42.297347],[-83.703802,42.297341]]},"properties":{"OBJECTID":1693,"Width":9.4,"Slope":null,"RampType":"Comb","DetectableWarning":"Yes","Condition":"Very Good","GlobalID":"{A69FA5A9-5DD8-4F39-A6CE-E39D673C6206}"}},{"type":"Feature","id":1694,"geometry":{"type":"LineString","coordinates":[[-83.696292,42.297871],[-83.696248,42.297855]]},"properties":{"OBJECTID":1694,"Width":7,"Slope":null,"RampType":"Par","DetectableWarning":"No","Condition":"Very Good","GlobalID":"{75C4CACC-BC46-4615-95A1-0EE745100DBC}"}},{"type":"Feature","id":1695,"geometry":{"type":"LineString","coordinates":[[-83.69752,42.297962],[-83.697543,42.297951],[-83.697576,42.297947]]},"properties":{"OBJECTID":1695,"Width":null,"Slope":null,"RampType":"Par","DetectableWarning":"No","Condition":"Very Good","GlobalID":"{AB0BAAD2-769D-407D-9BDB-28E5707049BD}"}},{"type":"Feature","id":1696,"geometry":{"type":"LineString","coordinates":[[-83.697139,42.297927],[-83.697113,42.297915]]},"properties":{"OBJECTID":1696,"Width":7.5,"Slope":null,"RampType":"Par","DetectableWarning":"No","Condition":"Very Good","GlobalID":"{52E63ED3-09E4-455C-A494-4D112809C56B}"}},{"type":"Feature","id":1697,"geometry":{"type":"LineString","coordinates":[[-83.73134,42.2825],[-83.731327,42.282468]]},"properties":{"OBJECTID":1697,"Width":null,"Slope":null,"RampType":"Comb","DetectableWarning":null,"Condition":"Very Good","GlobalID":"{6516A73F-0F80-4C63-9274-9D872181FC2D}"}},{"type":"Feature","id":1698,"geometry":{"type":"LineString","coordinates":[[-83.731262,42.282515],[-83.731247,42.282497],[-83.731232,42.282491]]},"properties":{"OBJECTID":1698,"Width":null,"Slope":null,"RampType":null,"DetectableWarning":null,"Condition":"Excellent","GlobalID":"{C1821F84-188A-412E-8074-44DCDB8BEBD3}"}},{"type":"Feature","id":1699,"geometry":{"type":"LineString","coordinates":[[-83.731024,42.282519],[-83.731027,42.28251],[-83.731041,42.282503]]},"properties":{"OBJECTID":1699,"Width":null,"Slope":null,"RampType":"Par","DetectableWarning":null,"Condition":"Very Good","GlobalID":"{93CCA2C2-CDEC-42BF-89C1-9D909E125013}"}},{"type":"Feature","id":1700,"geometry":{"type":"LineString","coordinates":[[-83.730959,42.282489],[-83.730967,42.282473],[-83.730965,42.282458]]},"properties":{"OBJECTID":1700,"Width":null,"Slope":null,"RampType":"Comb","DetectableWarning":null,"Condition":"Very Good","GlobalID":"{2CE0A2BB-1F3D-4C9B-BC4B-54A21B8E6863}"}},{"type":"Feature","id":1701,"geometry":{"type":"LineString","coordinates":[[-83.703867,42.297351],[-83.703841,42.297346],[-83.703819,42.297343]]},"properties":{"OBJECTID":1701,"Width":7.6,"Slope":null,"RampType":"Comb","DetectableWarning":"Yes","Condition":"Very Good","GlobalID":"{6AE3BF22-E699-4A92-9E55-54D263637CDB}"}},{"type":"Feature","id":1702,"geometry":{"type":"LineString","coordinates":[[-83.744505,42.269637],[-83.744447,42.269645]]},"properties":{"OBJECTID":1702,"Width":null,"Slope":null,"RampType":"Comb","DetectableWarning":"Yes","Condition":"Very Good","GlobalID":"{1135E3C6-3C94-4795-8A4F-6510D4767416}"}},{"type":"Feature","id":1703,"geometry":{"type":"LineString","coordinates":[[-83.745373,42.26952],[-83.745368,42.269485]]},"properties":{"OBJECTID":1703,"Width":null,"Slope":null,"RampType":"Par","DetectableWarning":"Yes","Condition":"Very Good","GlobalID":"{2C08220C-1406-4F95-BC7A-7608B33C3156}"}},{"type":"Feature","id":1704,"geometry":{"type":"LineString","coordinates":[[-83.745261,42.269488],[-83.745256,42.269526]]},"properties":{"OBJECTID":1704,"Width":null,"Slope":null,"RampType":"Par","DetectableWarning":"No","Condition":"Very Good","GlobalID":"{07728DB5-CA65-4A4C-984A-8BBEA76DC75A}"}},{"type":"Feature","id":1705,"geometry":{"type":"LineString","coordinates":[[-83.727524,42.284577],[-83.727498,42.284537]]},"properties":{"OBJECTID":1705,"Width":null,"Slope":null,"RampType":"Comb","DetectableWarning":"Yes","Condition":"Very Good","GlobalID":"{973FAFB0-1C01-47CE-A3A7-7ACA1429FA4D}"}},{"type":"Feature","id":1706,"geometry":{"type":"LineString","coordinates":[[-83.727428,42.284579],[-83.727444,42.284602]]},"properties":{"OBJECTID":1706,"Width":null,"Slope":null,"RampType":"Par","DetectableWarning":"Yes","Condition":"Good","GlobalID":"{945564AD-DB9F-4F2C-9E6C-78C1010194A7}"}},{"type":"Feature","id":1707,"geometry":{"type":"LineString","coordinates":[[-83.727474,42.28459],[-83.727453,42.284561]]},"properties":{"OBJECTID":1707,"Width":null,"Slope":null,"RampType":"Par","DetectableWarning":"Yes","Condition":"Very Good","GlobalID":"{BE33EBC3-0279-41F6-A4A9-E910399E1164}"}},{"type":"Feature","id":1708,"geometry":{"type":"LineString","coordinates":[[-83.727235,42.283937],[-83.727238,42.283904],[-83.727272,42.283887],[-83.727297,42.283882]]},"properties":{"OBJECTID":1708,"Width":null,"Slope":null,"RampType":"Comb","DetectableWarning":"No","Condition":"Very Good","GlobalID":"{D23DF0FE-B55C-4B5E-9B41-C6D2412678E5}"}},{"type":"Feature","id":1709,"geometry":{"type":"LineString","coordinates":[[-83.7272,42.283784],[-83.727155,42.283795]]},"properties":{"OBJECTID":1709,"Width":null,"Slope":null,"RampType":"Comb","DetectableWarning":"No","Condition":"Very Good","GlobalID":"{D48DF1B7-0BB8-4251-9CC9-450F0B736F57}"}},{"type":"Feature","id":1710,"geometry":{"type":"LineString","coordinates":[[-83.727141,42.283788],[-83.72712,42.283746]]},"properties":{"OBJECTID":1710,"Width":null,"Slope":null,"RampType":null,"DetectableWarning":"No","Condition":"Good","GlobalID":"{4A440567-16B2-4727-B472-1B887F94DE98}"}},{"type":"Feature","id":1711,"geometry":{"type":"LineString","coordinates":[[-83.727057,42.283811],[-83.72703,42.283769]]},"properties":{"OBJECTID":1711,"Width":null,"Slope":null,"RampType":"Par","DetectableWarning":"No","Condition":"Good","GlobalID":"{963B85AB-125C-4FA4-B677-7015F3EE841B}"}},{"type":"Feature","id":1712,"geometry":{"type":"LineString","coordinates":[[-83.727027,42.28382],[-83.727009,42.283789]]},"properties":{"OBJECTID":1712,"Width":null,"Slope":null,"RampType":"Par","DetectableWarning":"No","Condition":"Good","GlobalID":"{8B7DDD9C-F001-48F1-9F68-4BD2145F8E7B}"}},{"type":"Feature","id":1713,"geometry":{"type":"LineString","coordinates":[[-83.726971,42.283836],[-83.726955,42.283797]]},"properties":{"OBJECTID":1713,"Width":null,"Slope":null,"RampType":"Perp","DetectableWarning":"No","Condition":"Good","GlobalID":"{AAA6F935-6B3C-4B11-81E3-0997EC14DE35}"}},{"type":"Feature","id":1714,"geometry":{"type":"LineString","coordinates":[[-83.733366,42.273676],[-83.733361,42.273689]]},"properties":{"OBJECTID":1714,"Width":null,"Slope":null,"RampType":null,"DetectableWarning":"No","Condition":"Very Good","GlobalID":"{D129C702-1478-4A39-82F4-4A511CFD6861}"}},{"type":"Feature","id":1715,"geometry":{"type":"LineString","coordinates":[[-83.73336,42.273627],[-83.733366,42.273608]]},"properties":{"OBJECTID":1715,"Width":null,"Slope":null,"RampType":null,"DetectableWarning":"No","Condition":null,"GlobalID":"{0E02514B-C6A0-406C-96BC-AB752C4D121D}"}},{"type":"Feature","id":1716,"geometry":{"type":"LineString","coordinates":[[-83.736803,42.283185],[-83.736773,42.283168]]},"properties":{"OBJECTID":1716,"Width":null,"Slope":null,"RampType":"Par","DetectableWarning":"No","Condition":"Good","GlobalID":"{5ACC431F-CD66-4721-8C2C-6CCAFFECBB5F}"}},{"type":"Feature","id":1717,"geometry":{"type":"LineString","coordinates":[[-83.735752,42.283264],[-83.73577,42.28322]]},"properties":{"OBJECTID":1717,"Width":null,"Slope":null,"RampType":"Comb","DetectableWarning":"Yes","Condition":"Very Good","GlobalID":"{E2153E76-579B-41EC-860E-6695B7B0B4EA}"}},{"type":"Feature","id":1718,"geometry":{"type":"LineString","coordinates":[[-83.735891,42.283186],[-83.735825,42.28319]]},"properties":{"OBJECTID":1718,"Width":null,"Slope":null,"RampType":null,"DetectableWarning":"Yes","Condition":"Good","GlobalID":"{24073E87-B14E-4F2C-9CD3-1C5ECF1C447C}"}},{"type":"Feature","id":1719,"geometry":{"type":"LineString","coordinates":[[-83.71249,42.288159],[-83.71249,42.288132]]},"properties":{"OBJECTID":1719,"Width":null,"Slope":null,"RampType":null,"DetectableWarning":"No","Condition":"Good","GlobalID":"{377396F2-C969-4CF0-A5EF-DFB5389605A7}"}},{"type":"Feature","id":1720,"geometry":{"type":"LineString","coordinates":[[-83.712936,42.289204],[-83.712936,42.289224]]},"properties":{"OBJECTID":1720,"Width":null,"Slope":null,"RampType":"Comb","DetectableWarning":"No","Condition":"Very Good","GlobalID":"{33452CFE-3E45-4223-B004-A590C654D9A5}"}},{"type":"Feature","id":1721,"geometry":{"type":"LineString","coordinates":[[-83.712933,42.289302],[-83.712933,42.289329]]},"properties":{"OBJECTID":1721,"Width":null,"Slope":null,"RampType":"Par","DetectableWarning":"No","Condition":"Very Good","GlobalID":"{57DD6999-74F3-43B0-A700-958220C3ED73}"}},{"type":"Feature","id":1722,"geometry":{"type":"LineString","coordinates":[[-83.71259,42.289396],[-83.712589,42.289383]]},"properties":{"OBJECTID":1722,"Width":null,"Slope":null,"RampType":null,"DetectableWarning":"No","Condition":"Very Good","GlobalID":"{E51E0634-9263-43C4-8423-DC9949C90595}"}},{"type":"Feature","id":1723,"geometry":{"type":"LineString","coordinates":[[-83.712935,42.290219],[-83.71297,42.290222]]},"properties":{"OBJECTID":1723,"Width":null,"Slope":null,"RampType":"Perp","DetectableWarning":"Yes","Condition":"Very Good","GlobalID":"{40FFBC3D-D465-4CFC-81D5-31FDA0266AD6}"}},{"type":"Feature","id":1724,"geometry":{"type":"LineString","coordinates":[[-83.713066,42.290215],[-83.713097,42.290216]]},"properties":{"OBJECTID":1724,"Width":null,"Slope":null,"RampType":"Comb","DetectableWarning":"No","Condition":"Very Good","GlobalID":"{DE71CDF5-32EC-44E9-BA6E-A6634F0084C8}"}},{"type":"Feature","id":1725,"geometry":{"type":"LineString","coordinates":[[-83.710153,42.297228],[-83.710139,42.297205]]},"properties":{"OBJECTID":1725,"Width":null,"Slope":null,"RampType":"Par","DetectableWarning":"No","Condition":"Good","GlobalID":"{219BA26D-AE60-4054-9971-00F63D63929E}"}},{"type":"Feature","id":1726,"geometry":{"type":"LineString","coordinates":[[-83.71177,42.299174],[-83.711772,42.299135]]},"properties":{"OBJECTID":1726,"Width":null,"Slope":null,"RampType":null,"DetectableWarning":"Yes","Condition":"Good","GlobalID":"{24033182-40B1-49A8-BFE8-B994B7829CE3}"}},{"type":"Feature","id":1727,"geometry":{"type":"LineString","coordinates":[[-83.71146,42.299171],[-83.711458,42.299139]]},"properties":{"OBJECTID":1727,"Width":null,"Slope":null,"RampType":null,"DetectableWarning":"No","Condition":"Good","GlobalID":"{7C368315-E3A4-4BCC-AE81-11D5B6113FC0}"}},{"type":"Feature","id":1728,"geometry":{"type":"LineString","coordinates":[[-83.710369,42.298526],[-83.710382,42.298513]]},"properties":{"OBJECTID":1728,"Width":null,"Slope":null,"RampType":"Par","DetectableWarning":"No","Condition":"Good","GlobalID":"{0EC94032-EF85-475D-A1A0-61F27730423E}"}},{"type":"Feature","id":1729,"geometry":{"type":"LineString","coordinates":[[-83.710167,42.298435],[-83.710176,42.298421]]},"properties":{"OBJECTID":1729,"Width":null,"Slope":null,"RampType":"Par","DetectableWarning":"No","Condition":"Good","GlobalID":"{005DFB97-0E43-4692-88BF-05F0D0C0B34B}"}},{"type":"Feature","id":1730,"geometry":{"type":"LineString","coordinates":[[-83.710503,42.298651],[-83.71053,42.298629]]},"properties":{"OBJECTID":1730,"Width":null,"Slope":null,"RampType":null,"DetectableWarning":"No","Condition":"Good","GlobalID":"{726E1A51-2429-417F-A1BE-A8F7DF7F90DF}"}},{"type":"Feature","id":1731,"geometry":{"type":"LineString","coordinates":[[-83.710009,42.300179],[-83.710009,42.300208]]},"properties":{"OBJECTID":1731,"Width":null,"Slope":null,"RampType":"Par","DetectableWarning":"No","Condition":"Good","GlobalID":"{08EBDC0F-FB99-48DA-BC75-996835F53E30}"}},{"type":"Feature","id":1732,"geometry":{"type":"LineString","coordinates":[[-83.712635,42.299596],[-83.712639,42.299544],[-83.71263,42.299526]]},"properties":{"OBJECTID":1732,"Width":null,"Slope":null,"RampType":"Comb","DetectableWarning":"No","Condition":"Good","GlobalID":"{E4CA3979-EF16-48CD-B4F8-309089DFC3CC}"}},{"type":"Feature","id":1733,"geometry":{"type":"LineString","coordinates":[[-83.71235,42.299901],[-83.712353,42.299852]]},"properties":{"OBJECTID":1733,"Width":null,"Slope":null,"RampType":"Comb","DetectableWarning":"No","Condition":"Good","GlobalID":"{BC61F97C-F023-4EF6-B3AF-F1659E68FD89}"}},{"type":"Feature","id":1734,"geometry":{"type":"LineString","coordinates":[[-83.712662,42.298354],[-83.712686,42.298354]]},"properties":{"OBJECTID":1734,"Width":null,"Slope":null,"RampType":"Par","DetectableWarning":"No","Condition":"Good","GlobalID":"{02077594-8C93-4D41-BDB5-C03E5C5B20F5}"}},{"type":"Feature","id":1735,"geometry":{"type":"LineString","coordinates":[[-83.742444,42.277259],[-83.742464,42.277256]]},"properties":{"OBJECTID":1735,"Width":null,"Slope":null,"RampType":null,"DetectableWarning":null,"Condition":null,"GlobalID":"{47A7DA67-F659-4AC0-A323-91B58731E1ED}"}},{"type":"Feature","id":1736,"geometry":{"type":"LineString","coordinates":[[-83.710394,42.297505],[-83.710422,42.297494]]},"properties":{"OBJECTID":1736,"Width":null,"Slope":null,"RampType":"Par","DetectableWarning":"No","Condition":"Good","GlobalID":"{A71B450C-54DA-4172-B18B-EC93F11B46C8}"}},{"type":"Feature","id":1737,"geometry":{"type":"LineString","coordinates":[[-83.710127,42.297596],[-83.710157,42.297584]]},"properties":{"OBJECTID":1737,"Width":null,"Slope":null,"RampType":null,"DetectableWarning":"No","Condition":"Good","GlobalID":"{CFBB6B45-B45F-48D0-AB91-1ABC0EEB8824}"}},{"type":"Feature","id":1738,"geometry":{"type":"LineString","coordinates":[[-83.715279,42.29504],[-83.715228,42.295042]]},"properties":{"OBJECTID":1738,"Width":null,"Slope":null,"RampType":null,"DetectableWarning":"No","Condition":"Good","GlobalID":"{6AFCA331-86F1-4882-B837-9E3AB7E2414A}"}},{"type":"Feature","id":1739,"geometry":{"type":"LineString","coordinates":[[-83.715266,42.29497],[-83.715201,42.294974]]},"properties":{"OBJECTID":1739,"Width":null,"Slope":null,"RampType":null,"DetectableWarning":"No","Condition":"Good","GlobalID":"{0B0F30AD-A554-4004-9467-C0425251E7AD}"}},{"type":"Feature","id":1740,"geometry":{"type":"LineString","coordinates":[[-83.713933,42.295219],[-83.713966,42.295214],[-83.714012,42.295213]]},"properties":{"OBJECTID":1740,"Width":null,"Slope":null,"RampType":null,"DetectableWarning":"No","Condition":"Good","GlobalID":"{CE9244E9-B86B-453C-8859-6E672F60CA74}"}},{"type":"Feature","id":1741,"geometry":{"type":"LineString","coordinates":[[-83.713916,42.295148],[-83.714011,42.295131]]},"properties":{"OBJECTID":1741,"Width":null,"Slope":null,"RampType":null,"DetectableWarning":"No","Condition":"Good","GlobalID":"{6C1BE99D-4003-4F28-8AB1-6A1A36F7EC7A}"}},{"type":"Feature","id":1742,"geometry":{"type":"LineString","coordinates":[[-83.714607,42.298092],[-83.714582,42.298069]]},"properties":{"OBJECTID":1742,"Width":null,"Slope":null,"RampType":null,"DetectableWarning":"Yes","Condition":"Good","GlobalID":"{DC0868D3-2FA1-4DCA-A1B4-74C7D6A48686}"}},{"type":"Feature","id":1743,"geometry":{"type":"LineString","coordinates":[[-83.712377,42.298261],[-83.712355,42.298258],[-83.712335,42.298248]]},"properties":{"OBJECTID":1743,"Width":null,"Slope":null,"RampType":null,"DetectableWarning":"No","Condition":"Good","GlobalID":"{F5B86C7D-901F-4605-A023-4A3CEB659DD1}"}},{"type":"Feature","id":1744,"geometry":{"type":"LineString","coordinates":[[-83.71234,42.298365],[-83.712349,42.298348],[-83.712359,42.298337],[-83.712368,42.298331]]},"properties":{"OBJECTID":1744,"Width":null,"Slope":null,"RampType":null,"DetectableWarning":"No","Condition":"Good","GlobalID":"{0BF82235-1C58-4736-BFFE-04FA7C579ADF}"}},{"type":"Feature","id":1745,"geometry":{"type":"LineString","coordinates":[[-83.71238,42.298725],[-83.712392,42.298708],[-83.71241,42.298693]]},"properties":{"OBJECTID":1745,"Width":null,"Slope":null,"RampType":null,"DetectableWarning":"No","Condition":"Good","GlobalID":"{1AEC31AC-A67F-40C4-8C1D-70EE69E635C7}"}},{"type":"Feature","id":1746,"geometry":{"type":"LineString","coordinates":[[-83.71241,42.298627],[-83.712389,42.29862],[-83.712362,42.298603]]},"properties":{"OBJECTID":1746,"Width":null,"Slope":null,"RampType":null,"DetectableWarning":"No","Condition":"Good","GlobalID":"{233972DD-EB56-4675-B347-4FA1C62F043B}"}},{"type":"Feature","id":1747,"geometry":{"type":"LineString","coordinates":[[-83.712747,42.299589],[-83.712771,42.29957],[-83.712801,42.299553]]},"properties":{"OBJECTID":1747,"Width":null,"Slope":null,"RampType":"Par","DetectableWarning":"No","Condition":"Good","GlobalID":"{4D8156F7-34C2-44CD-9CAC-F82798952902}"}},{"type":"Feature","id":1748,"geometry":{"type":"LineString","coordinates":[[-83.712784,42.299481],[-83.712725,42.299484]]},"properties":{"OBJECTID":1748,"Width":null,"Slope":null,"RampType":null,"DetectableWarning":"No","Condition":"Good","GlobalID":"{6933BDAA-7A58-417A-928E-3F82F014F01D}"}},{"type":"Feature","id":1749,"geometry":{"type":"LineString","coordinates":[[-83.716815,42.294994],[-83.716853,42.294992]]},"properties":{"OBJECTID":1749,"Width":null,"Slope":null,"RampType":null,"DetectableWarning":"No","Condition":"Good","GlobalID":"{5C376430-B346-4A97-90C7-4C49318899DB}"}},{"type":"Feature","id":1750,"geometry":{"type":"LineString","coordinates":[[-83.717029,42.294982],[-83.716991,42.294984]]},"properties":{"OBJECTID":1750,"Width":null,"Slope":null,"RampType":null,"DetectableWarning":"No","Condition":"Good","GlobalID":"{321B06F6-9256-4B5B-A8C1-29BDC7CA7478}"}},{"type":"Feature","id":1751,"geometry":{"type":"LineString","coordinates":[[-83.718353,42.294935],[-83.718412,42.294932]]},"properties":{"OBJECTID":1751,"Width":null,"Slope":null,"RampType":null,"DetectableWarning":null,"Condition":"Good","GlobalID":"{F004A90F-E42C-4298-923D-571235107664}"}},{"type":"Feature","id":1752,"geometry":{"type":"LineString","coordinates":[[-83.718522,42.294926],[-83.718569,42.294924]]},"properties":{"OBJECTID":1752,"Width":null,"Slope":null,"RampType":null,"DetectableWarning":"No","Condition":"Good","GlobalID":"{7BA87156-EF28-425F-96F8-5DE56FC866B2}"}},{"type":"Feature","id":1753,"geometry":{"type":"LineString","coordinates":[[-83.717529,42.293916],[-83.717604,42.293915]]},"properties":{"OBJECTID":1753,"Width":null,"Slope":null,"RampType":null,"DetectableWarning":"No","Condition":"Good","GlobalID":"{BD9D7267-C3C1-4A2E-8B35-748DBFC40BA3}"}},{"type":"Feature","id":1754,"geometry":{"type":"LineString","coordinates":[[-83.71741,42.293914],[-83.717336,42.293915]]},"properties":{"OBJECTID":1754,"Width":null,"Slope":null,"RampType":null,"DetectableWarning":"No","Condition":"Good","GlobalID":"{03B6A924-FACC-441C-B968-08D060817211}"}},{"type":"Feature","id":1755,"geometry":{"type":"LineString","coordinates":[[-83.700669,42.294009],[-83.700669,42.293983]]},"properties":{"OBJECTID":1755,"Width":null,"Slope":null,"RampType":null,"DetectableWarning":"No","Condition":"Very Good","GlobalID":"{2FF0EB44-88C4-4614-AC38-19D4B64A1937}"}},{"type":"Feature","id":1756,"geometry":{"type":"LineString","coordinates":[[-83.701127,42.294011],[-83.701127,42.293985]]},"properties":{"OBJECTID":1756,"Width":null,"Slope":null,"RampType":null,"DetectableWarning":"No","Condition":"Good","GlobalID":"{8BA161C7-2D31-4127-A97C-EB92BA239770}"}},{"type":"Feature","id":1757,"geometry":{"type":"LineString","coordinates":[[-83.701266,42.294121],[-83.701299,42.29412]]},"properties":{"OBJECTID":1757,"Width":null,"Slope":null,"RampType":null,"DetectableWarning":"No","Condition":"Good","GlobalID":"{4B173A46-3F68-4047-AB91-241CA05DF489}"}},{"type":"Feature","id":1758,"geometry":{"type":"LineString","coordinates":[[-83.700498,42.294329],[-83.700497,42.294356]]},"properties":{"OBJECTID":1758,"Width":null,"Slope":null,"RampType":"Par","DetectableWarning":"No","Condition":"Good","GlobalID":"{EC384202-925A-426B-B260-59159DB39A11}"}},{"type":"Feature","id":1759,"geometry":{"type":"LineString","coordinates":[[-83.700885,42.29433],[-83.700884,42.294362]]},"properties":{"OBJECTID":1759,"Width":null,"Slope":null,"RampType":null,"DetectableWarning":"No","Condition":"Good","GlobalID":"{C2FB9575-2480-4852-8D58-174EEC055677}"}},{"type":"Feature","id":1760,"geometry":{"type":"LineString","coordinates":[[-83.701144,42.294327],[-83.701144,42.29436]]},"properties":{"OBJECTID":1760,"Width":null,"Slope":null,"RampType":"Par","DetectableWarning":"No","Condition":"Very Good","GlobalID":"{3AFD5DB7-5D34-4FE7-B9D5-20E55F3D82B8}"}},{"type":"Feature","id":1761,"geometry":{"type":"LineString","coordinates":[[-83.698867,42.292536],[-83.698825,42.292552]]},"properties":{"OBJECTID":1761,"Width":null,"Slope":null,"RampType":"Par","DetectableWarning":"No","Condition":"Good","GlobalID":"{2ADC3871-CC93-468E-ACCA-4ADAEF7916F0}"}},{"type":"Feature","id":1762,"geometry":{"type":"LineString","coordinates":[[-83.698985,42.29273],[-83.698957,42.292742]]},"properties":{"OBJECTID":1762,"Width":null,"Slope":null,"RampType":"Par","DetectableWarning":"No","Condition":"Good","GlobalID":"{2041BBC6-E42B-4AF2-AB5D-63239E63558D}"}},{"type":"Feature","id":1763,"geometry":{"type":"LineString","coordinates":[[-83.699394,42.292623],[-83.699421,42.292611]]},"properties":{"OBJECTID":1763,"Width":null,"Slope":null,"RampType":"Par","DetectableWarning":"No","Condition":"Good","GlobalID":"{72890907-22C5-49EB-ADCB-9F0DAD1D4E69}"}},{"type":"Feature","id":1764,"geometry":{"type":"LineString","coordinates":[[-83.699552,42.292888],[-83.699584,42.292873]]},"properties":{"OBJECTID":1764,"Width":null,"Slope":null,"RampType":"Par","DetectableWarning":"No","Condition":"Good","GlobalID":"{1BF860D7-BD27-44EB-B315-3D6442374A62}"}},{"type":"Feature","id":1765,"geometry":{"type":"LineString","coordinates":[[-83.698042,42.293377],[-83.698082,42.293378]]},"properties":{"OBJECTID":1765,"Width":null,"Slope":null,"RampType":"Perp","DetectableWarning":"No","Condition":"Good","GlobalID":"{E12DA76D-AD18-439A-AF10-C430951EFC47}"}},{"type":"Feature","id":1766,"geometry":{"type":"LineString","coordinates":[[-83.698043,42.293559],[-83.69809,42.293561]]},"properties":{"OBJECTID":1766,"Width":null,"Slope":null,"RampType":"Perp","DetectableWarning":"No","Condition":"Good","GlobalID":"{25D5FC4B-284B-4226-9C2C-5D1E19097476}"}},{"type":"Feature","id":1767,"geometry":{"type":"LineString","coordinates":[[-83.746251,42.242881],[-83.746213,42.242881]]},"properties":{"OBJECTID":1767,"Width":6,"Slope":5.2,"RampType":"Perp","DetectableWarning":"No","Condition":"Poor","GlobalID":"{D2AD3B1F-2D0A-40E5-8479-1568589AA076}"}},{"type":"Feature","id":1768,"geometry":{"type":"LineString","coordinates":[[-83.746326,42.273043],[-83.746363,42.273039],[-83.746378,42.273029]]},"properties":{"OBJECTID":1768,"Width":null,"Slope":null,"RampType":"Par","DetectableWarning":"Yes","Condition":"Good","GlobalID":"{F7EA4D2B-6E91-4088-A949-EB40136C8934}"}},{"type":"Feature","id":1769,"geometry":{"type":"LineString","coordinates":[[-83.746421,42.272307],[-83.746401,42.272292],[-83.746377,42.272289]]},"properties":{"OBJECTID":1769,"Width":null,"Slope":null,"RampType":null,"DetectableWarning":"No","Condition":"Good","GlobalID":"{E1786DD2-85CA-4A54-B330-90111BEF3EB7}"}},{"type":"Feature","id":1770,"geometry":{"type":"LineString","coordinates":[[-83.746421,42.272219],[-83.746373,42.272213]]},"properties":{"OBJECTID":1770,"Width":null,"Slope":null,"RampType":"Par","DetectableWarning":"No","Condition":"Good","GlobalID":"{16F350BF-C8E4-4207-9496-D73F5F7898BE}"}},{"type":"Feature","id":1771,"geometry":{"type":"LineString","coordinates":[[-83.746094,42.273149],[-83.746099,42.273121]]},"properties":{"OBJECTID":1771,"Width":null,"Slope":null,"RampType":null,"DetectableWarning":"Yes","Condition":"Good","GlobalID":"{AB64809F-E193-4FF3-B8A9-A63BBE3B367B}"}},{"type":"Feature","id":1772,"geometry":{"type":"LineString","coordinates":[[-83.746019,42.273143],[-83.746019,42.273126]]},"properties":{"OBJECTID":1772,"Width":null,"Slope":null,"RampType":"Par","DetectableWarning":"No","Condition":"Good","GlobalID":"{D71EF244-75BD-4F0C-AEE4-2A6B7505EBF9}"}},{"type":"Feature","id":1773,"geometry":{"type":"LineString","coordinates":[[-83.746317,42.273118],[-83.746379,42.27312]]},"properties":{"OBJECTID":1773,"Width":null,"Slope":null,"RampType":"Par","DetectableWarning":"Yes","Condition":"Good","GlobalID":"{DF13C509-7EE9-4B9E-91BF-B0EC86AA0A68}"}},{"type":"Feature","id":1774,"geometry":{"type":"LineString","coordinates":[[-83.747523,42.274033],[-83.74751,42.274027],[-83.747508,42.274013]]},"properties":{"OBJECTID":1774,"Width":null,"Slope":null,"RampType":null,"DetectableWarning":"No","Condition":"Good","GlobalID":"{29154C60-307F-490C-B9CC-E76FF65C111B}"}},{"type":"Feature","id":1775,"geometry":{"type":"LineString","coordinates":[[-83.747423,42.274035],[-83.747421,42.274011]]},"properties":{"OBJECTID":1775,"Width":null,"Slope":null,"RampType":null,"DetectableWarning":"No","Condition":"Good","GlobalID":"{E77602DD-A155-498C-9C6D-A4313F651737}"}},{"type":"Feature","id":1776,"geometry":{"type":"LineString","coordinates":[[-83.699006,42.294092],[-83.698977,42.29407]]},"properties":{"OBJECTID":1776,"Width":null,"Slope":null,"RampType":"Par","DetectableWarning":"No","Condition":"Very Good","GlobalID":"{4833416C-8369-47AB-890F-281D5AF7D40A}"}},{"type":"Feature","id":1777,"geometry":{"type":"LineString","coordinates":[[-83.698711,42.294313],[-83.698688,42.294298]]},"properties":{"OBJECTID":1777,"Width":null,"Slope":null,"RampType":"Par","DetectableWarning":"No","Condition":"Very Good","GlobalID":"{13B80D8E-825F-4446-AC05-94DB7393F334}"}},{"type":"Feature","id":1778,"geometry":{"type":"LineString","coordinates":[[-83.698715,42.294397],[-83.698699,42.294413]]},"properties":{"OBJECTID":1778,"Width":null,"Slope":null,"RampType":"Perp","DetectableWarning":"No","Condition":"Very Good","GlobalID":"{38DEE069-BE08-4F6F-95C1-C81AE4AFB7DE}"}},{"type":"Feature","id":1779,"geometry":{"type":"LineString","coordinates":[[-83.698921,42.294536],[-83.698895,42.294561]]},"properties":{"OBJECTID":1779,"Width":null,"Slope":null,"RampType":"Par","DetectableWarning":"Yes","Condition":"Very Good","GlobalID":"{6A538E82-5660-4044-8C2B-FA9A2E18C8D0}"}},{"type":"Feature","id":1780,"geometry":{"type":"LineString","coordinates":[[-83.698303,42.293306],[-83.698303,42.29328]]},"properties":{"OBJECTID":1780,"Width":null,"Slope":null,"RampType":"Par","DetectableWarning":"No","Condition":"Very Good","GlobalID":"{3EE7C13D-7287-4121-9C5F-E7440B824BEF}"}},{"type":"Feature","id":1781,"geometry":{"type":"LineString","coordinates":[[-83.698627,42.293307],[-83.698627,42.293284]]},"properties":{"OBJECTID":1781,"Width":null,"Slope":null,"RampType":"Par","DetectableWarning":"Yes","Condition":"Very Good","GlobalID":"{49D1DEB5-E38E-495A-AF89-41662D860D66}"}},{"type":"Feature","id":1782,"geometry":{"type":"LineString","coordinates":[[-83.712781,42.300447],[-83.712818,42.300423]]},"properties":{"OBJECTID":1782,"Width":null,"Slope":null,"RampType":null,"DetectableWarning":"No","Condition":"Very Good","GlobalID":"{2F2A5B96-C1B7-4B14-BA22-297715EB2FAA}"}},{"type":"Feature","id":1783,"geometry":{"type":"LineString","coordinates":[[-83.712818,42.300327],[-83.71278,42.300312]]},"properties":{"OBJECTID":1783,"Width":null,"Slope":null,"RampType":"Par","DetectableWarning":"No","Condition":"Good","GlobalID":"{EF9F4C34-11E8-497F-B708-9A85321FC20C}"}},{"type":"Feature","id":1784,"geometry":{"type":"LineString","coordinates":[[-83.719119,42.294895],[-83.719048,42.294893]]},"properties":{"OBJECTID":1784,"Width":null,"Slope":null,"RampType":null,"DetectableWarning":"No","Condition":"Good","GlobalID":"{066A2361-BEDB-4AE3-9BF1-3728F4679B98}"}},{"type":"Feature","id":1785,"geometry":{"type":"LineString","coordinates":[[-83.719037,42.294815],[-83.719088,42.294795]]},"properties":{"OBJECTID":1785,"Width":null,"Slope":null,"RampType":null,"DetectableWarning":"No","Condition":"Very Good","GlobalID":"{01296E29-D967-48F0-8762-5CF99254D3FC}"}},{"type":"Feature","id":1786,"geometry":{"type":"LineString","coordinates":[[-83.71919,42.294953],[-83.719158,42.29491]]},"properties":{"OBJECTID":1786,"Width":null,"Slope":null,"RampType":null,"DetectableWarning":"No","Condition":"Good","GlobalID":"{31D2745B-50EB-466E-9600-47C9085B03B9}"}},{"type":"Feature","id":1787,"geometry":{"type":"LineString","coordinates":[[-83.71933,42.294957],[-83.719346,42.294918]]},"properties":{"OBJECTID":1787,"Width":null,"Slope":null,"RampType":null,"DetectableWarning":"No","Condition":"Good","GlobalID":"{DB6CDBD7-51F0-4819-A0A3-883EA6C64B67}"}},{"type":"Feature","id":1788,"geometry":{"type":"LineString","coordinates":[[-83.719334,42.294923],[-83.719386,42.294907]]},"properties":{"OBJECTID":1788,"Width":null,"Slope":null,"RampType":null,"DetectableWarning":"No","Condition":"Good","GlobalID":"{CC102F52-1578-4569-890D-F967B5DD2F5F}"}},{"type":"Feature","id":1789,"geometry":{"type":"LineString","coordinates":[[-83.719099,42.294799],[-83.719108,42.294757]]},"properties":{"OBJECTID":1789,"Width":null,"Slope":null,"RampType":null,"DetectableWarning":"No","Condition":"Very Good","GlobalID":"{2C2A8089-65E1-4E77-989E-FFA101A71E91}"}},{"type":"Feature","id":1790,"geometry":{"type":"LineString","coordinates":[[-83.719302,42.294797],[-83.719278,42.294776]]},"properties":{"OBJECTID":1790,"Width":null,"Slope":null,"RampType":null,"DetectableWarning":"No","Condition":"Very Good","GlobalID":"{A3BBC433-B486-4AD4-8ED7-0AD7B886ECDC}"}},{"type":"Feature","id":1791,"geometry":{"type":"LineString","coordinates":[[-83.719322,42.294807],[-83.719356,42.294809]]},"properties":{"OBJECTID":1791,"Width":null,"Slope":null,"RampType":null,"DetectableWarning":"No","Condition":"Very Good","GlobalID":"{7EF57085-F3B5-4FA2-9821-C710460E34B4}"}},{"type":"Feature","id":1792,"geometry":{"type":"LineString","coordinates":[[-83.709147,42.300774],[-83.709123,42.300776]]},"properties":{"OBJECTID":1792,"Width":null,"Slope":null,"RampType":"Par","DetectableWarning":"Yes","Condition":"Very Good","GlobalID":"{05789634-9F2E-4C9E-BF03-94EF328DCCD9}"}},{"type":"Feature","id":1793,"geometry":{"type":"LineString","coordinates":[[-83.709229,42.300766],[-83.709247,42.300764]]},"properties":{"OBJECTID":1793,"Width":null,"Slope":null,"RampType":"Perp","DetectableWarning":"Yes","Condition":"Very Good","GlobalID":"{A40AA1CE-F920-4D23-BA0C-20154F4941B1}"}},{"type":"Feature","id":1794,"geometry":{"type":"LineString","coordinates":[[-83.702591,42.298006],[-83.70256,42.298007]]},"properties":{"OBJECTID":1794,"Width":null,"Slope":null,"RampType":"Par","DetectableWarning":"Yes","Condition":"Very Good","GlobalID":"{6079B200-AAAA-405F-8A05-C16797406988}"}},{"type":"Feature","id":1795,"geometry":{"type":"LineString","coordinates":[[-83.702571,42.297852],[-83.702572,42.297828]]},"properties":{"OBJECTID":1795,"Width":null,"Slope":null,"RampType":"Par","DetectableWarning":"Yes","Condition":"Very Good","GlobalID":"{1C58F316-4D6A-41C5-B5FF-ADF1CF4EA992}"}},{"type":"Feature","id":1796,"geometry":{"type":"LineString","coordinates":[[-83.702482,42.297857],[-83.702479,42.297829]]},"properties":{"OBJECTID":1796,"Width":null,"Slope":null,"RampType":null,"DetectableWarning":"Yes","Condition":"Very Good","GlobalID":"{D3AEC59B-BAC0-471A-9DB9-FD4E045EDBA8}"}},{"type":"Feature","id":1797,"geometry":{"type":"LineString","coordinates":[[-83.702435,42.297856],[-83.702433,42.297827]]},"properties":{"OBJECTID":1797,"Width":null,"Slope":null,"RampType":"Par","DetectableWarning":"Yes","Condition":"Good","GlobalID":"{47848922-26BF-46D7-952E-7D750B3849C1}"}},{"type":"Feature","id":1798,"geometry":{"type":"LineString","coordinates":[[-83.711381,42.301273],[-83.711343,42.301272]]},"properties":{"OBJECTID":1798,"Width":null,"Slope":null,"RampType":null,"DetectableWarning":"No","Condition":"Good","GlobalID":"{FCF5FA18-E101-464F-AE1C-5E333F580B6B}"}},{"type":"Feature","id":1799,"geometry":{"type":"LineString","coordinates":[[-83.71134,42.301427],[-83.711395,42.301432]]},"properties":{"OBJECTID":1799,"Width":null,"Slope":null,"RampType":null,"DetectableWarning":"No","Condition":"Good","GlobalID":"{42F8D7ED-BC51-46E5-86A1-2C9A8A5056DC}"}},{"type":"Feature","id":1800,"geometry":{"type":"LineString","coordinates":[[-83.710897,42.301621],[-83.71085,42.301621]]},"properties":{"OBJECTID":1800,"Width":null,"Slope":null,"RampType":null,"DetectableWarning":"No","Condition":"Good","GlobalID":"{BE8CC17F-00FD-479E-BFA2-1B3F4ABD0E2D}"}},{"type":"Feature","id":1801,"geometry":{"type":"LineString","coordinates":[[-83.710892,42.30144],[-83.710844,42.301441]]},"properties":{"OBJECTID":1801,"Width":null,"Slope":null,"RampType":null,"DetectableWarning":"No","Condition":null,"GlobalID":"{8913B235-09CD-44B8-8F7D-DCF67BEBFBD6}"}},{"type":"Feature","id":1802,"geometry":{"type":"LineString","coordinates":[[-83.711031,42.301241],[-83.710997,42.301241]]},"properties":{"OBJECTID":1802,"Width":null,"Slope":null,"RampType":null,"DetectableWarning":"No","Condition":"Good","GlobalID":"{E15F33C3-024A-42AC-B1E1-F7DB62553BBF}"}},{"type":"Feature","id":1803,"geometry":{"type":"LineString","coordinates":[[-83.710108,42.301142],[-83.71013,42.301188]]},"properties":{"OBJECTID":1803,"Width":null,"Slope":null,"RampType":"Par","DetectableWarning":"No","Condition":"Good","GlobalID":"{6F5FC9BC-8377-4423-9AD2-16D0E3491D5D}"}},{"type":"Feature","id":1804,"geometry":{"type":"LineString","coordinates":[[-83.709645,42.300919],[-83.709631,42.30089]]},"properties":{"OBJECTID":1804,"Width":null,"Slope":null,"RampType":"Par","DetectableWarning":"No","Condition":"Good","GlobalID":"{0373D671-877C-4CC0-BCF9-0644BC7B783B}"}},{"type":"Feature","id":1805,"geometry":{"type":"LineString","coordinates":[[-83.710195,42.301062],[-83.710212,42.301089]]},"properties":{"OBJECTID":1805,"Width":null,"Slope":null,"RampType":"Par","DetectableWarning":"No","Condition":"Good","GlobalID":"{EA61736F-E751-40C1-94F8-96C85F8CC276}"}},{"type":"Feature","id":1806,"geometry":{"type":"LineString","coordinates":[[-83.70962,42.299906],[-83.70962,42.299849]]},"properties":{"OBJECTID":1806,"Width":null,"Slope":null,"RampType":"Par","DetectableWarning":"No","Condition":"Good","GlobalID":"{1CD1B5B7-5E4F-476F-BA6F-2C5FE736C70C}"}},{"type":"Feature","id":1807,"geometry":{"type":"LineString","coordinates":[[-83.709788,42.299896],[-83.709788,42.299862]]},"properties":{"OBJECTID":1807,"Width":null,"Slope":null,"RampType":"Par","DetectableWarning":"No","Condition":"Good","GlobalID":"{027881A3-7582-44CF-805E-5EE3D53C083E}"}},{"type":"Feature","id":1808,"geometry":{"type":"LineString","coordinates":[[-83.710022,42.299954],[-83.710029,42.29991]]},"properties":{"OBJECTID":1808,"Width":null,"Slope":null,"RampType":null,"DetectableWarning":"No","Condition":"Good","GlobalID":"{F0D002D6-012D-45A9-BE63-29326AB6F5DE}"}},{"type":"Feature","id":1809,"geometry":{"type":"LineString","coordinates":[[-83.709753,42.300234],[-83.709759,42.300271]]},"properties":{"OBJECTID":1809,"Width":null,"Slope":null,"RampType":null,"DetectableWarning":"No","Condition":"Good","GlobalID":"{5C2C2AB9-4762-4DAB-B779-06EB6FDAE0C4}"}},{"type":"Feature","id":1810,"geometry":{"type":"LineString","coordinates":[[-83.698278,42.293631],[-83.698281,42.293651]]},"properties":{"OBJECTID":1810,"Width":null,"Slope":null,"RampType":"Par","DetectableWarning":null,"Condition":"Good","GlobalID":"{0A26C041-655B-4CE1-925E-5884B3199776}"}},{"type":"Feature","id":1811,"geometry":{"type":"LineString","coordinates":[[-83.700501,42.293155],[-83.700505,42.293119]]},"properties":{"OBJECTID":1811,"Width":null,"Slope":null,"RampType":null,"DetectableWarning":"No","Condition":"Good","GlobalID":"{4375E8AD-4CA2-49AF-8C3E-C46B92E07519}"}},{"type":"Feature","id":1812,"geometry":{"type":"LineString","coordinates":[[-83.699094,42.294482],[-83.699125,42.294503]]},"properties":{"OBJECTID":1812,"Width":null,"Slope":null,"RampType":"Par","DetectableWarning":"No","Condition":"Good","GlobalID":"{5AB89209-C84C-4372-95E6-B1853D0A82DA}"}},{"type":"Feature","id":1813,"geometry":{"type":"LineString","coordinates":[[-83.6993,42.294329],[-83.699327,42.294352]]},"properties":{"OBJECTID":1813,"Width":null,"Slope":null,"RampType":"Par","DetectableWarning":"No","Condition":"Good","GlobalID":"{79C5FE1A-54CE-4F60-8A6A-E7FABD066942}"}},{"type":"Feature","id":1814,"geometry":{"type":"LineString","coordinates":[[-83.698849,42.293626],[-83.698855,42.293659]]},"properties":{"OBJECTID":1814,"Width":null,"Slope":null,"RampType":null,"DetectableWarning":null,"Condition":"Good","GlobalID":"{034E8442-0896-4A5F-8FD6-258ADF619A60}"}},{"type":"Feature","id":1815,"geometry":{"type":"LineString","coordinates":[[-83.711881,42.297548],[-83.711866,42.297534]]},"properties":{"OBJECTID":1815,"Width":null,"Slope":null,"RampType":null,"DetectableWarning":"No","Condition":"Good","GlobalID":"{7EA1B4AC-F1C9-44C5-9797-22321459CA58}"}},{"type":"Feature","id":1816,"geometry":{"type":"LineString","coordinates":[[-83.711274,42.301952],[-83.711321,42.30195]]},"properties":{"OBJECTID":1816,"Width":null,"Slope":null,"RampType":null,"DetectableWarning":"No","Condition":"Good","GlobalID":"{3C327C43-9FA2-40FA-AABE-0C2D5773238C}"}},{"type":"Feature","id":1817,"geometry":{"type":"LineString","coordinates":[[-83.711199,42.301959],[-83.711148,42.30196]]},"properties":{"OBJECTID":1817,"Width":null,"Slope":null,"RampType":"Par","DetectableWarning":"No","Condition":"Good","GlobalID":"{B6158909-38C1-4970-965F-9D12D4DC9B96}"}},{"type":"Feature","id":1818,"geometry":{"type":"LineString","coordinates":[[-83.711032,42.301958],[-83.711085,42.301957],[-83.711034,42.301957]]},"properties":{"OBJECTID":1818,"Width":null,"Slope":null,"RampType":"Par","DetectableWarning":"No","Condition":"Good","GlobalID":"{9FFB37CD-7C25-4DD2-9D7A-2284C7504560}"}},{"type":"Feature","id":1819,"geometry":{"type":"LineString","coordinates":[[-83.710959,42.301958],[-83.71091,42.301958]]},"properties":{"OBJECTID":1819,"Width":null,"Slope":null,"RampType":null,"DetectableWarning":"No","Condition":"Good","GlobalID":"{4A9D1AB4-D358-44E0-8240-88D38A3047F9}"}},{"type":"Feature","id":1820,"geometry":{"type":"LineString","coordinates":[[-83.709471,42.301263],[-83.709515,42.301325]]},"properties":{"OBJECTID":1820,"Width":null,"Slope":null,"RampType":"Comb","DetectableWarning":"No","Condition":"Good","GlobalID":"{6FB88F2B-7E45-46C9-AD7E-F1721BAE8DCA}"}},{"type":"Feature","id":1821,"geometry":{"type":"LineString","coordinates":[[-83.709438,42.301212],[-83.709416,42.301178]]},"properties":{"OBJECTID":1821,"Width":null,"Slope":null,"RampType":null,"DetectableWarning":"No","Condition":"Good","GlobalID":"{A3E9E694-B68C-4271-8865-BB41034E635C}"}},{"type":"Feature","id":1822,"geometry":{"type":"LineString","coordinates":[[-83.709369,42.301103],[-83.709389,42.301136]]},"properties":{"OBJECTID":1822,"Width":null,"Slope":null,"RampType":"Par","DetectableWarning":"No","Condition":"Good","GlobalID":"{5E701CF3-42C5-4780-AF07-4140F38FE17E}"}},{"type":"Feature","id":1823,"geometry":{"type":"LineString","coordinates":[[-83.709338,42.301045],[-83.709313,42.300999]]},"properties":{"OBJECTID":1823,"Width":null,"Slope":null,"RampType":null,"DetectableWarning":"No","Condition":"Good","GlobalID":"{AFCE1812-87BF-4248-8155-CFFD0B2EC2E5}"}},{"type":"Feature","id":1824,"geometry":{"type":"LineString","coordinates":[[-83.709236,42.300187],[-83.709235,42.300229]]},"properties":{"OBJECTID":1824,"Width":null,"Slope":null,"RampType":"Par","DetectableWarning":"No","Condition":"Good","GlobalID":"{7DA4ADED-F155-4C5E-8BF8-7C8F92B4AD4D}"}},{"type":"Feature","id":1825,"geometry":{"type":"LineString","coordinates":[[-83.709238,42.300126],[-83.709236,42.300096]]},"properties":{"OBJECTID":1825,"Width":null,"Slope":null,"RampType":null,"DetectableWarning":"No","Condition":"Good","GlobalID":"{F324AF7B-E4DE-4226-A472-842EDE1F7977}"}},{"type":"Feature","id":1826,"geometry":{"type":"LineString","coordinates":[[-83.709236,42.300008],[-83.709236,42.300038]]},"properties":{"OBJECTID":1826,"Width":null,"Slope":null,"RampType":"Par","DetectableWarning":"No","Condition":"Good","GlobalID":"{AD7529F3-8346-40B4-AF20-F99D88D95200}"}},{"type":"Feature","id":1827,"geometry":{"type":"LineString","coordinates":[[-83.709238,42.299951],[-83.709239,42.299924]]},"properties":{"OBJECTID":1827,"Width":null,"Slope":null,"RampType":"Par","DetectableWarning":"No","Condition":"Good","GlobalID":"{D03AC3A0-846F-42AA-BD11-F28EF698955A}"}},{"type":"Feature","id":1828,"geometry":{"type":"LineString","coordinates":[[-83.71217,42.295792],[-83.712197,42.295777]]},"properties":{"OBJECTID":1828,"Width":null,"Slope":null,"RampType":null,"DetectableWarning":"No","Condition":"Good","GlobalID":"{A94A8588-A5F7-45C7-91EF-2A121A200C56}"}},{"type":"Feature","id":1829,"geometry":{"type":"LineString","coordinates":[[-83.738102,42.280977],[-83.738121,42.280968]]},"properties":{"OBJECTID":1829,"Width":null,"Slope":null,"RampType":"Par","DetectableWarning":"No","Condition":"Good","GlobalID":"{7C0782C8-863C-4C63-91D7-32FC9222E3D8}"}},{"type":"Feature","id":1830,"geometry":{"type":"LineString","coordinates":[[-83.700862,42.293474],[-83.700862,42.293513]]},"properties":{"OBJECTID":1830,"Width":null,"Slope":null,"RampType":null,"DetectableWarning":"No","Condition":"Good","GlobalID":"{8C47559A-523E-4F84-BFA0-0E3A2A17ED59}"}},{"type":"Feature","id":1831,"geometry":{"type":"LineString","coordinates":[[-83.700575,42.293472],[-83.700575,42.293502]]},"properties":{"OBJECTID":1831,"Width":null,"Slope":null,"RampType":"Par","DetectableWarning":"No","Condition":"Good","GlobalID":"{3D38B086-FBD9-41A0-96B6-8808A69F9BCA}"}},{"type":"Feature","id":1832,"geometry":{"type":"LineString","coordinates":[[-83.709427,42.296493],[-83.709471,42.296472]]},"properties":{"OBJECTID":1832,"Width":null,"Slope":null,"RampType":null,"DetectableWarning":"No","Condition":"Good","GlobalID":"{4B49845F-4A96-44B7-89B4-5DDADA1486E2}"}},{"type":"Feature","id":1833,"geometry":{"type":"LineString","coordinates":[[-83.712049,42.29584],[-83.712021,42.295853]]},"properties":{"OBJECTID":1833,"Width":null,"Slope":null,"RampType":"Par","DetectableWarning":"No","Condition":"Very Good","GlobalID":"{C951EF67-AB31-4F18-AAC8-9D145E01099E}"}},{"type":"Feature","id":1834,"geometry":{"type":"LineString","coordinates":[[-83.712498,42.29929],[-83.712438,42.299281]]},"properties":{"OBJECTID":1834,"Width":null,"Slope":null,"RampType":null,"DetectableWarning":"No","Condition":"Good","GlobalID":"{159DF00F-3703-4EB4-8DEA-A7725FA5E663}"}},{"type":"Feature","id":1835,"geometry":{"type":"LineString","coordinates":[[-83.712423,42.29919],[-83.712427,42.299164]]},"properties":{"OBJECTID":1835,"Width":null,"Slope":null,"RampType":null,"DetectableWarning":"No","Condition":"Good","GlobalID":"{89BB8E93-C415-49A0-A23E-ABF662CE8782}"}},{"type":"Feature","id":1836,"geometry":{"type":"LineString","coordinates":[[-83.739417,42.288999],[-83.739393,42.28898]]},"properties":{"OBJECTID":1836,"Width":4,"Slope":2.4,"RampType":"Par","DetectableWarning":"Yes","Condition":"Good","GlobalID":"{D3734C98-4BF0-480F-AB4D-EEB56BF5A4F0}"}},{"type":"Feature","id":1837,"geometry":{"type":"LineString","coordinates":[[-83.739552,42.288891],[-83.739581,42.288909]]},"properties":{"OBJECTID":1837,"Width":4,"Slope":4.4,"RampType":"Par","DetectableWarning":"Yes","Condition":"Good","GlobalID":"{FD161E13-3742-4369-AC18-DEB4CB37555E}"}},{"type":"Feature","id":1838,"geometry":{"type":"LineString","coordinates":[[-83.738772,42.289257],[-83.738786,42.289245]]},"properties":{"OBJECTID":1838,"Width":4,"Slope":1.7,"RampType":"Perp","DetectableWarning":"Yes","Condition":"Good","GlobalID":"{8A901EB1-6DA0-421D-876D-5089AA8942A2}"}},{"type":"Feature","id":1839,"geometry":{"type":"LineString","coordinates":[[-83.746013,42.24315],[-83.746024,42.24315]]},"properties":{"OBJECTID":1839,"Width":null,"Slope":null,"RampType":null,"DetectableWarning":null,"Condition":null,"GlobalID":"{093D94DF-396F-4123-8375-4813A7D33583}"}},{"type":"Feature","id":1840,"geometry":{"type":"LineString","coordinates":[[-83.74369,42.266582],[-83.743656,42.266575]]},"properties":{"OBJECTID":1840,"Width":null,"Slope":null,"RampType":null,"DetectableWarning":null,"Condition":null,"GlobalID":"{0F928EB6-D765-4DD7-95D8-6D33E3B6D7B0}"}},{"type":"Feature","id":1841,"geometry":{"type":"LineString","coordinates":[[-83.73977,42.279706],[-83.739777,42.279705]]},"properties":{"OBJECTID":1841,"Width":4,"Slope":5.2,"RampType":"Perp","DetectableWarning":"No","Condition":"Good","GlobalID":"{89BAF3C6-A4B8-40FC-B516-A8BB0D01EC90}"}},{"type":"Feature","id":1842,"geometry":{"type":"LineString","coordinates":[[-83.7399,42.279721],[-83.739915,42.279721]]},"properties":{"OBJECTID":1842,"Width":null,"Slope":7,"RampType":"Built Up","DetectableWarning":"No","Condition":"Good","GlobalID":"{2E311FA0-4DD2-4622-8FA5-EAA71075729E}"}},{"type":"Feature","id":1843,"geometry":{"type":"LineString","coordinates":[[-83.79785,42.542813],[-83.797822,42.542818]]},"properties":{"OBJECTID":1843,"Width":null,"Slope":null,"RampType":"Built Up","DetectableWarning":"Yes","Condition":"Good","GlobalID":"{F7D0A512-BF26-4983-B973-42E2BC3698E0}"}},{"type":"Feature","id":1844,"geometry":{"type":"LineString","coordinates":[[-83.80012,42.5422],[-83.800096,42.542206]]},"properties":{"OBJECTID":1844,"Width":null,"Slope":8.1,"RampType":"Perp","DetectableWarning":"No","Condition":"Good","GlobalID":"{D4A991C9-4F2F-4D78-B085-B01804ACB18A}"}},{"type":"Feature","id":1845,"geometry":{"type":"LineString","coordinates":[[-83.797615,42.5426],[-83.797594,42.542576]]},"properties":{"OBJECTID":1845,"Width":null,"Slope":null,"RampType":"Comb","DetectableWarning":"No","Condition":"Good","GlobalID":"{BC334EC2-AEE7-483B-804B-24AE1C9C3C9B}"}},{"type":"Feature","id":1846,"geometry":{"type":"LineString","coordinates":[[-83.797457,42.541654],[-83.797446,42.541637],[-83.797426,42.541621]]},"properties":{"OBJECTID":1846,"Width":5,"Slope":1.8,"RampType":"Par","DetectableWarning":"No","Condition":"Very Good","GlobalID":"{50489091-27FF-4C97-953B-7DAA8C19BE1B}"}},{"type":"Feature","id":1847,"geometry":{"type":"LineString","coordinates":[[-83.796444,42.541777],[-83.796451,42.541753],[-83.796471,42.541738]]},"properties":{"OBJECTID":1847,"Width":5,"Slope":7.9,"RampType":"Par","DetectableWarning":"No","Condition":"Good","GlobalID":"{BB27FA08-D803-448F-A550-2D9366D88282}"}},{"type":"Feature","id":1848,"geometry":{"type":"LineString","coordinates":[[-83.798987,42.542038],[-83.79894,42.542037]]},"properties":{"OBJECTID":1848,"Width":null,"Slope":null,"RampType":"Perp","DetectableWarning":"Yes","Condition":"Good","GlobalID":"{EF072912-6128-4E3A-B49B-EEB1EE99A701}"}},{"type":"Feature","id":1849,"geometry":{"type":"LineString","coordinates":[[-83.799279,42.542015],[-83.79931,42.542012]]},"properties":{"OBJECTID":1849,"Width":4.25,"Slope":null,"RampType":"Perp","DetectableWarning":"Yes","Condition":"Good","GlobalID":"{AE751ECF-F4BB-45DB-821D-7822351394A9}"}},{"type":"Feature","id":1850,"geometry":{"type":"LineString","coordinates":[[-83.797585,42.541664],[-83.797592,42.541656],[-83.797609,42.541648],[-83.797621,42.541644],[-83.797639,42.541642],[-83.797659,42.541643]]},"properties":{"OBJECTID":1850,"Width":null,"Slope":6.7,"RampType":"Par","DetectableWarning":null,"Condition":null,"GlobalID":"{3219A22F-55F3-4E91-B766-B8D9E0B83C92}"}},{"type":"Feature","id":1851,"geometry":{"type":"LineString","coordinates":[[-83.797804,42.541665],[-83.797767,42.541657],[-83.797766,42.541657]]},"properties":{"OBJECTID":1851,"Width":null,"Slope":null,"RampType":"Diag","DetectableWarning":"No","Condition":"Good","GlobalID":"{4D8E647A-9ADC-420F-8F91-6E1189BC6EC8}"}},{"type":"Feature","id":1852,"geometry":{"type":"LineString","coordinates":[[-83.79796,42.541695],[-83.798002,42.541706]]},"properties":{"OBJECTID":1852,"Width":null,"Slope":null,"RampType":null,"DetectableWarning":"No","Condition":null,"GlobalID":"{10CB94A8-8E97-4B38-97D9-FEEAF5E87993}"}},{"type":"Feature","id":1853,"geometry":{"type":"LineString","coordinates":[[-83.798511,42.541895],[-83.798457,42.541869]]},"properties":{"OBJECTID":1853,"Width":null,"Slope":null,"RampType":null,"DetectableWarning":"No","Condition":"Good","GlobalID":"{39BD4CBC-180F-43BD-BD79-D8D2F7884BA9}"}},{"type":"Feature","id":1854,"geometry":{"type":"LineString","coordinates":[[-83.79837,42.54207],[-83.798375,42.542081]]},"properties":{"OBJECTID":1854,"Width":null,"Slope":null,"RampType":null,"DetectableWarning":"Yes","Condition":"Good","GlobalID":"{A6253BB4-8B31-4131-BE38-3E5C2B17351F}"}},{"type":"Feature","id":1855,"geometry":{"type":"LineString","coordinates":[[-83.79861,42.541993],[-83.798652,42.541968],[-83.798684,42.541981]]},"properties":{"OBJECTID":1855,"Width":null,"Slope":null,"RampType":"Comb","DetectableWarning":"No","Condition":"Good","GlobalID":"{4D33BFA4-3B5A-485E-83F1-D8C1F1501BF1}"}},{"type":"Feature","id":1856,"geometry":{"type":"LineString","coordinates":[[-83.800259,42.542585],[-83.800231,42.542593]]},"properties":{"OBJECTID":1856,"Width":null,"Slope":null,"RampType":"Depressed","DetectableWarning":"Yes","Condition":"Good","GlobalID":"{22DD6DCA-1E07-4443-979D-AEF0A754C97E}"}},{"type":"Feature","id":1857,"geometry":{"type":"LineString","coordinates":[[-83.727923,42.235888],[-83.727924,42.235901],[-83.727924,42.235909]]},"properties":{"OBJECTID":1857,"Width":5,"Slope":6.7,"RampType":null,"DetectableWarning":"No","Condition":"Good","GlobalID":"{2286CFFF-C324-417D-86F7-22D3624BADE2}"}},{"type":"Feature","id":1858,"geometry":{"type":"LineString","coordinates":[[-83.733515,42.283138],[-83.733482,42.283138]]},"properties":{"OBJECTID":1858,"Width":null,"Slope":null,"RampType":null,"DetectableWarning":"Yes","Condition":null,"GlobalID":"{182C6E31-F238-4B56-90A8-791B8300BBD0}"}},{"type":"Feature","id":1859,"geometry":{"type":"LineString","coordinates":[[-83.733518,42.283257],[-83.73349,42.283258]]},"properties":{"OBJECTID":1859,"Width":null,"Slope":null,"RampType":null,"DetectableWarning":"Yes","Condition":null,"GlobalID":"{0E887417-E2EA-4717-BE93-6C43440EBF09}"}},{"type":"Feature","id":1860,"geometry":{"type":"LineString","coordinates":[[-83.733202,42.283278],[-83.733205,42.283299]]},"properties":{"OBJECTID":1860,"Width":null,"Slope":null,"RampType":null,"DetectableWarning":"Yes","Condition":null,"GlobalID":"{F067AD9D-CF21-464C-AFDD-6F72668B4055}"}},{"type":"Feature","id":1861,"geometry":{"type":"LineString","coordinates":[[-83.733351,42.283275],[-83.733325,42.283296]]},"properties":{"OBJECTID":1861,"Width":null,"Slope":null,"RampType":null,"DetectableWarning":"Yes","Condition":null,"GlobalID":"{EB0F6497-E9A9-4BC2-8109-7A7D8C578290}"}},{"type":"Feature","id":1862,"geometry":{"type":"LineString","coordinates":[[-83.732988,42.28373],[-83.732951,42.283714]]},"properties":{"OBJECTID":1862,"Width":null,"Slope":null,"RampType":null,"DetectableWarning":"Yes","Condition":null,"GlobalID":"{4CC84B86-0BBF-41DD-8CC6-F45A29FF65DA}"}},{"type":"Feature","id":1863,"geometry":{"type":"LineString","coordinates":[[-83.732948,42.283786],[-83.732908,42.28377]]},"properties":{"OBJECTID":1863,"Width":null,"Slope":null,"RampType":null,"DetectableWarning":"Yes","Condition":null,"GlobalID":"{99CCE668-51C7-4C0E-91CA-AB43722BD0A4}"}},{"type":"Feature","id":1864,"geometry":{"type":"LineString","coordinates":[[-83.732845,42.283926],[-83.732809,42.28391]]},"properties":{"OBJECTID":1864,"Width":null,"Slope":null,"RampType":null,"DetectableWarning":"Yes","Condition":null,"GlobalID":"{BA1D51F8-2168-4719-B020-0D162589B7AD}"}},{"type":"Feature","id":1865,"geometry":{"type":"LineString","coordinates":[[-83.732797,42.283992],[-83.73276,42.283976]]},"properties":{"OBJECTID":1865,"Width":null,"Slope":null,"RampType":null,"DetectableWarning":"Yes","Condition":null,"GlobalID":"{2C14AC92-474D-409B-83E4-F40BA9964DD7}"}},{"type":"Feature","id":1866,"geometry":{"type":"LineString","coordinates":[[-83.733192,42.284013],[-83.733131,42.284014]]},"properties":{"OBJECTID":1866,"Width":null,"Slope":null,"RampType":null,"DetectableWarning":"Yes","Condition":null,"GlobalID":"{BBC9F677-C445-421C-B33A-9A0FA2CD9B06}"}},{"type":"Feature","id":1867,"geometry":{"type":"LineString","coordinates":[[-83.743012,42.27562],[-83.74305,42.275619]]},"properties":{"OBJECTID":1867,"Width":null,"Slope":null,"RampType":null,"DetectableWarning":null,"Condition":null,"GlobalID":"{D8074FC0-7CEB-4C71-992D-3C7F4F0CE070}"}},{"type":"Feature","id":1868,"geometry":{"type":"LineString","coordinates":[[-83.743075,42.275628],[-83.743075,42.275656]]},"properties":{"OBJECTID":1868,"Width":null,"Slope":null,"RampType":null,"DetectableWarning":null,"Condition":null,"GlobalID":"{1C7C5A35-E10A-486E-8C26-0B8BA8603F69}"}},{"type":"Feature","id":1869,"geometry":{"type":"LineString","coordinates":[[-83.742549,42.275623],[-83.742522,42.275624]]},"properties":{"OBJECTID":1869,"Width":null,"Slope":null,"RampType":null,"DetectableWarning":null,"Condition":null,"GlobalID":"{E000E265-FDC4-45D0-BDD1-83C20A39C7EB}"}},{"type":"Feature","id":1870,"geometry":{"type":"LineString","coordinates":[[-83.743244,42.27609],[-83.743245,42.276112]]},"properties":{"OBJECTID":1870,"Width":null,"Slope":null,"RampType":null,"DetectableWarning":null,"Condition":null,"GlobalID":"{653917C3-347F-4C3D-92DB-004A1F79A528}"}},{"type":"Feature","id":1871,"geometry":{"type":"LineString","coordinates":[[-83.743066,42.276137],[-83.743039,42.276137]]},"properties":{"OBJECTID":1871,"Width":null,"Slope":null,"RampType":null,"DetectableWarning":null,"Condition":null,"GlobalID":"{CAE768A1-E836-47F0-96A9-A5BDCAF735D9}"}},{"type":"Feature","id":1872,"geometry":{"type":"LineString","coordinates":[[-83.743082,42.276279],[-83.743083,42.276256]]},"properties":{"OBJECTID":1872,"Width":null,"Slope":null,"RampType":null,"DetectableWarning":null,"Condition":null,"GlobalID":"{3F6DD9F9-9BBB-4352-8643-114CBE953463}"}},{"type":"Feature","id":1873,"geometry":{"type":"LineString","coordinates":[[-83.743302,42.276133],[-83.743273,42.276133]]},"properties":{"OBJECTID":1873,"Width":null,"Slope":null,"RampType":null,"DetectableWarning":null,"Condition":null,"GlobalID":"{60377968-BA75-4164-8DF9-0416D5E2D5EE}"}}],"metadata":{"id":2,"name":"Curb Ramps","type":"Feature Layer","geometryType":"esriGeometryPolyline","minScale":4515,"maxScale":0,"drawingInfo":{"renderer":{"type":"simple","symbol":{"type":"esriSLS","style":"esriSLSSolid","color":[0,0,0,0],"width":0}},"scaleSymbols":true,"transparency":0,"labelingInfo":null},"fields":[{"name":"GlobalID","type":"esriFieldTypeGlobalID","alias":"GlobalID","domain":null},{"name":"OBJECTID","type":"esriFieldTypeOID","alias":"OBJECTID","domain":null},{"name":"Width","type":"esriFieldTypeDouble","alias":"Width","domain":null},{"name":"Slope","type":"esriFieldTypeDouble","alias":"Slope","domain":null},{"name":"InstallDate","type":"esriFieldTypeDate","alias":"InstallDate","domain":null},{"name":"created_user","type":"esriFieldTypeString","alias":"created_user","domain":null},{"name":"created_date","type":"esriFieldTypeDate","alias":"created_date","domain":null},{"name":"last_edited_user","type":"esriFieldTypeString","alias":"last_edited_user","domain":null},{"name":"last_edited_date","type":"esriFieldTypeDate","alias":"last_edited_date","domain":null},{"name":"RampType","type":"esriFieldTypeString","alias":"RampType","domain":{"type":"codedValue","name":"aec_RampType","description":"Ramp Type","codedValues":[{"name":"Perpendicular","code":"Perp"},{"name":"Diagonal","code":"Diag"},{"name":"Parallel","code":"Par"},{"name":"Combination","code":"Comb"},{"name":"Built Up","code":"Built Up"},{"name":"Depressed","code":"Depressed"},{"name":"Other","code":"Other"},{"name":"Unknown","code":"Unknown"}],"mergePolicy":"esriMPTDefaultValue","splitPolicy":"esriSPTDuplicate"}},{"name":"DetectableWarning","type":"esriFieldTypeString","alias":"Detectable Warning","domain":{"type":"codedValue","name":"DOM_YesNo","description":"Yes/No","codedValues":[{"name":"Yes","code":"Yes"},{"name":"No","code":"No"}],"mergePolicy":"esriMPTDefaultValue","splitPolicy":"esriSPTDuplicate"}},{"name":"Condition","type":"esriFieldTypeString","alias":"Condition","domain":{"type":"codedValue","name":"aec_Condition","description":"Condition","codedValues":[{"name":"Excellent","code":"Excellent"},{"name":"Very Good","code":"Very Good"},{"name":"Good","code":"Good"},{"name":"Fair","code":"Fair"},{"name":"Poor","code":"Poor"},{"name":"Very Poor","code":"Very Poor"},{"name":"Unknown","code":"Unknown"}],"mergePolicy":"esriMPTDefaultValue","splitPolicy":"esriSPTDuplicate"}},{"name":"OwnedBy","type":"esriFieldTypeString","alias":"OwnedBy","domain":{"type":"codedValue","name":"DOM_Owner","description":"Owner/Responsible","codedValues":[{"name":"Unknown","code":"UNK"},{"name":"Other","code":"OTH"},{"name":"City of Ann Arbor","code":"AA"},{"name":"Ann Arbor Township","code":"AAT"},{"name":"MDOT","code":"MDOT"},{"name":"Pittsfield Township","code":"PT"},{"name":"Private","code":"PV"},{"name":"Scio Township","code":"ST"},{"name":"University of Michigan","code":"UM"},{"name":"VA Hospital","code":"VA"},{"name":"Washtenaw County","code":"WC"},{"name":"AA Public School","code":"PS"}],"mergePolicy":"esriMPTDefaultValue","splitPolicy":"esriSPTDuplicate"}},{"name":"ManagedBy","type":"esriFieldTypeString","alias":"Managed By","domain":{"type":"codedValue","name":"DOM_Owner","description":"Owner/Responsible","codedValues":[{"name":"Unknown","code":"UNK"},{"name":"Other","code":"OTH"},{"name":"City of Ann Arbor","code":"AA"},{"name":"Ann Arbor Township","code":"AAT"},{"name":"MDOT","code":"MDOT"},{"name":"Pittsfield Township","code":"PT"},{"name":"Private","code":"PV"},{"name":"Scio Township","code":"ST"},{"name":"University of Michigan","code":"UM"},{"name":"VA Hospital","code":"VA"},{"name":"Washtenaw County","code":"WC"},{"name":"AA Public School","code":"PS"}],"mergePolicy":"esriMPTDefaultValue","splitPolicy":"esriSPTDuplicate"}},{"name":"Shape","type":"esriFieldTypeGeometry","alias":"Shape","domain":null},{"name":"Shape.STLength()","type":"esriFieldTypeDouble","alias":"Shape.STLength()","domain":null}]}}
