{"type":"FeatureCollection","features":[{"type":"Feature","properties":{"layer":"room","roomNumber":"3001"},"geometry":{"type":"MultiPolygon","coordinates":[[[[-83.7372717,42.2758846],[-83.7372717,42.2758819],[-83.7372702,42.2758809],[-83.7371951,42.2758822],[-83.7371938,42.2758832],[-83.7371939,42.2758859],[-83.7371953,42.2758869],[-83.7372704,42.2758857],[-83.7372717,42.2758846]]],[[[-83.7373024,42.2758783],[-83.7373012,42.2758391],[-83.7373007,42.2758377],[-83.7372998,42.2758377],[-83.7372993,42.2758371],[-83.7372933,42.2758372],[-83.7372931,42.2758314],[-83.7372996,42.2758306],[-83.7373005,42.2758309],[-83.7373005,42.2758142],[-83.7372995,42.2758135],[-83.7372999,42.2758125],[-83.737299,42.2758118],[-83.7372989,42.2758101],[-83.7372975,42.2758098],[-83.7372975,42.2758084],[-83.7372966,42.2758085],[-83.7372966,42.2758074],[-83.7372952,42.2758071],[-83.7372942,42.2758058],[-83.7372933,42.2758058],[-83.7372928,42.2758048],[-83.7372914,42.2758045],[-83.7372909,42.2758034],[-83.7372895,42.2758035],[-83.7372895,42.2758028],[-83.7372872,42.2758028],[-83.7372872,42.2758021],[-83.7372853,42.2758022],[-83.7372848,42.2758015],[-83.7372825,42.2758015],[-83.7372821,42.2758009],[-83.7372742,42.275801],[-83.7372738,42.2758017],[-83.7372719,42.2758014],[-83.7372715,42.2758021],[-83.7372692,42.2758021],[-83.7372692,42.2758028],[-83.7372669,42.2758032],[-83.7372669,42.2758038],[-83.7372651,42.2758039],[-83.7372642,42.2758053],[-83.7372605,42.275806],[-83.7372601,42.275807],[-83.7372583,42.2758067],[-83.7372578,42.2758078],[-83.737256,42.2758078],[-83.7372556,42.2758088],[-83.7372537,42.2758088],[-83.7372537,42.2758095],[-83.7372514,42.2758096],[-83.7372515,42.2758102],[-83.7372496,42.2758103],[-83.7372487,42.2758113],[-83.7372473,42.275811],[-83.7372464,42.275812],[-83.7372423,42.2758128],[-83.7372419,42.2758135],[-83.7372405,42.2758132],[-83.7372396,42.2758142],[-83.7372382,42.2758139],[-83.7372378,42.2758146],[-83.7372354,42.2758146],[-83.7372355,42.2758153],[-83.7372332,42.2758153],[-83.7372327,42.275816],[-83.7372313,42.2758157],[-83.7372309,42.2758164],[-83.7372286,42.2758164],[-83.7372281,42.2758171],[-83.737224,42.2758172],[-83.7372236,42.2758179],[-83.7372213,42.2758179],[-83.7372208,42.2758186],[-83.737219,42.2758183],[-83.7372185,42.275819],[-83.7372171,42.2758187],[-83.7372167,42.2758194],[-83.7372144,42.2758191],[-83.7372139,42.2758198],[-83.7372116,42.2758195],[-83.7372112,42.2758201],[-83.7372047,42.2758203],[-83.7372043,42.2758209],[-83.7372001,42.2758207],[-83.7371997,42.2758214],[-83.7371946,42.2758211],[-83.7371923,42.2758218],[-83.7371914,42.2758218],[-83.7371909,42.2758212],[-83.73719,42.2758219],[-83.7371813,42.275822],[-83.7371789,42.2758214],[-83.7371693,42.2758215],[-83.7371688,42.2758209],[-83.7371619,42.275821],[-83.7371614,42.2758203],[-83.7371591,42.2758207],[-83.7371586,42.27582],[-83.7371568,42.2758204],[-83.7371563,42.2758197],[-83.7371545,42.2758201],[-83.737154,42.2758194],[-83.7371521,42.2758198],[-83.7371521,42.2758191],[-83.737147,42.2758188],[-83.7371466,42.2758182],[-83.7371447,42.2758185],[-83.7371443,42.2758179],[-83.7371424,42.2758179],[-83.7371419,42.2758172],[-83.7371401,42.2758176],[-83.7371401,42.2758169],[-83.7371378,42.2758169],[-83.7371373,42.2758163],[-83.7371359,42.2758166],[-83.737135,42.2758156],[-83.7371331,42.275816],[-83.7371331,42.2758153],[-83.7371308,42.2758154],[-83.7371308,42.2758147],[-83.7371285,42.2758147],[-83.7371285,42.275814],[-83.7371261,42.2758141],[-83.7371261,42.2758134],[-83.7371238,42.2758134],[-83.7371238,42.2758128],[-83.737122,42.2758128],[-83.737121,42.2758118],[-83.7371192,42.2758118],[-83.7371191,42.2758111],[-83.7371168,42.2758112],[-83.7371168,42.2758105],[-83.737115,42.2758105],[-83.737115,42.2758098],[-83.7371126,42.2758095],[-83.7371126,42.2758088],[-83.7371108,42.2758089],[-83.7371098,42.2758079],[-83.7371084,42.2758079],[-83.737108,42.2758072],[-83.7370522,42.2758082],[-83.7370499,42.2758092],[-83.7370509,42.2758403],[-83.7370523,42.2758413],[-83.7370716,42.2758409],[-83.737073,42.2758399],[-83.7370729,42.2758365],[-83.7370752,42.2758351],[-83.737077,42.275835],[-83.7370798,42.2758364],[-83.7370794,42.2758394],[-83.7370813,42.2758408],[-83.7371274,42.2758396],[-83.737128,42.2758437],[-83.7371294,42.2758458],[-83.7371323,42.2758478],[-83.7371364,42.2758487],[-83.7371378,42.2758477],[-83.7371376,42.2758398],[-83.7371422,42.2758397],[-83.7371434,42.2758813],[-83.7371449,42.2758823],[-83.7371688,42.2758819],[-83.7371702,42.2758809],[-83.7371715,42.2758775],[-83.7371746,42.275875],[-83.7371787,42.2758736],[-83.7371819,42.2758735],[-83.7371822,42.2758803],[-83.7371836,42.2758813],[-83.7372702,42.2758802],[-83.7372716,42.2758792],[-83.7372715,42.2758778],[-83.7372734,42.2758778],[-83.7372748,42.2758798],[-83.7372822,42.2758797],[-83.7372827,42.275881],[-83.7372942,42.2758808],[-83.7372947,42.2758815],[-83.7372956,42.2758815],[-83.7372956,42.2758808],[-83.7373007,42.2758807],[-83.737302,42.2758797],[-83.7373024,42.2758783]]]]}},{"type":"Feature","properties":{"layer":"room","roomNumber":"3005"},"geometry":{"type":"Polygon","coordinates":[[[-83.7372999,42.2757521],[-83.7372995,42.2757385],[-83.7372976,42.2757375],[-83.7372963,42.2757385],[-83.7372926,42.2757386],[-83.7372907,42.2757369],[-83.7372906,42.2757352],[-83.7372924,42.2757335],[-83.7372947,42.2757331],[-83.7372975,42.2757341],[-83.7372979,42.2757334],[-83.7372989,42.2757334],[-83.7372993,42.2757323],[-83.737298,42.2756894],[-83.7372961,42.2756884],[-83.7372957,42.2756891],[-83.7372934,42.2756898],[-83.7372911,42.2756895],[-83.7372892,42.2756878],[-83.7372891,42.2756861],[-83.7372909,42.2756844],[-83.7372946,42.2756843],[-83.737296,42.275685],[-83.7372964,42.2756843],[-83.7372973,42.2756843],[-83.7372978,42.2756832],[-83.7372966,42.2756611],[-83.737228,42.2756622],[-83.7372275,42.2756633],[-83.7372285,42.2756639],[-83.7372271,42.2756643],[-83.737229,42.2756656],[-83.7372308,42.2756656],[-83.7372305,42.2756683],[-83.7372291,42.2756707],[-83.7372237,42.2756742],[-83.737227,42.2756755],[-83.7372294,42.2756776],[-83.7372314,42.2756823],[-83.7372217,42.2756828],[-83.7372203,42.2756839],[-83.7372207,42.2756954],[-83.7372082,42.2756957],[-83.7372064,42.2756971],[-83.7372084,42.2757004],[-83.7372117,42.2757028],[-83.7372163,42.275704],[-83.737221,42.275704],[-83.7372215,42.2757214],[-83.7372169,42.2757214],[-83.7372123,42.2757229],[-83.7372092,42.2757253],[-83.7372074,42.2757288],[-83.7372093,42.2757301],[-83.7372218,42.2757299],[-83.737222,42.2757364],[-83.7371892,42.2757369],[-83.7371879,42.275738],[-83.7371883,42.2757526],[-83.7371911,42.2757539],[-83.7372999,42.2757521]]]}},{"type":"Feature","properties":{"layer":"room","roomNumber":"3007"},"geometry":{"type":"Polygon","coordinates":[[[-83.737113,42.2757467],[-83.7371128,42.2757396],[-83.7371114,42.2757386],[-83.737104,42.2757387],[-83.7371026,42.2757398],[-83.7371023,42.2757425],[-83.7371009,42.2757446],[-83.7370987,42.2757463],[-83.7370996,42.2757473],[-83.7371006,42.2757473],[-83.7371015,42.2757486],[-83.7371024,42.2757473],[-83.7371038,42.2757472],[-83.7371043,42.2757486],[-83.7371052,42.2757486],[-83.7371056,42.2757472],[-83.737107,42.2757472],[-83.737108,42.2757485],[-83.7371084,42.2757472],[-83.7371098,42.2757471],[-83.7371098,42.2757482],[-83.7371107,42.2757485],[-83.737113,42.2757467]]]}},{"type":"Feature","properties":{"layer":"room","roomNumber":"3007A"},"geometry":{"type":"MultiPolygon","coordinates":[[[[-83.7371133,42.2757573],[-83.7371131,42.2757502],[-83.7371107,42.2757485],[-83.7371098,42.2757488],[-83.7371099,42.2757499],[-83.7371085,42.2757499],[-83.7371075,42.2757485],[-83.7371071,42.2757499],[-83.7371057,42.2757499],[-83.7371052,42.2757486],[-83.7371043,42.2757486],[-83.7371039,42.27575],[-83.7371025,42.27575],[-83.7371015,42.2757486],[-83.7371006,42.2757493],[-83.7371011,42.27575],[-83.7370997,42.27575],[-83.7370988,42.2757507],[-83.7371026,42.2757548],[-83.7371037,42.2757588],[-83.7371056,42.2757602],[-83.7371074,42.2757595],[-83.7371074,42.2757584],[-83.737112,42.2757584],[-83.7371133,42.2757573]]],[[[-83.7371022,42.2757565],[-83.7371012,42.2757541],[-83.7370984,42.2757514],[-83.7370975,42.2757514],[-83.7370965,42.2757504],[-83.7370937,42.2757495],[-83.7370891,42.2757492],[-83.7370891,42.2757485],[-83.7370923,42.2757485],[-83.7370973,42.2757467],[-83.7370996,42.2757449],[-83.7371004,42.2757432],[-83.7370976,42.2757422],[-83.7370976,42.2757412],[-83.7370967,42.2757412],[-83.7370963,42.2757426],[-83.7370949,42.2757426],[-83.7370944,42.2757413],[-83.7370935,42.2757413],[-83.737093,42.2757426],[-83.7370917,42.2757427],[-83.7370907,42.2757417],[-83.7370907,42.2757427],[-83.7370884,42.2757427],[-83.7370884,42.2757417],[-83.737087,42.2757414],[-83.7370866,42.2757428],[-83.7370852,42.2757428],[-83.7370843,42.2757435],[-83.7370848,42.2757578],[-83.7370862,42.2757588],[-83.7370885,42.2757588],[-83.7370884,42.2757581],[-83.7371004,42.2757579],[-83.7371022,42.2757565]]]]}},{"type":"Feature","properties":{"layer":"room","roomNumber":"3008"},"geometry":{"type":"Polygon","coordinates":[[[-83.7370921,42.2757874],[-83.7370912,42.2757863],[-83.7370898,42.2757864],[-83.7370895,42.2757785],[-83.7370881,42.2757775],[-83.7370854,42.2757779],[-83.7370813,42.2757807],[-83.73708,42.2757831],[-83.7370801,42.2757865],[-83.7370787,42.2757866],[-83.7370788,42.2757876],[-83.7370802,42.2757886],[-83.737082,42.2757889],[-83.7370821,42.2757899],[-83.737083,42.2757899],[-83.7370834,42.2757885],[-83.7370848,42.2757885],[-83.7370853,42.2757899],[-83.7370862,42.2757898],[-83.7370866,42.2757885],[-83.737088,42.2757884],[-83.737089,42.2757898],[-83.7370894,42.2757884],[-83.7370908,42.2757884],[-83.7370921,42.2757874]]]}},{"type":"Feature","properties":{"layer":"room","roomNumber":"3011"},"geometry":{"type":"Polygon","coordinates":[[[-83.7372299,42.275681],[-83.7372289,42.2756782],[-83.7372266,42.2756762],[-83.7372219,42.2756746],[-83.7372191,42.2756747],[-83.7372191,42.275674],[-83.7372242,42.2756732],[-83.7372282,42.2756704],[-83.7372295,42.2756673],[-83.7372281,42.2756663],[-83.737217,42.2756665],[-83.737217,42.2756645],[-83.7372156,42.2756635],[-83.737169,42.2756642],[-83.7371677,42.2756653],[-83.7371683,42.2756851],[-83.7371697,42.2756861],[-83.7372162,42.2756853],[-83.7372176,42.2756842],[-83.7372175,42.2756822],[-83.7372286,42.275682],[-83.7372299,42.275681]]]}},{"type":"Feature","properties":{"layer":"room","roomNumber":"3015"},"geometry":{"type":"Polygon","coordinates":[[[-83.7371656,42.2756892],[-83.7371651,42.2756735],[-83.7371637,42.2756725],[-83.7371614,42.2756726],[-83.7371563,42.2756709],[-83.7371539,42.2756689],[-83.7371525,42.2756669],[-83.7371524,42.2756656],[-83.737151,42.2756646],[-83.7371427,42.2756647],[-83.7371414,42.2756657],[-83.7371421,42.2756896],[-83.7371435,42.2756906],[-83.7371643,42.2756903],[-83.7371656,42.2756892]]]}},{"type":"Feature","properties":{"layer":"room","roomNumber":"3020"},"geometry":{"type":"Polygon","coordinates":[[[-83.7371929,42.2759457],[-83.7371922,42.2759228],[-83.7371908,42.2759218],[-83.7371844,42.2759219],[-83.7371841,42.2759141],[-83.7371906,42.275914],[-83.7371919,42.2759129],[-83.7371912,42.2758901],[-83.7371898,42.2758891],[-83.7371833,42.2758892],[-83.7371832,42.2758837],[-83.7371813,42.2758834],[-83.7371811,42.2758756],[-83.7371792,42.2758743],[-83.7371755,42.2758753],[-83.7371724,42.2758778],[-83.7371707,42.2758816],[-83.7371712,42.2758836],[-83.7371389,42.2758841],[-83.7371387,42.2758763],[-83.7371373,42.2758753],[-83.7371354,42.2758753],[-83.7371322,42.2758768],[-83.7371314,42.2758781],[-83.73713,42.2758788],[-83.7371287,42.2758819],[-83.7371288,42.2758843],[-83.7371025,42.2758848],[-83.7371012,42.2758858],[-83.7371015,42.2758971],[-83.7370504,42.2758979],[-83.7370473,42.2758007],[-83.737052,42.2758007],[-83.7370552,42.2757996],[-83.7370579,42.2757975],[-83.7370592,42.2757954],[-83.7370591,42.2757941],[-83.7370577,42.2757931],[-83.7370471,42.2757932],[-83.7370471,42.2757922],[-83.7369591,42.2757937],[-83.7369558,42.2757934],[-83.7369556,42.2757856],[-83.7369542,42.2757846],[-83.7369523,42.2757846],[-83.7369473,42.2757878],[-83.736946,42.2757898],[-83.7369457,42.2757936],[-83.7369185,42.275794],[-83.7369181,42.2757954],[-83.7369144,42.2757955],[-83.736913,42.2757965],[-83.7369148,42.2758521],[-83.7369162,42.2758531],[-83.7369199,42.2758531],[-83.73692,42.2758578],[-83.7369214,42.2758588],[-83.7369523,42.2758583],[-83.7369536,42.2758573],[-83.7369536,42.2758562],[-83.7369596,42.2758561],[-83.736961,42.2758551],[-83.7369609,42.2758524],[-83.7369715,42.2758522],[-83.7369717,42.27586],[-83.736968,42.2758601],[-83.7369667,42.2758611],[-83.7369674,42.275884],[-83.7369688,42.275885],[-83.7369725,42.2758849],[-83.7369726,42.2758876],[-83.736974,42.2758886],[-83.7370049,42.2758881],[-83.7370062,42.2758871],[-83.7370061,42.2758843],[-83.7370167,42.2758842],[-83.737017,42.275892],[-83.7370101,42.2758921],[-83.7370087,42.2758932],[-83.7370094,42.275916],[-83.7370108,42.275917],[-83.7370177,42.2759169],[-83.7370179,42.2759217],[-83.7370193,42.2759227],[-83.7370502,42.2759222],[-83.7370515,42.2759211],[-83.7370514,42.2759163],[-83.7370624,42.2759161],[-83.737062,42.2759168],[-83.7370634,42.2759168],[-83.7370638,42.2759161],[-83.7370942,42.2759156],[-83.7370947,42.2759163],[-83.7370957,42.2759163],[-83.7370956,42.2759156],[-83.7371062,42.2759154],[-83.7371074,42.2759533],[-83.7371088,42.2759543],[-83.7371332,42.2759538],[-83.7371333,42.2759569],[-83.7371348,42.2759593],[-83.7371372,42.2759613],[-83.7371404,42.2759626],[-83.7371423,42.2759626],[-83.7371436,42.2759615],[-83.7371434,42.2759537],[-83.7371494,42.2759536],[-83.7371496,42.2759614],[-83.737151,42.2759624],[-83.7371529,42.2759624],[-83.7371547,42.2759617],[-83.7371556,42.2759606],[-83.7371565,42.2759606],[-83.7371569,42.2759596],[-83.7371583,42.2759589],[-83.7371596,42.2759558],[-83.7371595,42.2759534],[-83.7371839,42.275953],[-83.7371853,42.2759519],[-83.7371851,42.2759468],[-83.7371916,42.2759467],[-83.7371929,42.2759457]]]}},{"type":"Feature","properties":{"layer":"room","roomNumber":"3020A"},"geometry":{"type":"Polygon","coordinates":[[[-83.7371912,42.2759785],[-83.7371905,42.2759556],[-83.7371891,42.2759546],[-83.7371614,42.2759551],[-83.7371601,42.2759561],[-83.7371597,42.2759582],[-83.7371588,42.2759596],[-83.7371574,42.2759603],[-83.7371574,42.2759609],[-83.7371565,42.275961],[-83.7371556,42.275962],[-83.7371529,42.2759631],[-83.7371492,42.2759635],[-83.7371479,42.2759645],[-83.7371487,42.2759898],[-83.7371501,42.2759908],[-83.7371583,42.2759903],[-83.7371707,42.2759877],[-83.7371762,42.2759855],[-83.7371761,42.2759835],[-83.7371849,42.2759833],[-83.7371862,42.2759823],[-83.7371861,42.2759796],[-83.7371898,42.2759795],[-83.7371912,42.2759785]]]}},{"type":"Feature","properties":{"layer":"room","roomNumber":"3020B"},"geometry":{"type":"Polygon","coordinates":[[[-83.7371463,42.2759898],[-83.7371456,42.2759646],[-83.7371442,42.2759636],[-83.7371405,42.2759633],[-83.7371367,42.275962],[-83.7371339,42.2759596],[-83.7371329,42.2759566],[-83.7371315,42.2759556],[-83.7371038,42.2759561],[-83.7371024,42.2759571],[-83.7371032,42.2759799],[-83.7371046,42.2759809],[-83.7371083,42.2759809],[-83.7371083,42.2759836],[-83.7371098,42.2759846],[-83.7371181,42.2759845],[-83.7371186,42.2759868],[-83.7371284,42.2759894],[-83.7371399,42.2759909],[-83.737145,42.2759908],[-83.7371463,42.2759898]]]}},{"type":"Feature","properties":{"layer":"room","roomNumber":"3020C"},"geometry":{"type":"Polygon","coordinates":[[[-83.7371049,42.2759472],[-83.7371042,42.2759243],[-83.7371028,42.2759233],[-83.7370959,42.2759234],[-83.7370957,42.2759163],[-83.7370933,42.2759156],[-83.7370648,42.2759161],[-83.7370625,42.2759168],[-83.7370622,42.275924],[-83.7370585,42.2759241],[-83.7370572,42.2759251],[-83.7370579,42.275948],[-83.7370593,42.275949],[-83.737063,42.2759489],[-83.7370631,42.2759516],[-83.7370645,42.2759526],[-83.7370954,42.2759521],[-83.7370967,42.2759511],[-83.7370966,42.2759483],[-83.7371036,42.2759482],[-83.7371049,42.2759472]]]}},{"type":"Feature","properties":{"layer":"room","roomNumber":"3020D"},"geometry":{"type":"Polygon","coordinates":[[[-83.7371404,42.2758732],[-83.7371397,42.2758504],[-83.7371383,42.2758494],[-83.7371351,42.2758494],[-83.7371314,42.2758481],[-83.737128,42.2758454],[-83.737127,42.2758424],[-83.7371256,42.2758414],[-83.7370523,42.2758426],[-83.737051,42.2758437],[-83.7370522,42.2758825],[-83.7370536,42.2758835],[-83.7371269,42.2758826],[-83.7371282,42.2758816],[-83.7371286,42.2758795],[-83.7371313,42.2758764],[-83.7371322,42.2758764],[-83.737134,42.275875],[-83.7371391,42.2758742],[-83.7371404,42.2758732]]]}},{"type":"Feature","properties":{"layer":"room","roomNumber":"3020E"},"geometry":{"type":"Polygon","coordinates":[[[-83.7369587,42.2757824],[-83.7369575,42.2757439],[-83.7369561,42.2757429],[-83.7369128,42.2757436],[-83.7369114,42.2757447],[-83.7369117,42.2757539],[-83.7369131,42.2757549],[-83.7369168,42.2757548],[-83.7369171,42.2757627],[-83.7369129,42.2757628],[-83.7369116,42.2757648],[-83.7369065,42.2757649],[-83.7369065,42.2757639],[-83.7368931,42.2757641],[-83.7368918,42.2757652],[-83.7368924,42.275786],[-83.7368938,42.275787],[-83.7369067,42.2757867],[-83.7369072,42.2757857],[-83.7369122,42.2757856],[-83.7369137,42.2757876],[-83.7369178,42.2757876],[-83.7369179,42.2757913],[-83.7369194,42.2757923],[-83.7369438,42.2757919],[-83.7369451,42.2757909],[-83.7369464,42.2757874],[-83.7369496,42.275785],[-83.7369546,42.2757835],[-83.7369569,42.2757838],[-83.7369587,42.2757824]]]}},{"type":"Feature","properties":{"layer":"room","roomNumber":"3021"},"geometry":{"type":"Polygon","coordinates":[[[-83.7371397,42.2756845],[-83.7371393,42.275674],[-83.7371379,42.275673],[-83.7371338,42.2756727],[-83.7371305,42.2756714],[-83.7371277,42.275669],[-83.7371266,42.275666],[-83.7371252,42.275665],[-83.7371109,42.2756652],[-83.7371096,42.2756663],[-83.7371102,42.275685],[-83.7371116,42.275686],[-83.7371383,42.2756856],[-83.7371397,42.2756845]]]}},{"type":"Feature","properties":{"layer":"room","roomNumber":"3028"},"geometry":{"type":"Polygon","coordinates":[[[-83.7370426,42.275781],[-83.7370421,42.275779],[-83.7370406,42.275778],[-83.7370296,42.2757782],[-83.7370282,42.2757792],[-83.7370283,42.2757816],[-83.7370297,42.2757826],[-83.7370316,42.2757826],[-83.7370321,42.2757836],[-83.737033,42.2757832],[-83.7370325,42.2757826],[-83.7370348,42.2757825],[-83.7370348,42.2757835],[-83.7370358,42.2757839],[-83.7370362,42.2757825],[-83.7370376,42.2757825],[-83.7370381,42.2757838],[-83.737039,42.2757838],[-83.7370394,42.2757824],[-83.7370408,42.2757824],[-83.7370426,42.275781]]]}},{"type":"Feature","properties":{"layer":"room","roomNumber":"3030M"},"geometry":{"type":"MultiPolygon","coordinates":[[[[-83.736988,42.2757598],[-83.7369879,42.2757574],[-83.736987,42.2757571],[-83.7369868,42.2757526],[-83.7369849,42.2757513],[-83.7369822,42.275752],[-83.7369799,42.275751],[-83.7369802,42.2757469],[-83.7369788,42.2757459],[-83.736976,42.275746],[-83.7369755,42.2757453],[-83.7369677,42.2757454],[-83.7369664,42.2757465],[-83.7369668,42.2757601],[-83.7369682,42.2757611],[-83.7369728,42.2757614],[-83.736973,42.2757679],[-83.7369744,42.2757689],[-83.7369772,42.2757685],[-83.7369808,42.275766],[-83.7369825,42.2757629],[-83.7369825,42.2757609],[-83.7369866,42.2757608],[-83.736988,42.2757598]]],[[[-83.7370416,42.2757647],[-83.7370412,42.2757507],[-83.7370398,42.2757497],[-83.737014,42.2757501],[-83.7370126,42.2757512],[-83.7370128,42.2757583],[-83.7370101,42.2757584],[-83.73701,42.2757577],[-83.7370082,42.2757577],[-83.7370081,42.2757557],[-83.7370072,42.275754],[-83.7370034,42.2757517],[-83.737002,42.2757517],[-83.7370007,42.2757527],[-83.7370008,42.2757575],[-83.7369985,42.2757579],[-83.7369979,42.2757528],[-83.7369965,42.2757518],[-83.7369951,42.2757518],[-83.7369911,42.2757549],[-83.7369907,42.275758],[-83.7369893,42.275758],[-83.7369894,42.2757615],[-83.7369843,42.2757615],[-83.736983,42.2757629],[-83.736983,42.2757643],[-83.7369817,42.2757664],[-83.736979,42.2757685],[-83.7369745,42.2757699],[-83.7369717,42.2757699],[-83.7369717,42.2757689],[-83.7369693,42.2757676],[-83.7369671,42.2757693],[-83.7369675,42.2757826],[-83.7369694,42.275784],[-83.7369703,42.275784],[-83.7369707,42.2757829],[-83.7369725,42.2757826],[-83.7369735,42.2757829],[-83.7369735,42.2757839],[-83.7369758,42.2757839],[-83.7369772,42.2757828],[-83.7369771,42.2757815],[-83.736978,42.2757814],[-83.7369781,42.2757828],[-83.7369795,42.2757838],[-83.7369813,42.2757838],[-83.7369818,42.2757827],[-83.7369836,42.2757824],[-83.7369845,42.2757827],[-83.7369846,42.2757837],[-83.7369869,42.2757837],[-83.7369882,42.2757826],[-83.7369882,42.2757813],[-83.7369891,42.2757813],[-83.7369891,42.2757823],[-83.736991,42.2757836],[-83.7369919,42.2757836],[-83.7369937,42.2757822],[-83.7369937,42.2757812],[-83.7370006,42.2757811],[-83.7370007,42.2757821],[-83.7370016,42.2757824],[-83.737002,42.275781],[-83.7370094,42.2757809],[-83.7370094,42.2757819],[-83.7370103,42.2757823],[-83.7370108,42.2757809],[-83.7370177,42.2757808],[-83.7370178,42.2757838],[-83.7370192,42.2757848],[-83.7370243,42.2757848],[-83.7370256,42.2757837],[-83.7370255,42.2757793],[-83.7370241,42.2757783],[-83.7370208,42.2757783],[-83.7370204,42.2757657],[-83.7370232,42.2757657],[-83.7370235,42.2757752],[-83.7370249,42.2757762],[-83.7370323,42.2757761],[-83.7370345,42.2757743],[-83.7370336,42.2757733],[-83.7370322,42.2757734],[-83.7370321,42.2757713],[-83.7370334,42.2757689],[-83.7370366,42.2757665],[-83.7370403,42.2757657],[-83.7370416,42.2757647]]]]}},{"type":"Feature","properties":{"layer":"room","roomNumber":"3032"},"geometry":{"type":"Polygon","coordinates":[[[-83.7370357,42.2757361],[-83.7370324,42.2757341],[-83.7370315,42.2757341],[-83.73703,42.2757325],[-83.7370282,42.2757332],[-83.7370282,42.2757342],[-83.7370264,42.2757339],[-83.7370263,42.2757318],[-83.7370281,42.2757311],[-83.7370281,42.2757298],[-83.7370271,42.2757287],[-83.737027,42.275726],[-83.7370284,42.275726],[-83.7370302,42.2757246],[-83.7370279,42.2757226],[-83.7370131,42.2757228],[-83.7370118,42.2757239],[-83.7370122,42.2757375],[-83.7370173,42.2757398],[-83.7370183,42.2757422],[-83.7370193,42.2757429],[-83.7370303,42.2757427],[-83.7370317,42.2757416],[-83.7370316,42.2757379],[-83.7370334,42.2757379],[-83.7370357,42.2757361]]]}},{"type":"Feature","properties":{"layer":"room","roomNumber":"3036"},"geometry":{"type":"Polygon","coordinates":[[[-83.7370399,42.2757101],[-83.7370394,42.2756944],[-83.737038,42.2756934],[-83.7370339,42.2756935],[-83.7370338,42.2756908],[-83.7370324,42.2756898],[-83.7370121,42.2756901],[-83.7370108,42.2756912],[-83.7370113,42.2757102],[-83.7370081,42.2757103],[-83.737004,42.2757114],[-83.7370013,42.2757135],[-83.737,42.2757159],[-83.7370019,42.2757172],[-83.7370116,42.2757171],[-83.7370116,42.2757198],[-83.7370131,42.2757208],[-83.7370292,42.2757205],[-83.737031,42.2757191],[-83.7370305,42.2757167],[-83.7370327,42.2757133],[-83.7370367,42.2757112],[-83.7370386,42.2757112],[-83.7370399,42.2757101]]]}},{"type":"Feature","properties":{"layer":"room","roomNumber":"3036W"},"geometry":{"type":"MultiPolygon","coordinates":[[[[-83.7369418,42.2756674],[-83.7369403,42.2756661],[-83.7369407,42.2756637],[-83.7369388,42.2756623],[-83.7369315,42.2756625],[-83.7369315,42.2756631],[-83.7369255,42.2756633],[-83.7369237,42.2756646],[-83.7369261,42.2756673],[-83.7369289,42.2756683],[-83.7369317,42.2756683],[-83.7369317,42.2756689],[-83.73694,42.2756688],[-83.7369418,42.2756674]]],[[[-83.7369869,42.275725],[-83.7369868,42.2757226],[-83.7369854,42.2757216],[-83.7369813,42.2757217],[-83.7369812,42.2757193],[-83.7369793,42.2757166],[-83.7369764,42.2757146],[-83.7369727,42.275714],[-83.7369714,42.275715],[-83.7369716,42.2757215],[-83.736967,42.2757219],[-83.7369656,42.275723],[-83.736966,42.2757366],[-83.7369675,42.2757376],[-83.7369753,42.2757375],[-83.7369757,42.2757368],[-83.7369785,42.2757367],[-83.7369799,42.2757357],[-83.7369793,42.2757316],[-83.7369815,42.2757305],[-83.7369843,42.2757312],[-83.7369861,42.2757298],[-83.736986,42.2757253],[-83.7369869,42.275725]]],[[[-83.737009,42.2757239],[-83.7370088,42.2757188],[-83.7370074,42.2757178],[-83.7369991,42.275718],[-83.7369991,42.2757156],[-83.7370004,42.2757132],[-83.7370031,42.2757111],[-83.7370076,42.27571],[-83.7370085,42.2757093],[-83.7370082,42.2756977],[-83.7370068,42.2756967],[-83.7370012,42.2756968],[-83.7369999,42.2756978],[-83.737,42.2757009],[-83.7369931,42.275701],[-83.7369926,42.2756996],[-83.7369912,42.2757],[-83.7369912,42.275701],[-83.7369843,42.2757012],[-83.7369838,42.2756998],[-83.7369829,42.2757002],[-83.7369829,42.2757012],[-83.736976,42.2757013],[-83.7369755,42.2756999],[-83.7369746,42.2757],[-83.7369742,42.2757013],[-83.7369673,42.2757014],[-83.7369668,42.2757004],[-83.7369645,42.2757022],[-83.7369647,42.2757073],[-83.7369504,42.2757075],[-83.7369503,42.2757041],[-83.7369489,42.2757031],[-83.7369318,42.2757034],[-83.7369318,42.2757017],[-83.7369345,42.2757017],[-83.7369373,42.2757006],[-83.7369391,42.2756992],[-83.7369399,42.2756975],[-83.736938,42.2756961],[-83.7369316,42.2756962],[-83.7369315,42.2756935],[-83.7369366,42.2756924],[-83.7369388,42.2756907],[-83.7369397,42.2756889],[-83.7369378,42.2756876],[-83.7369313,42.2756877],[-83.7369312,42.275685],[-83.7369349,42.2756846],[-83.7369363,42.2756835],[-83.7369372,42.2756835],[-83.7369394,42.2756808],[-83.7369375,42.2756794],[-83.7369315,42.2756795],[-83.736931,42.2756765],[-83.7369338,42.2756764],[-83.7369365,42.2756753],[-83.7369383,42.275674],[-83.7369392,42.2756722],[-83.7369373,42.2756709],[-83.7369308,42.275671],[-83.7369308,42.2756696],[-83.7369298,42.275669],[-83.7369257,42.275668],[-83.7369242,42.275667],[-83.7369242,42.2756663],[-83.7369228,42.2756653],[-83.7369228,42.275664],[-83.7369213,42.2756626],[-83.7369149,42.2756627],[-83.736914,42.2756634],[-83.736914,42.2756645],[-83.7369103,42.2756645],[-83.736909,42.2756656],[-83.7369097,42.2756884],[-83.7369111,42.2756894],[-83.7369148,42.2756894],[-83.736915,42.2756972],[-83.7369109,42.2756973],[-83.7369096,42.2756993],[-83.7369045,42.2756994],[-83.736904,42.2756984],[-83.7368911,42.2756986],[-83.7368897,42.2756997],[-83.7368904,42.2757205],[-83.7368918,42.2757215],[-83.7369047,42.2757213],[-83.7369051,42.2757202],[-83.7369102,42.2757201],[-83.7369112,42.2757218],[-83.7369199,42.2757217],[-83.73692,42.2757237],[-83.7369214,42.2757237],[-83.7369229,42.2757278],[-83.7369271,42.2757301],[-83.7369294,42.2757287],[-83.7369297,42.2757236],[-83.7369338,42.2757235],[-83.7369344,42.2757259],[-83.7369358,42.2757279],[-83.73694,42.2757299],[-83.7369418,42.2757285],[-83.7369417,42.2757237],[-83.7369467,42.2757233],[-83.7369468,42.2757253],[-83.7369478,42.275727],[-83.7369511,42.2757294],[-83.7369529,42.2757293],[-83.7369543,42.2757283],[-83.7369541,42.2757235],[-83.7369568,42.2757224],[-83.7369567,42.2757187],[-83.7369655,42.2757185],[-83.7369655,42.2757196],[-83.7369679,42.2757209],[-83.7369701,42.2757191],[-83.7369699,42.275713],[-83.7369732,42.2757129],[-83.7369773,42.2757142],[-83.7369802,42.2757162],[-83.7369816,42.2757183],[-83.7369817,42.2757196],[-83.7369831,42.275721],[-83.7369882,42.2757209],[-83.7369883,42.2757243],[-83.7369896,42.2757243],[-83.7369897,42.2757263],[-83.7369912,42.2757283],[-83.7369944,42.2757303],[-83.7369958,42.2757303],[-83.7369972,42.2757293],[-83.736997,42.2757245],[-83.7370007,42.2757241],[-83.7370013,42.2757268],[-83.7370027,42.2757278],[-83.7370027,42.2757285],[-83.737006,42.2757301],[-83.7370073,42.2757301],[-83.7370087,42.2757291],[-83.737009,42.2757239]]]]}},{"type":"Feature","properties":{"layer":"room","roomNumber":"3040T"},"geometry":{"type":"Polygon","coordinates":[[[-83.73704,42.2756842],[-83.7370396,42.2756705],[-83.7370387,42.2756699],[-83.7370331,42.2756686],[-83.7370303,42.2756666],[-83.7370288,42.2756642],[-83.7370283,42.2756615],[-83.7370269,42.2756605],[-83.7370103,42.2756608],[-83.7370089,42.2756618],[-83.7370095,42.275682],[-83.7370114,42.2756833],[-83.7370132,42.2756819],[-83.7370155,42.2756819],[-83.7370174,42.2756828],[-83.7370175,42.2756856],[-83.7370166,42.2756866],[-83.7370171,42.275688],[-83.7370181,42.2756886],[-83.7370287,42.2756885],[-83.73703,42.2756874],[-83.7370304,42.2756843],[-83.7370364,42.2756842],[-83.7370364,42.2756853],[-83.7370378,42.2756859],[-83.73704,42.2756842]]]}},{"type":"Feature","properties":{"layer":"room","roomNumber":"3042"},"geometry":{"type":"Polygon","coordinates":[[[-83.7370074,42.2756878],[-83.7370069,42.2756701],[-83.7370055,42.2756691],[-83.7370022,42.2756691],[-83.7369985,42.2756682],[-83.7369947,42.2756655],[-83.7369932,42.2756618],[-83.7369923,42.2756611],[-83.7369633,42.2756616],[-83.73696,42.275662],[-83.7369587,42.275663],[-83.7369595,42.2756886],[-83.7369609,42.2756896],[-83.7370061,42.2756888],[-83.7370074,42.2756878]]]}},{"type":"Feature","properties":{"layer":"room","roomNumber":"3045","roomName":"Clark Commons Collaborative Spaces"},"geometry":{"type":"MultiPolygon","coordinates":[[[[-83.7371506,42.2755451],[-83.7371505,42.2755441],[-83.7371487,42.2755431],[-83.7371333,42.2755396],[-83.7371241,42.2755388],[-83.7371162,42.2755389],[-83.7371149,42.2755399],[-83.737115,42.275544],[-83.7371164,42.275545],[-83.7371261,42.2755449],[-83.7371326,42.2755454],[-83.7371437,42.2755476],[-83.7371465,42.275549],[-83.7371479,42.2755486],[-83.7371492,42.2755462],[-83.7371506,42.2755451]]],[[[-83.7371534,42.2756379],[-83.7371529,42.2756362],[-83.7371496,42.2756332],[-83.7371428,42.2756357],[-83.7371409,42.2756357],[-83.7371359,42.2756372],[-83.7371299,42.275638],[-83.7371193,42.2756381],[-83.737118,42.2756392],[-83.7371181,42.2756433],[-83.7371195,42.2756443],[-83.7371278,42.2756441],[-83.7371347,42.2756433],[-83.7371475,42.2756404],[-83.7371534,42.2756379]]],[[[-83.7372824,42.275617],[-83.7372814,42.2756159],[-83.7372767,42.2756143],[-83.7372745,42.2756174],[-83.7372718,42.2756195],[-83.7372719,42.2756202],[-83.73727,42.2756213],[-83.7372701,42.2756219],[-83.7372638,42.2756268],[-83.7372628,42.2756268],[-83.737261,42.2756286],[-83.7372601,42.2756286],[-83.7372592,42.2756296],[-83.7372556,42.2756311],[-83.7372551,42.2756317],[-83.7372465,42.2756353],[-83.7372387,42.2756375],[-83.7372305,42.275639],[-83.7372217,42.2756395],[-83.7372204,42.2756405],[-83.7372205,42.2756432],[-83.7372219,42.2756442],[-83.7372283,42.2756441],[-83.7372343,42.2756434],[-83.7372467,42.2756404],[-83.7372562,42.2756368],[-83.7372567,42.2756362],[-83.7372585,42.2756358],[-83.7372617,42.2756337],[-83.7372626,42.2756337],[-83.7372635,42.2756326],[-83.7372644,42.2756326],[-83.7372653,42.2756316],[-83.7372662,42.2756316],[-83.7372684,42.2756295],[-83.7372694,42.2756295],[-83.7372766,42.2756235],[-83.7372765,42.2756229],[-83.7372779,42.2756221],[-83.7372779,42.2756215],[-83.7372792,42.2756208],[-83.7372792,42.2756201],[-83.7372824,42.275617]]],[[[-83.7372806,42.275561],[-83.7372782,42.275558],[-83.7372773,42.2755577],[-83.7372773,42.275557],[-83.7372759,42.2755563],[-83.7372758,42.2755556],[-83.7372678,42.2755493],[-83.7372669,42.2755493],[-83.7372636,42.2755466],[-83.7372627,42.2755467],[-83.7372598,42.2755447],[-83.7372561,42.2755434],[-83.7372556,42.2755427],[-83.7372538,42.2755424],[-83.7372533,42.2755417],[-83.7372435,42.2755385],[-83.7372328,42.2755362],[-83.7372245,42.2755354],[-83.7372185,42.2755355],[-83.7372172,42.2755365],[-83.7372172,42.2755392],[-83.7372187,42.2755402],[-83.737227,42.2755404],[-83.7372358,42.2755417],[-83.7372413,42.2755429],[-83.7372432,42.2755439],[-83.7372446,42.2755439],[-83.7372525,42.2755468],[-83.7372558,42.2755488],[-83.7372567,42.2755488],[-83.7372582,42.2755501],[-83.7372591,42.2755501],[-83.737261,42.2755518],[-83.7372619,42.2755518],[-83.7372676,42.2755558],[-83.7372676,42.2755565],[-83.7372699,42.2755578],[-83.7372699,42.2755585],[-83.7372728,42.2755605],[-83.7372752,42.2755635],[-83.7372806,42.275561]]],[[[-83.7371123,42.2755448],[-83.7371121,42.2755403],[-83.7371107,42.2755393],[-83.7371061,42.2755394],[-83.7370951,42.2755413],[-83.7370873,42.2755435],[-83.7370855,42.2755445],[-83.7370841,42.2755446],[-83.7370828,42.2755456],[-83.7370769,42.2755478],[-83.7370737,42.2755499],[-83.7370728,42.2755499],[-83.7370714,42.2755513],[-83.7370705,42.2755513],[-83.7370687,42.275553],[-83.7370678,42.275553],[-83.7370647,42.2755558],[-83.7370665,42.2755571],[-83.7370702,42.2755574],[-83.7370712,42.2755584],[-83.7370712,42.2755598],[-83.7370736,42.2755611],[-83.7370794,42.2755562],[-83.7370804,42.2755562],[-83.7370831,42.2755541],[-83.7370867,42.2755527],[-83.7370871,42.275552],[-83.737089,42.2755516],[-83.7370894,42.275551],[-83.7370931,42.2755495],[-83.7370944,42.2755495],[-83.7370963,42.2755484],[-83.7371049,42.2755463],[-83.73711,42.2755458],[-83.7371123,42.2755448]]],[[[-83.7371153,42.275643],[-83.7371152,42.2756389],[-83.7371138,42.2756379],[-83.7371027,42.2756364],[-83.737092,42.2756331],[-83.7370915,42.2756325],[-83.7370887,42.2756318],[-83.7370849,42.2756295],[-83.737084,42.2756295],[-83.7370826,42.2756282],[-83.7370817,42.2756282],[-83.7370755,42.2756235],[-83.7370733,42.2756249],[-83.7370733,42.2756263],[-83.737072,42.2756277],[-83.7370692,42.2756281],[-83.7370674,42.2756295],[-83.7370707,42.2756321],[-83.7370716,42.2756321],[-83.7370754,42.2756348],[-83.7370805,42.2756367],[-83.737081,42.2756374],[-83.7370829,42.2756377],[-83.7370834,42.2756384],[-83.737088,42.27564],[-83.7370894,42.27564],[-83.7370913,42.275641],[-83.7370996,42.2756429],[-83.7371094,42.2756441],[-83.737114,42.275644],[-83.7371153,42.275643]]],[[[-83.7370722,42.2756212],[-83.7370694,42.2756185],[-83.7370694,42.2756178],[-83.7370684,42.2756175],[-83.7370679,42.2756161],[-83.737067,42.2756158],[-83.7370626,42.2756094],[-83.7370611,42.275605],[-83.7370602,42.275604],[-83.7370586,42.2755982],[-83.7370583,42.275587],[-83.7370603,42.2755787],[-83.7370651,42.2755698],[-83.737066,42.2755694],[-83.7370678,42.2755663],[-83.73707,42.2755646],[-83.73707,42.2755636],[-83.7370686,42.2755626],[-83.7370658,42.2755623],[-83.7370639,42.2755606],[-83.7370639,42.2755596],[-83.7370615,42.2755582],[-83.7370579,42.2755614],[-83.7370562,42.2755641],[-83.7370552,42.2755645],[-83.7370548,42.2755659],[-83.7370539,42.2755662],[-83.73705,42.2755724],[-83.7370474,42.2755783],[-83.7370453,42.2755868],[-83.7370457,42.2755988],[-83.7370483,42.2756073],[-83.7370512,42.275613],[-83.7370526,42.2756144],[-83.7370527,42.2756154],[-83.7370546,42.2756171],[-83.737056,42.2756198],[-83.7370598,42.2756231],[-83.7370599,42.2756238],[-83.7370613,42.2756244],[-83.7370613,42.2756251],[-83.7370636,42.2756265],[-83.7370636,42.2756271],[-83.7370659,42.2756257],[-83.7370663,42.2756237],[-83.7370677,42.2756226],[-83.7370704,42.2756226],[-83.7370722,42.2756212]]],[[[-83.7372965,42.2756273],[-83.7372959,42.2756235],[-83.7372945,42.2756225],[-83.7372932,42.2756239],[-83.7372904,42.2756243],[-83.737289,42.275624],[-83.7372871,42.2756223],[-83.7372871,42.2756206],[-83.7372889,42.2756189],[-83.7372926,42.2756188],[-83.737294,42.2756195],[-83.737294,42.2756202],[-83.7372958,42.2756191],[-83.7372939,42.2755581],[-83.737292,42.2755571],[-83.7372911,42.2755585],[-83.7372879,42.2755589],[-83.7372861,42.2755582],[-83.7372851,42.2755569],[-83.7372851,42.2755552],[-83.7372868,42.2755534],[-83.7372905,42.2755534],[-83.7372919,42.275554],[-83.737292,42.2755547],[-83.7372938,42.2755536],[-83.7372932,42.2755342],[-83.7372899,42.2755332],[-83.737242,42.275534],[-83.7372397,42.2755348],[-83.7372397,42.2755354],[-83.7372388,42.2755358],[-83.7372407,42.2755375],[-83.7372481,42.2755391],[-83.7372519,42.2755404],[-83.7372523,42.275541],[-83.7372551,42.2755417],[-83.737257,42.275543],[-83.7372589,42.2755433],[-83.7372636,42.2755463],[-83.7372645,42.2755463],[-83.7372683,42.2755493],[-83.7372692,42.2755493],[-83.7372777,42.2755563],[-83.7372777,42.275557],[-83.7372787,42.2755573],[-83.7372787,42.275558],[-83.7372815,42.2755607],[-83.7372816,42.2755617],[-83.7372775,42.2755631],[-83.7372757,42.2755645],[-83.7372776,42.2755662],[-83.7372781,42.2755679],[-83.73728,42.2755699],[-83.7372824,42.2755753],[-83.7372825,42.275576],[-83.7372816,42.2755764],[-83.7372797,42.2755764],[-83.7372772,42.2755706],[-83.7372734,42.2755659],[-83.7372734,42.2755649],[-83.7372686,42.2755605],[-83.7372686,42.2755599],[-83.7372596,42.2755532],[-83.7372587,42.2755532],[-83.7372563,42.2755512],[-83.7372498,42.2755486],[-83.7372493,42.2755479],[-83.7372419,42.2755453],[-83.737227,42.2755425],[-83.7372104,42.2755424],[-83.7371999,42.275544],[-83.7371993,42.2755423],[-83.7372003,42.2755419],[-83.7372104,42.2755404],[-83.737215,42.2755403],[-83.7372163,42.2755393],[-83.7372162,42.2755352],[-83.7372139,42.2755345],[-83.7371816,42.2755354],[-83.7371816,42.2755347],[-83.7371793,42.2755348],[-83.7371788,42.2755341],[-83.737177,42.2755348],[-83.737176,42.2755341],[-83.7371751,42.2755348],[-83.7371756,42.2755355],[-83.7371742,42.2755355],[-83.7371747,42.2755348],[-83.7371733,42.2755349],[-83.7371729,42.2755356],[-83.7371434,42.2755357],[-83.7371411,42.2755364],[-83.7371411,42.2755371],[-83.7371397,42.2755382],[-83.7371412,42.2755392],[-83.7371453,42.2755401],[-83.7371528,42.2755431],[-83.7371502,42.2755472],[-83.7371493,42.2755476],[-83.7371484,42.2755496],[-83.7371466,42.2755496],[-83.737141,42.2755477],[-83.7371363,42.2755471],[-83.7371349,42.2755464],[-83.7371201,42.2755453],[-83.7371068,42.2755466],[-83.7370954,42.2755495],[-83.737084,42.2755545],[-83.7370813,42.2755565],[-83.7370804,42.2755566],[-83.7370723,42.2755628],[-83.7370723,42.2755635],[-83.7370709,42.2755642],[-83.7370709,42.2755649],[-83.7370696,42.2755656],[-83.7370678,42.2755684],[-83.7370669,42.2755687],[-83.7370612,42.2755787],[-83.7370588,42.2755897],[-83.737059,42.2755955],[-83.7370601,42.2756009],[-83.7370621,42.2756063],[-83.737064,42.275609],[-83.737064,42.2756101],[-83.7370655,42.2756114],[-83.7370655,42.2756124],[-83.7370693,42.2756171],[-83.7370703,42.2756175],[-83.7370703,42.2756182],[-83.7370712,42.2756185],[-83.7370712,42.2756192],[-83.7370722,42.2756195],[-83.7370722,42.2756202],[-83.7370741,42.2756212],[-83.7370741,42.2756218],[-83.7370826,42.2756278],[-83.7370835,42.2756278],[-83.7370849,42.2756292],[-83.7370901,42.2756311],[-83.7370905,42.2756318],[-83.7370989,42.2756347],[-83.7371073,42.2756366],[-83.7371202,42.2756378],[-83.7371308,42.2756373],[-83.7371395,42.2756357],[-83.7371473,42.2756336],[-83.7371491,42.2756325],[-83.7371505,42.2756325],[-83.7371558,42.2756389],[-83.7371476,42.2756424],[-83.737143,42.2756435],[-83.7371412,42.2756449],[-83.7371426,42.2756459],[-83.7371426,42.2756466],[-83.7372191,42.2756453],[-83.7372195,42.2756405],[-83.737218,42.2756395],[-83.737213,42.2756396],[-83.7372046,42.2756387],[-83.7372023,42.2756381],[-83.7372027,42.2756364],[-83.7372129,42.2756376],[-83.7372267,42.2756373],[-83.7372368,42.2756358],[-83.7372377,42.2756351],[-83.7372446,42.2756336],[-83.7372519,42.2756308],[-83.7372578,42.2756273],[-83.7372587,42.2756272],[-83.7372609,42.2756252],[-83.7372619,42.2756251],[-83.7372704,42.2756182],[-83.7372704,42.2756175],[-83.7372713,42.2756171],[-83.7372713,42.2756165],[-83.7372722,42.2756161],[-83.7372722,42.2756154],[-83.7372731,42.2756151],[-83.7372731,42.2756144],[-83.7372757,42.2756116],[-83.7372757,42.2756106],[-83.7372784,42.2756071],[-83.7372805,42.2756013],[-83.7372833,42.2756016],[-83.7372833,42.2756023],[-83.7372811,42.2756078],[-83.7372772,42.2756136],[-83.7372809,42.2756149],[-83.7372814,42.2756156],[-83.7372832,42.2756159],[-83.7372833,42.2756169],[-83.7372806,42.2756197],[-83.7372806,42.2756204],[-83.7372797,42.2756207],[-83.7372797,42.2756214],[-83.737277,42.2756235],[-83.737277,42.2756242],[-83.7372739,42.2756263],[-83.7372739,42.275627],[-83.7372649,42.2756333],[-83.737264,42.2756333],[-83.7372603,42.2756357],[-83.7372585,42.2756361],[-83.7372581,42.2756368],[-83.7372562,42.2756372],[-83.7372558,42.2756379],[-83.7372435,42.2756418],[-83.7372421,42.2756429],[-83.7372421,42.2756436],[-83.7372436,42.2756449],[-83.7372454,42.2756452],[-83.7372956,42.275644],[-83.7372965,42.275643],[-83.7372965,42.2756273]]]]}},{"type":"Feature","properties":{"layer":"room","roomNumber":"3046"},"geometry":{"type":"Polygon","coordinates":[[[-83.7369466,42.2756595],[-83.7369458,42.2756346],[-83.7369449,42.2756339],[-83.7369412,42.2756336],[-83.7369375,42.2756323],[-83.7369341,42.2756297],[-83.7369331,42.275627],[-83.7369317,42.275626],[-83.7369142,42.2756263],[-83.7369129,42.2756273],[-83.736913,42.2756317],[-83.7369089,42.2756318],[-83.7369075,42.2756339],[-83.7369025,42.275634],[-83.736902,42.2756329],[-83.7368891,42.2756332],[-83.7368877,42.2756342],[-83.7368884,42.275655],[-83.7368898,42.275656],[-83.7369031,42.2756558],[-83.7369031,42.2756551],[-83.7369086,42.275655],[-83.7369087,42.275656],[-83.7369096,42.2756567],[-83.7369138,42.2756566],[-83.7369139,42.27566],[-83.7369153,42.275661],[-83.7369452,42.2756605],[-83.7369466,42.2756595]]]}},{"type":"Feature","properties":{"layer":"room","roomNumber":"3050"},"geometry":{"type":"Polygon","coordinates":[[[-83.7370212,42.2756125],[-83.7370195,42.2755559],[-83.7370185,42.2755552],[-83.7369623,42.2755558],[-83.73696,42.2755569],[-83.736961,42.2755576],[-83.7369601,42.2755579],[-83.7369619,42.2755592],[-83.7369633,42.2755592],[-83.7369635,42.2755637],[-83.7369542,42.2755638],[-83.7369541,42.2755597],[-83.7369559,42.2755594],[-83.7369573,42.2755583],[-83.7369573,42.2755576],[-83.7369563,42.2755573],[-83.7369563,42.2755566],[-83.736954,42.275556],[-83.7369134,42.2755567],[-83.7369112,42.2755574],[-83.736911,42.2755663],[-83.7369073,42.2755663],[-83.7369059,42.2755674],[-83.7369074,42.2756134],[-83.7369088,42.2756144],[-83.7370212,42.2756125]]]}},{"type":"Feature","properties":{"layer":"room","roomNumber":"3055"},"geometry":{"type":"MultiPolygon","coordinates":[[[[-83.7372836,42.2754941],[-83.7372817,42.2754914],[-83.7372808,42.2754911],[-83.7372803,42.2754897],[-83.7372784,42.2754894],[-83.7372761,42.2754908],[-83.7372743,42.2754912],[-83.7372739,42.2754919],[-83.7372711,42.2754926],[-83.7372707,42.2754933],[-83.7372679,42.275494],[-83.7372675,42.2754947],[-83.7372657,42.2754951],[-83.7372652,42.2754958],[-83.7372625,42.2754965],[-83.737262,42.2754972],[-83.7372593,42.2754979],[-83.7372575,42.275499],[-83.7372575,42.2754997],[-83.7372584,42.2755],[-83.7372609,42.2755037],[-83.7372623,42.275504],[-83.7372636,42.275503],[-83.7372664,42.2755022],[-83.7372668,42.2755016],[-83.7372695,42.2755008],[-83.73727,42.2755001],[-83.7372718,42.2754998],[-83.7372722,42.2754991],[-83.737275,42.2754983],[-83.7372754,42.2754977],[-83.7372782,42.2754969],[-83.7372786,42.2754962],[-83.7372805,42.2754959],[-83.7372809,42.2754952],[-83.7372836,42.2754941]]],[[[-83.7372586,42.2755054],[-83.7372553,42.2755014],[-83.7372489,42.2755039],[-83.737242,42.2755057],[-83.737237,42.2755065],[-83.737225,42.2755067],[-83.7372148,42.2755052],[-83.7372059,42.2755022],[-83.7372038,42.2755057],[-83.7372028,42.275506],[-83.7372043,42.2755074],[-83.7372099,42.2755093],[-83.7372126,42.2755096],[-83.7372136,42.2755103],[-83.7372205,42.2755115],[-83.7372279,42.2755121],[-83.7372385,42.2755116],[-83.7372468,42.2755101],[-83.7372573,42.2755065],[-83.7372586,42.2755054]]],[[[-83.7372006,42.2755085],[-83.7372006,42.2755074],[-83.7371996,42.2755068],[-83.7371945,42.2755052],[-83.7371917,42.2755035],[-83.7371889,42.2755029],[-83.7371884,42.2755022],[-83.7371856,42.2755016],[-83.7371852,42.2755009],[-83.7371824,42.2755002],[-83.7371796,42.2754986],[-83.7371768,42.275498],[-83.7371763,42.2754973],[-83.7371735,42.2754966],[-83.737173,42.275496],[-83.7371702,42.2754953],[-83.7371674,42.2754937],[-83.737159,42.2754907],[-83.7371585,42.2754901],[-83.7371525,42.2754881],[-83.737152,42.2754875],[-83.7371492,42.2754868],[-83.7371464,42.2754852],[-83.7371445,42.2754849],[-83.7371441,42.2754842],[-83.7371348,42.2754813],[-83.737125,42.2754801],[-83.7371149,42.2754806],[-83.7371053,42.2754828],[-83.7371026,42.2754842],[-83.7371012,42.2754842],[-83.7370971,42.2754867],[-83.7370944,42.2754874],[-83.7370939,42.2754881],[-83.7370912,42.2754888],[-83.7370885,42.2754906],[-83.7370857,42.2754913],[-83.7370853,42.275492],[-83.7370825,42.2754927],[-83.7370798,42.2754945],[-83.7370771,42.2754952],[-83.7370766,42.2754959],[-83.7370739,42.2754966],[-83.7370735,42.2754973],[-83.7370657,42.2755005],[-83.7370676,42.2755032],[-83.7370686,42.2755035],[-83.7370691,42.2755049],[-83.73707,42.2755052],[-83.7370727,42.2755035],[-83.7370759,42.2755024],[-83.7370764,42.2755017],[-83.7370818,42.2754996],[-83.7370823,42.2754989],[-83.7370841,42.2754985],[-83.7370859,42.2754971],[-83.73709,42.2754957],[-83.7370918,42.2754943],[-83.7370936,42.2754939],[-83.7370954,42.2754925],[-83.7370973,42.2754921],[-83.7370991,42.2754907],[-83.7371045,42.2754886],[-83.7371146,42.2754864],[-83.7371243,42.2754859],[-83.737134,42.2754871],[-83.7371456,42.2754903],[-83.7371461,42.275491],[-83.737155,42.2754942],[-83.7371555,42.2754949],[-83.7371573,42.2754952],[-83.7371578,42.2754959],[-83.7371597,42.2754962],[-83.7371601,42.2754969],[-83.737162,42.2754972],[-83.7371639,42.2754985],[-83.7371727,42.2755018],[-83.7371732,42.2755025],[-83.7371751,42.2755028],[-83.7371756,42.2755034],[-83.7371774,42.2755037],[-83.7371793,42.2755051],[-83.7371811,42.2755054],[-83.7371816,42.2755061],[-83.7371835,42.2755064],[-83.737184,42.275507],[-83.7371858,42.2755074],[-83.7371863,42.275508],[-83.7371882,42.2755083],[-83.7371886,42.275509],[-83.7371905,42.2755093],[-83.737191,42.27551],[-83.7371919,42.27551],[-83.7371924,42.2755107],[-83.7371942,42.275511],[-83.7371966,42.2755123],[-83.7371979,42.2755119],[-83.7371997,42.2755088],[-83.7372006,42.2755085]]],[[[-83.7372928,42.2755219],[-83.7372914,42.2754926],[-83.7372896,42.2754926],[-83.7372891,42.2754933],[-83.7372841,42.2754951],[-83.7372837,42.2754958],[-83.7372809,42.2754965],[-83.7372805,42.2754972],[-83.7372777,42.275498],[-83.7372773,42.2754986],[-83.7372723,42.2755004],[-83.7372719,42.2755011],[-83.7372691,42.2755019],[-83.7372687,42.2755025],[-83.7372614,42.2755054],[-83.7372609,42.2755061],[-83.7372591,42.2755061],[-83.7372532,42.2755089],[-83.7372431,42.2755115],[-83.7372312,42.2755127],[-83.7372238,42.2755125],[-83.737215,42.2755113],[-83.7372113,42.27551],[-83.7372099,42.27551],[-83.7372061,42.2755084],[-83.7372048,42.2755084],[-83.7372033,42.2755074],[-83.737202,42.2755074],[-83.7371989,42.2755123],[-83.737198,42.2755126],[-83.737198,42.2755133],[-83.7371971,42.2755133],[-83.7371933,42.2755113],[-83.7371915,42.275511],[-83.737191,42.2755103],[-83.7371891,42.27551],[-83.7371886,42.2755094],[-83.7371868,42.275509],[-83.7371863,42.2755084],[-83.7371845,42.2755081],[-83.737184,42.2755074],[-83.7371821,42.2755071],[-83.7371816,42.2755064],[-83.7371798,42.2755061],[-83.7371779,42.2755048],[-83.737176,42.2755045],[-83.7371756,42.2755038],[-83.7371737,42.2755035],[-83.7371732,42.2755028],[-83.7371714,42.2755025],[-83.7371709,42.2755018],[-83.737169,42.2755015],[-83.7371686,42.2755008],[-83.7371667,42.2755005],[-83.7371662,42.2754998],[-83.7371644,42.2754995],[-83.7371625,42.2754982],[-83.7371536,42.2754949],[-83.7371531,42.2754943],[-83.7371513,42.275494],[-83.7371508,42.2754933],[-83.7371489,42.275493],[-83.7371471,42.2754916],[-83.7371382,42.2754887],[-83.7371252,42.2754865],[-83.7371169,42.2754867],[-83.7371059,42.2754889],[-83.7371023,42.2754907],[-83.7371009,42.2754907],[-83.7370968,42.2754932],[-83.737095,42.2754935],[-83.7370896,42.2754967],[-83.7370855,42.2754981],[-83.73708,42.2755013],[-83.7370782,42.2755017],[-83.7370764,42.2755031],[-83.7370723,42.2755045],[-83.7370705,42.2755059],[-83.7370691,42.2755059],[-83.7370682,42.2755053],[-83.7370672,42.2755032],[-83.7370663,42.2755029],[-83.7370653,42.2755009],[-83.7370634,42.2754992],[-83.737062,42.2755002],[-83.7370611,42.2755003],[-83.7370607,42.2755016],[-83.7370614,42.2755258],[-83.7370624,42.2755258],[-83.7370638,42.2755268],[-83.7372914,42.275523],[-83.7372928,42.2755219]]]]}},{"type":"Feature","properties":{"layer":"room","roomNumber":"3060"},"geometry":{"type":"Polygon","coordinates":[[[-83.737037,42.2755266],[-83.737037,42.2755259],[-83.7370361,42.2755259],[-83.7370355,42.2754911],[-83.7370331,42.2754895],[-83.736963,42.2754906],[-83.7369608,42.275491],[-83.7369608,42.2754917],[-83.736959,42.2754928],[-83.7369599,42.2754938],[-83.7369613,42.2754938],[-83.7369614,42.2754982],[-83.7369522,42.2754983],[-83.7369521,42.2754942],[-83.7369539,42.2754939],[-83.7369553,42.2754925],[-83.7369539,42.2754918],[-83.7369538,42.2754911],[-83.736952,42.2754908],[-83.7369114,42.2754915],[-83.7369096,42.2754919],[-83.7369087,42.2754929],[-83.7369089,42.2755008],[-83.7369053,42.2755008],[-83.7369039,42.2755019],[-83.7369046,42.2755247],[-83.736906,42.2755257],[-83.7369097,42.2755257],[-83.7369098,42.2755284],[-83.7369112,42.2755294],[-83.7370361,42.2755273],[-83.737037,42.2755266]]]}},{"type":"Feature","properties":{"layer":"room","roomNumber":"3065"},"geometry":{"type":"Polygon","coordinates":[[[-83.7372908,42.2754564],[-83.7372899,42.2754278],[-83.7372885,42.2754268],[-83.7372875,42.2754268],[-83.7372862,42.2754279],[-83.7372825,42.2754276],[-83.7372821,42.275429],[-83.7371775,42.2754307],[-83.7371769,42.2754294],[-83.7371733,42.2754298],[-83.7371719,42.2754291],[-83.737171,42.2754298],[-83.737171,42.2754308],[-83.7370668,42.2754326],[-83.7370663,42.2754312],[-83.7370627,42.2754316],[-83.7370612,42.2754306],[-83.7370603,42.2754307],[-83.7370599,42.2754314],[-83.737059,42.2754314],[-83.7370585,42.2754327],[-83.7370594,42.2754604],[-83.7370608,42.2754607],[-83.7370608,42.2754614],[-83.7370631,42.2754617],[-83.737288,42.2754579],[-83.7372899,42.2754575],[-83.7372908,42.2754564]]]}},{"type":"Feature","properties":{"layer":"room","roomNumber":"3070"},"geometry":{"type":"Polygon","coordinates":[[[-83.737035,42.2754611],[-83.737034,42.2754604],[-83.7370322,42.2754008],[-83.7370294,42.2754001],[-83.7369285,42.2754022],[-83.7369285,42.2754015],[-83.7369266,42.2754015],[-83.7369271,42.2754022],[-83.7369022,42.2754026],[-83.7369009,42.2754037],[-83.7369016,42.2754265],[-83.736903,42.2754275],[-83.7369067,42.2754275],[-83.7369069,42.2754353],[-83.7369032,42.2754354],[-83.7369019,42.2754364],[-83.7369026,42.2754593],[-83.736904,42.2754603],[-83.7369077,42.2754602],[-83.7369078,42.2754629],[-83.7369092,42.2754639],[-83.7370341,42.2754622],[-83.7370341,42.2754615],[-83.737035,42.2754611]]]}},{"type":"Feature","properties":{"layer":"room","roomNumber":"3075"},"geometry":{"type":"Polygon","coordinates":[[[-83.7372896,42.27542],[-83.7372879,42.2753647],[-83.737287,42.2753641],[-83.7370579,42.2753679],[-83.7370566,42.275369],[-83.7370582,42.2754228],[-83.7370588,42.2754245],[-83.7370615,42.2754252],[-83.7370616,42.2754262],[-83.737063,42.2754262],[-83.7370629,42.2754252],[-83.7370643,42.2754251],[-83.7370643,42.2754262],[-83.7370657,42.2754261],[-83.7370657,42.2754251],[-83.7371708,42.2754233],[-83.7371713,42.2754244],[-83.7371712,42.2754233],[-83.7371722,42.2754233],[-83.7371722,42.2754243],[-83.7371736,42.2754243],[-83.7371735,42.2754233],[-83.7371749,42.2754233],[-83.7371749,42.2754243],[-83.7371763,42.2754243],[-83.7371763,42.2754232],[-83.7372828,42.2754214],[-83.7372828,42.2754225],[-83.7372842,42.2754224],[-83.7372841,42.2754214],[-83.7372855,42.2754214],[-83.7372856,42.2754224],[-83.7372869,42.2754224],[-83.7372869,42.2754214],[-83.7372883,42.2754213],[-83.7372896,42.27542]]]}},{"type":"Feature","properties":{"layer":"room","roomNumber":"3090"},"geometry":{"type":"Polygon","coordinates":[[[-83.7370149,42.2753335],[-83.737013,42.2753318],[-83.7370111,42.2753315],[-83.7370111,42.2753305],[-83.7370102,42.2753319],[-83.7370089,42.2753319],[-83.7370083,42.2753305],[-83.7370074,42.2753306],[-83.737007,42.2753319],[-83.7370056,42.275332],[-83.7370051,42.2753292],[-83.7370037,42.2753282],[-83.7369986,42.2753283],[-83.7369972,42.2753294],[-83.7369974,42.2753338],[-83.7369988,42.2753348],[-83.7370011,42.2753348],[-83.7370012,42.2753382],[-83.7370026,42.2753392],[-83.7370109,42.275339],[-83.7370118,42.2753383],[-83.7370135,42.2753342],[-83.7370149,42.2753335]]]}},{"type":"Feature","properties":{"layer":"room","roomNumber":"3092"},"geometry":{"type":"Polygon","coordinates":[[[-83.7370369,42.2753304],[-83.7370369,42.2753297],[-83.7370355,42.2753291],[-83.7370355,42.2753287],[-83.7370336,42.2753284],[-83.7370336,42.2753281],[-83.7370318,42.2753281],[-83.7370318,42.2753278],[-83.7370281,42.2753278],[-83.7370272,42.2753289],[-83.7370267,42.2753289],[-83.7370268,42.2753313],[-83.7370277,42.2753316],[-83.7370278,42.2753319],[-83.7370291,42.2753319],[-83.7370292,42.2753329],[-83.7370296,42.2753329],[-83.7370296,42.2753333],[-83.7370301,42.2753332],[-83.7370301,42.2753326],[-83.737031,42.2753322],[-83.737031,42.2753319],[-83.7370319,42.2753319],[-83.7370315,42.2753325],[-83.7370324,42.2753329],[-83.7370324,42.2753332],[-83.7370333,42.2753332],[-83.7370333,42.2753322],[-83.7370338,42.2753322],[-83.7370338,42.2753318],[-83.7370351,42.2753318],[-83.7370365,42.2753304],[-83.7370369,42.2753304]]]}},{"type":"Feature","properties":{"layer":"room","roomNumber":"3100","roomName":"Shapiro Reading Room"},"geometry":{"type":"Polygon","coordinates":[[[-83.7373487,42.2752879],[-83.7373478,42.2752579],[-83.7373464,42.2752569],[-83.7372109,42.2752592],[-83.7372109,42.2752602],[-83.737204,42.2752604],[-83.7372026,42.2752614],[-83.7372035,42.2752904],[-83.737205,42.2752914],[-83.7372119,42.2752913],[-83.7372121,42.2752991],[-83.7372015,42.2752993],[-83.7372014,42.2752942],[-83.7371999,42.2752932],[-83.7371751,42.2752936],[-83.7371737,42.2752947],[-83.7371738,42.2752974],[-83.7371715,42.2752988],[-83.7371688,42.2752988],[-83.7371674,42.2752982],[-83.7371664,42.2752968],[-83.7371663,42.2752948],[-83.7371649,42.2752938],[-83.7371405,42.2752942],[-83.7371391,42.2752952],[-83.7371393,42.2753004],[-83.7371287,42.2753005],[-83.7371285,42.2752927],[-83.7371349,42.2752926],[-83.7371363,42.2752915],[-83.7371354,42.2752625],[-83.7371339,42.2752615],[-83.7371275,42.2752617],[-83.7371275,42.2752606],[-83.7369915,42.2752629],[-83.7369901,42.275264],[-83.7369911,42.275294],[-83.7369925,42.275295],[-83.7370298,42.2752944],[-83.7370306,42.2753193],[-83.737032,42.2753203],[-83.7370362,42.2753202],[-83.7370366,42.2753212],[-83.7370367,42.2753243],[-83.7370359,42.2753253],[-83.7370345,42.2753253],[-83.7370331,42.2753264],[-83.7370331,42.2753271],[-83.7370373,42.2753287],[-83.7370402,42.275331],[-83.7370417,42.2753354],[-83.7370403,42.2753355],[-83.737039,42.2753369],[-83.7370413,42.2753385],[-83.7370432,42.2753385],[-83.7370438,42.2753429],[-83.7370457,42.2753453],[-83.7370485,42.2753469],[-83.7370522,42.2753475],[-83.7370536,42.2753465],[-83.7370533,42.2753383],[-83.7370575,42.2753382],[-83.7370581,42.2753587],[-83.7370595,42.2753597],[-83.7370664,42.2753599],[-83.7370666,42.275365],[-83.737068,42.275366],[-83.7371666,42.2753644],[-83.7371684,42.275363],[-83.7371683,42.2753596],[-83.7371701,42.2753585],[-83.7371724,42.2753581],[-83.7371743,42.2753584],[-83.7371762,42.2753598],[-83.7371763,42.2753632],[-83.7371777,42.2753642],[-83.7372768,42.2753625],[-83.7372781,42.2753615],[-83.737278,42.275356],[-83.7372844,42.2753559],[-83.7372858,42.2753549],[-83.7372851,42.2753347],[-83.7372898,42.2753347],[-83.73729,42.2753425],[-83.7372914,42.2753435],[-83.7372928,42.2753435],[-83.7372955,42.2753424],[-83.7372982,42.2753403],[-83.7372995,42.2753382],[-83.7372999,42.2753341],[-83.7373022,42.2753345],[-83.7373044,42.2753327],[-83.7373026,42.275331],[-83.7373012,42.2753311],[-83.7373011,42.275329],[-83.7373024,42.2753263],[-83.7373056,42.2753238],[-83.7373083,42.2753227],[-83.7373073,42.2753217],[-83.7373055,42.2753214],[-83.7373053,42.275317],[-83.73731,42.2753169],[-83.7373113,42.2753159],[-83.7373105,42.2752896],[-83.7373474,42.275289],[-83.7373487,42.2752879]]]}},{"type":"Feature","properties":{"layer":"room","roomNumber":"3106"},"geometry":{"type":"Polygon","coordinates":[[[-83.7373098,42.2753265],[-83.7373093,42.2753258],[-83.7373088,42.2753258],[-83.7373088,42.2753248],[-83.7373079,42.2753245],[-83.7373079,42.2753241],[-83.7373065,42.2753241],[-83.7373051,42.2753255],[-83.7373047,42.2753255],[-83.7373047,42.2753259],[-83.7373042,42.2753259],[-83.7373042,42.2753262],[-83.7373038,42.2753262],[-83.7373047,42.2753272],[-83.7373061,42.2753272],[-83.7373061,42.2753276],[-83.7373066,42.2753276],[-83.7373066,42.2753286],[-83.7373071,42.2753286],[-83.7373071,42.2753275],[-83.7373075,42.2753275],[-83.7373075,42.2753272],[-83.7373089,42.2753272],[-83.7373093,42.2753265],[-83.7373098,42.2753265]]]}},{"type":"Feature","properties":{"layer":"room","roomNumber":"3108"},"geometry":{"type":"Polygon","coordinates":[[[-83.7373453,42.2753279],[-83.7373452,42.2753235],[-83.7373438,42.2753225],[-83.7373378,42.2753226],[-83.7373355,42.2753243],[-83.7373365,42.2753247],[-83.737336,42.2753254],[-83.737337,42.275326],[-83.7373351,42.2753257],[-83.7373346,42.2753244],[-83.7373333,42.2753251],[-83.7373333,42.2753261],[-83.7373323,42.2753247],[-83.7373314,42.2753247],[-83.737331,42.2753261],[-83.7373296,42.2753261],[-83.7373278,42.2753275],[-83.7373306,42.2753299],[-83.7373317,42.2753329],[-83.7373326,42.2753336],[-83.7373404,42.2753335],[-83.7373418,42.2753324],[-83.7373417,42.275329],[-83.737344,42.275329],[-83.7373453,42.2753279]]]}},{"type":"Feature","properties":{"layer":"room","roomNumber":"3118"},"geometry":{"type":"Polygon","coordinates":[[[-83.7373266,42.2753627],[-83.7373266,42.275362],[-83.7373252,42.2753614],[-83.7373252,42.275361],[-83.7373242,42.2753614],[-83.7373242,42.2753604],[-83.7373233,42.27536],[-83.7373233,42.2753597],[-83.7373223,42.2753597],[-83.7373219,42.2753604],[-83.7373214,42.2753604],[-83.7373219,42.2753611],[-83.7373215,42.2753611],[-83.7373215,42.2753614],[-83.7373205,42.2753611],[-83.7373197,42.2753621],[-83.7373192,42.2753621],[-83.7373188,42.2753639],[-83.7373192,42.2753638],[-83.7373193,42.2753652],[-83.7373197,42.2753652],[-83.7373198,42.2753659],[-83.7373202,42.2753659],[-83.7373203,42.2753666],[-83.7373221,42.2753676],[-83.7373221,42.2753679],[-83.7373226,42.2753679],[-83.7373226,42.2753682],[-83.7373235,42.2753682],[-83.7373235,42.2753686],[-83.7373249,42.2753685],[-83.7373258,42.2753675],[-83.7373263,42.2753675],[-83.7373261,42.2753627],[-83.7373266,42.2753627]]]}},{"type":"Feature","properties":{"layer":"room","roomNumber":"3120"},"geometry":{"type":"Polygon","coordinates":[[[-83.7374458,42.2753846],[-83.7374441,42.2753293],[-83.7374426,42.2753283],[-83.7374385,42.2753281],[-83.7374383,42.2753233],[-83.7374369,42.2753223],[-83.7374065,42.2753228],[-83.7374052,42.2753238],[-83.7374052,42.2753252],[-83.7373992,42.2753253],[-83.7373979,42.2753264],[-83.737399,42.2753782],[-83.7373912,42.2753783],[-83.7373907,42.2753633],[-83.7373893,42.2753623],[-83.7373294,42.2753633],[-83.737328,42.2753644],[-83.7373277,42.2753698],[-83.7373245,42.2753696],[-83.7373217,42.2753686],[-83.7373198,42.2753672],[-83.7373174,42.2753635],[-83.7373142,42.2753636],[-83.7373133,42.2753643],[-83.7373137,42.2753929],[-83.7373147,42.275395],[-83.7373161,42.2753953],[-83.73744,42.2753932],[-83.7374403,42.275386],[-83.7374444,42.2753856],[-83.7374458,42.2753846]]]}},{"type":"Feature","properties":{"layer":"room","roomNumber":"3130"},"geometry":{"type":"MultiPolygon","coordinates":[[[[-83.7374417,42.2754181],[-83.7374417,42.2754177],[-83.7374413,42.2754177],[-83.7374413,42.2754181],[-83.7374417,42.2754181]]],[[[-83.7374478,42.27545],[-83.7374471,42.2754272],[-83.7374457,42.2754262],[-83.7374415,42.2754263],[-83.7374413,42.2754181],[-83.7374389,42.2754171],[-83.7373993,42.2754178],[-83.7373975,42.2754181],[-83.737397,42.2754192],[-83.7373957,42.2754199],[-83.7373966,42.2754209],[-83.737398,42.2754209],[-83.7373981,42.2754253],[-83.7373889,42.2754254],[-83.7373888,42.2754214],[-83.7373906,42.275421],[-83.7373915,42.2754196],[-83.7373901,42.2754189],[-83.7373901,42.2754183],[-83.7373882,42.275418],[-83.7373182,42.2754191],[-83.737315,42.2754199],[-83.7373156,42.275455],[-83.7373171,42.275457],[-83.7374406,42.2754553],[-83.7374424,42.2754546],[-83.7374423,42.2754512],[-83.7374464,42.2754511],[-83.7374478,42.27545]]]]}},{"type":"Feature","properties":{"layer":"room","roomNumber":"3140"},"geometry":{"type":"MultiPolygon","coordinates":[[[[-83.7374438,42.2754835],[-83.7374437,42.2754832],[-83.7374433,42.2754832],[-83.7374433,42.2754836],[-83.7374438,42.2754835]]],[[[-83.7374498,42.2755155],[-83.7374491,42.2754927],[-83.7374477,42.2754917],[-83.7374435,42.2754917],[-83.7374433,42.2754836],[-83.7374424,42.2754829],[-83.7374013,42.2754832],[-83.7373995,42.2754836],[-83.7373991,42.2754846],[-83.7373977,42.2754853],[-83.7373987,42.2754864],[-83.7374,42.2754863],[-83.7374002,42.2754908],[-83.737391,42.2754909],[-83.7373908,42.2754865],[-83.7373922,42.2754865],[-83.7373935,42.2754851],[-83.7373921,42.2754844],[-83.7373921,42.2754837],[-83.7373903,42.2754834],[-83.737317,42.275485],[-83.7373176,42.2755201],[-83.7373186,42.2755222],[-83.7373195,42.2755225],[-83.737444,42.2755204],[-83.7374443,42.2755166],[-83.7374485,42.2755166],[-83.7374498,42.2755155]]]]}},{"type":"Feature","properties":{"layer":"room","roomNumber":"3150"},"geometry":{"type":"Polygon","coordinates":[[[-83.7374529,42.2756137],[-83.7374511,42.2755581],[-83.7374497,42.2755571],[-83.7374456,42.2755572],[-83.7374453,42.2755494],[-83.7374467,42.275549],[-83.7374453,42.275548],[-83.7374033,42.2755484],[-83.7374006,42.2755491],[-83.7374006,42.2755498],[-83.7373993,42.2755505],[-83.7374007,42.2755518],[-83.7374021,42.2755518],[-83.7374022,42.2755562],[-83.737393,42.2755564],[-83.7373929,42.275552],[-83.7373942,42.2755519],[-83.7373956,42.2755509],[-83.7373956,42.2755502],[-83.7373946,42.2755499],[-83.7373946,42.2755492],[-83.7373923,42.2755486],[-83.7373222,42.2755497],[-83.737319,42.2755508],[-83.7373208,42.2756238],[-83.7373218,42.2756258],[-83.7373956,42.2756249],[-83.7373978,42.2756228],[-83.7373964,42.2756218],[-83.737395,42.2756219],[-83.7373949,42.2756174],[-83.7374041,42.2756173],[-83.7374042,42.2756217],[-83.7374028,42.2756217],[-83.7374015,42.2756228],[-83.7374039,42.2756248],[-83.7374472,42.2756241],[-83.7374485,42.275623],[-83.7374476,42.2756227],[-83.7374474,42.2756148],[-83.7374515,42.2756148],[-83.7374529,42.2756137]]]}},{"type":"Feature","properties":{"layer":"room","roomNumber":"3160"},"geometry":{"type":"MultiPolygon","coordinates":[[[[-83.7373734,42.2757417],[-83.7373731,42.2757341],[-83.7373717,42.2757332],[-83.7373694,42.2757332],[-83.7373692,42.275725],[-83.7373677,42.275724],[-83.7373659,42.275724],[-83.7373632,42.2757251],[-83.7373623,42.2757261],[-83.7373614,42.2757262],[-83.7373614,42.2757268],[-83.73736,42.2757275],[-83.7373583,42.2757313],[-83.7373588,42.2757334],[-83.7373565,42.2757334],[-83.7373552,42.2757345],[-83.7373554,42.2757426],[-83.7373568,42.2757436],[-83.7373591,42.2757436],[-83.73736,42.2757419],[-83.737361,42.2757432],[-83.7373619,42.2757432],[-83.7373623,42.2757418],[-83.7373637,42.2757418],[-83.7373642,42.2757428],[-83.7373656,42.2757428],[-83.7373655,42.2757418],[-83.7373669,42.2757418],[-83.7373665,42.2757425],[-83.7373679,42.2757431],[-83.7373683,42.2757417],[-83.7373697,42.2757417],[-83.7373702,42.2757431],[-83.7373716,42.275743],[-83.7373734,42.2757417]]],[[[-83.7374761,42.2757106],[-83.7374755,42.2756898],[-83.7374741,42.2756888],[-83.7374612,42.275689],[-83.7374603,42.27569],[-83.7374552,42.2756901],[-83.7374552,42.2756891],[-83.7374538,42.2756881],[-83.7374496,42.2756882],[-83.7374494,42.2756803],[-83.7374535,42.2756802],[-83.7374549,42.2756792],[-83.7374542,42.2756564],[-83.7374528,42.2756554],[-83.7374486,42.2756554],[-83.7374484,42.2756493],[-83.737447,42.2756493],[-83.7374468,42.2756415],[-83.7374449,42.2756401],[-83.7374422,42.2756409],[-83.7374386,42.2756433],[-83.7374368,42.2756464],[-83.7374369,42.2756495],[-83.7373212,42.2756514],[-83.7373199,42.2756525],[-83.7373213,42.2756978],[-83.7373102,42.275698],[-83.7373089,42.2756991],[-83.7373089,42.2757001],[-83.7373104,42.2757021],[-83.7373146,42.2757048],[-83.7373174,42.2757054],[-83.7373215,42.275705],[-83.7373215,42.275706],[-83.7373169,42.2757061],[-83.7373124,42.2757079],[-83.7373097,42.2757107],[-83.7373093,42.2757127],[-83.7373107,42.2757137],[-83.7373218,42.2757135],[-83.7373223,42.2757313],[-83.7373237,42.2757323],[-83.7373569,42.2757317],[-83.7373578,42.275731],[-83.7373586,42.2757279],[-83.7373627,42.2757244],[-83.7373677,42.275723],[-83.73737,42.2757229],[-83.7373702,42.2757304],[-83.7373717,42.2757314],[-83.7374311,42.2757304],[-83.7374322,42.2757516],[-83.7374336,42.2757526],[-83.7374401,42.2757525],[-83.7374402,42.2757549],[-83.7374416,42.2757579],[-83.7374454,42.2757606],[-83.7374491,42.2757612],[-83.7374505,42.2757601],[-83.7374502,42.2757523],[-83.7374516,42.2757523],[-83.7374514,42.2757458],[-83.7374556,42.2757457],[-83.7374569,42.2757447],[-83.7374562,42.2757218],[-83.7374548,42.2757208],[-83.7374506,42.2757209],[-83.7374504,42.2757131],[-83.7374545,42.275713],[-83.7374559,42.2757119],[-83.7374559,42.2757109],[-83.7374609,42.2757108],[-83.7374619,42.2757118],[-83.7374748,42.2757116],[-83.7374761,42.2757106]]]]}},{"type":"Feature","properties":{"layer":"room","roomNumber":"3167"},"geometry":{"type":"Polygon","coordinates":[[[-83.7373736,42.2757509],[-83.7373734,42.2757444],[-83.7373716,42.275743],[-83.7373697,42.2757434],[-83.7373698,42.2757444],[-83.7373684,42.2757445],[-83.7373679,42.2757431],[-83.737367,42.2757431],[-83.737367,42.2757441],[-83.7373661,42.2757445],[-83.737366,42.2757435],[-83.7373651,42.2757428],[-83.7373642,42.2757428],[-83.7373642,42.2757439],[-83.7373633,42.2757446],[-83.7373624,42.2757446],[-83.7373628,42.2757439],[-83.7373619,42.2757432],[-83.7373605,42.2757439],[-83.737361,42.2757446],[-83.7373587,42.2757446],[-83.7373587,42.2757436],[-83.7373568,42.2757436],[-83.7373555,42.2757447],[-83.7373555,42.2757457],[-83.7373518,42.2757458],[-83.7373505,42.2757468],[-83.7373506,42.2757512],[-83.737352,42.2757522],[-83.7373594,42.2757521],[-83.7373596,42.2757603],[-83.7373611,42.2757613],[-83.7373647,42.2757606],[-83.7373679,42.2757585],[-83.7373696,42.2757554],[-83.7373695,42.275752],[-83.7373723,42.2757519],[-83.7373736,42.2757509]]]}},{"type":"Feature","properties":{"layer":"room","roomNumber":"3168"},"geometry":{"type":"Polygon","coordinates":[[[-83.737353,42.2757393],[-83.7373529,42.2757362],[-83.737351,42.2757352],[-83.737351,42.2757349],[-83.7373506,42.2757349],[-83.7373505,42.2757345],[-83.7373501,42.2757345],[-83.7373501,42.2757356],[-83.7373464,42.2757356],[-83.7373464,42.275736],[-83.7373451,42.275736],[-83.7373451,42.2757363],[-83.7373442,42.2757363],[-83.7373442,42.2757367],[-83.7373432,42.2757367],[-83.7373432,42.275737],[-83.7373423,42.2757371],[-83.7373414,42.2757381],[-83.737341,42.2757381],[-83.737341,42.2757391],[-83.7373419,42.2757395],[-83.737342,42.2757398],[-83.7373433,42.2757398],[-83.7373433,42.2757401],[-83.7373438,42.2757401],[-83.7373438,42.2757411],[-83.7373448,42.2757411],[-83.7373447,42.2757401],[-83.7373452,42.2757401],[-83.7373452,42.2757397],[-83.7373466,42.2757397],[-83.7373466,42.2757401],[-83.737347,42.2757401],[-83.7373471,42.2757411],[-83.7373475,42.2757411],[-83.737348,42.2757404],[-83.7373484,42.2757404],[-83.7373479,42.2757397],[-83.7373493,42.2757397],[-83.7373489,42.2757404],[-83.7373498,42.2757407],[-83.7373498,42.275741],[-83.7373508,42.275741],[-83.7373507,42.27574],[-83.7373512,42.27574],[-83.7373512,42.2757396],[-83.7373526,42.2757396],[-83.7373525,42.2757393],[-83.737353,42.2757393]]]}},{"type":"Feature","properties":{"layer":"room","roomNumber":"3170"},"geometry":{"type":"Polygon","coordinates":[[[-83.7374202,42.2758241],[-83.7374186,42.275774],[-83.7374176,42.275772],[-83.7374153,42.2757713],[-83.7373328,42.2757727],[-83.7373301,42.2757734],[-83.7373292,42.2757748],[-83.7373301,42.2757751],[-83.7373306,42.2757765],[-83.7373316,42.2757765],[-83.7373321,42.2757782],[-83.7373335,42.2757782],[-83.7373335,42.2757795],[-83.7373349,42.2757798],[-83.7373345,42.2757805],[-83.7373358,42.2757808],[-83.7373359,42.2757822],[-83.7373373,42.2757829],[-83.7373369,42.2757839],[-83.7373383,42.2757842],[-83.7373393,42.2757876],[-83.7373402,42.2757876],[-83.7373403,42.2757893],[-83.7373412,42.2757893],[-83.7373408,42.2757907],[-83.7373417,42.275791],[-83.7373417,42.2757927],[-83.7373427,42.275793],[-83.7373423,42.2757944],[-83.7373432,42.2757947],[-83.7373428,42.2757964],[-83.7373438,42.2757981],[-83.7373444,42.2758193],[-83.7373453,42.2758196],[-83.7373454,42.2758209],[-83.7373468,42.2758216],[-83.7373464,42.2758226],[-83.7373482,42.2758233],[-83.7373483,42.2758243],[-83.7373496,42.2758243],[-83.7373501,42.2758253],[-83.7373515,42.2758253],[-83.737352,42.2758263],[-83.7373539,42.2758263],[-83.7373539,42.2758269],[-83.7373562,42.2758269],[-83.7373571,42.2758276],[-83.7374009,42.2758268],[-83.7374014,42.2758278],[-83.7374032,42.2758275],[-83.7374037,42.2758281],[-83.7374055,42.2758274],[-83.7374065,42.2758281],[-83.7374074,42.2758274],[-83.7374069,42.2758267],[-83.7374083,42.2758267],[-83.7374078,42.2758274],[-83.7374092,42.275828],[-83.7374097,42.2758274],[-83.7374111,42.2758277],[-83.737412,42.2758266],[-83.7374184,42.2758265],[-83.7374198,42.2758258],[-83.7374202,42.2758241]]]}},{"type":"Feature","properties":{"layer":"room","roomNumber":"3178"},"geometry":{"type":"Polygon","coordinates":[[[-83.7374114,42.275942],[-83.7374107,42.2759191],[-83.7374093,42.2759181],[-83.7374051,42.2759182],[-83.737405,42.2759131],[-83.7374035,42.2759121],[-83.7373782,42.2759125],[-83.7373773,42.2759132],[-83.7373765,42.2759163],[-83.7373729,42.2759194],[-83.7373678,42.2759209],[-83.7373655,42.2759206],[-83.7373637,42.275922],[-83.7373644,42.2759428],[-83.7373658,42.2759438],[-83.7373727,42.2759436],[-83.7373728,42.2759464],[-83.7373742,42.2759474],[-83.7374046,42.2759469],[-83.737406,42.2759458],[-83.7374059,42.2759431],[-83.73741,42.275943],[-83.7374114,42.275942]]]}},{"type":"Feature","properties":{"layer":"room","roomNumber":"3180"},"geometry":{"type":"Polygon","coordinates":[[[-83.7373682,42.2759755],[-83.7373674,42.2759526],[-83.737366,42.2759516],[-83.7373619,42.2759513],[-83.7373607,42.2759138],[-83.7373593,42.2759128],[-83.7373289,42.2759133],[-83.7373275,42.2759144],[-83.7373277,42.2759195],[-83.7373171,42.2759197],[-83.7373169,42.2759146],[-83.7373155,42.2759136],[-83.7372975,42.2759139],[-83.7372962,42.2759153],[-83.7372962,42.2759166],[-83.7372945,42.275919],[-83.7372904,42.2759215],[-83.7372849,42.2759223],[-83.7372849,42.2759213],[-83.7372834,42.2759203],[-83.7372765,42.2759204],[-83.7372752,42.2759214],[-83.7372759,42.2759443],[-83.7372773,42.2759453],[-83.7372842,42.2759451],[-83.7372845,42.275953],[-83.7372808,42.2759531],[-83.7372794,42.2759541],[-83.7372801,42.2759769],[-83.7372815,42.2759779],[-83.7372852,42.2759779],[-83.7372853,42.2759806],[-83.7372867,42.2759816],[-83.737295,42.2759815],[-83.7372956,42.2759839],[-83.7373109,42.2759873],[-83.7373169,42.2759879],[-83.7373316,42.2759877],[-83.7373417,42.2759861],[-83.73735,42.275984],[-83.7373532,42.2759825],[-83.7373531,42.2759805],[-83.7373618,42.2759803],[-83.7373632,42.2759793],[-83.7373631,42.2759766],[-83.7373668,42.2759765],[-83.7373682,42.2759755]]]}},{"type":"Feature","properties":{"layer":"room","roomNumber":"3C01"},"geometry":{"type":"Polygon","coordinates":[[[-83.7373217,42.2757558],[-83.7373217,42.2757548],[-83.7373208,42.2757552],[-83.7373203,42.2757545],[-83.7373202,42.2757521],[-83.7373179,42.2757518],[-83.7371911,42.2757539],[-83.7371884,42.2757554],[-83.7371885,42.2757591],[-83.7371835,42.2757592],[-83.7371835,42.2757585],[-83.7371729,42.2757587],[-83.7371728,42.2757577],[-83.7371673,42.2757578],[-83.7371673,42.2757567],[-83.7371663,42.2757568],[-83.7371664,42.2757578],[-83.7371608,42.2757579],[-83.7371609,42.2757589],[-83.7371397,42.2757593],[-83.7371396,42.2757582],[-83.7371341,42.2757583],[-83.7371341,42.2757573],[-83.7371331,42.275757],[-83.7371327,42.2757583],[-83.7371277,42.2757584],[-83.7371277,42.2757595],[-83.7371175,42.2757596],[-83.7371171,42.2757603],[-83.7371093,42.2757605],[-83.7371084,42.2757612],[-83.7371071,42.2757646],[-83.7371039,42.275767],[-83.7371007,42.2757681],[-83.7370975,42.2757682],[-83.7370973,42.2757617],[-83.7370959,42.2757607],[-83.7370719,42.2757611],[-83.737071,42.2757614],[-83.7370702,42.2757632],[-83.7370708,42.2757823],[-83.7370717,42.2757843],[-83.7370782,42.2757845],[-83.7370796,42.2757835],[-83.7370795,42.2757821],[-83.7370808,42.27578],[-83.7370835,42.2757779],[-83.7370899,42.2757765],[-83.7370906,42.2757833],[-83.737092,42.2757843],[-83.7371026,42.2757841],[-83.7371073,42.2757871],[-83.7371083,42.2757871],[-83.7371092,42.2757884],[-83.7371047,42.2757929],[-83.7371048,42.2757936],[-83.7371034,42.2757943],[-83.7371034,42.275795],[-83.7370758,42.2757955],[-83.7370757,42.2757924],[-83.7370743,42.2757914],[-83.7370618,42.2757916],[-83.7370605,42.2757927],[-83.7370601,42.2757954],[-83.7370583,42.2757982],[-83.7370561,42.2757999],[-83.7370506,42.2758014],[-83.7370497,42.2758021],[-83.7370499,42.2758075],[-83.7370508,42.2758082],[-83.7371093,42.2758072],[-83.7371098,42.2758082],[-83.7371112,42.2758078],[-83.7371117,42.2758089],[-83.7371135,42.2758088],[-83.737114,42.2758098],[-83.7371159,42.2758098],[-83.7371159,42.2758105],[-83.7371182,42.2758105],[-83.7371182,42.2758111],[-83.7371201,42.2758111],[-83.737121,42.2758121],[-83.7371229,42.2758121],[-83.7371229,42.2758128],[-83.7371247,42.2758127],[-83.7371247,42.2758134],[-83.7371294,42.275814],[-83.7371294,42.2758147],[-83.7371317,42.2758147],[-83.7371317,42.2758153],[-83.737134,42.2758153],[-83.737135,42.275816],[-83.7371359,42.2758156],[-83.7371373,42.2758166],[-83.7371387,42.2758163],[-83.7371387,42.2758169],[-83.737141,42.2758169],[-83.7371419,42.2758176],[-83.7371433,42.2758172],[-83.7371443,42.2758182],[-83.7371461,42.2758178],[-83.7371466,42.2758185],[-83.7371484,42.2758181],[-83.7371484,42.2758188],[-83.737153,42.2758191],[-83.737154,42.2758197],[-83.7371581,42.2758197],[-83.7371586,42.2758203],[-83.7371605,42.27582],[-83.7371614,42.2758206],[-83.7371628,42.2758203],[-83.7371651,42.2758209],[-83.7371678,42.2758205],[-83.7371688,42.2758212],[-83.7371702,42.2758208],[-83.7371725,42.2758215],[-83.7371775,42.2758211],[-83.7371799,42.2758217],[-83.7371937,42.2758215],[-83.737196,42.2758207],[-83.7372001,42.275821],[-83.737201,42.2758203],[-83.7372047,42.2758206],[-83.7372056,42.2758199],[-83.7372084,42.2758202],[-83.7372089,42.2758195],[-83.7372107,42.2758198],[-83.7372153,42.2758187],[-83.7372171,42.275819],[-83.737218,42.2758183],[-83.7372226,42.2758179],[-83.7372231,42.2758172],[-83.737224,42.2758175],[-83.7372249,42.2758168],[-83.7372268,42.2758171],[-83.7372272,42.2758165],[-83.7372295,42.2758164],[-83.73723,42.2758157],[-83.7372313,42.275816],[-83.7372322,42.2758154],[-83.7372345,42.2758153],[-83.7372345,42.2758146],[-83.7372368,42.2758146],[-83.7372368,42.2758139],[-83.7372382,42.2758142],[-83.7372396,42.2758132],[-83.7372405,42.2758135],[-83.7372414,42.2758128],[-83.7372437,42.2758128],[-83.7372437,42.2758121],[-83.737246,42.275812],[-83.737246,42.2758114],[-83.7372473,42.2758113],[-83.7372487,42.2758103],[-83.7372496,42.2758106],[-83.7372505,42.2758096],[-83.7372524,42.2758096],[-83.7372523,42.2758089],[-83.7372546,42.2758088],[-83.7372546,42.2758081],[-83.7372569,42.2758078],[-83.7372569,42.2758071],[-83.7372606,42.2758063],[-83.7372614,42.2758053],[-83.7372633,42.2758053],[-83.7372642,42.2758039],[-83.737266,42.2758039],[-83.737266,42.2758032],[-83.7372683,42.2758028],[-83.7372683,42.2758021],[-83.7372706,42.2758021],[-83.7372705,42.2758014],[-83.7372719,42.2758017],[-83.7372728,42.275801],[-83.7372742,42.2758013],[-83.7372751,42.2758006],[-83.7372811,42.2758005],[-83.7372821,42.2758012],[-83.7372834,42.2758008],[-83.7372835,42.2758015],[-83.7372858,42.2758015],[-83.7372858,42.2758022],[-83.7372881,42.2758021],[-83.7372881,42.2758028],[-83.73729,42.2758028],[-83.7372909,42.2758038],[-83.7372923,42.2758038],[-83.7372923,42.2758048],[-83.7372942,42.2758051],[-83.7372942,42.2758061],[-83.7372961,42.2758064],[-83.7372961,42.2758074],[-83.7372975,42.2758078],[-83.7372975,42.2758095],[-83.7372989,42.2758098],[-83.737299,42.2758111],[-83.7372999,42.2758115],[-83.7372995,42.2758125],[-83.7373004,42.2758128],[-83.7373,42.2758142],[-83.7373009,42.2758145],[-83.7373014,42.2758302],[-83.7373005,42.2758302],[-83.7373005,42.2758309],[-83.7373014,42.2758309],[-83.7373016,42.2758374],[-83.7373002,42.2758374],[-83.7373007,42.2758384],[-83.7373017,42.2758384],[-83.7373024,42.2758783],[-83.7373029,42.2758797],[-83.7373044,42.2758807],[-83.737315,42.2758808],[-83.7373159,42.2758801],[-83.7373158,42.2758791],[-83.7373181,42.2758791],[-83.7373195,42.275878],[-83.7373176,42.2758163],[-83.7373213,42.2758162],[-83.7373226,42.2758152],[-83.7373222,42.2758029],[-83.7373121,42.2758027],[-83.7373092,42.2758001],[-83.7373092,42.2757994],[-83.7373073,42.2757984],[-83.7373073,42.2757977],[-83.7373012,42.2757937],[-83.7372956,42.2757918],[-83.7372951,42.2757911],[-83.7372937,42.2757911],[-83.7372919,42.2757901],[-83.7372877,42.2757892],[-83.7372831,42.2757886],[-83.737272,42.2757887],[-83.7372633,42.2757906],[-83.7372624,42.2757913],[-83.7372592,42.275792],[-83.7372578,42.2757931],[-83.7372565,42.2757931],[-83.7372563,42.275788],[-83.7372599,42.2757859],[-83.7372608,42.2757859],[-83.7372613,42.2757852],[-83.7372622,42.2757852],[-83.7372667,42.275782],[-83.7372731,42.2757792],[-83.7372809,42.2757773],[-83.7372892,42.2757769],[-83.7372989,42.2757781],[-83.7373073,42.275781],[-83.7373153,42.2757863],[-83.7373172,42.275789],[-83.7373181,42.2757893],[-83.7373186,42.2757907],[-83.73732,42.2757913],[-83.7373218,42.2757899],[-83.7373208,42.2757562],[-83.7373217,42.2757558]]]}},{"type":"Feature","properties":{"layer":"room","roomNumber":"3C03"},"geometry":{"type":"Polygon","coordinates":[[[-83.7371079,42.2756861],[-83.7371072,42.2756653],[-83.7371063,42.275665],[-83.7371063,42.2756643],[-83.7370399,42.2756654],[-83.7370403,42.2756616],[-83.7370311,42.2756618],[-83.7370297,42.2756629],[-83.7370302,42.2756652],[-83.737034,42.2756682],[-83.7370373,42.2756692],[-83.7370419,42.2756691],[-83.7370432,42.2757114],[-83.7370386,42.2757115],[-83.7370354,42.2757126],[-83.7370322,42.275715],[-83.7370318,42.2757171],[-83.7370333,42.2757181],[-83.7370434,42.2757179],[-83.7370437,42.2757264],[-83.7370294,42.2757267],[-83.737028,42.2757277],[-83.7370281,42.2757287],[-83.7370309,42.2757328],[-83.7370352,42.2757351],[-83.7370403,42.275736],[-83.7370439,42.2757356],[-83.7370441,42.2757414],[-83.7370455,42.2757424],[-83.7370502,42.2757427],[-83.7370503,42.2757468],[-83.7370457,42.2757472],[-83.7370443,42.2757482],[-83.7370449,42.275766],[-83.7370403,42.2757661],[-83.7370375,42.2757668],[-83.7370339,42.2757696],[-83.7370335,42.2757716],[-83.7370349,42.2757726],[-83.7370451,42.2757725],[-83.7370453,42.2757793],[-83.7370467,42.2757803],[-83.7370481,42.2757803],[-83.7370514,42.2757816],[-83.7370519,42.2757826],[-83.7370533,42.2757832],[-83.7370543,42.275787],[-83.7370529,42.275787],[-83.7370516,42.2757884],[-83.7370539,42.2757901],[-83.7370691,42.2757898],[-83.7370705,42.2757887],[-83.7370704,42.2757847],[-83.7370717,42.2757846],[-83.7370717,42.2757833],[-83.7370708,42.2757833],[-83.7370701,42.2757625],[-83.7370711,42.2757621],[-83.737071,42.2757611],[-83.7370701,42.2757615],[-83.7370696,42.2757608],[-83.7370695,42.2757567],[-83.7370806,42.2757565],[-83.7370819,42.2757555],[-83.7370815,42.2757435],[-83.7370801,42.2757425],[-83.7370691,42.2757427],[-83.7370674,42.2756878],[-83.7371065,42.2756871],[-83.7371079,42.2756861]]]}},{"type":"Feature","properties":{"layer":"room","roomNumber":"3C05"},"geometry":{"type":"MultiPolygon","coordinates":[[[[-83.737341,42.2757388],[-83.737341,42.2757384],[-83.7373405,42.2757385],[-83.7373405,42.2757388],[-83.737341,42.2757388]]],[[[-83.7374741,42.2756451],[-83.7374735,42.2756243],[-83.7374721,42.2756233],[-83.7374592,42.2756235],[-83.7374583,42.2756246],[-83.7374532,42.2756246],[-83.7374527,42.2756233],[-83.7374509,42.2756237],[-83.7374504,42.275623],[-83.7374495,42.2756237],[-83.7374476,42.2756234],[-83.7374472,42.2756244],[-83.7374043,42.2756251],[-83.7374039,42.2756244],[-83.7374025,42.2756245],[-83.737403,42.2756251],[-83.7374016,42.2756252],[-83.737402,42.2756245],[-83.7374011,42.2756238],[-83.7374002,42.2756245],[-83.7373992,42.2756245],[-83.7373988,42.2756239],[-83.7373979,42.2756246],[-83.7373965,42.2756242],[-83.7373956,42.2756246],[-83.7373956,42.2756253],[-83.7373232,42.2756265],[-83.7373227,42.2756258],[-83.7373214,42.2756258],[-83.7373218,42.2756265],[-83.7373205,42.2756265],[-83.7373209,42.2756259],[-83.7373195,42.2756259],[-83.7373191,42.2756266],[-83.7372969,42.2756266],[-83.7372961,42.275628],[-83.737297,42.2756426],[-83.7372961,42.275643],[-83.7372961,42.275644],[-83.737297,42.2756437],[-83.737297,42.2756447],[-83.7372943,42.275644],[-83.7372943,42.2756447],[-83.737244,42.2756456],[-83.7372436,42.2756446],[-83.7372426,42.2756446],[-83.7372427,42.2756456],[-83.7372417,42.2756456],[-83.7372417,42.2756446],[-83.7372408,42.2756443],[-83.7372404,42.2756456],[-83.7372394,42.2756457],[-83.7372394,42.2756446],[-83.7372385,42.2756443],[-83.7372381,42.2756457],[-83.7372367,42.2756457],[-83.7372366,42.2756447],[-83.7372357,42.2756444],[-83.7372353,42.2756457],[-83.7372344,42.2756457],[-83.7372343,42.2756447],[-83.7372334,42.2756444],[-83.737233,42.2756458],[-83.7372321,42.2756458],[-83.737232,42.2756448],[-83.7372311,42.2756444],[-83.7372307,42.2756458],[-83.7372293,42.2756458],[-83.7372293,42.2756448],[-83.7372283,42.2756445],[-83.7372279,42.2756459],[-83.737227,42.2756459],[-83.737227,42.2756448],[-83.7372256,42.2756449],[-83.7372256,42.2756459],[-83.7372247,42.2756459],[-83.7372247,42.2756449],[-83.7372233,42.2756449],[-83.7372233,42.2756459],[-83.7372219,42.275646],[-83.7372219,42.2756449],[-83.7372205,42.275645],[-83.7372205,42.275646],[-83.7372196,42.275646],[-83.7372191,42.275645],[-83.7372182,42.2756453],[-83.7372182,42.275646],[-83.7371436,42.2756473],[-83.7371436,42.2756466],[-83.7371422,42.2756463],[-83.7371422,42.2756473],[-83.7371408,42.2756473],[-83.7371408,42.2756463],[-83.7371399,42.275646],[-83.7371394,42.2756473],[-83.7371385,42.2756474],[-83.7371385,42.2756463],[-83.7371375,42.275646],[-83.7371371,42.2756474],[-83.7371362,42.2756474],[-83.7371362,42.2756464],[-83.7371352,42.2756461],[-83.7371348,42.2756474],[-83.7371334,42.2756474],[-83.7371334,42.2756464],[-83.7371325,42.2756461],[-83.7371321,42.2756475],[-83.7371311,42.2756475],[-83.7371311,42.2756465],[-83.7371302,42.2756461],[-83.7371298,42.2756475],[-83.7371288,42.2756475],[-83.7371288,42.2756465],[-83.7371274,42.2756465],[-83.7371274,42.2756476],[-83.7371247,42.2756469],[-83.7371247,42.2756476],[-83.7371238,42.2756476],[-83.7371237,42.2756469],[-83.7371224,42.275647],[-83.7371224,42.2756476],[-83.7371215,42.2756477],[-83.7371214,42.275647],[-83.7371201,42.275647],[-83.7371201,42.2756477],[-83.7371164,42.2756477],[-83.7371164,42.2756471],[-83.737115,42.2756471],[-83.737115,42.2756478],[-83.7371141,42.2756478],[-83.7371141,42.2756471],[-83.7371127,42.2756471],[-83.7371127,42.2756478],[-83.7371113,42.2756478],[-83.7371113,42.2756471],[-83.7371099,42.2756472],[-83.7371099,42.2756478],[-83.737109,42.2756479],[-83.737109,42.2756468],[-83.7371076,42.2756469],[-83.7371076,42.2756479],[-83.7371067,42.2756479],[-83.7371067,42.2756469],[-83.7371057,42.2756466],[-83.7371053,42.2756479],[-83.7371039,42.2756479],[-83.7371039,42.2756469],[-83.737103,42.2756466],[-83.7371026,42.275648],[-83.7371016,42.275648],[-83.7371016,42.275647],[-83.7371007,42.2756466],[-83.7371003,42.275648],[-83.7370993,42.275648],[-83.7370993,42.275647],[-83.7370984,42.2756467],[-83.737098,42.275648],[-83.7370966,42.2756481],[-83.7370965,42.275647],[-83.7370956,42.2756467],[-83.7370952,42.2756481],[-83.7370943,42.2756481],[-83.7370938,42.2756468],[-83.7370951,42.2756457],[-83.7370932,42.2756444],[-83.7370872,42.2756431],[-83.7370783,42.2756399],[-83.7370736,42.2756372],[-83.7370727,42.2756372],[-83.7370713,42.2756359],[-83.7370704,42.2756359],[-83.7370689,42.2756346],[-83.737068,42.2756346],[-83.737061,42.2756296],[-83.7370609,42.2756289],[-83.7370567,42.2756259],[-83.7370538,42.2756222],[-83.7370529,42.2756219],[-83.7370524,42.2756205],[-83.7370514,42.2756202],[-83.7370471,42.2756138],[-83.7370466,42.2756117],[-83.7370456,42.2756111],[-83.7370441,42.2756063],[-83.7370417,42.2756046],[-83.7370395,42.2756057],[-83.737039,42.2756071],[-83.7370396,42.2756105],[-83.7370387,42.2756108],[-83.7370387,42.2756115],[-83.7370396,42.2756115],[-83.7370397,42.2756125],[-83.7369102,42.2756144],[-83.7369074,42.2756158],[-83.7369077,42.2756229],[-83.7369091,42.2756239],[-83.7369128,42.2756239],[-83.7369132,42.2756246],[-83.7369335,42.2756239],[-83.7369341,42.275628],[-83.7369355,42.27563],[-83.7369384,42.275632],[-83.7369412,42.275633],[-83.7369425,42.2756329],[-83.7369439,42.2756319],[-83.7369441,42.2756237],[-83.7369653,42.2756233],[-83.7369655,42.2756291],[-83.7369636,42.2756292],[-83.7369623,42.2756302],[-83.7369632,42.2756589],[-83.7369646,42.2756599],[-83.7369941,42.2756594],[-83.7369942,42.2756628],[-83.7369957,42.2756651],[-83.7369971,42.2756665],[-83.736998,42.2756665],[-83.736999,42.2756675],[-83.7370017,42.2756684],[-83.7370031,42.2756684],[-83.7370045,42.2756674],[-83.7370042,42.2756592],[-83.7370416,42.2756586],[-83.7370417,42.2756616],[-83.7370403,42.2756616],[-83.7370408,42.2756651],[-83.7371049,42.2756636],[-83.7371049,42.2756643],[-83.7371063,42.2756643],[-83.7371063,42.2756636],[-83.737127,42.2756633],[-83.7371271,42.2756663],[-83.737129,42.2756694],[-83.7371314,42.275671],[-83.7371342,42.275672],[-83.737136,42.275672],[-83.7371374,42.2756709],[-83.7371372,42.2756631],[-83.7371528,42.2756628],[-83.7371534,42.2756669],[-83.7371553,42.2756693],[-83.73716,42.2756716],[-83.7371619,42.2756715],[-83.7371632,42.2756705],[-83.737163,42.2756626],[-83.7372196,42.2756617],[-83.7372197,42.2756627],[-83.7372206,42.275663],[-83.737221,42.2756617],[-83.7372224,42.2756616],[-83.7372224,42.2756627],[-83.7372234,42.275663],[-83.7372238,42.2756616],[-83.7372247,42.2756616],[-83.7372247,42.2756626],[-83.7372257,42.2756629],[-83.7372261,42.2756616],[-83.737227,42.2756616],[-83.7372271,42.2756626],[-83.737228,42.2756626],[-83.7372284,42.2756615],[-83.7372961,42.2756604],[-83.7372967,42.2756621],[-83.7372976,42.2756624],[-83.7372982,42.2756832],[-83.7372973,42.2756832],[-83.7372974,42.2756849],[-83.7372965,42.2756853],[-83.7372974,42.2756866],[-83.7372965,42.2756873],[-83.7372975,42.275688],[-83.7372984,42.2756876],[-83.7372984,42.2756887],[-83.7372975,42.2756883],[-83.7372975,42.2756894],[-83.7372984,42.2756897],[-83.7372998,42.2757323],[-83.7372988,42.2757323],[-83.7372989,42.275734],[-83.737298,42.2757344],[-83.7372989,42.2757357],[-83.737298,42.2757364],[-83.737299,42.2757371],[-83.7372999,42.2757368],[-83.7372999,42.2757378],[-83.737299,42.2757375],[-83.737299,42.2757385],[-83.7373,42.2757388],[-83.7373004,42.2757521],[-83.7373193,42.2757514],[-83.7373193,42.2757521],[-83.7373202,42.2757521],[-83.7373202,42.2757514],[-83.7373469,42.275751],[-83.7373483,42.2757499],[-83.7373481,42.2757445],[-83.7373467,42.2757435],[-83.7373379,42.2757436],[-83.7373378,42.2757412],[-83.7373392,42.2757388],[-83.7373414,42.2757367],[-83.7373423,42.2757367],[-83.7373437,42.2757357],[-83.7373413,42.275734],[-83.7373201,42.2757344],[-83.7373195,42.2757153],[-83.7373181,42.2757143],[-83.7373084,42.2757144],[-83.7373083,42.2757117],[-83.7373097,42.2757093],[-83.7373151,42.2757054],[-83.7373127,42.2757048],[-83.737309,42.2757018],[-83.737308,42.2757001],[-83.7373079,42.2756974],[-83.7373176,42.2756972],[-83.7373189,42.2756962],[-83.7373175,42.2756498],[-83.737435,42.2756478],[-83.7374364,42.2756468],[-83.7374367,42.2756444],[-83.7374381,42.2756433],[-83.7374381,42.2756426],[-83.7374403,42.2756409],[-83.7374449,42.2756394],[-83.7374477,42.2756394],[-83.7374479,42.2756466],[-83.7374493,42.2756476],[-83.737453,42.2756475],[-83.7374539,42.2756468],[-83.7374539,42.2756458],[-83.7374594,42.2756457],[-83.7374594,42.2756464],[-83.7374728,42.2756461],[-83.7374741,42.2756451]]]]}},{"type":"Feature","properties":{"layer":"room","roomNumber":"3C07"},"geometry":{"type":"Polygon","coordinates":[[[-83.7374711,42.2755469],[-83.7374704,42.2755261],[-83.737469,42.2755251],[-83.7374561,42.2755253],[-83.7374552,42.2755263],[-83.7374502,42.2755264],[-83.7374501,42.2755254],[-83.7374487,42.2755244],[-83.7374446,42.2755245],[-83.7374445,42.2755211],[-83.7374426,42.2755204],[-83.7373196,42.2755228],[-83.7373195,42.2755222],[-83.7373181,42.2755218],[-83.7373182,42.2755229],[-83.7373173,42.2755229],[-83.7373177,42.2755222],[-83.7373163,42.2755222],[-83.7373159,42.2755229],[-83.7372951,42.2755232],[-83.7372946,42.2755226],[-83.7372933,42.2755226],[-83.7372937,42.2755233],[-83.7372928,42.2755233],[-83.7372923,42.2755223],[-83.7372914,42.2755226],[-83.7372914,42.2755233],[-83.7370642,42.2755272],[-83.7370638,42.2755265],[-83.7370624,42.2755265],[-83.7370629,42.2755272],[-83.7370394,42.2755276],[-83.7370389,42.2755269],[-83.7370375,42.2755269],[-83.737038,42.2755276],[-83.7369126,42.2755294],[-83.7369099,42.2755308],[-83.73691,42.2755335],[-83.7369058,42.2755336],[-83.7369045,42.2755357],[-83.7368994,42.2755357],[-83.7368989,42.2755347],[-83.736886,42.2755349],[-83.7368847,42.275536],[-83.7368853,42.2755568],[-83.7368867,42.2755578],[-83.7369001,42.2755576],[-83.7369001,42.2755569],[-83.7369061,42.2755568],[-83.7369056,42.2755575],[-83.7369066,42.2755581],[-83.7369084,42.2755574],[-83.7369093,42.2755581],[-83.7369098,42.2755574],[-83.7369121,42.2755574],[-83.7369121,42.2755567],[-83.7369549,42.275556],[-83.7369554,42.2755566],[-83.7369568,42.2755566],[-83.7369563,42.2755559],[-83.7369577,42.2755559],[-83.7369572,42.2755566],[-83.7369587,42.2755573],[-83.7369591,42.2755566],[-83.7369605,42.2755569],[-83.7369614,42.2755558],[-83.737019,42.2755549],[-83.737019,42.2755559],[-83.7370199,42.2755555],[-83.7370217,42.2756125],[-83.7370387,42.2756119],[-83.7370386,42.2756061],[-83.7370399,42.2756057],[-83.7370399,42.275605],[-83.7370385,42.275605],[-83.7370385,42.2756044],[-83.7370399,42.2756043],[-83.7370403,42.2756036],[-83.7370385,42.2756033],[-83.7370384,42.2756027],[-83.7370398,42.2756026],[-83.7370403,42.2756019],[-83.7370384,42.2756016],[-83.7370384,42.2756006],[-83.7370398,42.2756006],[-83.7370402,42.2755999],[-83.7370384,42.2755996],[-83.7370383,42.2755989],[-83.7370397,42.2755989],[-83.7370402,42.2755982],[-83.7370383,42.2755979],[-83.7370383,42.2755972],[-83.7370397,42.2755972],[-83.7370401,42.2755965],[-83.7370382,42.2755962],[-83.7370382,42.2755952],[-83.7370396,42.2755951],[-83.73704,42.2755944],[-83.7370382,42.2755941],[-83.7370382,42.2755934],[-83.7370395,42.2755934],[-83.73704,42.2755927],[-83.7370381,42.2755924],[-83.7370381,42.2755917],[-83.7370395,42.2755917],[-83.7370399,42.275591],[-83.7370381,42.2755907],[-83.737038,42.2755897],[-83.7370394,42.2755897],[-83.7370399,42.275589],[-83.737038,42.2755887],[-83.737038,42.275588],[-83.7370394,42.275588],[-83.7370398,42.2755873],[-83.737038,42.275587],[-83.7370379,42.2755863],[-83.7370393,42.2755863],[-83.7370398,42.2755856],[-83.7370379,42.2755853],[-83.7370379,42.2755842],[-83.7370393,42.2755842],[-83.7370397,42.2755835],[-83.7370378,42.2755832],[-83.7370378,42.2755825],[-83.7370392,42.2755825],[-83.7370396,42.2755818],[-83.7370378,42.2755815],[-83.7370378,42.2755808],[-83.7370401,42.2755804],[-83.737041,42.2755811],[-83.7370433,42.2755794],[-83.7370445,42.2755746],[-83.7370454,42.2755739],[-83.7370458,42.2755718],[-83.7370471,42.2755704],[-83.7370471,42.2755694],[-83.7370493,42.275566],[-83.7370502,42.2755656],[-83.7370511,42.2755635],[-83.7370538,42.2755611],[-83.7370537,42.2755604],[-83.7370564,42.2755583],[-83.7370564,42.2755577],[-83.7370587,42.2755562],[-83.7370587,42.2755556],[-83.737065,42.2755507],[-83.7370659,42.2755507],[-83.7370713,42.2755468],[-83.7370831,42.2755415],[-83.7370877,42.2755404],[-83.7370895,42.275539],[-83.7370881,42.275538],[-83.7370885,42.2755373],[-83.7370904,42.275538],[-83.7370908,42.2755373],[-83.7370918,42.2755373],[-83.7370927,42.2755379],[-83.7370936,42.2755372],[-83.7370931,42.2755366],[-83.7370945,42.2755365],[-83.7370941,42.2755372],[-83.737095,42.2755379],[-83.7370968,42.2755372],[-83.7370978,42.2755378],[-83.7370982,42.2755372],[-83.7371005,42.2755375],[-83.7371005,42.2755364],[-83.7371019,42.2755364],[-83.7371014,42.2755371],[-83.7371033,42.2755371],[-83.7371033,42.2755364],[-83.7371263,42.275536],[-83.7371263,42.2755367],[-83.73713,42.275537],[-83.73713,42.2755359],[-83.7371314,42.2755359],[-83.7371309,42.2755366],[-83.7371319,42.2755373],[-83.7371328,42.2755366],[-83.7371346,42.2755372],[-83.7371351,42.2755365],[-83.737136,42.2755365],[-83.7371369,42.2755372],[-83.7371378,42.2755365],[-83.7371374,42.2755358],[-83.7371387,42.2755358],[-83.7371383,42.2755365],[-83.7371397,42.2755371],[-83.7371401,42.2755364],[-83.737142,42.2755364],[-83.7371424,42.2755357],[-83.7371733,42.2755352],[-83.7371742,42.2755348],[-83.7371742,42.2755342],[-83.7371733,42.2755342],[-83.7371728,42.2755335],[-83.7371742,42.2755335],[-83.7371746,42.2755328],[-83.7371732,42.2755318],[-83.7371718,42.2755318],[-83.7371718,42.2755311],[-83.7371731,42.2755291],[-83.7371741,42.2755304],[-83.737175,42.275529],[-83.7371763,42.275529],[-83.7371773,42.2755304],[-83.7371782,42.2755297],[-83.7371777,42.275529],[-83.7371796,42.275529],[-83.737181,42.2755303],[-83.7371814,42.2755289],[-83.7371828,42.2755289],[-83.7371815,42.2755303],[-83.7371824,42.2755303],[-83.7371819,42.275531],[-83.7371829,42.2755316],[-83.7371815,42.2755317],[-83.7371806,42.2755324],[-83.7371816,42.2755337],[-83.7371807,42.2755341],[-83.7371807,42.2755347],[-83.7371816,42.2755351],[-83.7372148,42.2755345],[-83.7372153,42.2755352],[-83.7372162,42.2755352],[-83.7372162,42.2755345],[-83.7372245,42.2755343],[-83.737224,42.275535],[-83.7372263,42.275535],[-83.7372258,42.2755343],[-83.7372272,42.2755343],[-83.7372273,42.2755353],[-83.7372319,42.2755349],[-83.7372328,42.2755356],[-83.7372337,42.2755349],[-83.7372332,42.2755342],[-83.7372346,42.2755342],[-83.7372342,42.2755349],[-83.7372351,42.2755355],[-83.7372369,42.2755348],[-83.7372379,42.2755355],[-83.7372383,42.2755348],[-83.7372406,42.2755347],[-83.7372406,42.2755341],[-83.7372908,42.2755332],[-83.7372913,42.2755339],[-83.7372927,42.2755339],[-83.7372936,42.2755345],[-83.7372942,42.2755536],[-83.7372929,42.275554],[-83.7372934,42.2755554],[-83.7372925,42.275556],[-83.7372934,42.2755564],[-83.737293,42.2755577],[-83.7372944,42.2755581],[-83.7372963,42.2756191],[-83.7372949,42.2756195],[-83.7372954,42.2756208],[-83.7372945,42.2756215],[-83.7372954,42.2756218],[-83.737295,42.2756232],[-83.7372964,42.2756235],[-83.7372965,42.2756266],[-83.7373195,42.2756262],[-83.7373209,42.2756252],[-83.7373186,42.2755512],[-83.7373209,42.2755498],[-83.7373932,42.2755485],[-83.7373937,42.2755492],[-83.7373951,42.2755492],[-83.7373946,42.2755485],[-83.737396,42.2755485],[-83.7373955,42.2755492],[-83.7373965,42.2755499],[-83.7373983,42.2755491],[-83.7373992,42.2755498],[-83.7373997,42.2755491],[-83.737402,42.2755491],[-83.737402,42.2755484],[-83.7374448,42.2755477],[-83.7374462,42.2755487],[-83.7374462,42.2755476],[-83.7374476,42.2755476],[-83.7374471,42.2755483],[-83.7374485,42.275549],[-83.737449,42.2755483],[-83.7374508,42.2755486],[-83.7374508,42.2755476],[-83.7374563,42.2755475],[-83.7374564,42.2755482],[-83.7374697,42.2755479],[-83.7374711,42.2755469]]]}},{"type":"Feature","properties":{"layer":"room","roomNumber":"3C09"},"geometry":{"type":"MultiPolygon","coordinates":[[[[-83.7370948,42.2754857],[-83.7370943,42.275484],[-83.7370933,42.2754837],[-83.7370914,42.2754806],[-83.7370905,42.2754803],[-83.73709,42.275481],[-83.7370818,42.2754842],[-83.7370814,42.2754849],[-83.7370732,42.2754881],[-83.7370727,42.2754888],[-83.73707,42.2754895],[-83.7370691,42.2754909],[-83.737071,42.2754926],[-83.7370715,42.2754939],[-83.7370724,42.2754943],[-83.7370725,42.2754949],[-83.7370739,42.2754953],[-83.7370743,42.2754946],[-83.737077,42.2754938],[-83.7370775,42.2754932],[-83.7370802,42.2754924],[-83.7370829,42.2754907],[-83.7370857,42.2754899],[-83.7370861,42.2754893],[-83.7370889,42.2754885],[-83.7370893,42.2754878],[-83.7370948,42.2754857]]],[[[-83.7371494,42.2754786],[-83.7371494,42.2754776],[-83.7371419,42.275475],[-83.737135,42.2754734],[-83.7371276,42.2754725],[-83.7371156,42.2754727],[-83.7371101,42.2754735],[-83.7371,42.2754761],[-83.7370936,42.2754789],[-83.7370975,42.2754833],[-83.7371029,42.2754808],[-83.7371057,42.2754804],[-83.7371079,42.2754793],[-83.737118,42.2754778],[-83.7371254,42.2754777],[-83.7371356,42.2754789],[-83.7371444,42.2754814],[-83.7371459,42.2754824],[-83.7371472,42.2754817],[-83.7371481,42.2754797],[-83.7371494,42.2754786]]],[[[-83.7372865,42.2754838],[-83.7372841,42.2754804],[-83.7372822,42.2754795],[-83.7372786,42.2754816],[-83.7372768,42.2754819],[-83.7372764,42.2754826],[-83.7372754,42.2754826],[-83.737275,42.2754833],[-83.7372718,42.2754844],[-83.7372714,42.2754851],[-83.7372673,42.2754865],[-83.7372654,42.2754879],[-83.7372636,42.2754883],[-83.7372618,42.2754897],[-83.7372577,42.2754911],[-83.7372559,42.2754925],[-83.7372541,42.2754929],[-83.7372523,42.2754943],[-83.7372509,42.2754943],[-83.7372473,42.2754961],[-83.7372363,42.2754983],[-83.7372261,42.2754985],[-83.7372122,42.275496],[-83.7372057,42.2754937],[-83.7372052,42.275493],[-83.7371963,42.2754898],[-83.7371959,42.2754891],[-83.737194,42.2754888],[-83.7371935,42.2754881],[-83.7371917,42.2754878],[-83.7371898,42.2754865],[-83.7371809,42.2754832],[-83.7371804,42.2754825],[-83.7371786,42.2754822],[-83.7371781,42.2754816],[-83.7371762,42.2754812],[-83.7371744,42.2754799],[-83.7371655,42.2754767],[-83.737165,42.275476],[-83.7371632,42.2754757],[-83.7371627,42.275475],[-83.7371571,42.275473],[-83.7371557,42.275472],[-83.7371543,42.2754727],[-83.7371539,42.2754741],[-83.737153,42.2754745],[-83.7371517,42.2754765],[-83.7371526,42.2754776],[-83.7371559,42.2754785],[-83.7371564,42.2754792],[-83.7371624,42.2754811],[-83.7371652,42.2754828],[-83.7371746,42.2754861],[-83.7371774,42.2754877],[-83.7371802,42.2754883],[-83.7371806,42.275489],[-83.7371834,42.2754897],[-83.7371839,42.2754903],[-83.7371867,42.275491],[-83.7371895,42.2754926],[-83.7372012,42.2754969],[-83.7372017,42.2754975],[-83.7372044,42.2754982],[-83.7372073,42.2754998],[-83.7372091,42.2755001],[-83.7372096,42.2755008],[-83.7372133,42.2755021],[-83.7372161,42.2755024],[-83.737217,42.2755031],[-83.7372254,42.2755043],[-83.7372392,42.2755037],[-83.7372479,42.2755015],[-83.7372524,42.2754997],[-83.7372542,42.2754984],[-83.737257,42.2754976],[-83.7372574,42.2754969],[-83.7372593,42.2754966],[-83.7372597,42.2754959],[-83.7372624,42.2754951],[-83.7372629,42.2754945],[-83.7372656,42.2754937],[-83.7372661,42.275493],[-83.7372679,42.2754927],[-83.7372683,42.275492],[-83.7372711,42.2754912],[-83.7372715,42.2754906],[-83.7372743,42.2754898],[-83.737277,42.2754881],[-83.7372797,42.2754873],[-83.7372802,42.2754867],[-83.7372829,42.2754859],[-83.7372865,42.2754838]]],[[[-83.7374691,42.2754814],[-83.7374684,42.275461],[-83.737467,42.27546],[-83.7374536,42.2754602],[-83.7374532,42.2754609],[-83.7374481,42.275461],[-83.7374481,42.2754599],[-83.7374467,42.2754589],[-83.7374425,42.275459],[-83.7374424,42.2754559],[-83.7374406,42.2754553],[-83.7373175,42.2754577],[-83.737317,42.2754567],[-83.7373161,42.2754567],[-83.7373162,42.2754577],[-83.7373152,42.2754577],[-83.7373147,42.2754567],[-83.7373138,42.2754571],[-83.7373139,42.2754578],[-83.7372931,42.2754581],[-83.7372931,42.2754574],[-83.7372917,42.2754571],[-83.7372917,42.2754581],[-83.7372908,42.2754582],[-83.7372908,42.2754571],[-83.7372899,42.2754571],[-83.7372894,42.2754582],[-83.7370622,42.275462],[-83.7370622,42.2754613],[-83.7370608,42.2754614],[-83.7370608,42.275462],[-83.7370595,42.2754621],[-83.737059,42.2754614],[-83.7370581,42.2754614],[-83.7370581,42.2754621],[-83.7370373,42.2754624],[-83.7370373,42.2754618],[-83.7370359,42.2754618],[-83.737036,42.2754625],[-83.7369106,42.2754642],[-83.7369079,42.2754657],[-83.7369079,42.275468],[-83.7369038,42.2754681],[-83.7369025,42.2754702],[-83.7368974,42.2754703],[-83.7368974,42.2754696],[-83.736884,42.2754698],[-83.7368827,42.2754709],[-83.7368833,42.2754913],[-83.7368847,42.2754923],[-83.7368981,42.2754921],[-83.736898,42.2754914],[-83.736904,42.2754913],[-83.7369041,42.2754923],[-83.736905,42.2754927],[-83.7369054,42.2754913],[-83.7369063,42.2754913],[-83.7369064,42.2754923],[-83.7369073,42.2754926],[-83.7369077,42.2754912],[-83.7369086,42.2754912],[-83.7369087,42.2754923],[-83.7369096,42.2754922],[-83.73691,42.2754912],[-83.7369529,42.2754905],[-83.7369529,42.2754912],[-83.7369543,42.2754915],[-83.7369543,42.2754905],[-83.7369557,42.2754904],[-83.7369557,42.2754915],[-83.7369566,42.2754918],[-83.736957,42.2754904],[-83.736958,42.2754904],[-83.736958,42.2754914],[-83.7369589,42.2754917],[-83.7369593,42.2754904],[-83.7369603,42.2754904],[-83.7369608,42.2754914],[-83.7369617,42.275491],[-83.7369617,42.2754903],[-83.737034,42.2754891],[-83.7370345,42.2754905],[-83.7370359,42.2754904],[-83.7370365,42.2755249],[-83.737037,42.2755262],[-83.7370389,42.2755272],[-83.737061,42.2755269],[-83.7370602,42.2755009],[-83.7370611,42.2755009],[-83.7370615,42.2754999],[-83.7370602,42.2754999],[-83.7370601,42.2754992],[-83.7370615,42.2754992],[-83.737062,42.2754985],[-83.7370601,42.2754982],[-83.7370601,42.2754972],[-83.7370615,42.2754972],[-83.7370614,42.2754965],[-83.7370601,42.2754962],[-83.7370605,42.2754951],[-83.7370591,42.2754941],[-83.737059,42.2754931],[-83.73706,42.2754931],[-83.7370599,42.2754917],[-83.7370631,42.2754917],[-83.737065,42.275491],[-83.7370677,42.2754892],[-83.7370704,42.2754885],[-83.7370709,42.2754878],[-83.7370759,42.275486],[-83.7370763,42.2754853],[-83.7370845,42.2754821],[-83.737085,42.2754814],[-83.7370909,42.2754793],[-83.7370913,42.2754786],[-83.7370936,42.2754782],[-83.7371009,42.2754754],[-83.7371023,42.2754743],[-83.7371022,42.2754736],[-83.7371008,42.275473],[-83.7371013,42.2754716],[-83.7371026,42.2754716],[-83.7371027,42.2754726],[-83.7371036,42.2754729],[-83.737104,42.2754715],[-83.7371049,42.2754715],[-83.737105,42.2754726],[-83.7371059,42.2754729],[-83.7371063,42.2754715],[-83.7371072,42.2754715],[-83.7371073,42.2754725],[-83.7371082,42.2754728],[-83.7371086,42.2754715],[-83.73711,42.2754714],[-83.73711,42.2754725],[-83.737111,42.2754728],[-83.7371114,42.2754714],[-83.7371123,42.2754714],[-83.7371123,42.2754724],[-83.7371133,42.2754728],[-83.7371137,42.2754714],[-83.7371146,42.2754714],[-83.7371146,42.2754724],[-83.737116,42.2754724],[-83.737116,42.2754713],[-83.7371188,42.275472],[-83.7371188,42.2754713],[-83.7371197,42.2754713],[-83.7371197,42.275472],[-83.7371211,42.2754719],[-83.7371211,42.2754713],[-83.737122,42.2754712],[-83.737122,42.2754719],[-83.7371234,42.2754719],[-83.7371234,42.2754712],[-83.7371248,42.2754712],[-83.7371248,42.2754719],[-83.7371262,42.2754719],[-83.7371261,42.2754712],[-83.7371271,42.2754712],[-83.7371271,42.2754722],[-83.7371285,42.2754722],[-83.7371284,42.2754711],[-83.7371294,42.2754711],[-83.7371294,42.2754721],[-83.7371303,42.2754725],[-83.7371307,42.2754711],[-83.7371321,42.2754711],[-83.7371322,42.2754721],[-83.7371331,42.2754724],[-83.7371335,42.275471],[-83.7371344,42.275471],[-83.7371345,42.2754721],[-83.7371354,42.2754724],[-83.7371358,42.275471],[-83.7371367,42.275471],[-83.7371368,42.275472],[-83.7371377,42.2754723],[-83.7371381,42.275471],[-83.7371395,42.2754709],[-83.7371395,42.275472],[-83.7371405,42.2754723],[-83.7371409,42.2754709],[-83.7371418,42.2754709],[-83.7371418,42.2754719],[-83.7371428,42.2754723],[-83.7371432,42.2754709],[-83.7371441,42.2754709],[-83.7371441,42.2754719],[-83.7371451,42.2754722],[-83.7371455,42.2754708],[-83.7371469,42.2754708],[-83.7371469,42.2754718],[-83.7371478,42.2754722],[-83.7371483,42.2754708],[-83.7371492,42.2754708],[-83.7371492,42.2754718],[-83.7371501,42.2754721],[-83.7371506,42.2754708],[-83.7371515,42.2754707],[-83.7371515,42.2754718],[-83.7371524,42.2754721],[-83.7371529,42.2754707],[-83.7371557,42.2754714],[-83.7371556,42.2754707],[-83.7371566,42.2754707],[-83.7371566,42.2754717],[-83.7371575,42.275472],[-83.7371579,42.2754706],[-83.7371589,42.2754706],[-83.7371589,42.2754716],[-83.7371598,42.275472],[-83.7371602,42.2754706],[-83.7371616,42.2754706],[-83.7371621,42.2754719],[-83.7371603,42.275473],[-83.7371613,42.275474],[-83.7371692,42.2754769],[-83.7371697,42.2754776],[-83.7371715,42.2754779],[-83.737172,42.2754786],[-83.7371739,42.2754789],[-83.7371758,42.2754802],[-83.7371846,42.2754835],[-83.7371851,42.2754842],[-83.737187,42.2754845],[-83.7371874,42.2754852],[-83.7371893,42.2754855],[-83.7371912,42.2754868],[-83.7372,42.2754901],[-83.7372005,42.2754907],[-83.7372024,42.275491],[-83.7372029,42.2754917],[-83.7372047,42.275492],[-83.7372052,42.2754927],[-83.737207,42.275493],[-83.7372075,42.2754937],[-83.7372192,42.2754969],[-83.7372293,42.2754981],[-83.7372372,42.2754976],[-83.7372481,42.275495],[-83.7372527,42.2754933],[-83.7372545,42.2754919],[-83.7372563,42.2754915],[-83.7372581,42.2754901],[-83.73726,42.2754897],[-83.7372604,42.275489],[-83.7372622,42.2754887],[-83.737264,42.2754873],[-83.7372659,42.2754869],[-83.7372677,42.2754855],[-83.7372695,42.2754851],[-83.7372713,42.2754837],[-83.7372731,42.2754834],[-83.7372736,42.2754827],[-83.7372754,42.2754823],[-83.7372772,42.2754809],[-83.7372791,42.2754805],[-83.7372809,42.2754791],[-83.7372836,42.2754784],[-83.7372879,42.2754845],[-83.7372893,42.2754851],[-83.7372902,42.2754841],[-83.7372912,42.2754844],[-83.7372912,42.2754851],[-83.7372903,42.2754855],[-83.7372912,42.2754861],[-83.7372908,42.2754878],[-83.7372922,42.2754878],[-83.7372922,42.2754895],[-83.7372932,42.2754902],[-83.7372923,42.2754922],[-83.7372914,42.2754919],[-83.737291,42.2754926],[-83.7372914,42.2754933],[-83.7372924,42.2754933],[-83.7372927,42.2755206],[-83.7372937,42.2755226],[-83.7372947,42.2755229],[-83.7373163,42.2755225],[-83.7373177,42.2755215],[-83.7373165,42.2754843],[-83.7373174,42.2754843],[-83.7373175,42.275485],[-83.7373188,42.275485],[-83.7373188,42.2754843],[-83.7373912,42.2754831],[-83.7373912,42.2754838],[-83.7373926,42.2754841],[-83.7373926,42.275483],[-83.7373939,42.275483],[-83.737394,42.275484],[-83.7373949,42.2754844],[-83.7373953,42.275483],[-83.7373962,42.275483],[-83.7373963,42.275484],[-83.7373972,42.2754843],[-83.7373976,42.275483],[-83.7373986,42.2754829],[-83.7373986,42.275484],[-83.7374,42.2754836],[-83.7373999,42.2754829],[-83.7374405,42.2754822],[-83.737441,42.2754829],[-83.7374419,42.2754829],[-83.7374419,42.2754822],[-83.7374428,42.2754822],[-83.7374428,42.2754832],[-83.7374442,42.2754832],[-83.7374442,42.2754822],[-83.7374456,42.2754822],[-83.7374456,42.2754832],[-83.7374465,42.2754835],[-83.7374469,42.2754821],[-83.7374479,42.2754821],[-83.7374479,42.2754831],[-83.7374488,42.2754831],[-83.7374488,42.2754821],[-83.7374543,42.275482],[-83.7374543,42.2754827],[-83.7374677,42.2754825],[-83.7374691,42.2754814]]]]}},{"type":"Feature","properties":{"layer":"room","roomNumber":"3C11"},"geometry":{"type":"Polygon","coordinates":[[[-83.7370598,42.2754296],[-83.7370594,42.275429],[-83.737058,42.275429],[-83.7370579,42.2754283],[-83.7370593,42.2754283],[-83.7370598,42.2754276],[-83.7370579,42.2754273],[-83.7370579,42.2754266],[-83.7370593,42.2754266],[-83.7370597,42.2754259],[-83.7370579,42.2754256],[-83.7370578,42.2754246],[-83.7370588,42.2754245],[-83.7370587,42.2754235],[-83.7370578,42.2754235],[-83.7370566,42.275369],[-83.7370552,42.275368],[-83.737034,42.2753683],[-83.7370339,42.2753676],[-83.7370325,42.2753673],[-83.7370326,42.2753683],[-83.7370298,42.2753684],[-83.7370285,42.2753694],[-83.7370276,42.2753718],[-83.7370258,42.2753736],[-83.7370226,42.275375],[-83.737019,42.2753754],[-83.7370188,42.2753696],[-83.7370174,42.2753686],[-83.7370132,42.2753683],[-83.7370131,42.2753656],[-83.7370117,42.2753646],[-83.7369735,42.2753653],[-83.7369734,42.2753622],[-83.7369719,42.2753595],[-83.7369691,42.2753571],[-83.7369653,42.2753558],[-83.7369631,42.2753572],[-83.7369633,42.2753654],[-83.7369582,42.2753655],[-83.7369573,42.2753662],[-83.7369574,42.2753672],[-83.7369482,42.2753674],[-83.736948,42.2753633],[-83.7369499,42.2753629],[-83.7369498,42.2753605],[-83.7369484,42.2753595],[-83.7369428,42.2753596],[-83.7369423,42.2753583],[-83.7369414,42.2753586],[-83.7369415,42.2753597],[-83.7369405,42.2753597],[-83.7369405,42.2753586],[-83.7369396,42.2753583],[-83.7369392,42.2753597],[-83.7369378,42.2753597],[-83.7369377,42.2753587],[-83.7369368,42.2753584],[-83.7369364,42.2753597],[-83.7369355,42.2753598],[-83.7369354,42.2753587],[-83.7369345,42.2753584],[-83.7369341,42.2753598],[-83.7369332,42.2753598],[-83.7369331,42.2753588],[-83.7369322,42.2753584],[-83.7369318,42.2753598],[-83.7369304,42.2753598],[-83.7369304,42.2753588],[-83.7369294,42.2753585],[-83.736929,42.2753599],[-83.7369281,42.2753599],[-83.7369276,42.2753589],[-83.7369254,42.2753606],[-83.7369257,42.2753708],[-83.7369271,42.2753718],[-83.7369349,42.275372],[-83.7369354,42.2753888],[-83.7369276,42.2753889],[-83.7369263,42.2753899],[-83.7369271,42.2754015],[-83.7370303,42.2754001],[-83.7370308,42.2754008],[-83.7370322,42.2754008],[-83.7370322,42.2754015],[-83.7370331,42.2754014],[-83.7370345,42.2754608],[-83.7370359,42.2754611],[-83.7370359,42.2754618],[-83.737059,42.2754614],[-83.7370581,42.2754321],[-83.737059,42.275432],[-83.7370594,42.275431],[-83.737058,42.275431],[-83.737058,42.27543],[-83.7370598,42.2754296]]]}},{"type":"Feature","properties":{"layer":"room","roomNumber":"3C13"},"geometry":{"type":"Polygon","coordinates":[[[-83.737056,42.2753666],[-83.7370555,42.2753492],[-83.7370532,42.2753482],[-83.7370504,42.2753483],[-83.7370462,42.2753466],[-83.7370452,42.2753453],[-83.7370438,42.2753446],[-83.7370428,42.2753416],[-83.7370414,42.2753406],[-83.7370225,42.2753409],[-83.7370218,42.275333],[-83.7370204,42.275332],[-83.7370176,42.2753324],[-83.7370145,42.2753345],[-83.7370127,42.2753373],[-83.7370124,42.2753411],[-83.7370105,42.2753411],[-83.7370096,42.2753418],[-83.7370097,42.2753428],[-83.7370046,42.2753429],[-83.7370014,42.275344],[-83.7369982,42.2753461],[-83.7369965,42.2753485],[-83.736996,42.2753499],[-83.7369979,42.2753512],[-83.7370099,42.275351],[-83.73701,42.2753527],[-83.737004,42.2753531],[-83.736999,42.2753556],[-83.7369963,42.2753594],[-83.7369982,42.2753611],[-83.7370084,42.2753609],[-83.7370102,42.2753612],[-83.7370107,42.2753626],[-83.7370319,42.2753622],[-83.7370321,42.2753667],[-83.737033,42.275367],[-83.737033,42.2753677],[-83.7370349,42.275368],[-83.7370538,42.2753677],[-83.737056,42.2753666]]]}},{"type":"Feature","properties":{"layer":"room","roomNumber":"3C15"},"geometry":{"type":"Polygon","coordinates":[[[-83.7373475,42.2753542],[-83.7373465,42.2753514],[-83.7373432,42.2753488],[-83.7373381,42.2753472],[-83.7373335,42.2753472],[-83.7373339,42.2753455],[-83.7373459,42.2753453],[-83.7373472,42.2753443],[-83.7373472,42.2753429],[-83.7373457,42.2753409],[-83.737341,42.2753379],[-83.7373382,42.2753373],[-83.7373332,42.2753373],[-83.7373331,42.2753363],[-83.7373322,42.2753357],[-83.7373308,42.2753357],[-83.7373307,42.2753319],[-83.7373292,42.2753296],[-83.7373259,42.2753272],[-83.7373227,42.2753263],[-83.7373204,42.2753277],[-83.7373207,42.2753358],[-83.7373018,42.2753362],[-83.7373004,42.2753372],[-83.7372996,42.27534],[-83.7372965,42.2753427],[-83.7372928,42.2753442],[-83.7372891,42.2753446],[-83.7372882,42.2753453],[-83.7372888,42.2753623],[-83.7372897,42.2753626],[-83.7372897,42.2753633],[-83.7372916,42.2753636],[-83.7373114,42.2753633],[-83.7373114,42.2753626],[-83.7373127,42.2753619],[-83.7373126,42.2753575],[-83.7373333,42.2753571],[-83.7373337,42.2753558],[-83.7373462,42.2753552],[-83.7373475,42.2753542]]]}},{"type":"Feature","properties":{"layer":"room","roomNumber":"3C17"},"geometry":{"type":"Polygon","coordinates":[[[-83.737467,42.2754159],[-83.7374664,42.2753955],[-83.737465,42.2753945],[-83.7374516,42.2753947],[-83.7374512,42.2753954],[-83.7374461,42.2753955],[-83.7374461,42.2753945],[-83.7374447,42.2753935],[-83.7374405,42.2753935],[-83.7374405,42.2753928],[-83.73744,42.2753935],[-83.7373161,42.2753956],[-83.7373161,42.2753949],[-83.7373147,42.275395],[-83.7373146,42.2753939],[-83.7373137,42.275394],[-83.7373128,42.2753636],[-83.7373114,42.275363],[-83.7373109,42.2753636],[-83.7372902,42.275364],[-83.7372902,42.2753633],[-83.7372893,42.2753633],[-83.7372884,42.275364],[-83.7372901,42.2754196],[-83.7372892,42.27542],[-83.7372892,42.275421],[-83.7372901,42.2754206],[-83.7372902,42.275422],[-83.7372888,42.275422],[-83.7372893,42.2754234],[-83.7372884,42.2754241],[-83.7372893,42.2754244],[-83.7372893,42.2754251],[-83.7372884,42.2754258],[-83.7372894,42.2754264],[-83.7372903,42.2754261],[-83.7372903,42.2754271],[-83.7372894,42.2754268],[-83.7372894,42.2754278],[-83.7372903,42.2754281],[-83.7372907,42.2754554],[-83.7372922,42.2754574],[-83.7373129,42.2754574],[-83.7373148,42.2754571],[-83.7373147,42.2754564],[-83.7373156,42.275456],[-83.7373145,42.2754202],[-83.7373154,42.2754195],[-83.7373168,42.2754195],[-83.7373168,42.2754188],[-83.7373892,42.2754176],[-83.7373892,42.2754183],[-83.7373906,42.2754186],[-83.7373905,42.2754176],[-83.7373919,42.2754176],[-83.7373919,42.2754186],[-83.7373929,42.2754189],[-83.7373933,42.2754175],[-83.7373942,42.2754175],[-83.7373943,42.2754185],[-83.7373952,42.2754189],[-83.7373956,42.2754175],[-83.7373965,42.2754175],[-83.7373966,42.2754185],[-83.7373979,42.2754181],[-83.7373979,42.2754174],[-83.7374385,42.2754168],[-83.7374389,42.2754174],[-83.7374399,42.2754174],[-83.7374398,42.2754167],[-83.7374408,42.2754167],[-83.7374408,42.2754177],[-83.7374422,42.2754177],[-83.7374421,42.2754167],[-83.7374435,42.2754167],[-83.7374436,42.2754177],[-83.7374445,42.275418],[-83.7374449,42.2754167],[-83.7374458,42.2754166],[-83.7374459,42.2754177],[-83.7374468,42.2754176],[-83.7374468,42.2754166],[-83.7374523,42.2754165],[-83.7374523,42.2754172],[-83.7374657,42.275417],[-83.737467,42.2754159]]]}},{"type":"Feature","properties":{"layer":"room","roomNumber":"3C18"},"geometry":{"type":"Polygon","coordinates":[[[-83.7374193,42.2758999],[-83.7374191,42.2758927],[-83.7374177,42.2758917],[-83.7373236,42.2758933],[-83.7373235,42.2758878],[-83.7373221,42.2758868],[-83.7373161,42.2758869],[-83.7373159,42.2758818],[-83.7373145,42.2758808],[-83.7373126,42.2758805],[-83.7373039,42.2758807],[-83.7373025,42.2758817],[-83.7373027,42.2758858],[-83.7372958,42.2758859],[-83.7372956,42.2758815],[-83.7372933,42.2758808],[-83.7372845,42.275881],[-83.7372823,42.2758821],[-83.7372824,42.2758875],[-83.7372755,42.2758876],[-83.7372742,42.2758887],[-83.7372749,42.2759115],[-83.7372763,42.2759125],[-83.7372855,42.2759124],[-83.7372858,42.2759202],[-83.7372872,42.2759212],[-83.737289,42.2759212],[-83.7372917,42.2759201],[-83.737294,42.2759184],[-83.7372958,42.2759156],[-83.7372956,42.2759122],[-83.7373662,42.275911],[-83.7373664,42.2759188],[-83.7373678,42.2759198],[-83.7373697,42.2759198],[-83.7373724,42.2759187],[-83.7373751,42.2759167],[-83.7373764,42.2759142],[-83.7373763,42.2759108],[-83.7374076,42.2759103],[-83.737409,42.2759089],[-83.7374089,42.2759069],[-83.7374111,42.2759034],[-83.7374138,42.2759017],[-83.7374184,42.2759006],[-83.7374193,42.2758999]]]}},{"type":"Feature","properties":{"layer":"room","roomNumber":"3C19"},"geometry":{"type":"MultiPolygon","coordinates":[[[[-83.7374195,42.2758753],[-83.7374194,42.2758736],[-83.7374185,42.2758729],[-83.7374129,42.2758717],[-83.7374101,42.2758697],[-83.7374081,42.2758666],[-83.7374081,42.2758642],[-83.7374066,42.2758632],[-83.7374048,42.2758629],[-83.7374048,42.2758639],[-83.7374034,42.275864],[-83.7374029,42.2758626],[-83.737402,42.2758626],[-83.7374016,42.275864],[-83.7373997,42.275864],[-83.7374002,42.2758633],[-83.7373983,42.2758627],[-83.7373984,42.2758637],[-83.7373974,42.2758641],[-83.7373974,42.275863],[-83.737396,42.2758627],[-83.7373942,42.2758641],[-83.7373937,42.2758628],[-83.7373923,42.2758628],[-83.7373915,42.2758642],[-83.7373905,42.2758642],[-83.7373907,42.2758703],[-83.7373921,42.2758713],[-83.7373944,42.2758713],[-83.7373949,42.2758699],[-83.7373958,42.2758699],[-83.7373963,42.2758706],[-83.7373954,42.2758726],[-83.7373944,42.2758716],[-83.7373945,42.2758723],[-83.7373922,42.2758724],[-83.7373908,42.2758734],[-83.7373909,42.2758758],[-83.7373923,42.2758768],[-83.7374181,42.2758763],[-83.7374195,42.2758753]]],[[[-83.7374802,42.2758412],[-83.7374796,42.2758207],[-83.7374781,42.2758197],[-83.7374648,42.2758199],[-83.7374648,42.2758206],[-83.7374593,42.2758207],[-83.7374592,42.2758197],[-83.7374583,42.275819],[-83.7374537,42.2758191],[-83.7374534,42.2758113],[-83.7374576,42.2758112],[-83.7374589,42.2758101],[-83.7374582,42.2757873],[-83.7374568,42.2757863],[-83.7374527,42.2757864],[-83.7374524,42.2757785],[-83.7374566,42.2757785],[-83.7374579,42.2757774],[-83.7374579,42.2757764],[-83.737463,42.2757763],[-83.7374639,42.2757773],[-83.7374768,42.2757771],[-83.7374782,42.275776],[-83.7374775,42.2757552],[-83.7374761,42.2757542],[-83.7374628,42.2757545],[-83.7374628,42.2757552],[-83.7374572,42.2757552],[-83.7374567,42.2757539],[-83.7374526,42.275754],[-83.7374512,42.275755],[-83.7374515,42.2757622],[-83.7374487,42.2757622],[-83.737445,42.2757613],[-83.737444,42.2757602],[-83.7374426,42.2757599],[-83.7374426,42.2757592],[-83.7374412,42.2757586],[-83.7374402,42.2757572],[-83.7374397,42.2757552],[-83.7374383,42.2757542],[-83.7374116,42.2757547],[-83.7374112,42.275756],[-83.7373973,42.2757563],[-83.7373968,42.2757542],[-83.7373959,42.2757542],[-83.7373954,42.2757532],[-83.7373917,42.2757533],[-83.7373917,42.2757523],[-83.7373908,42.2757523],[-83.7373908,42.2757533],[-83.7373866,42.2757534],[-83.7373849,42.2757565],[-83.7373738,42.2757567],[-83.7373738,42.2757556],[-83.7373719,42.2757546],[-83.7373666,42.2757605],[-83.7373629,42.275762],[-83.7373588,42.2757624],[-83.7373586,42.2757552],[-83.7373572,42.2757542],[-83.7373217,42.2757552],[-83.7373208,42.2757569],[-83.7373223,42.2757896],[-83.7373214,42.27579],[-83.7373214,42.2757913],[-83.7373205,42.275792],[-83.7373215,42.2757927],[-83.7373224,42.2757923],[-83.7373224,42.2757934],[-83.737321,42.2757934],[-83.737321,42.2757944],[-83.7373216,42.2757961],[-83.7373225,42.2757961],[-83.7373221,42.2757978],[-83.7373231,42.2758022],[-83.7373218,42.2758026],[-83.7373227,42.2758032],[-83.7373231,42.2758152],[-83.7373222,42.2758152],[-83.7373217,42.2758162],[-83.7373231,42.2758162],[-83.7373236,42.2758172],[-83.7373237,42.275821],[-83.7373267,42.2758277],[-83.7373291,42.2758308],[-83.73733,42.2758311],[-83.73733,42.2758318],[-83.737331,42.2758321],[-83.737331,42.2758328],[-83.7373329,42.2758338],[-83.7373329,42.2758345],[-83.7373385,42.2758381],[-83.7373432,42.2758397],[-83.7373437,42.2758404],[-83.7373483,42.2758414],[-83.7373493,42.275842],[-83.7373553,42.275843],[-83.7374212,42.2758422],[-83.7374219,42.2758647],[-83.7374108,42.2758649],[-83.737409,42.2758666],[-83.737411,42.2758693],[-83.7374147,42.2758716],[-83.7374175,42.2758723],[-83.7374221,42.2758722],[-83.737423,42.2759008],[-83.737417,42.2759013],[-83.7374134,42.2759027],[-83.7374107,42.2759051],[-83.7374098,42.2759069],[-83.7374099,42.2759079],[-83.7374113,42.2759089],[-83.7374233,42.2759087],[-83.7374235,42.2759148],[-83.7374249,42.2759158],[-83.7374553,42.2759153],[-83.7374566,42.2759142],[-83.7374565,42.2759095],[-83.7374579,42.2759095],[-83.7374597,42.2759077],[-83.7374573,42.275906],[-83.7374522,42.2759061],[-83.7374517,42.2759055],[-83.7374539,42.2759006],[-83.7374561,42.2758986],[-83.7374593,42.2758971],[-83.7374593,42.2758965],[-83.737457,42.2758958],[-83.7374537,42.2758935],[-83.7374512,42.2758881],[-83.7374563,42.2758876],[-83.7374585,42.2758859],[-83.7374571,42.2758846],[-83.7374557,42.2758846],[-83.7374555,42.2758767],[-83.7374596,42.2758767],[-83.737461,42.2758756],[-83.7374603,42.2758528],[-83.7374588,42.2758518],[-83.7374547,42.2758518],[-83.7374545,42.275844],[-83.7374586,42.2758439],[-83.73746,42.2758429],[-83.7374599,42.2758419],[-83.737465,42.2758418],[-83.7374655,42.2758424],[-83.7374788,42.2758422],[-83.7374802,42.2758412]],[[-83.7374207,42.2758265],[-83.7374129,42.2758266],[-83.7374102,42.275828],[-83.7374102,42.2758287],[-83.7374116,42.2758287],[-83.7374118,42.2758355],[-83.7374007,42.2758357],[-83.7374005,42.2758289],[-83.7374019,42.2758289],[-83.7374023,42.2758282],[-83.7373995,42.2758268],[-83.7373576,42.2758279],[-83.7373571,42.2758272],[-83.7373548,42.2758276],[-83.7373548,42.2758269],[-83.7373525,42.275827],[-83.7373525,42.2758263],[-83.7373506,42.275826],[-83.7373501,42.275825],[-83.7373487,42.275825],[-83.7373487,42.2758243],[-83.7373469,42.2758236],[-83.7373468,42.2758226],[-83.7373454,42.275822],[-83.7373458,42.2758209],[-83.7373444,42.2758203],[-83.7373449,42.2758192],[-83.7373439,42.2758189],[-83.7373433,42.2757971],[-83.7373423,42.2757954],[-83.7373417,42.2757917],[-83.7373408,42.2757913],[-83.7373412,42.2757906],[-83.7373403,42.27579],[-83.7373402,42.2757883],[-83.7373393,42.2757883],[-83.7373393,42.2757866],[-83.7373383,42.2757866],[-83.7373383,42.2757849],[-83.7373374,42.2757849],[-83.7373373,42.2757839],[-83.7373364,42.2757836],[-83.7373363,42.2757822],[-83.7373349,42.2757815],[-83.7373344,42.2757802],[-83.7373335,42.2757802],[-83.7373335,42.2757788],[-83.7373321,42.2757785],[-83.7373321,42.2757775],[-83.7373307,42.2757772],[-83.7373306,42.2757762],[-83.7373292,42.2757758],[-83.7373297,42.2757748],[-83.7373273,42.2757745],[-83.7373273,42.2757735],[-83.7373287,42.2757741],[-83.7373292,42.2757734],[-83.7373315,42.2757734],[-83.7373314,42.2757727],[-83.7374162,42.2757713],[-83.7374167,42.275772],[-83.7374176,42.275772],[-83.7374181,42.275773],[-83.7374191,42.275773],[-83.7374207,42.2758248],[-83.7374197,42.2758248],[-83.7374198,42.2758258],[-83.7374207,42.2758258],[-83.7374207,42.2758265]]]]}},{"type":"Feature","properties":{"layer":"room","roomNumber":"3C20"},"geometry":{"type":"MultiPolygon","coordinates":[[[[-83.7376823,42.2758896],[-83.7376821,42.2758848],[-83.7376807,42.2758832],[-83.7376493,42.2758837],[-83.737648,42.2758847],[-83.7376482,42.2758926],[-83.7376506,42.2758942],[-83.737651,42.2758932],[-83.7376773,42.2758928],[-83.7376782,42.2758921],[-83.7376782,42.275891],[-83.7376805,42.2758917],[-83.7376823,42.2758896]]],[[[-83.7376476,42.2759025],[-83.7376471,42.2758848],[-83.7376457,42.2758838],[-83.7376309,42.275884],[-83.7376296,42.275885],[-83.7376301,42.2759028],[-83.7376315,42.2759038],[-83.7376463,42.2759035],[-83.7376476,42.2759025]]],[[[-83.7376292,42.2759028],[-83.7376286,42.2758851],[-83.7376272,42.2758841],[-83.7375516,42.2758853],[-83.7375503,42.2758864],[-83.7375508,42.2759041],[-83.7375523,42.2759051],[-83.7376278,42.2759038],[-83.7376292,42.2759028]]],[[[-83.7376336,42.2759116],[-83.7376335,42.2759072],[-83.7376321,42.2759062],[-83.7375961,42.2759068],[-83.7375952,42.2759078],[-83.7375943,42.2759078],[-83.7375933,42.2759068],[-83.7375505,42.2759075],[-83.73755,42.2759062],[-83.7375477,42.2759062],[-83.7375476,42.2759052],[-83.737549,42.2759052],[-83.7375499,42.2759045],[-83.7375494,42.2758861],[-83.7375484,42.2758854],[-83.737547,42.2758854],[-83.737547,42.2758844],[-83.7375493,42.2758844],[-83.7375493,42.2758833],[-83.7375931,42.2758826],[-83.7375935,42.2758819],[-83.7375944,42.2758819],[-83.7375949,42.2758826],[-83.7376313,42.2758819],[-83.7376327,42.2758809],[-83.7376325,42.2758765],[-83.7376311,42.2758755],[-83.7375961,42.2758761],[-83.7375947,42.2758771],[-83.7375948,42.2758798],[-83.737593,42.2758799],[-83.7375929,42.2758771],[-83.7375915,42.2758761],[-83.7375518,42.2758768],[-83.7375505,42.2758779],[-83.7375506,42.2758806],[-83.7375487,42.2758806],[-83.7375486,42.2758779],[-83.7375472,42.2758769],[-83.7375076,42.2758776],[-83.7375062,42.2758786],[-83.7375063,42.2758813],[-83.7375045,42.2758814],[-83.7375044,42.2758786],[-83.737503,42.2758776],[-83.7374698,42.2758782],[-83.7374685,42.2758792],[-83.7374685,42.275882],[-83.7374667,42.2758823],[-83.7374669,42.2758885],[-83.7374545,42.275889],[-83.7374531,42.2758901],[-83.7374536,42.2758921],[-83.7374579,42.2758955],[-83.7374612,42.2758964],[-83.7374644,42.2758964],[-83.7374644,42.2758971],[-83.7374607,42.2758975],[-83.7374571,42.2758989],[-83.7374544,42.2759013],[-83.7374535,42.2759041],[-83.737455,42.2759051],[-83.7374674,42.2759052],[-83.7374676,42.275911],[-83.7374695,42.2759113],[-83.7374695,42.2759144],[-83.737471,42.2759154],[-83.7375041,42.2759148],[-83.7375055,42.2759138],[-83.7375054,42.2759107],[-83.7375072,42.2759107],[-83.7375073,42.2759137],[-83.7375087,42.2759147],[-83.7375484,42.2759141],[-83.7375497,42.275913],[-83.7375496,42.2759099],[-83.7375515,42.2759099],[-83.7375516,42.275913],[-83.737553,42.275914],[-83.7375926,42.2759133],[-83.737594,42.2759123],[-83.7375939,42.2759092],[-83.7375957,42.2759092],[-83.7375958,42.2759122],[-83.7375972,42.2759132],[-83.7376323,42.2759126],[-83.7376336,42.2759116]]]]}},{"type":"Feature","properties":{"layer":"room","roomNumber":"3E01"},"geometry":{"type":"Polygon","coordinates":[[[-83.7371411,42.2757446],[-83.7371387,42.2757426],[-83.7371276,42.2757427],[-83.7371254,42.2757445],[-83.7371291,42.2757465],[-83.7371292,42.2757475],[-83.7371301,42.2757482],[-83.7371324,42.2757485],[-83.7371324,42.2757495],[-83.7371338,42.2757488],[-83.7371333,42.2757481],[-83.7371361,42.2757481],[-83.737137,42.2757463],[-83.7371411,42.2757446]]]}},{"type":"Feature","properties":{"layer":"room","roomNumber":"3E02"},"geometry":{"type":"Polygon","coordinates":[[[-83.7371742,42.275744],[-83.7371719,42.275742],[-83.7371608,42.2757422],[-83.7371586,42.2757439],[-83.7371623,42.2757459],[-83.7371619,42.2757466],[-83.7371633,42.2757476],[-83.7371656,42.2757479],[-83.7371656,42.2757489],[-83.737167,42.2757482],[-83.7371665,42.2757475],[-83.7371693,42.2757478],[-83.7371711,42.2757464],[-83.7371711,42.2757454],[-83.7371742,42.275744]]]}},{"type":"Feature","properties":{"layer":"room","roomNumber":"3E14"},"geometry":{"type":"Polygon","coordinates":[[[-83.737396,42.2757423],[-83.737396,42.2757416],[-83.7373941,42.2757406],[-83.7373941,42.2757403],[-83.7373872,42.2757404],[-83.7373858,42.2757418],[-83.7373854,42.2757418],[-83.7373863,42.2757428],[-83.7373868,42.2757428],[-83.7373868,42.2757438],[-83.7373882,42.2757445],[-83.7373882,42.2757448],[-83.7373887,42.2757448],[-83.7373887,42.2757441],[-83.73739,42.2757441],[-83.7373896,42.2757448],[-83.7373905,42.2757451],[-83.7373905,42.2757455],[-83.7373919,42.2757448],[-83.7373914,42.2757441],[-83.7373942,42.275744],[-83.7373942,42.275743],[-83.737396,42.2757423]]]}},{"type":"Feature","properties":{"layer":"room","roomNumber":"3S01"},"geometry":{"type":"MultiPolygon","coordinates":[[[[-83.7371818,42.275721],[-83.7371816,42.2757132],[-83.7371802,42.2757122],[-83.737153,42.2757126],[-83.7371516,42.2757137],[-83.7371517,42.2757147],[-83.7371574,42.2757224],[-83.7371805,42.2757221],[-83.7371818,42.275721]]],[[[-83.7372182,42.2757201],[-83.7372178,42.2757054],[-83.7372164,42.2757044],[-83.7372145,42.2757044],[-83.7372108,42.2757031],[-83.737207,42.2757001],[-83.7372055,42.2756971],[-83.7372055,42.275695],[-83.7372068,42.275695],[-83.7372086,42.2756933],[-83.7372063,42.2756916],[-83.7371786,42.2756921],[-83.7371786,42.2756927],[-83.7371768,42.2756931],[-83.7371769,42.2756962],[-83.7371783,42.2756972],[-83.7371875,42.275697],[-83.7371875,42.275696],[-83.7371884,42.275696],[-83.7371889,42.2756967],[-83.7371881,42.2756987],[-83.7371876,42.2756977],[-83.7371783,42.2756979],[-83.737177,42.2756989],[-83.7371771,42.275701],[-83.7371785,42.275702],[-83.7371803,42.2757019],[-83.7371803,42.275703],[-83.7371785,42.275703],[-83.7371772,42.275704],[-83.7371773,42.2757102],[-83.7371788,42.2757112],[-83.7371811,42.2757111],[-83.7371829,42.2757121],[-83.7371832,42.275721],[-83.7371846,42.275722],[-83.7371929,42.2757218],[-83.737193,42.2757236],[-83.7371944,42.2757246],[-83.7371962,42.2757245],[-83.7371995,42.2757255],[-83.7372033,42.2757282],[-83.7372038,42.2757295],[-83.7372052,42.2757298],[-83.737207,42.2757284],[-83.7372074,42.2757264],[-83.7372087,42.2757253],[-83.7372087,42.2757247],[-83.7372114,42.2757226],[-83.737215,42.2757211],[-83.7372169,42.2757211],[-83.7372182,42.2757201]]]]}},{"type":"Feature","properties":{"layer":"room","roomNumber":"3S04"},"geometry":{"type":"Polygon","coordinates":[[[-83.7370018,42.2753433],[-83.7369995,42.2753413],[-83.7369949,42.2753413],[-83.7369947,42.2753379],[-83.7369934,42.275338],[-83.7369933,42.2753369],[-83.7369869,42.275337],[-83.7369855,42.2753381],[-83.7369852,42.2753412],[-83.7369866,42.2753422],[-83.736988,42.2753421],[-83.736988,42.2753449],[-83.7369862,42.2753449],[-83.7369848,42.2753439],[-83.7369848,42.2753449],[-83.7369839,42.2753449],[-83.7369829,42.2753436],[-83.7369821,42.275345],[-83.736982,42.2753422],[-83.7369833,42.2753422],[-83.7369847,42.2753412],[-83.7369841,42.2753381],[-83.7369827,42.2753371],[-83.7369772,42.2753372],[-83.7369758,42.2753383],[-83.7369759,42.2753403],[-83.736975,42.2753417],[-83.7369723,42.2753417],[-83.7369713,42.2753411],[-83.7369713,42.27534],[-83.7369653,42.2753401],[-83.736963,42.2753419],[-83.7369612,42.2753402],[-83.7369533,42.2753403],[-83.736952,42.2753414],[-83.7369526,42.2753619],[-83.736954,42.2753629],[-83.7369572,42.2753628],[-83.7369573,42.2753635],[-83.7369609,42.2753634],[-83.7369623,42.2753624],[-83.7369621,42.2753552],[-83.7369648,42.2753552],[-83.7369672,42.2753555],[-83.7369719,42.2753581],[-83.7369738,42.2753608],[-83.7369738,42.2753622],[-83.7369752,42.2753632],[-83.7369941,42.2753629],[-83.7369955,42.2753615],[-83.7369958,42.2753584],[-83.7369972,42.2753563],[-83.7369985,42.2753556],[-83.7369985,42.2753549],[-83.7370003,42.2753542],[-83.7370003,42.2753535],[-83.7369984,42.2753522],[-83.7369947,42.2753523],[-83.7369951,42.2753495],[-83.7369973,42.2753457],[-83.7370018,42.2753433]]]}},{"type":"Feature","properties":{"layer":"room","roomNumber":"3S11"},"geometry":{"type":"Polygon","coordinates":[[[-83.7373927,42.2753544],[-83.7373921,42.275334],[-83.7373907,42.275334],[-83.7373907,42.275333],[-83.7373824,42.2753331],[-83.7373801,42.2753348],[-83.7373782,42.2753332],[-83.7373718,42.2753333],[-83.7373709,42.275335],[-83.7373682,42.275335],[-83.7373672,42.2753344],[-83.7373671,42.2753316],[-83.7373657,42.2753306],[-83.7373602,42.2753307],[-83.7373588,42.2753318],[-83.7373585,42.2753349],[-83.7373599,42.2753359],[-83.7373613,42.2753358],[-83.7373613,42.2753386],[-83.7373595,42.2753386],[-83.7373581,42.2753376],[-83.7373581,42.2753386],[-83.7373572,42.2753386],[-83.7373562,42.2753373],[-83.7373554,42.2753387],[-83.7373553,42.2753359],[-83.7373567,42.2753359],[-83.737358,42.2753349],[-83.7373574,42.2753318],[-83.737356,42.2753308],[-83.7373496,42.2753309],[-83.7373492,42.275332],[-83.7373482,42.275332],[-83.7373483,42.2753354],[-83.7373433,42.2753355],[-83.737341,42.2753372],[-83.7373462,42.2753402],[-83.7373481,42.2753429],[-83.7373482,42.2753446],[-83.7373491,42.2753459],[-83.737345,42.2753464],[-83.7373432,42.2753481],[-83.7373465,42.2753501],[-83.7373484,42.2753528],[-83.737349,42.2753555],[-83.7373504,42.2753568],[-83.7373868,42.2753562],[-83.7373872,42.2753555],[-83.7373914,42.2753555],[-83.7373927,42.2753544]]]}},{"type":"Feature","properties":{"layer":"room","roomNumber":"3S14"},"geometry":{"type":"Polygon","coordinates":[[[-83.7374098,42.2758622],[-83.7374094,42.2758492],[-83.737408,42.2758482],[-83.737391,42.2758485],[-83.7373896,42.2758495],[-83.7373897,42.2758536],[-83.7373912,42.2758546],[-83.7373939,42.2758546],[-83.737394,42.2758556],[-83.7373912,42.2758556],[-83.7373898,42.2758567],[-83.73739,42.2758611],[-83.7373914,42.2758611],[-83.7373914,42.2758621],[-83.7373923,42.2758628],[-83.7373942,42.2758624],[-83.7373941,42.2758614],[-83.7373946,42.2758624],[-83.7373965,42.2758627],[-83.7373974,42.275862],[-83.7373969,42.2758614],[-83.7373983,42.2758613],[-83.7373978,42.275862],[-83.7373997,42.2758627],[-83.7374001,42.2758613],[-83.737402,42.2758613],[-83.7374015,42.275862],[-83.7374029,42.2758626],[-83.7374033,42.2758612],[-83.7374047,42.2758612],[-83.7374057,42.2758632],[-83.7374066,42.2758632],[-83.7374066,42.2758622],[-83.7374075,42.2758619],[-83.737408,42.2758636],[-83.7374098,42.2758622]]]}},{"type":"Feature","properties":{"layer":"room","roomNumber":"3V01"},"geometry":{"type":"MultiPolygon","coordinates":[[[[-83.7371107,42.2757307],[-83.7371095,42.2756949],[-83.7371067,42.2756933],[-83.7371032,42.2756981],[-83.7371023,42.2756985],[-83.7371019,42.2756998],[-83.737101,42.2757002],[-83.7371005,42.2757016],[-83.7370996,42.2757019],[-83.7370992,42.2757033],[-83.7370974,42.2757047],[-83.737097,42.2757061],[-83.7370961,42.2757064],[-83.7370957,42.2757078],[-83.7370947,42.2757082],[-83.7370943,42.2757095],[-83.7370934,42.2757099],[-83.7370934,42.2757106],[-83.7370948,42.2757116],[-83.7370962,42.2757115],[-83.7370949,42.2757129],[-83.7370958,42.2757129],[-83.7370954,42.2757136],[-83.7370963,42.2757143],[-83.7370949,42.2757143],[-83.7370936,42.2757153],[-83.7370936,42.2757164],[-83.7370945,42.2757167],[-83.7370974,42.2757207],[-83.7370984,42.2757211],[-83.7371032,42.2757275],[-83.7371051,42.2757288],[-83.737107,42.2757318],[-83.7371084,42.2757325],[-83.7371107,42.2757307]]],[[[-83.7370881,42.2757161],[-83.737088,42.2757151],[-83.7370866,42.2757141],[-83.7370857,42.2757144],[-83.7370852,42.2757117],[-83.7370866,42.2757117],[-83.7370879,42.2757103],[-83.7370846,42.2757073],[-83.7370798,42.2757009],[-83.7370779,42.2756996],[-83.7370745,42.2756948],[-83.7370726,42.2756939],[-83.7370704,42.2756956],[-83.7370715,42.2757314],[-83.7370738,42.2757331],[-83.7370752,42.2757324],[-83.7370787,42.2757272],[-83.7370796,42.2757268],[-83.7370801,42.2757255],[-83.7370832,42.2757223],[-83.7370836,42.275721],[-83.7370845,42.2757206],[-83.7370849,42.2757192],[-83.7370881,42.2757161]]],[[[-83.7371076,42.2756912],[-83.7371076,42.2756902],[-83.7371061,42.2756892],[-83.7370766,42.2756897],[-83.7370753,42.2756907],[-83.7370754,42.2756928],[-83.737074,42.2756932],[-83.737074,42.2756938],[-83.7370759,42.2756952],[-83.7370793,42.2756999],[-83.7370812,42.2757012],[-83.7370845,42.2757059],[-83.7370855,42.2757063],[-83.737086,42.2757076],[-83.7370879,42.275709],[-83.7370884,42.2757103],[-83.7370907,42.275712],[-83.737093,42.2757099],[-83.7370969,42.275704],[-83.7370978,42.2757037],[-83.7371009,42.2756988],[-83.7371027,42.2756974],[-83.7371058,42.2756926],[-83.7371076,42.2756912]]],[[[-83.737109,42.2757356],[-83.7371089,42.2757345],[-83.737107,42.2757332],[-83.7371037,42.2757285],[-83.7371018,42.2757271],[-83.737097,42.2757207],[-83.737096,42.2757204],[-83.7370932,42.2757164],[-83.7370908,42.2757144],[-83.7370885,42.2757161],[-83.7370881,42.2757175],[-83.7370863,42.2757189],[-83.7370832,42.2757237],[-83.7370814,42.2757251],[-83.7370784,42.2757299],[-83.7370774,42.2757303],[-83.7370748,42.2757344],[-83.7370735,42.2757355],[-83.7370754,42.2757371],[-83.7371076,42.2757366],[-83.737109,42.2757356]]]]}},{"type":"Feature","properties":{"layer":"room","roomNumber":"3V03"},"geometry":{"type":"Polygon","coordinates":[[[-83.7370985,42.2758876],[-83.7370984,42.2758859],[-83.737097,42.2758849],[-83.7370845,42.2758851],[-83.7370832,42.2758861],[-83.7370832,42.2758878],[-83.7370851,42.2758892],[-83.737087,42.2758888],[-83.7370875,42.2758901],[-83.7370884,42.2758901],[-83.7370888,42.2758887],[-83.7370902,42.2758887],[-83.7370907,42.2758901],[-83.7370916,42.2758904],[-83.737093,42.2758887],[-83.7370935,42.27589],[-83.7370944,42.2758904],[-83.7370953,42.2758886],[-83.7370971,42.2758886],[-83.7370985,42.2758876]]]}},{"type":"Feature","properties":{"layer":"room","roomNumber":"3V04"},"geometry":{"type":"MultiPolygon","coordinates":[[[[-83.7370101,42.2753141],[-83.7370101,42.2753135],[-83.7370087,42.2753125],[-83.7370078,42.2753128],[-83.7370073,42.2753111],[-83.7370077,42.2753101],[-83.7370086,42.2753104],[-83.73701,42.275309],[-83.7370005,42.2753003],[-83.7369982,42.2753021],[-83.7369988,42.2753215],[-83.7370017,42.2753232],[-83.7370025,42.2753214],[-83.7370039,42.2753207],[-83.7370039,42.27532],[-83.7370052,42.2753193],[-83.7370052,42.2753187],[-83.7370101,42.2753141]]],[[[-83.7370279,42.275321],[-83.7370273,42.2753019],[-83.7370259,42.2753009],[-83.7370245,42.2753009],[-83.737024,42.2753003],[-83.7370213,42.275303],[-83.7370214,42.2753037],[-83.73702,42.2753044],[-83.73702,42.2753051],[-83.7370187,42.2753058],[-83.7370187,42.2753065],[-83.7370173,42.2753072],[-83.7370173,42.2753079],[-83.737016,42.2753086],[-83.7370174,42.2753099],[-83.7370188,42.2753099],[-83.7370174,42.2753113],[-83.7370184,42.2753113],[-83.7370179,42.275312],[-83.7370189,42.2753126],[-83.7370175,42.2753126],[-83.7370161,42.275314],[-83.7370194,42.2753167],[-83.7370195,42.2753174],[-83.7370209,42.275318],[-83.7370209,42.2753187],[-83.7370223,42.2753194],[-83.7370223,42.2753201],[-83.7370237,42.2753207],[-83.7370252,42.2753228],[-83.7370279,42.275321]]],[[[-83.7370257,42.2753248],[-83.7370257,42.2753238],[-83.7370214,42.2753204],[-83.7370204,42.2753187],[-83.7370148,42.2753141],[-83.7370147,42.275313],[-83.7370133,42.275312],[-83.7370115,42.2753131],[-83.7370111,42.2753145],[-83.7370057,42.2753193],[-83.7370048,42.2753211],[-83.7370021,42.2753231],[-83.7370021,42.2753238],[-83.7370008,42.2753245],[-83.7370027,42.2753262],[-83.7370243,42.2753258],[-83.7370257,42.2753248]]],[[[-83.7370244,42.2752992],[-83.7370244,42.2752975],[-83.737023,42.2752965],[-83.7370018,42.2752969],[-83.737,42.2752983],[-83.7370057,42.2753036],[-83.7370057,42.2753043],[-83.7370071,42.275305],[-83.7370071,42.2753057],[-83.7370085,42.2753063],[-83.7370085,42.275307],[-83.7370099,42.2753077],[-83.73701,42.2753083],[-83.7370114,42.275309],[-83.7370114,42.27531],[-83.7370128,42.2753103],[-83.7370128,42.275311],[-83.7370146,42.27531],[-83.7370155,42.2753079],[-83.7370182,42.2753058],[-83.7370191,42.2753041],[-83.7370231,42.2753006],[-83.7370231,42.2752999],[-83.7370244,42.2752992]]]]}},{"type":"Feature","properties":{"layer":"room","roomNumber":"3V05"},"geometry":{"type":"Polygon","coordinates":[[[-83.7369838,42.2757888],[-83.7369819,42.2757872],[-83.7369718,42.2757873],[-83.7369704,42.2757884],[-83.7369705,42.2757911],[-83.7369719,42.2757921],[-83.7369816,42.275792],[-83.7369834,42.2757906],[-83.7369829,42.2757892],[-83.7369838,42.2757888]]]}},{"type":"Feature","properties":{"layer":"room","roomNumber":"3V06"},"geometry":{"type":"Polygon","coordinates":[[[-83.7370081,42.2756939],[-83.737008,42.2756912],[-83.7370066,42.2756905],[-83.7370066,42.2756902],[-83.7370024,42.2756903],[-83.7370011,42.2756917],[-83.7370006,42.2756917],[-83.7370006,42.275692],[-83.7370002,42.275692],[-83.7370016,42.2756934],[-83.737003,42.2756933],[-83.737003,42.2756944],[-83.7370039,42.2756947],[-83.737004,42.275695],[-83.7370067,42.275695],[-83.7370076,42.2756939],[-83.7370081,42.2756939]]]}},{"type":"Feature","properties":{"layer":"room","roomNumber":"3V11"},"geometry":{"type":"MultiPolygon","coordinates":[[[[-83.7373248,42.2753058],[-83.7373239,42.2753044],[-83.7373229,42.2753048],[-83.7373224,42.275302],[-83.7373238,42.275302],[-83.7373247,42.275301],[-83.7373162,42.275295],[-83.7373162,42.275296],[-83.7373148,42.275296],[-83.7373135,42.2752971],[-83.7373139,42.2753114],[-83.7373158,42.2753127],[-83.7373167,42.2753127],[-83.7373181,42.2753117],[-83.7373181,42.275311],[-83.7373248,42.2753058]]],[[[-83.737343,42.2753112],[-83.7373425,42.2752956],[-83.7373411,42.2752952],[-83.7373406,42.2752939],[-83.7373397,42.2752939],[-83.7373361,42.2752967],[-83.7373361,42.2752974],[-83.737332,42.2753002],[-83.7373316,42.2753015],[-83.7373335,42.2753022],[-83.7373321,42.2753032],[-83.737333,42.2753032],[-83.7373326,42.2753039],[-83.7373335,42.2753046],[-83.7373322,42.2753046],[-83.7373313,42.2753056],[-83.7373398,42.2753116],[-83.7373403,42.2753127],[-83.7373412,42.2753126],[-83.737343,42.2753112]]],[[[-83.7373403,42.2753137],[-83.7373393,42.2753123],[-83.7373346,42.2753093],[-83.7373346,42.2753087],[-83.7373304,42.275306],[-83.7373303,42.275305],[-83.7373294,42.2753043],[-83.7373285,42.2753047],[-83.7373284,42.2753036],[-83.7373275,42.2753037],[-83.7373257,42.2753051],[-83.7373258,42.2753061],[-83.7373163,42.2753137],[-83.7373182,42.2753154],[-83.7373385,42.2753151],[-83.7373403,42.2753137]]],[[[-83.7373401,42.2752929],[-83.7373382,42.2752912],[-83.7373175,42.2752915],[-83.7373161,42.2752926],[-83.7373166,42.2752943],[-83.7373256,42.2753006],[-83.7373256,42.2753016],[-83.737327,42.275302],[-83.737328,42.2753033],[-83.7373293,42.2753026],[-83.7373293,42.2753019],[-83.7373302,42.2753019],[-83.7373302,42.2753009],[-83.7373316,42.2753002],[-83.7373315,42.2752995],[-83.7373401,42.2752929]]]]}},{"type":"Feature","properties":{"layer":"room","roomNumber":"3V13"},"geometry":{"type":"Polygon","coordinates":[[[-83.737429,42.2757503],[-83.7374287,42.2757431],[-83.7374273,42.2757424],[-83.7374273,42.2757418],[-83.7374287,42.2757411],[-83.7374285,42.2757339],[-83.737427,42.2757329],[-83.7374104,42.2757332],[-83.7374091,42.2757342],[-83.7374093,42.2757417],[-83.7374103,42.2757421],[-83.7374103,42.2757427],[-83.7374094,42.2757431],[-83.7374096,42.2757506],[-83.737411,42.2757516],[-83.7374276,42.2757513],[-83.737429,42.2757503]]]}},{"type":"Feature","properties":{"layer":"room","roomNumber":"3V15"},"geometry":{"type":"Polygon","coordinates":[[[-83.7373777,42.2758825],[-83.7373754,42.2758805],[-83.7373574,42.2758808],[-83.7373551,42.2758825],[-83.737357,42.2758842],[-83.7373584,42.2758842],[-83.7373584,42.2758852],[-83.7373599,42.2758862],[-83.7373608,42.2758858],[-83.7373612,42.2758845],[-83.7373626,42.2758845],[-83.7373626,42.2758855],[-83.737364,42.2758858],[-83.7373649,42.2758851],[-83.7373644,42.2758844],[-83.7373658,42.2758844],[-83.7373654,42.2758851],[-83.7373672,42.2758861],[-83.7373686,42.2758844],[-83.7373691,42.2758857],[-83.73737,42.275886],[-83.7373709,42.2758843],[-83.7373722,42.2758843],[-83.7373723,42.2758853],[-83.7373737,42.2758856],[-83.7373746,42.2758849],[-83.7373745,42.2758839],[-83.7373759,42.2758839],[-83.7373777,42.2758825]]]}},{"type":"Feature","properties":{"layer":"structure"},"geometry":{"type":"MultiPolygon","coordinates":[[[[-83.7371772,42.2759736],[-83.7371772,42.2759732],[-83.7371767,42.2759732],[-83.7371767,42.2759736],[-83.7371772,42.2759736]]],[[[-83.7371712,42.2759737],[-83.7371712,42.2759733],[-83.7371707,42.2759733],[-83.7371707,42.2759737],[-83.7371712,42.2759737]]],[[[-83.737132,42.2759743],[-83.737132,42.275974],[-83.7371316,42.275974],[-83.7371316,42.2759743],[-83.737132,42.2759743]]],[[[-83.7371256,42.2759744],[-83.7371256,42.2759741],[-83.7371251,42.2759741],[-83.7371251,42.2759745],[-83.7371256,42.2759744]]],[[[-83.7371698,42.275973],[-83.7371698,42.2759727],[-83.7371693,42.2759727],[-83.7371693,42.275973],[-83.7371698,42.275973]]],[[[-83.7371242,42.2759738],[-83.7371242,42.2759734],[-83.7371237,42.2759735],[-83.7371237,42.2759738],[-83.7371242,42.2759738]]],[[[-83.7371771,42.2759719],[-83.7371771,42.2759715],[-83.7371767,42.2759715],[-83.7371767,42.2759719],[-83.7371771,42.2759719]]],[[[-83.737132,42.2759726],[-83.737132,42.2759723],[-83.7371315,42.2759723],[-83.7371315,42.2759726],[-83.737132,42.2759726]]],[[[-83.7373291,42.2759512],[-83.7373291,42.2759509],[-83.7373287,42.2759509],[-83.7373287,42.2759512],[-83.7373291,42.2759512]]],[[[-83.7373291,42.2759495],[-83.7373291,42.2759492],[-83.7373286,42.2759492],[-83.7373286,42.2759495],[-83.7373291,42.2759495]]],[[[-83.7373935,42.2759317],[-83.7373935,42.2759314],[-83.7373931,42.2759314],[-83.7373931,42.2759317],[-83.7373935,42.2759317]]],[[[-83.7370885,42.2759369],[-83.7370884,42.2759365],[-83.737088,42.2759365],[-83.737088,42.2759369],[-83.7370885,42.2759369]]],[[[-83.7370825,42.275937],[-83.7370824,42.2759366],[-83.737082,42.2759366],[-83.737082,42.275937],[-83.7370825,42.275937]]],[[[-83.737076,42.2759371],[-83.737076,42.2759367],[-83.7370755,42.2759367],[-83.7370755,42.2759371],[-83.737076,42.2759371]]],[[[-83.7370811,42.2759363],[-83.737081,42.275936],[-83.7370806,42.275936],[-83.7370806,42.2759363],[-83.7370811,42.2759363]]],[[[-83.7373935,42.27593],[-83.7373935,42.2759296],[-83.737393,42.2759297],[-83.737393,42.27593],[-83.7373935,42.27593]]],[[[-83.7370884,42.2759352],[-83.7370884,42.2759348],[-83.7370879,42.2759348],[-83.7370879,42.2759352],[-83.7370884,42.2759352]]],[[[-83.737076,42.2759354],[-83.7370759,42.275935],[-83.7370755,42.275935],[-83.7370755,42.2759354],[-83.737076,42.2759354]]],[[[-83.7372398,42.2759247],[-83.7372398,42.2759244],[-83.7372393,42.2759244],[-83.7372393,42.2759248],[-83.7372398,42.2759247]]],[[[-83.7372379,42.2759248],[-83.7372379,42.2759244],[-83.7372375,42.2759244],[-83.7372375,42.2759248],[-83.7372379,42.2759248]]],[[[-83.7372397,42.275923],[-83.7372397,42.2759227],[-83.7372393,42.2759227],[-83.7372393,42.275923],[-83.7372397,42.275923]]],[[[-83.7372379,42.2759231],[-83.7372374,42.2759231],[-83.7372374,42.2759227],[-83.7372379,42.2759227],[-83.7372379,42.2759231]]],[[[-83.7372332,42.2759211],[-83.7372332,42.2759208],[-83.7372327,42.2759208],[-83.7372328,42.2759211],[-83.7372332,42.2759211]]],[[[-83.7372314,42.2759211],[-83.7372314,42.2759208],[-83.7372309,42.2759208],[-83.7372309,42.2759211],[-83.7372314,42.2759211]]],[[[-83.7372332,42.2759194],[-83.7372331,42.2759191],[-83.7372327,42.2759191],[-83.7372327,42.2759194],[-83.7372332,42.2759194]]],[[[-83.7372313,42.2759194],[-83.7372313,42.2759191],[-83.7372308,42.2759191],[-83.7372309,42.2759194],[-83.7372313,42.2759194]]],[[[-83.7372326,42.2759174],[-83.7372326,42.275917],[-83.7372322,42.275917],[-83.7372322,42.2759174],[-83.7372326,42.2759174]]],[[[-83.7372308,42.2759174],[-83.7372308,42.2759171],[-83.7372303,42.2759171],[-83.7372303,42.2759174],[-83.7372308,42.2759174]]],[[[-83.7372326,42.2759157],[-83.7372326,42.2759153],[-83.7372321,42.2759153],[-83.7372321,42.2759157],[-83.7372326,42.2759157]]],[[[-83.7372307,42.2759157],[-83.7372307,42.2759153],[-83.7372303,42.2759154],[-83.7372303,42.2759157],[-83.7372307,42.2759157]]],[[[-83.7376637,42.2759019],[-83.7376637,42.2759015],[-83.7376633,42.2759015],[-83.7376633,42.2759019],[-83.7376637,42.2759019]]],[[[-83.7376577,42.275902],[-83.7376577,42.2759016],[-83.7376573,42.2759016],[-83.7376573,42.275902],[-83.7376577,42.275902]]],[[[-83.7373493,42.2759028],[-83.7373493,42.2759024],[-83.7373488,42.2759024],[-83.7373488,42.2759028],[-83.7373493,42.2759028]]],[[[-83.7373461,42.2759028],[-83.7373461,42.2759025],[-83.7373456,42.2759025],[-83.7373456,42.2759028],[-83.7373461,42.2759028]]],[[[-83.737606,42.2758977],[-83.737606,42.2758974],[-83.7376055,42.2758974],[-83.7376055,42.2758977],[-83.737606,42.2758977]]],[[[-83.7376055,42.2758974],[-83.7376055,42.2758971],[-83.737605,42.2758971],[-83.737605,42.2758974],[-83.7376055,42.2758974]]],[[[-83.7376566,42.2758962],[-83.7376566,42.2758958],[-83.7376562,42.2758959],[-83.7376562,42.2758962],[-83.7376566,42.2758962]]],[[[-83.7373493,42.2759011],[-83.7373488,42.2759011],[-83.7373488,42.2759007],[-83.7373492,42.2759007],[-83.7373493,42.2759011]]],[[[-83.737346,42.2759011],[-83.737346,42.2759008],[-83.7373456,42.2759008],[-83.7373456,42.2759011],[-83.737346,42.2759011]]],[[[-83.7375441,42.2758964],[-83.7375441,42.275896],[-83.7375437,42.2758961],[-83.7375437,42.2758964],[-83.7375441,42.2758964]]],[[[-83.7375409,42.2758964],[-83.7375409,42.2758961],[-83.7375404,42.2758961],[-83.7375405,42.2758965],[-83.7375409,42.2758964]]],[[[-83.7375377,42.2758965],[-83.7375377,42.2758962],[-83.7375372,42.2758962],[-83.7375372,42.2758965],[-83.7375377,42.2758965]]],[[[-83.7375363,42.2758958],[-83.7375363,42.2758955],[-83.7375358,42.2758955],[-83.7375358,42.2758958],[-83.7375363,42.2758958]]],[[[-83.7375441,42.2758947],[-83.7375441,42.2758943],[-83.7375436,42.2758944],[-83.7375436,42.2758947],[-83.7375441,42.2758947]]],[[[-83.7375409,42.2758947],[-83.7375409,42.2758944],[-83.7375404,42.2758944],[-83.7375404,42.2758947],[-83.7375409,42.2758947]]],[[[-83.7373728,42.2758867],[-83.7373728,42.2758863],[-83.7373723,42.2758863],[-83.7373723,42.2758867],[-83.7373728,42.2758867]]],[[[-83.7370972,42.275891],[-83.7370972,42.2758907],[-83.7370967,42.2758907],[-83.7370967,42.275891],[-83.7370972,42.275891]]],[[[-83.7370875,42.2758912],[-83.7370875,42.2758908],[-83.737087,42.2758908],[-83.737087,42.2758912],[-83.7370875,42.2758912]]],[[[-83.7370396,42.275892],[-83.7370396,42.2758916],[-83.7370391,42.2758916],[-83.7370391,42.275892],[-83.7370396,42.275892]]],[[[-83.7370331,42.2758921],[-83.7370331,42.2758917],[-83.7370326,42.2758917],[-83.7370327,42.2758921],[-83.7370331,42.2758921]]],[[[-83.7370317,42.2758914],[-83.7370317,42.2758911],[-83.7370312,42.2758911],[-83.7370312,42.2758914],[-83.7370317,42.2758914]]],[[[-83.7373727,42.275885],[-83.7373727,42.2758846],[-83.7373723,42.2758846],[-83.7373723,42.275885],[-83.7373727,42.275885]]],[[[-83.7373631,42.2758851],[-83.737363,42.2758848],[-83.7373626,42.2758848],[-83.7373626,42.2758851],[-83.7373631,42.2758851]]],[[[-83.7370971,42.2758893],[-83.7370971,42.2758889],[-83.7370967,42.275889],[-83.7370967,42.2758893],[-83.7370971,42.2758893]]],[[[-83.7370874,42.2758895],[-83.7370874,42.2758891],[-83.737087,42.2758891],[-83.737087,42.2758895],[-83.7370874,42.2758895]]],[[[-83.7370395,42.2758903],[-83.7370395,42.2758899],[-83.737039,42.2758899],[-83.7370391,42.2758903],[-83.7370395,42.2758903]]],[[[-83.7373991,42.2758722],[-83.7373991,42.2758719],[-83.7373986,42.2758719],[-83.7373986,42.2758722],[-83.7373991,42.2758722]]],[[[-83.737399,42.2758705],[-83.737399,42.2758702],[-83.7373986,42.2758702],[-83.7373986,42.2758705],[-83.737399,42.2758705]]],[[[-83.7374053,42.2758636],[-83.7374053,42.2758633],[-83.7374048,42.2758633],[-83.7374048,42.2758636],[-83.7374053,42.2758636]]],[[[-83.7373956,42.2758634],[-83.7373956,42.2758631],[-83.7373951,42.2758631],[-83.7373951,42.2758634],[-83.7373956,42.2758634]]],[[[-83.7374052,42.2758619],[-83.7374052,42.2758616],[-83.7374047,42.2758616],[-83.7374048,42.2758619],[-83.7374052,42.2758619]]],[[[-83.7371037,42.2758636],[-83.7371037,42.2758632],[-83.7371032,42.2758633],[-83.7371032,42.2758636],[-83.7371037,42.2758636]]],[[[-83.7370977,42.2758637],[-83.7370977,42.2758633],[-83.7370972,42.2758634],[-83.7370973,42.2758637],[-83.7370977,42.2758637]]],[[[-83.7370894,42.2758638],[-83.7370894,42.2758635],[-83.7370889,42.2758635],[-83.737089,42.2758638],[-83.7370894,42.2758638]]],[[[-83.7370963,42.275863],[-83.7370963,42.2758627],[-83.7370958,42.2758627],[-83.7370958,42.275863],[-83.7370963,42.275863]]],[[[-83.7371037,42.2758619],[-83.7371036,42.2758615],[-83.7371032,42.2758616],[-83.7371032,42.2758619],[-83.7371037,42.2758619]]],[[[-83.7370894,42.2758621],[-83.7370894,42.2758618],[-83.7370889,42.2758618],[-83.7370889,42.2758621],[-83.7370894,42.2758621]]],[[[-83.7372152,42.2758457],[-83.7372152,42.2758453],[-83.7372147,42.2758453],[-83.7372147,42.2758457],[-83.7372152,42.2758457]]],[[[-83.7372151,42.275844],[-83.7372151,42.2758436],[-83.7372147,42.2758436],[-83.7372147,42.275844],[-83.7372151,42.275844]]],[[[-83.7374435,42.2758326],[-83.7374435,42.2758322],[-83.737443,42.2758323],[-83.737443,42.2758326],[-83.7374435,42.2758326]]],[[[-83.7374398,42.2758326],[-83.7374398,42.2758323],[-83.7374393,42.2758323],[-83.7374394,42.2758327],[-83.7374398,42.2758326]]],[[[-83.7374434,42.2758309],[-83.7374434,42.2758305],[-83.737443,42.2758305],[-83.737443,42.2758309],[-83.7374434,42.2758309]]],[[[-83.7374398,42.2758309],[-83.7374397,42.2758306],[-83.7374393,42.2758306],[-83.7374393,42.275831],[-83.7374398,42.2758309]]],[[[-83.7374328,42.2758311],[-83.7374328,42.2758307],[-83.7374324,42.2758307],[-83.7374324,42.2758311],[-83.7374328,42.2758311]]],[[[-83.7373895,42.2757997],[-83.7373894,42.2757994],[-83.737389,42.2757994],[-83.737389,42.2757997],[-83.7373895,42.2757997]]],[[[-83.7373894,42.275798],[-83.7373894,42.2757977],[-83.7373889,42.2757977],[-83.7373889,42.275798],[-83.7373894,42.275798]]],[[[-83.7370913,42.2757908],[-83.7370913,42.2757904],[-83.7370908,42.2757904],[-83.7370908,42.2757908],[-83.7370913,42.2757908]]],[[[-83.7369945,42.2757911],[-83.7369945,42.2757907],[-83.736994,42.2757907],[-83.736994,42.2757911],[-83.7369945,42.2757911]]],[[[-83.7372138,42.275787],[-83.7372138,42.2757867],[-83.7372134,42.2757867],[-83.7372134,42.275787],[-83.7372138,42.275787]]],[[[-83.7372102,42.2757871],[-83.7372101,42.2757867],[-83.7372097,42.2757867],[-83.7372097,42.2757871],[-83.7372102,42.2757871]]],[[[-83.7371751,42.2757877],[-83.7371751,42.2757873],[-83.7371747,42.2757873],[-83.7371747,42.2757877],[-83.7371751,42.2757877]]],[[[-83.7371659,42.2757878],[-83.7371659,42.2757875],[-83.7371654,42.2757875],[-83.7371655,42.2757878],[-83.7371659,42.2757878]]],[[[-83.7370913,42.2757891],[-83.7370912,42.2757887],[-83.7370908,42.2757887],[-83.7370908,42.2757891],[-83.7370913,42.2757891]]],[[[-83.7371645,42.2757872],[-83.7371645,42.2757868],[-83.737164,42.2757868],[-83.737164,42.2757872],[-83.7371645,42.2757872]]],[[[-83.7369944,42.2757894],[-83.7369944,42.275789],[-83.736994,42.275789],[-83.736994,42.2757894],[-83.7369944,42.2757894]]],[[[-83.7369852,42.2757895],[-83.7369852,42.2757892],[-83.7369847,42.2757892],[-83.7369847,42.2757895],[-83.7369852,42.2757895]]],[[[-83.7372138,42.2757853],[-83.7372138,42.275785],[-83.7372133,42.275785],[-83.7372133,42.2757853],[-83.7372138,42.2757853]]],[[[-83.7372101,42.2757854],[-83.7372101,42.275785],[-83.7372096,42.275785],[-83.7372096,42.2757854],[-83.7372101,42.2757854]]],[[[-83.7371751,42.275786],[-83.7371751,42.2757856],[-83.7371746,42.2757856],[-83.7371746,42.275786],[-83.7371751,42.275786]]],[[[-83.7370413,42.2757848],[-83.7370413,42.2757845],[-83.7370408,42.2757845],[-83.7370409,42.2757848],[-83.7370413,42.2757848]]],[[[-83.7370349,42.2757849],[-83.7370349,42.2757846],[-83.7370344,42.2757846],[-83.7370344,42.2757849],[-83.7370349,42.2757849]]],[[[-83.7370335,42.2757843],[-83.7370335,42.2757839],[-83.737033,42.2757839],[-83.737033,42.2757843],[-83.7370335,42.2757843]]],[[[-83.7370413,42.2757831],[-83.7370413,42.2757828],[-83.7370408,42.2757828],[-83.7370408,42.2757831],[-83.7370413,42.2757831]]],[[[-83.7370016,42.2757694],[-83.7370016,42.2757691],[-83.7370012,42.2757691],[-83.7370012,42.2757694],[-83.7370016,42.2757694]]],[[[-83.7369952,42.2757695],[-83.7369952,42.2757692],[-83.7369947,42.2757692],[-83.7369947,42.2757696],[-83.7369952,42.2757695]]],[[[-83.7369357,42.2757706],[-83.7369357,42.2757702],[-83.7369353,42.2757702],[-83.7369353,42.2757706],[-83.7369357,42.2757706]]],[[[-83.7369298,42.2757707],[-83.7369297,42.2757703],[-83.7369293,42.2757703],[-83.7369293,42.2757707],[-83.7369298,42.2757707]]],[[[-83.7369283,42.27577],[-83.7369283,42.2757697],[-83.7369279,42.2757697],[-83.7369279,42.27577],[-83.7369283,42.27577]]],[[[-83.7370016,42.2757677],[-83.7370016,42.2757674],[-83.7370011,42.2757674],[-83.7370011,42.2757677],[-83.7370016,42.2757677]]],[[[-83.7369951,42.2757678],[-83.7369951,42.2757675],[-83.7369947,42.2757675],[-83.7369947,42.2757679],[-83.7369951,42.2757678]]],[[[-83.7369357,42.2757689],[-83.7369357,42.2757685],[-83.7369352,42.2757685],[-83.7369352,42.2757689],[-83.7369357,42.2757689]]],[[[-83.737397,42.2757464],[-83.737397,42.275746],[-83.7373966,42.275746],[-83.7373966,42.2757464],[-83.737397,42.2757464]]],[[[-83.7373873,42.2757462],[-83.7373873,42.2757459],[-83.7373869,42.2757459],[-83.7373869,42.2757462],[-83.7373873,42.2757462]]],[[[-83.7371721,42.2757498],[-83.7371721,42.2757495],[-83.7371716,42.2757495],[-83.7371717,42.2757498],[-83.7371721,42.2757498]]],[[[-83.7371629,42.27575],[-83.7371629,42.2757497],[-83.7371624,42.2757497],[-83.7371624,42.27575],[-83.7371629,42.27575]]],[[[-83.7371389,42.2757504],[-83.7371389,42.2757501],[-83.7371385,42.2757501],[-83.7371385,42.2757504],[-83.7371389,42.2757504]]],[[[-83.7371615,42.2757493],[-83.7371615,42.275749],[-83.737161,42.275749],[-83.737161,42.2757493],[-83.7371615,42.2757493]]],[[[-83.737397,42.2757447],[-83.737397,42.2757443],[-83.7373965,42.2757443],[-83.7373965,42.2757447],[-83.737397,42.2757447]]],[[[-83.7371103,42.2757495],[-83.7371103,42.2757492],[-83.7371098,42.2757492],[-83.7371099,42.2757495],[-83.7371103,42.2757495]]],[[[-83.7371721,42.2757481],[-83.7371721,42.2757478],[-83.7371716,42.2757478],[-83.7371716,42.2757481],[-83.7371721,42.2757481]]],[[[-83.7371389,42.2757487],[-83.7371389,42.2757484],[-83.7371384,42.2757484],[-83.7371384,42.2757487],[-83.7371389,42.2757487]]],[[[-83.7374251,42.2757432],[-83.737425,42.2757428],[-83.7374246,42.2757428],[-83.7374246,42.2757432],[-83.7374251,42.2757432]]],[[[-83.7374158,42.2757433],[-83.7374158,42.275743],[-83.7374154,42.275743],[-83.7374154,42.2757433],[-83.7374158,42.2757433]]],[[[-83.7373702,42.2757441],[-83.7373702,42.2757438],[-83.7373697,42.2757438],[-83.7373698,42.2757441],[-83.7373702,42.2757441]]],[[[-83.7373638,42.2757442],[-83.7373637,42.2757439],[-83.7373633,42.2757439],[-83.7373633,42.2757442],[-83.7373638,42.2757442]]],[[[-83.7371103,42.2757478],[-83.7371103,42.2757475],[-83.7371098,42.2757475],[-83.7371098,42.2757478],[-83.7371103,42.2757478]]],[[[-83.737425,42.2757415],[-83.737425,42.2757411],[-83.7374245,42.2757411],[-83.7374245,42.2757415],[-83.737425,42.2757415]]],[[[-83.7374158,42.2757416],[-83.7374158,42.2757413],[-83.7374153,42.2757413],[-83.7374153,42.2757416],[-83.7374158,42.2757416]]],[[[-83.7373702,42.2757424],[-83.7373701,42.275742],[-83.7373697,42.2757421],[-83.7373697,42.2757424],[-83.7373702,42.2757424]]],[[[-83.7373466,42.2757421],[-83.7373462,42.2757421],[-83.7373462,42.2757418],[-83.7373466,42.2757418],[-83.7373466,42.2757421]]],[[[-83.7370999,42.2757422],[-83.7370999,42.2757418],[-83.7370995,42.2757419],[-83.7370995,42.2757422],[-83.7370999,42.2757422]]],[[[-83.7370999,42.2757405],[-83.7370999,42.2757401],[-83.7370994,42.2757401],[-83.7370994,42.2757405],[-83.7370999,42.2757405]]],[[[-83.7369948,42.2757419],[-83.7369948,42.2757416],[-83.7369943,42.2757416],[-83.7369943,42.2757419],[-83.7369948,42.2757419]]],[[[-83.7369888,42.275742],[-83.7369888,42.2757417],[-83.7369883,42.2757417],[-83.7369884,42.275742],[-83.7369888,42.275742]]],[[[-83.7369856,42.2757421],[-83.7369856,42.2757417],[-83.7369851,42.2757417],[-83.7369851,42.2757421],[-83.7369856,42.2757421]]],[[[-83.7369842,42.2757414],[-83.7369842,42.2757411],[-83.7369837,42.2757411],[-83.7369837,42.2757414],[-83.7369842,42.2757414]]],[[[-83.7369947,42.2757402],[-83.7369947,42.2757399],[-83.7369943,42.2757399],[-83.7369943,42.2757402],[-83.7369947,42.2757402]]],[[[-83.7369888,42.2757403],[-83.7369887,42.27574],[-83.7369883,42.27574],[-83.7369883,42.2757403],[-83.7369888,42.2757403]]],[[[-83.7370287,42.2757338],[-83.7370287,42.2757335],[-83.7370282,42.2757335],[-83.7370282,42.2757338],[-83.7370287,42.2757338]]],[[[-83.7370222,42.2757339],[-83.7370222,42.2757336],[-83.7370218,42.2757336],[-83.7370218,42.275734],[-83.7370222,42.2757339]]],[[[-83.7370195,42.275734],[-83.7370194,42.2757337],[-83.737019,42.2757337],[-83.737019,42.275734],[-83.7370195,42.275734]]],[[[-83.7370181,42.2757333],[-83.737018,42.275733],[-83.7370176,42.275733],[-83.7370176,42.2757333],[-83.7370181,42.2757333]]],[[[-83.7370286,42.2757321],[-83.7370286,42.2757318],[-83.7370282,42.2757318],[-83.7370282,42.2757321],[-83.7370286,42.2757321]]],[[[-83.7370222,42.2757322],[-83.7370222,42.2757319],[-83.7370217,42.2757319],[-83.7370217,42.2757323],[-83.7370222,42.2757322]]],[[[-83.7372654,42.2757111],[-83.7372654,42.2757107],[-83.737265,42.2757107],[-83.737265,42.2757111],[-83.7372654,42.2757111]]],[[[-83.7372005,42.2757122],[-83.7372004,42.2757118],[-83.7372,42.2757118],[-83.7372,42.2757122],[-83.7372005,42.2757122]]],[[[-83.7370968,42.2757139],[-83.7370968,42.2757136],[-83.7370963,42.2757136],[-83.7370963,42.2757139],[-83.7370968,42.2757139]]],[[[-83.7370617,42.2757145],[-83.7370617,42.2757142],[-83.7370613,42.2757142],[-83.7370613,42.2757145],[-83.7370617,42.2757145]]],[[[-83.7370585,42.2757146],[-83.7370585,42.2757142],[-83.737058,42.2757142],[-83.7370581,42.2757146],[-83.7370585,42.2757146]]],[[[-83.7370525,42.2757147],[-83.7370525,42.2757143],[-83.737052,42.2757143],[-83.7370521,42.2757147],[-83.7370525,42.2757147]]],[[[-83.7372654,42.2757094],[-83.7372654,42.275709],[-83.7372649,42.275709],[-83.7372649,42.2757094],[-83.7372654,42.2757094]]],[[[-83.7372562,42.2757095],[-83.7372557,42.2757095],[-83.7372557,42.2757092],[-83.7372562,42.2757092],[-83.7372562,42.2757095]]],[[[-83.7372004,42.2757105],[-83.7372004,42.2757101],[-83.7371999,42.2757101],[-83.7371999,42.2757105],[-83.7372004,42.2757105]]],[[[-83.7370967,42.2757122],[-83.7370967,42.2757119],[-83.7370962,42.2757119],[-83.7370963,42.2757122],[-83.7370967,42.2757122]]],[[[-83.7370617,42.2757128],[-83.7370617,42.2757125],[-83.7370612,42.2757125],[-83.7370612,42.2757128],[-83.7370617,42.2757128]]],[[[-83.7370585,42.2757129],[-83.7370584,42.2757125],[-83.737058,42.2757125],[-83.737058,42.2757129],[-83.7370585,42.2757129]]],[[[-83.7370525,42.275713],[-83.7370525,42.2757126],[-83.737052,42.2757126],[-83.737052,42.275713],[-83.7370525,42.275713]]],[[[-83.7369663,42.2757137],[-83.7369663,42.2757134],[-83.7369658,42.2757134],[-83.7369658,42.2757137],[-83.7369663,42.2757137]]],[[[-83.7369598,42.2757138],[-83.7369598,42.2757135],[-83.7369593,42.2757135],[-83.7369593,42.2757139],[-83.7369598,42.2757138]]],[[[-83.7369566,42.2757139],[-83.7369566,42.2757136],[-83.7369561,42.2757136],[-83.7369561,42.2757139],[-83.7369566,42.2757139]]],[[[-83.7369662,42.275712],[-83.7369662,42.2757117],[-83.7369657,42.2757117],[-83.7369657,42.275712],[-83.7369662,42.275712]]],[[[-83.7369598,42.2757121],[-83.7369597,42.2757118],[-83.7369593,42.2757118],[-83.7369593,42.2757122],[-83.7369598,42.2757121]]],[[[-83.7373942,42.2757],[-83.7373942,42.2756997],[-83.7373937,42.2756997],[-83.7373937,42.2757],[-83.7373942,42.2757]]],[[[-83.7373878,42.2757001],[-83.7373873,42.2757001],[-83.7373873,42.2756998],[-83.7373877,42.2756998],[-83.7373878,42.2757001]]],[[[-83.7370315,42.2757062],[-83.7370315,42.2757058],[-83.737031,42.2757058],[-83.737031,42.2757062],[-83.7370315,42.2757062]]],[[[-83.7370255,42.2757063],[-83.7370255,42.2757059],[-83.737025,42.2757059],[-83.7370251,42.2757063],[-83.7370255,42.2757063]]],[[[-83.7370218,42.2757063],[-83.7370218,42.275706],[-83.7370214,42.275706],[-83.7370214,42.2757063],[-83.7370218,42.2757063]]],[[[-83.7373942,42.2756983],[-83.7373941,42.275698],[-83.7373937,42.275698],[-83.7373937,42.2756983],[-83.7373942,42.2756983]]],[[[-83.7370315,42.2757044],[-83.7370314,42.2757041],[-83.737031,42.2757041],[-83.737031,42.2757045],[-83.7370315,42.2757044]]],[[[-83.7370255,42.2757045],[-83.7370255,42.2757042],[-83.737025,42.2757042],[-83.737025,42.2757046],[-83.7370255,42.2757045]]],[[[-83.7371922,42.2756983],[-83.7371922,42.275698],[-83.7371917,42.275698],[-83.7371917,42.2756983],[-83.7371922,42.2756983]]],[[[-83.7371921,42.2756966],[-83.7371921,42.2756963],[-83.7371917,42.2756963],[-83.7371917,42.2756966],[-83.7371921,42.2756966]]],[[[-83.7369919,42.2756928],[-83.7369919,42.2756925],[-83.7369914,42.2756925],[-83.7369914,42.2756928],[-83.7369919,42.2756928]]],[[[-83.7369818,42.275693],[-83.7369817,42.2756927],[-83.7369813,42.2756927],[-83.7369813,42.275693],[-83.7369818,42.275693]]],[[[-83.7369918,42.2756911],[-83.7369918,42.2756908],[-83.7369914,42.2756908],[-83.7369914,42.2756911],[-83.7369918,42.2756911]]],[[[-83.7371984,42.2756764],[-83.737198,42.2756764],[-83.737198,42.275676],[-83.7371984,42.275676],[-83.7371984,42.2756764]]],[[[-83.7371593,42.275677],[-83.7371592,42.2756767],[-83.7371588,42.2756767],[-83.7371588,42.275677],[-83.7371593,42.275677]]],[[[-83.7371307,42.2756775],[-83.7371307,42.2756772],[-83.7371302,42.2756772],[-83.7371302,42.2756775],[-83.7371307,42.2756775]]],[[[-83.7371242,42.2756776],[-83.7371242,42.2756773],[-83.7371238,42.2756773],[-83.7371238,42.2756776],[-83.7371242,42.2756776]]],[[[-83.7371228,42.275677],[-83.7371228,42.2756766],[-83.7371224,42.2756766],[-83.7371224,42.275677],[-83.7371228,42.275677]]],[[[-83.7371984,42.2756747],[-83.7371984,42.2756743],[-83.7371979,42.2756743],[-83.7371979,42.2756747],[-83.7371984,42.2756747]]],[[[-83.7371592,42.2756753],[-83.7371592,42.275675],[-83.7371587,42.275675],[-83.7371587,42.2756753],[-83.7371592,42.2756753]]],[[[-83.73715,42.2756755],[-83.73715,42.2756751],[-83.7371495,42.2756752],[-83.7371495,42.2756755],[-83.73715,42.2756755]]],[[[-83.7371306,42.2756758],[-83.7371306,42.2756755],[-83.7371302,42.2756755],[-83.7371302,42.2756758],[-83.7371306,42.2756758]]],[[[-83.7370324,42.2756754],[-83.7370324,42.2756751],[-83.7370319,42.2756751],[-83.7370319,42.2756754],[-83.7370324,42.2756754]]],[[[-83.7369891,42.2756762],[-83.7369891,42.2756758],[-83.7369886,42.2756758],[-83.7369886,42.2756762],[-83.7369891,42.2756762]]],[[[-83.7369799,42.2756763],[-83.7369798,42.275676],[-83.7369794,42.275676],[-83.7369794,42.2756763],[-83.7369799,42.2756763]]],[[[-83.7370255,42.2756752],[-83.7370255,42.2756749],[-83.737025,42.2756749],[-83.737025,42.2756752],[-83.7370255,42.2756752]]],[[[-83.7369822,42.2756759],[-83.7369821,42.2756756],[-83.7369817,42.2756756],[-83.7369817,42.2756759],[-83.7369822,42.2756759]]],[[[-83.7369785,42.2756757],[-83.7369784,42.2756753],[-83.736978,42.2756753],[-83.736978,42.2756757],[-83.7369785,42.2756757]]],[[[-83.7370323,42.2756737],[-83.7370323,42.2756734],[-83.7370319,42.2756734],[-83.7370319,42.2756737],[-83.7370323,42.2756737]]],[[[-83.736989,42.2756745],[-83.736989,42.2756741],[-83.7369886,42.2756741],[-83.7369886,42.2756745],[-83.736989,42.2756745]]],[[[-83.7371872,42.2756554],[-83.7371872,42.2756551],[-83.7371867,42.2756551],[-83.7371867,42.2756554],[-83.7371872,42.2756554]]],[[[-83.7371839,42.2756555],[-83.7371839,42.2756551],[-83.7371835,42.2756551],[-83.7371835,42.2756555],[-83.7371839,42.2756555]]],[[[-83.7371871,42.2756537],[-83.7371871,42.2756534],[-83.7371867,42.2756534],[-83.7371867,42.2756537],[-83.7371871,42.2756537]]],[[[-83.7371839,42.2756538],[-83.7371839,42.2756534],[-83.7371834,42.2756534],[-83.7371834,42.2756538],[-83.7371839,42.2756538]]],[[[-83.7371779,42.2756539],[-83.7371779,42.2756535],[-83.7371774,42.2756535],[-83.7371774,42.2756539],[-83.7371779,42.2756539]]],[[[-83.7369305,42.2756444],[-83.7369304,42.2756441],[-83.73693,42.2756441],[-83.73693,42.2756444],[-83.7369305,42.2756444]]],[[[-83.7369208,42.2756446],[-83.7369208,42.2756442],[-83.7369203,42.2756442],[-83.7369203,42.2756446],[-83.7369208,42.2756446]]],[[[-83.7369235,42.2756442],[-83.7369235,42.2756438],[-83.7369231,42.2756438],[-83.7369231,42.2756442],[-83.7369235,42.2756442]]],[[[-83.7369304,42.2756427],[-83.7369304,42.2756424],[-83.7369299,42.2756424],[-83.7369299,42.2756427],[-83.7369304,42.2756427]]],[[[-83.7373907,42.2755882],[-83.7373907,42.2755878],[-83.7373903,42.2755878],[-83.7373903,42.2755882],[-83.7373907,42.2755882]]],[[[-83.7371852,42.2755916],[-83.7371852,42.2755913],[-83.7371847,42.2755913],[-83.7371847,42.2755916],[-83.7371852,42.2755916]]],[[[-83.7371787,42.2755914],[-83.7371787,42.2755911],[-83.7371783,42.2755911],[-83.7371783,42.2755914],[-83.7371787,42.2755914]]],[[[-83.7373907,42.2755865],[-83.7373907,42.2755861],[-83.7373902,42.2755861],[-83.7373902,42.2755865],[-83.7373907,42.2755865]]],[[[-83.7373847,42.2755866],[-83.7373847,42.2755862],[-83.7373842,42.2755862],[-83.7373842,42.2755866],[-83.7373847,42.2755866]]],[[[-83.7371851,42.2755899],[-83.7371851,42.2755896],[-83.7371847,42.2755896],[-83.7371847,42.2755899],[-83.7371851,42.2755899]]],[[[-83.7371759,42.2755901],[-83.7371759,42.2755898],[-83.7371755,42.2755898],[-83.7371755,42.2755901],[-83.7371759,42.2755901]]],[[[-83.7369794,42.2755856],[-83.7369793,42.2755852],[-83.7369789,42.2755852],[-83.7369789,42.2755856],[-83.7369794,42.2755856]]],[[[-83.7369793,42.2755839],[-83.7369793,42.2755835],[-83.7369788,42.2755835],[-83.7369788,42.2755839],[-83.7369793,42.2755839]]],[[[-83.7369733,42.275584],[-83.7369733,42.2755836],[-83.7369728,42.2755836],[-83.7369729,42.275584],[-83.7369733,42.275584]]],[[[-83.7371833,42.2755313],[-83.7371833,42.2755309],[-83.7371829,42.2755309],[-83.7371829,42.2755313],[-83.7371833,42.2755313]]],[[[-83.7371801,42.2755313],[-83.7371801,42.275531],[-83.7371796,42.275531],[-83.7371796,42.2755313],[-83.7371801,42.2755313]]],[[[-83.7371833,42.2755296],[-83.7371833,42.2755292],[-83.7371828,42.2755292],[-83.7371828,42.2755296],[-83.7371833,42.2755296]]],[[[-83.7371801,42.2755296],[-83.73718,42.2755293],[-83.7371796,42.2755293],[-83.7371796,42.2755296],[-83.7371801,42.2755296]]],[[[-83.7371827,42.2755122],[-83.7371827,42.2755118],[-83.7371823,42.2755119],[-83.7371823,42.2755122],[-83.7371827,42.2755122]]],[[[-83.7371827,42.2755105],[-83.7371827,42.2755101],[-83.7371822,42.2755101],[-83.7371822,42.2755105],[-83.7371827,42.2755105]]],[[[-83.7371767,42.2755106],[-83.7371767,42.2755102],[-83.7371762,42.2755102],[-83.7371762,42.2755106],[-83.7371767,42.2755106]]],[[[-83.7371735,42.2755106],[-83.7371735,42.2755103],[-83.737173,42.2755103],[-83.737173,42.2755106],[-83.7371735,42.2755106]]],[[[-83.7373881,42.2755036],[-83.7373881,42.2755033],[-83.7373877,42.2755033],[-83.7373877,42.2755036],[-83.7373881,42.2755036]]],[[[-83.736977,42.2755105],[-83.736977,42.2755102],[-83.7369766,42.2755102],[-83.7369766,42.2755106],[-83.736977,42.2755105]]],[[[-83.7369706,42.2755107],[-83.7369706,42.2755103],[-83.7369701,42.2755103],[-83.7369701,42.2755107],[-83.7369706,42.2755107]]],[[[-83.7373817,42.2755034],[-83.7373817,42.275503],[-83.7373812,42.275503],[-83.7373812,42.2755034],[-83.7373817,42.2755034]]],[[[-83.7373881,42.2755019],[-83.7373881,42.2755015],[-83.7373876,42.2755016],[-83.7373876,42.2755019],[-83.7373881,42.2755019]]],[[[-83.736977,42.2755088],[-83.736977,42.2755085],[-83.7369765,42.2755085],[-83.7369765,42.2755088],[-83.736977,42.2755088]]],[[[-83.7371813,42.2754661],[-83.7371813,42.2754658],[-83.7371808,42.2754658],[-83.7371809,42.2754662],[-83.7371813,42.2754661]]],[[[-83.7371781,42.2754662],[-83.7371781,42.2754659],[-83.7371776,42.2754659],[-83.7371776,42.2754662],[-83.7371781,42.2754662]]],[[[-83.7371813,42.2754644],[-83.7371808,42.2754644],[-83.7371808,42.2754641],[-83.7371813,42.2754641],[-83.7371813,42.2754644]]],[[[-83.737178,42.2754645],[-83.737178,42.2754642],[-83.7371776,42.2754642],[-83.7371776,42.2754645],[-83.737178,42.2754645]]],[[[-83.7371707,42.2754646],[-83.7371707,42.2754643],[-83.7371702,42.2754643],[-83.7371702,42.2754646],[-83.7371707,42.2754646]]],[[[-83.7373861,42.2754381],[-83.7373861,42.2754378],[-83.7373856,42.2754378],[-83.7373856,42.2754381],[-83.7373861,42.2754381]]],[[[-83.7373801,42.2754382],[-83.7373801,42.2754379],[-83.7373796,42.2754379],[-83.7373796,42.2754382],[-83.7373801,42.2754382]]],[[[-83.7371806,42.2754416],[-83.7371805,42.2754413],[-83.7371801,42.2754413],[-83.7371801,42.2754416],[-83.7371806,42.2754416]]],[[[-83.7371741,42.2754417],[-83.7371741,42.2754414],[-83.7371736,42.2754414],[-83.7371736,42.2754417],[-83.7371741,42.2754417]]],[[[-83.737386,42.2754364],[-83.737386,42.2754361],[-83.7373856,42.2754361],[-83.7373856,42.2754364],[-83.737386,42.2754364]]],[[[-83.7373801,42.2754365],[-83.73738,42.2754362],[-83.7373796,42.2754362],[-83.7373796,42.2754365],[-83.7373801,42.2754365]]],[[[-83.7371805,42.2754399],[-83.7371805,42.2754395],[-83.73718,42.2754396],[-83.73718,42.2754399],[-83.7371805,42.2754399]]],[[[-83.7371713,42.27544],[-83.7371713,42.2754397],[-83.7371708,42.2754397],[-83.7371708,42.2754401],[-83.7371713,42.27544]]],[[[-83.7369746,42.2754331],[-83.7369742,42.2754331],[-83.7369742,42.2754328],[-83.7369746,42.2754328],[-83.7369746,42.2754331]]],[[[-83.7369746,42.2754314],[-83.7369746,42.2754311],[-83.7369741,42.2754311],[-83.7369741,42.2754314],[-83.7369746,42.2754314]]],[[[-83.7373851,42.2754071],[-83.7373851,42.2754067],[-83.7373847,42.2754068],[-83.7373847,42.2754071],[-83.7373851,42.2754071]]],[[[-83.7373819,42.2754071],[-83.7373819,42.2754068],[-83.7373814,42.2754068],[-83.7373814,42.2754072],[-83.7373819,42.2754071]]],[[[-83.7373851,42.2754054],[-83.7373851,42.275405],[-83.7373846,42.2754051],[-83.7373846,42.2754054],[-83.7373851,42.2754054]]],[[[-83.7373819,42.2754054],[-83.7373818,42.2754051],[-83.7373814,42.2754051],[-83.7373814,42.2754054],[-83.7373819,42.2754054]]],[[[-83.7371792,42.2753969],[-83.7371792,42.2753966],[-83.7371787,42.2753966],[-83.7371787,42.2753969],[-83.7371792,42.2753969]]],[[[-83.7371791,42.2753952],[-83.7371791,42.2753949],[-83.7371786,42.2753949],[-83.7371787,42.2753952],[-83.7371791,42.2753952]]],[[[-83.7371699,42.2753954],[-83.7371694,42.2753954],[-83.7371694,42.275395],[-83.7371699,42.275395],[-83.7371699,42.2753954]]],[[[-83.7373843,42.2753791],[-83.7373843,42.2753788],[-83.7373838,42.2753788],[-83.7373838,42.2753791],[-83.7373843,42.2753791]]],[[[-83.7373783,42.2753792],[-83.7373783,42.2753789],[-83.7373778,42.2753789],[-83.7373778,42.2753792],[-83.7373783,42.2753792]]],[[[-83.73704,42.2753846],[-83.73704,42.2753843],[-83.7370395,42.2753843],[-83.7370395,42.2753846],[-83.73704,42.2753846]]],[[[-83.7370363,42.2753847],[-83.7370363,42.2753843],[-83.7370358,42.2753843],[-83.7370358,42.2753847],[-83.7370363,42.2753847]]],[[[-83.7373769,42.2753786],[-83.7373769,42.2753782],[-83.7373764,42.2753782],[-83.7373764,42.2753786],[-83.7373769,42.2753786]]],[[[-83.7373842,42.2753774],[-83.7373842,42.2753771],[-83.7373837,42.2753771],[-83.7373838,42.2753774],[-83.7373842,42.2753774]]],[[[-83.7370399,42.2753829],[-83.7370399,42.2753826],[-83.7370395,42.2753826],[-83.7370395,42.2753829],[-83.7370399,42.2753829]]],[[[-83.7370363,42.275383],[-83.7370362,42.2753826],[-83.7370358,42.2753826],[-83.7370358,42.275383],[-83.7370363,42.275383]]],[[[-83.7373288,42.275361],[-83.7373288,42.2753606],[-83.7373284,42.2753606],[-83.7373284,42.275361],[-83.7373288,42.275361]]],[[[-83.7370284,42.275366],[-83.7370283,42.2753657],[-83.7370279,42.2753657],[-83.7370279,42.275366],[-83.7370284,42.275366]]],[[[-83.7370209,42.2753645],[-83.7370209,42.2753641],[-83.7370205,42.2753641],[-83.7370205,42.2753645],[-83.7370209,42.2753645]]],[[[-83.7369303,42.2753571],[-83.7369303,42.2753568],[-83.7369298,42.2753568],[-83.7369299,42.2753571],[-83.7369303,42.2753571]]],[[[-83.7369243,42.2753572],[-83.7369243,42.2753569],[-83.7369239,42.2753569],[-83.7369239,42.2753572],[-83.7369243,42.2753572]]],[[[-83.7373754,42.2753465],[-83.7373754,42.2753462],[-83.737375,42.2753462],[-83.737375,42.2753465],[-83.7373754,42.2753465]]],[[[-83.7373169,42.2753475],[-83.7373169,42.2753472],[-83.7373164,42.2753472],[-83.7373164,42.2753475],[-83.7373169,42.2753475]]],[[[-83.7373132,42.2753476],[-83.7373132,42.2753472],[-83.7373127,42.2753472],[-83.7373127,42.2753476],[-83.7373132,42.2753476]]],[[[-83.737039,42.2753522],[-83.737039,42.2753519],[-83.7370385,42.2753519],[-83.7370385,42.2753522],[-83.737039,42.2753522]]],[[[-83.7370353,42.2753523],[-83.7370353,42.2753519],[-83.7370348,42.2753519],[-83.7370348,42.2753523],[-83.7370353,42.2753523]]],[[[-83.7370293,42.2753524],[-83.7370293,42.275352],[-83.7370288,42.275352],[-83.7370289,42.2753524],[-83.7370293,42.2753524]]],[[[-83.7369795,42.2753532],[-83.7369795,42.2753529],[-83.7369791,42.2753529],[-83.7369791,42.2753532],[-83.7369795,42.2753532]]],[[[-83.7369699,42.275353],[-83.7369698,42.2753527],[-83.7369694,42.2753527],[-83.7369694,42.275353],[-83.7369699,42.275353]]],[[[-83.7369261,42.2753534],[-83.736926,42.2753531],[-83.7369256,42.2753531],[-83.7369256,42.2753534],[-83.7369261,42.2753534]]],[[[-83.7373754,42.2753448],[-83.7373754,42.2753445],[-83.7373749,42.2753445],[-83.7373749,42.2753448],[-83.7373754,42.2753448]]],[[[-83.7373168,42.2753458],[-83.7373168,42.2753455],[-83.7373164,42.2753455],[-83.7373164,42.2753458],[-83.7373168,42.2753458]]],[[[-83.7373132,42.2753459],[-83.7373131,42.2753455],[-83.7373127,42.2753455],[-83.7373127,42.2753459],[-83.7373132,42.2753459]]],[[[-83.7373072,42.275346],[-83.7373072,42.2753456],[-83.7373067,42.2753456],[-83.7373067,42.275346],[-83.7373072,42.275346]]],[[[-83.7370389,42.2753505],[-83.7370389,42.2753502],[-83.7370385,42.2753502],[-83.7370385,42.2753505],[-83.7370389,42.2753505]]],[[[-83.7370353,42.2753506],[-83.7370352,42.2753502],[-83.7370348,42.2753502],[-83.7370348,42.2753506],[-83.7370353,42.2753506]]],[[[-83.7370293,42.2753507],[-83.7370293,42.2753503],[-83.7370288,42.2753503],[-83.7370288,42.2753507],[-83.7370293,42.2753507]]],[[[-83.7369795,42.2753515],[-83.7369795,42.2753512],[-83.736979,42.2753512],[-83.736979,42.2753515],[-83.7369795,42.2753515]]],[[[-83.7373595,42.2753383],[-83.7373595,42.2753379],[-83.737359,42.2753379],[-83.737359,42.2753383],[-83.7373595,42.2753383]]],[[[-83.7369862,42.2753446],[-83.7369862,42.2753442],[-83.7369857,42.2753442],[-83.7369857,42.2753446],[-83.7369862,42.2753446]]],[[[-83.7373594,42.2753366],[-83.7373594,42.2753362],[-83.737359,42.2753362],[-83.737359,42.2753366],[-83.7373594,42.2753366]]],[[[-83.7369861,42.2753429],[-83.7369861,42.2753425],[-83.7369857,42.2753425],[-83.7369857,42.2753429],[-83.7369861,42.2753429]]],[[[-83.7373062,42.2753296],[-83.7373062,42.2753293],[-83.7373057,42.2753293],[-83.7373057,42.2753296],[-83.7373062,42.2753296]]],[[[-83.7371772,42.2753318],[-83.7371771,42.2753314],[-83.7371767,42.2753315],[-83.7371767,42.2753318],[-83.7371772,42.2753318]]],[[[-83.7370384,42.2753341],[-83.7370384,42.2753338],[-83.737038,42.2753338],[-83.737038,42.2753341],[-83.7370384,42.2753341]]],[[[-83.7370292,42.2753343],[-83.7370292,42.2753339],[-83.7370287,42.275334],[-83.7370288,42.2753343],[-83.7370292,42.2753343]]],[[[-83.7370278,42.2753336],[-83.7370278,42.2753333],[-83.7370273,42.2753333],[-83.7370274,42.2753336],[-83.7370278,42.2753336]]],[[[-83.7371771,42.2753301],[-83.7371771,42.2753297],[-83.7371766,42.2753297],[-83.7371766,42.2753301],[-83.7371771,42.2753301]]],[[[-83.7370384,42.2753324],[-83.7370384,42.2753321],[-83.7370379,42.2753321],[-83.7370379,42.2753324],[-83.7370384,42.2753324]]],[[[-83.737031,42.2753326],[-83.737031,42.2753322],[-83.7370305,42.2753322],[-83.7370305,42.2753326],[-83.737031,42.2753326]]],[[[-83.7370167,42.2753314],[-83.7370167,42.2753311],[-83.7370162,42.2753311],[-83.7370162,42.2753314],[-83.7370167,42.2753314]]],[[[-83.7373374,42.2753257],[-83.7373374,42.2753253],[-83.737337,42.2753253],[-83.737337,42.2753257],[-83.7373374,42.2753257]]],[[[-83.7370166,42.2753297],[-83.7370166,42.2753294],[-83.7370162,42.2753294],[-83.7370162,42.2753297],[-83.7370166,42.2753297]]],[[[-83.7370092,42.2753298],[-83.7370092,42.2753295],[-83.7370088,42.2753295],[-83.7370088,42.2753299],[-83.7370092,42.2753298]]],[[[-83.7373374,42.275324],[-83.7373374,42.2753236],[-83.7373369,42.2753236],[-83.7373369,42.275324],[-83.7373374,42.275324]]],[[[-83.7370193,42.2753123],[-83.7370193,42.2753119],[-83.7370188,42.2753119],[-83.7370189,42.2753123],[-83.7370193,42.2753123]]],[[[-83.7370092,42.2753121],[-83.7370092,42.2753118],[-83.7370087,42.2753118],[-83.7370087,42.2753121],[-83.7370092,42.2753121]]],[[[-83.7370193,42.2753106],[-83.7370192,42.2753102],[-83.7370188,42.2753102],[-83.7370188,42.2753106],[-83.7370193,42.2753106]]],[[[-83.737334,42.2753042],[-83.737334,42.2753039],[-83.7373335,42.2753039],[-83.7373335,42.2753042],[-83.737334,42.2753042]]],[[[-83.7373339,42.2753025],[-83.7373339,42.2753022],[-83.7373335,42.2753022],[-83.7373335,42.2753025],[-83.7373339,42.2753025]]],[[[-83.7376159,42.2761586],[-83.7376159,42.2761579],[-83.7376154,42.2761579],[-83.7376154,42.2761586],[-83.7376159,42.2761586]]],[[[-83.7371754,42.2759736],[-83.7371753,42.2759729],[-83.7371749,42.2759729],[-83.7371749,42.2759736],[-83.7371754,42.2759736]]],[[[-83.7371694,42.2759737],[-83.7371693,42.275973],[-83.7371689,42.275973],[-83.7371689,42.2759737],[-83.7371694,42.2759737]]],[[[-83.7371302,42.2759744],[-83.7371302,42.2759737],[-83.7371297,42.2759737],[-83.7371297,42.2759744],[-83.7371302,42.2759744]]],[[[-83.7371237,42.2759745],[-83.7371237,42.2759738],[-83.7371233,42.2759738],[-83.7371233,42.2759745],[-83.7371237,42.2759745]]],[[[-83.7371177,42.2759746],[-83.7371177,42.2759739],[-83.7371173,42.2759739],[-83.7371173,42.2759746],[-83.7371177,42.2759746]]],[[[-83.7371763,42.2759729],[-83.7371762,42.2759726],[-83.7371753,42.2759726],[-83.7371753,42.2759729],[-83.7371763,42.2759729]]],[[[-83.7371311,42.2759737],[-83.7371311,42.2759733],[-83.7371302,42.2759733],[-83.7371302,42.2759737],[-83.7371311,42.2759737]]],[[[-83.7373273,42.2759512],[-83.7373273,42.2759506],[-83.7373268,42.2759506],[-83.7373268,42.2759512],[-83.7373273,42.2759512]]],[[[-83.7373231,42.2759513],[-83.7373231,42.2759506],[-83.7373227,42.2759506],[-83.7373227,42.2759513],[-83.7373231,42.2759513]]],[[[-83.7373213,42.2759513],[-83.7373213,42.2759507],[-83.7373208,42.2759507],[-83.7373208,42.2759514],[-83.7373213,42.2759513]]],[[[-83.7373282,42.2759505],[-83.7373282,42.2759502],[-83.7373273,42.2759502],[-83.7373273,42.2759506],[-83.7373282,42.2759505]]],[[[-83.7373917,42.2759317],[-83.7373917,42.275931],[-83.7373912,42.2759311],[-83.7373912,42.2759317],[-83.7373917,42.2759317]]],[[[-83.7373843,42.2759318],[-83.7373843,42.2759312],[-83.7373838,42.2759312],[-83.7373839,42.2759319],[-83.7373843,42.2759318]]],[[[-83.7373825,42.2759319],[-83.7373825,42.2759312],[-83.737382,42.2759312],[-83.737382,42.2759319],[-83.7373825,42.2759319]]],[[[-83.7370866,42.2759369],[-83.7370866,42.2759362],[-83.7370861,42.2759362],[-83.7370861,42.2759369],[-83.7370866,42.2759369]]],[[[-83.7370806,42.275937],[-83.7370806,42.2759363],[-83.7370801,42.2759363],[-83.7370802,42.275937],[-83.7370806,42.275937]]],[[[-83.7373857,42.2759315],[-83.7373857,42.2759308],[-83.7373852,42.2759308],[-83.7373852,42.2759315],[-83.7373857,42.2759315]]],[[[-83.7373926,42.275931],[-83.7373926,42.2759307],[-83.7373917,42.2759307],[-83.7373917,42.275931],[-83.7373926,42.275931]]],[[[-83.7370875,42.2759362],[-83.7370875,42.2759359],[-83.7370866,42.2759359],[-83.7370866,42.2759362],[-83.7370875,42.2759362]]],[[[-83.7373861,42.2759308],[-83.7373861,42.2759301],[-83.7373857,42.2759301],[-83.7373857,42.2759308],[-83.7373861,42.2759308]]],[[[-83.7373866,42.2759301],[-83.7373866,42.2759294],[-83.7373861,42.2759294],[-83.7373861,42.2759301],[-83.7373866,42.2759301]]],[[[-83.7372292,42.2759246],[-83.7372291,42.2759239],[-83.7372287,42.2759239],[-83.7372287,42.2759246],[-83.7372292,42.2759246]]],[[[-83.7372287,42.2759239],[-83.7372287,42.2759232],[-83.7372282,42.2759232],[-83.7372282,42.2759239],[-83.7372287,42.2759239]]],[[[-83.7372405,42.2759172],[-83.7372404,42.2759165],[-83.73724,42.2759166],[-83.73724,42.2759172],[-83.7372405,42.2759172]]],[[[-83.7372284,42.2759157],[-83.7372284,42.275915],[-83.737228,42.2759151],[-83.737228,42.2759157],[-83.7372284,42.2759157]]],[[[-83.7372266,42.2759158],[-83.7372266,42.2759151],[-83.7372261,42.2759151],[-83.7372261,42.2759158],[-83.7372266,42.2759158]]],[[[-83.7370943,42.275916],[-83.7370942,42.2759156],[-83.7370933,42.2759156],[-83.7370933,42.275916],[-83.7370943,42.275916]]],[[[-83.737092,42.275916],[-83.7370919,42.2759156],[-83.737091,42.2759157],[-83.737091,42.275916],[-83.737092,42.275916]]],[[[-83.7370869,42.2759161],[-83.7370869,42.2759157],[-83.737086,42.2759158],[-83.737086,42.2759161],[-83.7370869,42.2759161]]],[[[-83.7370846,42.2759161],[-83.7370846,42.2759158],[-83.7370836,42.2759158],[-83.7370837,42.2759161],[-83.7370846,42.2759161]]],[[[-83.7370795,42.2759162],[-83.7370795,42.2759159],[-83.7370786,42.2759159],[-83.7370786,42.2759162],[-83.7370795,42.2759162]]],[[[-83.7370772,42.2759162],[-83.7370772,42.2759159],[-83.7370763,42.2759159],[-83.7370763,42.2759163],[-83.7370772,42.2759162]]],[[[-83.7370721,42.2759163],[-83.7370721,42.275916],[-83.7370712,42.275916],[-83.7370712,42.2759163],[-83.7370721,42.2759163]]],[[[-83.7370698,42.2759164],[-83.7370698,42.275916],[-83.7370689,42.275916],[-83.7370689,42.2759164],[-83.7370698,42.2759164]]],[[[-83.7370648,42.2759165],[-83.7370648,42.2759161],[-83.7370638,42.2759161],[-83.7370638,42.2759165],[-83.7370648,42.2759165]]],[[[-83.7376683,42.2759014],[-83.7376683,42.2759008],[-83.7376678,42.2759008],[-83.7376679,42.2759015],[-83.7376683,42.2759014]]],[[[-83.7376,42.2758992],[-83.7376,42.2758985],[-83.7375995,42.2758985],[-83.7375996,42.2758992],[-83.7376,42.2758992]]],[[[-83.7375991,42.2758992],[-83.7375991,42.2758985],[-83.7375986,42.2758985],[-83.7375986,42.2758992],[-83.7375991,42.2758992]]],[[[-83.7376595,42.2758978],[-83.7376594,42.2758972],[-83.737659,42.2758972],[-83.737659,42.2758979],[-83.7376595,42.2758978]]],[[[-83.7376576,42.2758979],[-83.7376576,42.2758972],[-83.7376571,42.2758972],[-83.7376572,42.2758979],[-83.7376576,42.2758979]]],[[[-83.7375995,42.2758985],[-83.7375995,42.2758978],[-83.7375991,42.2758978],[-83.7375991,42.2758985],[-83.7375995,42.2758985]]],[[[-83.7373475,42.2759028],[-83.7373474,42.2759021],[-83.737347,42.2759021],[-83.737347,42.2759028],[-83.7373475,42.2759028]]],[[[-83.7373401,42.2759029],[-83.7373401,42.2759022],[-83.7373396,42.2759022],[-83.7373396,42.2759029],[-83.7373401,42.2759029]]],[[[-83.7373382,42.2759029],[-83.7373382,42.2759023],[-83.7373378,42.2759023],[-83.7373378,42.275903],[-83.7373382,42.2759029]]],[[[-83.7373484,42.2759021],[-83.7373483,42.2759018],[-83.7373474,42.2759018],[-83.7373474,42.2759021],[-83.7373484,42.2759021]]],[[[-83.7375423,42.2758964],[-83.7375423,42.2758957],[-83.7375418,42.2758957],[-83.7375418,42.2758964],[-83.7375423,42.2758964]]],[[[-83.7375359,42.2758965],[-83.7375358,42.2758958],[-83.7375354,42.2758959],[-83.7375354,42.2758965],[-83.7375359,42.2758965]]],[[[-83.7375432,42.2758957],[-83.7375432,42.2758954],[-83.7375423,42.2758954],[-83.7375423,42.2758957],[-83.7375432,42.2758957]]],[[[-83.7373709,42.2758867],[-83.7373709,42.275886],[-83.7373705,42.275886],[-83.7373705,42.2758867],[-83.7373709,42.2758867]]],[[[-83.7370953,42.275891],[-83.7370953,42.2758903],[-83.7370948,42.2758904],[-83.7370949,42.275891],[-83.7370953,42.275891]]],[[[-83.7370857,42.2758912],[-83.7370856,42.2758905],[-83.7370852,42.2758905],[-83.7370852,42.2758912],[-83.7370857,42.2758912]]],[[[-83.7370377,42.275892],[-83.7370377,42.2758913],[-83.7370372,42.2758913],[-83.7370373,42.275892],[-83.7370377,42.275892]]],[[[-83.7370313,42.2758921],[-83.7370312,42.2758914],[-83.7370308,42.2758914],[-83.7370308,42.2758921],[-83.7370313,42.2758921]]],[[[-83.7373718,42.275886],[-83.7373718,42.2758857],[-83.7373709,42.2758857],[-83.7373709,42.275886],[-83.7373718,42.275886]]],[[[-83.7370962,42.2758903],[-83.7370962,42.27589],[-83.7370953,42.27589],[-83.7370953,42.2758903],[-83.7370962,42.2758903]]],[[[-83.7370866,42.2758905],[-83.7370865,42.2758902],[-83.7370856,42.2758902],[-83.7370856,42.2758905],[-83.7370866,42.2758905]]],[[[-83.7370386,42.2758913],[-83.7370386,42.275891],[-83.7370377,42.275891],[-83.7370377,42.2758913],[-83.7370386,42.2758913]]],[[[-83.7373686,42.275885],[-83.7373686,42.2758844],[-83.7373681,42.2758844],[-83.7373681,42.275885],[-83.7373686,42.275885]]],[[[-83.737093,42.2758894],[-83.737093,42.2758887],[-83.7370925,42.2758887],[-83.7370925,42.2758894],[-83.737093,42.2758894]]],[[[-83.7373113,42.2758809],[-83.7373113,42.2758805],[-83.7373103,42.2758806],[-83.7373104,42.2758809],[-83.7373113,42.2758809]]],[[[-83.737309,42.2758809],[-83.737309,42.2758806],[-83.737308,42.2758806],[-83.7373081,42.2758809],[-83.737309,42.2758809]]],[[[-83.7372942,42.2758812],[-83.7372942,42.2758808],[-83.7372933,42.2758808],[-83.7372933,42.2758812],[-83.7372942,42.2758812]]],[[[-83.7372892,42.2758813],[-83.7372891,42.2758809],[-83.7372882,42.2758809],[-83.7372882,42.2758813],[-83.7372892,42.2758813]]],[[[-83.7372869,42.2758813],[-83.7372868,42.275881],[-83.7372859,42.275881],[-83.7372859,42.2758813],[-83.7372869,42.2758813]]],[[[-83.7373968,42.2758719],[-83.7373967,42.2758712],[-83.7373963,42.2758713],[-83.7373963,42.2758719],[-83.7373968,42.2758719]]],[[[-83.7373963,42.2758713],[-83.7373963,42.2758706],[-83.7373958,42.2758706],[-83.7373958,42.2758713],[-83.7373963,42.2758713]]],[[[-83.7374034,42.2758636],[-83.7374034,42.2758629],[-83.7374029,42.275863],[-83.737403,42.2758636],[-83.7374034,42.2758636]]],[[[-83.737402,42.2758637],[-83.737402,42.275863],[-83.7374016,42.275863],[-83.7374016,42.2758637],[-83.737402,42.2758637]]],[[[-83.7374043,42.2758629],[-83.7374043,42.2758626],[-83.7374034,42.2758626],[-83.7374034,42.2758629],[-83.7374043,42.2758629]]],[[[-83.7371019,42.2758636],[-83.7371018,42.2758629],[-83.7371014,42.2758629],[-83.7371014,42.2758636],[-83.7371019,42.2758636]]],[[[-83.7370959,42.2758637],[-83.7370958,42.275863],[-83.7370954,42.275863],[-83.7370954,42.2758637],[-83.7370959,42.2758637]]],[[[-83.7371028,42.2758629],[-83.7371028,42.2758626],[-83.7371018,42.2758626],[-83.7371018,42.2758629],[-83.7371028,42.2758629]]],[[[-83.7372134,42.2758457],[-83.7372133,42.275845],[-83.7372129,42.275845],[-83.7372129,42.2758457],[-83.7372134,42.2758457]]],[[[-83.7372143,42.275845],[-83.7372142,42.2758447],[-83.7372133,42.2758447],[-83.7372133,42.275845],[-83.7372143,42.275845]]],[[[-83.7374417,42.2758326],[-83.7374416,42.2758319],[-83.7374412,42.2758319],[-83.7374412,42.2758326],[-83.7374417,42.2758326]]],[[[-83.7374426,42.2758319],[-83.7374425,42.2758316],[-83.7374416,42.2758316],[-83.7374416,42.2758319],[-83.7374426,42.2758319]]],[[[-83.7374338,42.2758307],[-83.7374337,42.2758304],[-83.7374328,42.2758304],[-83.7374328,42.2758307],[-83.7374338,42.2758307]]],[[[-83.737418,42.2758269],[-83.737418,42.2758265],[-83.737417,42.2758266],[-83.737417,42.2758269],[-83.737418,42.2758269]]],[[[-83.7374129,42.275827],[-83.7374129,42.2758266],[-83.737412,42.2758266],[-83.737412,42.275827],[-83.7374129,42.275827]]],[[[-83.7374106,42.275827],[-83.7374106,42.2758267],[-83.7374097,42.2758267],[-83.7374097,42.275827],[-83.7374106,42.275827]]],[[[-83.7374055,42.2758271],[-83.7374055,42.2758267],[-83.7374046,42.2758268],[-83.7374046,42.2758271],[-83.7374055,42.2758271]]],[[[-83.7374032,42.2758271],[-83.7374032,42.2758268],[-83.7374023,42.2758268],[-83.7374023,42.2758271],[-83.7374032,42.2758271]]],[[[-83.7373981,42.2758272],[-83.7373981,42.2758269],[-83.7373972,42.2758269],[-83.7373972,42.2758272],[-83.7373981,42.2758272]]],[[[-83.7373958,42.2758273],[-83.7373958,42.2758269],[-83.7373949,42.2758269],[-83.7373949,42.2758273],[-83.7373958,42.2758273]]],[[[-83.7373908,42.2758273],[-83.7373908,42.275827],[-83.7373898,42.275827],[-83.7373898,42.2758274],[-83.7373908,42.2758273]]],[[[-83.7373885,42.2758274],[-83.7373885,42.275827],[-83.7373875,42.2758271],[-83.7373875,42.2758274],[-83.7373885,42.2758274]]],[[[-83.7373834,42.2758275],[-83.7373834,42.2758271],[-83.7373825,42.2758271],[-83.7373825,42.2758275],[-83.7373834,42.2758275]]],[[[-83.7373811,42.2758275],[-83.7373811,42.2758272],[-83.7373802,42.2758272],[-83.7373802,42.2758275],[-83.7373811,42.2758275]]],[[[-83.737376,42.2758276],[-83.737376,42.2758272],[-83.7373751,42.2758273],[-83.7373751,42.2758276],[-83.737376,42.2758276]]],[[[-83.7373737,42.2758276],[-83.7373737,42.2758273],[-83.7373728,42.2758273],[-83.7373728,42.2758276],[-83.7373737,42.2758276]]],[[[-83.7373687,42.2758277],[-83.7373686,42.2758274],[-83.7373677,42.2758274],[-83.7373677,42.2758277],[-83.7373687,42.2758277]]],[[[-83.7373663,42.2758278],[-83.7373663,42.2758274],[-83.7373654,42.2758274],[-83.7373654,42.2758278],[-83.7373663,42.2758278]]],[[[-83.7371946,42.2758214],[-83.7371946,42.2758211],[-83.7371937,42.2758211],[-83.7371937,42.2758215],[-83.7371946,42.2758214]]],[[[-83.7371799,42.2758217],[-83.7371799,42.2758214],[-83.7371789,42.2758214],[-83.737179,42.2758217],[-83.7371799,42.2758217]]],[[[-83.7371725,42.2758215],[-83.7371725,42.2758211],[-83.7371716,42.2758212],[-83.7371716,42.2758215],[-83.7371725,42.2758215]]],[[[-83.7371651,42.2758209],[-83.7371651,42.2758206],[-83.7371642,42.2758206],[-83.7371642,42.2758209],[-83.7371651,42.2758209]]],[[[-83.7371507,42.2758191],[-83.7371507,42.2758188],[-83.7371498,42.2758188],[-83.7371498,42.2758191],[-83.7371507,42.2758191]]],[[[-83.7373442,42.2758128],[-83.7373442,42.2758121],[-83.7373437,42.2758121],[-83.7373438,42.2758128],[-83.7373442,42.2758128]]],[[[-83.737323,42.2758131],[-83.737323,42.2758124],[-83.7373225,42.2758125],[-83.7373226,42.2758131],[-83.737323,42.2758131]]],[[[-83.7373442,42.2758111],[-83.7373441,42.2758104],[-83.7373437,42.2758104],[-83.7373437,42.2758111],[-83.7373442,42.2758111]]],[[[-83.737323,42.2758114],[-83.7373229,42.2758107],[-83.7373225,42.2758108],[-83.7373225,42.2758114],[-83.737323,42.2758114]]],[[[-83.737344,42.2758073],[-83.737344,42.2758066],[-83.7373436,42.2758066],[-83.7373436,42.2758073],[-83.737344,42.2758073]]],[[[-83.7373228,42.2758077],[-83.7373228,42.275807],[-83.7373224,42.275807],[-83.7373224,42.2758077],[-83.7373228,42.2758077]]],[[[-83.737344,42.2758056],[-83.737344,42.2758049],[-83.7373435,42.2758049],[-83.7373435,42.2758056],[-83.737344,42.2758056]]],[[[-83.7373228,42.275806],[-83.7373228,42.2758053],[-83.7373223,42.2758053],[-83.7373223,42.275806],[-83.7373228,42.275806]]],[[[-83.7371038,42.2758076],[-83.7371038,42.2758073],[-83.7371029,42.2758073],[-83.7371029,42.2758076],[-83.7371038,42.2758076]]],[[[-83.7371015,42.2758077],[-83.7371015,42.2758073],[-83.7371006,42.2758073],[-83.7371006,42.2758077],[-83.7371015,42.2758077]]],[[[-83.7370964,42.2758078],[-83.7370964,42.2758074],[-83.7370955,42.2758074],[-83.7370955,42.2758078],[-83.7370964,42.2758078]]],[[[-83.7370941,42.2758078],[-83.7370941,42.2758075],[-83.7370932,42.2758075],[-83.7370932,42.2758078],[-83.7370941,42.2758078]]],[[[-83.7370891,42.2758079],[-83.7370891,42.2758075],[-83.7370881,42.2758076],[-83.7370881,42.2758079],[-83.7370891,42.2758079]]],[[[-83.7370868,42.2758079],[-83.7370868,42.2758076],[-83.7370858,42.2758076],[-83.7370858,42.2758079],[-83.7370868,42.2758079]]],[[[-83.7370817,42.275808],[-83.7370817,42.2758077],[-83.7370808,42.2758077],[-83.7370808,42.275808],[-83.7370817,42.275808]]],[[[-83.7370794,42.275808],[-83.7370794,42.2758077],[-83.7370785,42.2758077],[-83.7370785,42.2758081],[-83.7370794,42.275808]]],[[[-83.7370743,42.2758081],[-83.7370743,42.2758078],[-83.7370734,42.2758078],[-83.7370734,42.2758081],[-83.7370743,42.2758081]]],[[[-83.737072,42.2758082],[-83.737072,42.2758078],[-83.7370711,42.2758078],[-83.7370711,42.2758082],[-83.737072,42.2758082]]],[[[-83.7370669,42.2758083],[-83.7370669,42.2758079],[-83.737066,42.2758079],[-83.737066,42.2758083],[-83.7370669,42.2758083]]],[[[-83.7370646,42.2758083],[-83.7370646,42.275808],[-83.7370637,42.275808],[-83.7370637,42.2758083],[-83.7370646,42.2758083]]],[[[-83.7370596,42.2758084],[-83.7370596,42.275808],[-83.7370586,42.2758081],[-83.7370587,42.2758084],[-83.7370596,42.2758084]]],[[[-83.7370573,42.2758084],[-83.7370573,42.2758081],[-83.7370563,42.2758081],[-83.7370563,42.2758084],[-83.7370573,42.2758084]]],[[[-83.7370522,42.2758085],[-83.7370522,42.2758082],[-83.7370513,42.2758082],[-83.7370513,42.2758085],[-83.7370522,42.2758085]]],[[[-83.7373439,42.2758025],[-83.7373439,42.2758019],[-83.7373434,42.2758019],[-83.7373434,42.2758025],[-83.7373439,42.2758025]]],[[[-83.7373876,42.2757998],[-83.7373876,42.2757991],[-83.7373871,42.2757991],[-83.7373872,42.2757998],[-83.7373876,42.2757998]]],[[[-83.7373816,42.2757995],[-83.7373816,42.2757988],[-83.7373811,42.2757988],[-83.7373811,42.2757995],[-83.7373816,42.2757995]]],[[[-83.7373885,42.2757991],[-83.7373885,42.2757987],[-83.7373876,42.2757987],[-83.7373876,42.2757991],[-83.7373885,42.2757991]]],[[[-83.7373821,42.2757988],[-83.737382,42.2757981],[-83.7373816,42.2757982],[-83.7373816,42.2757988],[-83.7373821,42.2757988]]],[[[-83.7373825,42.2757981],[-83.7373825,42.2757975],[-83.737382,42.2757975],[-83.737382,42.2757981],[-83.7373825,42.2757981]]],[[[-83.7373433,42.2757971],[-83.7373432,42.2757964],[-83.7373428,42.2757964],[-83.7373428,42.2757971],[-83.7373433,42.2757971]]],[[[-83.7373225,42.2757951],[-83.7373224,42.2757944],[-83.737322,42.2757944],[-83.737322,42.2757951],[-83.7373225,42.2757951]]],[[[-83.7373223,42.2757913],[-83.7373223,42.2757906],[-83.7373219,42.2757906],[-83.7373219,42.2757913],[-83.7373223,42.2757913]]],[[[-83.7373223,42.2757896],[-83.7373223,42.2757889],[-83.7373218,42.2757889],[-83.7373218,42.2757896],[-83.7373223,42.2757896]]],[[[-83.7370895,42.2757908],[-83.7370894,42.2757901],[-83.737089,42.2757901],[-83.737089,42.2757908],[-83.7370895,42.2757908]]],[[[-83.7370821,42.2757909],[-83.7370821,42.2757903],[-83.7370816,42.2757903],[-83.7370816,42.2757909],[-83.7370821,42.2757909]]],[[[-83.7370802,42.275791],[-83.7370802,42.2757903],[-83.7370798,42.2757903],[-83.7370798,42.275791],[-83.7370802,42.275791]]],[[[-83.7370904,42.2757901],[-83.7370904,42.2757898],[-83.7370894,42.2757898],[-83.7370894,42.2757901],[-83.7370904,42.2757901]]],[[[-83.7373222,42.2757858],[-83.7373221,42.2757852],[-83.7373217,42.2757852],[-83.7373217,42.2757859],[-83.7373222,42.2757858]]],[[[-83.7369926,42.2757911],[-83.7369926,42.2757904],[-83.7369922,42.2757904],[-83.7369922,42.2757911],[-83.7369926,42.2757911]]],[[[-83.737212,42.275787],[-83.737212,42.2757864],[-83.7372115,42.2757864],[-83.7372115,42.275787],[-83.737212,42.275787]]],[[[-83.7371733,42.2757877],[-83.7371733,42.275787],[-83.7371728,42.275787],[-83.7371728,42.2757877],[-83.7371733,42.2757877]]],[[[-83.7371641,42.2757878],[-83.737164,42.2757872],[-83.7371636,42.2757872],[-83.7371636,42.2757879],[-83.7371641,42.2757878]]],[[[-83.7369935,42.2757904],[-83.7369935,42.27579],[-83.7369926,42.2757901],[-83.7369926,42.2757904],[-83.7369935,42.2757904]]],[[[-83.7372129,42.2757863],[-83.7372129,42.275786],[-83.737212,42.275786],[-83.737212,42.2757864],[-83.7372129,42.2757863]]],[[[-83.7371742,42.275787],[-83.7371742,42.2757866],[-83.7371733,42.2757867],[-83.7371733,42.275787],[-83.7371742,42.275787]]],[[[-83.7373221,42.2757841],[-83.7373221,42.2757835],[-83.7373216,42.2757835],[-83.7373217,42.2757842],[-83.7373221,42.2757841]]],[[[-83.7369907,42.2757894],[-83.7369907,42.2757887],[-83.7369903,42.2757887],[-83.7369903,42.2757894],[-83.7369907,42.2757894]]],[[[-83.7371714,42.275786],[-83.7371714,42.2757853],[-83.7371709,42.2757853],[-83.7371709,42.275786],[-83.7371714,42.275786]]],[[[-83.737322,42.2757804],[-83.737322,42.2757797],[-83.7373215,42.2757797],[-83.7373215,42.2757804],[-83.737322,42.2757804]]],[[[-83.7370395,42.2757848],[-83.7370395,42.2757842],[-83.737039,42.2757842],[-83.737039,42.2757848],[-83.7370395,42.2757848]]],[[[-83.737033,42.2757849],[-83.737033,42.2757843],[-83.7370325,42.2757843],[-83.7370326,42.275785],[-83.737033,42.2757849]]],[[[-83.7370321,42.275785],[-83.7370321,42.2757843],[-83.7370316,42.2757843],[-83.7370316,42.275785],[-83.7370321,42.275785]]],[[[-83.7370303,42.275785],[-83.7370302,42.2757843],[-83.7370298,42.2757843],[-83.7370298,42.275785],[-83.7370303,42.275785]]],[[[-83.7370404,42.2757841],[-83.7370404,42.2757838],[-83.7370394,42.2757838],[-83.7370395,42.2757842],[-83.7370404,42.2757841]]],[[[-83.7373219,42.2757787],[-83.7373219,42.275778],[-83.7373215,42.275778],[-83.7373215,42.2757787],[-83.7373219,42.2757787]]],[[[-83.7370712,42.2757812],[-83.7370712,42.2757805],[-83.7370707,42.2757806],[-83.7370707,42.2757812],[-83.7370712,42.2757812]]],[[[-83.7370711,42.2757795],[-83.7370711,42.2757788],[-83.7370706,42.2757788],[-83.7370707,42.2757795],[-83.7370711,42.2757795]]],[[[-83.7373218,42.2757749],[-83.7373218,42.2757743],[-83.7373213,42.2757743],[-83.7373214,42.2757749],[-83.7373218,42.2757749]]],[[[-83.7374163,42.2757716],[-83.7374162,42.2757713],[-83.7374153,42.2757713],[-83.7374153,42.2757716],[-83.7374163,42.2757716]]],[[[-83.7374112,42.2757717],[-83.7374112,42.2757714],[-83.7374102,42.2757714],[-83.7374103,42.2757717],[-83.7374112,42.2757717]]],[[[-83.7374089,42.2757718],[-83.7374089,42.2757714],[-83.7374079,42.2757714],[-83.737408,42.2757718],[-83.7374089,42.2757718]]],[[[-83.7374038,42.2757718],[-83.7374038,42.2757715],[-83.7374029,42.2757715],[-83.7374029,42.2757719],[-83.7374038,42.2757718]]],[[[-83.7374015,42.2757719],[-83.7374015,42.2757715],[-83.7374006,42.2757716],[-83.7374006,42.2757719],[-83.7374015,42.2757719]]],[[[-83.7373964,42.275772],[-83.7373964,42.2757716],[-83.7373955,42.2757716],[-83.7373955,42.275772],[-83.7373964,42.275772]]],[[[-83.7373941,42.275772],[-83.7373941,42.2757717],[-83.7373932,42.2757717],[-83.7373932,42.275772],[-83.7373941,42.275772]]],[[[-83.7373891,42.2757721],[-83.7373891,42.2757718],[-83.7373881,42.2757718],[-83.7373881,42.2757721],[-83.7373891,42.2757721]]],[[[-83.7373868,42.2757721],[-83.7373867,42.2757718],[-83.7373858,42.2757718],[-83.7373858,42.2757721],[-83.7373868,42.2757721]]],[[[-83.7373817,42.2757722],[-83.7373817,42.2757719],[-83.7373808,42.2757719],[-83.7373808,42.2757722],[-83.7373817,42.2757722]]],[[[-83.7373794,42.2757723],[-83.7373794,42.2757719],[-83.7373785,42.2757719],[-83.7373785,42.2757723],[-83.7373794,42.2757723]]],[[[-83.7373743,42.2757723],[-83.7373743,42.275772],[-83.7373734,42.275772],[-83.7373734,42.2757724],[-83.7373743,42.2757723]]],[[[-83.737372,42.2757724],[-83.737372,42.275772],[-83.7373711,42.2757721],[-83.7373711,42.2757724],[-83.737372,42.2757724]]],[[[-83.7373669,42.2757725],[-83.7373669,42.2757721],[-83.737366,42.2757721],[-83.737366,42.2757725],[-83.7373669,42.2757725]]],[[[-83.7373646,42.2757725],[-83.7373646,42.2757722],[-83.7373637,42.2757722],[-83.7373637,42.2757725],[-83.7373646,42.2757725]]],[[[-83.7373596,42.2757726],[-83.7373596,42.2757723],[-83.7373586,42.2757723],[-83.7373586,42.2757726],[-83.7373596,42.2757726]]],[[[-83.7373573,42.2757726],[-83.7373573,42.2757723],[-83.7373563,42.2757723],[-83.7373563,42.2757726],[-83.7373573,42.2757726]]],[[[-83.7373522,42.2757727],[-83.7373522,42.2757724],[-83.7373513,42.2757724],[-83.7373513,42.2757727],[-83.7373522,42.2757727]]],[[[-83.7373499,42.2757728],[-83.7373499,42.2757724],[-83.737349,42.2757724],[-83.737349,42.2757728],[-83.7373499,42.2757728]]],[[[-83.7373448,42.2757728],[-83.7373448,42.2757725],[-83.7373439,42.2757725],[-83.7373439,42.2757729],[-83.7373448,42.2757728]]],[[[-83.7373425,42.2757729],[-83.7373425,42.2757725],[-83.7373416,42.2757726],[-83.7373416,42.2757729],[-83.7373425,42.2757729]]],[[[-83.7373374,42.275773],[-83.7373374,42.2757726],[-83.7373365,42.2757726],[-83.7373365,42.275773],[-83.7373374,42.275773]]],[[[-83.7373351,42.275773],[-83.7373351,42.2757727],[-83.7373342,42.2757727],[-83.7373342,42.275773],[-83.7373351,42.275773]]],[[[-83.7373301,42.2757731],[-83.7373301,42.2757728],[-83.7373291,42.2757728],[-83.7373292,42.2757731],[-83.7373301,42.2757731]]],[[[-83.7373218,42.2757732],[-83.7373218,42.2757726],[-83.7373213,42.2757726],[-83.7373213,42.2757732],[-83.7373218,42.2757732]]],[[[-83.737071,42.2757758],[-83.737071,42.2757751],[-83.7370705,42.2757751],[-83.7370706,42.2757758],[-83.737071,42.2757758]]],[[[-83.737071,42.2757741],[-83.7370709,42.2757734],[-83.7370705,42.2757734],[-83.7370705,42.2757741],[-83.737071,42.2757741]]],[[[-83.7373217,42.2757695],[-83.7373216,42.2757688],[-83.7373212,42.2757688],[-83.7373212,42.2757695],[-83.7373217,42.2757695]]],[[[-83.7373216,42.2757678],[-83.7373216,42.2757671],[-83.7373211,42.2757671],[-83.7373211,42.2757678],[-83.7373216,42.2757678]]],[[[-83.7370708,42.2757703],[-83.7370708,42.2757696],[-83.7370704,42.2757696],[-83.7370704,42.2757703],[-83.7370708,42.2757703]]],[[[-83.7370708,42.2757686],[-83.7370708,42.2757679],[-83.7370703,42.2757679],[-83.7370703,42.2757686],[-83.7370708,42.2757686]]],[[[-83.7373215,42.275764],[-83.7373215,42.2757633],[-83.737321,42.2757634],[-83.737321,42.275764],[-83.7373215,42.275764]]],[[[-83.7369998,42.2757695],[-83.7369998,42.2757688],[-83.7369993,42.2757688],[-83.7369993,42.2757695],[-83.7369998,42.2757695]]],[[[-83.7369934,42.2757696],[-83.7369933,42.2757689],[-83.7369929,42.2757689],[-83.7369929,42.2757696],[-83.7369934,42.2757696]]],[[[-83.7369339,42.2757706],[-83.7369339,42.2757699],[-83.7369334,42.2757699],[-83.7369334,42.2757706],[-83.7369339,42.2757706]]],[[[-83.7369279,42.2757707],[-83.7369279,42.27577],[-83.7369274,42.27577],[-83.7369274,42.2757707],[-83.7369279,42.2757707]]],[[[-83.7369883,42.2757693],[-83.7369883,42.2757686],[-83.7369878,42.2757687],[-83.7369878,42.2757693],[-83.7369883,42.2757693]]],[[[-83.7369874,42.2757693],[-83.7369873,42.2757687],[-83.7369869,42.2757687],[-83.7369869,42.2757693],[-83.7369874,42.2757693]]],[[[-83.7370007,42.2757688],[-83.7370007,42.2757684],[-83.7369998,42.2757684],[-83.7369998,42.2757688],[-83.7370007,42.2757688]]],[[[-83.7369943,42.2757689],[-83.7369942,42.2757685],[-83.7369933,42.2757686],[-83.7369933,42.2757689],[-83.7369943,42.2757689]]],[[[-83.7369348,42.2757699],[-83.7369348,42.2757695],[-83.7369339,42.2757696],[-83.7369339,42.2757699],[-83.7369348,42.2757699]]],[[[-83.7369878,42.2757687],[-83.7369878,42.275768],[-83.7369873,42.275768],[-83.7369873,42.2757687],[-83.7369878,42.2757687]]],[[[-83.7373214,42.2757623],[-83.7373214,42.2757616],[-83.737321,42.2757616],[-83.737321,42.2757623],[-83.7373214,42.2757623]]],[[[-83.7370707,42.2757649],[-83.7370707,42.2757642],[-83.7370702,42.2757642],[-83.7370702,42.2757649],[-83.7370707,42.2757649]]],[[[-83.7370706,42.2757632],[-83.7370706,42.2757625],[-83.7370701,42.2757625],[-83.7370702,42.2757632],[-83.7370706,42.2757632]]],[[[-83.7373213,42.2757586],[-83.7373213,42.2757579],[-83.7373208,42.2757579],[-83.7373209,42.2757586],[-83.7373213,42.2757586]]],[[[-83.7373213,42.2757569],[-83.7373212,42.2757562],[-83.7373208,42.2757562],[-83.7373208,42.2757569],[-83.7373213,42.2757569]]],[[[-83.7373004,42.2757521],[-83.7373004,42.2757514],[-83.7372999,42.2757514],[-83.7372999,42.2757521],[-83.7373004,42.2757521]]],[[[-83.7373003,42.2757504],[-83.7373003,42.2757497],[-83.7372998,42.2757497],[-83.7372999,42.2757504],[-83.7373003,42.2757504]]],[[[-83.7373952,42.2757464],[-83.7373952,42.2757457],[-83.7373947,42.2757457],[-83.7373947,42.2757464],[-83.7373952,42.2757464]]],[[[-83.7371703,42.2757499],[-83.7371703,42.2757492],[-83.7371698,42.2757492],[-83.7371698,42.2757499],[-83.7371703,42.2757499]]],[[[-83.7371611,42.27575],[-83.737161,42.2757493],[-83.7371606,42.2757493],[-83.7371606,42.27575],[-83.7371611,42.27575]]],[[[-83.7371371,42.2757504],[-83.7371371,42.2757497],[-83.7371366,42.2757498],[-83.7371366,42.2757504],[-83.7371371,42.2757504]]],[[[-83.7373961,42.2757457],[-83.7373961,42.2757454],[-83.7373952,42.2757454],[-83.7373952,42.2757457],[-83.7373961,42.2757457]]],[[[-83.7371712,42.2757492],[-83.7371712,42.2757488],[-83.7371702,42.2757488],[-83.7371703,42.2757492],[-83.7371712,42.2757492]]],[[[-83.737138,42.2757497],[-83.737138,42.2757494],[-83.7371371,42.2757494],[-83.7371371,42.2757497],[-83.737138,42.2757497]]],[[[-83.7373002,42.2757466],[-83.7373002,42.275746],[-83.7372997,42.275746],[-83.7372997,42.2757467],[-83.7373002,42.2757466]]],[[[-83.7371085,42.2757495],[-83.7371085,42.2757489],[-83.737108,42.2757489],[-83.737108,42.2757496],[-83.7371085,42.2757495]]],[[[-83.7370997,42.2757494],[-83.7370997,42.2757487],[-83.7370992,42.2757487],[-83.7370992,42.2757494],[-83.7370997,42.2757494]]],[[[-83.7373633,42.2757446],[-83.7373633,42.2757442],[-83.7373624,42.2757442],[-83.7373624,42.2757446],[-83.7373633,42.2757446]]],[[[-83.7371094,42.2757489],[-83.7371094,42.2757485],[-83.7371084,42.2757485],[-83.7371085,42.2757489],[-83.7371094,42.2757489]]],[[[-83.7374232,42.2757432],[-83.7374232,42.2757425],[-83.7374227,42.2757425],[-83.7374227,42.2757432],[-83.7374232,42.2757432]]],[[[-83.737414,42.2757434],[-83.737414,42.2757427],[-83.7374135,42.2757427],[-83.7374135,42.2757434],[-83.737414,42.2757434]]],[[[-83.7373684,42.2757441],[-83.7373683,42.2757434],[-83.7373679,42.2757435],[-83.7373679,42.2757441],[-83.7373684,42.2757441]]],[[[-83.7371001,42.2757487],[-83.7371001,42.275748],[-83.7370997,42.275748],[-83.7370997,42.2757487],[-83.7371001,42.2757487]]],[[[-83.7373596,42.2757439],[-83.7373596,42.2757433],[-83.7373591,42.2757433],[-83.7373591,42.2757439],[-83.7373596,42.2757439]]],[[[-83.7373002,42.2757449],[-83.7373001,42.2757443],[-83.7372997,42.2757443],[-83.7372997,42.2757449],[-83.7373002,42.2757449]]],[[[-83.7374241,42.2757425],[-83.7374241,42.2757422],[-83.7374232,42.2757422],[-83.7374232,42.2757425],[-83.7374241,42.2757425]]],[[[-83.7374149,42.2757427],[-83.7374149,42.2757423],[-83.737414,42.2757423],[-83.737414,42.2757427],[-83.7374149,42.2757427]]],[[[-83.7373693,42.2757434],[-83.7373693,42.2757431],[-83.7373683,42.2757431],[-83.7373683,42.2757434],[-83.7373693,42.2757434]]],[[[-83.7371006,42.275748],[-83.7371006,42.2757473],[-83.7371001,42.2757473],[-83.7371001,42.275748],[-83.7371006,42.275748]]],[[[-83.73736,42.2757432],[-83.73736,42.2757426],[-83.7373596,42.2757426],[-83.7373596,42.2757433],[-83.73736,42.2757432]]],[[[-83.7374209,42.2757415],[-83.7374208,42.2757408],[-83.7374204,42.2757409],[-83.7374204,42.2757415],[-83.7374209,42.2757415]]],[[[-83.7373605,42.2757426],[-83.7373605,42.2757419],[-83.73736,42.2757419],[-83.73736,42.2757426],[-83.7373605,42.2757426]]],[[[-83.7373462,42.2757425],[-83.7373462,42.2757421],[-83.7373453,42.2757421],[-83.7373453,42.2757425],[-83.7373462,42.2757425]]],[[[-83.7373512,42.275742],[-83.7373512,42.2757413],[-83.7373508,42.2757414],[-83.7373508,42.275742],[-83.7373512,42.275742]]],[[[-83.7373439,42.2757422],[-83.7373438,42.2757415],[-83.7373434,42.2757415],[-83.7373434,42.2757422],[-83.7373439,42.2757422]]],[[[-83.737342,42.2757422],[-83.737342,42.2757415],[-83.7373415,42.2757415],[-83.7373416,42.2757422],[-83.737342,42.2757422]]],[[[-83.7373521,42.2757413],[-83.7373521,42.275741],[-83.7373512,42.275741],[-83.7373512,42.2757413],[-83.7373521,42.2757413]]],[[[-83.7373,42.2757412],[-83.7373,42.2757405],[-83.7372996,42.2757405],[-83.7372996,42.2757412],[-83.7373,42.2757412]]],[[[-83.7373,42.2757395],[-83.7373,42.2757388],[-83.7372995,42.2757388],[-83.7372995,42.2757395],[-83.7373,42.2757395]]],[[[-83.7370981,42.2757422],[-83.7370981,42.2757415],[-83.7370976,42.2757415],[-83.7370976,42.2757422],[-83.7370981,42.2757422]]],[[[-83.7370893,42.275742],[-83.7370893,42.2757413],[-83.7370889,42.2757413],[-83.7370889,42.275742],[-83.7370893,42.275742]]],[[[-83.737099,42.2757415],[-83.737099,42.2757412],[-83.7370981,42.2757412],[-83.7370981,42.2757415],[-83.737099,42.2757415]]],[[[-83.7370898,42.2757413],[-83.7370898,42.2757407],[-83.7370893,42.2757407],[-83.7370893,42.2757413],[-83.7370898,42.2757413]]],[[[-83.736993,42.2757419],[-83.7369929,42.2757413],[-83.7369925,42.2757413],[-83.7369925,42.275742],[-83.736993,42.2757419]]],[[[-83.736987,42.2757421],[-83.7369869,42.2757414],[-83.7369865,42.2757414],[-83.7369865,42.2757421],[-83.736987,42.2757421]]],[[[-83.7369837,42.2757421],[-83.7369837,42.2757414],[-83.7369833,42.2757414],[-83.7369833,42.2757421],[-83.7369837,42.2757421]]],[[[-83.7369939,42.2757413],[-83.7369938,42.2757409],[-83.7369929,42.2757409],[-83.7369929,42.2757413],[-83.7369939,42.2757413]]],[[[-83.7369879,42.2757414],[-83.7369879,42.275741],[-83.7369869,42.275741],[-83.7369869,42.2757414],[-83.7369879,42.2757414]]],[[[-83.7372999,42.2757357],[-83.7372998,42.275735],[-83.7372994,42.2757351],[-83.7372994,42.2757357],[-83.7372999,42.2757357]]],[[[-83.7372998,42.275734],[-83.7372998,42.2757333],[-83.7372993,42.2757334],[-83.7372994,42.275734],[-83.7372998,42.275734]]],[[[-83.7372997,42.2757303],[-83.7372997,42.2757296],[-83.7372992,42.2757296],[-83.7372992,42.2757303],[-83.7372997,42.2757303]]],[[[-83.7370268,42.2757339],[-83.7370268,42.2757332],[-83.7370263,42.2757332],[-83.7370264,42.2757339],[-83.7370268,42.2757339]]],[[[-83.7370204,42.275734],[-83.7370204,42.2757333],[-83.7370199,42.2757333],[-83.7370199,42.275734],[-83.7370204,42.275734]]],[[[-83.7370176,42.275734],[-83.7370176,42.2757333],[-83.7370171,42.2757334],[-83.7370172,42.275734],[-83.7370176,42.275734]]],[[[-83.7372996,42.2757286],[-83.7372996,42.2757279],[-83.7372992,42.2757279],[-83.7372992,42.2757286],[-83.7372996,42.2757286]]],[[[-83.7370277,42.2757332],[-83.7370277,42.2757328],[-83.7370268,42.2757328],[-83.7370268,42.2757332],[-83.7370277,42.2757332]]],[[[-83.7370213,42.2757333],[-83.7370213,42.2757329],[-83.7370203,42.275733],[-83.7370204,42.2757333],[-83.7370213,42.2757333]]],[[[-83.7372995,42.2757248],[-83.7372995,42.2757241],[-83.737299,42.2757241],[-83.7372991,42.2757248],[-83.7372995,42.2757248]]],[[[-83.7372995,42.2757231],[-83.7372995,42.2757224],[-83.737299,42.2757224],[-83.737299,42.2757231],[-83.7372995,42.2757231]]],[[[-83.7372994,42.2757194],[-83.7372993,42.2757187],[-83.7372989,42.2757187],[-83.7372989,42.2757194],[-83.7372994,42.2757194]]],[[[-83.7372993,42.2757177],[-83.7372993,42.275717],[-83.7372988,42.275717],[-83.7372988,42.2757177],[-83.7372993,42.2757177]]],[[[-83.7372992,42.2757139],[-83.7372992,42.2757132],[-83.7372987,42.2757132],[-83.7372987,42.2757139],[-83.7372992,42.2757139]]],[[[-83.7372991,42.2757122],[-83.7372991,42.2757115],[-83.7372987,42.2757115],[-83.7372987,42.2757122],[-83.7372991,42.2757122]]],[[[-83.7372636,42.2757111],[-83.7372636,42.2757104],[-83.7372631,42.2757104],[-83.7372631,42.2757111],[-83.7372636,42.2757111]]],[[[-83.7371986,42.2757122],[-83.7371986,42.2757115],[-83.7371981,42.2757115],[-83.7371982,42.2757122],[-83.7371986,42.2757122]]],[[[-83.7371972,42.2757122],[-83.7371972,42.2757115],[-83.7371968,42.2757115],[-83.7371968,42.2757122],[-83.7371972,42.2757122]]],[[[-83.7370949,42.275714],[-83.7370949,42.2757133],[-83.7370944,42.2757133],[-83.7370945,42.275714],[-83.7370949,42.275714]]],[[[-83.7370599,42.2757145],[-83.7370599,42.2757139],[-83.7370594,42.2757139],[-83.7370594,42.2757146],[-83.7370599,42.2757145]]],[[[-83.7370507,42.2757147],[-83.7370507,42.275714],[-83.7370502,42.275714],[-83.7370502,42.2757147],[-83.7370507,42.2757147]]],[[[-83.7372645,42.2757104],[-83.7372645,42.2757101],[-83.7372636,42.2757101],[-83.7372636,42.2757104],[-83.7372645,42.2757104]]],[[[-83.7371995,42.2757115],[-83.7371995,42.2757112],[-83.7371986,42.2757112],[-83.7371986,42.2757115],[-83.7371995,42.2757115]]],[[[-83.7370958,42.2757133],[-83.7370958,42.2757129],[-83.7370949,42.2757129],[-83.7370949,42.2757133],[-83.7370958,42.2757133]]],[[[-83.7370608,42.2757138],[-83.7370608,42.2757135],[-83.7370599,42.2757135],[-83.7370599,42.2757139],[-83.7370608,42.2757138]]],[[[-83.7370516,42.275714],[-83.7370516,42.2757137],[-83.7370506,42.2757137],[-83.7370507,42.275714],[-83.7370516,42.275714]]],[[[-83.7370926,42.2757123],[-83.7370925,42.2757116],[-83.7370921,42.2757116],[-83.7370921,42.2757123],[-83.7370926,42.2757123]]],[[[-83.737299,42.2757085],[-83.737299,42.2757078],[-83.7372985,42.2757078],[-83.7372986,42.2757085],[-83.737299,42.2757085]]],[[[-83.7369561,42.2757143],[-83.7369561,42.2757139],[-83.7369552,42.2757139],[-83.7369552,42.2757143],[-83.7369561,42.2757143]]],[[[-83.7369644,42.2757138],[-83.7369644,42.2757131],[-83.7369639,42.2757131],[-83.736964,42.2757138],[-83.7369644,42.2757138]]],[[[-83.736958,42.2757139],[-83.7369579,42.2757132],[-83.7369575,42.2757132],[-83.7369575,42.2757139],[-83.736958,42.2757139]]],[[[-83.7369653,42.2757131],[-83.7369653,42.2757127],[-83.7369644,42.2757127],[-83.7369644,42.2757131],[-83.7369653,42.2757131]]],[[[-83.7369589,42.2757132],[-83.7369589,42.2757128],[-83.7369579,42.2757129],[-83.7369579,42.2757132],[-83.7369589,42.2757132]]],[[[-83.737299,42.2757067],[-83.7372989,42.2757061],[-83.7372985,42.2757061],[-83.7372985,42.2757068],[-83.737299,42.2757067]]],[[[-83.7369528,42.2757123],[-83.7369528,42.2757116],[-83.7369524,42.2757116],[-83.7369524,42.2757123],[-83.7369528,42.2757123]]],[[[-83.736951,42.2757123],[-83.736951,42.2757116],[-83.7369505,42.2757116],[-83.7369505,42.2757123],[-83.736951,42.2757123]]],[[[-83.7372989,42.275703],[-83.7372988,42.2757023],[-83.7372984,42.2757023],[-83.7372984,42.275703],[-83.7372989,42.275703]]],[[[-83.7373873,42.2757005],[-83.7373873,42.2757001],[-83.7373864,42.2757001],[-83.7373864,42.2757005],[-83.7373873,42.2757005]]],[[[-83.7370214,42.2757067],[-83.7370214,42.2757063],[-83.7370204,42.2757063],[-83.7370205,42.2757067],[-83.7370214,42.2757067]]],[[[-83.7373924,42.2757],[-83.7373923,42.2756994],[-83.7373919,42.2756994],[-83.7373919,42.2757001],[-83.7373924,42.2757]]],[[[-83.7370297,42.2757062],[-83.7370296,42.2757055],[-83.7370292,42.2757055],[-83.7370292,42.2757062],[-83.7370297,42.2757062]]],[[[-83.7370237,42.2757063],[-83.7370237,42.2757056],[-83.7370232,42.2757056],[-83.7370232,42.2757063],[-83.7370237,42.2757063]]],[[[-83.7372988,42.2757013],[-83.7372988,42.2757006],[-83.7372983,42.2757006],[-83.7372983,42.2757013],[-83.7372988,42.2757013]]],[[[-83.7373933,42.2756993],[-83.7373933,42.275699],[-83.7373923,42.275699],[-83.7373923,42.2756994],[-83.7373933,42.2756993]]],[[[-83.7370306,42.2757055],[-83.7370306,42.2757051],[-83.7370296,42.2757052],[-83.7370296,42.2757055],[-83.7370306,42.2757055]]],[[[-83.7370246,42.2757056],[-83.7370246,42.2757052],[-83.7370236,42.2757053],[-83.7370237,42.2757056],[-83.7370246,42.2757056]]],[[[-83.7372987,42.2756975],[-83.7372987,42.2756969],[-83.7372982,42.2756969],[-83.7372982,42.2756975],[-83.7372987,42.2756975]]],[[[-83.7371894,42.275698],[-83.7371894,42.2756973],[-83.7371889,42.2756973],[-83.737189,42.275698],[-83.7371894,42.275698]]],[[[-83.7372986,42.2756958],[-83.7372986,42.2756952],[-83.7372981,42.2756952],[-83.7372982,42.2756958],[-83.7372986,42.2756958]]],[[[-83.7371889,42.2756973],[-83.7371889,42.2756967],[-83.7371885,42.2756967],[-83.7371885,42.2756974],[-83.7371889,42.2756973]]],[[[-83.7372985,42.2756921],[-83.7372985,42.2756914],[-83.737298,42.2756914],[-83.7372981,42.2756921],[-83.7372985,42.2756921]]],[[[-83.7372985,42.2756904],[-83.7372984,42.2756897],[-83.737298,42.2756897],[-83.737298,42.2756904],[-83.7372985,42.2756904]]],[[[-83.7369813,42.2756934],[-83.7369813,42.275693],[-83.7369804,42.275693],[-83.7369804,42.2756934],[-83.7369813,42.2756934]]],[[[-83.7369901,42.2756929],[-83.73699,42.2756922],[-83.7369896,42.2756922],[-83.7369896,42.2756929],[-83.7369901,42.2756929]]],[[[-83.736991,42.2756922],[-83.7369909,42.2756918],[-83.73699,42.2756918],[-83.73699,42.2756922],[-83.736991,42.2756922]]],[[[-83.7372983,42.2756866],[-83.7372983,42.2756859],[-83.7372979,42.275686],[-83.7372979,42.2756866],[-83.7372983,42.2756866]]],[[[-83.7372983,42.2756849],[-83.7372983,42.2756842],[-83.7372978,42.2756842],[-83.7372978,42.2756849],[-83.7372983,42.2756849]]],[[[-83.7372982,42.2756812],[-83.7372982,42.2756805],[-83.7372977,42.2756805],[-83.7372977,42.2756812],[-83.7372982,42.2756812]]],[[[-83.7372981,42.2756795],[-83.7372981,42.2756788],[-83.7372976,42.2756788],[-83.7372977,42.2756795],[-83.7372981,42.2756795]]],[[[-83.737298,42.2756757],[-83.737298,42.275675],[-83.7372975,42.275675],[-83.7372975,42.2756757],[-83.737298,42.2756757]]],[[[-83.7371966,42.2756764],[-83.7371966,42.2756757],[-83.7371961,42.2756757],[-83.7371961,42.2756764],[-83.7371966,42.2756764]]],[[[-83.7371574,42.2756771],[-83.7371574,42.2756764],[-83.7371569,42.2756764],[-83.737157,42.2756771],[-83.7371574,42.2756771]]],[[[-83.7371288,42.2756776],[-83.7371288,42.2756769],[-83.7371284,42.2756769],[-83.7371284,42.2756776],[-83.7371288,42.2756776]]],[[[-83.7371224,42.2756777],[-83.7371224,42.275677],[-83.7371219,42.275677],[-83.7371219,42.2756777],[-83.7371224,42.2756777]]],[[[-83.737298,42.275674],[-83.7372979,42.2756733],[-83.7372975,42.2756733],[-83.7372975,42.275674],[-83.737298,42.275674]]],[[[-83.7371975,42.2756757],[-83.7371975,42.2756754],[-83.7371966,42.2756754],[-83.7371966,42.2756757],[-83.7371975,42.2756757]]],[[[-83.7371583,42.2756764],[-83.7371583,42.275676],[-83.7371574,42.275676],[-83.7371574,42.2756764],[-83.7371583,42.2756764]]],[[[-83.7371297,42.2756769],[-83.7371297,42.2756765],[-83.7371288,42.2756765],[-83.7371288,42.2756769],[-83.7371297,42.2756769]]],[[[-83.7370306,42.2756755],[-83.7370305,42.2756748],[-83.7370301,42.2756748],[-83.7370301,42.2756755],[-83.7370306,42.2756755]]],[[[-83.7369872,42.2756762],[-83.7369872,42.2756755],[-83.7369868,42.2756755],[-83.7369868,42.2756762],[-83.7369872,42.2756762]]],[[[-83.736978,42.2756764],[-83.736978,42.2756757],[-83.7369775,42.2756757],[-83.7369776,42.2756764],[-83.736978,42.2756764]]],[[[-83.7372978,42.2756703],[-83.7372978,42.2756696],[-83.7372974,42.2756696],[-83.7372974,42.2756703],[-83.7372978,42.2756703]]],[[[-83.7370315,42.2756748],[-83.7370314,42.2756744],[-83.7370305,42.2756744],[-83.7370305,42.2756748],[-83.7370315,42.2756748]]],[[[-83.7369881,42.2756755],[-83.7369881,42.2756752],[-83.7369872,42.2756752],[-83.7369872,42.2756755],[-83.7369881,42.2756755]]],[[[-83.7372978,42.2756686],[-83.7372978,42.2756679],[-83.7372973,42.2756679],[-83.7372973,42.2756686],[-83.7372978,42.2756686]]],[[[-83.7372977,42.2756648],[-83.7372976,42.2756641],[-83.7372972,42.2756641],[-83.7372972,42.2756648],[-83.7372977,42.2756648]]],[[[-83.7372976,42.2756631],[-83.7372976,42.2756624],[-83.7372971,42.2756624],[-83.7372972,42.2756631],[-83.7372976,42.2756631]]],[[[-83.7371853,42.2756554],[-83.7371853,42.2756548],[-83.7371849,42.2756548],[-83.7371849,42.2756554],[-83.7371853,42.2756554]]],[[[-83.7371862,42.2756547],[-83.7371862,42.2756544],[-83.7371853,42.2756544],[-83.7371853,42.2756548],[-83.7371862,42.2756547]]],[[[-83.737297,42.2756426],[-83.737297,42.275642],[-83.7372965,42.275642],[-83.7372965,42.2756426],[-83.737297,42.2756426]]],[[[-83.7372969,42.2756389],[-83.7372968,42.2756382],[-83.7372964,42.2756382],[-83.7372964,42.2756389],[-83.7372969,42.2756389]]],[[[-83.7369203,42.2756449],[-83.7369203,42.2756446],[-83.7369194,42.2756446],[-83.7369194,42.2756449],[-83.7369203,42.2756449]]],[[[-83.7369286,42.2756444],[-83.7369286,42.2756437],[-83.7369281,42.2756438],[-83.7369281,42.2756444],[-83.7369286,42.2756444]]],[[[-83.7369295,42.2756437],[-83.7369295,42.2756434],[-83.7369286,42.2756434],[-83.7369286,42.2756437],[-83.7369295,42.2756437]]],[[[-83.7372968,42.2756372],[-83.7372968,42.2756365],[-83.7372963,42.2756365],[-83.7372964,42.2756372],[-83.7372968,42.2756372]]],[[[-83.7372967,42.2756334],[-83.7372967,42.2756327],[-83.7372962,42.2756328],[-83.7372962,42.2756334],[-83.7372967,42.2756334]]],[[[-83.7372966,42.2756317],[-83.7372966,42.275631],[-83.7372962,42.275631],[-83.7372962,42.2756317],[-83.7372966,42.2756317]]],[[[-83.7372965,42.275628],[-83.7372965,42.2756273],[-83.737296,42.2756273],[-83.7372961,42.275628],[-83.7372965,42.275628]]],[[[-83.7374518,42.2756243],[-83.7374518,42.275624],[-83.7374509,42.275624],[-83.7374509,42.2756243],[-83.7374518,42.2756243]]],[[[-83.7374495,42.2756244],[-83.7374495,42.275624],[-83.7374486,42.275624],[-83.7374486,42.2756244],[-83.7374495,42.2756244]]],[[[-83.7374444,42.2756244],[-83.7374444,42.2756241],[-83.7374435,42.2756241],[-83.7374435,42.2756245],[-83.7374444,42.2756244]]],[[[-83.7374421,42.2756245],[-83.7374421,42.2756241],[-83.7374412,42.2756242],[-83.7374412,42.2756245],[-83.7374421,42.2756245]]],[[[-83.7374371,42.2756246],[-83.737437,42.2756242],[-83.7374361,42.2756242],[-83.7374361,42.2756246],[-83.7374371,42.2756246]]],[[[-83.7374348,42.2756246],[-83.7374347,42.2756243],[-83.7374338,42.2756243],[-83.7374338,42.2756246],[-83.7374348,42.2756246]]],[[[-83.7374297,42.2756247],[-83.7374297,42.2756244],[-83.7374288,42.2756244],[-83.7374288,42.2756247],[-83.7374297,42.2756247]]],[[[-83.7374274,42.2756247],[-83.7374274,42.2756244],[-83.7374264,42.2756244],[-83.7374265,42.2756247],[-83.7374274,42.2756247]]],[[[-83.7374223,42.2756248],[-83.7374223,42.2756245],[-83.7374214,42.2756245],[-83.7374214,42.2756248],[-83.7374223,42.2756248]]],[[[-83.73742,42.2756249],[-83.73742,42.2756245],[-83.7374191,42.2756245],[-83.7374191,42.2756249],[-83.73742,42.2756249]]],[[[-83.7374149,42.2756249],[-83.7374149,42.2756246],[-83.737414,42.2756246],[-83.737414,42.275625],[-83.7374149,42.2756249]]],[[[-83.7374126,42.275625],[-83.7374126,42.2756246],[-83.7374117,42.2756247],[-83.7374117,42.275625],[-83.7374126,42.275625]]],[[[-83.7374076,42.2756251],[-83.7374076,42.2756247],[-83.7374066,42.2756247],[-83.7374066,42.2756251],[-83.7374076,42.2756251]]],[[[-83.7374053,42.2756251],[-83.7374052,42.2756248],[-83.7374043,42.2756248],[-83.7374043,42.2756251],[-83.7374053,42.2756251]]],[[[-83.7374002,42.2756252],[-83.7374002,42.2756249],[-83.7373993,42.2756249],[-83.7373993,42.2756252],[-83.7374002,42.2756252]]],[[[-83.7373979,42.2756252],[-83.7373979,42.2756249],[-83.737397,42.2756249],[-83.737397,42.2756252],[-83.7373979,42.2756252]]],[[[-83.7373928,42.2756253],[-83.7373928,42.275625],[-83.7373919,42.275625],[-83.7373919,42.2756253],[-83.7373928,42.2756253]]],[[[-83.7373905,42.2756254],[-83.7373905,42.275625],[-83.7373896,42.275625],[-83.7373896,42.2756254],[-83.7373905,42.2756254]]],[[[-83.7373854,42.2756254],[-83.7373854,42.2756251],[-83.7373845,42.2756251],[-83.7373845,42.2756255],[-83.7373854,42.2756254]]],[[[-83.7373831,42.2756255],[-83.7373831,42.2756251],[-83.7373822,42.2756252],[-83.7373822,42.2756255],[-83.7373831,42.2756255]]],[[[-83.7373781,42.2756256],[-83.7373781,42.2756252],[-83.7373771,42.2756252],[-83.7373771,42.2756256],[-83.7373781,42.2756256]]],[[[-83.7373758,42.2756256],[-83.7373758,42.2756253],[-83.7373748,42.2756253],[-83.7373748,42.2756256],[-83.7373758,42.2756256]]],[[[-83.7373707,42.2756257],[-83.7373707,42.2756254],[-83.7373698,42.2756254],[-83.7373698,42.2756257],[-83.7373707,42.2756257]]],[[[-83.7373684,42.2756257],[-83.7373684,42.2756254],[-83.7373675,42.2756254],[-83.7373675,42.2756257],[-83.7373684,42.2756257]]],[[[-83.7373633,42.2756258],[-83.7373633,42.2756255],[-83.7373624,42.2756255],[-83.7373624,42.2756258],[-83.7373633,42.2756258]]],[[[-83.737361,42.2756259],[-83.737361,42.2756255],[-83.7373601,42.2756255],[-83.7373601,42.2756259],[-83.737361,42.2756259]]],[[[-83.7373559,42.2756259],[-83.7373559,42.2756256],[-83.737355,42.2756256],[-83.737355,42.275626],[-83.7373559,42.2756259]]],[[[-83.7373536,42.275626],[-83.7373536,42.2756256],[-83.7373527,42.2756257],[-83.7373527,42.275626],[-83.7373536,42.275626]]],[[[-83.7373486,42.2756261],[-83.7373486,42.2756257],[-83.7373476,42.2756257],[-83.7373477,42.2756261],[-83.7373486,42.2756261]]],[[[-83.7373463,42.2756261],[-83.7373463,42.2756258],[-83.7373453,42.2756258],[-83.7373453,42.2756261],[-83.7373463,42.2756261]]],[[[-83.7373412,42.2756262],[-83.7373412,42.2756259],[-83.7373403,42.2756259],[-83.7373403,42.2756262],[-83.7373412,42.2756262]]],[[[-83.7373389,42.2756262],[-83.7373389,42.2756259],[-83.737338,42.2756259],[-83.737338,42.2756262],[-83.7373389,42.2756262]]],[[[-83.7373338,42.2756263],[-83.7373338,42.275626],[-83.7373329,42.275626],[-83.7373329,42.2756263],[-83.7373338,42.2756263]]],[[[-83.7373315,42.2756264],[-83.7373315,42.275626],[-83.7373306,42.275626],[-83.7373306,42.2756264],[-83.7373315,42.2756264]]],[[[-83.7373265,42.2756264],[-83.7373264,42.2756261],[-83.7373255,42.2756261],[-83.7373255,42.2756265],[-83.7373265,42.2756264]]],[[[-83.7373241,42.2756265],[-83.7373241,42.2756261],[-83.7373232,42.2756262],[-83.7373232,42.2756265],[-83.7373241,42.2756265]]],[[[-83.7373191,42.2756266],[-83.7373191,42.2756262],[-83.7373181,42.2756262],[-83.7373182,42.2756266],[-83.7373191,42.2756266]]],[[[-83.7373168,42.2756266],[-83.7373168,42.2756263],[-83.7373158,42.2756263],[-83.7373159,42.2756266],[-83.7373168,42.2756266]]],[[[-83.7373117,42.2756267],[-83.7373117,42.2756263],[-83.7373108,42.2756264],[-83.7373108,42.2756267],[-83.7373117,42.2756267]]],[[[-83.7373094,42.2756267],[-83.7373094,42.2756264],[-83.7373085,42.2756264],[-83.7373085,42.2756267],[-83.7373094,42.2756267]]],[[[-83.7373043,42.2756268],[-83.7373043,42.2756265],[-83.7373034,42.2756265],[-83.7373034,42.2756268],[-83.7373043,42.2756268]]],[[[-83.737302,42.2756269],[-83.737302,42.2756265],[-83.7373011,42.2756265],[-83.7373011,42.2756269],[-83.737302,42.2756269]]],[[[-83.737297,42.2756269],[-83.7372969,42.2756266],[-83.737296,42.2756266],[-83.737296,42.275627],[-83.737297,42.2756269]]],[[[-83.7372965,42.2756263],[-83.7372965,42.2756256],[-83.737296,42.2756256],[-83.737296,42.2756263],[-83.7372965,42.2756263]]],[[[-83.7373213,42.2756228],[-83.7373212,42.2756221],[-83.7373208,42.2756221],[-83.7373208,42.2756228],[-83.7373213,42.2756228]]],[[[-83.7372964,42.2756225],[-83.7372963,42.2756218],[-83.7372959,42.2756218],[-83.7372959,42.2756225],[-83.7372964,42.2756225]]],[[[-83.7373212,42.2756211],[-83.7373212,42.2756204],[-83.7373207,42.2756204],[-83.7373208,42.2756211],[-83.7373212,42.2756211]]],[[[-83.7372963,42.2756208],[-83.7372963,42.2756201],[-83.7372958,42.2756201],[-83.7372958,42.2756208],[-83.7372963,42.2756208]]],[[[-83.7373211,42.2756173],[-83.7373211,42.2756166],[-83.7373206,42.2756166],[-83.7373206,42.2756173],[-83.7373211,42.2756173]]],[[[-83.7372962,42.2756171],[-83.7372962,42.2756164],[-83.7372957,42.2756164],[-83.7372957,42.2756171],[-83.7372962,42.2756171]]],[[[-83.737321,42.2756156],[-83.737321,42.2756149],[-83.7373206,42.2756149],[-83.7373206,42.2756156],[-83.737321,42.2756156]]],[[[-83.7372961,42.2756154],[-83.7372961,42.2756147],[-83.7372957,42.2756147],[-83.7372957,42.2756154],[-83.7372961,42.2756154]]],[[[-83.7373209,42.2756119],[-83.7373209,42.2756112],[-83.7373204,42.2756112],[-83.7373205,42.2756119],[-83.7373209,42.2756119]]],[[[-83.737296,42.2756116],[-83.737296,42.2756109],[-83.7372955,42.2756109],[-83.7372956,42.2756116],[-83.737296,42.2756116]]],[[[-83.7373209,42.2756102],[-83.7373209,42.2756095],[-83.7373204,42.2756095],[-83.7373204,42.2756102],[-83.7373209,42.2756102]]],[[[-83.737296,42.2756099],[-83.7372959,42.2756092],[-83.7372955,42.2756092],[-83.7372955,42.2756099],[-83.737296,42.2756099]]],[[[-83.7370378,42.2756126],[-83.7370378,42.2756122],[-83.7370369,42.2756122],[-83.7370369,42.2756126],[-83.7370378,42.2756126]]],[[[-83.7370355,42.2756126],[-83.7370355,42.2756123],[-83.7370346,42.2756123],[-83.7370346,42.2756126],[-83.7370355,42.2756126]]],[[[-83.7370305,42.2756127],[-83.7370304,42.2756123],[-83.7370295,42.2756124],[-83.7370295,42.2756127],[-83.7370305,42.2756127]]],[[[-83.7370282,42.2756127],[-83.7370281,42.2756124],[-83.7370272,42.2756124],[-83.7370272,42.2756127],[-83.7370282,42.2756127]]],[[[-83.7370231,42.2756128],[-83.7370231,42.2756125],[-83.7370222,42.2756125],[-83.7370222,42.2756128],[-83.7370231,42.2756128]]],[[[-83.7370217,42.2756128],[-83.7370217,42.2756121],[-83.7370212,42.2756122],[-83.7370212,42.2756128],[-83.7370217,42.2756128]]],[[[-83.7370208,42.2756128],[-83.7370208,42.2756125],[-83.7370198,42.2756125],[-83.7370199,42.2756129],[-83.7370208,42.2756128]]],[[[-83.7370157,42.2756129],[-83.7370157,42.2756126],[-83.7370148,42.2756126],[-83.7370148,42.2756129],[-83.7370157,42.2756129]]],[[[-83.7370134,42.275613],[-83.7370134,42.2756126],[-83.7370125,42.2756126],[-83.7370125,42.275613],[-83.7370134,42.275613]]],[[[-83.7370083,42.2756131],[-83.7370083,42.2756127],[-83.7370074,42.2756127],[-83.7370074,42.2756131],[-83.7370083,42.2756131]]],[[[-83.737006,42.2756131],[-83.737006,42.2756128],[-83.7370051,42.2756128],[-83.7370051,42.2756131],[-83.737006,42.2756131]]],[[[-83.737001,42.2756132],[-83.737001,42.2756128],[-83.737,42.2756129],[-83.737,42.2756132],[-83.737001,42.2756132]]],[[[-83.7369987,42.2756132],[-83.7369986,42.2756129],[-83.7369977,42.2756129],[-83.7369977,42.2756132],[-83.7369987,42.2756132]]],[[[-83.7369936,42.2756133],[-83.7369936,42.275613],[-83.7369927,42.275613],[-83.7369927,42.2756133],[-83.7369936,42.2756133]]],[[[-83.7369913,42.2756133],[-83.7369913,42.275613],[-83.7369904,42.275613],[-83.7369904,42.2756134],[-83.7369913,42.2756133]]],[[[-83.7369862,42.2756134],[-83.7369862,42.2756131],[-83.7369853,42.2756131],[-83.7369853,42.2756134],[-83.7369862,42.2756134]]],[[[-83.7369839,42.2756135],[-83.7369839,42.2756131],[-83.736983,42.2756131],[-83.736983,42.2756135],[-83.7369839,42.2756135]]],[[[-83.7369788,42.2756136],[-83.7369788,42.2756132],[-83.7369779,42.2756132],[-83.7369779,42.2756136],[-83.7369788,42.2756136]]],[[[-83.7369765,42.2756136],[-83.7369765,42.2756133],[-83.7369756,42.2756133],[-83.7369756,42.2756136],[-83.7369765,42.2756136]]],[[[-83.7369715,42.2756137],[-83.7369715,42.2756133],[-83.7369705,42.2756134],[-83.7369705,42.2756137],[-83.7369715,42.2756137]]],[[[-83.7369692,42.2756137],[-83.7369691,42.2756134],[-83.7369682,42.2756134],[-83.7369682,42.2756137],[-83.7369692,42.2756137]]],[[[-83.7369641,42.2756138],[-83.7369641,42.2756135],[-83.7369632,42.2756135],[-83.7369632,42.2756138],[-83.7369641,42.2756138]]],[[[-83.7369618,42.2756138],[-83.7369618,42.2756135],[-83.7369609,42.2756135],[-83.7369609,42.2756139],[-83.7369618,42.2756138]]],[[[-83.7369567,42.2756139],[-83.7369567,42.2756136],[-83.7369558,42.2756136],[-83.7369558,42.2756139],[-83.7369567,42.2756139]]],[[[-83.7369544,42.275614],[-83.7369544,42.2756136],[-83.7369535,42.2756136],[-83.7369535,42.275614],[-83.7369544,42.275614]]],[[[-83.7369493,42.2756141],[-83.7369493,42.2756137],[-83.7369484,42.2756137],[-83.7369484,42.2756141],[-83.7369493,42.2756141]]],[[[-83.736947,42.2756141],[-83.736947,42.2756138],[-83.7369461,42.2756138],[-83.7369461,42.2756141],[-83.736947,42.2756141]]],[[[-83.736942,42.2756142],[-83.736942,42.2756138],[-83.736941,42.2756139],[-83.736941,42.2756142],[-83.736942,42.2756142]]],[[[-83.7369397,42.2756142],[-83.7369397,42.2756139],[-83.7369387,42.2756139],[-83.7369387,42.2756142],[-83.7369397,42.2756142]]],[[[-83.7369346,42.2756143],[-83.7369346,42.275614],[-83.7369337,42.275614],[-83.7369337,42.2756143],[-83.7369346,42.2756143]]],[[[-83.7369323,42.2756143],[-83.7369323,42.275614],[-83.7369314,42.275614],[-83.7369314,42.2756144],[-83.7369323,42.2756143]]],[[[-83.7369272,42.2756144],[-83.7369272,42.2756141],[-83.7369263,42.2756141],[-83.7369263,42.2756144],[-83.7369272,42.2756144]]],[[[-83.7369249,42.2756145],[-83.7369249,42.2756141],[-83.736924,42.2756141],[-83.736924,42.2756145],[-83.7369249,42.2756145]]],[[[-83.7369198,42.2756146],[-83.7369198,42.2756142],[-83.7369189,42.2756142],[-83.7369189,42.2756146],[-83.7369198,42.2756146]]],[[[-83.7369175,42.2756146],[-83.7369175,42.2756143],[-83.7369166,42.2756143],[-83.7369166,42.2756146],[-83.7369175,42.2756146]]],[[[-83.7369125,42.2756147],[-83.7369125,42.2756143],[-83.7369115,42.2756144],[-83.7369115,42.2756147],[-83.7369125,42.2756147]]],[[[-83.7369102,42.2756147],[-83.7369102,42.2756144],[-83.7369092,42.2756144],[-83.7369092,42.2756147],[-83.7369102,42.2756147]]],[[[-83.7373208,42.2756064],[-83.7373207,42.2756057],[-83.7373203,42.2756057],[-83.7373203,42.2756064],[-83.7373208,42.2756064]]],[[[-83.7372959,42.2756061],[-83.7372958,42.2756055],[-83.7372954,42.2756055],[-83.7372954,42.2756062],[-83.7372959,42.2756061]]],[[[-83.7373207,42.2756047],[-83.7373207,42.275604],[-83.7373202,42.275604],[-83.7373202,42.2756047],[-83.7373207,42.2756047]]],[[[-83.7372958,42.2756044],[-83.7372958,42.2756038],[-83.7372953,42.2756038],[-83.7372953,42.2756044],[-83.7372958,42.2756044]]],[[[-83.7370216,42.2756091],[-83.7370216,42.2756084],[-83.7370211,42.2756084],[-83.7370211,42.2756091],[-83.7370216,42.2756091]]],[[[-83.7370215,42.2756074],[-83.7370215,42.2756067],[-83.737021,42.2756067],[-83.7370211,42.2756074],[-83.7370215,42.2756074]]],[[[-83.7373206,42.275601],[-83.7373206,42.2756003],[-83.7373201,42.2756003],[-83.7373201,42.275601],[-83.7373206,42.275601]]],[[[-83.7372957,42.2756007],[-83.7372957,42.2756],[-83.7372952,42.2756],[-83.7372952,42.2756007],[-83.7372957,42.2756007]]],[[[-83.7373205,42.2755992],[-83.7373205,42.2755986],[-83.7373201,42.2755986],[-83.7373201,42.2755993],[-83.7373205,42.2755992]]],[[[-83.7372956,42.275599],[-83.7372956,42.2755983],[-83.7372951,42.2755983],[-83.7372952,42.275599],[-83.7372956,42.275599]]],[[[-83.7370214,42.2756036],[-83.7370214,42.2756029],[-83.7370209,42.2756029],[-83.737021,42.2756036],[-83.7370214,42.2756036]]],[[[-83.7370214,42.2756019],[-83.7370213,42.2756012],[-83.7370209,42.2756012],[-83.7370209,42.2756019],[-83.7370214,42.2756019]]],[[[-83.7373204,42.2755955],[-83.7373204,42.2755948],[-83.7373199,42.2755948],[-83.73732,42.2755955],[-83.7373204,42.2755955]]],[[[-83.7372955,42.2755952],[-83.7372955,42.2755946],[-83.737295,42.2755946],[-83.7372951,42.2755952],[-83.7372955,42.2755952]]],[[[-83.7373204,42.2755938],[-83.7373203,42.2755931],[-83.7373199,42.2755931],[-83.7373199,42.2755938],[-83.7373204,42.2755938]]],[[[-83.7372955,42.2755935],[-83.7372954,42.2755928],[-83.737295,42.2755929],[-83.737295,42.2755935],[-83.7372955,42.2755935]]],[[[-83.7370212,42.2755982],[-83.7370212,42.2755975],[-83.7370208,42.2755975],[-83.7370208,42.2755982],[-83.7370212,42.2755982]]],[[[-83.7370212,42.2755965],[-83.7370212,42.2755958],[-83.7370207,42.2755958],[-83.7370207,42.2755965],[-83.7370212,42.2755965]]],[[[-83.7373203,42.27559],[-83.7373202,42.2755894],[-83.7373198,42.2755894],[-83.7373198,42.27559],[-83.7373203,42.27559]]],[[[-83.7373889,42.2755882],[-83.7373889,42.2755875],[-83.7373884,42.2755875],[-83.7373884,42.2755882],[-83.7373889,42.2755882]]],[[[-83.7372953,42.2755898],[-83.7372953,42.2755891],[-83.7372949,42.2755891],[-83.7372949,42.2755898],[-83.7372953,42.2755898]]],[[[-83.7371834,42.2755917],[-83.7371833,42.275591],[-83.7371829,42.275591],[-83.7371829,42.2755917],[-83.7371834,42.2755917]]],[[[-83.7373898,42.2755875],[-83.7373898,42.2755872],[-83.7373889,42.2755872],[-83.7373889,42.2755875],[-83.7373898,42.2755875]]],[[[-83.7371843,42.275591],[-83.7371842,42.2755906],[-83.7371833,42.2755906],[-83.7371833,42.275591],[-83.7371843,42.275591]]],[[[-83.7373202,42.2755883],[-83.7373202,42.2755877],[-83.7373197,42.2755877],[-83.7373197,42.2755883],[-83.7373202,42.2755883]]],[[[-83.7372953,42.2755881],[-83.7372953,42.2755874],[-83.7372948,42.2755874],[-83.7372948,42.2755881],[-83.7372953,42.2755881]]],[[[-83.7370211,42.2755927],[-83.7370211,42.275592],[-83.7370206,42.275592],[-83.7370206,42.2755927],[-83.7370211,42.2755927]]],[[[-83.737021,42.275591],[-83.737021,42.2755903],[-83.7370205,42.2755903],[-83.7370206,42.275591],[-83.737021,42.275591]]],[[[-83.7373201,42.2755846],[-83.7373201,42.2755839],[-83.7373196,42.2755839],[-83.7373196,42.2755846],[-83.7373201,42.2755846]]],[[[-83.7372952,42.2755843],[-83.7372952,42.2755836],[-83.7372947,42.2755836],[-83.7372947,42.2755843],[-83.7372952,42.2755843]]],[[[-83.73732,42.2755829],[-83.73732,42.2755822],[-83.7373196,42.2755822],[-83.7373196,42.2755829],[-83.73732,42.2755829]]],[[[-83.7372951,42.2755826],[-83.7372951,42.2755819],[-83.7372946,42.2755819],[-83.7372947,42.2755826],[-83.7372951,42.2755826]]],[[[-83.7370209,42.2755873],[-83.7370209,42.2755866],[-83.7370204,42.2755866],[-83.7370204,42.2755873],[-83.7370209,42.2755873]]],[[[-83.7370209,42.2755855],[-83.7370208,42.2755849],[-83.7370204,42.2755849],[-83.7370204,42.2755856],[-83.7370209,42.2755855]]],[[[-83.7369775,42.2755856],[-83.7369775,42.2755849],[-83.736977,42.2755849],[-83.7369771,42.2755856],[-83.7369775,42.2755856]]],[[[-83.7373199,42.2755791],[-83.7373199,42.2755784],[-83.7373194,42.2755785],[-83.7373195,42.2755791],[-83.7373199,42.2755791]]],[[[-83.7369784,42.2755849],[-83.7369784,42.2755846],[-83.7369775,42.2755846],[-83.7369775,42.2755849],[-83.7369784,42.2755849]]],[[[-83.737295,42.2755789],[-83.737295,42.2755782],[-83.7372945,42.2755782],[-83.7372945,42.2755789],[-83.737295,42.2755789]]],[[[-83.7373199,42.2755774],[-83.7373198,42.2755767],[-83.7373194,42.2755767],[-83.7373194,42.2755774],[-83.7373199,42.2755774]]],[[[-83.737295,42.2755772],[-83.7372949,42.2755765],[-83.7372945,42.2755765],[-83.7372945,42.2755772],[-83.737295,42.2755772]]],[[[-83.7370207,42.2755818],[-83.7370207,42.2755811],[-83.7370203,42.2755811],[-83.7370203,42.2755818],[-83.7370207,42.2755818]]],[[[-83.7370207,42.2755801],[-83.7370207,42.2755794],[-83.7370202,42.2755794],[-83.7370202,42.2755801],[-83.7370207,42.2755801]]],[[[-83.7373197,42.2755737],[-83.7373197,42.275573],[-83.7373193,42.275573],[-83.7373193,42.2755737],[-83.7373197,42.2755737]]],[[[-83.7372948,42.2755734],[-83.7372948,42.2755727],[-83.7372944,42.2755727],[-83.7372944,42.2755734],[-83.7372948,42.2755734]]],[[[-83.7373197,42.275572],[-83.7373197,42.2755713],[-83.7373192,42.2755713],[-83.7373192,42.275572],[-83.7373197,42.275572]]],[[[-83.7372948,42.2755717],[-83.7372948,42.275571],[-83.7372943,42.275571],[-83.7372943,42.2755717],[-83.7372948,42.2755717]]],[[[-83.7370206,42.2755763],[-83.7370205,42.2755757],[-83.7370201,42.2755757],[-83.7370201,42.2755763],[-83.7370206,42.2755763]]],[[[-83.7370205,42.2755746],[-83.7370201,42.2755746],[-83.73702,42.275574],[-83.7370205,42.275574],[-83.7370205,42.2755746]]],[[[-83.7373196,42.2755682],[-83.7373196,42.2755675],[-83.7373191,42.2755675],[-83.7373191,42.2755682],[-83.7373196,42.2755682]]],[[[-83.7372947,42.275568],[-83.7372946,42.2755673],[-83.7372942,42.2755673],[-83.7372942,42.275568],[-83.7372947,42.275568]]],[[[-83.7373195,42.2755665],[-83.7373195,42.2755658],[-83.737319,42.2755658],[-83.7373191,42.2755665],[-83.7373195,42.2755665]]],[[[-83.7372946,42.2755662],[-83.7372946,42.2755656],[-83.7372941,42.2755656],[-83.7372942,42.2755663],[-83.7372946,42.2755662]]],[[[-83.7370204,42.2755709],[-83.7370204,42.2755702],[-83.7370199,42.2755702],[-83.7370199,42.2755709],[-83.7370204,42.2755709]]],[[[-83.7370203,42.2755692],[-83.7370203,42.2755685],[-83.7370199,42.2755685],[-83.7370199,42.2755692],[-83.7370203,42.2755692]]],[[[-83.7373194,42.2755628],[-83.7373194,42.2755621],[-83.7373189,42.2755621],[-83.7373189,42.2755628],[-83.7373194,42.2755628]]],[[[-83.7372945,42.2755625],[-83.7372945,42.2755618],[-83.737294,42.2755618],[-83.737294,42.2755625],[-83.7372945,42.2755625]]],[[[-83.7373194,42.2755611],[-83.7373193,42.2755604],[-83.7373189,42.2755604],[-83.7373189,42.2755611],[-83.7373194,42.2755611]]],[[[-83.7372944,42.2755608],[-83.7372944,42.2755601],[-83.737294,42.2755601],[-83.737294,42.2755608],[-83.7372944,42.2755608]]],[[[-83.7370202,42.2755654],[-83.7370202,42.2755647],[-83.7370198,42.2755648],[-83.7370198,42.2755654],[-83.7370202,42.2755654]]],[[[-83.7370202,42.2755637],[-83.7370202,42.275563],[-83.7370197,42.275563],[-83.7370197,42.2755637],[-83.7370202,42.2755637]]],[[[-83.7373192,42.2755573],[-83.7373192,42.2755566],[-83.7373188,42.2755566],[-83.7373188,42.2755573],[-83.7373192,42.2755573]]],[[[-83.7372943,42.275557],[-83.7372943,42.2755564],[-83.7372939,42.2755564],[-83.7372939,42.275557],[-83.7372943,42.275557]]],[[[-83.7373192,42.2755556],[-83.7373192,42.2755549],[-83.7373187,42.2755549],[-83.7373187,42.2755556],[-83.7373192,42.2755556]]],[[[-83.7372943,42.2755553],[-83.7372943,42.2755547],[-83.7372938,42.2755547],[-83.7372938,42.2755553],[-83.7372943,42.2755553]]],[[[-83.7370201,42.27556],[-83.73702,42.2755593],[-83.7370196,42.2755593],[-83.7370196,42.27556],[-83.7370201,42.27556]]],[[[-83.73702,42.2755583],[-83.73702,42.2755576],[-83.7370195,42.2755576],[-83.7370196,42.2755583],[-83.73702,42.2755583]]],[[[-83.7373191,42.2755518],[-83.7373191,42.2755512],[-83.7373186,42.2755512],[-83.7373186,42.2755519],[-83.7373191,42.2755518]]],[[[-83.7372942,42.2755516],[-83.7372941,42.2755509],[-83.7372937,42.2755509],[-83.7372937,42.2755516],[-83.7372942,42.2755516]]],[[[-83.7374499,42.2755479],[-83.7374499,42.2755476],[-83.737449,42.2755476],[-83.737449,42.2755479],[-83.7374499,42.2755479]]],[[[-83.7374448,42.275548],[-83.7374448,42.2755477],[-83.7374439,42.2755477],[-83.7374439,42.275548],[-83.7374448,42.275548]]],[[[-83.7374425,42.2755481],[-83.7374425,42.2755477],[-83.7374416,42.2755477],[-83.7374416,42.2755481],[-83.7374425,42.2755481]]],[[[-83.7374375,42.2755481],[-83.7374374,42.2755478],[-83.7374365,42.2755478],[-83.7374365,42.2755482],[-83.7374375,42.2755481]]],[[[-83.7374352,42.2755482],[-83.7374351,42.2755478],[-83.7374342,42.2755479],[-83.7374342,42.2755482],[-83.7374352,42.2755482]]],[[[-83.7374301,42.2755483],[-83.7374301,42.2755479],[-83.7374292,42.2755479],[-83.7374292,42.2755483],[-83.7374301,42.2755483]]],[[[-83.7374278,42.2755483],[-83.7374278,42.275548],[-83.7374268,42.275548],[-83.7374269,42.2755483],[-83.7374278,42.2755483]]],[[[-83.7374227,42.2755484],[-83.7374227,42.275548],[-83.7374218,42.2755481],[-83.7374218,42.2755484],[-83.7374227,42.2755484]]],[[[-83.7374204,42.2755484],[-83.7374204,42.2755481],[-83.7374195,42.2755481],[-83.7374195,42.2755484],[-83.7374204,42.2755484]]],[[[-83.7374153,42.2755485],[-83.7374153,42.2755482],[-83.7374144,42.2755482],[-83.7374144,42.2755485],[-83.7374153,42.2755485]]],[[[-83.737413,42.2755486],[-83.737413,42.2755482],[-83.7374121,42.2755482],[-83.7374121,42.2755486],[-83.737413,42.2755486]]],[[[-83.737408,42.2755486],[-83.737408,42.2755483],[-83.737407,42.2755483],[-83.737407,42.2755487],[-83.737408,42.2755486]]],[[[-83.7374057,42.2755487],[-83.7374056,42.2755483],[-83.7374047,42.2755484],[-83.7374047,42.2755487],[-83.7374057,42.2755487]]],[[[-83.7374006,42.2755488],[-83.7374006,42.2755484],[-83.7373997,42.2755484],[-83.7373997,42.2755488],[-83.7374006,42.2755488]]],[[[-83.7373983,42.2755488],[-83.7373983,42.2755485],[-83.7373974,42.2755485],[-83.7373974,42.2755488],[-83.7373983,42.2755488]]],[[[-83.7373932,42.2755489],[-83.7373932,42.2755485],[-83.7373923,42.2755486],[-83.7373923,42.2755489],[-83.7373932,42.2755489]]],[[[-83.7373909,42.2755489],[-83.7373909,42.2755486],[-83.73739,42.2755486],[-83.73739,42.2755489],[-83.7373909,42.2755489]]],[[[-83.7373858,42.275549],[-83.7373858,42.2755487],[-83.7373849,42.2755487],[-83.7373849,42.275549],[-83.7373858,42.275549]]],[[[-83.7373835,42.275549],[-83.7373835,42.2755487],[-83.7373826,42.2755487],[-83.7373826,42.2755491],[-83.7373835,42.275549]]],[[[-83.7373785,42.2755491],[-83.7373785,42.2755488],[-83.7373775,42.2755488],[-83.7373775,42.2755492],[-83.7373785,42.2755491]]],[[[-83.7373762,42.2755492],[-83.7373762,42.2755488],[-83.7373752,42.2755488],[-83.7373752,42.2755492],[-83.7373762,42.2755492]]],[[[-83.7373711,42.2755493],[-83.7373711,42.2755489],[-83.7373702,42.2755489],[-83.7373702,42.2755493],[-83.7373711,42.2755493]]],[[[-83.7373688,42.2755493],[-83.7373688,42.275549],[-83.7373679,42.275549],[-83.7373679,42.2755493],[-83.7373688,42.2755493]]],[[[-83.7373637,42.2755494],[-83.7373637,42.275549],[-83.7373628,42.2755491],[-83.7373628,42.2755494],[-83.7373637,42.2755494]]],[[[-83.7373614,42.2755494],[-83.7373614,42.2755491],[-83.7373605,42.2755491],[-83.7373605,42.2755494],[-83.7373614,42.2755494]]],[[[-83.7373563,42.2755495],[-83.7373563,42.2755492],[-83.7373554,42.2755492],[-83.7373554,42.2755495],[-83.7373563,42.2755495]]],[[[-83.737354,42.2755495],[-83.737354,42.2755492],[-83.7373531,42.2755492],[-83.7373531,42.2755496],[-83.737354,42.2755495]]],[[[-83.737349,42.2755496],[-83.737349,42.2755493],[-83.737348,42.2755493],[-83.7373481,42.2755496],[-83.737349,42.2755496]]],[[[-83.7373467,42.2755497],[-83.7373467,42.2755493],[-83.7373457,42.2755493],[-83.7373457,42.2755497],[-83.7373467,42.2755497]]],[[[-83.7373416,42.2755498],[-83.7373416,42.2755494],[-83.7373407,42.2755494],[-83.7373407,42.2755498],[-83.7373416,42.2755498]]],[[[-83.7373393,42.2755498],[-83.7373393,42.2755495],[-83.7373384,42.2755495],[-83.7373384,42.2755498],[-83.7373393,42.2755498]]],[[[-83.7373342,42.2755499],[-83.7373342,42.2755495],[-83.7373333,42.2755496],[-83.7373333,42.2755499],[-83.7373342,42.2755499]]],[[[-83.7373319,42.2755499],[-83.7373319,42.2755496],[-83.737331,42.2755496],[-83.737331,42.2755499],[-83.7373319,42.2755499]]],[[[-83.7373269,42.27555],[-83.7373268,42.2755497],[-83.7373259,42.2755497],[-83.7373259,42.27555],[-83.7373269,42.27555]]],[[[-83.7373245,42.27555],[-83.7373245,42.2755497],[-83.7373236,42.2755497],[-83.7373236,42.2755501],[-83.7373245,42.27555]]],[[[-83.7373195,42.2755501],[-83.7373195,42.2755498],[-83.7373185,42.2755498],[-83.7373186,42.2755501],[-83.7373195,42.2755501]]],[[[-83.737019,42.2755552],[-83.737019,42.2755549],[-83.7370181,42.2755549],[-83.7370181,42.2755552],[-83.737019,42.2755552]]],[[[-83.7370139,42.2755553],[-83.7370139,42.275555],[-83.737013,42.275555],[-83.737013,42.2755553],[-83.7370139,42.2755553]]],[[[-83.7370116,42.2755553],[-83.7370116,42.275555],[-83.7370107,42.275555],[-83.7370107,42.2755554],[-83.7370116,42.2755553]]],[[[-83.7370066,42.2755554],[-83.7370065,42.2755551],[-83.7370056,42.2755551],[-83.7370056,42.2755554],[-83.7370066,42.2755554]]],[[[-83.7370042,42.2755555],[-83.7370042,42.2755551],[-83.7370033,42.2755551],[-83.7370033,42.2755555],[-83.7370042,42.2755555]]],[[[-83.7369992,42.2755555],[-83.7369992,42.2755552],[-83.7369982,42.2755552],[-83.7369983,42.2755556],[-83.7369992,42.2755555]]],[[[-83.7369969,42.2755556],[-83.7369969,42.2755552],[-83.7369959,42.2755553],[-83.736996,42.2755556],[-83.7369969,42.2755556]]],[[[-83.7369918,42.2755557],[-83.7369918,42.2755553],[-83.7369909,42.2755553],[-83.7369909,42.2755557],[-83.7369918,42.2755557]]],[[[-83.7369895,42.2755557],[-83.7369895,42.2755554],[-83.7369886,42.2755554],[-83.7369886,42.2755557],[-83.7369895,42.2755557]]],[[[-83.7369844,42.2755558],[-83.7369844,42.2755555],[-83.7369835,42.2755555],[-83.7369835,42.2755558],[-83.7369844,42.2755558]]],[[[-83.7369821,42.2755558],[-83.7369821,42.2755555],[-83.7369812,42.2755555],[-83.7369812,42.2755559],[-83.7369821,42.2755558]]],[[[-83.7369771,42.2755559],[-83.736977,42.2755556],[-83.7369761,42.2755556],[-83.7369761,42.2755559],[-83.7369771,42.2755559]]],[[[-83.7369748,42.275556],[-83.7369747,42.2755556],[-83.7369738,42.2755556],[-83.7369738,42.275556],[-83.7369748,42.275556]]],[[[-83.7369697,42.275556],[-83.7369697,42.2755557],[-83.7369687,42.2755557],[-83.7369688,42.2755561],[-83.7369697,42.275556]]],[[[-83.7369674,42.2755561],[-83.7369674,42.2755557],[-83.7369664,42.2755558],[-83.7369665,42.2755561],[-83.7369674,42.2755561]]],[[[-83.7369623,42.2755562],[-83.7369623,42.2755558],[-83.7369614,42.2755558],[-83.7369614,42.2755562],[-83.7369623,42.2755562]]],[[[-83.73696,42.2755562],[-83.73696,42.2755559],[-83.7369591,42.2755559],[-83.7369591,42.2755562],[-83.73696,42.2755562]]],[[[-83.7369549,42.2755563],[-83.7369549,42.275556],[-83.736954,42.275556],[-83.736954,42.2755563],[-83.7369549,42.2755563]]],[[[-83.7369526,42.2755563],[-83.7369526,42.275556],[-83.7369517,42.275556],[-83.7369517,42.2755564],[-83.7369526,42.2755563]]],[[[-83.7369476,42.2755564],[-83.7369475,42.2755561],[-83.7369466,42.2755561],[-83.7369466,42.2755564],[-83.7369476,42.2755564]]],[[[-83.7369453,42.2755565],[-83.7369452,42.2755561],[-83.7369443,42.2755561],[-83.7369443,42.2755565],[-83.7369453,42.2755565]]],[[[-83.7369402,42.2755565],[-83.7369402,42.2755562],[-83.7369393,42.2755562],[-83.7369393,42.2755566],[-83.7369402,42.2755565]]],[[[-83.7369379,42.2755566],[-83.7369379,42.2755562],[-83.7369369,42.2755563],[-83.736937,42.2755566],[-83.7369379,42.2755566]]],[[[-83.7369328,42.2755567],[-83.7369328,42.2755563],[-83.7369319,42.2755563],[-83.7369319,42.2755567],[-83.7369328,42.2755567]]],[[[-83.7369305,42.2755567],[-83.7369305,42.2755564],[-83.7369296,42.2755564],[-83.7369296,42.2755567],[-83.7369305,42.2755567]]],[[[-83.7369254,42.2755568],[-83.7369254,42.2755565],[-83.7369245,42.2755565],[-83.7369245,42.2755568],[-83.7369254,42.2755568]]],[[[-83.7369231,42.2755568],[-83.7369231,42.2755565],[-83.7369222,42.2755565],[-83.7369222,42.2755569],[-83.7369231,42.2755568]]],[[[-83.7369181,42.2755569],[-83.7369181,42.2755566],[-83.7369171,42.2755566],[-83.7369171,42.2755569],[-83.7369181,42.2755569]]],[[[-83.7369158,42.275557],[-83.7369157,42.2755566],[-83.7369148,42.2755566],[-83.7369148,42.275557],[-83.7369158,42.275557]]],[[[-83.7369107,42.275557],[-83.7369107,42.2755567],[-83.7369098,42.2755567],[-83.7369098,42.2755571],[-83.7369107,42.275557]]],[[[-83.7369084,42.2755571],[-83.7369084,42.2755567],[-83.7369075,42.2755568],[-83.7369075,42.2755571],[-83.7369084,42.2755571]]],[[[-83.7372941,42.2755499],[-83.7372941,42.2755492],[-83.7372936,42.2755492],[-83.7372937,42.2755499],[-83.7372941,42.2755499]]],[[[-83.737294,42.2755461],[-83.737294,42.2755454],[-83.7372935,42.2755455],[-83.7372935,42.2755461],[-83.737294,42.2755461]]],[[[-83.7372939,42.2755444],[-83.7372939,42.2755437],[-83.7372935,42.2755437],[-83.7372935,42.2755444],[-83.7372939,42.2755444]]],[[[-83.7372938,42.2755407],[-83.7372938,42.27554],[-83.7372933,42.27554],[-83.7372934,42.2755407],[-83.7372938,42.2755407]]],[[[-83.7372938,42.275539],[-83.7372938,42.2755383],[-83.7372933,42.2755383],[-83.7372933,42.275539],[-83.7372938,42.275539]]],[[[-83.7372937,42.2755352],[-83.7372936,42.2755345],[-83.7372932,42.2755345],[-83.7372932,42.2755352],[-83.7372937,42.2755352]]],[[[-83.7372908,42.2755336],[-83.7372908,42.2755332],[-83.7372899,42.2755332],[-83.7372899,42.2755336],[-83.7372908,42.2755336]]],[[[-83.7372885,42.2755336],[-83.7372885,42.2755333],[-83.7372876,42.2755333],[-83.7372876,42.2755336],[-83.7372885,42.2755336]]],[[[-83.7372835,42.2755337],[-83.7372835,42.2755333],[-83.7372825,42.2755334],[-83.7372825,42.2755337],[-83.7372835,42.2755337]]],[[[-83.7372812,42.2755337],[-83.7372812,42.2755334],[-83.7372802,42.2755334],[-83.7372802,42.2755337],[-83.7372812,42.2755337]]],[[[-83.7372761,42.2755338],[-83.7372761,42.2755335],[-83.7372752,42.2755335],[-83.7372752,42.2755338],[-83.7372761,42.2755338]]],[[[-83.7372738,42.2755338],[-83.7372738,42.2755335],[-83.7372729,42.2755335],[-83.7372729,42.2755339],[-83.7372738,42.2755338]]],[[[-83.7372687,42.2755339],[-83.7372687,42.2755336],[-83.7372678,42.2755336],[-83.7372678,42.2755339],[-83.7372687,42.2755339]]],[[[-83.7372664,42.275534],[-83.7372664,42.2755336],[-83.7372655,42.2755336],[-83.7372655,42.275534],[-83.7372664,42.275534]]],[[[-83.7372613,42.2755341],[-83.7372613,42.2755337],[-83.7372604,42.2755337],[-83.7372604,42.2755341],[-83.7372613,42.2755341]]],[[[-83.737259,42.2755341],[-83.737259,42.2755338],[-83.7372581,42.2755338],[-83.7372581,42.2755341],[-83.737259,42.2755341]]],[[[-83.737254,42.2755342],[-83.737254,42.2755338],[-83.737253,42.2755339],[-83.737253,42.2755342],[-83.737254,42.2755342]]],[[[-83.7372517,42.2755342],[-83.7372517,42.2755339],[-83.7372507,42.2755339],[-83.7372507,42.2755342],[-83.7372517,42.2755342]]],[[[-83.7372466,42.2755343],[-83.7372466,42.275534],[-83.7372457,42.275534],[-83.7372457,42.2755343],[-83.7372466,42.2755343]]],[[[-83.7372443,42.2755343],[-83.7372443,42.275534],[-83.7372434,42.275534],[-83.7372434,42.2755344],[-83.7372443,42.2755343]]],[[[-83.7372392,42.2755344],[-83.7372392,42.2755341],[-83.7372383,42.2755341],[-83.7372383,42.2755344],[-83.7372392,42.2755344]]],[[[-83.7372369,42.2755345],[-83.7372369,42.2755341],[-83.737236,42.2755341],[-83.737236,42.2755345],[-83.7372369,42.2755345]]],[[[-83.7372318,42.2755346],[-83.7372318,42.2755342],[-83.7372309,42.2755342],[-83.7372309,42.2755346],[-83.7372318,42.2755346]]],[[[-83.7372295,42.2755346],[-83.7372295,42.2755343],[-83.7372286,42.2755343],[-83.7372286,42.2755346],[-83.7372295,42.2755346]]],[[[-83.7372245,42.2755347],[-83.7372245,42.2755343],[-83.7372235,42.2755344],[-83.7372236,42.2755347],[-83.7372245,42.2755347]]],[[[-83.7372148,42.2755348],[-83.7372148,42.2755345],[-83.7372139,42.2755345],[-83.7372139,42.2755349],[-83.7372148,42.2755348]]],[[[-83.7372097,42.2755349],[-83.7372097,42.2755346],[-83.7372088,42.2755346],[-83.7372088,42.2755349],[-83.7372097,42.2755349]]],[[[-83.7372074,42.275535],[-83.7372074,42.2755346],[-83.7372065,42.2755346],[-83.7372065,42.275535],[-83.7372074,42.275535]]],[[[-83.7372024,42.2755351],[-83.7372023,42.2755347],[-83.7372014,42.2755347],[-83.7372014,42.2755351],[-83.7372024,42.2755351]]],[[[-83.7372,42.2755351],[-83.7372,42.2755348],[-83.7371991,42.2755348],[-83.7371991,42.2755351],[-83.7372,42.2755351]]],[[[-83.737195,42.2755352],[-83.737195,42.2755348],[-83.737194,42.2755349],[-83.7371941,42.2755352],[-83.737195,42.2755352]]],[[[-83.7371927,42.2755352],[-83.7371927,42.2755349],[-83.7371917,42.2755349],[-83.7371918,42.2755352],[-83.7371927,42.2755352]]],[[[-83.7371876,42.2755353],[-83.7371876,42.275535],[-83.7371867,42.275535],[-83.7371867,42.2755353],[-83.7371876,42.2755353]]],[[[-83.7371853,42.2755353],[-83.7371853,42.275535],[-83.7371844,42.275535],[-83.7371844,42.2755354],[-83.7371853,42.2755353]]],[[[-83.7371802,42.2755354],[-83.7371802,42.2755351],[-83.7371793,42.2755351],[-83.7371793,42.2755354],[-83.7371802,42.2755354]]],[[[-83.7371779,42.2755355],[-83.7371779,42.2755351],[-83.737177,42.2755351],[-83.737177,42.2755355],[-83.7371779,42.2755355]]],[[[-83.7371729,42.2755356],[-83.7371728,42.2755352],[-83.7371719,42.2755352],[-83.7371719,42.2755356],[-83.7371729,42.2755356]]],[[[-83.7371706,42.2755356],[-83.7371705,42.2755353],[-83.7371696,42.2755353],[-83.7371696,42.2755356],[-83.7371706,42.2755356]]],[[[-83.7371655,42.2755357],[-83.7371655,42.2755353],[-83.7371646,42.2755354],[-83.7371646,42.2755357],[-83.7371655,42.2755357]]],[[[-83.7371632,42.2755357],[-83.7371632,42.2755354],[-83.7371622,42.2755354],[-83.7371623,42.2755357],[-83.7371632,42.2755357]]],[[[-83.7371581,42.2755358],[-83.7371581,42.2755355],[-83.7371572,42.2755355],[-83.7371572,42.2755358],[-83.7371581,42.2755358]]],[[[-83.7371558,42.2755358],[-83.7371558,42.2755355],[-83.7371549,42.2755355],[-83.7371549,42.2755359],[-83.7371558,42.2755358]]],[[[-83.7371507,42.2755359],[-83.7371507,42.2755356],[-83.7371498,42.2755356],[-83.7371498,42.2755359],[-83.7371507,42.2755359]]],[[[-83.7371484,42.275536],[-83.7371484,42.2755356],[-83.7371475,42.2755356],[-83.7371475,42.275536],[-83.7371484,42.275536]]],[[[-83.7371434,42.2755361],[-83.7371434,42.2755357],[-83.7371424,42.2755357],[-83.7371424,42.2755361],[-83.7371434,42.2755361]]],[[[-83.7371411,42.2755361],[-83.737141,42.2755357],[-83.7371401,42.2755358],[-83.7371401,42.2755361],[-83.7371411,42.2755361]]],[[[-83.737136,42.2755362],[-83.737136,42.2755358],[-83.7371351,42.2755359],[-83.7371351,42.2755362],[-83.737136,42.2755362]]],[[[-83.7371337,42.2755362],[-83.7371337,42.2755359],[-83.7371328,42.2755359],[-83.7371328,42.2755362],[-83.7371337,42.2755362]]],[[[-83.7371286,42.2755363],[-83.7371286,42.275536],[-83.7371277,42.275536],[-83.7371277,42.2755363],[-83.7371286,42.2755363]]],[[[-83.7370991,42.2755368],[-83.7370991,42.2755365],[-83.7370982,42.2755365],[-83.7370982,42.2755368],[-83.7370991,42.2755368]]],[[[-83.7370968,42.2755368],[-83.7370968,42.2755365],[-83.7370959,42.2755365],[-83.7370959,42.2755369],[-83.7370968,42.2755368]]],[[[-83.7370917,42.2755369],[-83.7370917,42.2755366],[-83.7370908,42.2755366],[-83.7370908,42.2755369],[-83.7370917,42.2755369]]],[[[-83.7370894,42.275537],[-83.7370894,42.2755366],[-83.7370885,42.2755366],[-83.7370885,42.275537],[-83.7370894,42.275537]]],[[[-83.7370844,42.275537],[-83.7370844,42.2755367],[-83.7370834,42.2755367],[-83.7370835,42.2755371],[-83.7370844,42.275537]]],[[[-83.7370821,42.2755371],[-83.7370821,42.2755367],[-83.7370811,42.2755368],[-83.7370811,42.2755371],[-83.7370821,42.2755371]]],[[[-83.737077,42.2755372],[-83.737077,42.2755368],[-83.7370761,42.2755368],[-83.7370761,42.2755372],[-83.737077,42.2755372]]],[[[-83.7370747,42.2755372],[-83.7370747,42.2755369],[-83.7370738,42.2755369],[-83.7370738,42.2755372],[-83.7370747,42.2755372]]],[[[-83.7370696,42.2755373],[-83.7370696,42.275537],[-83.7370687,42.275537],[-83.7370687,42.2755373],[-83.7370696,42.2755373]]],[[[-83.7370673,42.2755373],[-83.7370673,42.275537],[-83.7370664,42.275537],[-83.7370664,42.2755374],[-83.7370673,42.2755373]]],[[[-83.7370622,42.2755374],[-83.7370622,42.2755371],[-83.7370613,42.2755371],[-83.7370613,42.2755374],[-83.7370622,42.2755374]]],[[[-83.7370599,42.2755375],[-83.7370599,42.2755371],[-83.737059,42.2755371],[-83.737059,42.2755375],[-83.7370599,42.2755375]]],[[[-83.7370549,42.2755375],[-83.7370549,42.2755372],[-83.7370539,42.2755372],[-83.737054,42.2755376],[-83.7370549,42.2755375]]],[[[-83.7370526,42.2755376],[-83.7370526,42.2755372],[-83.7370516,42.2755373],[-83.7370516,42.2755376],[-83.7370526,42.2755376]]],[[[-83.7370475,42.2755377],[-83.7370475,42.2755373],[-83.7370466,42.2755373],[-83.7370466,42.2755377],[-83.7370475,42.2755377]]],[[[-83.7370452,42.2755377],[-83.7370452,42.2755374],[-83.7370443,42.2755374],[-83.7370443,42.2755377],[-83.7370452,42.2755377]]],[[[-83.7370401,42.2755378],[-83.7370401,42.2755375],[-83.7370392,42.2755375],[-83.7370392,42.2755378],[-83.7370401,42.2755378]]],[[[-83.7370378,42.2755378],[-83.7370378,42.2755375],[-83.7370369,42.2755375],[-83.7370369,42.2755379],[-83.7370378,42.2755378]]],[[[-83.7371815,42.2755313],[-83.7371815,42.2755306],[-83.737181,42.2755306],[-83.737181,42.2755313],[-83.7371815,42.2755313]]],[[[-83.7371727,42.2755311],[-83.7371727,42.2755304],[-83.7371722,42.2755304],[-83.7371723,42.2755311],[-83.7371727,42.2755311]]],[[[-83.7371824,42.2755306],[-83.7371824,42.2755303],[-83.7371815,42.2755303],[-83.7371815,42.2755306],[-83.7371824,42.2755306]]],[[[-83.7371732,42.2755304],[-83.7371731,42.2755297],[-83.7371727,42.2755298],[-83.7371727,42.2755304],[-83.7371732,42.2755304]]],[[[-83.7371736,42.2755297],[-83.7371736,42.2755291],[-83.7371731,42.2755291],[-83.7371731,42.2755297],[-83.7371736,42.2755297]]],[[[-83.7374435,42.2755207],[-83.7374435,42.2755204],[-83.7374426,42.2755204],[-83.7374426,42.2755208],[-83.7374435,42.2755207]]],[[[-83.7374412,42.2755208],[-83.7374412,42.2755204],[-83.7374403,42.2755205],[-83.7374403,42.2755208],[-83.7374412,42.2755208]]],[[[-83.7374362,42.2755209],[-83.7374361,42.2755205],[-83.7374352,42.2755205],[-83.7374352,42.2755209],[-83.7374362,42.2755209]]],[[[-83.7374338,42.2755209],[-83.7374338,42.2755206],[-83.7374329,42.2755206],[-83.7374329,42.2755209],[-83.7374338,42.2755209]]],[[[-83.7374288,42.275521],[-83.7374288,42.2755206],[-83.7374278,42.2755207],[-83.7374279,42.275521],[-83.7374288,42.275521]]],[[[-83.7374265,42.275521],[-83.7374265,42.2755207],[-83.7374255,42.2755207],[-83.7374256,42.275521],[-83.7374265,42.275521]]],[[[-83.7374214,42.2755211],[-83.7374214,42.2755208],[-83.7374205,42.2755208],[-83.7374205,42.2755211],[-83.7374214,42.2755211]]],[[[-83.7374191,42.2755212],[-83.7374191,42.2755208],[-83.7374182,42.2755208],[-83.7374182,42.2755212],[-83.7374191,42.2755212]]],[[[-83.737414,42.2755212],[-83.737414,42.2755209],[-83.7374131,42.2755209],[-83.7374131,42.2755213],[-83.737414,42.2755212]]],[[[-83.7374117,42.2755213],[-83.7374117,42.2755209],[-83.7374108,42.275521],[-83.7374108,42.2755213],[-83.7374117,42.2755213]]],[[[-83.7374067,42.2755214],[-83.7374066,42.275521],[-83.7374057,42.275521],[-83.7374057,42.2755214],[-83.7374067,42.2755214]]],[[[-83.7374044,42.2755214],[-83.7374043,42.2755211],[-83.7374034,42.2755211],[-83.7374034,42.2755214],[-83.7374044,42.2755214]]],[[[-83.7373993,42.2755215],[-83.7373993,42.2755211],[-83.7373984,42.2755212],[-83.7373984,42.2755215],[-83.7373993,42.2755215]]],[[[-83.737397,42.2755215],[-83.737397,42.2755212],[-83.737396,42.2755212],[-83.7373961,42.2755215],[-83.737397,42.2755215]]],[[[-83.7373919,42.2755216],[-83.7373919,42.2755213],[-83.737391,42.2755213],[-83.737391,42.2755216],[-83.7373919,42.2755216]]],[[[-83.7373896,42.2755217],[-83.7373896,42.2755213],[-83.7373887,42.2755213],[-83.7373887,42.2755217],[-83.7373896,42.2755217]]],[[[-83.7373845,42.2755217],[-83.7373845,42.2755214],[-83.7373836,42.2755214],[-83.7373836,42.2755218],[-83.7373845,42.2755217]]],[[[-83.7373822,42.2755218],[-83.7373822,42.2755214],[-83.7373813,42.2755215],[-83.7373813,42.2755218],[-83.7373822,42.2755218]]],[[[-83.7373772,42.2755219],[-83.7373772,42.2755215],[-83.7373762,42.2755215],[-83.7373762,42.2755219],[-83.7373772,42.2755219]]],[[[-83.7373749,42.2755219],[-83.7373748,42.2755216],[-83.7373739,42.2755216],[-83.7373739,42.2755219],[-83.7373749,42.2755219]]],[[[-83.7373698,42.275522],[-83.7373698,42.2755216],[-83.7373689,42.2755217],[-83.7373689,42.275522],[-83.7373698,42.275522]]],[[[-83.7373675,42.275522],[-83.7373675,42.2755217],[-83.7373666,42.2755217],[-83.7373666,42.275522],[-83.7373675,42.275522]]],[[[-83.7373624,42.2755221],[-83.7373624,42.2755218],[-83.7373615,42.2755218],[-83.7373615,42.2755221],[-83.7373624,42.2755221]]],[[[-83.7373601,42.2755222],[-83.7373601,42.2755218],[-83.7373592,42.2755218],[-83.7373592,42.2755222],[-83.7373601,42.2755222]]],[[[-83.737355,42.2755222],[-83.737355,42.2755219],[-83.7373541,42.2755219],[-83.7373541,42.2755223],[-83.737355,42.2755222]]],[[[-83.7373527,42.2755223],[-83.7373527,42.2755219],[-83.7373518,42.2755219],[-83.7373518,42.2755223],[-83.7373527,42.2755223]]],[[[-83.7373477,42.2755224],[-83.7373477,42.275522],[-83.7373467,42.275522],[-83.7373467,42.2755224],[-83.7373477,42.2755224]]],[[[-83.7373454,42.2755224],[-83.7373454,42.2755221],[-83.7373444,42.2755221],[-83.7373444,42.2755224],[-83.7373454,42.2755224]]],[[[-83.7373403,42.2755225],[-83.7373403,42.2755221],[-83.7373394,42.2755222],[-83.7373394,42.2755225],[-83.7373403,42.2755225]]],[[[-83.737338,42.2755225],[-83.737338,42.2755222],[-83.7373371,42.2755222],[-83.7373371,42.2755225],[-83.737338,42.2755225]]],[[[-83.7373329,42.2755226],[-83.7373329,42.2755223],[-83.737332,42.2755223],[-83.737332,42.2755226],[-83.7373329,42.2755226]]],[[[-83.7373306,42.2755226],[-83.7373306,42.2755223],[-83.7373297,42.2755223],[-83.7373297,42.2755227],[-83.7373306,42.2755226]]],[[[-83.7373255,42.2755227],[-83.7373255,42.2755224],[-83.7373246,42.2755224],[-83.7373246,42.2755228],[-83.7373255,42.2755227]]],[[[-83.7373232,42.2755228],[-83.7373232,42.2755224],[-83.7373223,42.2755224],[-83.7373223,42.2755228],[-83.7373232,42.2755228]]],[[[-83.7373159,42.2755229],[-83.7373159,42.2755226],[-83.7373149,42.2755226],[-83.7373149,42.2755229],[-83.7373159,42.2755229]]],[[[-83.7373108,42.275523],[-83.7373108,42.2755226],[-83.7373099,42.2755227],[-83.7373099,42.275523],[-83.7373108,42.275523]]],[[[-83.7373085,42.275523],[-83.7373085,42.2755227],[-83.7373076,42.2755227],[-83.7373076,42.275523],[-83.7373085,42.275523]]],[[[-83.7373034,42.2755231],[-83.7373034,42.2755228],[-83.7373025,42.2755228],[-83.7373025,42.2755231],[-83.7373034,42.2755231]]],[[[-83.7373011,42.2755231],[-83.7373011,42.2755228],[-83.7373002,42.2755228],[-83.7373002,42.2755232],[-83.7373011,42.2755231]]],[[[-83.7372961,42.2755232],[-83.737296,42.2755229],[-83.7372951,42.2755229],[-83.7372951,42.2755232],[-83.7372961,42.2755232]]],[[[-83.7372887,42.2755234],[-83.7372887,42.275523],[-83.7372877,42.275523],[-83.7372878,42.2755234],[-83.7372887,42.2755234]]],[[[-83.7372864,42.2755234],[-83.7372864,42.2755231],[-83.7372854,42.2755231],[-83.7372855,42.2755234],[-83.7372864,42.2755234]]],[[[-83.7372813,42.2755235],[-83.7372813,42.2755231],[-83.7372804,42.2755232],[-83.7372804,42.2755235],[-83.7372813,42.2755235]]],[[[-83.737279,42.2755235],[-83.737279,42.2755232],[-83.7372781,42.2755232],[-83.7372781,42.2755235],[-83.737279,42.2755235]]],[[[-83.7372739,42.2755236],[-83.7372739,42.2755233],[-83.737273,42.2755233],[-83.737273,42.2755236],[-83.7372739,42.2755236]]],[[[-83.7372716,42.2755236],[-83.7372716,42.2755233],[-83.7372707,42.2755233],[-83.7372707,42.2755237],[-83.7372716,42.2755236]]],[[[-83.7372666,42.2755237],[-83.7372665,42.2755234],[-83.7372656,42.2755234],[-83.7372656,42.2755237],[-83.7372666,42.2755237]]],[[[-83.7372643,42.2755238],[-83.7372642,42.2755234],[-83.7372633,42.2755234],[-83.7372633,42.2755238],[-83.7372643,42.2755238]]],[[[-83.7372592,42.2755239],[-83.7372592,42.2755235],[-83.7372583,42.2755235],[-83.7372583,42.2755239],[-83.7372592,42.2755239]]],[[[-83.7372569,42.2755239],[-83.7372569,42.2755236],[-83.7372559,42.2755236],[-83.737256,42.2755239],[-83.7372569,42.2755239]]],[[[-83.7372518,42.275524],[-83.7372518,42.2755236],[-83.7372509,42.2755237],[-83.7372509,42.275524],[-83.7372518,42.275524]]],[[[-83.7372495,42.275524],[-83.7372495,42.2755237],[-83.7372486,42.2755237],[-83.7372486,42.275524],[-83.7372495,42.275524]]],[[[-83.7372444,42.2755241],[-83.7372444,42.2755238],[-83.7372435,42.2755238],[-83.7372435,42.2755241],[-83.7372444,42.2755241]]],[[[-83.7372421,42.2755241],[-83.7372421,42.2755238],[-83.7372412,42.2755238],[-83.7372412,42.2755242],[-83.7372421,42.2755241]]],[[[-83.7372371,42.2755242],[-83.7372371,42.2755239],[-83.7372361,42.2755239],[-83.7372361,42.2755242],[-83.7372371,42.2755242]]],[[[-83.7372348,42.2755243],[-83.7372347,42.2755239],[-83.7372338,42.2755239],[-83.7372338,42.2755243],[-83.7372348,42.2755243]]],[[[-83.7372297,42.2755244],[-83.7372297,42.275524],[-83.7372288,42.275524],[-83.7372288,42.2755244],[-83.7372297,42.2755244]]],[[[-83.7372274,42.2755244],[-83.7372274,42.2755241],[-83.7372265,42.2755241],[-83.7372265,42.2755244],[-83.7372274,42.2755244]]],[[[-83.7372223,42.2755245],[-83.7372223,42.2755241],[-83.7372214,42.2755242],[-83.7372214,42.2755245],[-83.7372223,42.2755245]]],[[[-83.73722,42.2755245],[-83.73722,42.2755242],[-83.7372191,42.2755242],[-83.7372191,42.2755245],[-83.73722,42.2755245]]],[[[-83.7372149,42.2755246],[-83.7372149,42.2755243],[-83.737214,42.2755243],[-83.737214,42.2755246],[-83.7372149,42.2755246]]],[[[-83.7372126,42.2755246],[-83.7372126,42.2755243],[-83.7372117,42.2755243],[-83.7372117,42.2755247],[-83.7372126,42.2755246]]],[[[-83.7372076,42.2755247],[-83.7372076,42.2755244],[-83.7372066,42.2755244],[-83.7372066,42.2755247],[-83.7372076,42.2755247]]],[[[-83.7372053,42.2755248],[-83.7372053,42.2755244],[-83.7372043,42.2755244],[-83.7372043,42.2755248],[-83.7372053,42.2755248]]],[[[-83.7372002,42.2755249],[-83.7372002,42.2755245],[-83.7371993,42.2755245],[-83.7371993,42.2755249],[-83.7372002,42.2755249]]],[[[-83.7371979,42.2755249],[-83.7371979,42.2755246],[-83.737197,42.2755246],[-83.737197,42.2755249],[-83.7371979,42.2755249]]],[[[-83.7371928,42.275525],[-83.7371928,42.2755246],[-83.7371919,42.2755247],[-83.7371919,42.275525],[-83.7371928,42.275525]]],[[[-83.7371905,42.275525],[-83.7371905,42.2755247],[-83.7371896,42.2755247],[-83.7371896,42.275525],[-83.7371905,42.275525]]],[[[-83.7371854,42.2755251],[-83.7371854,42.2755248],[-83.7371845,42.2755248],[-83.7371845,42.2755251],[-83.7371854,42.2755251]]],[[[-83.7371831,42.2755251],[-83.7371831,42.2755248],[-83.7371822,42.2755248],[-83.7371822,42.2755252],[-83.7371831,42.2755251]]],[[[-83.7371781,42.2755252],[-83.7371781,42.2755249],[-83.7371771,42.2755249],[-83.7371772,42.2755252],[-83.7371781,42.2755252]]],[[[-83.7371758,42.2755253],[-83.7371758,42.2755249],[-83.7371748,42.2755249],[-83.7371748,42.2755253],[-83.7371758,42.2755253]]],[[[-83.7371707,42.2755254],[-83.7371707,42.275525],[-83.7371698,42.275525],[-83.7371698,42.2755254],[-83.7371707,42.2755254]]],[[[-83.7371684,42.2755254],[-83.7371684,42.2755251],[-83.7371675,42.2755251],[-83.7371675,42.2755254],[-83.7371684,42.2755254]]],[[[-83.7371633,42.2755255],[-83.7371633,42.2755251],[-83.7371624,42.2755252],[-83.7371624,42.2755255],[-83.7371633,42.2755255]]],[[[-83.737161,42.2755255],[-83.737161,42.2755252],[-83.7371601,42.2755252],[-83.7371601,42.2755255],[-83.737161,42.2755255]]],[[[-83.737156,42.2755256],[-83.7371559,42.2755253],[-83.737155,42.2755253],[-83.737155,42.2755256],[-83.737156,42.2755256]]],[[[-83.7371536,42.2755256],[-83.7371536,42.2755253],[-83.7371527,42.2755253],[-83.7371527,42.2755257],[-83.7371536,42.2755256]]],[[[-83.7371486,42.2755257],[-83.7371486,42.2755254],[-83.7371476,42.2755254],[-83.7371477,42.2755257],[-83.7371486,42.2755257]]],[[[-83.7371463,42.2755258],[-83.7371463,42.2755254],[-83.7371453,42.2755254],[-83.7371454,42.2755258],[-83.7371463,42.2755258]]],[[[-83.7371412,42.2755259],[-83.7371412,42.2755255],[-83.7371403,42.2755255],[-83.7371403,42.2755259],[-83.7371412,42.2755259]]],[[[-83.7371389,42.2755259],[-83.7371389,42.2755255],[-83.737138,42.2755256],[-83.737138,42.2755259],[-83.7371389,42.2755259]]],[[[-83.7371338,42.275526],[-83.7371338,42.2755256],[-83.7371329,42.2755257],[-83.7371329,42.275526],[-83.7371338,42.275526]]],[[[-83.7371315,42.275526],[-83.7371315,42.2755257],[-83.7371306,42.2755257],[-83.7371306,42.275526],[-83.7371315,42.275526]]],[[[-83.7371265,42.2755261],[-83.7371264,42.2755258],[-83.7371255,42.2755258],[-83.7371255,42.2755261],[-83.7371265,42.2755261]]],[[[-83.7371242,42.2755261],[-83.7371241,42.2755258],[-83.7371232,42.2755258],[-83.7371232,42.2755262],[-83.7371242,42.2755261]]],[[[-83.7371191,42.2755262],[-83.7371191,42.2755259],[-83.7371181,42.2755259],[-83.7371182,42.2755262],[-83.7371191,42.2755262]]],[[[-83.7371168,42.2755263],[-83.7371168,42.2755259],[-83.7371158,42.2755259],[-83.7371159,42.2755263],[-83.7371168,42.2755263]]],[[[-83.7371117,42.2755264],[-83.7371117,42.275526],[-83.7371108,42.275526],[-83.7371108,42.2755264],[-83.7371117,42.2755264]]],[[[-83.7371094,42.2755264],[-83.7371094,42.275526],[-83.7371085,42.2755261],[-83.7371085,42.2755264],[-83.7371094,42.2755264]]],[[[-83.7371043,42.2755265],[-83.7371043,42.2755261],[-83.7371034,42.2755261],[-83.7371034,42.2755265],[-83.7371043,42.2755265]]],[[[-83.737102,42.2755265],[-83.737102,42.2755262],[-83.7371011,42.2755262],[-83.7371011,42.2755265],[-83.737102,42.2755265]]],[[[-83.737097,42.2755266],[-83.7370969,42.2755263],[-83.737096,42.2755263],[-83.737096,42.2755266],[-83.737097,42.2755266]]],[[[-83.7370947,42.2755266],[-83.7370946,42.2755263],[-83.7370937,42.2755263],[-83.7370937,42.2755267],[-83.7370947,42.2755266]]],[[[-83.7370896,42.2755267],[-83.7370896,42.2755264],[-83.7370887,42.2755264],[-83.7370887,42.2755267],[-83.7370896,42.2755267]]],[[[-83.7370873,42.2755268],[-83.7370873,42.2755264],[-83.7370863,42.2755264],[-83.7370864,42.2755268],[-83.7370873,42.2755268]]],[[[-83.7370822,42.2755268],[-83.7370822,42.2755265],[-83.7370813,42.2755265],[-83.7370813,42.2755269],[-83.7370822,42.2755268]]],[[[-83.7370799,42.2755269],[-83.7370799,42.2755265],[-83.737079,42.2755266],[-83.737079,42.2755269],[-83.7370799,42.2755269]]],[[[-83.7370748,42.275527],[-83.7370748,42.2755266],[-83.7370739,42.2755266],[-83.7370739,42.275527],[-83.7370748,42.275527]]],[[[-83.7370725,42.275527],[-83.7370725,42.2755267],[-83.7370716,42.2755267],[-83.7370716,42.275527],[-83.7370725,42.275527]]],[[[-83.7370675,42.2755271],[-83.7370675,42.2755268],[-83.7370665,42.2755268],[-83.7370665,42.2755271],[-83.7370675,42.2755271]]],[[[-83.7370652,42.2755271],[-83.7370651,42.2755268],[-83.7370642,42.2755268],[-83.7370642,42.2755272],[-83.7370652,42.2755271]]],[[[-83.7370601,42.2755272],[-83.7370601,42.2755269],[-83.7370592,42.2755269],[-83.7370592,42.2755272],[-83.7370601,42.2755272]]],[[[-83.7370578,42.2755273],[-83.7370578,42.2755269],[-83.7370569,42.2755269],[-83.7370569,42.2755273],[-83.7370578,42.2755273]]],[[[-83.7370527,42.2755273],[-83.7370527,42.275527],[-83.7370518,42.275527],[-83.7370518,42.2755274],[-83.7370527,42.2755273]]],[[[-83.7370504,42.2755274],[-83.7370504,42.275527],[-83.7370495,42.2755271],[-83.7370495,42.2755274],[-83.7370504,42.2755274]]],[[[-83.7370453,42.2755275],[-83.7370453,42.2755271],[-83.7370444,42.2755271],[-83.7370444,42.2755275],[-83.7370453,42.2755275]]],[[[-83.737043,42.2755275],[-83.737043,42.2755272],[-83.7370421,42.2755272],[-83.7370421,42.2755275],[-83.737043,42.2755275]]],[[[-83.7370357,42.2755276],[-83.7370357,42.2755273],[-83.7370347,42.2755273],[-83.7370347,42.2755277],[-83.7370357,42.2755276]]],[[[-83.7370306,42.2755277],[-83.7370306,42.2755274],[-83.7370297,42.2755274],[-83.7370297,42.2755277],[-83.7370306,42.2755277]]],[[[-83.7370283,42.2755278],[-83.7370283,42.2755274],[-83.7370274,42.2755274],[-83.7370274,42.2755278],[-83.7370283,42.2755278]]],[[[-83.7370232,42.2755278],[-83.7370232,42.2755275],[-83.7370223,42.2755275],[-83.7370223,42.2755279],[-83.7370232,42.2755278]]],[[[-83.7370209,42.2755279],[-83.7370209,42.2755275],[-83.73702,42.2755276],[-83.73702,42.2755279],[-83.7370209,42.2755279]]],[[[-83.7370158,42.275528],[-83.7370158,42.2755276],[-83.7370149,42.2755276],[-83.7370149,42.275528],[-83.7370158,42.275528]]],[[[-83.7370135,42.275528],[-83.7370135,42.2755277],[-83.7370126,42.2755277],[-83.7370126,42.275528],[-83.7370135,42.275528]]],[[[-83.7370085,42.2755281],[-83.7370085,42.2755278],[-83.7370075,42.2755278],[-83.7370075,42.2755281],[-83.7370085,42.2755281]]],[[[-83.7370062,42.2755281],[-83.7370062,42.2755278],[-83.7370052,42.2755278],[-83.7370052,42.2755282],[-83.7370062,42.2755281]]],[[[-83.7370011,42.2755282],[-83.7370011,42.2755279],[-83.7370002,42.2755279],[-83.7370002,42.2755282],[-83.7370011,42.2755282]]],[[[-83.7369988,42.2755283],[-83.7369988,42.2755279],[-83.7369979,42.2755279],[-83.7369979,42.2755283],[-83.7369988,42.2755283]]],[[[-83.7369937,42.2755283],[-83.7369937,42.275528],[-83.7369928,42.275528],[-83.7369928,42.2755284],[-83.7369937,42.2755283]]],[[[-83.7369914,42.2755284],[-83.7369914,42.275528],[-83.7369905,42.2755281],[-83.7369905,42.2755284],[-83.7369914,42.2755284]]],[[[-83.7369863,42.2755285],[-83.7369863,42.2755281],[-83.7369854,42.2755281],[-83.7369854,42.2755285],[-83.7369863,42.2755285]]],[[[-83.736984,42.2755285],[-83.736984,42.2755282],[-83.7369831,42.2755282],[-83.7369831,42.2755285],[-83.736984,42.2755285]]],[[[-83.736979,42.2755286],[-83.736979,42.2755283],[-83.736978,42.2755283],[-83.7369781,42.2755286],[-83.736979,42.2755286]]],[[[-83.7369767,42.2755286],[-83.7369767,42.2755283],[-83.7369757,42.2755283],[-83.7369757,42.2755286],[-83.7369767,42.2755286]]],[[[-83.7369716,42.2755287],[-83.7369716,42.2755284],[-83.7369707,42.2755284],[-83.7369707,42.2755287],[-83.7369716,42.2755287]]],[[[-83.7369693,42.2755288],[-83.7369693,42.2755284],[-83.7369684,42.2755284],[-83.7369684,42.2755288],[-83.7369693,42.2755288]]],[[[-83.7369642,42.2755288],[-83.7369642,42.2755285],[-83.7369633,42.2755285],[-83.7369633,42.2755289],[-83.7369642,42.2755288]]],[[[-83.7369619,42.2755289],[-83.7369619,42.2755285],[-83.736961,42.2755286],[-83.736961,42.2755289],[-83.7369619,42.2755289]]],[[[-83.7369569,42.275529],[-83.7369568,42.2755286],[-83.7369559,42.2755286],[-83.7369559,42.275529],[-83.7369569,42.275529]]],[[[-83.7369545,42.275529],[-83.7369545,42.2755287],[-83.7369536,42.2755287],[-83.7369536,42.275529],[-83.7369545,42.275529]]],[[[-83.7369495,42.2755291],[-83.7369495,42.2755288],[-83.7369485,42.2755288],[-83.7369486,42.2755291],[-83.7369495,42.2755291]]],[[[-83.7369472,42.2755291],[-83.7369472,42.2755288],[-83.7369462,42.2755288],[-83.7369463,42.2755291],[-83.7369472,42.2755291]]],[[[-83.7369421,42.2755292],[-83.7369421,42.2755289],[-83.7369412,42.2755289],[-83.7369412,42.2755292],[-83.7369421,42.2755292]]],[[[-83.7369398,42.2755293],[-83.7369398,42.2755289],[-83.7369389,42.2755289],[-83.7369389,42.2755293],[-83.7369398,42.2755293]]],[[[-83.7369347,42.2755293],[-83.7369347,42.275529],[-83.7369338,42.275529],[-83.7369338,42.2755294],[-83.7369347,42.2755293]]],[[[-83.7369324,42.2755294],[-83.7369324,42.275529],[-83.7369315,42.2755291],[-83.7369315,42.2755294],[-83.7369324,42.2755294]]],[[[-83.7369274,42.2755295],[-83.7369273,42.2755291],[-83.7369264,42.2755291],[-83.7369264,42.2755295],[-83.7369274,42.2755295]]],[[[-83.7369251,42.2755295],[-83.736925,42.2755292],[-83.7369241,42.2755292],[-83.7369241,42.2755295],[-83.7369251,42.2755295]]],[[[-83.73692,42.2755296],[-83.73692,42.2755293],[-83.736919,42.2755293],[-83.7369191,42.2755296],[-83.73692,42.2755296]]],[[[-83.7369177,42.2755296],[-83.7369177,42.2755293],[-83.7369167,42.2755293],[-83.7369168,42.2755296],[-83.7369177,42.2755296]]],[[[-83.7369126,42.2755297],[-83.7369126,42.2755294],[-83.7369117,42.2755294],[-83.7369117,42.2755297],[-83.7369126,42.2755297]]],[[[-83.7373181,42.2755191],[-83.737318,42.2755184],[-83.7373176,42.2755184],[-83.7373176,42.2755191],[-83.7373181,42.2755191]]],[[[-83.7372932,42.2755195],[-83.7372932,42.2755188],[-83.7372927,42.2755189],[-83.7372927,42.2755195],[-83.7372932,42.2755195]]],[[[-83.737318,42.2755174],[-83.737318,42.2755167],[-83.7373175,42.2755167],[-83.7373175,42.2755174],[-83.737318,42.2755174]]],[[[-83.7372931,42.2755178],[-83.7372931,42.2755171],[-83.7372926,42.2755172],[-83.7372927,42.2755178],[-83.7372931,42.2755178]]],[[[-83.7373179,42.2755137],[-83.7373179,42.275513],[-83.7373174,42.275513],[-83.7373174,42.2755137],[-83.7373179,42.2755137]]],[[[-83.737293,42.2755141],[-83.737293,42.2755134],[-83.7372925,42.2755134],[-83.7372925,42.2755141],[-83.737293,42.2755141]]],[[[-83.7373178,42.2755119],[-83.7373178,42.2755113],[-83.7373174,42.2755113],[-83.7373174,42.275512],[-83.7373178,42.2755119]]],[[[-83.7372929,42.2755124],[-83.7372929,42.2755117],[-83.7372925,42.2755117],[-83.7372925,42.2755124],[-83.7372929,42.2755124]]],[[[-83.7371809,42.2755122],[-83.7371809,42.2755115],[-83.7371804,42.2755115],[-83.7371804,42.2755122],[-83.7371809,42.2755122]]],[[[-83.7371818,42.2755115],[-83.7371818,42.2755112],[-83.7371809,42.2755112],[-83.7371809,42.2755115],[-83.7371818,42.2755115]]],[[[-83.7373177,42.2755082],[-83.7373177,42.2755075],[-83.7373172,42.2755075],[-83.7373173,42.2755082],[-83.7373177,42.2755082]]],[[[-83.7372928,42.2755086],[-83.7372928,42.2755079],[-83.7372924,42.2755079],[-83.7372924,42.2755086],[-83.7372928,42.2755086]]],[[[-83.7373177,42.2755065],[-83.7373176,42.2755058],[-83.7373172,42.2755058],[-83.7373172,42.2755065],[-83.7373177,42.2755065]]],[[[-83.7372928,42.2755069],[-83.7372928,42.2755062],[-83.7372923,42.2755062],[-83.7372923,42.2755069],[-83.7372928,42.2755069]]],[[[-83.7369701,42.275511],[-83.7369701,42.2755107],[-83.7369692,42.2755107],[-83.7369692,42.275511],[-83.7369701,42.275511]]],[[[-83.7373863,42.2755036],[-83.7373863,42.2755029],[-83.7373858,42.275503],[-83.7373858,42.2755036],[-83.7373863,42.2755036]]],[[[-83.7369752,42.2755106],[-83.7369752,42.2755099],[-83.7369747,42.2755099],[-83.7369747,42.2755106],[-83.7369752,42.2755106]]],[[[-83.7373872,42.2755029],[-83.7373872,42.2755026],[-83.7373862,42.2755026],[-83.7373863,42.2755029],[-83.7373872,42.2755029]]],[[[-83.7369761,42.2755099],[-83.7369761,42.2755095],[-83.7369752,42.2755096],[-83.7369752,42.2755099],[-83.7369761,42.2755099]]],[[[-83.7373176,42.2755027],[-83.7373175,42.2755021],[-83.7373171,42.2755021],[-83.7373171,42.2755027],[-83.7373176,42.2755027]]],[[[-83.7372927,42.2755032],[-83.7372926,42.2755025],[-83.7372922,42.2755025],[-83.7372922,42.2755032],[-83.7372927,42.2755032]]],[[[-83.7373175,42.275501],[-83.7373175,42.2755004],[-83.737317,42.2755004],[-83.737317,42.275501],[-83.7373175,42.275501]]],[[[-83.7372926,42.2755015],[-83.7372926,42.2755008],[-83.7372921,42.2755008],[-83.7372922,42.2755015],[-83.7372926,42.2755015]]],[[[-83.7373174,42.2754973],[-83.7373174,42.2754966],[-83.7373169,42.2754966],[-83.7373169,42.2754973],[-83.7373174,42.2754973]]],[[[-83.7372925,42.2754977],[-83.7372925,42.275497],[-83.737292,42.275497],[-83.737292,42.2754977],[-83.7372925,42.2754977]]],[[[-83.7373173,42.2754956],[-83.7373173,42.2754949],[-83.7373168,42.2754949],[-83.7373169,42.2754956],[-83.7373173,42.2754956]]],[[[-83.7372924,42.275496],[-83.7372924,42.2754953],[-83.737292,42.2754953],[-83.737292,42.275496],[-83.7372924,42.275496]]],[[[-83.7373172,42.2754918],[-83.7373172,42.2754911],[-83.7373167,42.2754912],[-83.7373168,42.2754918],[-83.7373172,42.2754918]]],[[[-83.7373172,42.2754901],[-83.7373171,42.2754894],[-83.7373167,42.2754894],[-83.7373167,42.2754901],[-83.7373172,42.2754901]]],[[[-83.737317,42.2754864],[-83.737317,42.2754857],[-83.7373166,42.2754857],[-83.7373166,42.2754864],[-83.737317,42.2754864]]],[[[-83.7372922,42.2754868],[-83.7372921,42.2754861],[-83.7372917,42.2754861],[-83.7372917,42.2754868],[-83.7372922,42.2754868]]],[[[-83.7372921,42.2754851],[-83.7372921,42.2754844],[-83.7372916,42.2754844],[-83.7372916,42.2754851],[-83.7372921,42.2754851]]],[[[-83.737292,42.2754813],[-83.737292,42.2754807],[-83.7372915,42.2754807],[-83.7372915,42.2754813],[-83.737292,42.2754813]]],[[[-83.7372919,42.2754796],[-83.7372919,42.2754789],[-83.7372915,42.275479],[-83.7372915,42.2754796],[-83.7372919,42.2754796]]],[[[-83.7372918,42.2754759],[-83.7372918,42.2754752],[-83.7372913,42.2754752],[-83.7372914,42.2754759],[-83.7372918,42.2754759]]],[[[-83.7372918,42.2754742],[-83.7372917,42.2754735],[-83.7372913,42.2754735],[-83.7372913,42.2754742],[-83.7372918,42.2754742]]],[[[-83.7372917,42.2754704],[-83.7372916,42.2754697],[-83.7372912,42.2754697],[-83.7372912,42.2754704],[-83.7372917,42.2754704]]],[[[-83.7371795,42.2754662],[-83.7371795,42.2754655],[-83.737179,42.2754655],[-83.737179,42.2754662],[-83.7371795,42.2754662]]],[[[-83.7371804,42.2754655],[-83.7371804,42.2754651],[-83.7371794,42.2754652],[-83.7371795,42.2754655],[-83.7371804,42.2754655]]],[[[-83.7371716,42.2754643],[-83.7371716,42.2754639],[-83.7371706,42.2754639],[-83.7371707,42.2754643],[-83.7371716,42.2754643]]],[[[-83.7373161,42.2754557],[-83.7373161,42.275455],[-83.7373156,42.275455],[-83.7373156,42.2754557],[-83.7373161,42.2754557]]],[[[-83.7372912,42.2754561],[-83.7372912,42.2754554],[-83.7372907,42.2754554],[-83.7372907,42.2754561],[-83.7372912,42.2754561]]],[[[-83.737316,42.2754519],[-83.737316,42.2754512],[-83.7373155,42.2754513],[-83.7373155,42.2754519],[-83.737316,42.2754519]]],[[[-83.7372911,42.2754523],[-83.7372911,42.2754517],[-83.7372906,42.2754517],[-83.7372906,42.2754524],[-83.7372911,42.2754523]]],[[[-83.7373159,42.2754502],[-83.7373159,42.2754495],[-83.7373154,42.2754496],[-83.7373155,42.2754502],[-83.7373159,42.2754502]]],[[[-83.737291,42.2754506],[-83.737291,42.27545],[-83.7372906,42.27545],[-83.7372906,42.2754507],[-83.737291,42.2754506]]],[[[-83.7373158,42.2754465],[-83.7373158,42.2754458],[-83.7373153,42.2754458],[-83.7373153,42.2754465],[-83.7373158,42.2754465]]],[[[-83.7372909,42.2754469],[-83.7372909,42.2754462],[-83.7372904,42.2754462],[-83.7372905,42.2754469],[-83.7372909,42.2754469]]],[[[-83.7373158,42.2754448],[-83.7373157,42.2754441],[-83.7373153,42.2754441],[-83.7373153,42.2754448],[-83.7373158,42.2754448]]],[[[-83.7372909,42.2754452],[-83.7372908,42.2754445],[-83.7372904,42.2754445],[-83.7372904,42.2754452],[-83.7372909,42.2754452]]],[[[-83.7373156,42.275441],[-83.7373156,42.2754403],[-83.7373152,42.2754403],[-83.7373152,42.275441],[-83.7373156,42.275441]]],[[[-83.7372908,42.2754414],[-83.7372907,42.2754408],[-83.7372903,42.2754408],[-83.7372903,42.2754414],[-83.7372908,42.2754414]]],[[[-83.7371737,42.2754421],[-83.7371736,42.2754417],[-83.7371727,42.2754417],[-83.7371727,42.2754421],[-83.7371737,42.2754421]]],[[[-83.7373843,42.2754382],[-83.7373842,42.2754375],[-83.7373838,42.2754375],[-83.7373838,42.2754382],[-83.7373843,42.2754382]]],[[[-83.7373783,42.2754383],[-83.7373782,42.2754376],[-83.7373778,42.2754376],[-83.7373778,42.2754383],[-83.7373783,42.2754383]]],[[[-83.7373156,42.2754393],[-83.7373156,42.2754386],[-83.7373151,42.2754386],[-83.7373151,42.2754393],[-83.7373156,42.2754393]]],[[[-83.7372907,42.2754397],[-83.7372907,42.2754391],[-83.7372902,42.2754391],[-83.7372902,42.2754397],[-83.7372907,42.2754397]]],[[[-83.7371787,42.2754416],[-83.7371787,42.2754409],[-83.7371782,42.275441],[-83.7371783,42.2754416],[-83.7371787,42.2754416]]],[[[-83.7373852,42.2754375],[-83.7373851,42.2754371],[-83.7373842,42.2754371],[-83.7373842,42.2754375],[-83.7373852,42.2754375]]],[[[-83.7373792,42.2754376],[-83.7373792,42.2754372],[-83.7373782,42.2754372],[-83.7373782,42.2754376],[-83.7373792,42.2754376]]],[[[-83.7371796,42.2754409],[-83.7371796,42.2754406],[-83.7371787,42.2754406],[-83.7371787,42.2754409],[-83.7371796,42.2754409]]],[[[-83.7373155,42.2754356],[-83.7373154,42.2754349],[-83.737315,42.2754349],[-83.737315,42.2754356],[-83.7373155,42.2754356]]],[[[-83.7372906,42.275436],[-83.7372906,42.2754353],[-83.7372901,42.2754353],[-83.7372901,42.275436],[-83.7372906,42.275436]]],[[[-83.7373154,42.2754339],[-83.7373154,42.2754332],[-83.7373149,42.2754332],[-83.737315,42.2754339],[-83.7373154,42.2754339]]],[[[-83.7372905,42.2754343],[-83.7372905,42.2754336],[-83.73729,42.2754336],[-83.7372901,42.2754343],[-83.7372905,42.2754343]]],[[[-83.7373153,42.2754301],[-83.7373153,42.2754294],[-83.7373148,42.2754294],[-83.7373148,42.2754301],[-83.7373153,42.2754301]]],[[[-83.7372904,42.2754305],[-83.7372904,42.2754298],[-83.7372899,42.2754299],[-83.73729,42.2754305],[-83.7372904,42.2754305]]],[[[-83.7373152,42.2754284],[-83.7373152,42.2754277],[-83.7373148,42.2754277],[-83.7373148,42.2754284],[-83.7373152,42.2754284]]],[[[-83.7372904,42.2754288],[-83.7372903,42.2754281],[-83.7372899,42.2754281],[-83.7372899,42.2754288],[-83.7372904,42.2754288]]],[[[-83.7369728,42.2754332],[-83.7369728,42.2754325],[-83.7369723,42.2754325],[-83.7369723,42.2754332],[-83.7369728,42.2754332]]],[[[-83.7369673,42.2754329],[-83.7369672,42.2754322],[-83.7369668,42.2754322],[-83.7369668,42.2754329],[-83.7369673,42.2754329]]],[[[-83.7369737,42.2754325],[-83.7369737,42.2754321],[-83.7369728,42.2754321],[-83.7369728,42.2754325],[-83.7369737,42.2754325]]],[[[-83.7369677,42.2754322],[-83.7369677,42.2754315],[-83.7369672,42.2754316],[-83.7369672,42.2754322],[-83.7369677,42.2754322]]],[[[-83.7369681,42.2754315],[-83.7369681,42.2754309],[-83.7369676,42.2754309],[-83.7369677,42.2754315],[-83.7369681,42.2754315]]],[[[-83.7373151,42.2754246],[-83.7373151,42.275424],[-83.7373147,42.275424],[-83.7373147,42.2754247],[-83.7373151,42.2754246]]],[[[-83.7372902,42.2754251],[-83.7372902,42.2754244],[-83.7372898,42.2754244],[-83.7372898,42.2754251],[-83.7372902,42.2754251]]],[[[-83.7373151,42.2754229],[-83.7373151,42.2754223],[-83.7373146,42.2754223],[-83.7373146,42.275423],[-83.7373151,42.2754229]]],[[[-83.7372902,42.2754234],[-83.7372902,42.2754227],[-83.7372897,42.2754227],[-83.7372897,42.2754234],[-83.7372902,42.2754234]]],[[[-83.7372901,42.2754196],[-83.7372901,42.2754189],[-83.7372896,42.2754189],[-83.7372896,42.2754196],[-83.7372901,42.2754196]]],[[[-83.73729,42.2754179],[-83.73729,42.2754172],[-83.7372895,42.2754172],[-83.7372896,42.2754179],[-83.73729,42.2754179]]],[[[-83.7372899,42.2754142],[-83.7372899,42.2754135],[-83.7372894,42.2754135],[-83.7372894,42.2754142],[-83.7372899,42.2754142]]],[[[-83.7372899,42.2754125],[-83.7372898,42.2754118],[-83.7372894,42.2754118],[-83.7372894,42.2754125],[-83.7372899,42.2754125]]],[[[-83.7373833,42.2754071],[-83.7373833,42.2754064],[-83.7373828,42.2754064],[-83.7373828,42.2754071],[-83.7373833,42.2754071]]],[[[-83.7372897,42.2754087],[-83.7372897,42.275408],[-83.7372893,42.275408],[-83.7372893,42.2754087],[-83.7372897,42.2754087]]],[[[-83.7373745,42.2754069],[-83.7373745,42.2754062],[-83.737374,42.2754063],[-83.7373741,42.2754069],[-83.7373745,42.2754069]]],[[[-83.7373842,42.2754064],[-83.7373842,42.2754061],[-83.7373833,42.2754061],[-83.7373833,42.2754064],[-83.7373842,42.2754064]]],[[[-83.737375,42.2754062],[-83.7373749,42.2754056],[-83.7373745,42.2754056],[-83.7373745,42.2754062],[-83.737375,42.2754062]]],[[[-83.7373754,42.2754055],[-83.7373754,42.2754049],[-83.7373749,42.2754049],[-83.7373749,42.2754056],[-83.7373754,42.2754055]]],[[[-83.7372897,42.275407],[-83.7372897,42.2754063],[-83.7372892,42.2754063],[-83.7372892,42.275407],[-83.7372897,42.275407]]],[[[-83.7372896,42.2754032],[-83.7372895,42.2754026],[-83.7372891,42.2754026],[-83.7372891,42.2754033],[-83.7372896,42.2754032]]],[[[-83.7372895,42.2754015],[-83.7372895,42.2754009],[-83.737289,42.2754009],[-83.7372891,42.2754015],[-83.7372895,42.2754015]]],[[[-83.7372894,42.2753978],[-83.7372894,42.2753971],[-83.7372889,42.2753971],[-83.7372889,42.2753978],[-83.7372894,42.2753978]]],[[[-83.73744,42.2753935],[-83.73744,42.2753932],[-83.7374391,42.2753932],[-83.7374391,42.2753936],[-83.73744,42.2753935]]],[[[-83.7374377,42.2753936],[-83.7374377,42.2753932],[-83.7374368,42.2753933],[-83.7374368,42.2753936],[-83.7374377,42.2753936]]],[[[-83.7374327,42.2753937],[-83.7374327,42.2753933],[-83.7374317,42.2753933],[-83.7374318,42.2753937],[-83.7374327,42.2753937]]],[[[-83.7374304,42.2753937],[-83.7374304,42.2753934],[-83.7374294,42.2753934],[-83.7374294,42.2753937],[-83.7374304,42.2753937]]],[[[-83.7374253,42.2753938],[-83.7374253,42.2753934],[-83.7374244,42.2753935],[-83.7374244,42.2753938],[-83.7374253,42.2753938]]],[[[-83.737423,42.2753938],[-83.737423,42.2753935],[-83.7374221,42.2753935],[-83.7374221,42.2753938],[-83.737423,42.2753938]]],[[[-83.7374179,42.2753939],[-83.7374179,42.2753936],[-83.737417,42.2753936],[-83.737417,42.2753939],[-83.7374179,42.2753939]]],[[[-83.7374156,42.2753939],[-83.7374156,42.2753936],[-83.7374147,42.2753936],[-83.7374147,42.275394],[-83.7374156,42.2753939]]],[[[-83.7374106,42.275394],[-83.7374105,42.2753937],[-83.7374096,42.2753937],[-83.7374096,42.2753941],[-83.7374106,42.275394]]],[[[-83.7374082,42.2753941],[-83.7374082,42.2753937],[-83.7374073,42.2753937],[-83.7374073,42.2753941],[-83.7374082,42.2753941]]],[[[-83.7374032,42.2753942],[-83.7374032,42.2753938],[-83.7374022,42.2753938],[-83.7374023,42.2753942],[-83.7374032,42.2753942]]],[[[-83.7374009,42.2753942],[-83.7374009,42.2753939],[-83.7373999,42.2753939],[-83.7374,42.2753942],[-83.7374009,42.2753942]]],[[[-83.7373958,42.2753943],[-83.7373958,42.2753939],[-83.7373949,42.275394],[-83.7373949,42.2753943],[-83.7373958,42.2753943]]],[[[-83.7373935,42.2753943],[-83.7373935,42.275394],[-83.7373926,42.275394],[-83.7373926,42.2753943],[-83.7373935,42.2753943]]],[[[-83.7373884,42.2753944],[-83.7373884,42.2753941],[-83.7373875,42.2753941],[-83.7373875,42.2753944],[-83.7373884,42.2753944]]],[[[-83.7373861,42.2753944],[-83.7373861,42.2753941],[-83.7373852,42.2753941],[-83.7373852,42.2753945],[-83.7373861,42.2753944]]],[[[-83.7373811,42.2753945],[-83.737381,42.2753942],[-83.7373801,42.2753942],[-83.7373801,42.2753945],[-83.7373811,42.2753945]]],[[[-83.7373788,42.2753946],[-83.7373787,42.2753942],[-83.7373778,42.2753942],[-83.7373778,42.2753946],[-83.7373788,42.2753946]]],[[[-83.7373737,42.2753947],[-83.7373737,42.2753943],[-83.7373728,42.2753943],[-83.7373728,42.2753947],[-83.7373737,42.2753947]]],[[[-83.7373714,42.2753947],[-83.7373714,42.2753944],[-83.7373704,42.2753944],[-83.7373705,42.2753947],[-83.7373714,42.2753947]]],[[[-83.7373663,42.2753948],[-83.7373663,42.2753944],[-83.7373654,42.2753945],[-83.7373654,42.2753948],[-83.7373663,42.2753948]]],[[[-83.737364,42.2753948],[-83.737364,42.2753945],[-83.7373631,42.2753945],[-83.7373631,42.2753948],[-83.737364,42.2753948]]],[[[-83.7373589,42.2753949],[-83.7373589,42.2753946],[-83.737358,42.2753946],[-83.737358,42.2753949],[-83.7373589,42.2753949]]],[[[-83.7373566,42.2753949],[-83.7373566,42.2753946],[-83.7373557,42.2753946],[-83.7373557,42.275395],[-83.7373566,42.2753949]]],[[[-83.7373516,42.275395],[-83.7373516,42.2753947],[-83.7373506,42.2753947],[-83.7373506,42.275395],[-83.7373516,42.275395]]],[[[-83.7373493,42.2753951],[-83.7373492,42.2753947],[-83.7373483,42.2753947],[-83.7373483,42.2753951],[-83.7373493,42.2753951]]],[[[-83.7373442,42.2753952],[-83.7373442,42.2753948],[-83.7373433,42.2753948],[-83.7373433,42.2753952],[-83.7373442,42.2753952]]],[[[-83.7373419,42.2753952],[-83.7373419,42.2753949],[-83.737341,42.2753949],[-83.737341,42.2753952],[-83.7373419,42.2753952]]],[[[-83.7373368,42.2753953],[-83.7373368,42.2753949],[-83.7373359,42.275395],[-83.7373359,42.2753953],[-83.7373368,42.2753953]]],[[[-83.7373345,42.2753953],[-83.7373345,42.275395],[-83.7373336,42.275395],[-83.7373336,42.2753953],[-83.7373345,42.2753953]]],[[[-83.7373294,42.2753954],[-83.7373294,42.2753951],[-83.7373285,42.2753951],[-83.7373285,42.2753954],[-83.7373294,42.2753954]]],[[[-83.7373271,42.2753954],[-83.7373271,42.2753951],[-83.7373262,42.2753951],[-83.7373262,42.2753955],[-83.7373271,42.2753954]]],[[[-83.7373221,42.2753955],[-83.7373221,42.2753952],[-83.7373211,42.2753952],[-83.7373211,42.2753955],[-83.7373221,42.2753955]]],[[[-83.7373198,42.2753956],[-83.7373198,42.2753952],[-83.7373188,42.2753952],[-83.7373188,42.2753956],[-83.7373198,42.2753956]]],[[[-83.7372893,42.2753961],[-83.7372893,42.2753954],[-83.7372889,42.2753954],[-83.7372889,42.2753961],[-83.7372893,42.2753961]]],[[[-83.7370303,42.2754005],[-83.7370303,42.2754001],[-83.7370294,42.2754001],[-83.7370294,42.2754005],[-83.7370303,42.2754005]]],[[[-83.737028,42.2754005],[-83.737028,42.2754002],[-83.7370271,42.2754002],[-83.7370271,42.2754005],[-83.737028,42.2754005]]],[[[-83.737023,42.2754006],[-83.737023,42.2754002],[-83.737022,42.2754003],[-83.737022,42.2754006],[-83.737023,42.2754006]]],[[[-83.7370207,42.2754006],[-83.7370207,42.2754003],[-83.7370197,42.2754003],[-83.7370197,42.2754006],[-83.7370207,42.2754006]]],[[[-83.7370156,42.2754007],[-83.7370156,42.2754004],[-83.7370147,42.2754004],[-83.7370147,42.2754007],[-83.7370156,42.2754007]]],[[[-83.7370133,42.2754007],[-83.7370133,42.2754004],[-83.7370124,42.2754004],[-83.7370124,42.2754008],[-83.7370133,42.2754007]]],[[[-83.7370082,42.2754008],[-83.7370082,42.2754005],[-83.7370073,42.2754005],[-83.7370073,42.2754008],[-83.7370082,42.2754008]]],[[[-83.7370059,42.2754009],[-83.7370059,42.2754005],[-83.737005,42.2754005],[-83.737005,42.2754009],[-83.7370059,42.2754009]]],[[[-83.7370008,42.275401],[-83.7370008,42.2754006],[-83.7369999,42.2754006],[-83.7369999,42.275401],[-83.7370008,42.275401]]],[[[-83.7369985,42.275401],[-83.7369985,42.2754007],[-83.7369976,42.2754007],[-83.7369976,42.275401],[-83.7369985,42.275401]]],[[[-83.7369935,42.2754011],[-83.7369935,42.2754007],[-83.7369925,42.2754008],[-83.7369926,42.2754011],[-83.7369935,42.2754011]]],[[[-83.7369912,42.2754011],[-83.7369912,42.2754008],[-83.7369902,42.2754008],[-83.7369902,42.2754011],[-83.7369912,42.2754011]]],[[[-83.7369861,42.2754012],[-83.7369861,42.2754009],[-83.7369852,42.2754009],[-83.7369852,42.2754012],[-83.7369861,42.2754012]]],[[[-83.7369838,42.2754012],[-83.7369838,42.2754009],[-83.7369829,42.2754009],[-83.7369829,42.2754013],[-83.7369838,42.2754012]]],[[[-83.7369787,42.2754013],[-83.7369787,42.275401],[-83.7369778,42.275401],[-83.7369778,42.2754013],[-83.7369787,42.2754013]]],[[[-83.7369764,42.2754014],[-83.7369764,42.275401],[-83.7369755,42.275401],[-83.7369755,42.2754014],[-83.7369764,42.2754014]]],[[[-83.7369713,42.2754015],[-83.7369713,42.2754011],[-83.7369704,42.2754011],[-83.7369704,42.2754015],[-83.7369713,42.2754015]]],[[[-83.736969,42.2754015],[-83.736969,42.2754012],[-83.7369681,42.2754012],[-83.7369681,42.2754015],[-83.736969,42.2754015]]],[[[-83.736964,42.2754016],[-83.736964,42.2754012],[-83.736963,42.2754013],[-83.7369631,42.2754016],[-83.736964,42.2754016]]],[[[-83.7369617,42.2754016],[-83.7369617,42.2754013],[-83.7369607,42.2754013],[-83.7369607,42.2754016],[-83.7369617,42.2754016]]],[[[-83.7369566,42.2754017],[-83.7369566,42.2754014],[-83.7369557,42.2754014],[-83.7369557,42.2754017],[-83.7369566,42.2754017]]],[[[-83.7369543,42.2754017],[-83.7369543,42.2754014],[-83.7369534,42.2754014],[-83.7369534,42.2754018],[-83.7369543,42.2754017]]],[[[-83.7369492,42.2754018],[-83.7369492,42.2754015],[-83.7369483,42.2754015],[-83.7369483,42.2754018],[-83.7369492,42.2754018]]],[[[-83.7369469,42.2754019],[-83.7369469,42.2754015],[-83.736946,42.2754015],[-83.736946,42.2754019],[-83.7369469,42.2754019]]],[[[-83.7369419,42.275402],[-83.7369418,42.2754016],[-83.7369409,42.2754016],[-83.7369409,42.275402],[-83.7369419,42.275402]]],[[[-83.7369395,42.275402],[-83.7369395,42.2754017],[-83.7369386,42.2754017],[-83.7369386,42.275402],[-83.7369395,42.275402]]],[[[-83.7369345,42.2754021],[-83.7369345,42.2754017],[-83.7369335,42.2754018],[-83.7369336,42.2754021],[-83.7369345,42.2754021]]],[[[-83.7369322,42.2754021],[-83.7369322,42.2754018],[-83.7369312,42.2754018],[-83.7369313,42.2754021],[-83.7369322,42.2754021]]],[[[-83.7371773,42.275397],[-83.7371773,42.2753963],[-83.7371768,42.2753963],[-83.7371769,42.275397],[-83.7371773,42.275397]]],[[[-83.7371718,42.2753967],[-83.7371718,42.275396],[-83.7371713,42.275396],[-83.7371713,42.2753967],[-83.7371718,42.2753967]]],[[[-83.7371782,42.2753963],[-83.7371782,42.2753959],[-83.7371773,42.2753959],[-83.7371773,42.2753963],[-83.7371782,42.2753963]]],[[[-83.7371722,42.275396],[-83.7371722,42.2753953],[-83.7371717,42.2753953],[-83.7371718,42.275396],[-83.7371722,42.275396]]],[[[-83.7371727,42.2753953],[-83.7371726,42.2753946],[-83.7371722,42.2753947],[-83.7371722,42.2753953],[-83.7371727,42.2753953]]],[[[-83.7373141,42.2753919],[-83.7373141,42.2753912],[-83.7373136,42.2753912],[-83.7373137,42.2753919],[-83.7373141,42.2753919]]],[[[-83.7372892,42.2753923],[-83.7372892,42.2753916],[-83.7372888,42.2753917],[-83.7372888,42.2753923],[-83.7372892,42.2753923]]],[[[-83.7373141,42.2753902],[-83.737314,42.2753895],[-83.7373136,42.2753895],[-83.7373136,42.2753902],[-83.7373141,42.2753902]]],[[[-83.7372892,42.2753906],[-83.7372892,42.2753899],[-83.7372887,42.27539],[-83.7372887,42.2753906],[-83.7372892,42.2753906]]],[[[-83.737314,42.2753865],[-83.7373139,42.2753858],[-83.7373135,42.2753858],[-83.7373135,42.2753865],[-83.737314,42.2753865]]],[[[-83.7372891,42.2753869],[-83.737289,42.2753862],[-83.7372886,42.2753862],[-83.7372886,42.2753869],[-83.7372891,42.2753869]]],[[[-83.7373139,42.2753848],[-83.7373139,42.2753841],[-83.7373134,42.2753841],[-83.7373134,42.2753848],[-83.7373139,42.2753848]]],[[[-83.737289,42.2753852],[-83.737289,42.2753845],[-83.7372885,42.2753845],[-83.7372886,42.2753852],[-83.737289,42.2753852]]],[[[-83.7373138,42.275381],[-83.7373138,42.2753803],[-83.7373133,42.2753803],[-83.7373133,42.275381],[-83.7373138,42.275381]]],[[[-83.7372889,42.2753814],[-83.7372889,42.2753807],[-83.7372884,42.2753807],[-83.7372884,42.2753814],[-83.7372889,42.2753814]]],[[[-83.7373824,42.2753792],[-83.7373824,42.2753785],[-83.7373819,42.2753785],[-83.737382,42.2753792],[-83.7373824,42.2753792]]],[[[-83.7373764,42.2753793],[-83.7373764,42.2753786],[-83.737376,42.2753786],[-83.737376,42.2753793],[-83.7373764,42.2753793]]],[[[-83.7370382,42.2753846],[-83.7370381,42.275384],[-83.7370377,42.275384],[-83.7370377,42.2753846],[-83.7370382,42.2753846]]],[[[-83.7373833,42.2753785],[-83.7373833,42.2753781],[-83.7373824,42.2753781],[-83.7373824,42.2753785],[-83.7373833,42.2753785]]],[[[-83.7373137,42.2753793],[-83.7373137,42.2753786],[-83.7373132,42.2753786],[-83.7373133,42.2753793],[-83.7373137,42.2753793]]],[[[-83.7372888,42.2753797],[-83.7372888,42.275379],[-83.7372884,42.275379],[-83.7372884,42.2753797],[-83.7372888,42.2753797]]],[[[-83.7370391,42.2753839],[-83.737039,42.2753836],[-83.7370381,42.2753836],[-83.7370381,42.275384],[-83.7370391,42.2753839]]],[[[-83.7373136,42.2753755],[-83.7373136,42.2753749],[-83.7373131,42.2753749],[-83.7373132,42.2753756],[-83.7373136,42.2753755]]],[[[-83.7372887,42.275376],[-83.7372887,42.2753753],[-83.7372882,42.2753753],[-83.7372883,42.275376],[-83.7372887,42.275376]]],[[[-83.7373136,42.2753738],[-83.7373135,42.2753732],[-83.7373131,42.2753732],[-83.7373131,42.2753738],[-83.7373136,42.2753738]]],[[[-83.7372887,42.2753743],[-83.7372887,42.2753736],[-83.7372882,42.2753736],[-83.7372882,42.2753743],[-83.7372887,42.2753743]]],[[[-83.7373134,42.2753701],[-83.7373134,42.2753694],[-83.737313,42.2753694],[-83.737313,42.2753701],[-83.7373134,42.2753701]]],[[[-83.7372886,42.2753705],[-83.7372885,42.2753698],[-83.7372881,42.2753698],[-83.7372881,42.2753705],[-83.7372886,42.2753705]]],[[[-83.7373134,42.2753684],[-83.7373134,42.2753677],[-83.7373129,42.2753677],[-83.7373129,42.2753684],[-83.7373134,42.2753684]]],[[[-83.7372885,42.2753688],[-83.7372885,42.2753681],[-83.737288,42.2753681],[-83.737288,42.2753688],[-83.7372885,42.2753688]]],[[[-83.7373133,42.2753646],[-83.7373133,42.2753639],[-83.7373128,42.275364],[-83.7373128,42.2753646],[-83.7373133,42.2753646]]],[[[-83.7372884,42.2753651],[-83.7372884,42.2753644],[-83.7372879,42.2753644],[-83.7372879,42.2753651],[-83.7372884,42.2753651]]],[[[-83.737327,42.275361],[-83.737327,42.2753603],[-83.7373265,42.2753603],[-83.7373265,42.275361],[-83.737327,42.275361]]],[[[-83.7373196,42.2753611],[-83.7373196,42.2753604],[-83.7373191,42.2753604],[-83.7373192,42.2753611],[-83.7373196,42.2753611]]],[[[-83.7373178,42.2753611],[-83.7373178,42.2753605],[-83.7373173,42.2753605],[-83.7373173,42.2753612],[-83.7373178,42.2753611]]],[[[-83.7370265,42.2753661],[-83.7370265,42.2753654],[-83.737026,42.2753654],[-83.737026,42.2753661],[-83.7370265,42.2753661]]],[[[-83.7373279,42.2753603],[-83.7373279,42.2753599],[-83.737327,42.27536],[-83.737327,42.2753603],[-83.7373279,42.2753603]]],[[[-83.7370274,42.2753654],[-83.7370274,42.275365],[-83.7370265,42.275365],[-83.7370265,42.2753654],[-83.7370274,42.2753654]]],[[[-83.7370218,42.2753641],[-83.7370218,42.2753638],[-83.7370209,42.2753638],[-83.7370209,42.2753641],[-83.7370218,42.2753641]]],[[[-83.7369349,42.2753567],[-83.7369349,42.275356],[-83.7369344,42.275356],[-83.7369345,42.2753567],[-83.7369349,42.2753567]]],[[[-83.7373736,42.2753466],[-83.7373736,42.2753459],[-83.7373731,42.2753459],[-83.7373731,42.2753466],[-83.7373736,42.2753466]]],[[[-83.7373727,42.2753466],[-83.7373726,42.2753459],[-83.7373722,42.2753459],[-83.7373722,42.2753466],[-83.7373727,42.2753466]]],[[[-83.7373151,42.2753475],[-83.737315,42.2753469],[-83.7373146,42.2753469],[-83.7373146,42.2753475],[-83.7373151,42.2753475]]],[[[-83.7370371,42.2753522],[-83.7370371,42.2753516],[-83.7370367,42.2753516],[-83.7370367,42.2753522],[-83.7370371,42.2753522]]],[[[-83.7370275,42.2753524],[-83.7370274,42.2753517],[-83.737027,42.2753517],[-83.737027,42.2753524],[-83.7370275,42.2753524]]],[[[-83.7369777,42.2753532],[-83.7369777,42.2753526],[-83.7369772,42.2753526],[-83.7369772,42.2753532],[-83.7369777,42.2753532]]],[[[-83.7369768,42.2753533],[-83.7369768,42.2753526],[-83.7369763,42.2753526],[-83.7369763,42.2753533],[-83.7369768,42.2753533]]],[[[-83.7369256,42.2753538],[-83.7369256,42.2753534],[-83.7369247,42.2753535],[-83.7369247,42.2753538],[-83.7369256,42.2753538]]],[[[-83.7373745,42.2753459],[-83.7373745,42.2753455],[-83.7373735,42.2753455],[-83.7373736,42.2753459],[-83.7373745,42.2753459]]],[[[-83.737316,42.2753468],[-83.7373159,42.2753465],[-83.737315,42.2753465],[-83.737315,42.2753469],[-83.737316,42.2753468]]],[[[-83.737038,42.2753515],[-83.737038,42.2753512],[-83.7370371,42.2753512],[-83.7370371,42.2753516],[-83.737038,42.2753515]]],[[[-83.7370284,42.2753517],[-83.7370284,42.2753514],[-83.7370274,42.2753514],[-83.7370274,42.2753517],[-83.7370284,42.2753517]]],[[[-83.7369786,42.2753525],[-83.7369786,42.2753522],[-83.7369777,42.2753522],[-83.7369777,42.2753526],[-83.7369786,42.2753525]]],[[[-83.7369219,42.2753532],[-83.7369219,42.2753525],[-83.7369214,42.2753525],[-83.7369214,42.2753532],[-83.7369219,42.2753532]]],[[[-83.7369223,42.2753525],[-83.7369223,42.2753518],[-83.7369219,42.2753518],[-83.7369219,42.2753525],[-83.7369223,42.2753525]]],[[[-83.7369228,42.2753518],[-83.7369228,42.2753511],[-83.7369223,42.2753511],[-83.7369223,42.2753518],[-83.7369228,42.2753518]]],[[[-83.7373572,42.275338],[-83.7373572,42.2753373],[-83.7373567,42.2753373],[-83.7373567,42.275338],[-83.7373572,42.275338]]],[[[-83.7369839,42.2753443],[-83.7369839,42.2753436],[-83.7369834,42.2753436],[-83.7369834,42.2753443],[-83.7369839,42.2753443]]],[[[-83.7373567,42.2753373],[-83.7373567,42.2753366],[-83.7373562,42.2753366],[-83.7373562,42.2753373],[-83.7373567,42.2753373]]],[[[-83.7369834,42.2753436],[-83.7369834,42.2753429],[-83.7369829,42.2753429],[-83.7369829,42.2753436],[-83.7369834,42.2753436]]],[[[-83.7373057,42.27533],[-83.7373057,42.2753296],[-83.7373048,42.2753296],[-83.7373048,42.27533],[-83.7373057,42.27533]]],[[[-83.737314,42.2753295],[-83.737314,42.2753288],[-83.7373135,42.2753288],[-83.7373136,42.2753295],[-83.737314,42.2753295]]],[[[-83.7371753,42.2753318],[-83.7371753,42.2753311],[-83.7371748,42.2753311],[-83.7371749,42.2753318],[-83.7371753,42.2753318]]],[[[-83.7370366,42.2753342],[-83.7370366,42.2753335],[-83.7370361,42.2753335],[-83.7370361,42.2753342],[-83.7370366,42.2753342]]],[[[-83.7373149,42.2753288],[-83.7373149,42.2753284],[-83.737314,42.2753285],[-83.737314,42.2753288],[-83.7373149,42.2753288]]],[[[-83.7371762,42.2753311],[-83.7371762,42.2753308],[-83.7371753,42.2753308],[-83.7371753,42.2753311],[-83.7371762,42.2753311]]],[[[-83.7370375,42.2753335],[-83.7370375,42.2753331],[-83.7370366,42.2753331],[-83.7370366,42.2753335],[-83.7370375,42.2753335]]],[[[-83.7370319,42.2753322],[-83.7370319,42.2753319],[-83.737031,42.2753319],[-83.737031,42.2753322],[-83.7370319,42.2753322]]],[[[-83.7370148,42.2753315],[-83.7370148,42.2753308],[-83.7370144,42.2753308],[-83.7370144,42.2753315],[-83.7370148,42.2753315]]],[[[-83.7373356,42.2753257],[-83.7373356,42.275325],[-83.7373351,42.275325],[-83.7373351,42.2753257],[-83.7373356,42.2753257]]],[[[-83.7373282,42.2753258],[-83.7373282,42.2753251],[-83.7373277,42.2753251],[-83.7373278,42.2753258],[-83.7373282,42.2753258]]],[[[-83.7373264,42.2753259],[-83.7373263,42.2753252],[-83.7373259,42.2753252],[-83.7373259,42.2753259],[-83.7373264,42.2753259]]],[[[-83.7370157,42.2753308],[-83.7370157,42.2753304],[-83.7370148,42.2753304],[-83.7370148,42.2753308],[-83.7370157,42.2753308]]],[[[-83.7373365,42.275325],[-83.7373365,42.2753247],[-83.7373356,42.2753247],[-83.7373356,42.275325],[-83.7373365,42.275325]]],[[[-83.7370102,42.2753295],[-83.7370102,42.2753291],[-83.7370092,42.2753292],[-83.7370092,42.2753295],[-83.7370102,42.2753295]]],[[[-83.7370175,42.2753123],[-83.7370174,42.2753116],[-83.737017,42.2753116],[-83.737017,42.2753123],[-83.7370175,42.2753123]]],[[[-83.7370184,42.2753116],[-83.7370184,42.2753113],[-83.7370174,42.2753113],[-83.7370174,42.2753116],[-83.7370184,42.2753116]]],[[[-83.7370151,42.2753106],[-83.7370151,42.27531],[-83.7370146,42.27531],[-83.7370147,42.2753106],[-83.7370151,42.2753106]]],[[[-83.7373322,42.2753043],[-83.7373321,42.2753036],[-83.7373317,42.2753036],[-83.7373317,42.2753043],[-83.7373322,42.2753043]]],[[[-83.7373331,42.2753036],[-83.737333,42.2753032],[-83.7373321,42.2753032],[-83.7373321,42.2753036],[-83.7373331,42.2753036]]],[[[-83.7373298,42.2753026],[-83.7373298,42.2753019],[-83.7373293,42.2753019],[-83.7373293,42.2753026],[-83.7373298,42.2753026]]],[[[-83.7371767,42.2759739],[-83.7371767,42.2759736],[-83.7371754,42.2759736],[-83.7371754,42.2759739],[-83.7371767,42.2759739]]],[[[-83.7371735,42.275974],[-83.7371735,42.2759736],[-83.7371721,42.2759737],[-83.7371721,42.275974],[-83.7371735,42.275974]]],[[[-83.7371708,42.275974],[-83.7371707,42.2759737],[-83.7371694,42.2759737],[-83.7371694,42.275974],[-83.7371708,42.275974]]],[[[-83.7371675,42.2759741],[-83.7371675,42.2759737],[-83.7371661,42.2759738],[-83.7371661,42.2759741],[-83.7371675,42.2759741]]],[[[-83.7371316,42.2759747],[-83.7371316,42.2759743],[-83.7371302,42.2759744],[-83.7371302,42.2759747],[-83.7371316,42.2759747]]],[[[-83.7371284,42.2759747],[-83.7371283,42.2759744],[-83.737127,42.2759744],[-83.737127,42.2759748],[-83.7371284,42.2759747]]],[[[-83.7371251,42.2759748],[-83.7371251,42.2759745],[-83.7371237,42.2759745],[-83.7371237,42.2759748],[-83.7371251,42.2759748]]],[[[-83.7371224,42.2759748],[-83.7371224,42.2759745],[-83.737121,42.2759745],[-83.737121,42.2759749],[-83.7371224,42.2759748]]],[[[-83.7371753,42.2759726],[-83.7371753,42.2759716],[-83.7371748,42.2759716],[-83.7371749,42.2759726],[-83.7371753,42.2759726]]],[[[-83.7371707,42.2759723],[-83.7371707,42.275972],[-83.7371698,42.275972],[-83.7371698,42.2759727],[-83.7371707,42.2759723]]],[[[-83.7371302,42.2759733],[-83.7371301,42.2759723],[-83.7371297,42.2759723],[-83.7371297,42.2759734],[-83.7371302,42.2759733]]],[[[-83.7371251,42.2759731],[-83.7371251,42.2759728],[-83.7371241,42.2759728],[-83.7371242,42.2759734],[-83.7371251,42.2759731]]],[[[-83.7371177,42.2759736],[-83.7371177,42.2759725],[-83.7371172,42.2759725],[-83.7371173,42.2759736],[-83.7371177,42.2759736]]],[[[-83.7371767,42.2759715],[-83.7371767,42.2759712],[-83.7371753,42.2759712],[-83.7371753,42.2759716],[-83.7371767,42.2759715]]],[[[-83.7371734,42.2759716],[-83.7371734,42.2759712],[-83.7371721,42.2759713],[-83.7371721,42.2759716],[-83.7371734,42.2759716]]],[[[-83.7371675,42.2759717],[-83.7371674,42.2759714],[-83.7371661,42.2759714],[-83.7371661,42.2759717],[-83.7371675,42.2759717]]],[[[-83.7371315,42.2759723],[-83.7371315,42.275972],[-83.7371301,42.275972],[-83.7371301,42.2759723],[-83.7371315,42.2759723]]],[[[-83.7371283,42.2759724],[-83.7371283,42.275972],[-83.7371269,42.275972],[-83.7371269,42.2759724],[-83.7371283,42.2759724]]],[[[-83.7371223,42.2759725],[-83.7371223,42.2759721],[-83.7371209,42.2759721],[-83.7371209,42.2759725],[-83.7371223,42.2759725]]],[[[-83.7373287,42.2759516],[-83.7373287,42.2759512],[-83.7373273,42.2759512],[-83.7373273,42.2759516],[-83.7373287,42.2759516]]],[[[-83.7373227,42.2759517],[-83.7373227,42.2759513],[-83.7373213,42.2759513],[-83.7373213,42.2759517],[-83.7373227,42.2759517]]],[[[-83.7373195,42.2759517],[-83.7373195,42.2759514],[-83.7373181,42.2759514],[-83.7373181,42.2759517],[-83.7373195,42.2759517]]],[[[-83.7373227,42.2759506],[-83.7373226,42.2759503],[-83.7373213,42.2759503],[-83.7373213,42.2759507],[-83.7373227,42.2759506]]],[[[-83.7373273,42.2759502],[-83.7373272,42.2759492],[-83.7373268,42.2759492],[-83.7373268,42.2759502],[-83.7373273,42.2759502]]],[[[-83.7373231,42.2759503],[-83.7373231,42.2759493],[-83.7373226,42.2759493],[-83.7373226,42.2759503],[-83.7373231,42.2759503]]],[[[-83.7373213,42.2759503],[-83.7373212,42.2759493],[-83.7373208,42.2759493],[-83.7373208,42.2759503],[-83.7373213,42.2759503]]],[[[-83.7373286,42.2759492],[-83.7373286,42.2759488],[-83.7373272,42.2759489],[-83.7373272,42.2759492],[-83.7373286,42.2759492]]],[[[-83.7373226,42.2759493],[-83.7373226,42.2759489],[-83.7373212,42.275949],[-83.7373212,42.2759493],[-83.7373226,42.2759493]]],[[[-83.7373194,42.2759493],[-83.7373194,42.275949],[-83.737318,42.275949],[-83.737318,42.2759494],[-83.7373194,42.2759493]]],[[[-83.7373931,42.275932],[-83.7373931,42.2759317],[-83.7373917,42.2759317],[-83.7373917,42.2759321],[-83.7373931,42.275932]]],[[[-83.7373839,42.2759322],[-83.7373839,42.2759319],[-83.7373825,42.2759319],[-83.7373825,42.2759322],[-83.7373839,42.2759322]]],[[[-83.737088,42.2759372],[-83.737088,42.2759369],[-83.7370866,42.2759369],[-83.7370866,42.2759372],[-83.737088,42.2759372]]],[[[-83.7370852,42.2759373],[-83.7370852,42.2759369],[-83.7370838,42.2759369],[-83.7370839,42.2759373],[-83.7370852,42.2759373]]],[[[-83.737082,42.2759373],[-83.737082,42.275937],[-83.7370806,42.275937],[-83.7370806,42.2759373],[-83.737082,42.2759373]]],[[[-83.7370788,42.2759374],[-83.7370788,42.275937],[-83.7370774,42.2759371],[-83.7370774,42.2759374],[-83.7370788,42.2759374]]],[[[-83.7373838,42.2759312],[-83.7373838,42.2759308],[-83.7373824,42.2759309],[-83.7373825,42.2759312],[-83.7373838,42.2759312]]],[[[-83.7373917,42.2759307],[-83.7373916,42.2759297],[-83.7373912,42.2759297],[-83.7373912,42.2759307],[-83.7373917,42.2759307]]],[[[-83.7373843,42.2759308],[-83.7373843,42.2759298],[-83.7373838,42.2759298],[-83.7373838,42.2759308],[-83.7373843,42.2759308]]],[[[-83.7373824,42.2759309],[-83.7373824,42.2759298],[-83.737382,42.2759298],[-83.737382,42.2759309],[-83.7373824,42.2759309]]],[[[-83.7370866,42.2759359],[-83.7370865,42.2759348],[-83.7370861,42.2759349],[-83.7370861,42.2759359],[-83.7370866,42.2759359]]],[[[-83.737082,42.2759356],[-83.7370819,42.2759353],[-83.737081,42.2759353],[-83.737081,42.275936],[-83.737082,42.2759356]]],[[[-83.737393,42.2759297],[-83.737393,42.2759293],[-83.7373916,42.2759293],[-83.7373916,42.2759297],[-83.737393,42.2759297]]],[[[-83.7373838,42.2759298],[-83.7373838,42.2759295],[-83.7373824,42.2759295],[-83.7373824,42.2759298],[-83.7373838,42.2759298]]],[[[-83.7370879,42.2759348],[-83.7370879,42.2759345],[-83.7370865,42.2759345],[-83.7370865,42.2759348],[-83.7370879,42.2759348]]],[[[-83.7370852,42.2759349],[-83.7370852,42.2759345],[-83.7370838,42.2759346],[-83.7370838,42.2759349],[-83.7370852,42.2759349]]],[[[-83.7370787,42.275935],[-83.7370787,42.2759346],[-83.7370773,42.2759347],[-83.7370773,42.275935],[-83.7370787,42.275935]]],[[[-83.7372393,42.2759251],[-83.7372393,42.2759248],[-83.7372379,42.2759248],[-83.7372379,42.2759251],[-83.7372393,42.2759251]]],[[[-83.7372347,42.2759248],[-83.7372347,42.2759238],[-83.7372342,42.2759238],[-83.7372343,42.2759248],[-83.7372347,42.2759248]]],[[[-83.7372393,42.2759227],[-83.7372392,42.2759224],[-83.7372379,42.2759224],[-83.7372379,42.2759227],[-83.7372393,42.2759227]]],[[[-83.7372328,42.2759215],[-83.7372328,42.2759211],[-83.7372314,42.2759211],[-83.7372314,42.2759215],[-83.7372328,42.2759215]]],[[[-83.7372327,42.2759191],[-83.7372327,42.2759187],[-83.7372313,42.2759187],[-83.7372313,42.2759191],[-83.7372327,42.2759191]]],[[[-83.7372322,42.2759177],[-83.7372322,42.2759174],[-83.7372308,42.2759174],[-83.7372308,42.2759177],[-83.7372322,42.2759177]]],[[[-83.7372294,42.2759178],[-83.7372294,42.2759167],[-83.7372289,42.2759167],[-83.737229,42.2759178],[-83.7372294,42.2759178]]],[[[-83.7372276,42.2759178],[-83.7372275,42.2759168],[-83.7372271,42.2759168],[-83.7372271,42.2759178],[-83.7372276,42.2759178]]],[[[-83.7372257,42.2759178],[-83.7372257,42.2759168],[-83.7372252,42.2759168],[-83.7372253,42.2759178],[-83.7372257,42.2759178]]],[[[-83.7372289,42.2759167],[-83.7372289,42.2759157],[-83.7372284,42.2759157],[-83.7372285,42.2759167],[-83.7372289,42.2759167]]],[[[-83.737228,42.2759168],[-83.737228,42.2759157],[-83.7372275,42.2759157],[-83.7372275,42.2759168],[-83.737228,42.2759168]]],[[[-83.7372271,42.2759168],[-83.7372271,42.2759157],[-83.7372266,42.2759158],[-83.7372266,42.2759168],[-83.7372271,42.2759168]]],[[[-83.7372262,42.2759168],[-83.7372261,42.2759158],[-83.7372257,42.2759158],[-83.7372257,42.2759168],[-83.7372262,42.2759168]]],[[[-83.7372404,42.2759162],[-83.7372404,42.2759152],[-83.7372399,42.2759152],[-83.73724,42.2759162],[-83.7372404,42.2759162]]],[[[-83.7372321,42.2759153],[-83.7372321,42.275915],[-83.7372307,42.275915],[-83.7372307,42.2759153],[-83.7372321,42.2759153]]],[[[-83.7370897,42.275916],[-83.7370896,42.2759157],[-83.7370883,42.2759157],[-83.7370883,42.2759161],[-83.7370897,42.275916]]],[[[-83.7370823,42.2759162],[-83.7370823,42.2759158],[-83.7370809,42.2759158],[-83.7370809,42.2759162],[-83.7370823,42.2759162]]],[[[-83.7370749,42.2759163],[-83.7370749,42.2759159],[-83.7370735,42.275916],[-83.7370735,42.2759163],[-83.7370749,42.2759163]]],[[[-83.7370675,42.2759164],[-83.7370675,42.2759161],[-83.7370661,42.2759161],[-83.7370661,42.2759164],[-83.7370675,42.2759164]]],[[[-83.7376748,42.275901],[-83.7376748,42.2759007],[-83.7376734,42.2759007],[-83.7376734,42.275901],[-83.7376748,42.275901]]],[[[-83.7376683,42.2759004],[-83.7376683,42.2758994],[-83.7376678,42.2758994],[-83.7376678,42.2759004],[-83.7376683,42.2759004]]],[[[-83.7376747,42.2758993],[-83.7376747,42.275899],[-83.7376733,42.275899],[-83.7376733,42.2758993],[-83.7376747,42.2758993]]],[[[-83.7376526,42.275899],[-83.7376526,42.2758986],[-83.7376512,42.2758987],[-83.7376512,42.275899],[-83.7376526,42.275899]]],[[[-83.737606,42.2758994],[-83.737606,42.2758984],[-83.7376055,42.2758984],[-83.7376056,42.2758994],[-83.737606,42.2758994]]],[[[-83.737595,42.2758996],[-83.7375949,42.2758986],[-83.7375945,42.2758986],[-83.7375945,42.2758996],[-83.737595,42.2758996]]],[[[-83.7375867,42.2758998],[-83.7375866,42.2758987],[-83.7375862,42.2758987],[-83.7375862,42.2758998],[-83.7375867,42.2758998]]],[[[-83.7376715,42.275898],[-83.7376714,42.2758976],[-83.7376701,42.2758977],[-83.7376701,42.275898],[-83.7376715,42.275898]]],[[[-83.7376682,42.275898],[-83.7376682,42.2758977],[-83.7376668,42.2758977],[-83.7376668,42.2758981],[-83.7376682,42.275898]]],[[[-83.7376655,42.2758981],[-83.7376655,42.2758977],[-83.7376641,42.2758978],[-83.7376641,42.2758981],[-83.7376655,42.2758981]]],[[[-83.737659,42.2758982],[-83.737659,42.2758979],[-83.7376576,42.2758979],[-83.7376576,42.2758982],[-83.737659,42.2758982]]],[[[-83.7373489,42.2759031],[-83.7373488,42.2759028],[-83.7373475,42.2759028],[-83.7373475,42.2759031],[-83.7373489,42.2759031]]],[[[-83.7373396,42.2759033],[-83.7373396,42.2759029],[-83.7373382,42.2759029],[-83.7373383,42.2759033],[-83.7373396,42.2759033]]],[[[-83.737659,42.2758972],[-83.737659,42.2758968],[-83.7376576,42.2758969],[-83.7376576,42.2758972],[-83.737659,42.2758972]]],[[[-83.7376594,42.2758968],[-83.7376594,42.2758958],[-83.7376589,42.2758958],[-83.737659,42.2758968],[-83.7376594,42.2758968]]],[[[-83.7376576,42.2758969],[-83.7376576,42.2758958],[-83.7376571,42.2758958],[-83.7376571,42.2758969],[-83.7376576,42.2758969]]],[[[-83.7376548,42.2758969],[-83.7376548,42.2758959],[-83.7376543,42.2758959],[-83.7376544,42.2758969],[-83.7376548,42.2758969]]],[[[-83.7373396,42.2759022],[-83.7373396,42.2759019],[-83.7373382,42.2759019],[-83.7373382,42.2759023],[-83.7373396,42.2759022]]],[[[-83.7373474,42.2759018],[-83.7373474,42.2759007],[-83.7373469,42.2759008],[-83.737347,42.2759018],[-83.7373474,42.2759018]]],[[[-83.7373401,42.2759019],[-83.73734,42.2759009],[-83.7373396,42.2759009],[-83.7373396,42.2759019],[-83.7373401,42.2759019]]],[[[-83.7373382,42.2759019],[-83.7373382,42.2759009],[-83.7373377,42.2759009],[-83.7373377,42.2759019],[-83.7373382,42.2759019]]],[[[-83.7376714,42.2758956],[-83.7376714,42.2758953],[-83.73767,42.2758953],[-83.73767,42.2758956],[-83.7376714,42.2758956]]],[[[-83.7376682,42.2758957],[-83.7376681,42.2758953],[-83.7376668,42.2758953],[-83.7376668,42.2758957],[-83.7376682,42.2758957]]],[[[-83.7376654,42.2758957],[-83.7376654,42.2758954],[-83.737664,42.2758954],[-83.737664,42.2758957],[-83.7376654,42.2758957]]],[[[-83.7376589,42.2758958],[-83.7376589,42.2758955],[-83.7376575,42.2758955],[-83.7376576,42.2758958],[-83.7376589,42.2758958]]],[[[-83.7376562,42.2758959],[-83.7376562,42.2758955],[-83.7376548,42.2758955],[-83.7376548,42.2758959],[-83.7376562,42.2758959]]],[[[-83.7373488,42.2759007],[-83.7373488,42.2759004],[-83.7373474,42.2759004],[-83.7373474,42.2759007],[-83.7373488,42.2759007]]],[[[-83.7373396,42.2759009],[-83.7373396,42.2759005],[-83.7373382,42.2759006],[-83.7373382,42.2759009],[-83.7373396,42.2759009]]],[[[-83.7375437,42.2758967],[-83.7375437,42.2758964],[-83.7375423,42.2758964],[-83.7375423,42.2758968],[-83.7375437,42.2758967]]],[[[-83.7375372,42.2758968],[-83.7375372,42.2758965],[-83.7375359,42.2758965],[-83.7375359,42.2758969],[-83.7375372,42.2758968]]],[[[-83.7375345,42.2758969],[-83.7375345,42.2758966],[-83.7375331,42.2758966],[-83.7375331,42.2758969],[-83.7375345,42.2758969]]],[[[-83.7375423,42.2758954],[-83.7375422,42.2758944],[-83.7375418,42.2758944],[-83.7375418,42.2758954],[-83.7375423,42.2758954]]],[[[-83.7375372,42.2758951],[-83.7375372,42.2758948],[-83.7375363,42.2758948],[-83.7375363,42.2758955],[-83.7375372,42.2758951]]],[[[-83.7375436,42.2758944],[-83.7375436,42.275894],[-83.7375422,42.275894],[-83.7375422,42.2758944],[-83.7375436,42.2758944]]],[[[-83.7375344,42.2758945],[-83.7375344,42.2758942],[-83.737533,42.2758942],[-83.737533,42.2758945],[-83.7375344,42.2758945]]],[[[-83.7373723,42.275887],[-83.7373723,42.2758867],[-83.7373709,42.2758867],[-83.7373709,42.275887],[-83.7373723,42.275887]]],[[[-83.7373696,42.2758871],[-83.7373695,42.275886],[-83.7373691,42.275886],[-83.7373691,42.2758871],[-83.7373696,42.2758871]]],[[[-83.7373677,42.2758871],[-83.7373677,42.2758861],[-83.7373672,42.2758861],[-83.7373673,42.2758871],[-83.7373677,42.2758871]]],[[[-83.7370967,42.2758913],[-83.7370967,42.275891],[-83.7370953,42.275891],[-83.7370953,42.2758914],[-83.7370967,42.2758913]]],[[[-83.737094,42.2758914],[-83.7370939,42.2758904],[-83.7370935,42.2758904],[-83.7370935,42.2758914],[-83.737094,42.2758914]]],[[[-83.7370921,42.2758914],[-83.7370921,42.2758904],[-83.7370916,42.2758904],[-83.7370917,42.2758914],[-83.7370921,42.2758914]]],[[[-83.7370903,42.2758915],[-83.7370903,42.2758911],[-83.7370889,42.2758911],[-83.7370889,42.2758915],[-83.7370903,42.2758915]]],[[[-83.737087,42.2758915],[-83.737087,42.2758912],[-83.7370857,42.2758912],[-83.7370857,42.2758915],[-83.737087,42.2758915]]],[[[-83.7370391,42.2758923],[-83.7370391,42.275892],[-83.7370377,42.275892],[-83.7370377,42.2758923],[-83.7370391,42.2758923]]],[[[-83.7370359,42.2758924],[-83.7370359,42.275892],[-83.7370345,42.2758921],[-83.7370345,42.2758924],[-83.7370359,42.2758924]]],[[[-83.7370327,42.2758924],[-83.7370327,42.2758921],[-83.7370313,42.2758921],[-83.7370313,42.2758925],[-83.7370327,42.2758924]]],[[[-83.7370299,42.2758925],[-83.7370299,42.2758921],[-83.7370285,42.2758922],[-83.7370285,42.2758925],[-83.7370299,42.2758925]]],[[[-83.7373691,42.275886],[-83.737369,42.275885],[-83.7373686,42.275885],[-83.7373686,42.2758861],[-83.7373691,42.275886]]],[[[-83.7373682,42.2758861],[-83.7373681,42.275885],[-83.7373677,42.275885],[-83.7373677,42.2758861],[-83.7373682,42.2758861]]],[[[-83.7373709,42.2758857],[-83.7373709,42.2758847],[-83.7373704,42.2758847],[-83.7373704,42.2758857],[-83.7373709,42.2758857]]],[[[-83.7373612,42.2758858],[-83.7373612,42.2758848],[-83.7373607,42.2758848],[-83.7373608,42.2758858],[-83.7373612,42.2758858]]],[[[-83.7370935,42.2758904],[-83.7370934,42.2758894],[-83.737093,42.2758894],[-83.737093,42.2758904],[-83.7370935,42.2758904]]],[[[-83.7370925,42.2758904],[-83.7370925,42.2758894],[-83.7370921,42.2758894],[-83.7370921,42.2758904],[-83.7370925,42.2758904]]],[[[-83.7370953,42.27589],[-83.7370953,42.275889],[-83.7370948,42.275889],[-83.7370948,42.27589],[-83.7370953,42.27589]]],[[[-83.7370856,42.2758902],[-83.7370856,42.2758891],[-83.7370851,42.2758892],[-83.7370852,42.2758902],[-83.7370856,42.2758902]]],[[[-83.7370377,42.275891],[-83.7370377,42.27589],[-83.7370372,42.27589],[-83.7370372,42.275891],[-83.7370377,42.275891]]],[[[-83.7370326,42.2758907],[-83.7370326,42.2758904],[-83.7370317,42.2758904],[-83.7370317,42.2758911],[-83.7370326,42.2758907]]],[[[-83.7373723,42.2758846],[-83.7373722,42.2758843],[-83.7373709,42.2758843],[-83.7373709,42.2758847],[-83.7373723,42.2758846]]],[[[-83.7373626,42.2758848],[-83.7373626,42.2758845],[-83.7373612,42.2758845],[-83.7373612,42.2758848],[-83.7373626,42.2758848]]],[[[-83.7370967,42.275889],[-83.7370966,42.2758886],[-83.7370953,42.2758886],[-83.7370953,42.275889],[-83.7370967,42.275889]]],[[[-83.7370902,42.2758891],[-83.7370902,42.2758887],[-83.7370888,42.2758887],[-83.7370888,42.2758891],[-83.7370902,42.2758891]]],[[[-83.737087,42.2758891],[-83.737087,42.2758888],[-83.7370856,42.2758888],[-83.7370856,42.2758891],[-83.737087,42.2758891]]],[[[-83.737039,42.2758899],[-83.737039,42.2758896],[-83.7370376,42.2758896],[-83.7370377,42.27589],[-83.737039,42.2758899]]],[[[-83.7370358,42.27589],[-83.7370358,42.2758896],[-83.7370344,42.2758897],[-83.7370344,42.27589],[-83.7370358,42.27589]]],[[[-83.7370298,42.2758901],[-83.7370298,42.2758897],[-83.7370284,42.2758898],[-83.7370284,42.2758901],[-83.7370298,42.2758901]]],[[[-83.737314,42.2758808],[-83.737314,42.2758805],[-83.7373126,42.2758805],[-83.7373127,42.2758809],[-83.737314,42.2758808]]],[[[-83.7373067,42.275881],[-83.7373067,42.2758806],[-83.7373053,42.2758806],[-83.7373053,42.275881],[-83.7373067,42.275881]]],[[[-83.7372919,42.2758812],[-83.7372919,42.2758809],[-83.7372905,42.2758809],[-83.7372905,42.2758812],[-83.7372919,42.2758812]]],[[[-83.7372845,42.2758813],[-83.7372845,42.275881],[-83.7372832,42.275881],[-83.7372832,42.2758814],[-83.7372845,42.2758813]]],[[[-83.7374048,42.2758639],[-83.7374048,42.2758636],[-83.7374034,42.2758636],[-83.7374034,42.275864],[-83.7374048,42.2758639]]],[[[-83.7374016,42.275863],[-83.7374015,42.2758626],[-83.7374002,42.2758627],[-83.7374002,42.275863],[-83.7374016,42.275863]]],[[[-83.7374034,42.2758626],[-83.7374034,42.2758616],[-83.7374029,42.2758616],[-83.7374029,42.2758626],[-83.7374034,42.2758626]]],[[[-83.7374002,42.2758627],[-83.7374001,42.2758616],[-83.7373997,42.2758616],[-83.7373997,42.2758627],[-83.7374002,42.2758627]]],[[[-83.7374047,42.2758616],[-83.7374047,42.2758612],[-83.7374033,42.2758612],[-83.7374034,42.2758616],[-83.7374047,42.2758616]]],[[[-83.7371033,42.2758639],[-83.7371032,42.2758636],[-83.7371019,42.2758636],[-83.7371019,42.275864],[-83.7371033,42.2758639]]],[[[-83.7371,42.275864],[-83.7371,42.2758637],[-83.7370986,42.2758637],[-83.7370986,42.275864],[-83.7371,42.275864]]],[[[-83.7370973,42.275864],[-83.7370973,42.2758637],[-83.7370959,42.2758637],[-83.7370959,42.2758641],[-83.7370973,42.275864]]],[[[-83.737094,42.2758641],[-83.737094,42.2758638],[-83.7370926,42.2758638],[-83.7370927,42.2758641],[-83.737094,42.2758641]]],[[[-83.7371018,42.2758626],[-83.7371018,42.2758616],[-83.7371013,42.2758616],[-83.7371014,42.2758626],[-83.7371018,42.2758626]]],[[[-83.7370972,42.2758623],[-83.7370972,42.275862],[-83.7370963,42.275862],[-83.7370963,42.2758627],[-83.7370972,42.2758623]]],[[[-83.7371032,42.2758616],[-83.7371032,42.2758612],[-83.7371018,42.2758612],[-83.7371018,42.2758616],[-83.7371032,42.2758616]]],[[[-83.7371,42.2758616],[-83.7370999,42.2758613],[-83.7370986,42.2758613],[-83.7370986,42.2758616],[-83.7371,42.2758616]]],[[[-83.737094,42.2758617],[-83.737094,42.2758614],[-83.7370926,42.2758614],[-83.7370926,42.2758617],[-83.737094,42.2758617]]],[[[-83.7373958,42.2758559],[-83.7373958,42.2758549],[-83.7373953,42.2758549],[-83.7373953,42.2758559],[-83.7373958,42.2758559]]],[[[-83.7372147,42.275846],[-83.7372147,42.2758457],[-83.7372134,42.2758457],[-83.7372134,42.275846],[-83.7372147,42.275846]]],[[[-83.737212,42.2758461],[-83.737212,42.2758457],[-83.7372106,42.2758457],[-83.7372106,42.2758461],[-83.737212,42.2758461]]],[[[-83.7372088,42.2758461],[-83.7372087,42.2758458],[-83.7372074,42.2758458],[-83.7372074,42.2758461],[-83.7372088,42.2758461]]],[[[-83.7372133,42.2758447],[-83.7372133,42.2758436],[-83.7372128,42.2758437],[-83.7372129,42.2758447],[-83.7372133,42.2758447]]],[[[-83.7372147,42.2758436],[-83.7372147,42.2758433],[-83.7372133,42.2758433],[-83.7372133,42.2758436],[-83.7372147,42.2758436]]],[[[-83.7372119,42.2758437],[-83.7372119,42.2758433],[-83.7372105,42.2758434],[-83.7372105,42.2758437],[-83.7372119,42.2758437]]],[[[-83.7372087,42.2758437],[-83.7372087,42.2758434],[-83.7372073,42.2758434],[-83.7372073,42.2758438],[-83.7372087,42.2758437]]],[[[-83.737443,42.2758329],[-83.737443,42.2758326],[-83.7374417,42.2758326],[-83.7374417,42.275833],[-83.737443,42.2758329]]],[[[-83.7374338,42.2758331],[-83.7374338,42.2758327],[-83.7374324,42.2758328],[-83.7374324,42.2758331],[-83.7374338,42.2758331]]],[[[-83.7374343,42.2758327],[-83.7374342,42.2758317],[-83.7374338,42.2758317],[-83.7374338,42.2758327],[-83.7374343,42.2758327]]],[[[-83.7374416,42.2758316],[-83.7374416,42.2758306],[-83.7374411,42.2758306],[-83.7374412,42.2758316],[-83.7374416,42.2758316]]],[[[-83.737443,42.2758305],[-83.737443,42.2758302],[-83.7374416,42.2758302],[-83.7374416,42.2758306],[-83.737443,42.2758305]]],[[[-83.7374157,42.2758269],[-83.7374156,42.2758266],[-83.7374143,42.2758266],[-83.7374143,42.2758269],[-83.7374157,42.2758269]]],[[[-83.7374083,42.275827],[-83.7374083,42.2758267],[-83.7374069,42.2758267],[-83.7374069,42.2758271],[-83.7374083,42.275827]]],[[[-83.7374009,42.2758272],[-83.7374009,42.2758268],[-83.7373995,42.2758268],[-83.7373995,42.2758272],[-83.7374009,42.2758272]]],[[[-83.7373935,42.2758273],[-83.7373935,42.2758269],[-83.7373921,42.275827],[-83.7373922,42.2758273],[-83.7373935,42.2758273]]],[[[-83.7373862,42.2758274],[-83.7373862,42.2758271],[-83.7373848,42.2758271],[-83.7373848,42.2758274],[-83.7373862,42.2758274]]],[[[-83.7373788,42.2758275],[-83.7373788,42.2758272],[-83.7373774,42.2758272],[-83.7373774,42.2758276],[-83.7373788,42.2758275]]],[[[-83.7373714,42.2758277],[-83.7373714,42.2758273],[-83.73737,42.2758273],[-83.73737,42.2758277],[-83.7373714,42.2758277]]],[[[-83.737364,42.2758278],[-83.737364,42.2758274],[-83.7373626,42.2758275],[-83.7373627,42.2758278],[-83.737364,42.2758278]]],[[[-83.7373613,42.2758278],[-83.7373613,42.2758275],[-83.7373599,42.2758275],[-83.7373599,42.2758279],[-83.7373613,42.2758278]]],[[[-83.7372116,42.2758198],[-83.7372116,42.2758195],[-83.7372107,42.2758195],[-83.7372107,42.2758202],[-83.7372116,42.2758198]]],[[[-83.7372093,42.2758202],[-83.7372093,42.2758195],[-83.7372084,42.2758198],[-83.7372084,42.2758202],[-83.7372093,42.2758202]]],[[[-83.7373443,42.2758169],[-83.7373443,42.2758158],[-83.7373438,42.2758158],[-83.7373439,42.2758169],[-83.7373443,42.2758169]]],[[[-83.737219,42.2758186],[-83.737219,42.2758183],[-83.737218,42.2758183],[-83.7372181,42.275819],[-83.737219,42.2758186]]],[[[-83.7372213,42.2758183],[-83.7372213,42.2758179],[-83.7372203,42.2758179],[-83.7372204,42.2758186],[-83.7372213,42.2758183]]],[[[-83.7372236,42.2758179],[-83.7372235,42.2758172],[-83.7372226,42.2758176],[-83.7372226,42.2758179],[-83.7372236,42.2758179]]],[[[-83.7373443,42.2758148],[-83.7373442,42.2758138],[-83.7373438,42.2758138],[-83.7373438,42.2758148],[-83.7373443,42.2758148]]],[[[-83.7373231,42.2758152],[-83.737323,42.2758142],[-83.7373226,42.2758142],[-83.7373226,42.2758152],[-83.7373231,42.2758152]]],[[[-83.7372332,42.2758157],[-83.7372332,42.2758153],[-83.7372322,42.2758154],[-83.7372323,42.275816],[-83.7372332,42.2758157]]],[[[-83.7372423,42.2758131],[-83.7372423,42.2758128],[-83.7372414,42.2758128],[-83.7372414,42.2758135],[-83.7372423,42.2758131]]],[[[-83.7372999,42.2758118],[-83.7372994,42.2758111],[-83.737299,42.2758111],[-83.737299,42.2758118],[-83.7372999,42.2758118]]],[[[-83.7372446,42.2758124],[-83.7372446,42.2758121],[-83.7372437,42.2758121],[-83.7372437,42.2758128],[-83.7372446,42.2758124]]],[[[-83.7372469,42.2758117],[-83.7372469,42.2758113],[-83.737246,42.2758114],[-83.737246,42.275812],[-83.7372469,42.2758117]]],[[[-83.7373441,42.2758094],[-83.7373441,42.2758083],[-83.7373436,42.2758083],[-83.7373436,42.2758094],[-83.7373441,42.2758094]]],[[[-83.7373229,42.2758097],[-83.7373229,42.2758087],[-83.7373224,42.2758087],[-83.7373224,42.2758097],[-83.7373229,42.2758097]]],[[[-83.7373439,42.2758039],[-83.7373439,42.2758029],[-83.7373434,42.2758029],[-83.7373435,42.2758039],[-83.7373439,42.2758039]]],[[[-83.7373227,42.2758043],[-83.7373227,42.2758032],[-83.7373222,42.2758032],[-83.7373223,42.2758043],[-83.7373227,42.2758043]]],[[[-83.7371066,42.2758076],[-83.7371066,42.2758072],[-83.7371052,42.2758073],[-83.7371052,42.2758076],[-83.7371066,42.2758076]]],[[[-83.7370992,42.2758077],[-83.7370992,42.2758074],[-83.7370978,42.2758074],[-83.7370978,42.2758077],[-83.7370992,42.2758077]]],[[[-83.7370918,42.2758078],[-83.7370918,42.2758075],[-83.7370904,42.2758075],[-83.7370905,42.2758079],[-83.7370918,42.2758078]]],[[[-83.7370845,42.275808],[-83.7370844,42.2758076],[-83.7370831,42.2758076],[-83.7370831,42.275808],[-83.7370845,42.275808]]],[[[-83.7370771,42.2758081],[-83.7370771,42.2758077],[-83.7370757,42.2758078],[-83.7370757,42.2758081],[-83.7370771,42.2758081]]],[[[-83.7370697,42.2758082],[-83.7370697,42.2758079],[-83.7370683,42.2758079],[-83.7370683,42.2758082],[-83.7370697,42.2758082]]],[[[-83.7370623,42.2758083],[-83.7370623,42.275808],[-83.7370609,42.275808],[-83.737061,42.2758084],[-83.7370623,42.2758083]]],[[[-83.737055,42.2758085],[-83.737055,42.2758081],[-83.7370536,42.2758081],[-83.7370536,42.2758085],[-83.737055,42.2758085]]],[[[-83.7372904,42.2758034],[-83.73729,42.2758028],[-83.7372895,42.2758028],[-83.7372895,42.2758035],[-83.7372904,42.2758034]]],[[[-83.7372858,42.2758022],[-83.7372858,42.2758015],[-83.7372848,42.2758015],[-83.7372853,42.2758022],[-83.7372858,42.2758022]]],[[[-83.737389,42.2758001],[-83.737389,42.2757997],[-83.7373876,42.2757998],[-83.7373876,42.2758001],[-83.737389,42.2758001]]],[[[-83.7373798,42.2758002],[-83.7373798,42.2757999],[-83.7373784,42.2757999],[-83.7373784,42.2758003],[-83.7373798,42.2758002]]],[[[-83.7373438,42.2758008],[-83.7373438,42.2757998],[-83.7373433,42.2757998],[-83.7373434,42.2758008],[-83.7373438,42.2758008]]],[[[-83.7373876,42.2757987],[-83.7373875,42.2757977],[-83.7373871,42.2757977],[-83.7373871,42.2757987],[-83.7373876,42.2757987]]],[[[-83.7373889,42.2757977],[-83.7373889,42.2757973],[-83.7373875,42.2757974],[-83.7373875,42.2757977],[-83.7373889,42.2757977]]],[[[-83.7373797,42.2757978],[-83.7373797,42.2757975],[-83.7373783,42.2757975],[-83.7373783,42.2757979],[-83.7373797,42.2757978]]],[[[-83.7373427,42.2757933],[-83.7373422,42.2757927],[-83.7373417,42.2757927],[-83.7373418,42.2757934],[-83.7373427,42.2757933]]],[[[-83.7373224,42.2757934],[-83.7373224,42.2757923],[-83.7373219,42.2757923],[-83.7373219,42.2757934],[-83.7373224,42.2757934]]],[[[-83.7373417,42.2757917],[-83.7373417,42.275791],[-83.7373408,42.275791],[-83.7373413,42.2757917],[-83.7373417,42.2757917]]],[[[-83.7373222,42.2757879],[-83.7373222,42.2757869],[-83.7373217,42.2757869],[-83.7373218,42.2757879],[-83.7373222,42.2757879]]],[[[-83.7370909,42.2757911],[-83.7370908,42.2757908],[-83.7370895,42.2757908],[-83.7370895,42.2757912],[-83.7370909,42.2757911]]],[[[-83.7370881,42.2757912],[-83.7370881,42.2757908],[-83.7370867,42.2757909],[-83.7370867,42.2757912],[-83.7370881,42.2757912]]],[[[-83.7370849,42.2757912],[-83.7370849,42.2757909],[-83.7370835,42.2757909],[-83.7370835,42.2757913],[-83.7370849,42.2757912]]],[[[-83.7370816,42.2757913],[-83.7370816,42.2757909],[-83.7370802,42.275791],[-83.7370803,42.2757913],[-83.7370816,42.2757913]]],[[[-83.7370816,42.2757903],[-83.7370816,42.2757899],[-83.7370802,42.2757899],[-83.7370802,42.2757903],[-83.7370816,42.2757903]]],[[[-83.7370894,42.2757898],[-83.7370894,42.2757888],[-83.7370889,42.2757888],[-83.737089,42.2757898],[-83.7370894,42.2757898]]],[[[-83.7370821,42.2757899],[-83.737082,42.2757889],[-83.7370816,42.2757889],[-83.7370816,42.2757899],[-83.7370821,42.2757899]]],[[[-83.7370802,42.2757899],[-83.7370802,42.2757889],[-83.7370797,42.2757889],[-83.7370798,42.27579],[-83.7370802,42.2757899]]],[[[-83.736994,42.2757914],[-83.736994,42.2757911],[-83.7369926,42.2757911],[-83.7369926,42.2757914],[-83.736994,42.2757914]]],[[[-83.7369917,42.2757914],[-83.7369917,42.2757904],[-83.7369912,42.2757904],[-83.7369913,42.2757915],[-83.7369917,42.2757914]]],[[[-83.7369899,42.2757915],[-83.7369898,42.2757905],[-83.7369894,42.2757905],[-83.7369894,42.2757915],[-83.7369899,42.2757915]]],[[[-83.736988,42.2757915],[-83.736988,42.2757912],[-83.7369866,42.2757912],[-83.7369867,42.2757915],[-83.736988,42.2757915]]],[[[-83.7372134,42.2757874],[-83.7372134,42.275787],[-83.737212,42.275787],[-83.737212,42.2757874],[-83.7372134,42.2757874]]],[[[-83.7372069,42.2757875],[-83.7372069,42.2757871],[-83.7372055,42.2757871],[-83.7372056,42.2757875],[-83.7372069,42.2757875]]],[[[-83.7371747,42.275788],[-83.7371747,42.2757877],[-83.7371733,42.2757877],[-83.7371733,42.275788],[-83.7371747,42.275788]]],[[[-83.7371724,42.275788],[-83.7371723,42.275787],[-83.7371719,42.275787],[-83.7371719,42.2757881],[-83.7371724,42.275788]]],[[[-83.7371705,42.2757881],[-83.7371705,42.2757871],[-83.73717,42.2757871],[-83.7371701,42.2757881],[-83.7371705,42.2757881]]],[[[-83.7371682,42.2757881],[-83.7371682,42.2757878],[-83.7371668,42.2757878],[-83.7371668,42.2757881],[-83.7371682,42.2757881]]],[[[-83.7371655,42.2757882],[-83.7371655,42.2757878],[-83.7371641,42.2757878],[-83.7371641,42.2757882],[-83.7371655,42.2757882]]],[[[-83.7370908,42.2757887],[-83.7370908,42.2757884],[-83.7370894,42.2757884],[-83.7370894,42.2757888],[-83.7370908,42.2757887]]],[[[-83.737088,42.2757888],[-83.737088,42.2757884],[-83.7370866,42.2757885],[-83.7370866,42.2757888],[-83.737088,42.2757888]]],[[[-83.7370848,42.2757888],[-83.7370848,42.2757885],[-83.7370834,42.2757885],[-83.7370834,42.2757889],[-83.7370848,42.2757888]]],[[[-83.7370816,42.2757889],[-83.7370816,42.2757886],[-83.7370802,42.2757886],[-83.7370802,42.2757889],[-83.7370816,42.2757889]]],[[[-83.7369912,42.2757904],[-83.7369912,42.2757894],[-83.7369907,42.2757894],[-83.7369908,42.2757904],[-83.7369912,42.2757904]]],[[[-83.7369903,42.2757904],[-83.7369903,42.2757894],[-83.7369898,42.2757894],[-83.7369898,42.2757905],[-83.7369903,42.2757904]]],[[[-83.7371719,42.275787],[-83.7371719,42.275786],[-83.7371714,42.275786],[-83.7371714,42.275787],[-83.7371719,42.275787]]],[[[-83.737171,42.275787],[-83.7371709,42.275786],[-83.7371705,42.275786],[-83.7371705,42.2757871],[-83.737171,42.275787]],[[-83.7371833,42.2757848],[-83.7371815,42.2757862],[-83.7371821,42.2757886],[-83.7371535,42.275789],[-83.7371534,42.275785],[-83.7371833,42.2757848]]],[[[-83.7369926,42.2757901],[-83.7369926,42.275789],[-83.7369921,42.275789],[-83.7369921,42.2757901],[-83.7369926,42.2757901]]],[[[-83.7369834,42.2757902],[-83.7369834,42.2757892],[-83.7369829,42.2757892],[-83.7369829,42.2757902],[-83.7369834,42.2757902]]],[[[-83.737212,42.275786],[-83.7372119,42.275785],[-83.7372115,42.275785],[-83.7372115,42.275786],[-83.737212,42.275786]]],[[[-83.7371733,42.2757867],[-83.7371732,42.2757856],[-83.7371728,42.2757856],[-83.7371728,42.2757867],[-83.7371733,42.2757867]]],[[[-83.7371654,42.2757865],[-83.7371654,42.2757861],[-83.7371645,42.2757861],[-83.7371645,42.2757868],[-83.7371654,42.2757865]]],[[[-83.736988,42.2757891],[-83.736988,42.2757888],[-83.7369866,42.2757888],[-83.7369866,42.2757891],[-83.736988,42.2757891]]],[[[-83.7369847,42.2757892],[-83.7369847,42.2757888],[-83.7369833,42.2757889],[-83.7369834,42.2757892],[-83.7369847,42.2757892]]],[[[-83.7372133,42.275785],[-83.7372133,42.2757846],[-83.7372119,42.2757846],[-83.7372119,42.275785],[-83.7372133,42.275785]]],[[[-83.7372069,42.2757851],[-83.7372069,42.2757847],[-83.7372055,42.2757848],[-83.7372055,42.2757851],[-83.7372069,42.2757851]]],[[[-83.7371746,42.2757856],[-83.7371746,42.2757853],[-83.7371732,42.2757853],[-83.7371732,42.2757856],[-83.7371746,42.2757856]]],[[[-83.7371682,42.2757857],[-83.7371681,42.2757854],[-83.7371668,42.2757854],[-83.7371668,42.2757858],[-83.7371682,42.2757857]]],[[[-83.7373221,42.2757824],[-83.737322,42.2757814],[-83.7373216,42.2757814],[-83.7373216,42.2757824],[-83.7373221,42.2757824]]],[[[-83.7370409,42.2757852],[-83.7370409,42.2757848],[-83.7370395,42.2757848],[-83.7370395,42.2757852],[-83.7370409,42.2757852]]],[[[-83.7370376,42.2757852],[-83.7370376,42.2757849],[-83.7370363,42.2757849],[-83.7370363,42.2757852],[-83.7370376,42.2757852]]],[[[-83.7370344,42.2757853],[-83.7370344,42.2757849],[-83.737033,42.2757849],[-83.737033,42.2757853],[-83.7370344,42.2757853]]],[[[-83.7370317,42.2757853],[-83.7370316,42.275785],[-83.7370303,42.275785],[-83.7370303,42.2757853],[-83.7370317,42.2757853]]],[[[-83.7370316,42.2757843],[-83.7370316,42.2757839],[-83.7370302,42.275784],[-83.7370302,42.2757843],[-83.7370316,42.2757843]]],[[[-83.7370712,42.2757833],[-83.7370712,42.2757823],[-83.7370708,42.2757823],[-83.7370708,42.2757833],[-83.7370712,42.2757833]]],[[[-83.7370394,42.2757838],[-83.7370394,42.2757828],[-83.737039,42.2757828],[-83.737039,42.2757838],[-83.7370394,42.2757838]]],[[[-83.7370344,42.2757836],[-83.7370344,42.2757832],[-83.7370334,42.2757832],[-83.7370335,42.2757839],[-83.7370344,42.2757836]]],[[[-83.7370321,42.2757839],[-83.737032,42.2757829],[-83.7370316,42.2757829],[-83.7370316,42.2757839],[-83.7370321,42.2757839]]],[[[-83.7370302,42.275784],[-83.7370302,42.2757829],[-83.7370297,42.275783],[-83.7370298,42.275784],[-83.7370302,42.275784]]],[[[-83.7370408,42.2757828],[-83.7370408,42.2757824],[-83.7370394,42.2757824],[-83.7370394,42.2757828],[-83.7370408,42.2757828]]],[[[-83.7370376,42.2757828],[-83.7370376,42.2757825],[-83.7370362,42.2757825],[-83.7370362,42.2757828],[-83.7370376,42.2757828]]],[[[-83.7370316,42.2757829],[-83.7370316,42.2757826],[-83.7370302,42.2757826],[-83.7370302,42.2757829],[-83.7370316,42.2757829]]],[[[-83.7373219,42.275777],[-83.7373219,42.275776],[-83.7373214,42.275776],[-83.7373214,42.275777],[-83.7373219,42.275777]]],[[[-83.7370711,42.2757778],[-83.737071,42.2757768],[-83.7370706,42.2757768],[-83.7370706,42.2757778],[-83.7370711,42.2757778]]],[[[-83.7374139,42.2757717],[-83.7374139,42.2757713],[-83.7374126,42.2757714],[-83.7374126,42.2757717],[-83.7374139,42.2757717]]],[[[-83.7374066,42.2757718],[-83.7374066,42.2757715],[-83.7374052,42.2757715],[-83.7374052,42.2757718],[-83.7374066,42.2757718]]],[[[-83.7373992,42.2757719],[-83.7373992,42.2757716],[-83.7373978,42.2757716],[-83.7373978,42.2757719],[-83.7373992,42.2757719]]],[[[-83.7373918,42.275772],[-83.7373918,42.2757717],[-83.7373904,42.2757717],[-83.7373904,42.2757721],[-83.7373918,42.275772]]],[[[-83.7373845,42.2757722],[-83.7373844,42.2757718],[-83.7373831,42.2757719],[-83.7373831,42.2757722],[-83.7373845,42.2757722]]],[[[-83.7373771,42.2757723],[-83.7373771,42.275772],[-83.7373757,42.275772],[-83.7373757,42.2757723],[-83.7373771,42.2757723]]],[[[-83.7373697,42.2757724],[-83.7373697,42.2757721],[-83.7373683,42.2757721],[-83.7373683,42.2757724],[-83.7373697,42.2757724]]],[[[-83.7373623,42.2757725],[-83.7373623,42.2757722],[-83.7373609,42.2757722],[-83.7373609,42.2757726],[-83.7373623,42.2757725]]],[[[-83.737355,42.2757727],[-83.7373549,42.2757723],[-83.7373536,42.2757724],[-83.7373536,42.2757727],[-83.737355,42.2757727]]],[[[-83.7373476,42.2757728],[-83.7373476,42.2757725],[-83.7373462,42.2757725],[-83.7373462,42.2757728],[-83.7373476,42.2757728]]],[[[-83.7373402,42.2757729],[-83.7373402,42.2757726],[-83.7373388,42.2757726],[-83.7373388,42.2757729],[-83.7373402,42.2757729]]],[[[-83.7373328,42.275773],[-83.7373328,42.2757727],[-83.7373314,42.2757727],[-83.7373315,42.2757731],[-83.7373328,42.275773]]],[[[-83.7373217,42.2757715],[-83.7373217,42.2757705],[-83.7373212,42.2757705],[-83.7373213,42.2757715],[-83.7373217,42.2757715]]],[[[-83.7370709,42.2757724],[-83.7370709,42.2757713],[-83.7370704,42.2757713],[-83.7370704,42.2757724],[-83.7370709,42.2757724]]],[[[-83.7373216,42.2757661],[-83.7373215,42.275765],[-83.7373211,42.2757651],[-83.7373211,42.2757661],[-83.7373216,42.2757661]]],[[[-83.7370012,42.2757698],[-83.7370012,42.2757694],[-83.7369998,42.2757695],[-83.7369998,42.2757698],[-83.7370012,42.2757698]]],[[[-83.736998,42.2757698],[-83.736998,42.2757695],[-83.7369966,42.2757695],[-83.7369966,42.2757699],[-83.736998,42.2757698]]],[[[-83.7369947,42.2757699],[-83.7369947,42.2757696],[-83.7369934,42.2757696],[-83.7369934,42.2757699],[-83.7369947,42.2757699]]],[[[-83.736992,42.2757699],[-83.736992,42.2757696],[-83.7369906,42.2757696],[-83.7369906,42.27577],[-83.736992,42.2757699]]],[[[-83.7369353,42.2757709],[-83.7369353,42.2757706],[-83.7369339,42.2757706],[-83.7369339,42.2757709],[-83.7369353,42.2757709]]],[[[-83.7369321,42.275771],[-83.7369321,42.2757706],[-83.7369307,42.2757706],[-83.7369307,42.275771],[-83.7369321,42.275771]]],[[[-83.7369293,42.275771],[-83.7369293,42.2757707],[-83.7369279,42.2757707],[-83.7369279,42.275771],[-83.7369293,42.275771]]],[[[-83.7369261,42.2757711],[-83.7369261,42.2757707],[-83.7369247,42.2757707],[-83.7369247,42.2757711],[-83.7369261,42.2757711]]],[[[-83.7369998,42.2757684],[-83.7369997,42.2757674],[-83.7369993,42.2757674],[-83.7369993,42.2757685],[-83.7369998,42.2757684]]],[[[-83.7369933,42.2757686],[-83.7369933,42.2757675],[-83.7369928,42.2757675],[-83.7369929,42.2757686],[-83.7369933,42.2757686]]],[[[-83.7369339,42.2757696],[-83.7369338,42.2757685],[-83.7369334,42.2757685],[-83.7369334,42.2757696],[-83.7369339,42.2757696]]],[[[-83.7369292,42.2757693],[-83.7369292,42.275769],[-83.7369283,42.275769],[-83.7369283,42.2757697],[-83.7369292,42.2757693]]],[[[-83.7370707,42.2757669],[-83.7370707,42.2757659],[-83.7370702,42.2757659],[-83.7370703,42.2757669],[-83.7370707,42.2757669]]],[[[-83.7370011,42.2757674],[-83.7370011,42.2757671],[-83.7369997,42.2757671],[-83.7369997,42.2757674],[-83.7370011,42.2757674]]],[[[-83.7369979,42.2757675],[-83.7369979,42.2757671],[-83.7369965,42.2757671],[-83.7369965,42.2757675],[-83.7369979,42.2757675]]],[[[-83.7369947,42.2757675],[-83.7369947,42.2757672],[-83.7369933,42.2757672],[-83.7369933,42.2757675],[-83.7369947,42.2757675]]],[[[-83.7369919,42.2757676],[-83.7369919,42.2757672],[-83.7369905,42.2757672],[-83.7369905,42.2757676],[-83.7369919,42.2757676]]],[[[-83.7369352,42.2757685],[-83.7369352,42.2757682],[-83.7369338,42.2757682],[-83.7369338,42.2757685],[-83.7369352,42.2757685]]],[[[-83.736932,42.2757686],[-83.736932,42.2757682],[-83.7369306,42.2757683],[-83.7369306,42.2757686],[-83.736932,42.2757686]]],[[[-83.736926,42.2757687],[-83.736926,42.2757683],[-83.7369246,42.2757684],[-83.7369246,42.2757687],[-83.736926,42.2757687]]],[[[-83.7373214,42.2757606],[-83.7373214,42.2757596],[-83.7373209,42.2757596],[-83.7373209,42.2757606],[-83.7373214,42.2757606]]],[[[-83.7373003,42.2757487],[-83.7373002,42.2757477],[-83.7372998,42.2757477],[-83.7372998,42.2757487],[-83.7373003,42.2757487]]],[[[-83.7373966,42.2757467],[-83.7373966,42.2757464],[-83.7373952,42.2757464],[-83.7373952,42.2757467],[-83.7373966,42.2757467]]],[[[-83.7371717,42.2757502],[-83.7371717,42.2757498],[-83.7371703,42.2757499],[-83.7371703,42.2757502],[-83.7371717,42.2757502]]],[[[-83.7371652,42.2757503],[-83.7371652,42.27575],[-83.7371638,42.27575],[-83.7371638,42.2757503],[-83.7371652,42.2757503]]],[[[-83.7371624,42.2757503],[-83.7371624,42.27575],[-83.7371611,42.27575],[-83.7371611,42.2757504],[-83.7371624,42.2757503]]],[[[-83.7371385,42.2757507],[-83.7371385,42.2757504],[-83.7371371,42.2757504],[-83.7371371,42.2757508],[-83.7371385,42.2757507]]],[[[-83.737132,42.2757509],[-83.737132,42.2757505],[-83.7371306,42.2757505],[-83.7371306,42.2757509],[-83.737132,42.2757509]]],[[[-83.7373952,42.2757454],[-83.7373951,42.2757444],[-83.7373947,42.2757444],[-83.7373947,42.2757454],[-83.7373952,42.2757454]]],[[[-83.7371702,42.2757488],[-83.7371702,42.2757478],[-83.7371697,42.2757478],[-83.7371698,42.2757489],[-83.7371702,42.2757488]]],[[[-83.7371624,42.2757486],[-83.7371624,42.2757483],[-83.7371615,42.2757483],[-83.7371615,42.275749],[-83.7371624,42.2757486]]],[[[-83.7371371,42.2757494],[-83.737137,42.2757484],[-83.7371366,42.2757484],[-83.7371366,42.2757494],[-83.7371371,42.2757494]]],[[[-83.7371099,42.2757499],[-83.7371099,42.2757495],[-83.7371085,42.2757495],[-83.7371085,42.2757499],[-83.7371099,42.2757499]]],[[[-83.7371071,42.2757499],[-83.7371071,42.2757496],[-83.7371057,42.2757496],[-83.7371057,42.2757499],[-83.7371071,42.2757499]]],[[[-83.7371039,42.27575],[-83.7371039,42.2757496],[-83.7371025,42.2757496],[-83.7371025,42.27575],[-83.7371039,42.27575]]],[[[-83.7373965,42.2757443],[-83.7373965,42.275744],[-83.7373951,42.275744],[-83.7373951,42.2757444],[-83.7373965,42.2757443]]],[[[-83.7374246,42.2757435],[-83.7374246,42.2757432],[-83.7374232,42.2757432],[-83.7374232,42.2757435],[-83.7374246,42.2757435]]],[[[-83.7374218,42.2757436],[-83.7374218,42.2757425],[-83.7374213,42.2757425],[-83.7374214,42.2757436],[-83.7374218,42.2757436]]],[[[-83.73742,42.2757436],[-83.73742,42.2757426],[-83.7374195,42.2757426],[-83.7374195,42.2757436],[-83.73742,42.2757436]]],[[[-83.7374154,42.2757437],[-83.7374154,42.2757433],[-83.737414,42.2757434],[-83.737414,42.2757437],[-83.7374154,42.2757437]]],[[[-83.7373698,42.2757444],[-83.7373698,42.2757441],[-83.7373684,42.2757441],[-83.7373684,42.2757445],[-83.7373698,42.2757444]]],[[[-83.7371716,42.2757478],[-83.7371716,42.2757475],[-83.7371702,42.2757475],[-83.7371702,42.2757478],[-83.7371716,42.2757478]]],[[[-83.7371651,42.2757479],[-83.7371651,42.2757476],[-83.7371637,42.2757476],[-83.7371638,42.2757479],[-83.7371651,42.2757479]]],[[[-83.7371384,42.2757484],[-83.7371384,42.275748],[-83.737137,42.275748],[-83.737137,42.2757484],[-83.7371384,42.2757484]]],[[[-83.737132,42.2757485],[-83.7371319,42.2757481],[-83.7371306,42.2757482],[-83.7371306,42.2757485],[-83.737132,42.2757485]]],[[[-83.7371084,42.2757485],[-83.7371084,42.2757475],[-83.7371079,42.2757475],[-83.737108,42.2757485],[-83.7371084,42.2757485]]],[[[-83.7374213,42.2757425],[-83.7374213,42.2757415],[-83.7374209,42.2757415],[-83.7374209,42.2757426],[-83.7374213,42.2757425]]],[[[-83.7374204,42.2757426],[-83.7374204,42.2757415],[-83.7374199,42.2757415],[-83.73742,42.2757426],[-83.7374204,42.2757426]]],[[[-83.7374232,42.2757422],[-83.7374231,42.2757412],[-83.7374227,42.2757412],[-83.7374227,42.2757422],[-83.7374232,42.2757422]]],[[[-83.737414,42.2757423],[-83.7374139,42.2757413],[-83.7374135,42.2757413],[-83.7374135,42.2757423],[-83.737414,42.2757423]]],[[[-83.7373683,42.2757431],[-83.7373683,42.2757421],[-83.7373678,42.2757421],[-83.7373679,42.2757431],[-83.7373683,42.2757431]]],[[[-83.7373623,42.2757432],[-83.7373623,42.2757422],[-83.7373619,42.2757422],[-83.7373619,42.2757432],[-83.7373623,42.2757432]]],[[[-83.7371098,42.2757475],[-83.7371098,42.2757471],[-83.7371084,42.2757472],[-83.7371084,42.2757475],[-83.7371098,42.2757475]]],[[[-83.737107,42.2757475],[-83.737107,42.2757472],[-83.7371056,42.2757472],[-83.7371056,42.2757475],[-83.737107,42.2757475]]],[[[-83.7371038,42.2757476],[-83.7371038,42.2757472],[-83.7371024,42.2757473],[-83.7371024,42.2757476],[-83.7371038,42.2757476]]],[[[-83.7374245,42.2757411],[-83.7374245,42.2757408],[-83.7374231,42.2757408],[-83.7374231,42.2757412],[-83.7374245,42.2757411]]],[[[-83.7374153,42.2757413],[-83.7374153,42.2757409],[-83.7374139,42.275741],[-83.7374139,42.2757413],[-83.7374153,42.2757413]]],[[[-83.7373697,42.2757421],[-83.7373697,42.2757417],[-83.7373683,42.2757417],[-83.7373683,42.2757421],[-83.7373697,42.2757421]]],[[[-83.7373637,42.2757422],[-83.7373637,42.2757418],[-83.7373623,42.2757418],[-83.7373623,42.2757422],[-83.7373637,42.2757422]],[[-83.7373737,42.2757519],[-83.7373695,42.275752],[-83.7373696,42.2757554],[-83.7373679,42.2757585],[-83.7373629,42.2757613],[-83.7373597,42.2757617],[-83.7373594,42.2757521],[-83.7373506,42.2757523],[-83.7373504,42.2757458],[-83.7373555,42.2757457],[-83.7373551,42.2757334],[-83.7373588,42.2757334],[-83.7373583,42.2757313],[-83.73736,42.2757275],[-83.7373632,42.2757251],[-83.7373673,42.2757237],[-83.7373691,42.2757236],[-83.7373694,42.2757332],[-83.7373731,42.2757331],[-83.7373737,42.2757519]]],[[[-83.7373526,42.2757423],[-83.7373526,42.275742],[-83.7373512,42.275742],[-83.7373513,42.2757424],[-83.7373526,42.2757423]]],[[[-83.7373434,42.2757425],[-83.7373434,42.2757422],[-83.737342,42.2757422],[-83.737342,42.2757425],[-83.7373434,42.2757425]]],[[[-83.7373001,42.2757432],[-83.7373001,42.2757422],[-83.7372996,42.2757422],[-83.7372996,42.2757432],[-83.7373001,42.2757432]]],[[[-83.7373434,42.2757415],[-83.7373434,42.2757411],[-83.737342,42.2757412],[-83.737342,42.2757415],[-83.7373434,42.2757415]]],[[[-83.7373512,42.275741],[-83.7373512,42.27574],[-83.7373507,42.27574],[-83.7373508,42.275741],[-83.7373512,42.275741]]],[[[-83.7373452,42.2757411],[-83.7373452,42.2757401],[-83.7373447,42.2757401],[-83.7373448,42.2757411],[-83.7373452,42.2757411]]],[[[-83.7373438,42.2757411],[-83.7373438,42.2757401],[-83.7373433,42.2757401],[-83.7373434,42.2757411],[-83.7373438,42.2757411]]],[[[-83.737342,42.2757412],[-83.737342,42.2757401],[-83.7373415,42.2757401],[-83.7373415,42.2757412],[-83.737342,42.2757412]]],[[[-83.7373526,42.27574],[-83.7373526,42.2757396],[-83.7373512,42.2757396],[-83.7373512,42.27574],[-83.7373526,42.27574]]],[[[-83.7373466,42.2757401],[-83.7373466,42.2757397],[-83.7373452,42.2757397],[-83.7373452,42.2757401],[-83.7373466,42.2757401]]],[[[-83.7373433,42.2757401],[-83.7373433,42.2757398],[-83.737342,42.2757398],[-83.737342,42.2757401],[-83.7373433,42.2757401]]],[[[-83.7370995,42.2757425],[-83.7370995,42.2757422],[-83.7370981,42.2757422],[-83.7370981,42.2757426],[-83.7370995,42.2757425]]],[[[-83.7370963,42.2757426],[-83.7370963,42.2757422],[-83.7370949,42.2757423],[-83.7370949,42.2757426],[-83.7370963,42.2757426]]],[[[-83.737093,42.2757426],[-83.737093,42.2757423],[-83.7370917,42.2757423],[-83.7370917,42.2757427],[-83.737093,42.2757426]]],[[[-83.7372999,42.2757378],[-83.7372999,42.2757368],[-83.7372994,42.2757368],[-83.7372995,42.2757378],[-83.7372999,42.2757378]]],[[[-83.7370981,42.2757412],[-83.737098,42.2757402],[-83.7370976,42.2757402],[-83.7370976,42.2757412],[-83.7370981,42.2757412]]],[[[-83.7369944,42.2757423],[-83.7369943,42.2757419],[-83.736993,42.2757419],[-83.736993,42.2757423],[-83.7369944,42.2757423]]],[[[-83.7369911,42.2757423],[-83.7369911,42.275742],[-83.7369897,42.275742],[-83.7369897,42.2757423],[-83.7369911,42.2757423]]],[[[-83.7369884,42.2757424],[-83.7369884,42.275742],[-83.736987,42.2757421],[-83.736987,42.2757424],[-83.7369884,42.2757424]]],[[[-83.7369851,42.2757424],[-83.7369851,42.2757421],[-83.7369837,42.2757421],[-83.7369838,42.2757424],[-83.7369851,42.2757424]]],[[[-83.7369929,42.2757409],[-83.7369929,42.2757399],[-83.7369924,42.2757399],[-83.7369925,42.2757409],[-83.7369929,42.2757409]]],[[[-83.7369869,42.275741],[-83.7369869,42.27574],[-83.7369864,42.27574],[-83.7369865,42.275741],[-83.7369869,42.275741]]],[[[-83.7369851,42.2757407],[-83.7369851,42.2757404],[-83.7369841,42.2757404],[-83.7369842,42.2757411],[-83.7369851,42.2757407]]],[[[-83.7369943,42.2757399],[-83.7369943,42.2757395],[-83.7369929,42.2757396],[-83.7369929,42.2757399],[-83.7369943,42.2757399]]],[[[-83.7369911,42.2757399],[-83.736991,42.2757396],[-83.7369897,42.2757396],[-83.7369897,42.27574],[-83.7369911,42.2757399]]],[[[-83.7369883,42.27574],[-83.7369883,42.2757396],[-83.7369869,42.2757397],[-83.7369869,42.27574],[-83.7369883,42.27574]]],[[[-83.7372998,42.2757323],[-83.7372997,42.2757313],[-83.7372993,42.2757313],[-83.7372993,42.2757323],[-83.7372998,42.2757323]]],[[[-83.7370282,42.2757342],[-83.7370282,42.2757338],[-83.7370268,42.2757339],[-83.7370268,42.2757342],[-83.7370282,42.2757342]]],[[[-83.737025,42.2757342],[-83.737025,42.2757339],[-83.7370236,42.2757339],[-83.7370236,42.2757343],[-83.737025,42.2757342]]],[[[-83.7370218,42.2757343],[-83.7370218,42.275734],[-83.7370204,42.275734],[-83.7370204,42.2757343],[-83.7370218,42.2757343]]],[[[-83.737019,42.2757343],[-83.737019,42.275734],[-83.7370176,42.275734],[-83.7370176,42.2757344],[-83.737019,42.2757343]]],[[[-83.737189,42.2757301],[-83.737189,42.2757291],[-83.7371885,42.2757291],[-83.7371886,42.2757301],[-83.737189,42.2757301]]],[[[-83.7370268,42.2757328],[-83.7370268,42.2757318],[-83.7370263,42.2757318],[-83.7370263,42.2757329],[-83.7370268,42.2757328]]],[[[-83.7370203,42.275733],[-83.7370203,42.2757319],[-83.7370199,42.2757319],[-83.7370199,42.275733],[-83.7370203,42.275733]]],[[[-83.737019,42.2757326],[-83.7370189,42.2757323],[-83.737018,42.2757323],[-83.737018,42.275733],[-83.737019,42.2757326]]],[[[-83.7370282,42.2757318],[-83.7370281,42.2757315],[-83.7370268,42.2757315],[-83.7370268,42.2757318],[-83.7370282,42.2757318]]],[[[-83.7370249,42.2757319],[-83.7370249,42.2757315],[-83.7370235,42.2757315],[-83.7370235,42.2757319],[-83.7370249,42.2757319]]],[[[-83.7370217,42.2757319],[-83.7370217,42.2757316],[-83.7370203,42.2757316],[-83.7370203,42.2757319],[-83.7370217,42.2757319]]],[[[-83.7372996,42.2757269],[-83.7372996,42.2757258],[-83.7372991,42.2757258],[-83.7372991,42.2757269],[-83.7372996,42.2757269]]],[[[-83.7372994,42.2757214],[-83.7372994,42.2757204],[-83.7372989,42.2757204],[-83.737299,42.2757214],[-83.7372994,42.2757214]]],[[[-83.7372993,42.275716],[-83.7372992,42.2757149],[-83.7372988,42.2757149],[-83.7372988,42.275716],[-83.7372993,42.275716]]],[[[-83.737265,42.2757114],[-83.737265,42.2757111],[-83.7372636,42.2757111],[-83.7372636,42.2757114],[-83.737265,42.2757114]]],[[[-83.7372622,42.2757115],[-83.7372622,42.2757111],[-83.7372608,42.2757111],[-83.7372608,42.2757115],[-83.7372622,42.2757115]]],[[[-83.737259,42.2757115],[-83.737259,42.2757112],[-83.7372576,42.2757112],[-83.7372576,42.2757115],[-83.737259,42.2757115]]],[[[-83.7372,42.2757125],[-83.7372,42.2757122],[-83.7371986,42.2757122],[-83.7371986,42.2757125],[-83.7372,42.2757125]]],[[[-83.737194,42.2757126],[-83.737194,42.2757123],[-83.7371926,42.2757123],[-83.7371926,42.2757126],[-83.737194,42.2757126]]],[[[-83.7370963,42.2757143],[-83.7370963,42.2757139],[-83.7370949,42.275714],[-83.7370949,42.2757143],[-83.7370963,42.2757143]]],[[[-83.7370935,42.2757143],[-83.7370935,42.2757133],[-83.7370931,42.2757133],[-83.7370931,42.2757143],[-83.7370935,42.2757143]]],[[[-83.7370917,42.2757143],[-83.7370917,42.2757133],[-83.7370912,42.2757133],[-83.7370912,42.2757144],[-83.7370917,42.2757143]]],[[[-83.7370899,42.2757144],[-83.7370899,42.275714],[-83.7370885,42.2757141],[-83.7370885,42.2757144],[-83.7370899,42.2757144]]],[[[-83.7370613,42.2757149],[-83.7370613,42.2757145],[-83.7370599,42.2757145],[-83.7370599,42.2757149],[-83.7370613,42.2757149]]],[[[-83.7370548,42.275715],[-83.7370548,42.2757146],[-83.7370534,42.2757147],[-83.7370535,42.275715],[-83.7370548,42.275715]]],[[[-83.7370521,42.275715],[-83.7370521,42.2757147],[-83.7370507,42.2757147],[-83.7370507,42.275715],[-83.7370521,42.275715]]],[[[-83.7372991,42.2757105],[-83.7372991,42.2757095],[-83.7372986,42.2757095],[-83.7372986,42.2757105],[-83.7372991,42.2757105]]],[[[-83.7371968,42.2757115],[-83.7371967,42.2757112],[-83.7371954,42.2757112],[-83.7371954,42.2757116],[-83.7371968,42.2757115]]],[[[-83.7370931,42.2757133],[-83.737093,42.2757123],[-83.7370926,42.2757123],[-83.7370926,42.2757133],[-83.7370931,42.2757133]]],[[[-83.7370921,42.2757133],[-83.7370921,42.2757123],[-83.7370916,42.2757123],[-83.7370917,42.2757133],[-83.7370921,42.2757133]]],[[[-83.7372636,42.2757101],[-83.7372635,42.2757091],[-83.7372631,42.2757091],[-83.7372631,42.2757101],[-83.7372636,42.2757101]]],[[[-83.7372543,42.2757102],[-83.7372543,42.2757092],[-83.7372539,42.2757092],[-83.7372539,42.2757102],[-83.7372543,42.2757102]]],[[[-83.7371986,42.2757112],[-83.7371986,42.2757102],[-83.7371981,42.2757102],[-83.7371981,42.2757112],[-83.7371986,42.2757112]]],[[[-83.7371954,42.2757112],[-83.7371953,42.2757102],[-83.7371949,42.2757102],[-83.7371949,42.2757112],[-83.7371954,42.2757112]]],[[[-83.7370949,42.2757129],[-83.7370949,42.2757119],[-83.7370944,42.2757119],[-83.7370944,42.2757129],[-83.7370949,42.2757129]]],[[[-83.7370599,42.2757135],[-83.7370598,42.2757125],[-83.7370594,42.2757125],[-83.7370594,42.2757135],[-83.7370599,42.2757135]]],[[[-83.7370506,42.2757137],[-83.7370506,42.2757127],[-83.7370502,42.2757127],[-83.7370502,42.2757137],[-83.7370506,42.2757137]]],[[[-83.7372649,42.275709],[-83.7372649,42.2757087],[-83.7372635,42.2757087],[-83.7372635,42.2757091],[-83.7372649,42.275709]]],[[[-83.7372622,42.2757091],[-83.7372621,42.2757087],[-83.7372608,42.2757088],[-83.7372608,42.2757091],[-83.7372622,42.2757091]]],[[[-83.7372589,42.2757091],[-83.7372589,42.2757088],[-83.7372575,42.2757088],[-83.7372575,42.2757092],[-83.7372589,42.2757091]]],[[[-83.7372557,42.2757092],[-83.7372557,42.2757088],[-83.7372543,42.2757089],[-83.7372543,42.2757092],[-83.7372557,42.2757092]]],[[[-83.7371999,42.2757101],[-83.7371999,42.2757098],[-83.7371985,42.2757098],[-83.7371986,42.2757102],[-83.7371999,42.2757101]]],[[[-83.7371939,42.2757102],[-83.7371939,42.2757099],[-83.7371926,42.2757099],[-83.7371926,42.2757103],[-83.7371939,42.2757102]]],[[[-83.7370962,42.2757119],[-83.7370962,42.2757115],[-83.7370948,42.2757116],[-83.7370949,42.2757119],[-83.7370962,42.2757119]]],[[[-83.7370898,42.275712],[-83.7370898,42.2757117],[-83.7370884,42.2757117],[-83.7370884,42.275712],[-83.7370898,42.275712]]],[[[-83.7370612,42.2757125],[-83.7370612,42.2757121],[-83.7370598,42.2757122],[-83.7370598,42.2757125],[-83.7370612,42.2757125]]],[[[-83.7370548,42.2757126],[-83.7370548,42.2757122],[-83.7370534,42.2757123],[-83.7370534,42.2757126],[-83.7370548,42.2757126]]],[[[-83.737052,42.2757126],[-83.737052,42.2757123],[-83.7370506,42.2757123],[-83.7370506,42.2757127],[-83.737052,42.2757126]]],[[[-83.7369658,42.2757141],[-83.7369658,42.2757137],[-83.7369644,42.2757138],[-83.7369644,42.2757141],[-83.7369658,42.2757141]]],[[[-83.7369626,42.2757141],[-83.7369626,42.2757138],[-83.7369612,42.2757138],[-83.7369612,42.2757142],[-83.7369626,42.2757141]]],[[[-83.7369594,42.2757142],[-83.7369593,42.2757139],[-83.736958,42.2757139],[-83.736958,42.2757142],[-83.7369594,42.2757142]]],[[[-83.7369538,42.2757143],[-83.7369538,42.2757133],[-83.7369533,42.2757133],[-83.7369534,42.2757143],[-83.7369538,42.2757143]]],[[[-83.736952,42.2757143],[-83.736952,42.2757133],[-83.7369515,42.2757133],[-83.7369515,42.2757143],[-83.736952,42.2757143]]],[[[-83.7369501,42.2757144],[-83.7369501,42.2757133],[-83.7369496,42.2757133],[-83.7369497,42.2757144],[-83.7369501,42.2757144]]],[[[-83.7369533,42.2757133],[-83.7369533,42.2757123],[-83.7369528,42.2757123],[-83.7369529,42.2757133],[-83.7369533,42.2757133]]],[[[-83.7369524,42.2757133],[-83.7369524,42.2757123],[-83.7369519,42.2757123],[-83.736952,42.2757133],[-83.7369524,42.2757133]]],[[[-83.7369515,42.2757133],[-83.7369515,42.2757123],[-83.736951,42.2757123],[-83.736951,42.2757133],[-83.7369515,42.2757133]]],[[[-83.7369506,42.2757133],[-83.7369505,42.2757123],[-83.7369501,42.2757123],[-83.7369501,42.2757133],[-83.7369506,42.2757133]]],[[[-83.7369644,42.2757127],[-83.7369644,42.2757117],[-83.7369639,42.2757117],[-83.7369639,42.2757128],[-83.7369644,42.2757127]]],[[[-83.7369579,42.2757129],[-83.7369579,42.2757118],[-83.7369574,42.2757118],[-83.7369575,42.2757129],[-83.7369579,42.2757129]]],[[[-83.7369552,42.2757129],[-83.7369551,42.2757119],[-83.7369547,42.2757119],[-83.7369547,42.2757129],[-83.7369552,42.2757129]]],[[[-83.7369657,42.2757117],[-83.7369657,42.2757114],[-83.7369643,42.2757114],[-83.7369644,42.2757117],[-83.7369657,42.2757117]]],[[[-83.7369625,42.2757118],[-83.7369625,42.2757114],[-83.7369611,42.2757114],[-83.7369611,42.2757118],[-83.7369625,42.2757118]]],[[[-83.7369593,42.2757118],[-83.7369593,42.2757115],[-83.7369579,42.2757115],[-83.7369579,42.2757118],[-83.7369593,42.2757118]]],[[[-83.7369565,42.2757119],[-83.7369565,42.2757115],[-83.7369551,42.2757115],[-83.7369551,42.2757119],[-83.7369565,42.2757119]]],[[[-83.7372989,42.275705],[-83.7372989,42.275704],[-83.7372984,42.275704],[-83.7372985,42.275705],[-83.7372989,42.275705]]],[[[-83.7373938,42.2757004],[-83.7373937,42.2757],[-83.7373924,42.2757],[-83.7373924,42.2757004],[-83.7373938,42.2757004]]],[[[-83.7373845,42.2757005],[-83.7373845,42.2757002],[-83.7373831,42.2757002],[-83.7373832,42.2757005],[-83.7373845,42.2757005]]],[[[-83.7370311,42.2757065],[-83.737031,42.2757062],[-83.7370297,42.2757062],[-83.7370297,42.2757065],[-83.7370311,42.2757065]]],[[[-83.7370278,42.2757066],[-83.7370278,42.2757062],[-83.7370264,42.2757062],[-83.7370264,42.2757066],[-83.7370278,42.2757066]]],[[[-83.7370251,42.2757066],[-83.7370251,42.2757063],[-83.7370237,42.2757063],[-83.7370237,42.2757066],[-83.7370251,42.2757066]]],[[[-83.7373923,42.275699],[-83.7373923,42.275698],[-83.7373918,42.275698],[-83.7373919,42.275699],[-83.7373923,42.275699]]],[[[-83.7373863,42.2756991],[-83.7373863,42.2756981],[-83.7373858,42.2756981],[-83.7373859,42.2756991],[-83.7373863,42.2756991]]],[[[-83.7370296,42.2757052],[-83.7370296,42.2757041],[-83.7370291,42.2757041],[-83.7370292,42.2757052],[-83.7370296,42.2757052]]],[[[-83.7370236,42.2757053],[-83.7370236,42.2757042],[-83.7370231,42.2757042],[-83.7370232,42.2757053],[-83.7370236,42.2757053]]],[[[-83.7370204,42.2757053],[-83.7370204,42.2757043],[-83.7370199,42.2757043],[-83.73702,42.2757053],[-83.7370204,42.2757053]]],[[[-83.7373937,42.275698],[-83.7373937,42.2756976],[-83.7373923,42.2756977],[-83.7373923,42.275698],[-83.7373937,42.275698]]],[[[-83.7373877,42.2756981],[-83.7373877,42.2756977],[-83.7373863,42.2756978],[-83.7373863,42.2756981],[-83.7373877,42.2756981]]],[[[-83.7373845,42.2756981],[-83.7373845,42.2756978],[-83.7373831,42.2756978],[-83.7373831,42.2756982],[-83.7373845,42.2756981]]],[[[-83.7372987,42.2756996],[-83.7372987,42.2756986],[-83.7372983,42.2756986],[-83.7372983,42.2756996],[-83.7372987,42.2756996]]],[[[-83.737031,42.2757041],[-83.737031,42.2757038],[-83.7370296,42.2757038],[-83.7370296,42.2757041],[-83.737031,42.2757041]]],[[[-83.7370278,42.2757042],[-83.7370277,42.2757038],[-83.7370264,42.2757039],[-83.7370264,42.2757042],[-83.7370278,42.2757042]]],[[[-83.737025,42.2757042],[-83.737025,42.2757039],[-83.7370236,42.2757039],[-83.7370236,42.2757042],[-83.737025,42.2757042]]],[[[-83.7370218,42.2757043],[-83.7370218,42.2757039],[-83.7370204,42.275704],[-83.7370204,42.2757043],[-83.7370218,42.2757043]]],[[[-83.7372986,42.2756941],[-83.7372985,42.2756931],[-83.7372981,42.2756931],[-83.7372981,42.2756941],[-83.7372986,42.2756941]]],[[[-83.7372984,42.2756887],[-83.7372984,42.2756876],[-83.7372979,42.2756877],[-83.7372979,42.2756887],[-83.7372984,42.2756887]]],[[[-83.7369914,42.2756932],[-83.7369914,42.2756928],[-83.7369901,42.2756929],[-83.7369901,42.2756932],[-83.7369914,42.2756932]]],[[[-83.7369887,42.2756932],[-83.7369887,42.2756922],[-83.7369882,42.2756922],[-83.7369882,42.2756932],[-83.7369887,42.2756932]]],[[[-83.7369868,42.2756933],[-83.7369868,42.2756922],[-83.7369863,42.2756922],[-83.7369864,42.2756933],[-83.7369868,42.2756933]]],[[[-83.736985,42.2756933],[-83.736985,42.275693],[-83.7369836,42.275693],[-83.7369836,42.2756933],[-83.736985,42.2756933]]],[[[-83.7369882,42.2756922],[-83.7369882,42.2756912],[-83.7369877,42.2756912],[-83.7369877,42.2756922],[-83.7369882,42.2756922]]],[[[-83.7369873,42.2756922],[-83.7369872,42.2756912],[-83.7369868,42.2756912],[-83.7369868,42.2756922],[-83.7369873,42.2756922]]],[[[-83.73699,42.2756918],[-83.73699,42.2756908],[-83.7369895,42.2756908],[-83.7369896,42.2756919],[-83.73699,42.2756918]]],[[[-83.7369803,42.275692],[-83.7369803,42.275691],[-83.7369799,42.275691],[-83.7369799,42.275692],[-83.7369803,42.275692]]],[[[-83.7372982,42.2756832],[-83.7372982,42.2756822],[-83.7372977,42.2756822],[-83.7372978,42.2756832],[-83.7372982,42.2756832]]],[[[-83.7372981,42.2756778],[-83.737298,42.2756767],[-83.7372976,42.2756767],[-83.7372976,42.2756778],[-83.7372981,42.2756778]]],[[[-83.737198,42.2756767],[-83.737198,42.2756764],[-83.7371966,42.2756764],[-83.7371966,42.2756767],[-83.737198,42.2756767]]],[[[-83.7371948,42.2756768],[-83.7371947,42.2756764],[-83.7371934,42.2756765],[-83.7371934,42.2756768],[-83.7371948,42.2756768]]],[[[-83.7371588,42.2756774],[-83.7371588,42.275677],[-83.7371574,42.2756771],[-83.7371574,42.2756774],[-83.7371588,42.2756774]]],[[[-83.737156,42.2756774],[-83.737156,42.2756771],[-83.7371546,42.2756771],[-83.7371547,42.2756775],[-83.737156,42.2756774]]],[[[-83.7371302,42.2756779],[-83.7371302,42.2756775],[-83.7371288,42.2756776],[-83.7371288,42.2756779],[-83.7371302,42.2756779]]],[[[-83.737127,42.2756779],[-83.737127,42.2756776],[-83.7371256,42.2756776],[-83.7371256,42.2756779],[-83.737127,42.2756779]]],[[[-83.7371238,42.275678],[-83.7371238,42.2756776],[-83.7371224,42.2756777],[-83.7371224,42.275678],[-83.7371238,42.275678]]],[[[-83.7371966,42.2756754],[-83.7371965,42.2756744],[-83.7371961,42.2756744],[-83.7371961,42.2756754],[-83.7371966,42.2756754]]],[[[-83.7371574,42.275676],[-83.7371573,42.275675],[-83.7371569,42.275675],[-83.7371569,42.2756761],[-83.7371574,42.275676]]],[[[-83.7371482,42.2756762],[-83.7371481,42.2756752],[-83.7371477,42.2756752],[-83.7371477,42.2756762],[-83.7371482,42.2756762]]],[[[-83.7371288,42.2756765],[-83.7371288,42.2756755],[-83.7371283,42.2756755],[-83.7371283,42.2756765],[-83.7371288,42.2756765]]],[[[-83.7371237,42.2756763],[-83.7371237,42.2756759],[-83.7371228,42.2756759],[-83.7371228,42.2756766],[-83.7371237,42.2756763]]],[[[-83.7371979,42.2756743],[-83.7371979,42.275674],[-83.7371965,42.275674],[-83.7371965,42.2756744],[-83.7371979,42.2756743]]],[[[-83.7371947,42.2756744],[-83.7371947,42.275674],[-83.7371933,42.2756741],[-83.7371933,42.2756744],[-83.7371947,42.2756744]]],[[[-83.7371587,42.275675],[-83.7371587,42.2756747],[-83.7371573,42.2756747],[-83.7371573,42.275675],[-83.7371587,42.275675]]],[[[-83.737156,42.275675],[-83.737156,42.2756747],[-83.7371546,42.2756747],[-83.7371546,42.2756751],[-83.737156,42.275675]]],[[[-83.7371495,42.2756752],[-83.7371495,42.2756748],[-83.7371481,42.2756748],[-83.7371481,42.2756752],[-83.7371495,42.2756752]]],[[[-83.7371302,42.2756755],[-83.7371301,42.2756751],[-83.7371288,42.2756752],[-83.7371288,42.2756755],[-83.7371302,42.2756755]]],[[[-83.7371269,42.2756755],[-83.7371269,42.2756752],[-83.7371255,42.2756752],[-83.7371255,42.2756756],[-83.7371269,42.2756755]]],[[[-83.7372979,42.2756723],[-83.7372979,42.2756713],[-83.7372974,42.2756713],[-83.7372974,42.2756723],[-83.7372979,42.2756723]]],[[[-83.7370319,42.2756758],[-83.7370319,42.2756754],[-83.7370306,42.2756755],[-83.7370306,42.2756758],[-83.7370319,42.2756758]]],[[[-83.7370287,42.2756758],[-83.7370287,42.2756755],[-83.7370273,42.2756755],[-83.7370273,42.2756759],[-83.7370287,42.2756758]]],[[[-83.7370227,42.2756759],[-83.7370227,42.2756756],[-83.7370213,42.2756756],[-83.7370213,42.275676],[-83.7370227,42.2756759]]],[[[-83.7369886,42.2756765],[-83.7369886,42.2756762],[-83.7369872,42.2756762],[-83.7369872,42.2756765],[-83.7369886,42.2756765]]],[[[-83.7369854,42.2756766],[-83.7369854,42.2756762],[-83.736984,42.2756762],[-83.736984,42.2756766],[-83.7369854,42.2756766]]],[[[-83.7369794,42.2756767],[-83.7369794,42.2756763],[-83.736978,42.2756764],[-83.736978,42.2756767],[-83.7369794,42.2756767]]],[[[-83.7370305,42.2756744],[-83.7370305,42.2756734],[-83.73703,42.2756734],[-83.7370301,42.2756744],[-83.7370305,42.2756744]]],[[[-83.7369872,42.2756752],[-83.7369872,42.2756741],[-83.7369867,42.2756742],[-83.7369867,42.2756752],[-83.7369872,42.2756752]]],[[[-83.7369794,42.275675],[-83.7369793,42.2756746],[-83.7369784,42.2756746],[-83.7369784,42.2756753],[-83.7369794,42.275675]]],[[[-83.7370319,42.2756734],[-83.7370319,42.2756731],[-83.7370305,42.2756731],[-83.7370305,42.2756734],[-83.7370319,42.2756734]]],[[[-83.7370286,42.2756734],[-83.7370286,42.2756731],[-83.7370273,42.2756731],[-83.7370273,42.2756735],[-83.7370286,42.2756734]]],[[[-83.7370227,42.2756735],[-83.7370226,42.2756732],[-83.7370213,42.2756732],[-83.7370213,42.2756736],[-83.7370227,42.2756735]]],[[[-83.7369886,42.2756741],[-83.7369885,42.2756738],[-83.7369872,42.2756738],[-83.7369872,42.2756741],[-83.7369886,42.2756741]]],[[[-83.7369853,42.2756742],[-83.7369853,42.2756738],[-83.7369839,42.2756739],[-83.7369839,42.2756742],[-83.7369853,42.2756742]]],[[[-83.7372977,42.2756668],[-83.7372977,42.2756658],[-83.7372972,42.2756658],[-83.7372973,42.2756669],[-83.7372977,42.2756668]]],[[[-83.7372976,42.2756614],[-83.7372975,42.2756604],[-83.7372971,42.2756604],[-83.7372971,42.2756614],[-83.7372976,42.2756614]]],[[[-83.7371867,42.2756558],[-83.7371867,42.2756554],[-83.7371853,42.2756554],[-83.7371853,42.2756558],[-83.7371867,42.2756558]]],[[[-83.7371803,42.2756559],[-83.7371803,42.2756555],[-83.7371789,42.2756556],[-83.7371789,42.2756559],[-83.7371803,42.2756559]]],[[[-83.7371853,42.2756544],[-83.7371853,42.2756534],[-83.7371848,42.2756534],[-83.7371848,42.2756544],[-83.7371853,42.2756544]]],[[[-83.7371761,42.2756546],[-83.7371761,42.2756536],[-83.7371756,42.2756536],[-83.7371756,42.2756546],[-83.7371761,42.2756546]]],[[[-83.7371867,42.2756534],[-83.7371866,42.275653],[-83.7371853,42.2756531],[-83.7371853,42.2756534],[-83.7371867,42.2756534]]],[[[-83.7371802,42.2756535],[-83.7371802,42.2756531],[-83.7371788,42.2756532],[-83.7371788,42.2756535],[-83.7371802,42.2756535]]],[[[-83.7371774,42.2756535],[-83.7371774,42.2756532],[-83.737176,42.2756532],[-83.7371761,42.2756536],[-83.7371774,42.2756535]]],[[[-83.7372969,42.2756409],[-83.7372969,42.2756399],[-83.7372964,42.2756399],[-83.7372965,42.2756409],[-83.7372969,42.2756409]]],[[[-83.73693,42.2756447],[-83.73693,42.2756444],[-83.7369286,42.2756444],[-83.7369286,42.2756448],[-83.73693,42.2756447]]],[[[-83.7369268,42.2756448],[-83.7369268,42.2756445],[-83.7369254,42.2756445],[-83.7369254,42.2756448],[-83.7369268,42.2756448]]],[[[-83.7369286,42.2756434],[-83.7369285,42.2756424],[-83.7369281,42.2756424],[-83.7369281,42.2756434],[-83.7369286,42.2756434]]],[[[-83.7369194,42.2756436],[-83.7369193,42.2756425],[-83.7369189,42.2756425],[-83.7369189,42.2756436],[-83.7369194,42.2756436]]],[[[-83.7369299,42.2756424],[-83.7369299,42.275642],[-83.7369285,42.275642],[-83.7369285,42.2756424],[-83.7369299,42.2756424]]],[[[-83.7369267,42.2756424],[-83.7369267,42.2756421],[-83.7369253,42.2756421],[-83.7369253,42.2756424],[-83.7369267,42.2756424]]],[[[-83.7369207,42.2756425],[-83.7369207,42.2756422],[-83.7369193,42.2756422],[-83.7369193,42.2756425],[-83.7369207,42.2756425]]],[[[-83.7372968,42.2756355],[-83.7372967,42.2756345],[-83.7372963,42.2756345],[-83.7372963,42.2756355],[-83.7372968,42.2756355]]],[[[-83.7372966,42.27563],[-83.7372966,42.275629],[-83.7372961,42.275629],[-83.7372961,42.27563],[-83.7372966,42.27563]]],[[[-83.7374472,42.2756244],[-83.7374472,42.2756241],[-83.7374458,42.2756241],[-83.7374458,42.2756244],[-83.7374472,42.2756244]]],[[[-83.7374398,42.2756245],[-83.7374398,42.2756242],[-83.7374384,42.2756242],[-83.7374384,42.2756245],[-83.7374398,42.2756245]]],[[[-83.7374324,42.2756246],[-83.7374324,42.2756243],[-83.7374311,42.2756243],[-83.7374311,42.2756247],[-83.7374324,42.2756246]]],[[[-83.7374251,42.2756248],[-83.7374251,42.2756244],[-83.7374237,42.2756245],[-83.7374237,42.2756248],[-83.7374251,42.2756248]]],[[[-83.7374177,42.2756249],[-83.7374177,42.2756246],[-83.7374163,42.2756246],[-83.7374163,42.2756249],[-83.7374177,42.2756249]]],[[[-83.7374103,42.275625],[-83.7374103,42.2756247],[-83.7374089,42.2756247],[-83.7374089,42.275625],[-83.7374103,42.275625]]],[[[-83.737403,42.2756251],[-83.7374029,42.2756248],[-83.7374016,42.2756248],[-83.7374016,42.2756252],[-83.737403,42.2756251]]],[[[-83.7373956,42.2756253],[-83.7373956,42.2756249],[-83.7373942,42.275625],[-83.7373942,42.2756253],[-83.7373956,42.2756253]]],[[[-83.7373882,42.2756254],[-83.7373882,42.2756251],[-83.7373868,42.2756251],[-83.7373868,42.2756254],[-83.7373882,42.2756254]]],[[[-83.7373808,42.2756255],[-83.7373808,42.2756252],[-83.7373794,42.2756252],[-83.7373795,42.2756255],[-83.7373808,42.2756255]]],[[[-83.7373735,42.2756256],[-83.7373734,42.2756253],[-83.7373721,42.2756253],[-83.7373721,42.2756257],[-83.7373735,42.2756256]]],[[[-83.7373661,42.2756258],[-83.7373661,42.2756254],[-83.7373647,42.2756255],[-83.7373647,42.2756258],[-83.7373661,42.2756258]]],[[[-83.7373587,42.2756259],[-83.7373587,42.2756256],[-83.7373573,42.2756256],[-83.7373573,42.2756259],[-83.7373587,42.2756259]]],[[[-83.7373513,42.275626],[-83.7373513,42.2756257],[-83.7373499,42.2756257],[-83.73735,42.275626],[-83.7373513,42.275626]]],[[[-83.737344,42.2756261],[-83.737344,42.2756258],[-83.7373426,42.2756258],[-83.7373426,42.2756262],[-83.737344,42.2756261]]],[[[-83.7373366,42.2756263],[-83.7373366,42.2756259],[-83.7373352,42.275626],[-83.7373352,42.2756263],[-83.7373366,42.2756263]]],[[[-83.7373292,42.2756264],[-83.7373292,42.2756261],[-83.7373278,42.2756261],[-83.7373278,42.2756264],[-83.7373292,42.2756264]]],[[[-83.7373145,42.2756266],[-83.7373145,42.2756263],[-83.7373131,42.2756263],[-83.7373131,42.2756267],[-83.7373145,42.2756266]]],[[[-83.7373071,42.2756268],[-83.7373071,42.2756264],[-83.7373057,42.2756265],[-83.7373057,42.2756268],[-83.7373071,42.2756268]]],[[[-83.7372997,42.2756269],[-83.7372997,42.2756266],[-83.7372983,42.2756266],[-83.7372983,42.2756269],[-83.7372997,42.2756269]]],[[[-83.7373213,42.2756248],[-83.7373213,42.2756238],[-83.7373208,42.2756238],[-83.7373209,42.2756248],[-83.7373213,42.2756248]]],[[[-83.7372964,42.2756246],[-83.7372964,42.2756235],[-83.7372959,42.2756235],[-83.737296,42.2756246],[-83.7372964,42.2756246]]],[[[-83.7373212,42.2756194],[-83.7373211,42.2756183],[-83.7373207,42.2756184],[-83.7373207,42.2756194],[-83.7373212,42.2756194]]],[[[-83.7372963,42.2756191],[-83.7372962,42.2756181],[-83.7372958,42.2756181],[-83.7372958,42.2756191],[-83.7372963,42.2756191]]],[[[-83.737321,42.2756139],[-83.737321,42.2756129],[-83.7373205,42.2756129],[-83.7373205,42.2756139],[-83.737321,42.2756139]]],[[[-83.7372961,42.2756136],[-83.7372961,42.2756126],[-83.7372956,42.2756126],[-83.7372956,42.2756137],[-83.7372961,42.2756136]]],[[[-83.7373208,42.2756085],[-83.7373208,42.2756074],[-83.7373203,42.2756074],[-83.7373204,42.2756085],[-83.7373208,42.2756085]]],[[[-83.7372959,42.2756082],[-83.7372959,42.2756072],[-83.7372954,42.2756072],[-83.7372955,42.2756082],[-83.7372959,42.2756082]]],[[[-83.7370332,42.2756126],[-83.7370332,42.2756123],[-83.7370318,42.2756123],[-83.7370318,42.2756127],[-83.7370332,42.2756126]]],[[[-83.7370258,42.2756128],[-83.7370258,42.2756124],[-83.7370245,42.2756124],[-83.7370245,42.2756128],[-83.7370258,42.2756128]]],[[[-83.7370185,42.2756129],[-83.7370185,42.2756125],[-83.7370171,42.2756126],[-83.7370171,42.2756129],[-83.7370185,42.2756129]]],[[[-83.7370111,42.275613],[-83.7370111,42.2756127],[-83.7370097,42.2756127],[-83.7370097,42.275613],[-83.7370111,42.275613]]],[[[-83.7370037,42.2756131],[-83.7370037,42.2756128],[-83.7370023,42.2756128],[-83.7370023,42.2756132],[-83.7370037,42.2756131]]],[[[-83.7369964,42.2756133],[-83.7369963,42.2756129],[-83.736995,42.2756129],[-83.736995,42.2756133],[-83.7369964,42.2756133]]],[[[-83.736989,42.2756134],[-83.736989,42.275613],[-83.7369876,42.2756131],[-83.7369876,42.2756134],[-83.736989,42.2756134]]],[[[-83.7369816,42.2756135],[-83.7369816,42.2756132],[-83.7369802,42.2756132],[-83.7369802,42.2756135],[-83.7369816,42.2756135]]],[[[-83.7369742,42.2756136],[-83.7369742,42.2756133],[-83.7369728,42.2756133],[-83.7369728,42.2756137],[-83.7369742,42.2756136]]],[[[-83.7369669,42.2756138],[-83.7369668,42.2756134],[-83.7369655,42.2756134],[-83.7369655,42.2756138],[-83.7369669,42.2756138]]],[[[-83.7369595,42.2756139],[-83.7369595,42.2756135],[-83.7369581,42.2756136],[-83.7369581,42.2756139],[-83.7369595,42.2756139]]],[[[-83.7369521,42.275614],[-83.7369521,42.2756137],[-83.7369507,42.2756137],[-83.7369507,42.275614],[-83.7369521,42.275614]]],[[[-83.7369447,42.2756141],[-83.7369447,42.2756138],[-83.7369433,42.2756138],[-83.7369434,42.2756142],[-83.7369447,42.2756141]]],[[[-83.7369374,42.2756143],[-83.7369373,42.2756139],[-83.736936,42.2756139],[-83.736936,42.2756143],[-83.7369374,42.2756143]]],[[[-83.73693,42.2756144],[-83.73693,42.275614],[-83.7369286,42.2756141],[-83.7369286,42.2756144],[-83.73693,42.2756144]]],[[[-83.7369226,42.2756145],[-83.7369226,42.2756142],[-83.7369212,42.2756142],[-83.7369212,42.2756145],[-83.7369226,42.2756145]]],[[[-83.7369152,42.2756146],[-83.7369152,42.2756143],[-83.7369138,42.2756143],[-83.7369139,42.2756147],[-83.7369152,42.2756146]]],[[[-83.7370216,42.2756111],[-83.7370216,42.2756101],[-83.7370212,42.2756101],[-83.7370212,42.2756111],[-83.7370216,42.2756111]]],[[[-83.7373207,42.275603],[-83.7373206,42.275602],[-83.7373202,42.275602],[-83.7373202,42.275603],[-83.7373207,42.275603]]],[[[-83.7372957,42.2756027],[-83.7372957,42.2756017],[-83.7372953,42.2756017],[-83.7372953,42.2756027],[-83.7372957,42.2756027]]],[[[-83.7370215,42.2756057],[-83.7370214,42.2756046],[-83.737021,42.2756047],[-83.737021,42.2756057],[-83.7370215,42.2756057]]],[[[-83.7373205,42.2755975],[-83.7373205,42.2755965],[-83.73732,42.2755965],[-83.73732,42.2755975],[-83.7373205,42.2755975]]],[[[-83.7372956,42.2755973],[-83.7372955,42.2755963],[-83.7372951,42.2755963],[-83.7372951,42.2755973],[-83.7372956,42.2755973]]],[[[-83.7370213,42.2756002],[-83.7370213,42.2755992],[-83.7370208,42.2755992],[-83.7370208,42.2756002],[-83.7370213,42.2756002]]],[[[-83.7373203,42.2755921],[-83.7373203,42.2755911],[-83.7373198,42.2755911],[-83.7373199,42.2755921],[-83.7373203,42.2755921]]],[[[-83.7372954,42.2755918],[-83.7372954,42.2755908],[-83.7372949,42.2755908],[-83.7372949,42.2755918],[-83.7372954,42.2755918]]],[[[-83.7373903,42.2755885],[-83.7373903,42.2755882],[-83.7373889,42.2755882],[-83.7373889,42.2755885],[-83.7373903,42.2755885]]],[[[-83.7373811,42.2755887],[-83.7373811,42.2755883],[-83.7373797,42.2755884],[-83.7373797,42.2755887],[-83.7373811,42.2755887]]],[[[-83.7371848,42.275592],[-83.7371847,42.2755916],[-83.7371834,42.2755917],[-83.7371834,42.275592],[-83.7371848,42.275592]]],[[[-83.7371815,42.275592],[-83.7371815,42.2755917],[-83.7371801,42.2755917],[-83.7371801,42.2755921],[-83.7371815,42.275592]]],[[[-83.7370211,42.2755948],[-83.7370211,42.2755937],[-83.7370206,42.2755937],[-83.7370207,42.2755948],[-83.7370211,42.2755948]]],[[[-83.7373889,42.2755872],[-83.7373888,42.2755861],[-83.7373884,42.2755862],[-83.7373884,42.2755872],[-83.7373889,42.2755872]]],[[[-83.7373829,42.2755873],[-83.7373828,42.2755863],[-83.7373824,42.2755863],[-83.7373824,42.2755873],[-83.7373829,42.2755873]]],[[[-83.7371833,42.2755906],[-83.7371833,42.2755896],[-83.7371828,42.2755896],[-83.7371829,42.2755907],[-83.7371833,42.2755906]]],[[[-83.7371741,42.2755908],[-83.7371741,42.2755898],[-83.7371736,42.2755898],[-83.7371736,42.2755908],[-83.7371741,42.2755908]]],[[[-83.7373902,42.2755861],[-83.7373902,42.2755858],[-83.7373888,42.2755858],[-83.7373888,42.2755861],[-83.7373902,42.2755861]]],[[[-83.7373842,42.2755862],[-83.7373842,42.2755859],[-83.7373828,42.2755859],[-83.7373828,42.2755863],[-83.7373842,42.2755862]]],[[[-83.737381,42.2755863],[-83.737381,42.2755859],[-83.7373796,42.275586],[-83.7373796,42.2755863],[-83.737381,42.2755863]]],[[[-83.7371847,42.2755896],[-83.7371847,42.2755893],[-83.7371833,42.2755893],[-83.7371833,42.2755896],[-83.7371847,42.2755896]]],[[[-83.7371815,42.2755897],[-83.7371814,42.2755893],[-83.7371801,42.2755893],[-83.7371801,42.2755897],[-83.7371815,42.2755897]]],[[[-83.7371755,42.2755898],[-83.7371754,42.2755894],[-83.7371741,42.2755894],[-83.7371741,42.2755898],[-83.7371755,42.2755898]]],[[[-83.7373201,42.2755866],[-83.7373201,42.2755856],[-83.7373197,42.2755856],[-83.7373197,42.2755866],[-83.7373201,42.2755866]]],[[[-83.7372952,42.2755864],[-83.7372952,42.2755853],[-83.7372947,42.2755854],[-83.7372948,42.2755864],[-83.7372952,42.2755864]]],[[[-83.737021,42.2755893],[-83.7370209,42.2755883],[-83.7370205,42.2755883],[-83.7370205,42.2755893],[-83.737021,42.2755893]]],[[[-83.73732,42.2755812],[-83.7373199,42.2755801],[-83.7373195,42.2755802],[-83.7373195,42.2755812],[-83.73732,42.2755812]]],[[[-83.7372951,42.2755809],[-83.737295,42.2755799],[-83.7372946,42.2755799],[-83.7372946,42.2755809],[-83.7372951,42.2755809]]],[[[-83.7369789,42.2755859],[-83.7369789,42.2755856],[-83.7369775,42.2755856],[-83.7369775,42.2755859],[-83.7369789,42.2755859]]],[[[-83.7369761,42.275586],[-83.7369761,42.2755856],[-83.7369747,42.2755856],[-83.7369748,42.275586],[-83.7369761,42.275586]]],[[[-83.7369697,42.2755861],[-83.7369697,42.2755857],[-83.7369683,42.2755858],[-83.7369683,42.2755861],[-83.7369697,42.2755861]]],[[[-83.7370208,42.2755838],[-83.7370208,42.2755828],[-83.7370203,42.2755828],[-83.7370203,42.2755839],[-83.7370208,42.2755838]]],[[[-83.7369775,42.2755846],[-83.7369774,42.2755836],[-83.736977,42.2755836],[-83.736977,42.2755846],[-83.7369775,42.2755846]]],[[[-83.7369715,42.2755847],[-83.7369715,42.2755837],[-83.736971,42.2755837],[-83.736971,42.2755847],[-83.7369715,42.2755847]]],[[[-83.7369788,42.2755835],[-83.7369788,42.2755832],[-83.7369774,42.2755832],[-83.7369774,42.2755836],[-83.7369788,42.2755835]]],[[[-83.7369761,42.2755836],[-83.7369761,42.2755832],[-83.7369747,42.2755833],[-83.7369747,42.2755836],[-83.7369761,42.2755836]]],[[[-83.7369728,42.2755836],[-83.7369728,42.2755833],[-83.7369714,42.2755833],[-83.7369715,42.2755837],[-83.7369728,42.2755836]]],[[[-83.7369696,42.2755837],[-83.7369696,42.2755833],[-83.7369682,42.2755834],[-83.7369682,42.2755837],[-83.7369696,42.2755837]]],[[[-83.7373198,42.2755757],[-83.7373198,42.2755747],[-83.7373193,42.2755747],[-83.7373193,42.2755757],[-83.7373198,42.2755757]]],[[[-83.7372949,42.2755755],[-83.7372949,42.2755744],[-83.7372944,42.2755744],[-83.7372944,42.2755755],[-83.7372949,42.2755755]]],[[[-83.7370206,42.2755784],[-83.7370206,42.2755774],[-83.7370201,42.2755774],[-83.7370202,42.2755784],[-83.7370206,42.2755784]]],[[[-83.7373196,42.2755703],[-83.7373196,42.2755692],[-83.7373191,42.2755692],[-83.7373192,42.2755703],[-83.7373196,42.2755703]]],[[[-83.7372947,42.27557],[-83.7372947,42.275569],[-83.7372942,42.275569],[-83.7372943,42.27557],[-83.7372947,42.27557]]],[[[-83.7370205,42.2755729],[-83.7370204,42.2755719],[-83.73702,42.2755719],[-83.73702,42.2755729],[-83.7370205,42.2755729]]],[[[-83.7373195,42.2755648],[-83.7373194,42.2755638],[-83.737319,42.2755638],[-83.737319,42.2755648],[-83.7373195,42.2755648]]],[[[-83.7372946,42.2755645],[-83.7372945,42.2755635],[-83.7372941,42.2755635],[-83.7372941,42.2755646],[-83.7372946,42.2755645]]],[[[-83.7370203,42.2755675],[-83.7370203,42.2755665],[-83.7370198,42.2755665],[-83.7370198,42.2755675],[-83.7370203,42.2755675]]],[[[-83.7373193,42.2755593],[-83.7373193,42.2755583],[-83.7373188,42.2755583],[-83.7373188,42.2755594],[-83.7373193,42.2755593]]],[[[-83.7372944,42.2755591],[-83.7372944,42.2755581],[-83.7372939,42.2755581],[-83.7372939,42.2755591],[-83.7372944,42.2755591]]],[[[-83.7370201,42.275562],[-83.7370201,42.275561],[-83.7370196,42.275561],[-83.7370197,42.275562],[-83.7370201,42.275562]]],[[[-83.7373191,42.2755539],[-83.7373191,42.2755529],[-83.7373186,42.2755529],[-83.7373187,42.2755539],[-83.7373191,42.2755539]]],[[[-83.7372942,42.2755536],[-83.7372942,42.2755526],[-83.7372937,42.2755526],[-83.7372938,42.2755536],[-83.7372942,42.2755536]]],[[[-83.73702,42.2755566],[-83.7370199,42.2755555],[-83.7370195,42.2755555],[-83.7370195,42.2755566],[-83.73702,42.2755566]]],[[[-83.7374476,42.275548],[-83.7374476,42.2755476],[-83.7374462,42.2755476],[-83.7374462,42.275548],[-83.7374476,42.275548]]],[[[-83.7374402,42.2755481],[-83.7374402,42.2755477],[-83.7374388,42.2755478],[-83.7374388,42.2755481],[-83.7374402,42.2755481]]],[[[-83.7374328,42.2755482],[-83.7374328,42.2755479],[-83.7374315,42.2755479],[-83.7374315,42.2755482],[-83.7374328,42.2755482]]],[[[-83.7374255,42.2755483],[-83.7374255,42.275548],[-83.7374241,42.275548],[-83.7374241,42.2755484],[-83.7374255,42.2755483]]],[[[-83.7374181,42.2755485],[-83.7374181,42.2755481],[-83.7374167,42.2755481],[-83.7374167,42.2755485],[-83.7374181,42.2755485]]],[[[-83.7374107,42.2755486],[-83.7374107,42.2755482],[-83.7374093,42.2755483],[-83.7374093,42.2755486],[-83.7374107,42.2755486]]],[[[-83.7374034,42.2755487],[-83.7374033,42.2755484],[-83.737402,42.2755484],[-83.737402,42.2755487],[-83.7374034,42.2755487]]],[[[-83.737396,42.2755488],[-83.737396,42.2755485],[-83.7373946,42.2755485],[-83.7373946,42.2755489],[-83.737396,42.2755488]]],[[[-83.7373886,42.275549],[-83.7373886,42.2755486],[-83.7373872,42.2755486],[-83.7373872,42.275549],[-83.7373886,42.275549]]],[[[-83.7373812,42.2755491],[-83.7373812,42.2755487],[-83.7373798,42.2755488],[-83.7373799,42.2755491],[-83.7373812,42.2755491]]],[[[-83.7373739,42.2755492],[-83.7373738,42.2755489],[-83.7373725,42.2755489],[-83.7373725,42.2755492],[-83.7373739,42.2755492]]],[[[-83.7373665,42.2755493],[-83.7373665,42.275549],[-83.7373651,42.275549],[-83.7373651,42.2755494],[-83.7373665,42.2755493]]],[[[-83.7373591,42.2755495],[-83.7373591,42.2755491],[-83.7373577,42.2755491],[-83.7373577,42.2755495],[-83.7373591,42.2755495]]],[[[-83.7373517,42.2755496],[-83.7373517,42.2755492],[-83.7373503,42.2755493],[-83.7373504,42.2755496],[-83.7373517,42.2755496]]],[[[-83.7373444,42.2755497],[-83.7373444,42.2755494],[-83.737343,42.2755494],[-83.737343,42.2755497],[-83.7373444,42.2755497]]],[[[-83.737337,42.2755498],[-83.737337,42.2755495],[-83.7373356,42.2755495],[-83.7373356,42.2755499],[-83.737337,42.2755498]]],[[[-83.7373296,42.27555],[-83.7373296,42.2755496],[-83.7373282,42.2755496],[-83.7373282,42.27555],[-83.7373296,42.27555]]],[[[-83.7373222,42.2755501],[-83.7373222,42.2755497],[-83.7373209,42.2755498],[-83.7373209,42.2755501],[-83.7373222,42.2755501]]],[[[-83.7370167,42.2755553],[-83.7370167,42.2755549],[-83.7370153,42.2755549],[-83.7370153,42.2755553],[-83.7370167,42.2755553]]],[[[-83.7370093,42.2755554],[-83.7370093,42.275555],[-83.7370079,42.2755551],[-83.7370079,42.2755554],[-83.7370093,42.2755554]]],[[[-83.7370019,42.2755555],[-83.7370019,42.2755552],[-83.7370005,42.2755552],[-83.7370006,42.2755555],[-83.7370019,42.2755555]]],[[[-83.7369946,42.2755556],[-83.7369946,42.2755553],[-83.7369932,42.2755553],[-83.7369932,42.2755557],[-83.7369946,42.2755556]]],[[[-83.7369872,42.2755558],[-83.7369872,42.2755554],[-83.7369858,42.2755554],[-83.7369858,42.2755558],[-83.7369872,42.2755558]]],[[[-83.7369798,42.2755559],[-83.7369798,42.2755555],[-83.7369784,42.2755556],[-83.7369784,42.2755559],[-83.7369798,42.2755559]]],[[[-83.7369724,42.275556],[-83.7369724,42.2755557],[-83.7369711,42.2755557],[-83.7369711,42.275556],[-83.7369724,42.275556]]],[[[-83.7369651,42.2755561],[-83.7369651,42.2755558],[-83.7369637,42.2755558],[-83.7369637,42.2755561],[-83.7369651,42.2755561]]],[[[-83.7369577,42.2755563],[-83.7369577,42.2755559],[-83.7369563,42.2755559],[-83.7369563,42.2755563],[-83.7369577,42.2755563]]],[[[-83.7369503,42.2755564],[-83.7369503,42.275556],[-83.7369489,42.2755561],[-83.7369489,42.2755564],[-83.7369503,42.2755564]]],[[[-83.7369429,42.2755565],[-83.7369429,42.2755562],[-83.7369416,42.2755562],[-83.7369416,42.2755565],[-83.7369429,42.2755565]]],[[[-83.7369356,42.2755566],[-83.7369356,42.2755563],[-83.7369342,42.2755563],[-83.7369342,42.2755566],[-83.7369356,42.2755566]]],[[[-83.7369282,42.2755567],[-83.7369282,42.2755564],[-83.7369268,42.2755564],[-83.7369268,42.2755568],[-83.7369282,42.2755567]]],[[[-83.7369208,42.2755569],[-83.7369208,42.2755565],[-83.7369194,42.2755566],[-83.7369194,42.2755569],[-83.7369208,42.2755569]]],[[[-83.7369135,42.275557],[-83.7369134,42.2755567],[-83.7369121,42.2755567],[-83.7369121,42.275557],[-83.7369135,42.275557]]],[[[-83.7372941,42.2755482],[-83.737294,42.2755472],[-83.7372936,42.2755472],[-83.7372936,42.2755482],[-83.7372941,42.2755482]]],[[[-83.7372939,42.2755427],[-83.7372939,42.2755417],[-83.7372934,42.2755417],[-83.7372934,42.2755427],[-83.7372939,42.2755427]]],[[[-83.7372937,42.2755373],[-83.7372937,42.2755362],[-83.7372932,42.2755362],[-83.7372933,42.2755373],[-83.7372937,42.2755373]]],[[[-83.7372936,42.2755335],[-83.7372936,42.2755332],[-83.7372922,42.2755332],[-83.7372922,42.2755335],[-83.7372936,42.2755335]]],[[[-83.7372862,42.2755336],[-83.7372862,42.2755333],[-83.7372848,42.2755333],[-83.7372848,42.2755337],[-83.7372862,42.2755336]]],[[[-83.7372789,42.2755338],[-83.7372788,42.2755334],[-83.7372775,42.2755334],[-83.7372775,42.2755338],[-83.7372789,42.2755338]]],[[[-83.7372715,42.2755339],[-83.7372715,42.2755335],[-83.7372701,42.2755336],[-83.7372701,42.2755339],[-83.7372715,42.2755339]]],[[[-83.7372641,42.275534],[-83.7372641,42.2755337],[-83.7372627,42.2755337],[-83.7372627,42.275534],[-83.7372641,42.275534]]],[[[-83.7372567,42.2755341],[-83.7372567,42.2755338],[-83.7372553,42.2755338],[-83.7372554,42.2755342],[-83.7372567,42.2755341]]],[[[-83.7372494,42.2755343],[-83.7372494,42.2755339],[-83.737248,42.2755339],[-83.737248,42.2755343],[-83.7372494,42.2755343]]],[[[-83.737242,42.2755344],[-83.737242,42.275534],[-83.7372406,42.2755341],[-83.7372406,42.2755344],[-83.737242,42.2755344]]],[[[-83.7372346,42.2755345],[-83.7372346,42.2755342],[-83.7372332,42.2755342],[-83.7372332,42.2755345],[-83.7372346,42.2755345]]],[[[-83.7372272,42.2755346],[-83.7372272,42.2755343],[-83.7372258,42.2755343],[-83.7372259,42.2755347],[-83.7372272,42.2755346]]],[[[-83.7372125,42.2755349],[-83.7372125,42.2755345],[-83.7372111,42.2755346],[-83.7372111,42.2755349],[-83.7372125,42.2755349]]],[[[-83.7372051,42.275535],[-83.7372051,42.2755347],[-83.7372037,42.2755347],[-83.7372037,42.275535],[-83.7372051,42.275535]]],[[[-83.7371977,42.2755351],[-83.7371977,42.2755348],[-83.7371964,42.2755348],[-83.7371964,42.2755352],[-83.7371977,42.2755351]]],[[[-83.7371904,42.2755353],[-83.7371904,42.2755349],[-83.737189,42.2755349],[-83.737189,42.2755353],[-83.7371904,42.2755353]]],[[[-83.737183,42.2755354],[-83.737183,42.275535],[-83.7371816,42.2755351],[-83.7371816,42.2755354],[-83.737183,42.2755354]]],[[[-83.7371756,42.2755355],[-83.7371756,42.2755352],[-83.7371742,42.2755352],[-83.7371742,42.2755355],[-83.7371756,42.2755355]]],[[[-83.7371683,42.2755356],[-83.7371682,42.2755353],[-83.7371669,42.2755353],[-83.7371669,42.2755357],[-83.7371683,42.2755356]]],[[[-83.7371609,42.2755358],[-83.7371609,42.2755354],[-83.7371595,42.2755354],[-83.7371595,42.2755358],[-83.7371609,42.2755358]]],[[[-83.7371535,42.2755359],[-83.7371535,42.2755355],[-83.7371521,42.2755356],[-83.7371521,42.2755359],[-83.7371535,42.2755359]]],[[[-83.7371461,42.275536],[-83.7371461,42.2755357],[-83.7371447,42.2755357],[-83.7371447,42.275536],[-83.7371461,42.275536]]],[[[-83.7371388,42.2755361],[-83.7371387,42.2755358],[-83.7371374,42.2755358],[-83.7371374,42.2755362],[-83.7371388,42.2755361]]],[[[-83.7371314,42.2755363],[-83.7371314,42.2755359],[-83.73713,42.2755359],[-83.73713,42.2755363],[-83.7371314,42.2755363]]],[[[-83.7371019,42.2755368],[-83.7371019,42.2755364],[-83.7371005,42.2755364],[-83.7371005,42.2755368],[-83.7371019,42.2755368]]],[[[-83.7370945,42.2755369],[-83.7370945,42.2755365],[-83.7370931,42.2755366],[-83.7370931,42.2755369],[-83.7370945,42.2755369]]],[[[-83.7370871,42.275537],[-83.7370871,42.2755367],[-83.7370857,42.2755367],[-83.7370858,42.275537],[-83.7370871,42.275537]]],[[[-83.7370798,42.2755371],[-83.7370798,42.2755368],[-83.7370784,42.2755368],[-83.7370784,42.2755372],[-83.7370798,42.2755371]]],[[[-83.7370724,42.2755373],[-83.7370724,42.2755369],[-83.737071,42.2755369],[-83.737071,42.2755373],[-83.7370724,42.2755373]]],[[[-83.737065,42.2755374],[-83.737065,42.275537],[-83.7370636,42.2755371],[-83.7370636,42.2755374],[-83.737065,42.2755374]]],[[[-83.7370576,42.2755375],[-83.7370576,42.2755372],[-83.7370562,42.2755372],[-83.7370563,42.2755375],[-83.7370576,42.2755375]]],[[[-83.7370503,42.2755376],[-83.7370503,42.2755373],[-83.7370489,42.2755373],[-83.7370489,42.2755376],[-83.7370503,42.2755376]]],[[[-83.7370429,42.2755378],[-83.7370429,42.2755374],[-83.7370415,42.2755374],[-83.7370415,42.2755378],[-83.7370429,42.2755378]]],[[[-83.7371829,42.2755316],[-83.7371829,42.2755313],[-83.7371815,42.2755313],[-83.7371815,42.2755317],[-83.7371829,42.2755316]]],[[[-83.7371764,42.2755317],[-83.7371764,42.2755314],[-83.737175,42.2755314],[-83.737175,42.2755318],[-83.7371764,42.2755317]]],[[[-83.7371815,42.2755303],[-83.7371814,42.2755293],[-83.737181,42.2755293],[-83.737181,42.2755303],[-83.7371815,42.2755303]]],[[[-83.7371828,42.2755292],[-83.7371828,42.2755289],[-83.7371814,42.2755289],[-83.7371814,42.2755293],[-83.7371828,42.2755292]]],[[[-83.7371764,42.2755294],[-83.7371763,42.275529],[-83.737175,42.275529],[-83.737175,42.2755294],[-83.7371764,42.2755294]]],[[[-83.7374389,42.2755208],[-83.7374389,42.2755205],[-83.7374375,42.2755205],[-83.7374375,42.2755208],[-83.7374389,42.2755208]]],[[[-83.7374315,42.2755209],[-83.7374315,42.2755206],[-83.7374302,42.2755206],[-83.7374302,42.275521],[-83.7374315,42.2755209]]],[[[-83.7374242,42.2755211],[-83.7374242,42.2755207],[-83.7374228,42.2755207],[-83.7374228,42.2755211],[-83.7374242,42.2755211]]],[[[-83.7374168,42.2755212],[-83.7374168,42.2755209],[-83.7374154,42.2755209],[-83.7374154,42.2755212],[-83.7374168,42.2755212]]],[[[-83.7374094,42.2755213],[-83.7374094,42.275521],[-83.737408,42.275521],[-83.737408,42.2755213],[-83.7374094,42.2755213]]],[[[-83.737402,42.2755214],[-83.737402,42.2755211],[-83.7374007,42.2755211],[-83.7374007,42.2755215],[-83.737402,42.2755214]]],[[[-83.7373947,42.2755216],[-83.7373947,42.2755212],[-83.7373933,42.2755212],[-83.7373933,42.2755216],[-83.7373947,42.2755216]]],[[[-83.7373873,42.2755217],[-83.7373873,42.2755213],[-83.7373859,42.2755214],[-83.7373859,42.2755217],[-83.7373873,42.2755217]]],[[[-83.7373799,42.2755218],[-83.7373799,42.2755215],[-83.7373785,42.2755215],[-83.7373785,42.2755218],[-83.7373799,42.2755218]]],[[[-83.7373726,42.2755219],[-83.7373725,42.2755216],[-83.7373712,42.2755216],[-83.7373712,42.275522],[-83.7373726,42.2755219]]],[[[-83.7373652,42.2755221],[-83.7373652,42.2755217],[-83.7373638,42.2755217],[-83.7373638,42.2755221],[-83.7373652,42.2755221]]],[[[-83.7373578,42.2755222],[-83.7373578,42.2755218],[-83.7373564,42.2755219],[-83.7373564,42.2755222],[-83.7373578,42.2755222]]],[[[-83.7373504,42.2755223],[-83.7373504,42.275522],[-83.737349,42.275522],[-83.7373491,42.2755223],[-83.7373504,42.2755223]]],[[[-83.7373431,42.2755224],[-83.737343,42.2755221],[-83.7373417,42.2755221],[-83.7373417,42.2755225],[-83.7373431,42.2755224]]],[[[-83.7373357,42.2755226],[-83.7373357,42.2755222],[-83.7373343,42.2755222],[-83.7373343,42.2755226],[-83.7373357,42.2755226]]],[[[-83.7373283,42.2755227],[-83.7373283,42.2755223],[-83.7373269,42.2755224],[-83.7373269,42.2755227],[-83.7373283,42.2755227]]],[[[-83.7373209,42.2755228],[-83.7373209,42.2755225],[-83.7373195,42.2755225],[-83.7373196,42.2755228],[-83.7373209,42.2755228]]],[[[-83.7373182,42.2755229],[-83.7373182,42.2755222],[-83.7373172,42.2755225],[-83.7373173,42.2755229],[-83.7373182,42.2755229]]],[[[-83.7373136,42.2755229],[-83.7373136,42.2755226],[-83.7373122,42.2755226],[-83.7373122,42.275523],[-83.7373136,42.2755229]]],[[[-83.7373062,42.2755231],[-83.7373062,42.2755227],[-83.7373048,42.2755227],[-83.7373048,42.2755231],[-83.7373062,42.2755231]]],[[[-83.7372988,42.2755232],[-83.7372988,42.2755228],[-83.7372974,42.2755229],[-83.7372974,42.2755232],[-83.7372988,42.2755232]]],[[[-83.7372937,42.2755233],[-83.7372933,42.2755226],[-83.7372928,42.2755226],[-83.7372928,42.2755233],[-83.7372937,42.2755233]]],[[[-83.7372914,42.2755233],[-83.7372914,42.275523],[-83.7372901,42.275523],[-83.7372901,42.2755233],[-83.7372914,42.2755233]]],[[[-83.7372841,42.2755234],[-83.7372841,42.2755231],[-83.7372827,42.2755231],[-83.7372827,42.2755235],[-83.7372841,42.2755234]]],[[[-83.7372767,42.2755236],[-83.7372767,42.2755232],[-83.7372753,42.2755232],[-83.7372753,42.2755236],[-83.7372767,42.2755236]]],[[[-83.7372693,42.2755237],[-83.7372693,42.2755233],[-83.7372679,42.2755234],[-83.7372679,42.2755237],[-83.7372693,42.2755237]]],[[[-83.7372619,42.2755238],[-83.7372619,42.2755235],[-83.7372606,42.2755235],[-83.7372606,42.2755238],[-83.7372619,42.2755238]]],[[[-83.7372546,42.2755239],[-83.7372546,42.2755236],[-83.7372532,42.2755236],[-83.7372532,42.275524],[-83.7372546,42.2755239]]],[[[-83.7372472,42.2755241],[-83.7372472,42.2755237],[-83.7372458,42.2755237],[-83.7372458,42.2755241],[-83.7372472,42.2755241]]],[[[-83.7372398,42.2755242],[-83.7372398,42.2755238],[-83.7372384,42.2755239],[-83.7372384,42.2755242],[-83.7372398,42.2755242]]],[[[-83.7372325,42.2755243],[-83.7372324,42.275524],[-83.7372311,42.275524],[-83.7372311,42.2755243],[-83.7372325,42.2755243]]],[[[-83.7372251,42.2755244],[-83.7372251,42.2755241],[-83.7372237,42.2755241],[-83.7372237,42.2755245],[-83.7372251,42.2755244]]],[[[-83.7372177,42.2755246],[-83.7372177,42.2755242],[-83.7372163,42.2755242],[-83.7372163,42.2755246],[-83.7372177,42.2755246]]],[[[-83.7372103,42.2755247],[-83.7372103,42.2755243],[-83.7372089,42.2755244],[-83.737209,42.2755247],[-83.7372103,42.2755247]]],[[[-83.737203,42.2755248],[-83.7372029,42.2755245],[-83.7372016,42.2755245],[-83.7372016,42.2755248],[-83.737203,42.2755248]]],[[[-83.7371956,42.2755249],[-83.7371956,42.2755246],[-83.7371942,42.2755246],[-83.7371942,42.275525],[-83.7371956,42.2755249]]],[[[-83.7371882,42.2755251],[-83.7371882,42.2755247],[-83.7371868,42.2755247],[-83.7371868,42.2755251],[-83.7371882,42.2755251]]],[[[-83.7371808,42.2755252],[-83.7371808,42.2755248],[-83.7371794,42.2755249],[-83.7371795,42.2755252],[-83.7371808,42.2755252]]],[[[-83.7371735,42.2755253],[-83.7371735,42.275525],[-83.7371721,42.275525],[-83.7371721,42.2755253],[-83.7371735,42.2755253]]],[[[-83.7371661,42.2755254],[-83.7371661,42.2755251],[-83.7371647,42.2755251],[-83.7371647,42.2755255],[-83.7371661,42.2755254]]],[[[-83.7371587,42.2755256],[-83.7371587,42.2755252],[-83.7371573,42.2755252],[-83.7371573,42.2755256],[-83.7371587,42.2755256]]],[[[-83.7371513,42.2755257],[-83.7371513,42.2755253],[-83.7371499,42.2755254],[-83.73715,42.2755257],[-83.7371513,42.2755257]]],[[[-83.737144,42.2755258],[-83.737144,42.2755255],[-83.7371426,42.2755255],[-83.7371426,42.2755258],[-83.737144,42.2755258]]],[[[-83.7371366,42.2755259],[-83.7371366,42.2755256],[-83.7371352,42.2755256],[-83.7371352,42.275526],[-83.7371366,42.2755259]]],[[[-83.7371292,42.2755261],[-83.7371292,42.2755257],[-83.7371278,42.2755257],[-83.7371278,42.2755261],[-83.7371292,42.2755261]]],[[[-83.7371218,42.2755262],[-83.7371218,42.2755258],[-83.7371205,42.2755259],[-83.7371205,42.2755262],[-83.7371218,42.2755262]]],[[[-83.7371145,42.2755263],[-83.7371145,42.275526],[-83.7371131,42.275526],[-83.7371131,42.2755263],[-83.7371145,42.2755263]]],[[[-83.7371071,42.2755264],[-83.7371071,42.2755261],[-83.7371057,42.2755261],[-83.7371057,42.2755265],[-83.7371071,42.2755264]]],[[[-83.7370997,42.2755266],[-83.7370997,42.2755262],[-83.7370983,42.2755262],[-83.7370983,42.2755266],[-83.7370997,42.2755266]]],[[[-83.7370924,42.2755267],[-83.7370923,42.2755263],[-83.737091,42.2755264],[-83.737091,42.2755267],[-83.7370924,42.2755267]]],[[[-83.737085,42.2755268],[-83.737085,42.2755265],[-83.7370836,42.2755265],[-83.7370836,42.2755268],[-83.737085,42.2755268]]],[[[-83.7370776,42.2755269],[-83.7370776,42.2755266],[-83.7370762,42.2755266],[-83.7370762,42.275527],[-83.7370776,42.2755269]]],[[[-83.7370702,42.2755271],[-83.7370702,42.2755267],[-83.7370688,42.2755267],[-83.7370688,42.2755271],[-83.7370702,42.2755271]]],[[[-83.7370555,42.2755273],[-83.7370555,42.275527],[-83.7370541,42.275527],[-83.7370541,42.2755273],[-83.7370555,42.2755273]]],[[[-83.7370481,42.2755274],[-83.7370481,42.2755271],[-83.7370467,42.2755271],[-83.7370467,42.2755274],[-83.7370481,42.2755274]]],[[[-83.7370407,42.2755276],[-83.7370407,42.2755272],[-83.7370393,42.2755272],[-83.7370394,42.2755276],[-83.7370407,42.2755276]]],[[[-83.7370334,42.2755277],[-83.7370333,42.2755273],[-83.737032,42.2755274],[-83.737032,42.2755277],[-83.7370334,42.2755277]]],[[[-83.737026,42.2755278],[-83.737026,42.2755275],[-83.7370246,42.2755275],[-83.7370246,42.2755278],[-83.737026,42.2755278]]],[[[-83.7370186,42.2755279],[-83.7370186,42.2755276],[-83.7370172,42.2755276],[-83.7370172,42.2755279],[-83.7370186,42.2755279]]],[[[-83.7370112,42.275528],[-83.7370112,42.2755277],[-83.7370098,42.2755277],[-83.7370099,42.2755281],[-83.7370112,42.275528]]],[[[-83.7370039,42.2755282],[-83.7370039,42.2755278],[-83.7370025,42.2755279],[-83.7370025,42.2755282],[-83.7370039,42.2755282]]],[[[-83.7369965,42.2755283],[-83.7369965,42.275528],[-83.7369951,42.275528],[-83.7369951,42.2755283],[-83.7369965,42.2755283]]],[[[-83.7369891,42.2755284],[-83.7369891,42.2755281],[-83.7369877,42.2755281],[-83.7369877,42.2755284],[-83.7369891,42.2755284]]],[[[-83.7369817,42.2755285],[-83.7369817,42.2755282],[-83.7369803,42.2755282],[-83.7369804,42.2755286],[-83.7369817,42.2755285]]],[[[-83.7369744,42.2755287],[-83.7369744,42.2755283],[-83.736973,42.2755284],[-83.736973,42.2755287],[-83.7369744,42.2755287]]],[[[-83.736967,42.2755288],[-83.736967,42.2755285],[-83.7369656,42.2755285],[-83.7369656,42.2755288],[-83.736967,42.2755288]]],[[[-83.7369596,42.2755289],[-83.7369596,42.2755286],[-83.7369582,42.2755286],[-83.7369582,42.2755289],[-83.7369596,42.2755289]]],[[[-83.7369522,42.275529],[-83.7369522,42.2755287],[-83.7369509,42.2755287],[-83.7369509,42.2755291],[-83.7369522,42.275529]]],[[[-83.7369449,42.2755292],[-83.7369449,42.2755288],[-83.7369435,42.2755289],[-83.7369435,42.2755292],[-83.7369449,42.2755292]]],[[[-83.7369375,42.2755293],[-83.7369375,42.275529],[-83.7369361,42.275529],[-83.7369361,42.2755293],[-83.7369375,42.2755293]]],[[[-83.7369301,42.2755294],[-83.7369301,42.2755291],[-83.7369287,42.2755291],[-83.7369287,42.2755294],[-83.7369301,42.2755294]]],[[[-83.7369227,42.2755295],[-83.7369227,42.2755292],[-83.7369214,42.2755292],[-83.7369214,42.2755296],[-83.7369227,42.2755295]]],[[[-83.7369154,42.2755297],[-83.7369154,42.2755293],[-83.736914,42.2755294],[-83.736914,42.2755297],[-83.7369154,42.2755297]]],[[[-83.7373181,42.2755212],[-83.7373181,42.2755201],[-83.7373176,42.2755201],[-83.7373177,42.2755212],[-83.7373181,42.2755212]]],[[[-83.7372932,42.2755216],[-83.7372932,42.2755206],[-83.7372927,42.2755206],[-83.7372928,42.2755216],[-83.7372932,42.2755216]]],[[[-83.737318,42.2755157],[-83.7373179,42.2755147],[-83.7373175,42.2755147],[-83.7373175,42.2755157],[-83.737318,42.2755157]]],[[[-83.7372931,42.2755161],[-83.737293,42.2755151],[-83.7372926,42.2755151],[-83.7372926,42.2755161],[-83.7372931,42.2755161]]],[[[-83.7373178,42.2755102],[-83.7373178,42.2755092],[-83.7373173,42.2755092],[-83.7373173,42.2755103],[-83.7373178,42.2755102]]],[[[-83.7372929,42.2755107],[-83.7372929,42.2755096],[-83.7372924,42.2755096],[-83.7372924,42.2755107],[-83.7372929,42.2755107]]],[[[-83.7371823,42.2755125],[-83.7371823,42.2755122],[-83.7371809,42.2755122],[-83.7371809,42.2755126],[-83.7371823,42.2755125]]],[[[-83.7371791,42.2755126],[-83.7371791,42.2755122],[-83.7371777,42.2755123],[-83.7371777,42.2755126],[-83.7371791,42.2755126]]],[[[-83.7371809,42.2755112],[-83.7371808,42.2755102],[-83.7371804,42.2755102],[-83.7371804,42.2755112],[-83.7371809,42.2755112]]],[[[-83.7371749,42.2755113],[-83.7371748,42.2755103],[-83.7371744,42.2755103],[-83.7371744,42.2755113],[-83.7371749,42.2755113]]],[[[-83.7371716,42.2755113],[-83.7371716,42.2755103],[-83.7371712,42.2755103],[-83.7371712,42.2755114],[-83.7371716,42.2755113]]],[[[-83.7371822,42.2755101],[-83.7371822,42.2755098],[-83.7371808,42.2755098],[-83.7371808,42.2755102],[-83.7371822,42.2755101]]],[[[-83.737179,42.2755102],[-83.737179,42.2755099],[-83.7371776,42.2755099],[-83.7371776,42.2755102],[-83.737179,42.2755102]]],[[[-83.7371762,42.2755102],[-83.7371762,42.2755099],[-83.7371748,42.2755099],[-83.7371748,42.2755103],[-83.7371762,42.2755102]]],[[[-83.737173,42.2755103],[-83.737173,42.27551],[-83.7371716,42.27551],[-83.7371716,42.2755103],[-83.737173,42.2755103]]],[[[-83.7373877,42.2755039],[-83.7373877,42.2755036],[-83.7373863,42.2755036],[-83.7373863,42.275504],[-83.7373877,42.2755039]]],[[[-83.7373785,42.2755041],[-83.7373784,42.2755038],[-83.7373771,42.2755038],[-83.7373771,42.2755041],[-83.7373785,42.2755041]]],[[[-83.7369766,42.2755109],[-83.7369766,42.2755106],[-83.7369752,42.2755106],[-83.7369752,42.2755109],[-83.7369766,42.2755109]]],[[[-83.7369738,42.2755109],[-83.7369738,42.2755106],[-83.7369724,42.2755106],[-83.7369724,42.275511],[-83.7369738,42.2755109]]],[[[-83.7369674,42.275511],[-83.7369674,42.2755107],[-83.736966,42.2755107],[-83.736966,42.2755111],[-83.7369674,42.275511]]],[[[-83.7373176,42.2755048],[-83.7373176,42.2755038],[-83.7373171,42.2755038],[-83.7373172,42.2755048],[-83.7373176,42.2755048]]],[[[-83.7372927,42.2755052],[-83.7372927,42.2755042],[-83.7372922,42.2755042],[-83.7372923,42.2755052],[-83.7372927,42.2755052]]],[[[-83.7373862,42.2755026],[-83.7373862,42.2755016],[-83.7373858,42.2755016],[-83.7373858,42.2755026],[-83.7373862,42.2755026]]],[[[-83.7369752,42.2755096],[-83.7369751,42.2755085],[-83.7369747,42.2755085],[-83.7369747,42.2755096],[-83.7369752,42.2755096]]],[[[-83.7369692,42.2755097],[-83.7369691,42.2755086],[-83.7369687,42.2755086],[-83.7369687,42.2755097],[-83.7369692,42.2755097]]],[[[-83.7373876,42.2755016],[-83.7373876,42.2755012],[-83.7373862,42.2755012],[-83.7373862,42.2755016],[-83.7373876,42.2755016]]],[[[-83.7373784,42.2755017],[-83.7373784,42.2755014],[-83.737377,42.2755014],[-83.737377,42.2755017],[-83.7373784,42.2755017]]],[[[-83.7369765,42.2755085],[-83.7369765,42.2755082],[-83.7369751,42.2755082],[-83.7369751,42.2755085],[-83.7369765,42.2755085]]],[[[-83.7369737,42.2755086],[-83.7369737,42.2755082],[-83.7369724,42.2755082],[-83.7369724,42.2755086],[-83.7369737,42.2755086]]],[[[-83.7369705,42.2755086],[-83.7369705,42.2755083],[-83.7369691,42.2755083],[-83.7369691,42.2755086],[-83.7369705,42.2755086]]],[[[-83.7369673,42.2755087],[-83.7369673,42.2755083],[-83.7369659,42.2755083],[-83.7369659,42.2755087],[-83.7369673,42.2755087]]],[[[-83.7373174,42.2754993],[-83.7373174,42.2754983],[-83.737317,42.2754983],[-83.737317,42.2754993],[-83.7373174,42.2754993]]],[[[-83.7372926,42.2754998],[-83.7372925,42.2754987],[-83.7372921,42.2754987],[-83.7372921,42.2754998],[-83.7372926,42.2754998]]],[[[-83.7373173,42.2754939],[-83.7373172,42.2754929],[-83.7373168,42.2754929],[-83.7373168,42.2754939],[-83.7373173,42.2754939]]],[[[-83.7372924,42.2754943],[-83.7372924,42.2754933],[-83.7372919,42.2754933],[-83.7372919,42.2754943],[-83.7372924,42.2754943]]],[[[-83.7373171,42.2754884],[-83.7373171,42.2754874],[-83.7373166,42.2754874],[-83.7373166,42.2754884],[-83.7373171,42.2754884]]],[[[-83.7372921,42.2754834],[-83.737292,42.2754824],[-83.7372916,42.2754824],[-83.7372916,42.2754834],[-83.7372921,42.2754834]]],[[[-83.7372919,42.2754779],[-83.7372919,42.2754769],[-83.7372914,42.2754769],[-83.7372914,42.2754779],[-83.7372919,42.2754779]]],[[[-83.7372917,42.2754725],[-83.7372917,42.2754714],[-83.7372912,42.2754715],[-83.7372913,42.2754725],[-83.7372917,42.2754725]]],[[[-83.7371809,42.2754665],[-83.7371809,42.2754662],[-83.7371795,42.2754662],[-83.7371795,42.2754665],[-83.7371809,42.2754665]]],[[[-83.7371744,42.2754666],[-83.7371744,42.2754663],[-83.737173,42.2754663],[-83.737173,42.2754666],[-83.7371744,42.2754666]]],[[[-83.7371716,42.2754667],[-83.7371716,42.2754663],[-83.7371703,42.2754663],[-83.7371703,42.2754667],[-83.7371716,42.2754667]]],[[[-83.7371721,42.2754663],[-83.7371721,42.2754653],[-83.7371716,42.2754653],[-83.7371716,42.2754663],[-83.7371721,42.2754663]]],[[[-83.7371794,42.2754652],[-83.7371794,42.2754641],[-83.7371789,42.2754641],[-83.737179,42.2754652],[-83.7371794,42.2754652]]],[[[-83.7371808,42.2754641],[-83.7371808,42.2754638],[-83.7371794,42.2754638],[-83.7371794,42.2754641],[-83.7371808,42.2754641]]],[[[-83.7371743,42.2754642],[-83.7371743,42.2754639],[-83.7371729,42.2754639],[-83.737173,42.2754642],[-83.7371743,42.2754642]]],[[[-83.737316,42.275454],[-83.737316,42.275453],[-83.7373155,42.275453],[-83.7373156,42.275454],[-83.737316,42.275454]]],[[[-83.7372912,42.2754544],[-83.7372911,42.2754534],[-83.7372907,42.2754534],[-83.7372907,42.2754544],[-83.7372912,42.2754544]]],[[[-83.7373159,42.2754485],[-83.7373158,42.2754475],[-83.7373154,42.2754475],[-83.7373154,42.2754485],[-83.7373159,42.2754485]]],[[[-83.737291,42.2754489],[-83.737291,42.2754479],[-83.7372905,42.2754479],[-83.7372905,42.2754489],[-83.737291,42.2754489]]],[[[-83.7373157,42.2754431],[-83.7373157,42.275442],[-83.7373152,42.275442],[-83.7373152,42.2754431],[-83.7373157,42.2754431]]],[[[-83.7372908,42.2754435],[-83.7372908,42.2754425],[-83.7372903,42.2754425],[-83.7372904,42.2754435],[-83.7372908,42.2754435]]],[[[-83.7373856,42.2754385],[-83.7373856,42.2754381],[-83.7373843,42.2754382],[-83.7373843,42.2754385],[-83.7373856,42.2754385]]],[[[-83.7373797,42.2754386],[-83.7373796,42.2754382],[-83.7373783,42.2754383],[-83.7373783,42.2754386],[-83.7373797,42.2754386]]],[[[-83.7373764,42.2754386],[-83.7373764,42.2754383],[-83.737375,42.2754383],[-83.737375,42.2754386],[-83.7373764,42.2754386]]],[[[-83.7371801,42.2754419],[-83.7371801,42.2754416],[-83.7371787,42.2754416],[-83.7371787,42.275442],[-83.7371801,42.2754419]]],[[[-83.7371769,42.275442],[-83.7371769,42.2754417],[-83.7371755,42.2754417],[-83.7371755,42.275442],[-83.7371769,42.275442]]],[[[-83.7373842,42.2754371],[-83.7373842,42.2754361],[-83.7373837,42.2754361],[-83.7373838,42.2754371],[-83.7373842,42.2754371]]],[[[-83.7373782,42.2754372],[-83.7373782,42.2754362],[-83.7373777,42.2754362],[-83.7373778,42.2754372],[-83.7373782,42.2754372]]],[[[-83.7371787,42.2754406],[-83.7371786,42.2754396],[-83.7371782,42.2754396],[-83.7371782,42.2754406],[-83.7371787,42.2754406]]],[[[-83.7371727,42.2754407],[-83.7371727,42.2754397],[-83.7371722,42.2754397],[-83.7371722,42.2754407],[-83.7371727,42.2754407]]],[[[-83.7371695,42.2754408],[-83.7371694,42.2754397],[-83.737169,42.2754397],[-83.737169,42.2754408],[-83.7371695,42.2754408]]],[[[-83.7373155,42.2754376],[-83.7373155,42.2754366],[-83.737315,42.2754366],[-83.7373151,42.2754376],[-83.7373155,42.2754376]]],[[[-83.7372906,42.275438],[-83.7372906,42.275437],[-83.7372902,42.275437],[-83.7372902,42.275438],[-83.7372906,42.275438]]],[[[-83.7373856,42.2754361],[-83.7373856,42.2754357],[-83.7373842,42.2754358],[-83.7373842,42.2754361],[-83.7373856,42.2754361]]],[[[-83.7373796,42.2754362],[-83.7373796,42.2754358],[-83.7373782,42.2754359],[-83.7373782,42.2754362],[-83.7373796,42.2754362]]],[[[-83.7373764,42.2754362],[-83.7373763,42.2754359],[-83.737375,42.2754359],[-83.737375,42.2754363],[-83.7373764,42.2754362]]],[[[-83.73718,42.2754396],[-83.73718,42.2754392],[-83.7371786,42.2754392],[-83.7371786,42.2754396],[-83.73718,42.2754396]]],[[[-83.7371768,42.2754396],[-83.7371768,42.2754393],[-83.7371754,42.2754393],[-83.7371754,42.2754396],[-83.7371768,42.2754396]]],[[[-83.737174,42.2754397],[-83.737174,42.2754393],[-83.7371726,42.2754393],[-83.7371727,42.2754397],[-83.737174,42.2754397]]],[[[-83.7371708,42.2754397],[-83.7371708,42.2754394],[-83.7371694,42.2754394],[-83.7371694,42.2754397],[-83.7371708,42.2754397]]],[[[-83.7373154,42.2754322],[-83.7373153,42.2754311],[-83.7373149,42.2754311],[-83.7373149,42.2754322],[-83.7373154,42.2754322]]],[[[-83.7372905,42.2754326],[-83.7372904,42.2754315],[-83.73729,42.2754316],[-83.73729,42.2754326],[-83.7372905,42.2754326]]],[[[-83.7369742,42.2754335],[-83.7369742,42.2754331],[-83.7369728,42.2754332],[-83.7369728,42.2754335],[-83.7369742,42.2754335]]],[[[-83.7369714,42.2754335],[-83.7369714,42.2754332],[-83.73697,42.2754332],[-83.73697,42.2754336],[-83.7369714,42.2754335]]],[[[-83.736965,42.2754336],[-83.736965,42.2754333],[-83.7369636,42.2754333],[-83.7369636,42.2754337],[-83.736965,42.2754336]]],[[[-83.7373152,42.2754267],[-83.7373152,42.2754257],[-83.7373147,42.2754257],[-83.7373147,42.2754267],[-83.7373152,42.2754267]]],[[[-83.7372903,42.2754271],[-83.7372903,42.2754261],[-83.7372898,42.2754261],[-83.7372898,42.2754271],[-83.7372903,42.2754271]]],[[[-83.7369728,42.2754321],[-83.7369727,42.2754311],[-83.7369723,42.2754311],[-83.7369723,42.2754321],[-83.7369728,42.2754321]]],[[[-83.7369741,42.2754311],[-83.7369741,42.2754308],[-83.7369727,42.2754308],[-83.7369727,42.2754311],[-83.7369741,42.2754311]]],[[[-83.7369713,42.2754311],[-83.7369713,42.2754308],[-83.73697,42.2754308],[-83.73697,42.2754312],[-83.7369713,42.2754311]]],[[[-83.7369649,42.2754312],[-83.7369649,42.2754309],[-83.7369635,42.2754309],[-83.7369635,42.2754313],[-83.7369649,42.2754312]]],[[[-83.737315,42.2754212],[-83.737315,42.2754202],[-83.7373145,42.2754202],[-83.7373146,42.2754212],[-83.737315,42.2754212]]],[[[-83.73729,42.2754162],[-83.7372899,42.2754152],[-83.7372895,42.2754152],[-83.7372895,42.2754162],[-83.73729,42.2754162]]],[[[-83.7372898,42.2754107],[-83.7372898,42.2754097],[-83.7372893,42.2754097],[-83.7372893,42.2754108],[-83.7372898,42.2754107]]],[[[-83.7373847,42.2754074],[-83.7373847,42.2754071],[-83.7373833,42.2754071],[-83.7373833,42.2754075],[-83.7373847,42.2754074]]],[[[-83.7373833,42.2754061],[-83.7373832,42.2754051],[-83.7373828,42.2754051],[-83.7373828,42.2754061],[-83.7373833,42.2754061]]],[[[-83.7373846,42.2754051],[-83.7373846,42.2754047],[-83.7373832,42.2754047],[-83.7373832,42.2754051],[-83.7373846,42.2754051]]],[[[-83.7372896,42.2754053],[-83.7372896,42.2754043],[-83.7372891,42.2754043],[-83.7372892,42.2754053],[-83.7372896,42.2754053]]],[[[-83.7372895,42.2753998],[-83.7372894,42.2753988],[-83.737289,42.2753988],[-83.737289,42.2753998],[-83.7372895,42.2753998]]],[[[-83.7374354,42.2753936],[-83.7374354,42.2753933],[-83.737434,42.2753933],[-83.7374341,42.2753936],[-83.7374354,42.2753936]]],[[[-83.7374281,42.2753937],[-83.7374281,42.2753934],[-83.7374267,42.2753934],[-83.7374267,42.2753938],[-83.7374281,42.2753937]]],[[[-83.7374207,42.2753939],[-83.7374207,42.2753935],[-83.7374193,42.2753935],[-83.7374193,42.2753939],[-83.7374207,42.2753939]]],[[[-83.7374133,42.275394],[-83.7374133,42.2753936],[-83.7374119,42.2753937],[-83.7374119,42.275394],[-83.7374133,42.275394]]],[[[-83.7374059,42.2753941],[-83.7374059,42.2753938],[-83.7374046,42.2753938],[-83.7374046,42.2753941],[-83.7374059,42.2753941]]],[[[-83.7373986,42.2753942],[-83.7373986,42.2753939],[-83.7373972,42.2753939],[-83.7373972,42.2753943],[-83.7373986,42.2753942]]],[[[-83.7373912,42.2753944],[-83.7373912,42.275394],[-83.7373898,42.275394],[-83.7373898,42.2753944],[-83.7373912,42.2753944]]],[[[-83.7373838,42.2753945],[-83.7373838,42.2753941],[-83.7373824,42.2753942],[-83.7373824,42.2753945],[-83.7373838,42.2753945]]],[[[-83.7373765,42.2753946],[-83.7373764,42.2753943],[-83.7373751,42.2753943],[-83.7373751,42.2753946],[-83.7373765,42.2753946]]],[[[-83.7373691,42.2753947],[-83.7373691,42.2753944],[-83.7373677,42.2753944],[-83.7373677,42.2753948],[-83.7373691,42.2753947]]],[[[-83.7373617,42.2753949],[-83.7373617,42.2753945],[-83.7373603,42.2753945],[-83.7373603,42.2753949],[-83.7373617,42.2753949]]],[[[-83.7373543,42.275395],[-83.7373543,42.2753946],[-83.7373529,42.2753947],[-83.7373529,42.275395],[-83.7373543,42.275395]]],[[[-83.737347,42.2753951],[-83.7373469,42.2753948],[-83.7373456,42.2753948],[-83.7373456,42.2753951],[-83.737347,42.2753951]]],[[[-83.7373396,42.2753952],[-83.7373396,42.2753949],[-83.7373382,42.2753949],[-83.7373382,42.2753953],[-83.7373396,42.2753952]]],[[[-83.7373322,42.2753954],[-83.7373322,42.275395],[-83.7373308,42.275395],[-83.7373308,42.2753954],[-83.7373322,42.2753954]]],[[[-83.7373248,42.2753955],[-83.7373248,42.2753951],[-83.7373234,42.2753952],[-83.7373235,42.2753955],[-83.7373248,42.2753955]]],[[[-83.7373175,42.2753956],[-83.7373175,42.2753953],[-83.7373161,42.2753953],[-83.7373161,42.2753956],[-83.7373175,42.2753956]]],[[[-83.7373147,42.2753957],[-83.7373142,42.275395],[-83.7373138,42.275395],[-83.7373138,42.2753957],[-83.7373147,42.2753957]]],[[[-83.7370331,42.2754004],[-83.7370331,42.2754001],[-83.7370317,42.2754001],[-83.7370317,42.2754004],[-83.7370331,42.2754004]]],[[[-83.7370257,42.2754005],[-83.7370257,42.2754002],[-83.7370243,42.2754002],[-83.7370244,42.2754006],[-83.7370257,42.2754005]]],[[[-83.7370184,42.2754007],[-83.7370183,42.2754003],[-83.737017,42.2754003],[-83.737017,42.2754007],[-83.7370184,42.2754007]]],[[[-83.737011,42.2754008],[-83.737011,42.2754004],[-83.7370096,42.2754005],[-83.7370096,42.2754008],[-83.737011,42.2754008]]],[[[-83.7370036,42.2754009],[-83.7370036,42.2754006],[-83.7370022,42.2754006],[-83.7370022,42.2754009],[-83.7370036,42.2754009]]],[[[-83.7369962,42.275401],[-83.7369962,42.2754007],[-83.7369948,42.2754007],[-83.7369949,42.2754011],[-83.7369962,42.275401]]],[[[-83.7369889,42.2754012],[-83.7369889,42.2754008],[-83.7369875,42.2754008],[-83.7369875,42.2754012],[-83.7369889,42.2754012]]],[[[-83.7369815,42.2754013],[-83.7369815,42.2754009],[-83.7369801,42.275401],[-83.7369801,42.2754013],[-83.7369815,42.2754013]]],[[[-83.7369741,42.2754014],[-83.7369741,42.2754011],[-83.7369727,42.2754011],[-83.7369727,42.2754014],[-83.7369741,42.2754014]]],[[[-83.7369667,42.2754015],[-83.7369667,42.2754012],[-83.7369653,42.2754012],[-83.7369654,42.2754016],[-83.7369667,42.2754015]]],[[[-83.7369594,42.2754017],[-83.7369594,42.2754013],[-83.736958,42.2754013],[-83.736958,42.2754017],[-83.7369594,42.2754017]]],[[[-83.736952,42.2754018],[-83.736952,42.2754014],[-83.7369506,42.2754015],[-83.7369506,42.2754018],[-83.736952,42.2754018]]],[[[-83.7369446,42.2754019],[-83.7369446,42.2754016],[-83.7369432,42.2754016],[-83.7369432,42.2754019],[-83.7369446,42.2754019]]],[[[-83.7369372,42.275402],[-83.7369372,42.2754017],[-83.7369359,42.2754017],[-83.7369359,42.2754021],[-83.7369372,42.275402]]],[[[-83.7369299,42.2754022],[-83.7369299,42.2754018],[-83.7369285,42.2754018],[-83.7369285,42.2754022],[-83.7369299,42.2754022]]],[[[-83.7371787,42.2753973],[-83.7371787,42.2753969],[-83.7371773,42.275397],[-83.7371773,42.2753973],[-83.7371787,42.2753973]]],[[[-83.7371755,42.2753973],[-83.7371755,42.275397],[-83.7371741,42.275397],[-83.7371741,42.2753973],[-83.7371755,42.2753973]]],[[[-83.7373142,42.275394],[-83.7373142,42.2753929],[-83.7373137,42.2753929],[-83.7373137,42.275394],[-83.7373142,42.275394]]],[[[-83.7372893,42.2753944],[-83.7372893,42.2753934],[-83.7372888,42.2753934],[-83.7372888,42.2753944],[-83.7372893,42.2753944]]],[[[-83.7371773,42.2753959],[-83.7371773,42.2753949],[-83.7371768,42.2753949],[-83.7371768,42.2753959],[-83.7371773,42.2753959]]],[[[-83.7371681,42.2753961],[-83.737168,42.2753951],[-83.7371676,42.2753951],[-83.7371676,42.2753961],[-83.7371681,42.2753961]]],[[[-83.7371786,42.2753949],[-83.7371786,42.2753945],[-83.7371773,42.2753946],[-83.7371773,42.2753949],[-83.7371786,42.2753949]]],[[[-83.7371754,42.2753949],[-83.7371754,42.2753946],[-83.737174,42.2753946],[-83.737174,42.275395],[-83.7371754,42.2753949]]],[[[-83.7371694,42.275395],[-83.7371694,42.2753947],[-83.737168,42.2753947],[-83.737168,42.2753951],[-83.7371694,42.275395]]],[[[-83.737314,42.2753885],[-83.737314,42.2753875],[-83.7373135,42.2753875],[-83.7373136,42.2753885],[-83.737314,42.2753885]]],[[[-83.7372891,42.2753889],[-83.7372891,42.2753879],[-83.7372886,42.2753879],[-83.7372887,42.2753889],[-83.7372891,42.2753889]]],[[[-83.7373138,42.275383],[-83.7373138,42.275382],[-83.7373134,42.275382],[-83.7373134,42.2753831],[-83.7373138,42.275383]]],[[[-83.737289,42.2753835],[-83.7372889,42.2753824],[-83.7372885,42.2753825],[-83.7372885,42.2753835],[-83.737289,42.2753835]]],[[[-83.7373838,42.2753795],[-83.7373838,42.2753791],[-83.7373824,42.2753792],[-83.7373824,42.2753795],[-83.7373838,42.2753795]]],[[[-83.7373778,42.2753796],[-83.7373778,42.2753792],[-83.7373764,42.2753793],[-83.7373764,42.2753796],[-83.7373778,42.2753796]]],[[[-83.7373746,42.2753796],[-83.7373746,42.2753793],[-83.7373732,42.2753793],[-83.7373732,42.2753797],[-83.7373746,42.2753796]]],[[[-83.7370395,42.275385],[-83.7370395,42.2753846],[-83.7370382,42.2753846],[-83.7370382,42.275385],[-83.7370395,42.275385]]],[[[-83.7373824,42.2753781],[-83.7373824,42.2753771],[-83.7373819,42.2753771],[-83.7373819,42.2753781],[-83.7373824,42.2753781]]],[[[-83.7373778,42.2753779],[-83.7373778,42.2753775],[-83.7373768,42.2753775],[-83.7373769,42.2753782],[-83.7373778,42.2753779]]],[[[-83.7370381,42.2753836],[-83.7370381,42.2753826],[-83.7370376,42.2753826],[-83.7370377,42.2753836],[-83.7370381,42.2753836]]],[[[-83.7373837,42.2753771],[-83.7373837,42.2753767],[-83.7373824,42.2753768],[-83.7373824,42.2753771],[-83.7373837,42.2753771]]],[[[-83.7373745,42.2753772],[-83.7373745,42.2753769],[-83.7373731,42.2753769],[-83.7373731,42.2753773],[-83.7373745,42.2753772]]],[[[-83.7370395,42.2753826],[-83.7370395,42.2753822],[-83.7370381,42.2753822],[-83.7370381,42.2753826],[-83.7370395,42.2753826]]],[[[-83.7373137,42.2753776],[-83.7373136,42.2753766],[-83.7373132,42.2753766],[-83.7373132,42.2753776],[-83.7373137,42.2753776]]],[[[-83.7372888,42.275378],[-83.7372888,42.275377],[-83.7372883,42.275377],[-83.7372883,42.275378],[-83.7372888,42.275378]]],[[[-83.7373135,42.2753721],[-83.7373135,42.2753711],[-83.737313,42.2753711],[-83.737313,42.2753721],[-83.7373135,42.2753721]]],[[[-83.7372886,42.2753726],[-83.7372886,42.2753715],[-83.7372881,42.2753715],[-83.7372882,42.2753726],[-83.7372886,42.2753726]]],[[[-83.7373133,42.2753667],[-83.7373133,42.2753657],[-83.7373128,42.2753657],[-83.7373129,42.2753667],[-83.7373133,42.2753667]]],[[[-83.7372885,42.2753671],[-83.7372884,42.2753661],[-83.737288,42.2753661],[-83.737288,42.2753671],[-83.7372885,42.2753671]]],[[[-83.7370279,42.2753664],[-83.7370279,42.275366],[-83.7370265,42.2753661],[-83.7370265,42.2753664],[-83.7370279,42.2753664]]],[[[-83.7370251,42.2753664],[-83.7370251,42.2753661],[-83.7370237,42.2753661],[-83.7370238,42.2753665],[-83.7370251,42.2753664]]],[[[-83.7370219,42.2753665],[-83.7370219,42.2753661],[-83.7370205,42.2753662],[-83.7370205,42.2753665],[-83.7370219,42.2753665]]],[[[-83.7370224,42.2753661],[-83.7370223,42.2753651],[-83.7370219,42.2753651],[-83.7370219,42.2753661],[-83.7370224,42.2753661]]],[[[-83.7373191,42.2753604],[-83.7373191,42.2753601],[-83.7373177,42.2753601],[-83.7373178,42.2753605],[-83.7373191,42.2753604]]],[[[-83.737327,42.27536],[-83.7373269,42.2753589],[-83.7373265,42.2753589],[-83.7373265,42.27536],[-83.737327,42.27536]]],[[[-83.7373196,42.2753601],[-83.7373196,42.2753591],[-83.7373191,42.2753591],[-83.7373191,42.2753601],[-83.7373196,42.2753601]]],[[[-83.7373177,42.2753601],[-83.7373177,42.2753591],[-83.7373173,42.2753591],[-83.7373173,42.2753601],[-83.7373177,42.2753601]]],[[[-83.7370265,42.275365],[-83.7370264,42.275364],[-83.737026,42.275364],[-83.737026,42.275365],[-83.7370265,42.275365]]],[[[-83.7373191,42.2753591],[-83.7373191,42.2753587],[-83.7373177,42.2753588],[-83.7373177,42.2753591],[-83.7373191,42.2753591]]],[[[-83.7370278,42.275364],[-83.7370278,42.2753637],[-83.7370264,42.2753637],[-83.7370264,42.275364],[-83.7370278,42.275364]]],[[[-83.7370251,42.275364],[-83.7370251,42.2753637],[-83.7370237,42.2753637],[-83.7370237,42.2753641],[-83.7370251,42.275364]]],[[[-83.7369414,42.2753562],[-83.7369413,42.2753559],[-83.73694,42.2753559],[-83.73694,42.2753563],[-83.7369414,42.2753562]]],[[[-83.7369349,42.2753557],[-83.7369349,42.2753546],[-83.7369344,42.2753547],[-83.7369344,42.2753557],[-83.7369349,42.2753557]]],[[[-83.7369413,42.2753545],[-83.7369413,42.2753542],[-83.7369399,42.2753542],[-83.7369399,42.2753546],[-83.7369413,42.2753545]]],[[[-83.737375,42.2753469],[-83.737375,42.2753465],[-83.7373736,42.2753466],[-83.7373736,42.2753469],[-83.737375,42.2753469]]],[[[-83.7373164,42.2753479],[-83.7373164,42.2753475],[-83.7373151,42.2753475],[-83.7373151,42.2753479],[-83.7373164,42.2753479]]],[[[-83.7370385,42.2753526],[-83.7370385,42.2753522],[-83.7370371,42.2753522],[-83.7370372,42.2753526],[-83.7370385,42.2753526]]],[[[-83.7370289,42.2753527],[-83.7370289,42.2753524],[-83.7370275,42.2753524],[-83.7370275,42.2753527],[-83.7370289,42.2753527]]],[[[-83.7369791,42.2753536],[-83.7369791,42.2753532],[-83.7369777,42.2753532],[-83.7369777,42.2753536],[-83.7369791,42.2753536]]],[[[-83.7369731,42.2753537],[-83.7369731,42.2753533],[-83.7369717,42.2753533],[-83.7369717,42.2753537],[-83.7369731,42.2753537]]],[[[-83.7369192,42.2753542],[-83.7369192,42.2753539],[-83.7369178,42.2753539],[-83.7369178,42.2753543],[-83.7369192,42.2753542]]],[[[-83.736938,42.2753536],[-83.736938,42.2753532],[-83.7369367,42.2753533],[-83.7369367,42.2753536],[-83.736938,42.2753536]]],[[[-83.7369353,42.2753536],[-83.7369353,42.2753533],[-83.7369339,42.2753533],[-83.7369339,42.2753536],[-83.7369353,42.2753536]]],[[[-83.7369321,42.2753537],[-83.736932,42.2753533],[-83.7369307,42.2753534],[-83.7369307,42.2753537],[-83.7369321,42.2753537]]],[[[-83.7373722,42.2753459],[-83.7373722,42.2753456],[-83.7373708,42.2753456],[-83.7373708,42.2753459],[-83.7373722,42.2753459]]],[[[-83.7369763,42.2753526],[-83.7369763,42.2753522],[-83.7369749,42.2753523],[-83.7369749,42.2753526],[-83.7369763,42.2753526]]],[[[-83.7373735,42.2753455],[-83.7373735,42.2753445],[-83.7373731,42.2753445],[-83.7373731,42.2753455],[-83.7373735,42.2753455]]],[[[-83.7373708,42.2753456],[-83.7373708,42.2753446],[-83.7373703,42.2753446],[-83.7373703,42.2753456],[-83.7373708,42.2753456]]],[[[-83.737315,42.2753465],[-83.737315,42.2753455],[-83.7373145,42.2753455],[-83.7373146,42.2753465],[-83.737315,42.2753465]]],[[[-83.7373053,42.2753467],[-83.7373053,42.2753457],[-83.7373048,42.2753457],[-83.7373049,42.2753467],[-83.7373053,42.2753467]]],[[[-83.7370371,42.2753512],[-83.7370371,42.2753502],[-83.7370366,42.2753502],[-83.7370367,42.2753512],[-83.7370371,42.2753512]]],[[[-83.7370274,42.2753514],[-83.7370274,42.2753504],[-83.7370269,42.2753504],[-83.737027,42.2753514],[-83.7370274,42.2753514]]],[[[-83.7369777,42.2753522],[-83.7369776,42.2753512],[-83.7369772,42.2753512],[-83.7369772,42.2753522],[-83.7369777,42.2753522]]],[[[-83.7369749,42.2753523],[-83.7369749,42.2753512],[-83.7369744,42.2753512],[-83.7369744,42.2753523],[-83.7369749,42.2753523]]],[[[-83.7369246,42.2753524],[-83.7369246,42.2753514],[-83.7369241,42.2753514],[-83.7369242,42.2753524],[-83.7369246,42.2753524]]],[[[-83.7373749,42.2753445],[-83.7373749,42.2753441],[-83.7373735,42.2753442],[-83.7373735,42.2753445],[-83.7373749,42.2753445]]],[[[-83.7373164,42.2753455],[-83.7373164,42.2753451],[-83.737315,42.2753452],[-83.737315,42.2753455],[-83.7373164,42.2753455]]],[[[-83.7373067,42.2753456],[-83.7373067,42.2753453],[-83.7373053,42.2753453],[-83.7373053,42.2753457],[-83.7373067,42.2753456]]],[[[-83.7370385,42.2753502],[-83.7370385,42.2753498],[-83.7370371,42.2753498],[-83.7370371,42.2753502],[-83.7370385,42.2753502]]],[[[-83.7370288,42.2753503],[-83.7370288,42.27535],[-83.7370274,42.27535],[-83.7370274,42.2753504],[-83.7370288,42.2753503]]],[[[-83.736979,42.2753512],[-83.736979,42.2753508],[-83.7369776,42.2753509],[-83.7369776,42.2753512],[-83.736979,42.2753512]]],[[[-83.736973,42.2753513],[-83.736973,42.2753509],[-83.7369716,42.275351],[-83.7369716,42.2753513],[-83.736973,42.2753513]]],[[[-83.736938,42.2753512],[-83.736938,42.2753508],[-83.7369366,42.2753509],[-83.7369366,42.2753512],[-83.736938,42.2753512]]],[[[-83.7369352,42.2753512],[-83.7369352,42.2753509],[-83.7369338,42.2753509],[-83.7369338,42.2753513],[-83.7369352,42.2753512]]],[[[-83.736932,42.2753513],[-83.736932,42.2753509],[-83.7369306,42.275351],[-83.7369306,42.2753513],[-83.736932,42.2753513]]],[[[-83.736926,42.2753514],[-83.736926,42.275351],[-83.7369246,42.2753511],[-83.7369246,42.2753514],[-83.736926,42.2753514]]],[[[-83.7373775,42.275338],[-83.7373774,42.2753369],[-83.737377,42.2753369],[-83.737377,42.275338],[-83.7373775,42.275338]]],[[[-83.7369604,42.275345],[-83.7369603,42.275344],[-83.7369599,42.275344],[-83.7369599,42.275345],[-83.7369604,42.275345]]],[[[-83.7373154,42.2753298],[-83.7373154,42.2753295],[-83.737314,42.2753295],[-83.737314,42.2753298],[-83.7373154,42.2753298]]],[[[-83.737309,42.2753299],[-83.737309,42.2753296],[-83.7373076,42.2753296],[-83.7373076,42.2753299],[-83.737309,42.2753299]]],[[[-83.7371767,42.2753321],[-83.7371767,42.2753318],[-83.7371753,42.2753318],[-83.7371753,42.2753322],[-83.7371767,42.2753321]]],[[[-83.7371707,42.2753322],[-83.7371707,42.2753319],[-83.7371693,42.2753319],[-83.7371693,42.2753323],[-83.7371707,42.2753322]]],[[[-83.7371675,42.2753323],[-83.7371675,42.275332],[-83.7371661,42.275332],[-83.7371661,42.2753323],[-83.7371675,42.2753323]]],[[[-83.737038,42.2753345],[-83.737038,42.2753341],[-83.7370366,42.2753342],[-83.7370366,42.2753345],[-83.737038,42.2753345]]],[[[-83.7370352,42.2753345],[-83.7370352,42.2753342],[-83.7370338,42.2753342],[-83.7370338,42.2753345],[-83.7370352,42.2753345]]],[[[-83.737032,42.2753346],[-83.737032,42.2753342],[-83.7370306,42.2753343],[-83.7370306,42.2753346],[-83.737032,42.2753346]]],[[[-83.7370288,42.2753346],[-83.7370288,42.2753343],[-83.7370274,42.2753343],[-83.7370274,42.2753347],[-83.7370288,42.2753346]]],[[[-83.7370324,42.2753342],[-83.7370324,42.2753332],[-83.7370319,42.2753332],[-83.737032,42.2753342],[-83.7370324,42.2753342]]],[[[-83.737314,42.2753285],[-83.737314,42.2753274],[-83.7373135,42.2753274],[-83.7373135,42.2753285],[-83.737314,42.2753285]]],[[[-83.7373048,42.2753286],[-83.7373048,42.2753276],[-83.7373043,42.2753276],[-83.7373043,42.2753286],[-83.7373048,42.2753286]]],[[[-83.7371753,42.2753308],[-83.7371752,42.2753298],[-83.7371748,42.2753298],[-83.7371748,42.2753308],[-83.7371753,42.2753308]]],[[[-83.7370366,42.2753331],[-83.7370365,42.2753321],[-83.7370361,42.2753321],[-83.7370361,42.2753331],[-83.7370366,42.2753331]]],[[[-83.7370287,42.2753329],[-83.7370287,42.2753326],[-83.7370278,42.2753326],[-83.7370278,42.2753333],[-83.7370287,42.2753329]]],[[[-83.7373153,42.2753274],[-83.7373153,42.2753271],[-83.737314,42.2753271],[-83.737314,42.2753274],[-83.7373153,42.2753274]]],[[[-83.7373089,42.2753275],[-83.7373089,42.2753272],[-83.7373075,42.2753272],[-83.7373075,42.2753275],[-83.7373089,42.2753275]]],[[[-83.7373061,42.2753276],[-83.7373061,42.2753272],[-83.7373047,42.2753272],[-83.7373048,42.2753276],[-83.7373061,42.2753276]]],[[[-83.7371766,42.2753297],[-83.7371766,42.2753294],[-83.7371752,42.2753294],[-83.7371752,42.2753298],[-83.7371766,42.2753297]]],[[[-83.7371706,42.2753299],[-83.7371706,42.2753295],[-83.7371692,42.2753295],[-83.7371693,42.2753299],[-83.7371706,42.2753299]]],[[[-83.7371674,42.2753299],[-83.7371674,42.2753296],[-83.737166,42.2753296],[-83.737166,42.2753299],[-83.7371674,42.2753299]]],[[[-83.7370379,42.2753321],[-83.7370379,42.2753318],[-83.7370365,42.2753318],[-83.7370365,42.2753321],[-83.7370379,42.2753321]]],[[[-83.7370351,42.2753321],[-83.7370351,42.2753318],[-83.7370338,42.2753318],[-83.7370338,42.2753322],[-83.7370351,42.2753321]]],[[[-83.7370162,42.2753318],[-83.7370162,42.2753314],[-83.7370148,42.2753315],[-83.7370148,42.2753318],[-83.7370162,42.2753318]]],[[[-83.737013,42.2753318],[-83.737013,42.2753315],[-83.7370116,42.2753315],[-83.7370116,42.2753319],[-83.737013,42.2753318]]],[[[-83.7370102,42.2753319],[-83.7370102,42.2753315],[-83.7370088,42.2753316],[-83.7370089,42.2753319],[-83.7370102,42.2753319]]],[[[-83.737007,42.2753319],[-83.737007,42.2753316],[-83.7370056,42.2753316],[-83.7370056,42.275332],[-83.737007,42.2753319]]],[[[-83.737337,42.275326],[-83.737337,42.2753257],[-83.7373356,42.2753257],[-83.7373356,42.275326],[-83.737337,42.275326]]],[[[-83.737331,42.2753261],[-83.737331,42.2753258],[-83.7373296,42.2753258],[-83.7373296,42.2753261],[-83.737331,42.2753261]]],[[[-83.7373278,42.2753262],[-83.7373278,42.2753258],[-83.7373264,42.2753259],[-83.7373264,42.2753262],[-83.7373278,42.2753262]]],[[[-83.7370107,42.2753315],[-83.7370107,42.2753305],[-83.7370102,42.2753305],[-83.7370102,42.2753315],[-83.7370107,42.2753315]]],[[[-83.7373277,42.2753251],[-83.7373277,42.2753248],[-83.7373263,42.2753248],[-83.7373263,42.2753252],[-83.7373277,42.2753251]]],[[[-83.7370148,42.2753304],[-83.7370148,42.2753294],[-83.7370143,42.2753294],[-83.7370143,42.2753304],[-83.7370148,42.2753304]]],[[[-83.7373356,42.2753247],[-83.7373355,42.2753237],[-83.7373351,42.2753237],[-83.7373351,42.2753247],[-83.7373356,42.2753247]]],[[[-83.7373282,42.2753248],[-83.7373281,42.2753238],[-83.7373277,42.2753238],[-83.7373277,42.2753248],[-83.7373282,42.2753248]]],[[[-83.7373263,42.2753248],[-83.7373263,42.2753238],[-83.7373258,42.2753238],[-83.7373259,42.2753248],[-83.7373263,42.2753248]]],[[[-83.7370162,42.2753294],[-83.7370161,42.275329],[-83.7370148,42.2753291],[-83.7370148,42.2753294],[-83.7370162,42.2753294]]],[[[-83.7370129,42.2753294],[-83.7370129,42.2753291],[-83.7370115,42.2753291],[-83.7370115,42.2753295],[-83.7370129,42.2753294]]],[[[-83.7370069,42.2753295],[-83.7370069,42.2753292],[-83.7370055,42.2753292],[-83.7370056,42.2753296],[-83.7370069,42.2753295]]],[[[-83.7373369,42.2753236],[-83.7373369,42.2753233],[-83.7373355,42.2753233],[-83.7373355,42.2753237],[-83.7373369,42.2753236]]],[[[-83.7373309,42.2753237],[-83.7373309,42.2753234],[-83.7373295,42.2753234],[-83.7373295,42.2753238],[-83.7373309,42.2753237]]],[[[-83.7373277,42.2753238],[-83.7373277,42.2753234],[-83.7373263,42.2753235],[-83.7373263,42.2753238],[-83.7373277,42.2753238]]],[[[-83.7370189,42.2753126],[-83.7370189,42.2753123],[-83.7370175,42.2753123],[-83.7370175,42.2753126],[-83.7370189,42.2753126]]],[[[-83.7370161,42.2753127],[-83.7370161,42.2753116],[-83.7370156,42.2753117],[-83.7370156,42.2753127],[-83.7370161,42.2753127]]],[[[-83.7370143,42.2753127],[-83.7370142,42.2753117],[-83.7370138,42.2753117],[-83.7370138,42.2753127],[-83.7370143,42.2753127]]],[[[-83.7370124,42.2753127],[-83.7370124,42.2753124],[-83.737011,42.2753124],[-83.737011,42.2753128],[-83.7370124,42.2753127]]],[[[-83.7370156,42.2753117],[-83.7370156,42.2753106],[-83.7370151,42.2753106],[-83.7370151,42.2753117],[-83.7370156,42.2753117]]],[[[-83.7370147,42.2753117],[-83.7370147,42.2753106],[-83.7370142,42.2753107],[-83.7370142,42.2753117],[-83.7370147,42.2753117]]],[[[-83.7370174,42.2753113],[-83.7370174,42.2753103],[-83.7370169,42.2753103],[-83.737017,42.2753113],[-83.7370174,42.2753113]]],[[[-83.7370188,42.2753102],[-83.7370188,42.2753099],[-83.7370174,42.2753099],[-83.7370174,42.2753103],[-83.7370188,42.2753102]]],[[[-83.7370123,42.2753103],[-83.7370123,42.27531],[-83.7370109,42.27531],[-83.737011,42.2753104],[-83.7370123,42.2753103]]],[[[-83.7373335,42.2753046],[-83.7373335,42.2753042],[-83.7373322,42.2753043],[-83.7373322,42.2753046],[-83.7373335,42.2753046]]],[[[-83.7373308,42.2753046],[-83.7373308,42.2753036],[-83.7373303,42.2753036],[-83.7373303,42.2753046],[-83.7373308,42.2753046]]],[[[-83.7373289,42.2753047],[-83.7373289,42.2753036],[-83.7373284,42.2753036],[-83.7373285,42.2753047],[-83.7373289,42.2753047]]],[[[-83.7373303,42.2753036],[-83.7373303,42.2753026],[-83.7373298,42.2753026],[-83.7373298,42.2753036],[-83.7373303,42.2753036]]],[[[-83.7373294,42.2753036],[-83.7373293,42.2753026],[-83.7373289,42.2753026],[-83.7373289,42.2753036],[-83.7373294,42.2753036]]],[[[-83.7373321,42.2753032],[-83.7373321,42.2753022],[-83.7373316,42.2753022],[-83.7373317,42.2753032],[-83.7373321,42.2753032]]],[[[-83.7373335,42.2753022],[-83.7373335,42.2753019],[-83.7373321,42.2753019],[-83.7373321,42.2753022],[-83.7373335,42.2753022]]],[[[-83.7371638,42.2759741],[-83.7371638,42.2759735],[-83.7371629,42.2759735],[-83.7371629,42.2759742],[-83.7371638,42.2759741]]],[[[-83.7370756,42.2759374],[-83.7370755,42.2759371],[-83.7370737,42.2759371],[-83.7370737,42.2759375],[-83.7370756,42.2759374]]],[[[-83.7370765,42.2759367],[-83.7370764,42.2759354],[-83.737076,42.2759354],[-83.737076,42.2759367],[-83.7370765,42.2759367]]],[[[-83.7370755,42.275935],[-83.7370755,42.2759347],[-83.7370736,42.2759347],[-83.7370736,42.2759351],[-83.7370755,42.275935]]],[[[-83.7372402,42.2759244],[-83.7372402,42.275923],[-83.7372397,42.275923],[-83.7372398,42.2759244],[-83.7372402,42.2759244]]],[[[-83.7372375,42.2759244],[-83.7372374,42.2759231],[-83.737237,42.2759231],[-83.737237,42.2759245],[-83.7372375,42.2759244]]],[[[-83.7372337,42.2759208],[-83.7372336,42.2759194],[-83.7372332,42.2759194],[-83.7372332,42.2759208],[-83.7372337,42.2759208]]],[[[-83.7372309,42.2759208],[-83.7372309,42.2759194],[-83.7372304,42.2759194],[-83.7372304,42.2759208],[-83.7372309,42.2759208]]],[[[-83.7372331,42.275917],[-83.737233,42.2759156],[-83.7372326,42.2759157],[-83.7372326,42.275917],[-83.7372331,42.275917]]],[[[-83.7372303,42.2759171],[-83.7372303,42.2759157],[-83.7372298,42.2759157],[-83.7372299,42.2759171],[-83.7372303,42.2759171]]],[[[-83.7376831,42.2759012],[-83.7376831,42.2759005],[-83.7376821,42.2759005],[-83.7376822,42.2759012],[-83.7376831,42.2759012]]],[[[-83.7376752,42.2759007],[-83.7376752,42.2758993],[-83.7376747,42.2758993],[-83.7376748,42.2759007],[-83.7376752,42.2759007]]],[[[-83.7376734,42.2759007],[-83.7376733,42.2758993],[-83.7376729,42.2758993],[-83.7376729,42.2759007],[-83.7376734,42.2759007]]],[[[-83.7376609,42.2759009],[-83.7376609,42.2758995],[-83.7376604,42.2758995],[-83.7376605,42.2759009],[-83.7376609,42.2759009]]],[[[-83.7376531,42.275901],[-83.7376531,42.2758997],[-83.7376526,42.2758997],[-83.7376526,42.275901],[-83.7376531,42.275901]]],[[[-83.7376037,42.2758998],[-83.7376037,42.2758991],[-83.7376028,42.2758991],[-83.7376028,42.2758998],[-83.7376037,42.2758998]]],[[[-83.737683,42.2758974],[-83.7376829,42.2758968],[-83.737682,42.2758968],[-83.737682,42.2758975],[-83.737683,42.2758974]]],[[[-83.7373456,42.2759032],[-83.7373456,42.2759028],[-83.7373438,42.2759029],[-83.7373438,42.2759032],[-83.7373456,42.2759032]]],[[[-83.7373465,42.2759025],[-83.7373465,42.2759011],[-83.737346,42.2759011],[-83.7373461,42.2759025],[-83.7373465,42.2759025]]],[[[-83.7375912,42.2758976],[-83.7375912,42.2758973],[-83.7375894,42.2758973],[-83.7375894,42.2758977],[-83.7375912,42.2758976]]],[[[-83.7376829,42.2758957],[-83.7376829,42.2758951],[-83.737682,42.2758951],[-83.737682,42.2758958],[-83.7376829,42.2758957]]],[[[-83.7373456,42.2759008],[-83.7373455,42.2759004],[-83.7373437,42.2759005],[-83.7373437,42.2759008],[-83.7373456,42.2759008]]],[[[-83.7375405,42.2758968],[-83.7375405,42.2758965],[-83.7375386,42.2758965],[-83.7375386,42.2758968],[-83.7375405,42.2758968]]],[[[-83.7375414,42.2758961],[-83.7375413,42.2758947],[-83.7375409,42.2758947],[-83.7375409,42.2758961],[-83.7375414,42.2758961]]],[[[-83.7376828,42.275892],[-83.7376828,42.2758913],[-83.7376819,42.2758913],[-83.7376819,42.275892],[-83.7376828,42.275892]]],[[[-83.7375404,42.2758944],[-83.7375404,42.2758941],[-83.7375385,42.2758941],[-83.7375386,42.2758944],[-83.7375404,42.2758944]]],[[[-83.7376827,42.2758903],[-83.7376827,42.2758896],[-83.7376818,42.2758896],[-83.7376818,42.2758903],[-83.7376827,42.2758903]]],[[[-83.7376826,42.2758865],[-83.7376826,42.2758859],[-83.7376817,42.2758859],[-83.7376817,42.2758866],[-83.7376826,42.2758865]]],[[[-83.7376826,42.2758848],[-83.7376826,42.2758841],[-83.7376816,42.2758842],[-83.7376816,42.2758848],[-83.7376826,42.2758848]]],[[[-83.7376824,42.2758794],[-83.7376824,42.2758787],[-83.7376815,42.2758787],[-83.7376815,42.2758794],[-83.7376824,42.2758794]]],[[[-83.7373029,42.2758773],[-83.7373028,42.2758766],[-83.7373019,42.2758766],[-83.7373019,42.2758773],[-83.7373029,42.2758773]]],[[[-83.7373028,42.2758756],[-83.7373028,42.2758749],[-83.7373019,42.2758749],[-83.7373019,42.2758756],[-83.7373028,42.2758756]]],[[[-83.7373986,42.2758719],[-83.7373986,42.2758705],[-83.7373981,42.2758705],[-83.7373981,42.2758719],[-83.7373986,42.2758719]]],[[[-83.7373027,42.2758718],[-83.7373027,42.2758711],[-83.7373018,42.2758712],[-83.7373018,42.2758718],[-83.7373027,42.2758718]]],[[[-83.7373026,42.2758701],[-83.7373026,42.2758694],[-83.7373017,42.2758694],[-83.7373017,42.2758701],[-83.7373026,42.2758701]]],[[[-83.7373025,42.2758664],[-83.7373025,42.2758657],[-83.7373016,42.2758657],[-83.7373016,42.2758664],[-83.7373025,42.2758664]]],[[[-83.7374016,42.275864],[-83.7374016,42.2758637],[-83.7373997,42.2758637],[-83.7373997,42.275864],[-83.7374016,42.275864]]],[[[-83.7373025,42.2758647],[-83.7373025,42.275864],[-83.7373015,42.275864],[-83.7373016,42.2758647],[-83.7373025,42.2758647]]],[[[-83.737402,42.2758616],[-83.737402,42.2758613],[-83.7374001,42.2758613],[-83.7374001,42.2758616],[-83.737402,42.2758616]]],[[[-83.7373024,42.2758609],[-83.7373023,42.2758602],[-83.7373014,42.2758602],[-83.7373014,42.2758609],[-83.7373024,42.2758609]]],[[[-83.7370889,42.2758635],[-83.7370889,42.2758621],[-83.7370884,42.2758621],[-83.7370885,42.2758635],[-83.7370889,42.2758635]]],[[[-83.7373023,42.2758592],[-83.7373023,42.2758585],[-83.7373014,42.2758585],[-83.7373014,42.2758592],[-83.7373023,42.2758592]]],[[[-83.7374004,42.2758538],[-83.7374003,42.2758534],[-83.7373985,42.2758535],[-83.7373985,42.2758538],[-83.7374004,42.2758538]]],[[[-83.7373022,42.2758554],[-83.7373022,42.2758548],[-83.7373012,42.2758548],[-83.7373013,42.2758555],[-83.7373022,42.2758554]]],[[[-83.7373021,42.2758537],[-83.7373021,42.2758531],[-83.7373012,42.2758531],[-83.7373012,42.2758538],[-83.7373021,42.2758537]]],[[[-83.737302,42.27585],[-83.737302,42.2758493],[-83.7373011,42.2758493],[-83.7373011,42.27585],[-83.737302,42.27585]]],[[[-83.737302,42.2758483],[-83.7373019,42.2758476],[-83.737301,42.2758476],[-83.737301,42.2758483],[-83.737302,42.2758483]]],[[[-83.7373019,42.2758445],[-83.7373018,42.2758439],[-83.7373009,42.2758439],[-83.7373009,42.2758446],[-83.7373019,42.2758445]]],[[[-83.7373018,42.2758428],[-83.7373018,42.2758422],[-83.7373009,42.2758422],[-83.7373009,42.2758428],[-83.7373018,42.2758428]]],[[[-83.7373017,42.2758391],[-83.7373017,42.2758384],[-83.7373007,42.2758384],[-83.7373008,42.2758391],[-83.7373017,42.2758391]]],[[[-83.7374394,42.275833],[-83.7374394,42.2758327],[-83.7374375,42.2758327],[-83.7374375,42.275833],[-83.7374394,42.275833]]],[[[-83.7374403,42.2758323],[-83.7374402,42.2758309],[-83.7374398,42.2758309],[-83.7374398,42.2758323],[-83.7374403,42.2758323]]],[[[-83.7374393,42.2758306],[-83.7374393,42.2758303],[-83.7374374,42.2758303],[-83.7374374,42.2758306],[-83.7374393,42.2758306]]],[[[-83.7373585,42.2758279],[-83.7373585,42.2758272],[-83.7373576,42.2758272],[-83.7373576,42.2758279],[-83.7373585,42.2758279]]],[[[-83.7373013,42.2758282],[-83.7373013,42.2758275],[-83.7373004,42.2758275],[-83.7373004,42.2758282],[-83.7373013,42.2758282]]],[[[-83.7374207,42.2758248],[-83.7374206,42.2758241],[-83.7374197,42.2758241],[-83.7374197,42.2758248],[-83.7374207,42.2758248]]],[[[-83.7373515,42.275826],[-83.7373515,42.2758253],[-83.7373506,42.2758253],[-83.7373506,42.275826],[-83.7373515,42.275826]]],[[[-83.7373013,42.2758265],[-83.7373013,42.2758258],[-83.7373003,42.2758258],[-83.7373004,42.2758265],[-83.7373013,42.2758265]]],[[[-83.7373497,42.275825],[-83.7373496,42.2758243],[-83.7373487,42.2758243],[-83.7373487,42.275825],[-83.7373497,42.275825]]],[[[-83.7374205,42.275821],[-83.7374205,42.2758204],[-83.7374196,42.2758204],[-83.7374196,42.275821],[-83.7374205,42.275821]]],[[[-83.7373012,42.2758227],[-83.7373012,42.275822],[-83.7373002,42.275822],[-83.7373003,42.2758227],[-83.7373012,42.2758227]]],[[[-83.7374205,42.2758193],[-83.7374205,42.2758186],[-83.7374196,42.2758187],[-83.7374196,42.2758193],[-83.7374205,42.2758193]]],[[[-83.7373011,42.275821],[-83.7373011,42.2758203],[-83.7373002,42.2758203],[-83.7373002,42.275821],[-83.7373011,42.275821]]],[[[-83.7371873,42.2758219],[-83.7371872,42.2758212],[-83.7371863,42.2758212],[-83.7371863,42.2758219],[-83.7371873,42.2758219]]],[[[-83.737185,42.275822],[-83.7371849,42.2758213],[-83.737184,42.2758213],[-83.737184,42.275822],[-83.737185,42.275822]]],[[[-83.7371776,42.2758217],[-83.7371775,42.2758211],[-83.7371766,42.2758211],[-83.7371766,42.2758218],[-83.7371776,42.2758217]]],[[[-83.7372043,42.2758209],[-83.7372043,42.2758203],[-83.7372033,42.2758203],[-83.7372034,42.275821],[-83.7372043,42.2758209]]],[[[-83.737202,42.275821],[-83.737202,42.2758203],[-83.737201,42.2758203],[-83.7372011,42.275821],[-83.737202,42.275821]]],[[[-83.7371702,42.2758215],[-83.7371702,42.2758208],[-83.7371692,42.2758209],[-83.7371693,42.2758215],[-83.7371702,42.2758215]]],[[[-83.7371628,42.275821],[-83.7371628,42.2758203],[-83.7371618,42.2758203],[-83.7371619,42.275821],[-83.7371628,42.275821]]],[[[-83.7374204,42.2758156],[-83.7374204,42.2758149],[-83.7374194,42.2758149],[-83.7374195,42.2758156],[-83.7374204,42.2758156]]],[[[-83.7371554,42.2758201],[-83.7371554,42.2758194],[-83.7371544,42.2758194],[-83.7371545,42.2758201],[-83.7371554,42.2758201]]],[[[-83.737301,42.2758173],[-83.737301,42.2758166],[-83.7373001,42.2758166],[-83.7373001,42.2758173],[-83.737301,42.2758173]]],[[[-83.7371531,42.2758198],[-83.737153,42.2758191],[-83.7371521,42.2758191],[-83.7371521,42.2758198],[-83.7371531,42.2758198]]],[[[-83.7374203,42.2758139],[-83.7374203,42.2758132],[-83.7374194,42.2758132],[-83.7374194,42.2758139],[-83.7374203,42.2758139]]],[[[-83.737141,42.2758176],[-83.737141,42.2758169],[-83.7371401,42.2758169],[-83.7371401,42.2758176],[-83.737141,42.2758176]]],[[[-83.7372355,42.2758153],[-83.7372354,42.2758146],[-83.7372345,42.2758146],[-83.7372345,42.2758153],[-83.7372355,42.2758153]]],[[[-83.7371387,42.2758169],[-83.7371387,42.2758163],[-83.7371377,42.2758163],[-83.7371378,42.2758169],[-83.7371387,42.2758169]]],[[[-83.7371364,42.2758166],[-83.7371364,42.275816],[-83.7371354,42.2758156],[-83.7371354,42.2758163],[-83.7371364,42.2758166]]],[[[-83.7373004,42.2758135],[-83.7373004,42.2758128],[-83.7372995,42.2758128],[-83.7372995,42.2758135],[-83.7373004,42.2758135]]],[[[-83.7372378,42.2758146],[-83.7372377,42.2758139],[-83.7372368,42.2758139],[-83.7372368,42.2758146],[-83.7372378,42.2758146]]],[[[-83.73724,42.2758139],[-83.73724,42.2758132],[-83.7372396,42.2758132],[-83.7372396,42.2758135],[-83.7372391,42.2758135],[-83.7372391,42.2758142],[-83.73724,42.2758139]]],[[[-83.737134,42.275816],[-83.737134,42.2758153],[-83.7371331,42.2758153],[-83.7371331,42.275816],[-83.737134,42.275816]]],[[[-83.7371317,42.2758153],[-83.7371317,42.2758147],[-83.7371308,42.2758147],[-83.7371308,42.2758154],[-83.7371317,42.2758153]]],[[[-83.7374202,42.2758101],[-83.7374202,42.2758094],[-83.7374193,42.2758095],[-83.7374193,42.2758101],[-83.7374202,42.2758101]]],[[[-83.7371294,42.2758147],[-83.7371294,42.275814],[-83.7371285,42.275814],[-83.7371285,42.2758147],[-83.7371294,42.2758147]]],[[[-83.7371271,42.2758141],[-83.7371271,42.2758134],[-83.7371261,42.2758134],[-83.7371261,42.2758141],[-83.7371271,42.2758141]]],[[[-83.7374202,42.2758084],[-83.7374201,42.2758077],[-83.7374192,42.2758077],[-83.7374192,42.2758084],[-83.7374202,42.2758084]]],[[[-83.7371247,42.2758134],[-83.7371247,42.2758127],[-83.7371238,42.2758128],[-83.7371238,42.2758134],[-83.7371247,42.2758134]]],[[[-83.7372989,42.2758101],[-83.7372985,42.2758095],[-83.7372975,42.2758095],[-83.737298,42.2758101],[-83.7372989,42.2758101]]],[[[-83.7371229,42.2758124],[-83.7371229,42.2758121],[-83.7371215,42.2758121],[-83.737122,42.2758128],[-83.7371229,42.2758124]]],[[[-83.7372975,42.2758084],[-83.7372975,42.2758078],[-83.7372966,42.2758078],[-83.7372966,42.2758085],[-83.7372975,42.2758084]]],[[[-83.7372556,42.2758088],[-83.7372555,42.2758081],[-83.7372546,42.2758081],[-83.7372546,42.2758088],[-83.7372556,42.2758088]]],[[[-83.7371159,42.2758105],[-83.7371159,42.2758098],[-83.737115,42.2758098],[-83.737115,42.2758105],[-83.7371159,42.2758105]]],[[[-83.7372961,42.2758071],[-83.7372961,42.2758064],[-83.7372951,42.2758064],[-83.7372952,42.2758071],[-83.7372961,42.2758071]]],[[[-83.7372578,42.2758078],[-83.7372578,42.2758071],[-83.7372569,42.2758071],[-83.7372569,42.2758078],[-83.7372578,42.2758078]]],[[[-83.73742,42.2758047],[-83.73742,42.275804],[-83.7374191,42.275804],[-83.7374191,42.2758047],[-83.73742,42.2758047]]],[[[-83.7371136,42.2758095],[-83.7371135,42.2758088],[-83.7371126,42.2758088],[-83.7371126,42.2758095],[-83.7371136,42.2758095]]],[[[-83.7372942,42.2758058],[-83.7372942,42.2758051],[-83.7372933,42.2758051],[-83.7372933,42.2758058],[-83.7372942,42.2758058]]],[[[-83.7372624,42.275806],[-83.7372619,42.2758053],[-83.737261,42.2758057],[-83.737261,42.275806],[-83.7372624,42.275806]]],[[[-83.73742,42.275803],[-83.73742,42.2758023],[-83.737419,42.2758023],[-83.7374191,42.275803],[-83.73742,42.275803]]],[[[-83.7372669,42.2758038],[-83.7372669,42.2758032],[-83.737266,42.2758032],[-83.737266,42.2758039],[-83.7372669,42.2758038]]],[[[-83.7372881,42.2758028],[-83.7372881,42.2758021],[-83.7372872,42.2758021],[-83.7372872,42.2758028],[-83.7372881,42.2758028]]],[[[-83.7372692,42.2758028],[-83.7372692,42.2758021],[-83.7372683,42.2758021],[-83.7372683,42.2758028],[-83.7372692,42.2758028]]],[[[-83.7372715,42.2758021],[-83.7372715,42.2758014],[-83.7372705,42.2758014],[-83.7372706,42.2758021],[-83.7372715,42.2758021]]],[[[-83.7374199,42.2757992],[-83.7374199,42.2757985],[-83.7374189,42.2757985],[-83.7374189,42.2757992],[-83.7374199,42.2757992]]],[[[-83.7372835,42.2758015],[-83.7372834,42.2758008],[-83.7372825,42.2758009],[-83.7372825,42.2758015],[-83.7372835,42.2758015]]],[[[-83.7372738,42.2758017],[-83.7372738,42.275801],[-83.7372728,42.275801],[-83.7372729,42.2758017],[-83.7372738,42.2758017]]],[[[-83.7372811,42.2758012],[-83.7372811,42.2758005],[-83.7372802,42.2758005],[-83.7372802,42.2758012],[-83.7372811,42.2758012]]],[[[-83.7372761,42.2758013],[-83.7372761,42.2758006],[-83.7372751,42.2758006],[-83.7372752,42.2758013],[-83.7372761,42.2758013]]],[[[-83.7374198,42.2757975],[-83.7374198,42.2757968],[-83.7374189,42.2757968],[-83.7374189,42.2757975],[-83.7374198,42.2757975]]],[[[-83.7373438,42.2757988],[-83.7373438,42.2757981],[-83.7373428,42.2757981],[-83.7373429,42.2757988],[-83.7373438,42.2757988]]],[[[-83.7374197,42.2757938],[-83.7374197,42.2757931],[-83.7374188,42.2757931],[-83.7374188,42.2757938],[-83.7374197,42.2757938]]],[[[-83.7374196,42.275792],[-83.7374196,42.2757914],[-83.7374187,42.2757914],[-83.7374187,42.2757921],[-83.7374196,42.275792]]],[[[-83.7373412,42.27579],[-83.7373412,42.2757893],[-83.7373403,42.2757893],[-83.7373403,42.27579],[-83.7373412,42.27579]]],[[[-83.7374195,42.2757883],[-83.7374195,42.2757876],[-83.7374186,42.2757876],[-83.7374186,42.2757883],[-83.7374195,42.2757883]]],[[[-83.7373402,42.2757883],[-83.7373402,42.2757876],[-83.7373393,42.2757876],[-83.7373393,42.2757883],[-83.7373402,42.2757883]]],[[[-83.7374195,42.2757866],[-83.7374195,42.2757859],[-83.7374185,42.2757859],[-83.7374186,42.2757866],[-83.7374195,42.2757866]]],[[[-83.7373393,42.2757866],[-83.7373392,42.2757859],[-83.7373383,42.2757859],[-83.7373383,42.2757866],[-83.7373393,42.2757866]]],[[[-83.7372097,42.2757874],[-83.7372097,42.2757871],[-83.7372079,42.2757871],[-83.7372079,42.2757874],[-83.7372097,42.2757874]]],[[[-83.7373383,42.2757849],[-83.7373383,42.2757842],[-83.7373373,42.2757842],[-83.7373374,42.2757849],[-83.7373383,42.2757849]]],[[[-83.7372106,42.2757867],[-83.7372106,42.2757854],[-83.7372101,42.2757854],[-83.7372101,42.2757867],[-83.7372106,42.2757867]]],[[[-83.7374194,42.2757828],[-83.7374193,42.2757822],[-83.7374184,42.2757822],[-83.7374184,42.2757829],[-83.7374194,42.2757828]]],[[[-83.7373373,42.2757832],[-83.7373368,42.2757825],[-83.7373364,42.2757825],[-83.7373364,42.2757836],[-83.7373373,42.2757832]]],[[[-83.7372096,42.275785],[-83.7372096,42.2757847],[-83.7372078,42.2757847],[-83.7372078,42.2757851],[-83.7372096,42.275785]]],[[[-83.7374193,42.2757811],[-83.7374193,42.2757805],[-83.7374184,42.2757805],[-83.7374184,42.2757812],[-83.7374193,42.2757811]]],[[[-83.7374192,42.2757774],[-83.7374192,42.2757767],[-83.7374183,42.2757767],[-83.7374183,42.2757774],[-83.7374192,42.2757774]]],[[[-83.7374191,42.2757757],[-83.7374191,42.275775],[-83.7374182,42.275775],[-83.7374182,42.2757757],[-83.7374191,42.2757757]]],[[[-83.7373302,42.2757758],[-83.7373301,42.2757751],[-83.7373292,42.2757752],[-83.7373292,42.2757758],[-83.7373302,42.2757758]]],[[[-83.7373165,42.2757522],[-83.7373165,42.2757515],[-83.7373156,42.2757515],[-83.7373156,42.2757522],[-83.7373165,42.2757522]]],[[[-83.7373142,42.2757522],[-83.7373142,42.2757515],[-83.7373133,42.2757515],[-83.7373133,42.2757522],[-83.7373142,42.2757522]]],[[[-83.7373091,42.2757523],[-83.7373091,42.2757516],[-83.7373082,42.2757516],[-83.7373082,42.2757523],[-83.7373091,42.2757523]]],[[[-83.7373068,42.2757523],[-83.7373068,42.2757516],[-83.7373059,42.2757517],[-83.7373059,42.2757523],[-83.7373068,42.2757523]]],[[[-83.7373018,42.2757524],[-83.7373017,42.2757517],[-83.7373008,42.2757518],[-83.7373008,42.2757524],[-83.7373018,42.2757524]]],[[[-83.7372995,42.2757525],[-83.7372994,42.2757518],[-83.7372985,42.2757518],[-83.7372985,42.2757525],[-83.7372995,42.2757525]]],[[[-83.7372944,42.2757525],[-83.7372944,42.2757519],[-83.7372934,42.2757519],[-83.7372935,42.2757526],[-83.7372944,42.2757525]]],[[[-83.7372921,42.2757526],[-83.7372921,42.2757519],[-83.7372911,42.2757519],[-83.7372912,42.2757526],[-83.7372921,42.2757526]]],[[[-83.737287,42.2757527],[-83.737287,42.275752],[-83.7372861,42.275752],[-83.7372861,42.2757527],[-83.737287,42.2757527]]],[[[-83.7372847,42.2757527],[-83.7372847,42.275752],[-83.7372838,42.275752],[-83.7372838,42.2757527],[-83.7372847,42.2757527]]],[[[-83.7372796,42.2757528],[-83.7372796,42.2757521],[-83.7372787,42.2757521],[-83.7372787,42.2757528],[-83.7372796,42.2757528]]],[[[-83.7372773,42.2757528],[-83.7372773,42.2757521],[-83.7372764,42.2757522],[-83.7372764,42.2757528],[-83.7372773,42.2757528]]],[[[-83.7372723,42.2757529],[-83.7372722,42.2757522],[-83.7372713,42.2757523],[-83.7372713,42.2757529],[-83.7372723,42.2757529]]],[[[-83.73727,42.275753],[-83.7372699,42.2757523],[-83.737269,42.2757523],[-83.737269,42.275753],[-83.73727,42.275753]]],[[[-83.7372649,42.275753],[-83.7372649,42.2757524],[-83.737264,42.2757524],[-83.737264,42.2757531],[-83.7372649,42.275753]]],[[[-83.7372626,42.2757531],[-83.7372626,42.2757524],[-83.7372617,42.2757524],[-83.7372617,42.2757531],[-83.7372626,42.2757531]]],[[[-83.7372575,42.2757532],[-83.7372575,42.2757525],[-83.7372566,42.2757525],[-83.7372566,42.2757532],[-83.7372575,42.2757532]]],[[[-83.7372552,42.2757532],[-83.7372552,42.2757525],[-83.7372543,42.2757525],[-83.7372543,42.2757532],[-83.7372552,42.2757532]]],[[[-83.7372501,42.2757533],[-83.7372501,42.2757526],[-83.7372492,42.2757526],[-83.7372492,42.2757533],[-83.7372501,42.2757533]]],[[[-83.7372478,42.2757533],[-83.7372478,42.2757526],[-83.7372469,42.2757527],[-83.7372469,42.2757533],[-83.7372478,42.2757533]]],[[[-83.7372428,42.2757534],[-83.7372428,42.2757527],[-83.7372418,42.2757527],[-83.7372419,42.2757534],[-83.7372428,42.2757534]]],[[[-83.7372405,42.2757535],[-83.7372405,42.2757528],[-83.7372395,42.2757528],[-83.7372395,42.2757535],[-83.7372405,42.2757535]]],[[[-83.7372354,42.2757535],[-83.7372354,42.2757529],[-83.7372345,42.2757529],[-83.7372345,42.2757536],[-83.7372354,42.2757535]]],[[[-83.7372331,42.2757536],[-83.7372331,42.2757529],[-83.7372322,42.2757529],[-83.7372322,42.2757536],[-83.7372331,42.2757536]]],[[[-83.737228,42.2757537],[-83.737228,42.275753],[-83.7372271,42.275753],[-83.7372271,42.2757537],[-83.737228,42.2757537]]],[[[-83.7372257,42.2757537],[-83.7372257,42.275753],[-83.7372248,42.275753],[-83.7372248,42.2757537],[-83.7372257,42.2757537]]],[[[-83.7372207,42.2757538],[-83.7372206,42.2757531],[-83.7372197,42.2757531],[-83.7372197,42.2757538],[-83.7372207,42.2757538]]],[[[-83.7372184,42.2757538],[-83.7372183,42.2757531],[-83.7372174,42.2757532],[-83.7372174,42.2757538],[-83.7372184,42.2757538]]],[[[-83.7372133,42.2757539],[-83.7372133,42.2757532],[-83.7372123,42.2757532],[-83.7372124,42.2757539],[-83.7372133,42.2757539]]],[[[-83.737211,42.275754],[-83.737211,42.2757533],[-83.73721,42.2757533],[-83.7372101,42.275754],[-83.737211,42.275754]]],[[[-83.7372059,42.275754],[-83.7372059,42.2757534],[-83.737205,42.2757534],[-83.737205,42.2757541],[-83.7372059,42.275754]]],[[[-83.7372036,42.2757541],[-83.7372036,42.2757534],[-83.7372027,42.2757534],[-83.7372027,42.2757541],[-83.7372036,42.2757541]]],[[[-83.7371985,42.2757542],[-83.7371985,42.2757535],[-83.7371976,42.2757535],[-83.7371976,42.2757542],[-83.7371985,42.2757542]]],[[[-83.7371962,42.2757542],[-83.7371962,42.2757535],[-83.7371953,42.2757535],[-83.7371953,42.2757542],[-83.7371962,42.2757542]]],[[[-83.7371912,42.2757543],[-83.7371911,42.2757536],[-83.7371902,42.2757536],[-83.7371902,42.2757543],[-83.7371912,42.2757543]]],[[[-83.7370866,42.2757428],[-83.7370866,42.2757421],[-83.7370856,42.2757421],[-83.7370857,42.2757428],[-83.7370866,42.2757428]]],[[[-83.7369814,42.2757425],[-83.7369814,42.2757418],[-83.7369805,42.2757418],[-83.7369805,42.2757425],[-83.7369814,42.2757425]]],[[[-83.7371936,42.275728],[-83.7371936,42.2757276],[-83.7371917,42.2757277],[-83.7371917,42.275728],[-83.7371936,42.275728]]],[[[-83.7371968,42.2757126],[-83.7371968,42.2757122],[-83.7371949,42.2757123],[-83.7371949,42.2757126],[-83.7371968,42.2757126]]],[[[-83.7370581,42.2757149],[-83.7370581,42.2757146],[-83.7370562,42.2757146],[-83.7370562,42.2757149],[-83.7370581,42.2757149]]],[[[-83.737059,42.2757142],[-83.7370589,42.2757129],[-83.7370585,42.2757129],[-83.7370585,42.2757142],[-83.737059,42.2757142]]],[[[-83.7371972,42.2757102],[-83.7371972,42.2757098],[-83.7371953,42.2757099],[-83.7371953,42.2757102],[-83.7371972,42.2757102]]],[[[-83.737058,42.2757125],[-83.737058,42.2757122],[-83.7370561,42.2757122],[-83.7370561,42.2757126],[-83.737058,42.2757125]]],[[[-83.7371917,42.275698],[-83.7371917,42.2756966],[-83.7371912,42.2756966],[-83.7371913,42.275698],[-83.7371917,42.275698]]],[[[-83.7372934,42.2756611],[-83.7372934,42.2756604],[-83.7372925,42.2756605],[-83.7372925,42.2756611],[-83.7372934,42.2756611]]],[[[-83.7372911,42.2756612],[-83.7372911,42.2756605],[-83.7372902,42.2756605],[-83.7372902,42.2756612],[-83.7372911,42.2756612]]],[[[-83.737286,42.2756612],[-83.737286,42.2756606],[-83.7372851,42.2756606],[-83.7372851,42.2756613],[-83.737286,42.2756612]]],[[[-83.7372837,42.2756613],[-83.7372837,42.2756606],[-83.7372828,42.2756606],[-83.7372828,42.2756613],[-83.7372837,42.2756613]]],[[[-83.7372787,42.2756614],[-83.7372786,42.2756607],[-83.7372777,42.2756607],[-83.7372777,42.2756614],[-83.7372787,42.2756614]]],[[[-83.7372764,42.2756614],[-83.7372763,42.2756607],[-83.7372754,42.2756607],[-83.7372754,42.2756614],[-83.7372764,42.2756614]]],[[[-83.7372713,42.2756615],[-83.7372713,42.2756608],[-83.7372703,42.2756608],[-83.7372704,42.2756615],[-83.7372713,42.2756615]]],[[[-83.737269,42.2756615],[-83.737269,42.2756609],[-83.737268,42.2756609],[-83.7372681,42.2756615],[-83.737269,42.2756615]]],[[[-83.7372639,42.2756616],[-83.7372639,42.2756609],[-83.737263,42.275661],[-83.737263,42.2756616],[-83.7372639,42.2756616]]],[[[-83.7372616,42.2756617],[-83.7372616,42.275661],[-83.7372607,42.275661],[-83.7372607,42.2756617],[-83.7372616,42.2756617]]],[[[-83.7372565,42.2756617],[-83.7372565,42.2756611],[-83.7372556,42.2756611],[-83.7372556,42.2756618],[-83.7372565,42.2756617]]],[[[-83.7372542,42.2756618],[-83.7372542,42.2756611],[-83.7372533,42.2756611],[-83.7372533,42.2756618],[-83.7372542,42.2756618]]],[[[-83.7372492,42.2756619],[-83.7372491,42.2756612],[-83.7372482,42.2756612],[-83.7372482,42.2756619],[-83.7372492,42.2756619]]],[[[-83.7372469,42.2756619],[-83.7372468,42.2756612],[-83.7372459,42.2756612],[-83.7372459,42.2756619],[-83.7372469,42.2756619]]],[[[-83.7372418,42.275662],[-83.7372418,42.2756613],[-83.7372408,42.2756613],[-83.7372409,42.275662],[-83.7372418,42.275662]]],[[[-83.7372395,42.275662],[-83.7372395,42.2756613],[-83.7372385,42.2756614],[-83.7372386,42.275662],[-83.7372395,42.275662]]],[[[-83.7372344,42.2756621],[-83.7372344,42.2756614],[-83.7372335,42.2756615],[-83.7372335,42.2756621],[-83.7372344,42.2756621]]],[[[-83.7372321,42.2756622],[-83.7372321,42.2756615],[-83.7372312,42.2756615],[-83.7372312,42.2756622],[-83.7372321,42.2756622]]],[[[-83.737227,42.2756622],[-83.737227,42.2756616],[-83.7372261,42.2756616],[-83.7372261,42.2756623],[-83.737227,42.2756622]]],[[[-83.7372247,42.2756623],[-83.7372247,42.2756616],[-83.7372238,42.2756616],[-83.7372238,42.2756623],[-83.7372247,42.2756623]]],[[[-83.7371021,42.2756644],[-83.7371021,42.2756637],[-83.7371012,42.2756637],[-83.7371012,42.2756644],[-83.7371021,42.2756644]]],[[[-83.7370998,42.2756644],[-83.7370998,42.2756637],[-83.7370989,42.2756637],[-83.7370989,42.2756644],[-83.7370998,42.2756644]]],[[[-83.7370948,42.2756645],[-83.7370948,42.2756638],[-83.7370938,42.2756638],[-83.7370939,42.2756645],[-83.7370948,42.2756645]]],[[[-83.7370925,42.2756645],[-83.7370924,42.2756638],[-83.7370915,42.2756639],[-83.7370915,42.2756645],[-83.7370925,42.2756645]]],[[[-83.7370874,42.2756646],[-83.7370874,42.2756639],[-83.7370865,42.2756639],[-83.7370865,42.2756646],[-83.7370874,42.2756646]]],[[[-83.7370851,42.2756646],[-83.7370851,42.275664],[-83.7370842,42.275664],[-83.7370842,42.2756647],[-83.7370851,42.2756646]]],[[[-83.73708,42.2756647],[-83.73708,42.275664],[-83.7370791,42.2756641],[-83.7370791,42.2756647],[-83.73708,42.2756647]]],[[[-83.7370777,42.2756648],[-83.7370777,42.2756641],[-83.7370768,42.2756641],[-83.7370768,42.2756648],[-83.7370777,42.2756648]]],[[[-83.7370727,42.2756649],[-83.7370726,42.2756642],[-83.7370717,42.2756642],[-83.7370717,42.2756649],[-83.7370727,42.2756649]]],[[[-83.7370703,42.2756649],[-83.7370703,42.2756642],[-83.7370694,42.2756642],[-83.7370694,42.2756649],[-83.7370703,42.2756649]]],[[[-83.7370653,42.275665],[-83.7370653,42.2756643],[-83.7370643,42.2756643],[-83.7370644,42.275665],[-83.7370653,42.275665]]],[[[-83.737063,42.275665],[-83.737063,42.2756643],[-83.737062,42.2756644],[-83.7370621,42.275665],[-83.737063,42.275665]]],[[[-83.7370579,42.2756651],[-83.7370579,42.2756644],[-83.737057,42.2756644],[-83.737057,42.2756651],[-83.7370579,42.2756651]]],[[[-83.7370556,42.2756651],[-83.7370556,42.2756645],[-83.7370547,42.2756645],[-83.7370547,42.2756652],[-83.7370556,42.2756651]]],[[[-83.7370505,42.2756652],[-83.7370505,42.2756645],[-83.7370496,42.2756646],[-83.7370496,42.2756652],[-83.7370505,42.2756652]]],[[[-83.7370482,42.2756653],[-83.7370482,42.2756646],[-83.7370473,42.2756646],[-83.7370473,42.2756653],[-83.7370482,42.2756653]]],[[[-83.7370432,42.2756654],[-83.7370431,42.2756647],[-83.7370422,42.2756647],[-83.7370422,42.2756654],[-83.7370432,42.2756654]]],[[[-83.7370409,42.2756654],[-83.7370408,42.2756647],[-83.7370399,42.2756647],[-83.7370399,42.2756654],[-83.7370409,42.2756654]]],[[[-83.7371835,42.2756558],[-83.7371835,42.2756555],[-83.7371816,42.2756555],[-83.7371817,42.2756558],[-83.7371835,42.2756558]]],[[[-83.7371844,42.2756551],[-83.7371844,42.2756538],[-83.7371839,42.2756538],[-83.7371839,42.2756551],[-83.7371844,42.2756551]]],[[[-83.7371834,42.2756534],[-83.7371834,42.2756531],[-83.7371816,42.2756531],[-83.7371816,42.2756535],[-83.7371834,42.2756534]]],[[[-83.7372943,42.2756447],[-83.7372943,42.275644],[-83.7372933,42.2756441],[-83.7372934,42.2756447],[-83.7372943,42.2756447]]],[[[-83.737292,42.2756448],[-83.737292,42.2756441],[-83.737291,42.2756441],[-83.7372911,42.2756448],[-83.737292,42.2756448]]],[[[-83.7372869,42.2756449],[-83.7372869,42.2756442],[-83.737286,42.2756442],[-83.737286,42.2756449],[-83.7372869,42.2756449]]],[[[-83.7372846,42.2756449],[-83.7372846,42.2756442],[-83.7372837,42.2756442],[-83.7372837,42.2756449],[-83.7372846,42.2756449]]],[[[-83.7372795,42.275645],[-83.7372795,42.2756443],[-83.7372786,42.2756443],[-83.7372786,42.275645],[-83.7372795,42.275645]]],[[[-83.7372772,42.275645],[-83.7372772,42.2756443],[-83.7372763,42.2756443],[-83.7372763,42.275645],[-83.7372772,42.275645]]],[[[-83.7372722,42.2756451],[-83.7372721,42.2756444],[-83.7372712,42.2756444],[-83.7372712,42.2756451],[-83.7372722,42.2756451]]],[[[-83.7372699,42.2756451],[-83.7372698,42.2756445],[-83.7372689,42.2756445],[-83.7372689,42.2756452],[-83.7372699,42.2756451]]],[[[-83.7372648,42.2756452],[-83.7372648,42.2756445],[-83.7372638,42.2756446],[-83.7372639,42.2756452],[-83.7372648,42.2756452]]],[[[-83.7372625,42.2756453],[-83.7372625,42.2756446],[-83.7372615,42.2756446],[-83.7372616,42.2756453],[-83.7372625,42.2756453]]],[[[-83.7372574,42.2756454],[-83.7372574,42.2756447],[-83.7372565,42.2756447],[-83.7372565,42.2756454],[-83.7372574,42.2756454]]],[[[-83.7372551,42.2756454],[-83.7372551,42.2756447],[-83.7372542,42.2756447],[-83.7372542,42.2756454],[-83.7372551,42.2756454]]],[[[-83.73725,42.2756455],[-83.73725,42.2756448],[-83.7372491,42.2756448],[-83.7372491,42.2756455],[-83.73725,42.2756455]]],[[[-83.7372477,42.2756455],[-83.7372477,42.2756448],[-83.7372468,42.2756448],[-83.7372468,42.2756455],[-83.7372477,42.2756455]]],[[[-83.7372427,42.2756456],[-83.7372426,42.2756449],[-83.7372417,42.2756449],[-83.7372417,42.2756456],[-83.7372427,42.2756456]]],[[[-83.7372404,42.2756456],[-83.7372403,42.275645],[-83.7372394,42.275645],[-83.7372394,42.2756457],[-83.7372404,42.2756456]]],[[[-83.7372353,42.2756457],[-83.7372353,42.275645],[-83.7372343,42.2756451],[-83.7372344,42.2756457],[-83.7372353,42.2756457]]],[[[-83.737233,42.2756458],[-83.737233,42.2756451],[-83.737232,42.2756451],[-83.7372321,42.2756458],[-83.737233,42.2756458]]],[[[-83.7372279,42.2756459],[-83.7372279,42.2756452],[-83.737227,42.2756452],[-83.737227,42.2756459],[-83.7372279,42.2756459]]],[[[-83.7372256,42.2756459],[-83.7372256,42.2756452],[-83.7372247,42.2756452],[-83.7372247,42.2756459],[-83.7372256,42.2756459]]],[[[-83.7372205,42.275646],[-83.7372205,42.2756453],[-83.7372196,42.2756453],[-83.7372196,42.275646],[-83.7372205,42.275646]]],[[[-83.7372182,42.275646],[-83.7372182,42.2756453],[-83.7372173,42.2756453],[-83.7372173,42.275646],[-83.7372182,42.275646]]],[[[-83.7372132,42.2756461],[-83.7372131,42.2756454],[-83.7372122,42.2756454],[-83.7372122,42.2756461],[-83.7372132,42.2756461]]],[[[-83.7372109,42.2756461],[-83.7372108,42.2756455],[-83.7372099,42.2756455],[-83.7372099,42.2756462],[-83.7372109,42.2756461]]],[[[-83.7372058,42.2756462],[-83.7372058,42.2756455],[-83.7372049,42.2756456],[-83.7372049,42.2756462],[-83.7372058,42.2756462]]],[[[-83.7372035,42.2756463],[-83.7372035,42.2756456],[-83.7372025,42.2756456],[-83.7372026,42.2756463],[-83.7372035,42.2756463]]],[[[-83.7371984,42.2756463],[-83.7371984,42.2756457],[-83.7371975,42.2756457],[-83.7371975,42.2756464],[-83.7371984,42.2756463]]],[[[-83.7371961,42.2756464],[-83.7371961,42.2756457],[-83.7371952,42.2756457],[-83.7371952,42.2756464],[-83.7371961,42.2756464]]],[[[-83.737191,42.2756465],[-83.737191,42.2756458],[-83.7371901,42.2756458],[-83.7371901,42.2756465],[-83.737191,42.2756465]]],[[[-83.7371887,42.2756465],[-83.7371887,42.2756458],[-83.7371878,42.2756458],[-83.7371878,42.2756465],[-83.7371887,42.2756465]]],[[[-83.7371837,42.2756466],[-83.7371837,42.2756459],[-83.7371827,42.2756459],[-83.7371828,42.2756466],[-83.7371837,42.2756466]]],[[[-83.7371814,42.2756466],[-83.7371813,42.275646],[-83.7371804,42.275646],[-83.7371804,42.2756467],[-83.7371814,42.2756466]]],[[[-83.7371763,42.2756467],[-83.7371763,42.275646],[-83.7371754,42.2756461],[-83.7371754,42.2756467],[-83.7371763,42.2756467]]],[[[-83.737174,42.2756468],[-83.737174,42.2756461],[-83.7371731,42.2756461],[-83.7371731,42.2756468],[-83.737174,42.2756468]]],[[[-83.7371689,42.2756468],[-83.7371689,42.2756462],[-83.737168,42.2756462],[-83.737168,42.2756469],[-83.7371689,42.2756468]]],[[[-83.7371666,42.2756469],[-83.7371666,42.2756462],[-83.7371657,42.2756462],[-83.7371657,42.2756469],[-83.7371666,42.2756469]]],[[[-83.7371616,42.275647],[-83.7371615,42.2756463],[-83.7371606,42.2756463],[-83.7371606,42.275647],[-83.7371616,42.275647]]],[[[-83.7371592,42.275647],[-83.7371592,42.2756463],[-83.7371583,42.2756463],[-83.7371583,42.275647],[-83.7371592,42.275647]]],[[[-83.7371542,42.2756471],[-83.7371542,42.2756464],[-83.7371532,42.2756464],[-83.7371533,42.2756471],[-83.7371542,42.2756471]]],[[[-83.7371519,42.2756471],[-83.7371519,42.2756465],[-83.7371509,42.2756465],[-83.737151,42.2756472],[-83.7371519,42.2756471]]],[[[-83.7371468,42.2756472],[-83.7371468,42.2756465],[-83.7371459,42.2756466],[-83.7371459,42.2756472],[-83.7371468,42.2756472]]],[[[-83.7371445,42.2756473],[-83.7371445,42.2756466],[-83.7371436,42.2756466],[-83.7371436,42.2756473],[-83.7371445,42.2756473]]],[[[-83.7371394,42.2756473],[-83.7371394,42.2756467],[-83.7371385,42.2756467],[-83.7371385,42.2756474],[-83.7371394,42.2756473]]],[[[-83.7371371,42.2756474],[-83.7371371,42.2756467],[-83.7371362,42.2756467],[-83.7371362,42.2756474],[-83.7371371,42.2756474]]],[[[-83.7371321,42.2756475],[-83.737132,42.2756468],[-83.7371311,42.2756468],[-83.7371311,42.2756475],[-83.7371321,42.2756475]]],[[[-83.7371298,42.2756475],[-83.7371297,42.2756468],[-83.7371288,42.2756468],[-83.7371288,42.2756475],[-83.7371298,42.2756475]]],[[[-83.7371076,42.2756479],[-83.7371076,42.2756472],[-83.7371067,42.2756472],[-83.7371067,42.2756479],[-83.7371076,42.2756479]]],[[[-83.7371026,42.275648],[-83.7371025,42.2756473],[-83.7371016,42.2756473],[-83.7371016,42.275648],[-83.7371026,42.275648]]],[[[-83.7371003,42.275648],[-83.7371002,42.2756473],[-83.7370993,42.2756473],[-83.7370993,42.275648],[-83.7371003,42.275648]]],[[[-83.7370952,42.2756481],[-83.7370952,42.2756474],[-83.7370942,42.2756474],[-83.7370943,42.2756481],[-83.7370952,42.2756481]]],[[[-83.7370929,42.2756481],[-83.7370929,42.2756475],[-83.7370919,42.2756475],[-83.737092,42.2756482],[-83.7370929,42.2756481]]],[[[-83.7370878,42.2756482],[-83.7370878,42.2756475],[-83.7370869,42.2756476],[-83.7370869,42.2756482],[-83.7370878,42.2756482]]],[[[-83.7370855,42.2756483],[-83.7370855,42.2756476],[-83.7370846,42.2756476],[-83.7370846,42.2756483],[-83.7370855,42.2756483]]],[[[-83.7370804,42.2756483],[-83.7370804,42.2756477],[-83.7370795,42.2756477],[-83.7370795,42.2756484],[-83.7370804,42.2756483]]],[[[-83.7370781,42.2756484],[-83.7370781,42.2756477],[-83.7370772,42.2756477],[-83.7370772,42.2756484],[-83.7370781,42.2756484]]],[[[-83.7370731,42.2756485],[-83.737073,42.2756478],[-83.7370721,42.2756478],[-83.7370721,42.2756485],[-83.7370731,42.2756485]]],[[[-83.7370708,42.2756485],[-83.7370707,42.2756478],[-83.7370698,42.2756478],[-83.7370698,42.2756485],[-83.7370708,42.2756485]]],[[[-83.7370657,42.2756486],[-83.7370657,42.2756479],[-83.7370647,42.2756479],[-83.7370648,42.2756486],[-83.7370657,42.2756486]]],[[[-83.7370634,42.2756486],[-83.7370634,42.275648],[-83.7370624,42.275648],[-83.7370625,42.2756486],[-83.7370634,42.2756486]]],[[[-83.7370583,42.2756487],[-83.7370583,42.275648],[-83.7370574,42.2756481],[-83.7370574,42.2756487],[-83.7370583,42.2756487]]],[[[-83.737056,42.2756488],[-83.737056,42.2756481],[-83.7370551,42.2756481],[-83.7370551,42.2756488],[-83.737056,42.2756488]]],[[[-83.7370509,42.2756488],[-83.7370509,42.2756482],[-83.73705,42.2756482],[-83.73705,42.2756489],[-83.7370509,42.2756488]]],[[[-83.7370486,42.2756489],[-83.7370486,42.2756482],[-83.7370477,42.2756482],[-83.7370477,42.2756489],[-83.7370486,42.2756489]]],[[[-83.7370436,42.275649],[-83.7370435,42.2756483],[-83.7370426,42.2756483],[-83.7370426,42.275649],[-83.7370436,42.275649]]],[[[-83.7370407,42.275647],[-83.7370407,42.2756463],[-83.7370398,42.2756463],[-83.7370398,42.275647],[-83.7370407,42.275647]]],[[[-83.7370406,42.2756432],[-83.7370406,42.2756425],[-83.7370397,42.2756426],[-83.7370397,42.2756432],[-83.7370406,42.2756432]]],[[[-83.7370406,42.2756415],[-83.7370406,42.2756408],[-83.7370396,42.2756408],[-83.7370397,42.2756415],[-83.7370406,42.2756415]]],[[[-83.7370405,42.2756378],[-83.7370404,42.2756371],[-83.7370395,42.2756371],[-83.7370395,42.2756378],[-83.7370405,42.2756378]]],[[[-83.7370404,42.2756361],[-83.7370404,42.2756354],[-83.7370395,42.2756354],[-83.7370395,42.2756361],[-83.7370404,42.2756361]]],[[[-83.7370403,42.2756323],[-83.7370403,42.2756316],[-83.7370393,42.2756316],[-83.7370394,42.2756323],[-83.7370403,42.2756323]]],[[[-83.7373218,42.2756265],[-83.7373214,42.2756258],[-83.7373205,42.2756262],[-83.7373205,42.2756265],[-83.7373218,42.2756265]]],[[[-83.7370402,42.2756306],[-83.7370402,42.2756299],[-83.7370393,42.2756299],[-83.7370393,42.2756306],[-83.7370402,42.2756306]]],[[[-83.7370401,42.2756268],[-83.7370401,42.2756262],[-83.7370392,42.2756262],[-83.7370392,42.2756269],[-83.7370401,42.2756268]]],[[[-83.7370401,42.2756251],[-83.73704,42.2756245],[-83.7370391,42.2756245],[-83.7370391,42.2756252],[-83.7370401,42.2756251]]],[[[-83.7370399,42.2756214],[-83.7370399,42.2756207],[-83.737039,42.2756207],[-83.737039,42.2756214],[-83.7370399,42.2756214]]],[[[-83.7370399,42.2756197],[-83.7370399,42.275619],[-83.737039,42.275619],[-83.737039,42.2756197],[-83.7370399,42.2756197]]],[[[-83.7370398,42.2756159],[-83.7370398,42.2756153],[-83.7370388,42.2756153],[-83.7370389,42.275616],[-83.7370398,42.2756159]]],[[[-83.7370397,42.2756142],[-83.7370397,42.2756136],[-83.7370388,42.2756136],[-83.7370388,42.2756142],[-83.7370397,42.2756142]]],[[[-83.7370396,42.2756105],[-83.7370396,42.2756098],[-83.7370387,42.2756098],[-83.7370387,42.2756105],[-83.7370396,42.2756105]]],[[[-83.7370396,42.2756088],[-83.7370395,42.2756081],[-83.7370386,42.2756081],[-83.7370386,42.2756088],[-83.7370396,42.2756088]]],[[[-83.7370394,42.275605],[-83.7370394,42.2756043],[-83.7370385,42.2756044],[-83.7370385,42.275605],[-83.7370394,42.275605]]],[[[-83.7370394,42.2756033],[-83.7370394,42.2756026],[-83.7370384,42.2756027],[-83.7370385,42.2756033],[-83.7370394,42.2756033]]],[[[-83.7370393,42.2755996],[-83.7370393,42.2755989],[-83.7370383,42.2755989],[-83.7370384,42.2755996],[-83.7370393,42.2755996]]],[[[-83.7370392,42.2755979],[-83.7370392,42.2755972],[-83.7370383,42.2755972],[-83.7370383,42.2755979],[-83.7370392,42.2755979]]],[[[-83.7370391,42.2755941],[-83.7370391,42.2755934],[-83.7370382,42.2755934],[-83.7370382,42.2755941],[-83.7370391,42.2755941]]],[[[-83.7370391,42.2755924],[-83.737039,42.2755917],[-83.7370381,42.2755917],[-83.7370381,42.2755924],[-83.7370391,42.2755924]]],[[[-83.7370389,42.2755887],[-83.7370389,42.275588],[-83.737038,42.275588],[-83.737038,42.2755887],[-83.7370389,42.2755887]]],[[[-83.7370389,42.275587],[-83.7370389,42.2755863],[-83.7370379,42.2755863],[-83.737038,42.275587],[-83.7370389,42.275587]]],[[[-83.7370388,42.2755832],[-83.7370387,42.2755825],[-83.7370378,42.2755825],[-83.7370378,42.2755832],[-83.7370388,42.2755832]]],[[[-83.7370387,42.2755815],[-83.7370387,42.2755808],[-83.7370378,42.2755808],[-83.7370378,42.2755815],[-83.7370387,42.2755815]]],[[[-83.7370386,42.2755777],[-83.7370386,42.2755771],[-83.7370377,42.2755771],[-83.7370377,42.2755778],[-83.7370386,42.2755777]]],[[[-83.7370385,42.275576],[-83.7370385,42.2755754],[-83.7370376,42.2755754],[-83.7370376,42.2755761],[-83.7370385,42.275576]]],[[[-83.7370384,42.2755723],[-83.7370384,42.2755716],[-83.7370375,42.2755716],[-83.7370375,42.2755723],[-83.7370384,42.2755723]]],[[[-83.7370384,42.2755706],[-83.7370384,42.2755699],[-83.7370374,42.2755699],[-83.7370375,42.2755706],[-83.7370384,42.2755706]]],[[[-83.7370383,42.2755668],[-83.7370382,42.2755661],[-83.7370373,42.2755662],[-83.7370373,42.2755668],[-83.7370383,42.2755668]]],[[[-83.7370382,42.2755651],[-83.7370382,42.2755644],[-83.7370373,42.2755645],[-83.7370373,42.2755651],[-83.7370382,42.2755651]]],[[[-83.7370381,42.2755614],[-83.7370381,42.2755607],[-83.7370371,42.2755607],[-83.7370372,42.2755614],[-83.7370381,42.2755614]]],[[[-83.737038,42.2755597],[-83.737038,42.275559],[-83.7370371,42.275559],[-83.7370371,42.2755597],[-83.737038,42.2755597]]],[[[-83.7370379,42.2755559],[-83.7370379,42.2755552],[-83.737037,42.2755553],[-83.737037,42.2755559],[-83.7370379,42.2755559]]],[[[-83.7370379,42.2755542],[-83.7370378,42.2755535],[-83.7370369,42.2755535],[-83.7370369,42.2755542],[-83.7370379,42.2755542]]],[[[-83.7370378,42.2755505],[-83.7370377,42.2755498],[-83.7370368,42.2755498],[-83.7370368,42.2755505],[-83.7370378,42.2755505]]],[[[-83.7370377,42.2755488],[-83.7370377,42.2755481],[-83.7370368,42.2755481],[-83.7370368,42.2755488],[-83.7370377,42.2755488]]],[[[-83.7370376,42.275545],[-83.7370376,42.2755443],[-83.7370366,42.2755443],[-83.7370367,42.275545],[-83.7370376,42.275545]]],[[[-83.7370375,42.2755433],[-83.7370375,42.2755426],[-83.7370366,42.2755426],[-83.7370366,42.2755433],[-83.7370375,42.2755433]]],[[[-83.7370374,42.2755395],[-83.7370374,42.2755389],[-83.7370365,42.2755389],[-83.7370365,42.2755396],[-83.7370374,42.2755395]]],[[[-83.7371797,42.2755317],[-83.7371796,42.2755313],[-83.7371778,42.2755314],[-83.7371778,42.2755317],[-83.7371797,42.2755317]]],[[[-83.7371806,42.275531],[-83.7371805,42.2755296],[-83.7371801,42.2755296],[-83.7371801,42.275531],[-83.7371806,42.275531]]],[[[-83.7371796,42.2755293],[-83.7371796,42.275529],[-83.7371777,42.275529],[-83.7371777,42.2755293],[-83.7371796,42.2755293]]],[[[-83.7370618,42.2755234],[-83.7370618,42.2755228],[-83.7370609,42.2755228],[-83.7370609,42.2755235],[-83.7370618,42.2755234]]],[[[-83.7370369,42.2755239],[-83.7370369,42.2755232],[-83.737036,42.2755232],[-83.737036,42.2755239],[-83.7370369,42.2755239]]],[[[-83.7370618,42.2755217],[-83.7370617,42.2755211],[-83.7370608,42.2755211],[-83.7370608,42.2755218],[-83.7370618,42.2755217]]],[[[-83.7370369,42.2755222],[-83.7370369,42.2755215],[-83.7370359,42.2755215],[-83.737036,42.2755222],[-83.7370369,42.2755222]]],[[[-83.7370616,42.275518],[-83.7370616,42.2755173],[-83.7370607,42.2755173],[-83.7370607,42.275518],[-83.7370616,42.275518]]],[[[-83.7370368,42.2755184],[-83.7370367,42.2755177],[-83.7370358,42.2755177],[-83.7370358,42.2755184],[-83.7370368,42.2755184]]],[[[-83.7370616,42.2755163],[-83.7370616,42.2755156],[-83.7370607,42.2755156],[-83.7370607,42.2755163],[-83.7370616,42.2755163]]],[[[-83.7370367,42.2755167],[-83.7370367,42.275516],[-83.7370358,42.275516],[-83.7370358,42.2755167],[-83.7370367,42.2755167]]],[[[-83.7370615,42.2755125],[-83.7370615,42.2755118],[-83.7370605,42.2755119],[-83.7370606,42.2755125],[-83.7370615,42.2755125]]],[[[-83.7370366,42.2755129],[-83.7370366,42.2755123],[-83.7370356,42.2755123],[-83.7370357,42.275513],[-83.7370366,42.2755129]]],[[[-83.7370614,42.2755108],[-83.7370614,42.2755101],[-83.7370605,42.2755102],[-83.7370605,42.2755108],[-83.7370614,42.2755108]]],[[[-83.7370365,42.2755112],[-83.7370365,42.2755106],[-83.7370356,42.2755106],[-83.7370356,42.2755113],[-83.7370365,42.2755112]]],[[[-83.7370613,42.2755071],[-83.7370613,42.2755064],[-83.7370604,42.2755064],[-83.7370604,42.2755071],[-83.7370613,42.2755071]]],[[[-83.7370364,42.2755075],[-83.7370364,42.2755068],[-83.7370355,42.2755068],[-83.7370355,42.2755075],[-83.7370364,42.2755075]]],[[[-83.7370613,42.2755054],[-83.7370612,42.2755047],[-83.7370603,42.2755047],[-83.7370603,42.2755054],[-83.7370613,42.2755054]]],[[[-83.7370364,42.2755058],[-83.7370363,42.2755051],[-83.7370354,42.2755051],[-83.7370354,42.2755058],[-83.7370364,42.2755058]]],[[[-83.7370611,42.2755016],[-83.7370611,42.2755009],[-83.7370602,42.2755009],[-83.7370602,42.2755016],[-83.7370611,42.2755016]]],[[[-83.7370363,42.275502],[-83.7370362,42.2755014],[-83.7370353,42.2755014],[-83.7370353,42.2755021],[-83.7370363,42.275502]]],[[[-83.7370611,42.2754999],[-83.7370611,42.2754992],[-83.7370601,42.2754992],[-83.7370602,42.2754999],[-83.7370611,42.2754999]]],[[[-83.7370362,42.2755003],[-83.7370362,42.2754996],[-83.7370353,42.2754997],[-83.7370353,42.2755003],[-83.7370362,42.2755003]]],[[[-83.7370361,42.2754966],[-83.7370361,42.2754959],[-83.7370351,42.2754959],[-83.7370352,42.2754966],[-83.7370361,42.2754966]]],[[[-83.737036,42.2754949],[-83.737036,42.2754942],[-83.7370351,42.2754942],[-83.7370351,42.2754949],[-83.737036,42.2754949]]],[[[-83.7370608,42.2754907],[-83.7370608,42.27549],[-83.7370599,42.27549],[-83.7370599,42.2754907],[-83.7370608,42.2754907]]],[[[-83.7370359,42.2754911],[-83.7370359,42.2754904],[-83.737035,42.2754905],[-83.737035,42.2754911],[-83.7370359,42.2754911]]],[[[-83.7374479,42.2754828],[-83.7374479,42.2754821],[-83.7374469,42.2754821],[-83.737447,42.2754828],[-83.7374479,42.2754828]]],[[[-83.7374428,42.2754829],[-83.7374428,42.2754822],[-83.7374419,42.2754822],[-83.7374419,42.2754829],[-83.7374428,42.2754829]]],[[[-83.7374405,42.2754829],[-83.7374405,42.2754822],[-83.7374396,42.2754823],[-83.7374396,42.2754829],[-83.7374405,42.2754829]]],[[[-83.7374354,42.275483],[-83.7374354,42.2754823],[-83.7374345,42.2754823],[-83.7374345,42.275483],[-83.7374354,42.275483]]],[[[-83.7374331,42.275483],[-83.7374331,42.2754824],[-83.7374322,42.2754824],[-83.7374322,42.2754831],[-83.7374331,42.275483]]],[[[-83.7374281,42.2754831],[-83.737428,42.2754824],[-83.7374271,42.2754825],[-83.7374271,42.2754831],[-83.7374281,42.2754831]]],[[[-83.7374258,42.2754832],[-83.7374257,42.2754825],[-83.7374248,42.2754825],[-83.7374248,42.2754832],[-83.7374258,42.2754832]]],[[[-83.7374207,42.2754833],[-83.7374207,42.2754826],[-83.7374198,42.2754826],[-83.7374198,42.2754833],[-83.7374207,42.2754833]]],[[[-83.7374184,42.2754833],[-83.7374184,42.2754826],[-83.7374174,42.2754826],[-83.7374175,42.2754833],[-83.7374184,42.2754833]]],[[[-83.7374133,42.2754834],[-83.7374133,42.2754827],[-83.7374124,42.2754827],[-83.7374124,42.2754834],[-83.7374133,42.2754834]]],[[[-83.737411,42.2754834],[-83.737411,42.2754827],[-83.7374101,42.2754828],[-83.7374101,42.2754834],[-83.737411,42.2754834]]],[[[-83.7374059,42.2754835],[-83.7374059,42.2754828],[-83.737405,42.2754828],[-83.737405,42.2754835],[-83.7374059,42.2754835]]],[[[-83.7374036,42.2754835],[-83.7374036,42.2754829],[-83.7374027,42.2754829],[-83.7374027,42.2754836],[-83.7374036,42.2754835]]],[[[-83.7373986,42.2754836],[-83.7373986,42.2754829],[-83.7373976,42.275483],[-83.7373977,42.2754836],[-83.7373986,42.2754836]]],[[[-83.7373963,42.2754837],[-83.7373962,42.275483],[-83.7373953,42.275483],[-83.7373953,42.2754837],[-83.7373963,42.2754837]]],[[[-83.7373912,42.2754838],[-83.7373912,42.2754831],[-83.7373903,42.2754831],[-83.7373903,42.2754838],[-83.7373912,42.2754838]]],[[[-83.7373889,42.2754838],[-83.7373889,42.2754831],[-83.737388,42.2754831],[-83.737388,42.2754838],[-83.7373889,42.2754838]]],[[[-83.7373838,42.2754839],[-83.7373838,42.2754832],[-83.7373829,42.2754832],[-83.7373829,42.2754839],[-83.7373838,42.2754839]]],[[[-83.7373815,42.2754839],[-83.7373815,42.2754832],[-83.7373806,42.2754833],[-83.7373806,42.2754839],[-83.7373815,42.2754839]]],[[[-83.7373765,42.275484],[-83.7373764,42.2754833],[-83.7373755,42.2754833],[-83.7373755,42.275484],[-83.7373765,42.275484]]],[[[-83.7373741,42.275484],[-83.7373741,42.2754834],[-83.7373732,42.2754834],[-83.7373732,42.2754841],[-83.7373741,42.275484]]],[[[-83.7373691,42.2754841],[-83.7373691,42.2754834],[-83.7373681,42.2754835],[-83.7373682,42.2754841],[-83.7373691,42.2754841]]],[[[-83.7373668,42.2754842],[-83.7373668,42.2754835],[-83.7373658,42.2754835],[-83.7373659,42.2754842],[-83.7373668,42.2754842]]],[[[-83.7373617,42.2754843],[-83.7373617,42.2754836],[-83.7373608,42.2754836],[-83.7373608,42.2754843],[-83.7373617,42.2754843]]],[[[-83.7373594,42.2754843],[-83.7373594,42.2754836],[-83.7373585,42.2754836],[-83.7373585,42.2754843],[-83.7373594,42.2754843]]],[[[-83.7373543,42.2754844],[-83.7373543,42.2754837],[-83.7373534,42.2754837],[-83.7373534,42.2754844],[-83.7373543,42.2754844]]],[[[-83.737352,42.2754844],[-83.737352,42.2754837],[-83.7373511,42.2754837],[-83.7373511,42.2754844],[-83.737352,42.2754844]]],[[[-83.737347,42.2754845],[-83.7373469,42.2754838],[-83.737346,42.2754838],[-83.737346,42.2754845],[-83.737347,42.2754845]]],[[[-83.7373447,42.2754845],[-83.7373446,42.2754839],[-83.7373437,42.2754839],[-83.7373437,42.2754846],[-83.7373447,42.2754845]]],[[[-83.7373396,42.2754846],[-83.7373396,42.2754839],[-83.7373386,42.275484],[-83.7373387,42.2754846],[-83.7373396,42.2754846]]],[[[-83.7373373,42.2754847],[-83.7373373,42.275484],[-83.7373363,42.275484],[-83.7373364,42.2754847],[-83.7373373,42.2754847]]],[[[-83.7373322,42.2754848],[-83.7373322,42.2754841],[-83.7373313,42.2754841],[-83.7373313,42.2754848],[-83.7373322,42.2754848]]],[[[-83.7373299,42.2754848],[-83.7373299,42.2754841],[-83.737329,42.2754841],[-83.737329,42.2754848],[-83.7373299,42.2754848]]],[[[-83.7373248,42.2754849],[-83.7373248,42.2754842],[-83.7373239,42.2754842],[-83.7373239,42.2754849],[-83.7373248,42.2754849]]],[[[-83.7373225,42.2754849],[-83.7373225,42.2754842],[-83.7373216,42.2754842],[-83.7373216,42.2754849],[-83.7373225,42.2754849]]],[[[-83.7373175,42.275485],[-83.7373174,42.2754843],[-83.7373165,42.2754843],[-83.7373165,42.275485],[-83.7373175,42.275485]]],[[[-83.737034,42.2754898],[-83.737034,42.2754891],[-83.7370331,42.2754891],[-83.7370331,42.2754898],[-83.737034,42.2754898]]],[[[-83.7370317,42.2754898],[-83.7370317,42.2754891],[-83.7370308,42.2754892],[-83.7370308,42.2754898],[-83.7370317,42.2754898]]],[[[-83.7370267,42.2754899],[-83.7370266,42.2754892],[-83.7370257,42.2754892],[-83.7370257,42.2754899],[-83.7370267,42.2754899]]],[[[-83.7370244,42.27549],[-83.7370243,42.2754893],[-83.7370234,42.2754893],[-83.7370234,42.27549],[-83.7370244,42.27549]]],[[[-83.7370193,42.27549],[-83.7370193,42.2754894],[-83.7370183,42.2754894],[-83.7370184,42.2754901],[-83.7370193,42.27549]]],[[[-83.737017,42.2754901],[-83.737017,42.2754894],[-83.737016,42.2754894],[-83.7370161,42.2754901],[-83.737017,42.2754901]]],[[[-83.7370119,42.2754902],[-83.7370119,42.2754895],[-83.737011,42.2754895],[-83.737011,42.2754902],[-83.7370119,42.2754902]]],[[[-83.7370096,42.2754902],[-83.7370096,42.2754895],[-83.7370087,42.2754895],[-83.7370087,42.2754902],[-83.7370096,42.2754902]]],[[[-83.7370045,42.2754903],[-83.7370045,42.2754896],[-83.7370036,42.2754896],[-83.7370036,42.2754903],[-83.7370045,42.2754903]]],[[[-83.7370022,42.2754903],[-83.7370022,42.2754896],[-83.7370013,42.2754897],[-83.7370013,42.2754903],[-83.7370022,42.2754903]]],[[[-83.7369972,42.2754904],[-83.7369971,42.2754897],[-83.7369962,42.2754897],[-83.7369962,42.2754904],[-83.7369972,42.2754904]]],[[[-83.7369949,42.2754905],[-83.7369948,42.2754898],[-83.7369939,42.2754898],[-83.7369939,42.2754905],[-83.7369949,42.2754905]]],[[[-83.7369898,42.2754905],[-83.7369898,42.2754899],[-83.7369888,42.2754899],[-83.7369889,42.2754906],[-83.7369898,42.2754905]]],[[[-83.7369875,42.2754906],[-83.7369875,42.2754899],[-83.7369865,42.2754899],[-83.7369866,42.2754906],[-83.7369875,42.2754906]]],[[[-83.7369824,42.2754907],[-83.7369824,42.27549],[-83.7369815,42.27549],[-83.7369815,42.2754907],[-83.7369824,42.2754907]]],[[[-83.7369801,42.2754907],[-83.7369801,42.27549],[-83.7369792,42.27549],[-83.7369792,42.2754907],[-83.7369801,42.2754907]]],[[[-83.736975,42.2754908],[-83.736975,42.2754901],[-83.7369741,42.2754901],[-83.7369741,42.2754908],[-83.736975,42.2754908]]],[[[-83.7369727,42.2754908],[-83.7369727,42.2754901],[-83.7369718,42.2754902],[-83.7369718,42.2754908],[-83.7369727,42.2754908]]],[[[-83.7369677,42.2754909],[-83.7369676,42.2754902],[-83.7369667,42.2754902],[-83.7369667,42.2754909],[-83.7369677,42.2754909]]],[[[-83.7369654,42.275491],[-83.7369653,42.2754903],[-83.7369644,42.2754903],[-83.7369644,42.275491],[-83.7369654,42.275491]]],[[[-83.7369603,42.275491],[-83.7369603,42.2754904],[-83.7369593,42.2754904],[-83.7369594,42.2754911],[-83.7369603,42.275491]]],[[[-83.736958,42.2754911],[-83.736958,42.2754904],[-83.736957,42.2754904],[-83.7369571,42.2754911],[-83.736958,42.2754911]]],[[[-83.7369529,42.2754912],[-83.7369529,42.2754905],[-83.736952,42.2754905],[-83.736952,42.2754912],[-83.7369529,42.2754912]]],[[[-83.7369506,42.2754912],[-83.7369506,42.2754905],[-83.7369497,42.2754905],[-83.7369497,42.2754912],[-83.7369506,42.2754912]]],[[[-83.7369455,42.2754913],[-83.7369455,42.2754906],[-83.7369446,42.2754906],[-83.7369446,42.2754913],[-83.7369455,42.2754913]]],[[[-83.7369432,42.2754913],[-83.7369432,42.2754906],[-83.7369423,42.2754907],[-83.7369423,42.2754913],[-83.7369432,42.2754913]]],[[[-83.7369382,42.2754914],[-83.7369381,42.2754907],[-83.7369372,42.2754907],[-83.7369372,42.2754914],[-83.7369382,42.2754914]]],[[[-83.7369359,42.2754915],[-83.7369358,42.2754908],[-83.7369349,42.2754908],[-83.7369349,42.2754915],[-83.7369359,42.2754915]]],[[[-83.7369308,42.2754915],[-83.7369308,42.2754909],[-83.7369299,42.2754909],[-83.7369299,42.2754916],[-83.7369308,42.2754915]]],[[[-83.7369285,42.2754916],[-83.7369285,42.2754909],[-83.7369275,42.2754909],[-83.7369276,42.2754916],[-83.7369285,42.2754916]]],[[[-83.7369234,42.2754917],[-83.7369234,42.275491],[-83.7369225,42.275491],[-83.7369225,42.2754917],[-83.7369234,42.2754917]]],[[[-83.7369211,42.2754917],[-83.7369211,42.275491],[-83.7369202,42.275491],[-83.7369202,42.2754917],[-83.7369211,42.2754917]]],[[[-83.736916,42.2754918],[-83.736916,42.2754911],[-83.7369151,42.2754911],[-83.7369151,42.2754918],[-83.736916,42.2754918]]],[[[-83.7369137,42.2754918],[-83.7369137,42.2754911],[-83.7369128,42.2754912],[-83.7369128,42.2754918],[-83.7369137,42.2754918]]],[[[-83.7369087,42.2754919],[-83.7369086,42.2754912],[-83.7369077,42.2754912],[-83.7369077,42.2754919],[-83.7369087,42.2754919]]],[[[-83.7369064,42.2754919],[-83.7369063,42.2754913],[-83.7369054,42.2754913],[-83.7369054,42.275492],[-83.7369064,42.2754919]]],[[[-83.7370608,42.275489],[-83.7370607,42.2754883],[-83.7370598,42.2754883],[-83.7370598,42.275489],[-83.7370608,42.275489]]],[[[-83.7370606,42.2754852],[-83.7370606,42.2754846],[-83.7370597,42.2754846],[-83.7370597,42.2754853],[-83.7370606,42.2754852]]],[[[-83.7370606,42.2754835],[-83.7370606,42.2754829],[-83.7370596,42.2754829],[-83.7370597,42.2754836],[-83.7370606,42.2754835]]],[[[-83.7370605,42.2754798],[-83.7370604,42.2754791],[-83.7370595,42.2754791],[-83.7370595,42.2754798],[-83.7370605,42.2754798]]],[[[-83.7370604,42.2754781],[-83.7370604,42.2754774],[-83.7370595,42.2754774],[-83.7370595,42.2754781],[-83.7370604,42.2754781]]],[[[-83.7370603,42.2754743],[-83.7370603,42.2754737],[-83.7370594,42.2754737],[-83.7370594,42.2754743],[-83.7370603,42.2754743]]],[[[-83.7372916,42.2754691],[-83.7372916,42.2754684],[-83.7372907,42.2754684],[-83.7372907,42.2754691],[-83.7372916,42.2754691]]],[[[-83.7372893,42.2754691],[-83.7372893,42.2754684],[-83.7372884,42.2754684],[-83.7372884,42.2754691],[-83.7372893,42.2754691]]],[[[-83.7372842,42.2754692],[-83.7372842,42.2754685],[-83.7372833,42.2754685],[-83.7372833,42.2754692],[-83.7372842,42.2754692]]],[[[-83.7372819,42.2754692],[-83.7372819,42.2754685],[-83.737281,42.2754686],[-83.737281,42.2754692],[-83.7372819,42.2754692]]],[[[-83.7372769,42.2754693],[-83.7372768,42.2754686],[-83.7372759,42.2754686],[-83.7372759,42.2754693],[-83.7372769,42.2754693]]],[[[-83.7372746,42.2754693],[-83.7372745,42.2754687],[-83.7372736,42.2754687],[-83.7372736,42.2754694],[-83.7372746,42.2754693]]],[[[-83.7372695,42.2754694],[-83.7372695,42.2754688],[-83.7372685,42.2754688],[-83.7372686,42.2754694],[-83.7372695,42.2754694]]],[[[-83.7372672,42.2754695],[-83.7372672,42.2754688],[-83.7372662,42.2754688],[-83.7372663,42.2754695],[-83.7372672,42.2754695]]],[[[-83.7372621,42.2754696],[-83.7372621,42.2754689],[-83.7372612,42.2754689],[-83.7372612,42.2754696],[-83.7372621,42.2754696]]],[[[-83.7372598,42.2754696],[-83.7372598,42.2754689],[-83.7372589,42.2754689],[-83.7372589,42.2754696],[-83.7372598,42.2754696]]],[[[-83.7372547,42.2754697],[-83.7372547,42.275469],[-83.7372538,42.275469],[-83.7372538,42.2754697],[-83.7372547,42.2754697]]],[[[-83.7372524,42.2754697],[-83.7372524,42.275469],[-83.7372515,42.2754691],[-83.7372515,42.2754697],[-83.7372524,42.2754697]]],[[[-83.7372474,42.2754698],[-83.7372473,42.2754691],[-83.7372464,42.2754691],[-83.7372464,42.2754698],[-83.7372474,42.2754698]]],[[[-83.7372451,42.2754698],[-83.737245,42.2754692],[-83.7372441,42.2754692],[-83.7372441,42.2754699],[-83.7372451,42.2754698]]],[[[-83.73724,42.2754699],[-83.73724,42.2754693],[-83.737239,42.2754693],[-83.7372391,42.2754699],[-83.73724,42.2754699]]],[[[-83.7372377,42.27547],[-83.7372377,42.2754693],[-83.7372367,42.2754693],[-83.7372368,42.27547],[-83.7372377,42.27547]]],[[[-83.7372326,42.2754701],[-83.7372326,42.2754694],[-83.7372317,42.2754694],[-83.7372317,42.2754701],[-83.7372326,42.2754701]]],[[[-83.7372303,42.2754701],[-83.7372303,42.2754694],[-83.7372294,42.2754694],[-83.7372294,42.2754701],[-83.7372303,42.2754701]]],[[[-83.7372252,42.2754702],[-83.7372252,42.2754695],[-83.7372243,42.2754695],[-83.7372243,42.2754702],[-83.7372252,42.2754702]]],[[[-83.7372229,42.2754702],[-83.7372229,42.2754695],[-83.737222,42.2754696],[-83.737222,42.2754702],[-83.7372229,42.2754702]]],[[[-83.7372179,42.2754703],[-83.7372179,42.2754696],[-83.7372169,42.2754696],[-83.7372169,42.2754703],[-83.7372179,42.2754703]]],[[[-83.7372156,42.2754703],[-83.7372155,42.2754697],[-83.7372146,42.2754697],[-83.7372146,42.2754704],[-83.7372156,42.2754703]]],[[[-83.7372105,42.2754704],[-83.7372105,42.2754697],[-83.7372096,42.2754698],[-83.7372096,42.2754704],[-83.7372105,42.2754704]]],[[[-83.7372082,42.2754705],[-83.7372082,42.2754698],[-83.7372073,42.2754698],[-83.7372073,42.2754705],[-83.7372082,42.2754705]]],[[[-83.7372031,42.2754706],[-83.7372031,42.2754699],[-83.7372022,42.2754699],[-83.7372022,42.2754706],[-83.7372031,42.2754706]]],[[[-83.7372008,42.2754706],[-83.7372008,42.2754699],[-83.7371999,42.2754699],[-83.7371999,42.2754706],[-83.7372008,42.2754706]]],[[[-83.7371957,42.2754707],[-83.7371957,42.27547],[-83.7371948,42.27547],[-83.7371948,42.2754707],[-83.7371957,42.2754707]]],[[[-83.7371934,42.2754707],[-83.7371934,42.27547],[-83.7371925,42.2754701],[-83.7371925,42.2754707],[-83.7371934,42.2754707]]],[[[-83.7371884,42.2754708],[-83.7371884,42.2754701],[-83.7371874,42.2754701],[-83.7371875,42.2754708],[-83.7371884,42.2754708]]],[[[-83.7371861,42.2754708],[-83.7371861,42.2754702],[-83.7371851,42.2754702],[-83.7371852,42.2754709],[-83.7371861,42.2754708]]],[[[-83.737181,42.2754709],[-83.737181,42.2754702],[-83.7371801,42.2754703],[-83.7371801,42.2754709],[-83.737181,42.2754709]]],[[[-83.7371787,42.275471],[-83.7371787,42.2754703],[-83.7371778,42.2754703],[-83.7371778,42.275471],[-83.7371787,42.275471]]],[[[-83.7371736,42.2754711],[-83.7371736,42.2754704],[-83.7371727,42.2754704],[-83.7371727,42.2754711],[-83.7371736,42.2754711]]],[[[-83.7371713,42.2754711],[-83.7371713,42.2754704],[-83.7371704,42.2754704],[-83.7371704,42.2754711],[-83.7371713,42.2754711]]],[[[-83.7371663,42.2754712],[-83.7371662,42.2754705],[-83.7371653,42.2754705],[-83.7371653,42.2754712],[-83.7371663,42.2754712]]],[[[-83.737164,42.2754712],[-83.7371639,42.2754705],[-83.737163,42.2754706],[-83.737163,42.2754712],[-83.737164,42.2754712]]],[[[-83.7371589,42.2754713],[-83.7371589,42.2754706],[-83.7371579,42.2754706],[-83.737158,42.2754713],[-83.7371589,42.2754713]]],[[[-83.7371515,42.2754714],[-83.7371515,42.2754707],[-83.7371506,42.2754708],[-83.7371506,42.2754714],[-83.7371515,42.2754714]]],[[[-83.7371492,42.2754715],[-83.7371492,42.2754708],[-83.7371483,42.2754708],[-83.7371483,42.2754715],[-83.7371492,42.2754715]]],[[[-83.7371441,42.2754716],[-83.7371441,42.2754709],[-83.7371432,42.2754709],[-83.7371432,42.2754716],[-83.7371441,42.2754716]]],[[[-83.7371418,42.2754716],[-83.7371418,42.2754709],[-83.7371409,42.2754709],[-83.7371409,42.2754716],[-83.7371418,42.2754716]]],[[[-83.7371368,42.2754717],[-83.7371367,42.275471],[-83.7371358,42.275471],[-83.7371358,42.2754717],[-83.7371368,42.2754717]]],[[[-83.7371345,42.2754717],[-83.7371344,42.275471],[-83.7371335,42.275471],[-83.7371335,42.2754717],[-83.7371345,42.2754717]]],[[[-83.7371294,42.2754718],[-83.7371294,42.2754711],[-83.7371284,42.2754711],[-83.7371285,42.2754718],[-83.7371294,42.2754718]]],[[[-83.7371146,42.2754721],[-83.7371146,42.2754714],[-83.7371137,42.2754714],[-83.7371137,42.2754721],[-83.7371146,42.2754721]]],[[[-83.7371123,42.2754721],[-83.7371123,42.2754714],[-83.7371114,42.2754714],[-83.7371114,42.2754721],[-83.7371123,42.2754721]]],[[[-83.7371073,42.2754722],[-83.7371072,42.2754715],[-83.7371063,42.2754715],[-83.7371063,42.2754722],[-83.7371073,42.2754722]]],[[[-83.737105,42.2754722],[-83.7371049,42.2754715],[-83.737104,42.2754715],[-83.737104,42.2754722],[-83.737105,42.2754722]]],[[[-83.7370999,42.2754723],[-83.7370999,42.2754716],[-83.7370989,42.2754716],[-83.737099,42.2754723],[-83.7370999,42.2754723]]],[[[-83.7370976,42.2754723],[-83.7370976,42.2754717],[-83.7370966,42.2754717],[-83.7370967,42.2754724],[-83.7370976,42.2754723]]],[[[-83.7370925,42.2754724],[-83.7370925,42.2754717],[-83.7370916,42.2754718],[-83.7370916,42.2754724],[-83.7370925,42.2754724]]],[[[-83.7370902,42.2754725],[-83.7370902,42.2754718],[-83.7370893,42.2754718],[-83.7370893,42.2754725],[-83.7370902,42.2754725]]],[[[-83.7370851,42.2754725],[-83.7370851,42.2754719],[-83.7370842,42.2754719],[-83.7370842,42.2754726],[-83.7370851,42.2754725]]],[[[-83.7370828,42.2754726],[-83.7370828,42.2754719],[-83.7370819,42.2754719],[-83.7370819,42.2754726],[-83.7370828,42.2754726]]],[[[-83.7370778,42.2754727],[-83.7370777,42.275472],[-83.7370768,42.275472],[-83.7370768,42.2754727],[-83.7370778,42.2754727]]],[[[-83.7370755,42.2754727],[-83.7370754,42.275472],[-83.7370745,42.275472],[-83.7370745,42.2754727],[-83.7370755,42.2754727]]],[[[-83.7370704,42.2754728],[-83.7370704,42.2754721],[-83.7370695,42.2754721],[-83.7370695,42.2754728],[-83.7370704,42.2754728]]],[[[-83.7370681,42.2754728],[-83.7370681,42.2754722],[-83.7370671,42.2754722],[-83.7370672,42.2754729],[-83.7370681,42.2754728]]],[[[-83.737063,42.2754729],[-83.737063,42.2754722],[-83.7370621,42.2754723],[-83.7370621,42.2754729],[-83.737063,42.2754729]]],[[[-83.7370607,42.275473],[-83.7370607,42.2754723],[-83.7370598,42.2754723],[-83.7370598,42.275473],[-83.7370607,42.275473]]],[[[-83.7371776,42.2754666],[-83.7371776,42.2754662],[-83.7371758,42.2754662],[-83.7371758,42.2754666],[-83.7371776,42.2754666]]],[[[-83.7371785,42.2754659],[-83.7371785,42.2754645],[-83.737178,42.2754645],[-83.7371781,42.2754659],[-83.7371785,42.2754659]]],[[[-83.7371776,42.2754642],[-83.7371776,42.2754638],[-83.7371757,42.2754639],[-83.7371757,42.2754642],[-83.7371776,42.2754642]]],[[[-83.7374415,42.2754556],[-83.7374415,42.2754549],[-83.7374406,42.2754549],[-83.7374406,42.2754556],[-83.7374415,42.2754556]]],[[[-83.7374392,42.2754556],[-83.7374392,42.275455],[-83.7374383,42.275455],[-83.7374383,42.2754557],[-83.7374392,42.2754556]]],[[[-83.7374341,42.2754557],[-83.7374341,42.2754551],[-83.7374332,42.2754551],[-83.7374332,42.2754557],[-83.7374341,42.2754557]]],[[[-83.7374318,42.2754558],[-83.7374318,42.2754551],[-83.7374309,42.2754551],[-83.7374309,42.2754558],[-83.7374318,42.2754558]]],[[[-83.7374268,42.2754559],[-83.7374267,42.2754552],[-83.7374258,42.2754552],[-83.7374258,42.2754559],[-83.7374268,42.2754559]]],[[[-83.7374245,42.2754559],[-83.7374244,42.2754552],[-83.7374235,42.2754552],[-83.7374235,42.2754559],[-83.7374245,42.2754559]]],[[[-83.7374194,42.275456],[-83.7374194,42.2754553],[-83.7374184,42.2754553],[-83.7374185,42.275456],[-83.7374194,42.275456]]],[[[-83.7374171,42.275456],[-83.7374171,42.2754553],[-83.7374161,42.2754554],[-83.7374162,42.275456],[-83.7374171,42.275456]]],[[[-83.737412,42.2754561],[-83.737412,42.2754554],[-83.7374111,42.2754554],[-83.7374111,42.2754561],[-83.737412,42.2754561]]],[[[-83.7374097,42.2754561],[-83.7374097,42.2754555],[-83.7374088,42.2754555],[-83.7374088,42.2754562],[-83.7374097,42.2754561]]],[[[-83.7374046,42.2754562],[-83.7374046,42.2754555],[-83.7374037,42.2754556],[-83.7374037,42.2754562],[-83.7374046,42.2754562]]],[[[-83.7374023,42.2754563],[-83.7374023,42.2754556],[-83.7374014,42.2754556],[-83.7374014,42.2754563],[-83.7374023,42.2754563]]],[[[-83.7373973,42.2754564],[-83.7373972,42.2754557],[-83.7373963,42.2754557],[-83.7373963,42.2754564],[-83.7373973,42.2754564]]],[[[-83.737395,42.2754564],[-83.7373949,42.2754557],[-83.737394,42.2754557],[-83.737394,42.2754564],[-83.737395,42.2754564]]],[[[-83.7373899,42.2754565],[-83.7373899,42.2754558],[-83.737389,42.2754558],[-83.737389,42.2754565],[-83.7373899,42.2754565]]],[[[-83.7373876,42.2754565],[-83.7373876,42.2754558],[-83.7373866,42.2754559],[-83.7373867,42.2754565],[-83.7373876,42.2754565]]],[[[-83.7373825,42.2754566],[-83.7373825,42.2754559],[-83.7373816,42.2754559],[-83.7373816,42.2754566],[-83.7373825,42.2754566]]],[[[-83.7373802,42.2754566],[-83.7373802,42.275456],[-83.7373793,42.275456],[-83.7373793,42.2754567],[-83.7373802,42.2754566]]],[[[-83.7373751,42.2754567],[-83.7373751,42.275456],[-83.7373742,42.2754561],[-83.7373742,42.2754567],[-83.7373751,42.2754567]]],[[[-83.7373728,42.2754568],[-83.7373728,42.2754561],[-83.7373719,42.2754561],[-83.7373719,42.2754568],[-83.7373728,42.2754568]]],[[[-83.7373678,42.2754569],[-83.7373678,42.2754562],[-83.7373668,42.2754562],[-83.7373669,42.2754569],[-83.7373678,42.2754569]]],[[[-83.7373655,42.2754569],[-83.7373654,42.2754562],[-83.7373645,42.2754562],[-83.7373645,42.2754569],[-83.7373655,42.2754569]]],[[[-83.7373604,42.275457],[-83.7373604,42.2754563],[-83.7373595,42.2754563],[-83.7373595,42.275457],[-83.7373604,42.275457]]],[[[-83.7373581,42.275457],[-83.7373581,42.2754563],[-83.7373572,42.2754564],[-83.7373572,42.275457],[-83.7373581,42.275457]]],[[[-83.737353,42.2754571],[-83.737353,42.2754564],[-83.7373521,42.2754564],[-83.7373521,42.2754571],[-83.737353,42.2754571]]],[[[-83.7373507,42.2754571],[-83.7373507,42.2754565],[-83.7373498,42.2754565],[-83.7373498,42.2754572],[-83.7373507,42.2754571]]],[[[-83.7373457,42.2754572],[-83.7373456,42.2754565],[-83.7373447,42.2754566],[-83.7373447,42.2754572],[-83.7373457,42.2754572]]],[[[-83.7373433,42.2754573],[-83.7373433,42.2754566],[-83.7373424,42.2754566],[-83.7373424,42.2754573],[-83.7373433,42.2754573]]],[[[-83.7373383,42.2754574],[-83.7373383,42.2754567],[-83.7373373,42.2754567],[-83.7373374,42.2754574],[-83.7373383,42.2754574]]],[[[-83.737336,42.2754574],[-83.737336,42.2754567],[-83.737335,42.2754567],[-83.7373351,42.2754574],[-83.737336,42.2754574]]],[[[-83.7373309,42.2754575],[-83.7373309,42.2754568],[-83.73733,42.2754568],[-83.73733,42.2754575],[-83.7373309,42.2754575]]],[[[-83.7373286,42.2754575],[-83.7373286,42.2754568],[-83.7373277,42.2754568],[-83.7373277,42.2754575],[-83.7373286,42.2754575]]],[[[-83.7373235,42.2754576],[-83.7373235,42.2754569],[-83.7373226,42.2754569],[-83.7373226,42.2754576],[-83.7373235,42.2754576]]],[[[-83.7373212,42.2754576],[-83.7373212,42.275457],[-83.7373203,42.275457],[-83.7373203,42.2754577],[-83.7373212,42.2754576]]],[[[-83.7373139,42.2754578],[-83.7373138,42.2754571],[-83.7373129,42.2754571],[-83.7373129,42.2754578],[-83.7373139,42.2754578]]],[[[-83.7373088,42.2754579],[-83.7373088,42.2754572],[-83.7373078,42.2754572],[-83.7373079,42.2754579],[-83.7373088,42.2754579]]],[[[-83.7373065,42.2754579],[-83.7373065,42.2754572],[-83.7373055,42.2754572],[-83.7373056,42.2754579],[-83.7373065,42.2754579]]],[[[-83.7373014,42.275458],[-83.7373014,42.2754573],[-83.7373005,42.2754573],[-83.7373005,42.275458],[-83.7373014,42.275458]]],[[[-83.7372991,42.275458],[-83.7372991,42.2754573],[-83.7372982,42.2754573],[-83.7372982,42.275458],[-83.7372991,42.275458]]],[[[-83.737294,42.2754581],[-83.737294,42.2754574],[-83.7372931,42.2754574],[-83.7372931,42.2754581],[-83.737294,42.2754581]]],[[[-83.7372867,42.2754582],[-83.7372866,42.2754575],[-83.7372857,42.2754576],[-83.7372857,42.2754582],[-83.7372867,42.2754582]]],[[[-83.7372844,42.2754583],[-83.7372843,42.2754576],[-83.7372834,42.2754576],[-83.7372834,42.2754583],[-83.7372844,42.2754583]]],[[[-83.7372793,42.2754583],[-83.7372793,42.2754577],[-83.7372783,42.2754577],[-83.7372784,42.2754584],[-83.7372793,42.2754583]]],[[[-83.737277,42.2754584],[-83.737277,42.2754577],[-83.737276,42.2754577],[-83.7372761,42.2754584],[-83.737277,42.2754584]]],[[[-83.7372719,42.2754585],[-83.7372719,42.2754578],[-83.737271,42.2754578],[-83.737271,42.2754585],[-83.7372719,42.2754585]]],[[[-83.7372696,42.2754585],[-83.7372696,42.2754578],[-83.7372687,42.2754578],[-83.7372687,42.2754585],[-83.7372696,42.2754585]]],[[[-83.7372645,42.2754586],[-83.7372645,42.2754579],[-83.7372636,42.2754579],[-83.7372636,42.2754586],[-83.7372645,42.2754586]]],[[[-83.7372622,42.2754586],[-83.7372622,42.275458],[-83.7372613,42.275458],[-83.7372613,42.2754587],[-83.7372622,42.2754586]]],[[[-83.7372572,42.2754587],[-83.7372571,42.275458],[-83.7372562,42.2754581],[-83.7372562,42.2754587],[-83.7372572,42.2754587]]],[[[-83.7372549,42.2754588],[-83.7372548,42.2754581],[-83.7372539,42.2754581],[-83.7372539,42.2754588],[-83.7372549,42.2754588]]],[[[-83.7372498,42.2754588],[-83.7372498,42.2754582],[-83.7372489,42.2754582],[-83.7372489,42.2754589],[-83.7372498,42.2754588]]],[[[-83.7372475,42.2754589],[-83.7372475,42.2754582],[-83.7372465,42.2754582],[-83.7372466,42.2754589],[-83.7372475,42.2754589]]],[[[-83.7372424,42.275459],[-83.7372424,42.2754583],[-83.7372415,42.2754583],[-83.7372415,42.275459],[-83.7372424,42.275459]]],[[[-83.7372401,42.275459],[-83.7372401,42.2754583],[-83.7372392,42.2754583],[-83.7372392,42.275459],[-83.7372401,42.275459]]],[[[-83.737235,42.2754591],[-83.737235,42.2754584],[-83.7372341,42.2754584],[-83.7372341,42.2754591],[-83.737235,42.2754591]]],[[[-83.7372327,42.2754591],[-83.7372327,42.2754585],[-83.7372318,42.2754585],[-83.7372318,42.2754592],[-83.7372327,42.2754591]]],[[[-83.7372277,42.2754592],[-83.7372277,42.2754585],[-83.7372267,42.2754586],[-83.7372268,42.2754592],[-83.7372277,42.2754592]]],[[[-83.7372254,42.2754593],[-83.7372253,42.2754586],[-83.7372244,42.2754586],[-83.7372244,42.2754593],[-83.7372254,42.2754593]]],[[[-83.7372203,42.2754593],[-83.7372203,42.2754587],[-83.7372194,42.2754587],[-83.7372194,42.2754594],[-83.7372203,42.2754593]]],[[[-83.737218,42.2754594],[-83.737218,42.2754587],[-83.7372171,42.2754587],[-83.7372171,42.2754594],[-83.737218,42.2754594]]],[[[-83.7372129,42.2754595],[-83.7372129,42.2754588],[-83.737212,42.2754588],[-83.737212,42.2754595],[-83.7372129,42.2754595]]],[[[-83.7372106,42.2754595],[-83.7372106,42.2754588],[-83.7372097,42.2754588],[-83.7372097,42.2754595],[-83.7372106,42.2754595]]],[[[-83.7372056,42.2754596],[-83.7372055,42.2754589],[-83.7372046,42.2754589],[-83.7372046,42.2754596],[-83.7372056,42.2754596]]],[[[-83.7372032,42.2754596],[-83.7372032,42.275459],[-83.7372023,42.275459],[-83.7372023,42.2754597],[-83.7372032,42.2754596]]],[[[-83.7371982,42.2754597],[-83.7371982,42.275459],[-83.7371972,42.2754591],[-83.7371973,42.2754597],[-83.7371982,42.2754597]]],[[[-83.7371959,42.2754598],[-83.7371959,42.2754591],[-83.7371949,42.2754591],[-83.737195,42.2754598],[-83.7371959,42.2754598]]],[[[-83.7371908,42.2754598],[-83.7371908,42.2754592],[-83.7371899,42.2754592],[-83.7371899,42.2754599],[-83.7371908,42.2754598]]],[[[-83.7371885,42.2754599],[-83.7371885,42.2754592],[-83.7371876,42.2754592],[-83.7371876,42.2754599],[-83.7371885,42.2754599]]],[[[-83.7371834,42.27546],[-83.7371834,42.2754593],[-83.7371825,42.2754593],[-83.7371825,42.27546],[-83.7371834,42.27546]]],[[[-83.7371811,42.27546],[-83.7371811,42.2754593],[-83.7371802,42.2754593],[-83.7371802,42.27546],[-83.7371811,42.27546]]],[[[-83.7371761,42.2754601],[-83.737176,42.2754594],[-83.7371751,42.2754594],[-83.7371751,42.2754601],[-83.7371761,42.2754601]]],[[[-83.7371738,42.2754601],[-83.7371737,42.2754595],[-83.7371728,42.2754595],[-83.7371728,42.2754601],[-83.7371738,42.2754601]]],[[[-83.7371687,42.2754602],[-83.7371687,42.2754595],[-83.7371677,42.2754596],[-83.7371678,42.2754602],[-83.7371687,42.2754602]]],[[[-83.7371664,42.2754603],[-83.7371664,42.2754596],[-83.7371654,42.2754596],[-83.7371655,42.2754603],[-83.7371664,42.2754603]]],[[[-83.7371613,42.2754603],[-83.7371613,42.2754597],[-83.7371604,42.2754597],[-83.7371604,42.2754604],[-83.7371613,42.2754603]]],[[[-83.737159,42.2754604],[-83.737159,42.2754597],[-83.7371581,42.2754597],[-83.7371581,42.2754604],[-83.737159,42.2754604]]],[[[-83.7371539,42.2754605],[-83.7371539,42.2754598],[-83.737153,42.2754598],[-83.737153,42.2754605],[-83.7371539,42.2754605]]],[[[-83.7371516,42.2754605],[-83.7371516,42.2754598],[-83.7371507,42.2754598],[-83.7371507,42.2754605],[-83.7371516,42.2754605]]],[[[-83.7371466,42.2754606],[-83.7371465,42.2754599],[-83.7371456,42.2754599],[-83.7371456,42.2754606],[-83.7371466,42.2754606]]],[[[-83.7371443,42.2754606],[-83.7371442,42.27546],[-83.7371433,42.27546],[-83.7371433,42.2754606],[-83.7371443,42.2754606]]],[[[-83.7371392,42.2754607],[-83.7371392,42.27546],[-83.7371382,42.2754601],[-83.7371383,42.2754607],[-83.7371392,42.2754607]]],[[[-83.7371369,42.2754608],[-83.7371369,42.2754601],[-83.7371359,42.2754601],[-83.737136,42.2754608],[-83.7371369,42.2754608]]],[[[-83.7371318,42.2754608],[-83.7371318,42.2754602],[-83.7371309,42.2754602],[-83.7371309,42.2754609],[-83.7371318,42.2754608]]],[[[-83.7371295,42.2754609],[-83.7371295,42.2754602],[-83.7371286,42.2754602],[-83.7371286,42.2754609],[-83.7371295,42.2754609]]],[[[-83.7371244,42.275461],[-83.7371244,42.2754603],[-83.7371235,42.2754603],[-83.7371235,42.275461],[-83.7371244,42.275461]]],[[[-83.7371221,42.275461],[-83.7371221,42.2754603],[-83.7371212,42.2754603],[-83.7371212,42.275461],[-83.7371221,42.275461]]],[[[-83.7371171,42.2754611],[-83.737117,42.2754604],[-83.7371161,42.2754604],[-83.7371161,42.2754611],[-83.7371171,42.2754611]]],[[[-83.7371148,42.2754611],[-83.7371147,42.2754604],[-83.7371138,42.2754605],[-83.7371138,42.2754611],[-83.7371148,42.2754611]]],[[[-83.7371097,42.2754612],[-83.7371097,42.2754605],[-83.7371087,42.2754605],[-83.7371088,42.2754612],[-83.7371097,42.2754612]]],[[[-83.7371074,42.2754613],[-83.7371074,42.2754606],[-83.7371064,42.2754606],[-83.7371065,42.2754613],[-83.7371074,42.2754613]]],[[[-83.7371023,42.2754613],[-83.7371023,42.2754607],[-83.7371014,42.2754607],[-83.7371014,42.2754614],[-83.7371023,42.2754613]]],[[[-83.7371,42.2754614],[-83.7371,42.2754607],[-83.7370991,42.2754607],[-83.7370991,42.2754614],[-83.7371,42.2754614]]],[[[-83.7370949,42.2754615],[-83.7370949,42.2754608],[-83.737094,42.2754608],[-83.737094,42.2754615],[-83.7370949,42.2754615]]],[[[-83.7370926,42.2754615],[-83.7370926,42.2754608],[-83.7370917,42.2754608],[-83.7370917,42.2754615],[-83.7370926,42.2754615]]],[[[-83.7370876,42.2754616],[-83.7370875,42.2754609],[-83.7370866,42.2754609],[-83.7370866,42.2754616],[-83.7370876,42.2754616]]],[[[-83.7370853,42.2754616],[-83.7370852,42.2754609],[-83.7370843,42.275461],[-83.7370843,42.2754616],[-83.7370853,42.2754616]]],[[[-83.7370802,42.2754617],[-83.7370802,42.275461],[-83.7370793,42.275461],[-83.7370793,42.2754617],[-83.7370802,42.2754617]]],[[[-83.7370779,42.2754618],[-83.7370779,42.2754611],[-83.7370769,42.2754611],[-83.737077,42.2754618],[-83.7370779,42.2754618]]],[[[-83.7370728,42.2754618],[-83.7370728,42.2754612],[-83.7370719,42.2754612],[-83.7370719,42.2754619],[-83.7370728,42.2754618]]],[[[-83.7370705,42.2754619],[-83.7370705,42.2754612],[-83.7370696,42.2754612],[-83.7370696,42.2754619],[-83.7370705,42.2754619]]],[[[-83.7370654,42.275462],[-83.7370654,42.2754613],[-83.7370645,42.2754613],[-83.7370645,42.275462],[-83.7370654,42.275462]]],[[[-83.7370631,42.275462],[-83.7370631,42.2754613],[-83.7370622,42.2754613],[-83.7370622,42.275462],[-83.7370631,42.275462]]],[[[-83.7370581,42.2754621],[-83.7370581,42.2754614],[-83.7370571,42.2754614],[-83.7370572,42.2754621],[-83.7370581,42.2754621]]],[[[-83.7370558,42.2754621],[-83.7370557,42.2754614],[-83.7370548,42.2754615],[-83.7370548,42.2754621],[-83.7370558,42.2754621]]],[[[-83.7370507,42.2754622],[-83.7370507,42.2754615],[-83.7370498,42.2754615],[-83.7370498,42.2754622],[-83.7370507,42.2754622]]],[[[-83.7370484,42.2754623],[-83.7370484,42.2754616],[-83.7370475,42.2754616],[-83.7370475,42.2754623],[-83.7370484,42.2754623]]],[[[-83.7370433,42.2754623],[-83.7370433,42.2754617],[-83.7370424,42.2754617],[-83.7370424,42.2754624],[-83.7370433,42.2754623]]],[[[-83.737041,42.2754624],[-83.737041,42.2754617],[-83.7370401,42.2754617],[-83.7370401,42.2754624],[-83.737041,42.2754624]]],[[[-83.7370336,42.2754625],[-83.7370336,42.2754618],[-83.7370327,42.2754618],[-83.7370327,42.2754625],[-83.7370336,42.2754625]]],[[[-83.7370286,42.2754626],[-83.7370286,42.2754619],[-83.7370276,42.2754619],[-83.7370277,42.2754626],[-83.7370286,42.2754626]]],[[[-83.7370263,42.2754626],[-83.7370263,42.2754619],[-83.7370253,42.275462],[-83.7370254,42.2754626],[-83.7370263,42.2754626]]],[[[-83.7370212,42.2754627],[-83.7370212,42.275462],[-83.7370203,42.275462],[-83.7370203,42.2754627],[-83.7370212,42.2754627]]],[[[-83.7370189,42.2754628],[-83.7370189,42.2754621],[-83.737018,42.2754621],[-83.737018,42.2754628],[-83.7370189,42.2754628]]],[[[-83.7370138,42.2754628],[-83.7370138,42.2754622],[-83.7370129,42.2754622],[-83.7370129,42.2754629],[-83.7370138,42.2754628]]],[[[-83.7370115,42.2754629],[-83.7370115,42.2754622],[-83.7370106,42.2754622],[-83.7370106,42.2754629],[-83.7370115,42.2754629]]],[[[-83.7370065,42.275463],[-83.7370064,42.2754623],[-83.7370055,42.2754623],[-83.7370055,42.275463],[-83.7370065,42.275463]]],[[[-83.7370042,42.275463],[-83.7370041,42.2754623],[-83.7370032,42.2754623],[-83.7370032,42.275463],[-83.7370042,42.275463]]],[[[-83.7369991,42.2754631],[-83.7369991,42.2754624],[-83.7369981,42.2754624],[-83.7369982,42.2754631],[-83.7369991,42.2754631]]],[[[-83.7369968,42.2754631],[-83.7369968,42.2754624],[-83.7369958,42.2754625],[-83.7369959,42.2754631],[-83.7369968,42.2754631]]],[[[-83.7369917,42.2754632],[-83.7369917,42.2754625],[-83.7369908,42.2754625],[-83.7369908,42.2754632],[-83.7369917,42.2754632]]],[[[-83.7369894,42.2754632],[-83.7369894,42.2754626],[-83.7369885,42.2754626],[-83.7369885,42.2754633],[-83.7369894,42.2754632]]],[[[-83.7369843,42.2754633],[-83.7369843,42.2754627],[-83.7369834,42.2754627],[-83.7369834,42.2754634],[-83.7369843,42.2754633]]],[[[-83.736982,42.2754634],[-83.736982,42.2754627],[-83.7369811,42.2754627],[-83.7369811,42.2754634],[-83.736982,42.2754634]]],[[[-83.736977,42.2754635],[-83.7369769,42.2754628],[-83.736976,42.2754628],[-83.736976,42.2754635],[-83.736977,42.2754635]]],[[[-83.7369747,42.2754635],[-83.7369746,42.2754628],[-83.7369737,42.2754628],[-83.7369737,42.2754635],[-83.7369747,42.2754635]]],[[[-83.7369696,42.2754636],[-83.7369696,42.2754629],[-83.7369686,42.2754629],[-83.7369687,42.2754636],[-83.7369696,42.2754636]]],[[[-83.7369673,42.2754636],[-83.7369673,42.2754629],[-83.7369663,42.275463],[-83.7369664,42.2754636],[-83.7369673,42.2754636]]],[[[-83.7369622,42.2754637],[-83.7369622,42.275463],[-83.7369613,42.275463],[-83.7369613,42.2754637],[-83.7369622,42.2754637]]],[[[-83.7369599,42.2754637],[-83.7369599,42.2754631],[-83.736959,42.2754631],[-83.736959,42.2754638],[-83.7369599,42.2754637]]],[[[-83.7369548,42.2754638],[-83.7369548,42.2754632],[-83.7369539,42.2754632],[-83.7369539,42.2754638],[-83.7369548,42.2754638]]],[[[-83.7369525,42.2754639],[-83.7369525,42.2754632],[-83.7369516,42.2754632],[-83.7369516,42.2754639],[-83.7369525,42.2754639]]],[[[-83.7369475,42.275464],[-83.7369474,42.2754633],[-83.7369465,42.2754633],[-83.7369465,42.275464],[-83.7369475,42.275464]]],[[[-83.7369452,42.275464],[-83.7369451,42.2754633],[-83.7369442,42.2754633],[-83.7369442,42.275464],[-83.7369452,42.275464]]],[[[-83.7369401,42.2754641],[-83.7369401,42.2754634],[-83.7369391,42.2754634],[-83.7369392,42.2754641],[-83.7369401,42.2754641]]],[[[-83.7369378,42.2754641],[-83.7369378,42.2754634],[-83.7369368,42.2754635],[-83.7369369,42.2754641],[-83.7369378,42.2754641]]],[[[-83.7369327,42.2754642],[-83.7369327,42.2754635],[-83.7369318,42.2754635],[-83.7369318,42.2754642],[-83.7369327,42.2754642]]],[[[-83.7369304,42.2754642],[-83.7369304,42.2754636],[-83.7369295,42.2754636],[-83.7369295,42.2754643],[-83.7369304,42.2754642]]],[[[-83.7369253,42.2754643],[-83.7369253,42.2754637],[-83.7369244,42.2754637],[-83.7369244,42.2754643],[-83.7369253,42.2754643]]],[[[-83.736923,42.2754644],[-83.736923,42.2754637],[-83.7369221,42.2754637],[-83.7369221,42.2754644],[-83.736923,42.2754644]]],[[[-83.736918,42.2754645],[-83.7369179,42.2754638],[-83.736917,42.2754638],[-83.736917,42.2754645],[-83.736918,42.2754645]]],[[[-83.7369157,42.2754645],[-83.7369156,42.2754638],[-83.7369147,42.2754638],[-83.7369147,42.2754645],[-83.7369157,42.2754645]]],[[[-83.7369106,42.2754646],[-83.7369106,42.2754639],[-83.7369096,42.2754639],[-83.7369097,42.2754646],[-83.7369106,42.2754646]]],[[[-83.7370599,42.27546],[-83.7370598,42.2754593],[-83.7370589,42.2754593],[-83.7370589,42.27546],[-83.7370599,42.27546]]],[[[-83.737035,42.2754604],[-83.7370349,42.2754598],[-83.737034,42.2754598],[-83.737034,42.2754604],[-83.737035,42.2754604]]],[[[-83.7370597,42.2754563],[-83.7370597,42.2754556],[-83.7370588,42.2754556],[-83.7370588,42.2754563],[-83.7370597,42.2754563]]],[[[-83.7370348,42.2754567],[-83.7370348,42.275456],[-83.7370339,42.275456],[-83.7370339,42.2754567],[-83.7370348,42.2754567]]],[[[-83.7370597,42.2754546],[-83.7370597,42.2754539],[-83.7370587,42.2754539],[-83.7370588,42.2754546],[-83.7370597,42.2754546]]],[[[-83.7370348,42.275455],[-83.7370348,42.2754543],[-83.7370339,42.2754543],[-83.7370339,42.275455],[-83.7370348,42.275455]]],[[[-83.7370596,42.2754508],[-83.7370595,42.2754501],[-83.7370586,42.2754501],[-83.7370586,42.2754508],[-83.7370596,42.2754508]]],[[[-83.7370347,42.2754512],[-83.7370347,42.2754505],[-83.7370337,42.2754506],[-83.7370338,42.2754512],[-83.7370347,42.2754512]]],[[[-83.7370595,42.2754491],[-83.7370595,42.2754484],[-83.7370586,42.2754484],[-83.7370586,42.2754491],[-83.7370595,42.2754491]]],[[[-83.7370346,42.2754495],[-83.7370346,42.2754488],[-83.7370337,42.2754489],[-83.7370337,42.2754495],[-83.7370346,42.2754495]]],[[[-83.7370594,42.2754453],[-83.7370594,42.2754447],[-83.7370585,42.2754447],[-83.7370585,42.2754454],[-83.7370594,42.2754453]]],[[[-83.7370345,42.2754458],[-83.7370345,42.2754451],[-83.7370336,42.2754451],[-83.7370336,42.2754458],[-83.7370345,42.2754458]]],[[[-83.7370593,42.2754436],[-83.7370593,42.275443],[-83.7370584,42.275443],[-83.7370584,42.2754437],[-83.7370593,42.2754436]]],[[[-83.7370345,42.2754441],[-83.7370344,42.2754434],[-83.7370335,42.2754434],[-83.7370335,42.2754441],[-83.7370345,42.2754441]]],[[[-83.7370592,42.2754399],[-83.7370592,42.2754392],[-83.7370583,42.2754392],[-83.7370583,42.2754399],[-83.7370592,42.2754399]]],[[[-83.7370343,42.2754403],[-83.7370343,42.2754396],[-83.7370334,42.2754396],[-83.7370334,42.2754403],[-83.7370343,42.2754403]]],[[[-83.7370592,42.2754382],[-83.7370592,42.2754375],[-83.7370582,42.2754375],[-83.7370583,42.2754382],[-83.7370592,42.2754382]]],[[[-83.7370343,42.2754386],[-83.7370343,42.2754379],[-83.7370333,42.2754379],[-83.7370334,42.2754386],[-83.7370343,42.2754386]]],[[[-83.7370591,42.2754344],[-83.737059,42.2754338],[-83.7370581,42.2754338],[-83.7370581,42.2754345],[-83.7370591,42.2754344]]],[[[-83.7370342,42.2754349],[-83.7370342,42.2754342],[-83.7370332,42.2754342],[-83.7370333,42.2754349],[-83.7370342,42.2754349]]],[[[-83.737059,42.2754327],[-83.737059,42.275432],[-83.7370581,42.2754321],[-83.7370581,42.2754327],[-83.737059,42.2754327]]],[[[-83.7370341,42.2754332],[-83.7370341,42.2754325],[-83.7370332,42.2754325],[-83.7370332,42.2754332],[-83.7370341,42.2754332]]],[[[-83.7370589,42.275429],[-83.7370589,42.2754283],[-83.7370579,42.2754283],[-83.737058,42.275429],[-83.7370589,42.275429]]],[[[-83.737034,42.2754294],[-83.737034,42.2754287],[-83.7370331,42.2754287],[-83.7370331,42.2754294],[-83.737034,42.2754294]]],[[[-83.7370588,42.2754273],[-83.7370588,42.2754266],[-83.7370579,42.2754266],[-83.7370579,42.2754273],[-83.7370588,42.2754273]]],[[[-83.737034,42.2754277],[-83.7370339,42.275427],[-83.737033,42.275427],[-83.737033,42.2754277],[-83.737034,42.2754277]]],[[[-83.7372878,42.275422],[-83.7372878,42.2754214],[-83.7372869,42.2754214],[-83.7372869,42.2754221],[-83.7372878,42.275422]]],[[[-83.7371722,42.275424],[-83.7371722,42.2754233],[-83.7371712,42.2754233],[-83.7371712,42.275424],[-83.7371722,42.275424]]],[[[-83.7370616,42.2754259],[-83.7370615,42.2754252],[-83.7370606,42.2754252],[-83.7370606,42.2754259],[-83.7370616,42.2754259]]],[[[-83.7374459,42.2754173],[-83.7374458,42.2754166],[-83.7374449,42.2754167],[-83.7374449,42.2754173],[-83.7374459,42.2754173]]],[[[-83.7374408,42.2754174],[-83.7374408,42.2754167],[-83.7374398,42.2754167],[-83.7374399,42.2754174],[-83.7374408,42.2754174]]],[[[-83.7374385,42.2754174],[-83.7374385,42.2754168],[-83.7374375,42.2754168],[-83.7374376,42.2754175],[-83.7374385,42.2754174]]],[[[-83.7374334,42.2754175],[-83.7374334,42.2754168],[-83.7374325,42.2754169],[-83.7374325,42.2754175],[-83.7374334,42.2754175]]],[[[-83.7374311,42.2754176],[-83.7374311,42.2754169],[-83.7374302,42.2754169],[-83.7374302,42.2754176],[-83.7374311,42.2754176]]],[[[-83.737426,42.2754177],[-83.737426,42.275417],[-83.7374251,42.275417],[-83.7374251,42.2754177],[-83.737426,42.2754177]]],[[[-83.7374237,42.2754177],[-83.7374237,42.275417],[-83.7374228,42.275417],[-83.7374228,42.2754177],[-83.7374237,42.2754177]]],[[[-83.7374187,42.2754178],[-83.7374186,42.2754171],[-83.7374177,42.2754171],[-83.7374177,42.2754178],[-83.7374187,42.2754178]]],[[[-83.7374164,42.2754178],[-83.7374163,42.2754171],[-83.7374154,42.2754172],[-83.7374154,42.2754178],[-83.7374164,42.2754178]]],[[[-83.7374113,42.2754179],[-83.7374113,42.2754172],[-83.7374103,42.2754172],[-83.7374104,42.2754179],[-83.7374113,42.2754179]]],[[[-83.737409,42.2754179],[-83.737409,42.2754173],[-83.737408,42.2754173],[-83.7374081,42.275418],[-83.737409,42.2754179]]],[[[-83.7374039,42.275418],[-83.7374039,42.2754173],[-83.737403,42.2754174],[-83.737403,42.275418],[-83.7374039,42.275418]]],[[[-83.7374016,42.2754181],[-83.7374016,42.2754174],[-83.7374007,42.2754174],[-83.7374007,42.2754181],[-83.7374016,42.2754181]]],[[[-83.7373965,42.2754182],[-83.7373965,42.2754175],[-83.7373956,42.2754175],[-83.7373956,42.2754182],[-83.7373965,42.2754182]]],[[[-83.7373942,42.2754182],[-83.7373942,42.2754175],[-83.7373933,42.2754175],[-83.7373933,42.2754182],[-83.7373942,42.2754182]]],[[[-83.7373892,42.2754183],[-83.7373892,42.2754176],[-83.7373882,42.2754176],[-83.7373883,42.2754183],[-83.7373892,42.2754183]]],[[[-83.7373869,42.2754183],[-83.7373868,42.2754176],[-83.7373859,42.2754177],[-83.7373859,42.2754183],[-83.7373869,42.2754183]]],[[[-83.7373818,42.2754184],[-83.7373818,42.2754177],[-83.7373809,42.2754177],[-83.7373809,42.2754184],[-83.7373818,42.2754184]]],[[[-83.7373795,42.2754184],[-83.7373795,42.2754178],[-83.7373786,42.2754178],[-83.7373786,42.2754185],[-83.7373795,42.2754184]]],[[[-83.7373744,42.2754185],[-83.7373744,42.2754178],[-83.7373735,42.2754179],[-83.7373735,42.2754185],[-83.7373744,42.2754185]]],[[[-83.7373721,42.2754186],[-83.7373721,42.2754179],[-83.7373712,42.2754179],[-83.7373712,42.2754186],[-83.7373721,42.2754186]]],[[[-83.7373671,42.2754187],[-83.737367,42.275418],[-83.7373661,42.275418],[-83.7373661,42.2754187],[-83.7373671,42.2754187]]],[[[-83.7373647,42.2754187],[-83.7373647,42.275418],[-83.7373638,42.275418],[-83.7373638,42.2754187],[-83.7373647,42.2754187]]],[[[-83.7373597,42.2754188],[-83.7373597,42.2754181],[-83.7373587,42.2754181],[-83.7373588,42.2754188],[-83.7373597,42.2754188]]],[[[-83.7373574,42.2754188],[-83.7373574,42.2754181],[-83.7373564,42.2754182],[-83.7373565,42.2754188],[-83.7373574,42.2754188]]],[[[-83.7373523,42.2754189],[-83.7373523,42.2754182],[-83.7373514,42.2754182],[-83.7373514,42.2754189],[-83.7373523,42.2754189]]],[[[-83.73735,42.2754189],[-83.73735,42.2754183],[-83.7373491,42.2754183],[-83.7373491,42.275419],[-83.73735,42.2754189]]],[[[-83.7373449,42.275419],[-83.7373449,42.2754183],[-83.737344,42.2754184],[-83.737344,42.275419],[-83.7373449,42.275419]]],[[[-83.7373426,42.2754191],[-83.7373426,42.2754184],[-83.7373417,42.2754184],[-83.7373417,42.2754191],[-83.7373426,42.2754191]]],[[[-83.7373376,42.2754192],[-83.7373375,42.2754185],[-83.7373366,42.2754185],[-83.7373366,42.2754192],[-83.7373376,42.2754192]]],[[[-83.7373353,42.2754192],[-83.7373352,42.2754185],[-83.7373343,42.2754185],[-83.7373343,42.2754192],[-83.7373353,42.2754192]]],[[[-83.7373302,42.2754193],[-83.7373302,42.2754186],[-83.7373292,42.2754186],[-83.7373293,42.2754193],[-83.7373302,42.2754193]]],[[[-83.7373279,42.2754193],[-83.7373279,42.2754186],[-83.7373269,42.2754186],[-83.737327,42.2754193],[-83.7373279,42.2754193]]],[[[-83.7373228,42.2754194],[-83.7373228,42.2754187],[-83.7373219,42.2754187],[-83.7373219,42.2754194],[-83.7373228,42.2754194]]],[[[-83.7373205,42.2754194],[-83.7373205,42.2754188],[-83.7373196,42.2754188],[-83.7373196,42.2754195],[-83.7373205,42.2754194]]],[[[-83.7373154,42.2754195],[-83.7373154,42.2754188],[-83.7373145,42.2754189],[-83.7373145,42.2754195],[-83.7373154,42.2754195]]],[[[-83.7370587,42.2754235],[-83.7370587,42.2754228],[-83.7370578,42.2754229],[-83.7370578,42.2754235],[-83.7370587,42.2754235]]],[[[-83.7370338,42.2754239],[-83.7370338,42.2754233],[-83.7370329,42.2754233],[-83.7370329,42.275424],[-83.7370338,42.2754239]]],[[[-83.7370587,42.2754218],[-83.7370586,42.2754211],[-83.7370577,42.2754212],[-83.7370577,42.2754218],[-83.7370587,42.2754218]]],[[[-83.7370338,42.2754222],[-83.7370338,42.2754216],[-83.7370328,42.2754216],[-83.7370329,42.2754223],[-83.7370338,42.2754222]]],[[[-83.7370586,42.2754181],[-83.7370585,42.2754174],[-83.7370576,42.2754174],[-83.7370576,42.2754181],[-83.7370586,42.2754181]]],[[[-83.7370337,42.2754185],[-83.7370336,42.2754178],[-83.7370327,42.2754178],[-83.7370327,42.2754185],[-83.7370337,42.2754185]]],[[[-83.7370585,42.2754164],[-83.7370585,42.2754157],[-83.7370576,42.2754157],[-83.7370576,42.2754164],[-83.7370585,42.2754164]]],[[[-83.7370336,42.2754168],[-83.7370336,42.2754161],[-83.7370327,42.2754161],[-83.7370327,42.2754168],[-83.7370336,42.2754168]]],[[[-83.7373815,42.2754075],[-83.7373814,42.2754072],[-83.7373796,42.2754072],[-83.7373796,42.2754075],[-83.7373815,42.2754075]]],[[[-83.7370584,42.2754126],[-83.7370584,42.2754119],[-83.7370574,42.2754119],[-83.7370575,42.2754126],[-83.7370584,42.2754126]]],[[[-83.7370335,42.275413],[-83.7370335,42.2754123],[-83.7370326,42.2754124],[-83.7370326,42.275413],[-83.7370335,42.275413]]],[[[-83.7373824,42.2754068],[-83.7373823,42.2754054],[-83.7373819,42.2754054],[-83.7373819,42.2754068],[-83.7373824,42.2754068]]],[[[-83.7370583,42.2754109],[-83.7370583,42.2754102],[-83.7370574,42.2754102],[-83.7370574,42.2754109],[-83.7370583,42.2754109]]],[[[-83.7370334,42.2754113],[-83.7370334,42.2754106],[-83.7370325,42.2754107],[-83.7370325,42.2754113],[-83.7370334,42.2754113]]],[[[-83.7373814,42.2754051],[-83.7373814,42.2754048],[-83.7373795,42.2754048],[-83.7373795,42.2754051],[-83.7373814,42.2754051]]],[[[-83.7370582,42.2754072],[-83.7370582,42.2754065],[-83.7370573,42.2754065],[-83.7370573,42.2754072],[-83.7370582,42.2754072]]],[[[-83.7370333,42.2754076],[-83.7370333,42.2754069],[-83.7370324,42.2754069],[-83.7370324,42.2754076],[-83.7370333,42.2754076]]],[[[-83.7370582,42.2754054],[-83.7370581,42.2754048],[-83.7370572,42.2754048],[-83.7370572,42.2754055],[-83.7370582,42.2754054]]],[[[-83.7370333,42.2754059],[-83.7370333,42.2754052],[-83.7370323,42.2754052],[-83.7370324,42.2754059],[-83.7370333,42.2754059]]],[[[-83.737058,42.2754017],[-83.737058,42.275401],[-83.7370571,42.275401],[-83.7370571,42.2754017],[-83.737058,42.2754017]]],[[[-83.7370332,42.2754021],[-83.7370331,42.2754014],[-83.7370322,42.2754015],[-83.7370322,42.2754021],[-83.7370332,42.2754021]]],[[[-83.737058,42.2754],[-83.737058,42.2753993],[-83.7370571,42.2753993],[-83.7370571,42.2754],[-83.737058,42.2754]]],[[[-83.7370579,42.2753962],[-83.7370579,42.2753956],[-83.7370569,42.2753956],[-83.737057,42.2753963],[-83.7370579,42.2753962]]],[[[-83.7370578,42.2753945],[-83.7370578,42.2753939],[-83.7370569,42.2753939],[-83.7370569,42.2753946],[-83.7370578,42.2753945]]],[[[-83.7370577,42.2753908],[-83.7370577,42.2753901],[-83.7370568,42.2753901],[-83.7370568,42.2753908],[-83.7370577,42.2753908]]],[[[-83.7370577,42.2753891],[-83.7370576,42.2753884],[-83.7370567,42.2753884],[-83.7370567,42.2753891],[-83.7370577,42.2753891]]],[[[-83.7370575,42.2753853],[-83.7370575,42.2753846],[-83.7370566,42.2753847],[-83.7370566,42.2753853],[-83.7370575,42.2753853]]],[[[-83.7370359,42.275385],[-83.7370358,42.2753847],[-83.737034,42.2753847],[-83.737034,42.275385],[-83.7370359,42.275385]]],[[[-83.7370368,42.2753843],[-83.7370367,42.275383],[-83.7370363,42.275383],[-83.7370363,42.2753843],[-83.7370368,42.2753843]]],[[[-83.7370575,42.2753836],[-83.7370575,42.2753829],[-83.7370565,42.275383],[-83.7370566,42.2753836],[-83.7370575,42.2753836]]],[[[-83.7370358,42.2753826],[-83.7370358,42.2753823],[-83.7370339,42.2753823],[-83.7370339,42.2753827],[-83.7370358,42.2753826]]],[[[-83.7370574,42.2753799],[-83.7370574,42.2753792],[-83.7370564,42.2753792],[-83.7370564,42.2753799],[-83.7370574,42.2753799]]],[[[-83.7370573,42.2753782],[-83.7370573,42.2753775],[-83.7370564,42.2753775],[-83.7370564,42.2753782],[-83.7370573,42.2753782]]],[[[-83.7370572,42.2753744],[-83.7370572,42.2753737],[-83.7370563,42.2753737],[-83.7370563,42.2753744],[-83.7370572,42.2753744]]],[[[-83.7370571,42.2753727],[-83.7370571,42.275372],[-83.7370562,42.275372],[-83.7370562,42.2753727],[-83.7370571,42.2753727]]],[[[-83.737057,42.275369],[-83.737057,42.2753683],[-83.7370561,42.2753683],[-83.7370561,42.275369],[-83.737057,42.275369]]],[[[-83.7373109,42.2753636],[-83.7373109,42.275363],[-83.73731,42.275363],[-83.73731,42.2753637],[-83.7373109,42.2753636]]],[[[-83.7373086,42.2753637],[-83.7373086,42.275363],[-83.7373077,42.275363],[-83.7373077,42.2753637],[-83.7373086,42.2753637]]],[[[-83.7373036,42.2753638],[-83.7373035,42.2753631],[-83.7373026,42.2753631],[-83.7373026,42.2753638],[-83.7373036,42.2753638]]],[[[-83.7373013,42.2753638],[-83.7373012,42.2753631],[-83.7373003,42.2753631],[-83.7373003,42.2753638],[-83.7373013,42.2753638]]],[[[-83.7372962,42.2753639],[-83.7372962,42.2753632],[-83.7372952,42.2753632],[-83.7372953,42.2753639],[-83.7372962,42.2753639]]],[[[-83.7372939,42.2753639],[-83.7372939,42.2753633],[-83.7372929,42.2753633],[-83.737293,42.275364],[-83.7372939,42.2753639]]],[[[-83.7370547,42.275368],[-83.7370547,42.2753673],[-83.7370538,42.2753673],[-83.7370538,42.275368],[-83.7370547,42.275368]]],[[[-83.7370496,42.2753681],[-83.7370496,42.2753674],[-83.7370487,42.2753674],[-83.7370487,42.2753681],[-83.7370496,42.2753681]]],[[[-83.7370473,42.2753681],[-83.7370473,42.2753674],[-83.7370464,42.2753674],[-83.7370464,42.2753681],[-83.7370473,42.2753681]]],[[[-83.7370423,42.2753682],[-83.7370422,42.2753675],[-83.7370413,42.2753675],[-83.7370413,42.2753682],[-83.7370423,42.2753682]]],[[[-83.7370399,42.2753682],[-83.7370399,42.2753675],[-83.737039,42.2753676],[-83.737039,42.2753682],[-83.7370399,42.2753682]]],[[[-83.7370349,42.2753683],[-83.7370349,42.2753676],[-83.7370339,42.2753676],[-83.737034,42.2753683],[-83.7370349,42.2753683]]],[[[-83.7369415,42.2753597],[-83.7369414,42.275359],[-83.7369405,42.275359],[-83.7369405,42.2753597],[-83.7369415,42.2753597]]],[[[-83.7369364,42.2753597],[-83.7369364,42.2753591],[-83.7369355,42.2753591],[-83.7369355,42.2753598],[-83.7369364,42.2753597]]],[[[-83.7369341,42.2753598],[-83.7369341,42.2753591],[-83.7369331,42.2753591],[-83.7369332,42.2753598],[-83.7369341,42.2753598]]],[[[-83.736929,42.2753599],[-83.736929,42.2753592],[-83.7369281,42.2753592],[-83.7369281,42.2753599],[-83.736929,42.2753599]]],[[[-83.7369418,42.2753559],[-83.7369418,42.2753545],[-83.7369413,42.2753545],[-83.7369413,42.2753559],[-83.7369418,42.2753559]]],[[[-83.73694,42.2753559],[-83.7369399,42.2753546],[-83.7369395,42.2753546],[-83.7369395,42.2753559],[-83.73694,42.2753559]]],[[[-83.7369275,42.2753561],[-83.7369275,42.2753548],[-83.736927,42.2753548],[-83.7369271,42.2753561],[-83.7369275,42.2753561]]],[[[-83.7369197,42.2753563],[-83.7369196,42.2753549],[-83.7369192,42.2753549],[-83.7369192,42.2753563],[-83.7369197,42.2753563]]],[[[-83.7373722,42.2753469],[-83.7373722,42.2753466],[-83.7373704,42.2753466],[-83.7373704,42.2753469],[-83.7373722,42.2753469]]],[[[-83.7373128,42.2753479],[-83.7373127,42.2753476],[-83.7373109,42.2753476],[-83.7373109,42.275348],[-83.7373128,42.2753479]]],[[[-83.7370349,42.2753526],[-83.7370348,42.2753523],[-83.737033,42.2753523],[-83.737033,42.2753526],[-83.7370349,42.2753526]]],[[[-83.7369763,42.2753536],[-83.7369763,42.2753533],[-83.7369745,42.2753533],[-83.7369745,42.2753536],[-83.7369763,42.2753536]]],[[[-83.7373137,42.2753472],[-83.7373136,42.2753459],[-83.7373132,42.2753459],[-83.7373132,42.2753472],[-83.7373137,42.2753472]]],[[[-83.7370358,42.2753519],[-83.7370357,42.2753506],[-83.7370353,42.2753506],[-83.7370353,42.2753519],[-83.7370358,42.2753519]]],[[[-83.7373726,42.2753445],[-83.7373726,42.2753442],[-83.7373707,42.2753442],[-83.7373708,42.2753446],[-83.7373726,42.2753445]]],[[[-83.7373127,42.2753455],[-83.7373127,42.2753452],[-83.7373108,42.2753452],[-83.7373108,42.2753456],[-83.7373127,42.2753455]]],[[[-83.7370348,42.2753502],[-83.7370348,42.2753499],[-83.7370329,42.2753499],[-83.7370329,42.2753503],[-83.7370348,42.2753502]]],[[[-83.7369767,42.2753512],[-83.7369767,42.2753509],[-83.7369749,42.2753509],[-83.7369749,42.2753512],[-83.7369767,42.2753512]]],[[[-83.737359,42.2753379],[-83.737359,42.2753366],[-83.7373585,42.2753366],[-83.7373586,42.2753379],[-83.737359,42.2753379]]],[[[-83.7369857,42.2753442],[-83.7369857,42.2753429],[-83.7369852,42.2753429],[-83.7369853,42.2753442],[-83.7369857,42.2753442]]],[[[-83.737382,42.2753358],[-83.737382,42.2753355],[-83.7373802,42.2753355],[-83.7373802,42.2753359],[-83.737382,42.2753358]]],[[[-83.7369649,42.2753429],[-83.7369649,42.2753425],[-83.7369631,42.2753426],[-83.7369631,42.2753429],[-83.7369649,42.2753429]]],[[[-83.7376669,42.2759011],[-83.7376669,42.2758994],[-83.7376664,42.2758994],[-83.7376665,42.2759011],[-83.7376669,42.2759011]]],[[[-83.7376545,42.275901],[-83.7376544,42.2758993],[-83.737654,42.2758993],[-83.737654,42.275901],[-83.7376545,42.275901]]],[[[-83.7373482,42.2758236],[-83.7373478,42.2758229],[-83.7373468,42.275823],[-83.7373469,42.2758236],[-83.7373482,42.2758236]]],[[[-83.7373454,42.2758206],[-83.7373453,42.2758196],[-83.7373444,42.2758196],[-83.7373444,42.2758203],[-83.7373454,42.2758206]]],[[[-83.7371923,42.2758218],[-83.7371923,42.2758211],[-83.7371909,42.2758212],[-83.7371914,42.2758218],[-83.7371923,42.2758218]]],[[[-83.7371974,42.2758214],[-83.7371969,42.2758207],[-83.737196,42.2758207],[-83.737196,42.2758214],[-83.7371974,42.2758214]]],[[[-83.7372144,42.2758194],[-83.7372144,42.2758191],[-83.737213,42.2758191],[-83.737213,42.2758198],[-83.7372139,42.2758198],[-83.7372139,42.2758194],[-83.7372144,42.2758194]]],[[[-83.7372286,42.2758168],[-83.7372286,42.2758164],[-83.7372272,42.2758165],[-83.7372272,42.2758171],[-83.7372281,42.2758171],[-83.7372281,42.2758168],[-83.7372286,42.2758168]]],[[[-83.7372309,42.2758164],[-83.7372309,42.2758157],[-83.73723,42.2758157],[-83.73723,42.2758161],[-83.7372295,42.2758161],[-83.7372295,42.2758164],[-83.7372309,42.2758164]]],[[[-83.7371438,42.2758179],[-83.7371433,42.2758172],[-83.7371424,42.2758172],[-83.7371424,42.2758179],[-83.7371438,42.2758179]]],[[[-83.7372492,42.275811],[-83.7372491,42.2758103],[-83.7372487,42.2758103],[-83.7372487,42.2758106],[-83.7372478,42.2758107],[-83.7372483,42.2758113],[-83.7372492,42.275811]]],[[[-83.7372515,42.2758102],[-83.7372514,42.2758096],[-83.7372505,42.2758096],[-83.7372505,42.2758099],[-83.7372501,42.2758099],[-83.7372501,42.2758103],[-83.7372515,42.2758102]]],[[[-83.7371205,42.2758118],[-83.7371201,42.2758111],[-83.7371191,42.2758111],[-83.7371192,42.2758118],[-83.7371205,42.2758118]]],[[[-83.7372601,42.275807],[-83.7372601,42.2758063],[-83.7372587,42.2758064],[-83.7372592,42.275807],[-83.7372601,42.275807]]],[[[-83.7372923,42.2758048],[-83.7372923,42.2758038],[-83.7372914,42.2758038],[-83.7372914,42.2758045],[-83.7372923,42.2758048]]],[[[-83.7371094,42.2758079],[-83.7371093,42.2758072],[-83.737108,42.2758072],[-83.7371084,42.2758079],[-83.7371094,42.2758079]]],[[[-83.7373432,42.2757954],[-83.7373432,42.2757947],[-83.7373423,42.2757944],[-83.7373423,42.2757954],[-83.7373432,42.2757954]]],[[[-83.7373359,42.2757819],[-83.7373358,42.2757808],[-83.7373349,42.2757809],[-83.7373349,42.2757815],[-83.7373359,42.2757819]]],[[[-83.7373349,42.2757802],[-83.7373344,42.2757795],[-83.7373335,42.2757795],[-83.7373335,42.2757802],[-83.7373349,42.2757802]]],[[[-83.7373316,42.2757775],[-83.7373316,42.2757765],[-83.7373306,42.2757765],[-83.7373307,42.2757772],[-83.7373316,42.2757775]]],[[[-83.7373287,42.2757745],[-83.7373282,42.2757738],[-83.7373273,42.2757738],[-83.7373273,42.2757745],[-83.7373287,42.2757745]]],[[[-83.737419,42.2757719],[-83.737419,42.2757712],[-83.7374176,42.2757713],[-83.7374181,42.2757719],[-83.737419,42.2757719]]],[[[-83.7373278,42.2757731],[-83.7373278,42.2757728],[-83.7373259,42.2757728],[-83.7373259,42.2757735],[-83.7373264,42.2757735],[-83.7373264,42.2757732],[-83.7373278,42.2757731]]],[[[-83.7373162,42.2754577],[-83.7373161,42.2754567],[-83.7373157,42.2754567],[-83.7373157,42.2754571],[-83.7373152,42.2754571],[-83.7373152,42.2754577],[-83.7373162,42.2754577]]],[[[-83.7372917,42.2754581],[-83.7372917,42.2754575],[-83.7372908,42.2754571],[-83.7372908,42.2754582],[-83.7372917,42.2754581]]],[[[-83.7369335,42.2753564],[-83.7369335,42.2753547],[-83.736933,42.2753547],[-83.7369331,42.2753564],[-83.7369335,42.2753564]]],[[[-83.7369211,42.2753562],[-83.736921,42.2753545],[-83.7369206,42.2753545],[-83.7369206,42.2753563],[-83.7369211,42.2753562]]],[[[-83.737174,42.2759736],[-83.7371739,42.2759716],[-83.7371734,42.2759716],[-83.7371735,42.2759736],[-83.737174,42.2759736]]],[[[-83.7371721,42.2759737],[-83.7371721,42.2759716],[-83.7371716,42.2759716],[-83.7371717,42.2759737],[-83.7371721,42.2759737]]],[[[-83.737168,42.2759737],[-83.7371679,42.2759717],[-83.7371675,42.2759717],[-83.7371675,42.2759737],[-83.737168,42.2759737]]],[[[-83.7371661,42.2759738],[-83.7371661,42.2759717],[-83.7371656,42.2759717],[-83.7371657,42.2759738],[-83.7371661,42.2759738]]],[[[-83.7371288,42.2759744],[-83.7371287,42.2759723],[-83.7371283,42.2759724],[-83.7371283,42.2759744],[-83.7371288,42.2759744]]],[[[-83.737127,42.2759744],[-83.7371269,42.2759724],[-83.7371264,42.2759724],[-83.7371265,42.2759744],[-83.737127,42.2759744]]],[[[-83.7371228,42.2759745],[-83.7371228,42.2759724],[-83.7371223,42.2759725],[-83.7371224,42.2759745],[-83.7371228,42.2759745]]],[[[-83.737121,42.2759745],[-83.7371209,42.2759725],[-83.7371204,42.2759725],[-83.7371205,42.2759745],[-83.737121,42.2759745]]],[[[-83.7371712,42.275972],[-83.7371711,42.2759713],[-83.7371688,42.2759713],[-83.7371688,42.2759717],[-83.7371707,42.2759716],[-83.7371707,42.275972],[-83.7371712,42.275972]]],[[[-83.7371255,42.2759727],[-83.7371255,42.2759721],[-83.7371232,42.2759721],[-83.7371232,42.2759724],[-83.7371251,42.2759724],[-83.7371251,42.2759728],[-83.7371255,42.2759727]]],[[[-83.7373199,42.2759514],[-83.7373199,42.2759493],[-83.7373194,42.2759493],[-83.7373195,42.2759514],[-83.7373199,42.2759514]]],[[[-83.7373181,42.2759514],[-83.737318,42.2759494],[-83.7373175,42.2759494],[-83.7373176,42.2759514],[-83.7373181,42.2759514]]],[[[-83.7373871,42.2759321],[-83.7373871,42.2759318],[-83.7373852,42.2759318],[-83.7373852,42.2759315],[-83.7373848,42.2759315],[-83.7373848,42.2759322],[-83.7373871,42.2759321]]],[[[-83.7370857,42.2759369],[-83.7370856,42.2759349],[-83.7370852,42.2759349],[-83.7370852,42.2759369],[-83.7370857,42.2759369]]],[[[-83.7370838,42.2759369],[-83.7370838,42.2759349],[-83.7370833,42.2759349],[-83.7370834,42.2759369],[-83.7370838,42.2759369]]],[[[-83.7370792,42.275937],[-83.7370792,42.275935],[-83.7370787,42.275935],[-83.7370788,42.275937],[-83.7370792,42.275937]]],[[[-83.7370774,42.2759371],[-83.7370773,42.275935],[-83.7370769,42.275935],[-83.7370769,42.2759371],[-83.7370774,42.2759371]]],[[[-83.7370824,42.2759353],[-83.7370824,42.2759346],[-83.7370801,42.2759346],[-83.7370801,42.275935],[-83.7370819,42.2759349],[-83.7370819,42.2759353],[-83.7370824,42.2759353]]],[[[-83.7376637,42.2759012],[-83.7376636,42.2758991],[-83.7376632,42.2758991],[-83.7376633,42.2759012],[-83.7376637,42.2759012]]],[[[-83.7376577,42.2759013],[-83.7376577,42.2758992],[-83.7376572,42.2758992],[-83.7376573,42.2759013],[-83.7376577,42.2759013]]],[[[-83.737683,42.2758995],[-83.737683,42.2758985],[-83.7376821,42.2758985],[-83.7376821,42.2758995],[-83.737683,42.2758995]]],[[[-83.7376719,42.2758976],[-83.7376718,42.2758956],[-83.7376714,42.2758956],[-83.7376714,42.2758976],[-83.7376719,42.2758976]]],[[[-83.7376701,42.2758977],[-83.73767,42.2758956],[-83.7376695,42.2758956],[-83.7376696,42.2758977],[-83.7376701,42.2758977]]],[[[-83.7376687,42.2758977],[-83.7376686,42.2758956],[-83.7376682,42.2758957],[-83.7376682,42.2758977],[-83.7376687,42.2758977]]],[[[-83.7376668,42.2758977],[-83.7376668,42.2758957],[-83.7376663,42.2758957],[-83.7376664,42.2758977],[-83.7376668,42.2758977]]],[[[-83.7376659,42.2758977],[-83.7376658,42.2758957],[-83.7376654,42.2758957],[-83.7376655,42.2758977],[-83.7376659,42.2758977]]],[[[-83.7376641,42.2758978],[-83.737664,42.2758957],[-83.7376635,42.2758957],[-83.7376636,42.2758978],[-83.7376641,42.2758978]]],[[[-83.7376829,42.275894],[-83.7376828,42.275893],[-83.7376819,42.275893],[-83.7376819,42.2758941],[-83.7376829,42.275894]]],[[[-83.7375349,42.2758965],[-83.7375349,42.2758945],[-83.7375344,42.2758945],[-83.7375345,42.2758966],[-83.7375349,42.2758965]]],[[[-83.7375331,42.2758966],[-83.737533,42.2758945],[-83.7375326,42.2758945],[-83.7375326,42.2758966],[-83.7375331,42.2758966]]],[[[-83.7375376,42.2758948],[-83.7375376,42.2758941],[-83.7375353,42.2758941],[-83.7375353,42.2758945],[-83.7375372,42.2758945],[-83.7375372,42.2758948],[-83.7375376,42.2758948]]],[[[-83.7376827,42.2758886],[-83.7376827,42.2758876],[-83.7376817,42.2758876],[-83.7376818,42.2758886],[-83.7376827,42.2758886]]],[[[-83.7370907,42.2758911],[-83.7370907,42.2758891],[-83.7370902,42.2758891],[-83.7370903,42.2758911],[-83.7370907,42.2758911]]],[[[-83.7370889,42.2758911],[-83.7370888,42.2758891],[-83.7370884,42.2758891],[-83.7370884,42.2758911],[-83.7370889,42.2758911]]],[[[-83.7370363,42.275892],[-83.7370363,42.27589],[-83.7370358,42.27589],[-83.7370359,42.275892],[-83.7370363,42.275892]]],[[[-83.7370345,42.2758921],[-83.7370344,42.27589],[-83.737034,42.27589],[-83.737034,42.2758921],[-83.7370345,42.2758921]]],[[[-83.7370303,42.2758921],[-83.7370303,42.2758901],[-83.7370298,42.2758901],[-83.7370299,42.2758921],[-83.7370303,42.2758921]]],[[[-83.7370285,42.2758922],[-83.7370284,42.2758901],[-83.737028,42.2758901],[-83.737028,42.2758922],[-83.7370285,42.2758922]]],[[[-83.7370331,42.2758904],[-83.737033,42.2758897],[-83.7370307,42.2758897],[-83.7370307,42.2758901],[-83.7370326,42.27589],[-83.7370326,42.2758904],[-83.7370331,42.2758904]]],[[[-83.7373029,42.2758793],[-83.7373029,42.2758783],[-83.737302,42.2758783],[-83.737302,42.2758793],[-83.7373029,42.2758793]]],[[[-83.7373028,42.2758739],[-83.7373027,42.2758728],[-83.7373018,42.2758729],[-83.7373018,42.2758739],[-83.7373028,42.2758739]]],[[[-83.7373026,42.2758684],[-83.7373026,42.2758674],[-83.7373016,42.2758674],[-83.7373017,42.2758684],[-83.7373026,42.2758684]]],[[[-83.7373024,42.275863],[-83.7373024,42.2758619],[-83.7373015,42.2758619],[-83.7373015,42.275863],[-83.7373024,42.275863]]],[[[-83.7371005,42.2758636],[-83.7371004,42.2758616],[-83.7371,42.2758616],[-83.7371,42.2758637],[-83.7371005,42.2758636]]],[[[-83.7370986,42.2758637],[-83.7370986,42.2758616],[-83.7370981,42.2758616],[-83.7370982,42.2758637],[-83.7370986,42.2758637]]],[[[-83.7370945,42.2758637],[-83.7370944,42.2758617],[-83.737094,42.2758617],[-83.737094,42.2758638],[-83.7370945,42.2758637]]],[[[-83.7370926,42.2758638],[-83.7370926,42.2758617],[-83.7370921,42.2758617],[-83.7370922,42.2758638],[-83.7370926,42.2758638]]],[[[-83.7370977,42.275862],[-83.7370976,42.2758613],[-83.7370953,42.2758613],[-83.7370953,42.2758617],[-83.7370972,42.2758617],[-83.7370972,42.275862],[-83.7370977,42.275862]]],[[[-83.7373023,42.2758575],[-83.7373022,42.2758565],[-83.7373013,42.2758565],[-83.7373013,42.2758575],[-83.7373023,42.2758575]]],[[[-83.7373021,42.275852],[-83.7373021,42.275851],[-83.7373011,42.275851],[-83.7373012,42.2758521],[-83.7373021,42.275852]]],[[[-83.7373019,42.2758466],[-83.7373019,42.2758456],[-83.737301,42.2758456],[-83.737301,42.2758466],[-83.7373019,42.2758466]]],[[[-83.7372124,42.2758457],[-83.7372124,42.2758437],[-83.7372119,42.2758437],[-83.737212,42.2758457],[-83.7372124,42.2758457]]],[[[-83.7372106,42.2758457],[-83.7372105,42.2758437],[-83.7372101,42.2758437],[-83.7372101,42.2758457],[-83.7372106,42.2758457]]],[[[-83.7372092,42.2758458],[-83.7372091,42.2758437],[-83.7372087,42.2758437],[-83.7372087,42.2758458],[-83.7372092,42.2758458]]],[[[-83.7372074,42.2758458],[-83.7372073,42.2758438],[-83.7372068,42.2758438],[-83.7372069,42.2758458],[-83.7372074,42.2758458]]],[[[-83.7373017,42.2758411],[-83.7373017,42.2758401],[-83.7373008,42.2758401],[-83.7373008,42.2758411],[-83.7373017,42.2758411]]],[[[-83.7373014,42.2758302],[-83.7373014,42.2758292],[-83.7373005,42.2758292],[-83.7373005,42.2758302],[-83.7373014,42.2758302]]],[[[-83.7374207,42.2758265],[-83.7374207,42.2758258],[-83.7374198,42.2758258],[-83.7374198,42.2758265],[-83.7374193,42.2758265],[-83.7374193,42.2758269],[-83.7374203,42.2758268],[-83.7374203,42.2758265],[-83.7374207,42.2758265]]],[[[-83.7373562,42.2758276],[-83.7373562,42.2758269],[-83.7373548,42.2758269],[-83.7373548,42.2758276],[-83.7373562,42.2758276]]],[[[-83.7373539,42.2758269],[-83.7373539,42.2758263],[-83.7373525,42.2758263],[-83.7373525,42.275827],[-83.7373539,42.2758269]]],[[[-83.7374206,42.2758231],[-83.7374206,42.2758221],[-83.7374197,42.2758221],[-83.7374197,42.2758231],[-83.7374206,42.2758231]]],[[[-83.7373012,42.2758248],[-83.7373012,42.2758237],[-83.7373003,42.2758238],[-83.7373003,42.2758248],[-83.7373012,42.2758248]]],[[[-83.7373468,42.2758219],[-83.7373463,42.2758213],[-83.7373454,42.2758213],[-83.7373454,42.275822],[-83.7373459,42.275822],[-83.7373459,42.2758223],[-83.7373468,42.2758219]]],[[[-83.73719,42.2758219],[-83.73719,42.2758212],[-83.7371886,42.2758212],[-83.7371886,42.2758219],[-83.73719,42.2758219]]],[[[-83.7371826,42.275822],[-83.7371826,42.2758213],[-83.7371812,42.2758213],[-83.7371813,42.275822],[-83.7371826,42.275822]]],[[[-83.7374204,42.2758176],[-83.7374204,42.2758166],[-83.7374195,42.2758166],[-83.7374195,42.2758176],[-83.7374204,42.2758176]]],[[[-83.7373449,42.2758189],[-83.7373448,42.2758179],[-83.7373439,42.2758179],[-83.7373439,42.2758189],[-83.7373449,42.2758189]]],[[[-83.7371997,42.2758214],[-83.7371997,42.2758207],[-83.7371983,42.2758207],[-83.7371983,42.2758214],[-83.7371997,42.2758214]]],[[[-83.7371753,42.2758218],[-83.7371752,42.2758211],[-83.7371739,42.2758211],[-83.7371739,42.2758218],[-83.7371753,42.2758218]]],[[[-83.7373011,42.2758193],[-83.737301,42.2758183],[-83.7373001,42.2758183],[-83.7373001,42.2758193],[-83.7373011,42.2758193]]],[[[-83.737207,42.2758206],[-83.737207,42.2758199],[-83.7372056,42.2758199],[-83.7372057,42.2758206],[-83.737207,42.2758206]]],[[[-83.7371679,42.2758212],[-83.7371678,42.2758205],[-83.7371665,42.2758206],[-83.7371665,42.2758212],[-83.7371679,42.2758212]]],[[[-83.7371605,42.2758207],[-83.7371605,42.27582],[-83.7371591,42.27582],[-83.7371591,42.2758207],[-83.7371605,42.2758207]]],[[[-83.7372167,42.2758194],[-83.7372167,42.2758187],[-83.7372153,42.2758187],[-83.7372153,42.2758194],[-83.7372167,42.2758194]]],[[[-83.7371582,42.2758204],[-83.7371581,42.2758197],[-83.7371568,42.2758197],[-83.7371568,42.2758204],[-83.7371582,42.2758204]]],[[[-83.7372263,42.2758175],[-83.7372263,42.2758168],[-83.7372249,42.2758168],[-83.7372249,42.2758175],[-83.7372263,42.2758175]]],[[[-83.7371484,42.2758188],[-83.7371484,42.2758181],[-83.737147,42.2758182],[-83.737147,42.2758188],[-83.7371484,42.2758188]]],[[[-83.7371461,42.2758185],[-83.7371461,42.2758178],[-83.7371447,42.2758179],[-83.7371447,42.2758185],[-83.7371461,42.2758185]]],[[[-83.737301,42.2758156],[-83.7373009,42.2758145],[-83.7373,42.2758145],[-83.7373,42.2758156],[-83.737301,42.2758156]]],[[[-83.7374203,42.2758122],[-83.7374202,42.2758111],[-83.7374193,42.2758112],[-83.7374194,42.2758122],[-83.7374203,42.2758122]]],[[[-83.7374201,42.2758067],[-83.7374201,42.2758057],[-83.7374192,42.2758057],[-83.7374192,42.2758067],[-83.7374201,42.2758067]]],[[[-83.7372537,42.2758095],[-83.7372537,42.2758088],[-83.7372523,42.2758089],[-83.7372524,42.2758096],[-83.7372537,42.2758095]]],[[[-83.7371182,42.2758111],[-83.7371182,42.2758105],[-83.7371168,42.2758105],[-83.7371168,42.2758112],[-83.7371182,42.2758111]]],[[[-83.7371117,42.2758089],[-83.7371117,42.2758082],[-83.7371112,42.2758082],[-83.7371112,42.2758078],[-83.7371103,42.2758082],[-83.7371108,42.2758089],[-83.7371117,42.2758089]]],[[[-83.7374199,42.2758013],[-83.7374199,42.2758002],[-83.737419,42.2758002],[-83.737419,42.2758013],[-83.7374199,42.2758013]]],[[[-83.737383,42.2758002],[-83.737383,42.2757998],[-83.7373812,42.2757999],[-83.7373811,42.2757995],[-83.7373807,42.2757995],[-83.7373807,42.2758002],[-83.737383,42.2758002]]],[[[-83.7373802,42.2757999],[-83.7373802,42.2757978],[-83.7373797,42.2757978],[-83.7373798,42.2757999],[-83.7373802,42.2757999]]],[[[-83.7373784,42.2757999],[-83.7373783,42.2757979],[-83.7373779,42.2757979],[-83.7373779,42.2757999],[-83.7373784,42.2757999]]],[[[-83.7372788,42.2758013],[-83.7372788,42.2758006],[-83.7372774,42.2758006],[-83.7372775,42.2758013],[-83.7372788,42.2758013]]],[[[-83.7374198,42.2757958],[-83.7374197,42.2757948],[-83.7374188,42.2757948],[-83.7374188,42.2757958],[-83.7374198,42.2757958]]],[[[-83.7374196,42.2757903],[-83.7374196,42.2757893],[-83.7374186,42.2757893],[-83.7374187,42.2757904],[-83.7374196,42.2757903]]],[[[-83.7370885,42.2757908],[-83.7370885,42.2757888],[-83.737088,42.2757888],[-83.7370881,42.2757908],[-83.7370885,42.2757908]]],[[[-83.7370867,42.2757909],[-83.7370866,42.2757888],[-83.7370862,42.2757888],[-83.7370862,42.2757909],[-83.7370867,42.2757909]]],[[[-83.7370853,42.2757909],[-83.7370853,42.2757888],[-83.7370848,42.2757888],[-83.7370849,42.2757909],[-83.7370853,42.2757909]]],[[[-83.7370835,42.2757909],[-83.7370834,42.2757889],[-83.7370829,42.2757889],[-83.737083,42.2757909],[-83.7370835,42.2757909]]],[[[-83.7374194,42.2757849],[-83.7374194,42.2757839],[-83.7374185,42.2757839],[-83.7374185,42.2757849],[-83.7374194,42.2757849]]],[[[-83.7369885,42.2757912],[-83.7369884,42.2757891],[-83.736988,42.2757891],[-83.736988,42.2757912],[-83.7369885,42.2757912]]],[[[-83.7369866,42.2757912],[-83.7369866,42.2757891],[-83.7369861,42.2757892],[-83.7369862,42.2757912],[-83.7369866,42.2757912]]],[[[-83.7372074,42.2757871],[-83.7372073,42.2757851],[-83.7372069,42.2757851],[-83.7372069,42.2757871],[-83.7372074,42.2757871]]],[[[-83.7372055,42.2757871],[-83.7372055,42.2757851],[-83.737205,42.2757851],[-83.7372051,42.2757871],[-83.7372055,42.2757871]]],[[[-83.7371687,42.2757878],[-83.7371686,42.2757857],[-83.7371682,42.2757857],[-83.7371682,42.2757878],[-83.7371687,42.2757878]]],[[[-83.7371668,42.2757878],[-83.7371668,42.2757858],[-83.7371663,42.2757858],[-83.7371664,42.2757878],[-83.7371668,42.2757878]]],[[[-83.7371659,42.2757861],[-83.7371658,42.2757854],[-83.7371635,42.2757855],[-83.7371635,42.2757858],[-83.7371654,42.2757858],[-83.7371654,42.2757861],[-83.7371659,42.2757861]]],[[[-83.7374193,42.2757794],[-83.7374192,42.2757784],[-83.7374183,42.2757784],[-83.7374183,42.2757794],[-83.7374193,42.2757794]]],[[[-83.7370381,42.2757849],[-83.737038,42.2757828],[-83.7370376,42.2757828],[-83.7370376,42.2757849],[-83.7370381,42.2757849]]],[[[-83.7370363,42.2757849],[-83.7370362,42.2757828],[-83.7370357,42.2757829],[-83.7370358,42.2757849],[-83.7370363,42.2757849]]],[[[-83.7373335,42.2757788],[-83.7373335,42.2757782],[-83.737333,42.2757782],[-83.737333,42.2757778],[-83.7373321,42.2757782],[-83.7373326,42.2757789],[-83.7373335,42.2757788]]],[[[-83.7370348,42.2757832],[-83.7370348,42.2757825],[-83.7370325,42.2757826],[-83.7370325,42.2757829],[-83.7370343,42.2757829],[-83.7370344,42.2757832],[-83.7370348,42.2757832]]],[[[-83.7374191,42.275774],[-83.7374191,42.275773],[-83.7374181,42.275773],[-83.7374182,42.275774],[-83.7374191,42.275774]]],[[[-83.7369984,42.2757695],[-83.7369984,42.2757674],[-83.7369979,42.2757675],[-83.736998,42.2757695],[-83.7369984,42.2757695]]],[[[-83.7369966,42.2757695],[-83.7369965,42.2757675],[-83.7369961,42.2757675],[-83.7369961,42.2757695],[-83.7369966,42.2757695]]],[[[-83.7369924,42.2757696],[-83.7369924,42.2757675],[-83.7369919,42.2757676],[-83.736992,42.2757696],[-83.7369924,42.2757696]]],[[[-83.7369906,42.2757696],[-83.7369905,42.2757676],[-83.7369901,42.2757676],[-83.7369901,42.2757696],[-83.7369906,42.2757696]]],[[[-83.7369325,42.2757706],[-83.7369325,42.2757686],[-83.736932,42.2757686],[-83.7369321,42.2757706],[-83.7369325,42.2757706]]],[[[-83.7369307,42.2757706],[-83.7369306,42.2757686],[-83.7369301,42.2757686],[-83.7369302,42.2757706],[-83.7369307,42.2757706]]],[[[-83.7369265,42.2757707],[-83.7369265,42.2757687],[-83.736926,42.2757687],[-83.7369261,42.2757707],[-83.7369265,42.2757707]]],[[[-83.7369247,42.2757707],[-83.7369246,42.2757687],[-83.7369242,42.2757687],[-83.7369242,42.2757708],[-83.7369247,42.2757707]]],[[[-83.7369297,42.275769],[-83.7369297,42.2757683],[-83.7369274,42.2757683],[-83.7369274,42.2757686],[-83.7369292,42.2757686],[-83.7369292,42.275769],[-83.7369297,42.275769]]],[[[-83.7373193,42.2757521],[-83.7373193,42.2757514],[-83.7373179,42.2757515],[-83.7373179,42.2757521],[-83.7373193,42.2757521]]],[[[-83.7373119,42.2757522],[-83.7373119,42.2757516],[-83.7373105,42.2757516],[-83.7373105,42.2757523],[-83.7373119,42.2757522]]],[[[-83.7373045,42.2757524],[-83.7373045,42.2757517],[-83.7373031,42.2757517],[-83.7373031,42.2757524],[-83.7373045,42.2757524]]],[[[-83.7372972,42.2757525],[-83.7372971,42.2757518],[-83.7372958,42.2757518],[-83.7372958,42.2757525],[-83.7372972,42.2757525]]],[[[-83.7372898,42.2757526],[-83.7372898,42.2757519],[-83.7372884,42.275752],[-83.7372884,42.2757526],[-83.7372898,42.2757526]]],[[[-83.7372824,42.2757527],[-83.7372824,42.2757521],[-83.737281,42.2757521],[-83.737281,42.2757528],[-83.7372824,42.2757527]]],[[[-83.737275,42.2757529],[-83.737275,42.2757522],[-83.7372736,42.2757522],[-83.7372737,42.2757529],[-83.737275,42.2757529]]],[[[-83.7372677,42.275753],[-83.7372676,42.2757523],[-83.7372663,42.2757523],[-83.7372663,42.275753],[-83.7372677,42.275753]]],[[[-83.7372603,42.2757531],[-83.7372603,42.2757524],[-83.7372589,42.2757525],[-83.7372589,42.2757531],[-83.7372603,42.2757531]]],[[[-83.7372529,42.2757532],[-83.7372529,42.2757526],[-83.7372515,42.2757526],[-83.7372515,42.2757533],[-83.7372529,42.2757532]]],[[[-83.7372455,42.2757534],[-83.7372455,42.2757527],[-83.7372441,42.2757527],[-83.7372442,42.2757534],[-83.7372455,42.2757534]]],[[[-83.7372382,42.2757535],[-83.7372381,42.2757528],[-83.7372368,42.2757528],[-83.7372368,42.2757535],[-83.7372382,42.2757535]]],[[[-83.7372308,42.2757536],[-83.7372308,42.2757529],[-83.7372294,42.275753],[-83.7372294,42.2757536],[-83.7372308,42.2757536]]],[[[-83.7372234,42.2757537],[-83.7372234,42.2757531],[-83.737222,42.2757531],[-83.737222,42.2757538],[-83.7372234,42.2757537]]],[[[-83.737216,42.2757539],[-83.737216,42.2757532],[-83.7372146,42.2757532],[-83.7372147,42.2757539],[-83.737216,42.2757539]]],[[[-83.7372087,42.275754],[-83.7372087,42.2757533],[-83.7372073,42.2757533],[-83.7372073,42.275754],[-83.7372087,42.275754]]],[[[-83.7372013,42.2757541],[-83.7372013,42.2757534],[-83.7371999,42.2757535],[-83.7371999,42.2757541],[-83.7372013,42.2757541]]],[[[-83.7371939,42.2757542],[-83.7371939,42.2757536],[-83.7371925,42.2757536],[-83.7371925,42.2757543],[-83.7371939,42.2757542]]],[[[-83.7371657,42.2757499],[-83.7371656,42.2757479],[-83.7371651,42.2757479],[-83.7371652,42.27575],[-83.7371657,42.2757499]]],[[[-83.7371638,42.27575],[-83.7371638,42.2757479],[-83.7371633,42.2757479],[-83.7371634,42.27575],[-83.7371638,42.27575]]],[[[-83.7371325,42.2757505],[-83.7371324,42.2757485],[-83.737132,42.2757485],[-83.737132,42.2757505],[-83.7371325,42.2757505]]],[[[-83.7371306,42.2757505],[-83.7371306,42.2757485],[-83.7371301,42.2757485],[-83.7371302,42.2757505],[-83.7371306,42.2757505]]],[[[-83.7371011,42.27575],[-83.7371011,42.2757497],[-83.7370993,42.2757497],[-83.7370992,42.2757494],[-83.7370988,42.2757494],[-83.7370988,42.2757501],[-83.7371011,42.27575]]],[[[-83.7371076,42.2757496],[-83.7371075,42.2757475],[-83.737107,42.2757475],[-83.7371071,42.2757496],[-83.7371076,42.2757496]]],[[[-83.7371057,42.2757496],[-83.7371056,42.2757475],[-83.7371052,42.2757476],[-83.7371052,42.2757496],[-83.7371057,42.2757496]]],[[[-83.7371043,42.2757496],[-83.7371043,42.2757476],[-83.7371038,42.2757476],[-83.7371039,42.2757496],[-83.7371043,42.2757496]]],[[[-83.7371025,42.2757496],[-83.7371024,42.2757476],[-83.737102,42.2757476],[-83.737102,42.2757497],[-83.7371025,42.2757496]]],[[[-83.7371628,42.2757483],[-83.7371628,42.2757476],[-83.7371605,42.2757476],[-83.7371605,42.275748],[-83.7371624,42.275748],[-83.7371624,42.2757483],[-83.7371628,42.2757483]]],[[[-83.737361,42.2757446],[-83.737361,42.2757442],[-83.7373592,42.2757443],[-83.7373591,42.2757439],[-83.7373587,42.2757439],[-83.7373587,42.2757446],[-83.737361,42.2757446]]],[[[-83.7370907,42.2757427],[-83.7370907,42.2757423],[-83.7370889,42.2757424],[-83.7370889,42.275742],[-83.7370884,42.275742],[-83.7370884,42.2757427],[-83.7370907,42.2757427]]],[[[-83.7370967,42.2757422],[-83.7370967,42.2757402],[-83.7370962,42.2757402],[-83.7370963,42.2757422],[-83.7370967,42.2757422]]],[[[-83.7370949,42.2757423],[-83.7370948,42.2757402],[-83.7370944,42.2757402],[-83.7370944,42.2757423],[-83.7370949,42.2757423]]],[[[-83.7370935,42.2757423],[-83.7370934,42.2757402],[-83.737093,42.2757403],[-83.737093,42.2757423],[-83.7370935,42.2757423]]],[[[-83.7370917,42.2757423],[-83.7370916,42.2757403],[-83.7370911,42.2757403],[-83.7370912,42.2757423],[-83.7370917,42.2757423]]],[[[-83.7369916,42.275742],[-83.7369915,42.2757399],[-83.7369911,42.2757399],[-83.7369911,42.275742],[-83.7369916,42.275742]]],[[[-83.7369897,42.275742],[-83.7369897,42.27574],[-83.7369892,42.27574],[-83.7369893,42.275742],[-83.7369897,42.275742]]],[[[-83.7369855,42.2757404],[-83.7369855,42.2757397],[-83.7369832,42.2757397],[-83.7369832,42.2757401],[-83.7369851,42.27574],[-83.7369851,42.2757404],[-83.7369855,42.2757404]]],[[[-83.7370254,42.2757339],[-83.7370254,42.2757318],[-83.7370249,42.2757319],[-83.737025,42.2757339],[-83.7370254,42.2757339]]],[[[-83.7370236,42.2757339],[-83.7370235,42.2757319],[-83.7370231,42.2757319],[-83.7370231,42.2757339],[-83.7370236,42.2757339]]],[[[-83.7370194,42.2757323],[-83.7370194,42.2757316],[-83.7370171,42.2757316],[-83.7370171,42.275732],[-83.7370189,42.275732],[-83.7370189,42.2757323],[-83.7370194,42.2757323]]],[[[-83.7372627,42.2757111],[-83.7372626,42.2757091],[-83.7372622,42.2757091],[-83.7372622,42.2757111],[-83.7372627,42.2757111]]],[[[-83.7372608,42.2757111],[-83.7372608,42.2757091],[-83.7372603,42.2757091],[-83.7372604,42.2757112],[-83.7372608,42.2757111]]],[[[-83.7372595,42.2757112],[-83.7372594,42.2757091],[-83.7372589,42.2757091],[-83.737259,42.2757112],[-83.7372595,42.2757112]]],[[[-83.7372576,42.2757112],[-83.7372575,42.2757092],[-83.7372571,42.2757092],[-83.7372571,42.2757112],[-83.7372576,42.2757112]]],[[[-83.7371945,42.2757123],[-83.7371944,42.2757102],[-83.7371939,42.2757102],[-83.737194,42.2757123],[-83.7371945,42.2757123]]],[[[-83.7371926,42.2757123],[-83.7371926,42.2757103],[-83.7371921,42.2757103],[-83.7371922,42.2757123],[-83.7371926,42.2757123]]],[[[-83.7370903,42.275714],[-83.7370902,42.275712],[-83.7370898,42.275712],[-83.7370899,42.275714],[-83.7370903,42.275714]]],[[[-83.7370885,42.2757141],[-83.7370884,42.275712],[-83.7370879,42.275712],[-83.737088,42.2757141],[-83.7370885,42.2757141]]],[[[-83.7370553,42.2757146],[-83.7370552,42.2757126],[-83.7370548,42.2757126],[-83.7370548,42.2757146],[-83.7370553,42.2757146]]],[[[-83.7370534,42.2757147],[-83.7370534,42.2757126],[-83.7370529,42.2757126],[-83.737053,42.2757147],[-83.7370534,42.2757147]]],[[[-83.736963,42.2757138],[-83.736963,42.2757117],[-83.7369625,42.2757118],[-83.7369626,42.2757138],[-83.736963,42.2757138]]],[[[-83.7369612,42.2757138],[-83.7369611,42.2757118],[-83.7369607,42.2757118],[-83.7369607,42.2757138],[-83.7369612,42.2757138]]],[[[-83.737385,42.2757002],[-83.7373849,42.2756981],[-83.7373845,42.2756981],[-83.7373845,42.2757002],[-83.737385,42.2757002]]],[[[-83.7373831,42.2757002],[-83.7373831,42.2756982],[-83.7373826,42.2756982],[-83.7373827,42.2757002],[-83.7373831,42.2757002]]],[[[-83.7370283,42.2757062],[-83.7370282,42.2757042],[-83.7370278,42.2757042],[-83.7370278,42.2757062],[-83.7370283,42.2757062]]],[[[-83.7370264,42.2757062],[-83.7370264,42.2757042],[-83.7370259,42.2757042],[-83.737026,42.2757062],[-83.7370264,42.2757062]]],[[[-83.7369854,42.2756929],[-83.7369854,42.2756909],[-83.7369849,42.2756909],[-83.736985,42.275693],[-83.7369854,42.2756929]]],[[[-83.7369836,42.275693],[-83.7369835,42.2756909],[-83.7369831,42.2756909],[-83.7369831,42.275693],[-83.7369836,42.275693]]],[[[-83.7371952,42.2756764],[-83.7371951,42.2756744],[-83.7371947,42.2756744],[-83.7371947,42.2756764],[-83.7371952,42.2756764]]],[[[-83.7371934,42.2756765],[-83.7371933,42.2756744],[-83.7371928,42.2756744],[-83.7371929,42.2756765],[-83.7371934,42.2756765]]],[[[-83.7371565,42.2756771],[-83.7371564,42.275675],[-83.737156,42.275675],[-83.737156,42.2756771],[-83.7371565,42.2756771]]],[[[-83.7371546,42.2756771],[-83.7371546,42.2756751],[-83.7371541,42.2756751],[-83.7371542,42.2756771],[-83.7371546,42.2756771]]],[[[-83.7371275,42.2756776],[-83.7371274,42.2756755],[-83.7371269,42.2756755],[-83.737127,42.2756776],[-83.7371275,42.2756776]]],[[[-83.7371256,42.2756776],[-83.7371255,42.2756756],[-83.7371251,42.2756756],[-83.7371252,42.2756776],[-83.7371256,42.2756776]]],[[[-83.7371242,42.2756759],[-83.7371242,42.2756752],[-83.7371219,42.2756753],[-83.7371219,42.2756756],[-83.7371237,42.2756756],[-83.7371237,42.2756759],[-83.7371242,42.2756759]]],[[[-83.7370292,42.2756755],[-83.7370291,42.2756734],[-83.7370286,42.2756734],[-83.7370287,42.2756755],[-83.7370292,42.2756755]]],[[[-83.7370273,42.2756755],[-83.7370273,42.2756735],[-83.7370268,42.2756735],[-83.7370269,42.2756755],[-83.7370273,42.2756755]]],[[[-83.7370232,42.2756756],[-83.7370231,42.2756735],[-83.7370227,42.2756735],[-83.7370227,42.2756756],[-83.7370232,42.2756756]]],[[[-83.7370213,42.2756756],[-83.7370213,42.2756736],[-83.7370208,42.2756736],[-83.7370209,42.2756756],[-83.7370213,42.2756756]]],[[[-83.7369859,42.2756762],[-83.7369858,42.2756742],[-83.7369853,42.2756742],[-83.7369854,42.2756762],[-83.7369859,42.2756762]]],[[[-83.736984,42.2756762],[-83.7369839,42.2756742],[-83.7369835,42.2756742],[-83.7369835,42.2756763],[-83.736984,42.2756762]]],[[[-83.7369798,42.2756746],[-83.7369798,42.2756739],[-83.7369775,42.275674],[-83.7369775,42.2756743],[-83.7369793,42.2756743],[-83.7369793,42.2756746],[-83.7369798,42.2756746]]],[[[-83.7372962,42.2756611],[-83.7372961,42.2756604],[-83.7372948,42.2756604],[-83.7372948,42.2756611],[-83.7372962,42.2756611]]],[[[-83.7372888,42.2756612],[-83.7372888,42.2756605],[-83.7372874,42.2756605],[-83.7372874,42.2756612],[-83.7372888,42.2756612]]],[[[-83.7372814,42.2756613],[-83.7372814,42.2756606],[-83.73728,42.2756607],[-83.73728,42.2756613],[-83.7372814,42.2756613]]],[[[-83.737274,42.2756614],[-83.737274,42.2756608],[-83.7372726,42.2756608],[-83.7372727,42.2756615],[-83.737274,42.2756614]]],[[[-83.7372667,42.2756616],[-83.7372667,42.2756609],[-83.7372653,42.2756609],[-83.7372653,42.2756616],[-83.7372667,42.2756616]]],[[[-83.7372593,42.2756617],[-83.7372593,42.275661],[-83.7372579,42.275661],[-83.7372579,42.2756617],[-83.7372593,42.2756617]]],[[[-83.7372519,42.2756618],[-83.7372519,42.2756611],[-83.7372505,42.2756612],[-83.7372505,42.2756618],[-83.7372519,42.2756618]]],[[[-83.7372446,42.2756619],[-83.7372445,42.2756613],[-83.7372432,42.2756613],[-83.7372432,42.275662],[-83.7372446,42.2756619]]],[[[-83.7372372,42.2756621],[-83.7372372,42.2756614],[-83.7372358,42.2756614],[-83.7372358,42.2756621],[-83.7372372,42.2756621]]],[[[-83.7372298,42.2756622],[-83.7372298,42.2756615],[-83.7372284,42.2756615],[-83.7372284,42.2756622],[-83.7372298,42.2756622]]],[[[-83.7372224,42.2756623],[-83.7372224,42.2756616],[-83.737221,42.2756617],[-83.7372211,42.2756623],[-83.7372224,42.2756623]]],[[[-83.7371049,42.2756643],[-83.7371049,42.2756636],[-83.7371035,42.2756637],[-83.7371035,42.2756643],[-83.7371049,42.2756643]]],[[[-83.7370975,42.2756644],[-83.7370975,42.2756638],[-83.7370961,42.2756638],[-83.7370962,42.2756645],[-83.7370975,42.2756644]]],[[[-83.7370902,42.2756646],[-83.7370901,42.2756639],[-83.7370888,42.2756639],[-83.7370888,42.2756646],[-83.7370902,42.2756646]]],[[[-83.7370828,42.2756647],[-83.7370828,42.275664],[-83.7370814,42.275664],[-83.7370814,42.2756647],[-83.7370828,42.2756647]]],[[[-83.7370754,42.2756648],[-83.7370754,42.2756641],[-83.737074,42.2756641],[-83.737074,42.2756648],[-83.7370754,42.2756648]]],[[[-83.737068,42.2756649],[-83.737068,42.2756643],[-83.7370666,42.2756643],[-83.7370667,42.275665],[-83.737068,42.2756649]]],[[[-83.7370607,42.2756651],[-83.7370606,42.2756644],[-83.7370593,42.2756644],[-83.7370593,42.2756651],[-83.7370607,42.2756651]]],[[[-83.7370533,42.2756652],[-83.7370533,42.2756645],[-83.7370519,42.2756645],[-83.7370519,42.2756652],[-83.7370533,42.2756652]]],[[[-83.7370459,42.2756653],[-83.7370459,42.2756646],[-83.7370445,42.2756646],[-83.7370445,42.2756653],[-83.7370459,42.2756653]]],[[[-83.7371807,42.2756555],[-83.7371807,42.2756535],[-83.7371802,42.2756535],[-83.7371803,42.2756555],[-83.7371807,42.2756555]]],[[[-83.7371789,42.2756556],[-83.7371788,42.2756535],[-83.7371784,42.2756535],[-83.7371784,42.2756556],[-83.7371789,42.2756556]]],[[[-83.7372897,42.2756448],[-83.7372897,42.2756441],[-83.7372883,42.2756441],[-83.7372883,42.2756448],[-83.7372897,42.2756448]]],[[[-83.7372823,42.2756449],[-83.7372823,42.2756442],[-83.7372809,42.2756443],[-83.7372809,42.275645],[-83.7372823,42.2756449]]],[[[-83.7372749,42.2756451],[-83.7372749,42.2756444],[-83.7372735,42.2756444],[-83.7372735,42.2756451],[-83.7372749,42.2756451]]],[[[-83.7372676,42.2756452],[-83.7372675,42.2756445],[-83.7372661,42.2756445],[-83.7372662,42.2756452],[-83.7372676,42.2756452]]],[[[-83.7372602,42.2756453],[-83.7372602,42.2756446],[-83.7372588,42.2756446],[-83.7372588,42.2756453],[-83.7372602,42.2756453]]],[[[-83.7372528,42.2756454],[-83.7372528,42.2756447],[-83.7372514,42.2756448],[-83.7372514,42.2756455],[-83.7372528,42.2756454]]],[[[-83.7372454,42.2756456],[-83.7372454,42.2756449],[-83.737244,42.2756449],[-83.737244,42.2756456],[-83.7372454,42.2756456]]],[[[-83.7372381,42.2756457],[-83.737238,42.275645],[-83.7372367,42.275645],[-83.7372367,42.2756457],[-83.7372381,42.2756457]]],[[[-83.7372307,42.2756458],[-83.7372307,42.2756451],[-83.7372293,42.2756451],[-83.7372293,42.2756458],[-83.7372307,42.2756458]]],[[[-83.7372233,42.2756459],[-83.7372233,42.2756452],[-83.7372219,42.2756453],[-83.7372219,42.275646],[-83.7372233,42.2756459]]],[[[-83.7372159,42.2756461],[-83.7372159,42.2756454],[-83.7372145,42.2756454],[-83.7372146,42.2756461],[-83.7372159,42.2756461]]],[[[-83.7372086,42.2756462],[-83.7372085,42.2756455],[-83.7372072,42.2756455],[-83.7372072,42.2756462],[-83.7372086,42.2756462]]],[[[-83.7372012,42.2756463],[-83.7372012,42.2756456],[-83.7371998,42.2756456],[-83.7371998,42.2756463],[-83.7372012,42.2756463]]],[[[-83.7371938,42.2756464],[-83.7371938,42.2756457],[-83.7371924,42.2756458],[-83.7371924,42.2756465],[-83.7371938,42.2756464]]],[[[-83.7371864,42.2756466],[-83.7371864,42.2756459],[-83.737185,42.2756459],[-83.7371851,42.2756466],[-83.7371864,42.2756466]]],[[[-83.7371791,42.2756467],[-83.737179,42.275646],[-83.7371777,42.275646],[-83.7371777,42.2756467],[-83.7371791,42.2756467]]],[[[-83.7371717,42.2756468],[-83.7371717,42.2756461],[-83.7371703,42.2756461],[-83.7371703,42.2756468],[-83.7371717,42.2756468]]],[[[-83.7371643,42.2756469],[-83.7371643,42.2756462],[-83.7371629,42.2756463],[-83.7371629,42.2756469],[-83.7371643,42.2756469]]],[[[-83.7371569,42.2756471],[-83.7371569,42.2756464],[-83.7371555,42.2756464],[-83.7371556,42.2756471],[-83.7371569,42.2756471]]],[[[-83.7371496,42.2756472],[-83.7371495,42.2756465],[-83.7371482,42.2756465],[-83.7371482,42.2756472],[-83.7371496,42.2756472]]],[[[-83.7371422,42.2756473],[-83.7371422,42.2756466],[-83.7371408,42.2756466],[-83.7371408,42.2756473],[-83.7371422,42.2756473]]],[[[-83.7371348,42.2756474],[-83.7371348,42.2756467],[-83.7371334,42.2756468],[-83.7371334,42.2756474],[-83.7371348,42.2756474]]],[[[-83.7371053,42.2756479],[-83.7371053,42.2756472],[-83.7371039,42.2756473],[-83.7371039,42.2756479],[-83.7371053,42.2756479]]],[[[-83.737098,42.275648],[-83.7370979,42.2756474],[-83.7370965,42.2756474],[-83.7370966,42.2756481],[-83.737098,42.275648]]],[[[-83.7370906,42.2756482],[-83.7370906,42.2756475],[-83.7370892,42.2756475],[-83.7370892,42.2756482],[-83.7370906,42.2756482]]],[[[-83.7370832,42.2756483],[-83.7370832,42.2756476],[-83.7370818,42.2756476],[-83.7370818,42.2756483],[-83.7370832,42.2756483]]],[[[-83.7370758,42.2756484],[-83.7370758,42.2756477],[-83.7370744,42.2756478],[-83.7370744,42.2756484],[-83.7370758,42.2756484]]],[[[-83.7370685,42.2756485],[-83.7370684,42.2756479],[-83.7370671,42.2756479],[-83.7370671,42.2756486],[-83.7370685,42.2756485]]],[[[-83.7370611,42.2756487],[-83.7370611,42.275648],[-83.7370597,42.275648],[-83.7370597,42.2756487],[-83.7370611,42.2756487]]],[[[-83.7370537,42.2756488],[-83.7370537,42.2756481],[-83.7370523,42.2756481],[-83.7370523,42.2756488],[-83.7370537,42.2756488]]],[[[-83.7370463,42.2756489],[-83.7370463,42.2756482],[-83.7370449,42.2756483],[-83.737045,42.2756489],[-83.7370463,42.2756489]]],[[[-83.7370407,42.2756453],[-83.7370407,42.2756442],[-83.7370397,42.2756443],[-83.7370398,42.2756453],[-83.7370407,42.2756453]]],[[[-83.7369272,42.2756445],[-83.7369272,42.2756424],[-83.7369267,42.2756424],[-83.7369268,42.2756445],[-83.7369272,42.2756445]]],[[[-83.7369254,42.2756445],[-83.7369253,42.2756424],[-83.7369249,42.2756424],[-83.7369249,42.2756445],[-83.7369254,42.2756445]]],[[[-83.7370405,42.2756398],[-83.7370405,42.2756388],[-83.7370396,42.2756388],[-83.7370396,42.2756398],[-83.7370405,42.2756398]]],[[[-83.7370404,42.2756344],[-83.7370403,42.2756333],[-83.7370394,42.2756333],[-83.7370394,42.2756344],[-83.7370404,42.2756344]]],[[[-83.7370402,42.2756289],[-83.7370402,42.2756279],[-83.7370392,42.2756279],[-83.7370393,42.2756289],[-83.7370402,42.2756289]]],[[[-83.73704,42.2756234],[-83.73704,42.2756224],[-83.7370391,42.2756224],[-83.7370391,42.2756235],[-83.73704,42.2756234]]],[[[-83.7370398,42.275618],[-83.7370398,42.275617],[-83.7370389,42.275617],[-83.7370389,42.275618],[-83.7370398,42.275618]]],[[[-83.7370397,42.2756125],[-83.7370396,42.2756115],[-83.7370387,42.2756115],[-83.7370388,42.2756125],[-83.7370397,42.2756125]]],[[[-83.7370395,42.2756071],[-83.7370395,42.275606],[-83.7370386,42.2756061],[-83.7370386,42.2756071],[-83.7370395,42.2756071]]],[[[-83.7370393,42.2756016],[-83.7370393,42.2756006],[-83.7370384,42.2756006],[-83.7370384,42.2756016],[-83.7370393,42.2756016]]],[[[-83.7370392,42.2755962],[-83.7370391,42.2755951],[-83.7370382,42.2755952],[-83.7370382,42.2755962],[-83.7370392,42.2755962]]],[[[-83.7373815,42.2755883],[-83.7373815,42.2755863],[-83.737381,42.2755863],[-83.7373811,42.2755883],[-83.7373815,42.2755883]]],[[[-83.7373797,42.2755884],[-83.7373796,42.2755863],[-83.7373792,42.2755863],[-83.7373792,42.2755884],[-83.7373797,42.2755884]]],[[[-83.737182,42.2755917],[-83.7371819,42.2755896],[-83.7371815,42.2755897],[-83.7371815,42.2755917],[-83.737182,42.2755917]]],[[[-83.7371801,42.2755917],[-83.7371801,42.2755897],[-83.7371796,42.2755897],[-83.7371797,42.2755917],[-83.7371801,42.2755917]]],[[[-83.737039,42.2755907],[-83.737039,42.2755897],[-83.737038,42.2755897],[-83.7370381,42.2755907],[-83.737039,42.2755907]]],[[[-83.7370388,42.2755852],[-83.7370388,42.2755842],[-83.7370379,42.2755842],[-83.7370379,42.2755853],[-83.7370388,42.2755852]]],[[[-83.7369766,42.2755856],[-83.7369765,42.2755836],[-83.7369761,42.2755836],[-83.7369761,42.2755856],[-83.7369766,42.2755856]]],[[[-83.7369747,42.2755856],[-83.7369747,42.2755836],[-83.7369742,42.2755836],[-83.7369743,42.2755857],[-83.7369747,42.2755856]]],[[[-83.7369701,42.2755857],[-83.7369701,42.2755837],[-83.7369696,42.2755837],[-83.7369697,42.2755857],[-83.7369701,42.2755857]]],[[[-83.7369683,42.2755858],[-83.7369682,42.2755837],[-83.7369678,42.2755837],[-83.7369678,42.2755858],[-83.7369683,42.2755858]]],[[[-83.7370387,42.2755798],[-83.7370386,42.2755788],[-83.7370377,42.2755788],[-83.7370377,42.2755798],[-83.7370387,42.2755798]]],[[[-83.7370385,42.2755743],[-83.7370385,42.2755733],[-83.7370375,42.2755733],[-83.7370376,42.2755743],[-83.7370385,42.2755743]]],[[[-83.7370383,42.2755689],[-83.7370383,42.2755679],[-83.7370374,42.2755679],[-83.7370374,42.2755689],[-83.7370383,42.2755689]]],[[[-83.7370382,42.2755634],[-83.7370381,42.2755624],[-83.7370372,42.2755624],[-83.7370372,42.2755634],[-83.7370382,42.2755634]]],[[[-83.737038,42.275558],[-83.737038,42.2755569],[-83.737037,42.275557],[-83.7370371,42.275558],[-83.737038,42.275558]]],[[[-83.7370378,42.2755525],[-83.7370378,42.2755515],[-83.7370369,42.2755515],[-83.7370369,42.2755525],[-83.7370378,42.2755525]]],[[[-83.7370376,42.2755471],[-83.7370376,42.275546],[-83.7370367,42.275546],[-83.7370367,42.2755471],[-83.7370376,42.2755471]]],[[[-83.7370375,42.2755416],[-83.7370374,42.2755406],[-83.7370365,42.2755406],[-83.7370366,42.2755416],[-83.7370375,42.2755416]]],[[[-83.7371741,42.2755318],[-83.7371741,42.2755314],[-83.7371723,42.2755315],[-83.7371723,42.2755311],[-83.7371718,42.2755311],[-83.7371718,42.2755318],[-83.7371741,42.2755318]]],[[[-83.7371769,42.2755314],[-83.7371768,42.2755293],[-83.7371764,42.2755294],[-83.7371764,42.2755314],[-83.7371769,42.2755314]]],[[[-83.737175,42.2755314],[-83.737175,42.2755294],[-83.7371745,42.2755294],[-83.7371746,42.2755314],[-83.737175,42.2755314]]],[[[-83.7370629,42.2755272],[-83.7370628,42.2755268],[-83.7370619,42.2755269],[-83.7370619,42.2755265],[-83.737061,42.2755265],[-83.737061,42.2755272],[-83.7370629,42.2755272]]],[[[-83.737038,42.2755276],[-83.737038,42.2755273],[-83.737037,42.2755273],[-83.737037,42.2755269],[-83.7370361,42.2755269],[-83.7370361,42.2755276],[-83.737038,42.2755276]]],[[[-83.7370619,42.2755255],[-83.7370618,42.2755245],[-83.7370609,42.2755245],[-83.737061,42.2755255],[-83.7370619,42.2755255]]],[[[-83.737037,42.2755259],[-83.737037,42.2755249],[-83.737036,42.2755249],[-83.7370361,42.2755259],[-83.737037,42.2755259]]],[[[-83.7370617,42.27552],[-83.7370617,42.275519],[-83.7370608,42.275519],[-83.7370608,42.27552],[-83.7370617,42.27552]]],[[[-83.7370368,42.2755205],[-83.7370368,42.2755194],[-83.7370359,42.2755194],[-83.7370359,42.2755205],[-83.7370368,42.2755205]]],[[[-83.7370615,42.2755146],[-83.7370615,42.2755136],[-83.7370606,42.2755136],[-83.7370606,42.2755146],[-83.7370615,42.2755146]]],[[[-83.7370367,42.275515],[-83.7370366,42.275514],[-83.7370357,42.275514],[-83.7370357,42.275515],[-83.7370367,42.275515]]],[[[-83.7371795,42.2755122],[-83.7371795,42.2755102],[-83.737179,42.2755102],[-83.7371791,42.2755122],[-83.7371795,42.2755122]]],[[[-83.7371777,42.2755123],[-83.7371776,42.2755102],[-83.7371771,42.2755102],[-83.7371772,42.2755123],[-83.7371777,42.2755123]]],[[[-83.7373789,42.2755037],[-83.7373788,42.2755017],[-83.7373784,42.2755017],[-83.7373784,42.2755038],[-83.7373789,42.2755037]]],[[[-83.7373771,42.2755038],[-83.737377,42.2755017],[-83.7373765,42.2755017],[-83.7373766,42.2755038],[-83.7373771,42.2755038]]],[[[-83.7370614,42.2755091],[-83.7370613,42.2755081],[-83.7370604,42.2755081],[-83.7370605,42.2755091],[-83.7370614,42.2755091]]],[[[-83.7370365,42.2755095],[-83.7370365,42.2755085],[-83.7370355,42.2755085],[-83.7370356,42.2755096],[-83.7370365,42.2755095]]],[[[-83.7369743,42.2755106],[-83.7369742,42.2755085],[-83.7369737,42.2755086],[-83.7369738,42.2755106],[-83.7369743,42.2755106]]],[[[-83.7369724,42.2755106],[-83.7369724,42.2755086],[-83.7369719,42.2755086],[-83.736972,42.2755106],[-83.7369724,42.2755106]]],[[[-83.7369678,42.2755107],[-83.7369678,42.2755087],[-83.7369673,42.2755087],[-83.7369674,42.2755107],[-83.7369678,42.2755107]]],[[[-83.736966,42.2755107],[-83.7369659,42.2755087],[-83.7369654,42.2755087],[-83.7369655,42.2755107],[-83.736966,42.2755107]]],[[[-83.7370612,42.2755037],[-83.7370612,42.2755026],[-83.7370603,42.2755027],[-83.7370603,42.2755037],[-83.7370612,42.2755037]]],[[[-83.7370363,42.2755041],[-83.7370363,42.2755031],[-83.7370354,42.2755031],[-83.7370354,42.2755041],[-83.7370363,42.2755041]]],[[[-83.737061,42.2754982],[-83.737061,42.2754972],[-83.7370601,42.2754972],[-83.7370601,42.2754982],[-83.737061,42.2754982]]],[[[-83.7370361,42.2754986],[-83.7370361,42.2754976],[-83.7370352,42.2754976],[-83.7370352,42.2754986],[-83.7370361,42.2754986]]],[[[-83.737036,42.2754932],[-83.7370359,42.2754921],[-83.737035,42.2754922],[-83.7370351,42.2754932],[-83.737036,42.2754932]]],[[[-83.7374456,42.2754828],[-83.7374456,42.2754822],[-83.7374442,42.2754822],[-83.7374442,42.2754829],[-83.7374456,42.2754828]]],[[[-83.7374382,42.275483],[-83.7374382,42.2754823],[-83.7374368,42.2754823],[-83.7374368,42.275483],[-83.7374382,42.275483]]],[[[-83.7374308,42.2754831],[-83.7374308,42.2754824],[-83.7374294,42.2754824],[-83.7374294,42.2754831],[-83.7374308,42.2754831]]],[[[-83.7374235,42.2754832],[-83.7374234,42.2754825],[-83.7374221,42.2754825],[-83.7374221,42.2754832],[-83.7374235,42.2754832]]],[[[-83.7374161,42.2754833],[-83.7374161,42.2754827],[-83.7374147,42.2754827],[-83.7374147,42.2754834],[-83.7374161,42.2754833]]],[[[-83.7374087,42.2754835],[-83.7374087,42.2754828],[-83.7374073,42.2754828],[-83.7374073,42.2754835],[-83.7374087,42.2754835]]],[[[-83.7374013,42.2754836],[-83.7374013,42.2754829],[-83.7373999,42.2754829],[-83.7374,42.2754836],[-83.7374013,42.2754836]]],[[[-83.737394,42.2754837],[-83.7373939,42.275483],[-83.7373926,42.275483],[-83.7373926,42.2754837],[-83.737394,42.2754837]]],[[[-83.7373866,42.2754838],[-83.7373866,42.2754831],[-83.7373852,42.2754832],[-83.7373852,42.2754839],[-83.7373866,42.2754838]]],[[[-83.7373792,42.275484],[-83.7373792,42.2754833],[-83.7373778,42.2754833],[-83.7373778,42.275484],[-83.7373792,42.275484]]],[[[-83.7373718,42.2754841],[-83.7373718,42.2754834],[-83.7373704,42.2754834],[-83.7373705,42.2754841],[-83.7373718,42.2754841]]],[[[-83.7373645,42.2754842],[-83.7373644,42.2754835],[-83.7373631,42.2754835],[-83.7373631,42.2754842],[-83.7373645,42.2754842]]],[[[-83.7373571,42.2754843],[-83.7373571,42.2754836],[-83.7373557,42.2754837],[-83.7373557,42.2754844],[-83.7373571,42.2754843]]],[[[-83.7373497,42.2754845],[-83.7373497,42.2754838],[-83.7373483,42.2754838],[-83.7373483,42.2754845],[-83.7373497,42.2754845]]],[[[-83.7373423,42.2754846],[-83.7373423,42.2754839],[-83.7373409,42.2754839],[-83.737341,42.2754846],[-83.7373423,42.2754846]]],[[[-83.737335,42.2754847],[-83.737335,42.275484],[-83.7373336,42.275484],[-83.7373336,42.2754847],[-83.737335,42.2754847]]],[[[-83.7373276,42.2754848],[-83.7373276,42.2754841],[-83.7373262,42.2754842],[-83.7373262,42.2754849],[-83.7373276,42.2754848]]],[[[-83.7373202,42.275485],[-83.7373202,42.2754843],[-83.7373188,42.2754843],[-83.7373188,42.275485],[-83.7373202,42.275485]]],[[[-83.7370294,42.2754899],[-83.7370294,42.2754892],[-83.737028,42.2754892],[-83.737028,42.2754899],[-83.7370294,42.2754899]]],[[[-83.737022,42.27549],[-83.737022,42.2754893],[-83.7370206,42.2754893],[-83.7370207,42.27549],[-83.737022,42.27549]]],[[[-83.7370147,42.2754901],[-83.7370147,42.2754894],[-83.7370133,42.2754895],[-83.7370133,42.2754901],[-83.7370147,42.2754901]]],[[[-83.7370073,42.2754902],[-83.7370073,42.2754896],[-83.7370059,42.2754896],[-83.7370059,42.2754903],[-83.7370073,42.2754902]]],[[[-83.7369999,42.2754904],[-83.7369999,42.2754897],[-83.7369985,42.2754897],[-83.7369985,42.2754904],[-83.7369999,42.2754904]]],[[[-83.7369926,42.2754905],[-83.7369925,42.2754898],[-83.7369911,42.2754898],[-83.7369912,42.2754905],[-83.7369926,42.2754905]]],[[[-83.7369852,42.2754906],[-83.7369852,42.2754899],[-83.7369838,42.27549],[-83.7369838,42.2754906],[-83.7369852,42.2754906]]],[[[-83.7369778,42.2754907],[-83.7369778,42.2754901],[-83.7369764,42.2754901],[-83.7369764,42.2754908],[-83.7369778,42.2754907]]],[[[-83.7369704,42.2754909],[-83.7369704,42.2754902],[-83.736969,42.2754902],[-83.736969,42.2754909],[-83.7369704,42.2754909]]],[[[-83.7369631,42.275491],[-83.736963,42.2754903],[-83.7369617,42.2754903],[-83.7369617,42.275491],[-83.7369631,42.275491]]],[[[-83.7369557,42.2754911],[-83.7369557,42.2754904],[-83.7369543,42.2754905],[-83.7369543,42.2754911],[-83.7369557,42.2754911]]],[[[-83.7369483,42.2754912],[-83.7369483,42.2754906],[-83.7369469,42.2754906],[-83.7369469,42.2754913],[-83.7369483,42.2754912]]],[[[-83.7369409,42.2754914],[-83.7369409,42.2754907],[-83.7369395,42.2754907],[-83.7369395,42.2754914],[-83.7369409,42.2754914]]],[[[-83.7369336,42.2754915],[-83.7369335,42.2754908],[-83.7369322,42.2754908],[-83.7369322,42.2754915],[-83.7369336,42.2754915]]],[[[-83.7369262,42.2754916],[-83.7369262,42.2754909],[-83.7369248,42.275491],[-83.7369248,42.2754916],[-83.7369262,42.2754916]]],[[[-83.7369188,42.2754917],[-83.7369188,42.2754911],[-83.7369174,42.2754911],[-83.7369174,42.2754918],[-83.7369188,42.2754917]]],[[[-83.7369114,42.2754919],[-83.7369114,42.2754912],[-83.73691,42.2754912],[-83.7369101,42.2754919],[-83.7369114,42.2754919]]],[[[-83.7370607,42.2754873],[-83.7370607,42.2754863],[-83.7370597,42.2754863],[-83.7370598,42.2754873],[-83.7370607,42.2754873]]],[[[-83.7370605,42.2754818],[-83.7370605,42.2754808],[-83.7370596,42.2754808],[-83.7370596,42.2754819],[-83.7370605,42.2754818]]],[[[-83.7370604,42.2754764],[-83.7370603,42.2754754],[-83.7370594,42.2754754],[-83.7370594,42.2754764],[-83.7370604,42.2754764]]],[[[-83.737287,42.2754691],[-83.737287,42.2754685],[-83.7372856,42.2754685],[-83.7372856,42.2754692],[-83.737287,42.2754691]]],[[[-83.7372796,42.2754693],[-83.7372796,42.2754686],[-83.7372782,42.2754686],[-83.7372782,42.2754693],[-83.7372796,42.2754693]]],[[[-83.7372723,42.2754694],[-83.7372722,42.2754687],[-83.7372708,42.2754687],[-83.7372709,42.2754694],[-83.7372723,42.2754694]]],[[[-83.7372649,42.2754695],[-83.7372649,42.2754688],[-83.7372635,42.2754689],[-83.7372635,42.2754695],[-83.7372649,42.2754695]]],[[[-83.7372575,42.2754696],[-83.7372575,42.275469],[-83.7372561,42.275469],[-83.7372561,42.2754697],[-83.7372575,42.2754696]]],[[[-83.7372501,42.2754698],[-83.7372501,42.2754691],[-83.7372487,42.2754691],[-83.7372487,42.2754698],[-83.7372501,42.2754698]]],[[[-83.7372428,42.2754699],[-83.7372427,42.2754692],[-83.7372414,42.2754692],[-83.7372414,42.2754699],[-83.7372428,42.2754699]]],[[[-83.7372354,42.27547],[-83.7372354,42.2754693],[-83.737234,42.2754694],[-83.737234,42.27547],[-83.7372354,42.27547]]],[[[-83.737228,42.2754701],[-83.737228,42.2754695],[-83.7372266,42.2754695],[-83.7372266,42.2754702],[-83.737228,42.2754701]]],[[[-83.7372206,42.2754703],[-83.7372206,42.2754696],[-83.7372192,42.2754696],[-83.7372193,42.2754703],[-83.7372206,42.2754703]]],[[[-83.7372133,42.2754704],[-83.7372132,42.2754697],[-83.7372119,42.2754697],[-83.7372119,42.2754704],[-83.7372133,42.2754704]]],[[[-83.7372059,42.2754705],[-83.7372059,42.2754698],[-83.7372045,42.2754698],[-83.7372045,42.2754705],[-83.7372059,42.2754705]]],[[[-83.7371985,42.2754706],[-83.7371985,42.27547],[-83.7371971,42.27547],[-83.7371971,42.2754707],[-83.7371985,42.2754706]]],[[[-83.7371911,42.2754708],[-83.7371911,42.2754701],[-83.7371897,42.2754701],[-83.7371898,42.2754708],[-83.7371911,42.2754708]]],[[[-83.7371838,42.2754709],[-83.7371837,42.2754702],[-83.7371824,42.2754702],[-83.7371824,42.2754709],[-83.7371838,42.2754709]]],[[[-83.7371764,42.275471],[-83.7371764,42.2754703],[-83.737175,42.2754703],[-83.737175,42.275471],[-83.7371764,42.275471]]],[[[-83.737169,42.2754711],[-83.737169,42.2754704],[-83.7371676,42.2754705],[-83.7371676,42.2754712],[-83.737169,42.2754711]]],[[[-83.7371616,42.2754713],[-83.7371616,42.2754706],[-83.7371602,42.2754706],[-83.7371603,42.2754713],[-83.7371616,42.2754713]]],[[[-83.7371543,42.2754714],[-83.7371543,42.2754707],[-83.7371529,42.2754707],[-83.7371529,42.2754714],[-83.7371543,42.2754714]]],[[[-83.7371469,42.2754715],[-83.7371469,42.2754708],[-83.7371455,42.2754708],[-83.7371455,42.2754715],[-83.7371469,42.2754715]]],[[[-83.7371395,42.2754716],[-83.7371395,42.2754709],[-83.7371381,42.275471],[-83.7371381,42.2754717],[-83.7371395,42.2754716]]],[[[-83.7371322,42.2754718],[-83.7371321,42.2754711],[-83.7371307,42.2754711],[-83.7371308,42.2754718],[-83.7371322,42.2754718]]],[[[-83.73711,42.2754721],[-83.73711,42.2754714],[-83.7371086,42.2754715],[-83.7371086,42.2754722],[-83.73711,42.2754721]]],[[[-83.7371027,42.2754723],[-83.7371026,42.2754716],[-83.7371013,42.2754716],[-83.7371013,42.2754723],[-83.7371027,42.2754723]]],[[[-83.7370953,42.2754724],[-83.7370953,42.2754717],[-83.7370939,42.2754717],[-83.7370939,42.2754724],[-83.7370953,42.2754724]]],[[[-83.7370879,42.2754725],[-83.7370879,42.2754718],[-83.7370865,42.2754718],[-83.7370865,42.2754725],[-83.7370879,42.2754725]]],[[[-83.7370805,42.2754726],[-83.7370805,42.2754719],[-83.7370791,42.275472],[-83.7370792,42.2754727],[-83.7370805,42.2754726]]],[[[-83.7370732,42.2754728],[-83.7370731,42.2754721],[-83.7370718,42.2754721],[-83.7370718,42.2754728],[-83.7370732,42.2754728]]],[[[-83.7370658,42.2754729],[-83.7370658,42.2754722],[-83.7370644,42.2754722],[-83.7370644,42.2754729],[-83.7370658,42.2754729]]],[[[-83.7371749,42.2754663],[-83.7371748,42.2754642],[-83.7371743,42.2754642],[-83.7371744,42.2754663],[-83.7371749,42.2754663]]],[[[-83.737173,42.2754663],[-83.737173,42.2754642],[-83.7371725,42.2754642],[-83.7371726,42.2754663],[-83.737173,42.2754663]]],[[[-83.7374369,42.2754557],[-83.7374369,42.275455],[-83.7374355,42.275455],[-83.7374355,42.2754557],[-83.7374369,42.2754557]]],[[[-83.7374295,42.2754558],[-83.7374295,42.2754551],[-83.7374281,42.2754552],[-83.7374281,42.2754558],[-83.7374295,42.2754558]]],[[[-83.7374222,42.2754559],[-83.7374221,42.2754553],[-83.7374207,42.2754553],[-83.7374208,42.275456],[-83.7374222,42.2754559]]],[[[-83.7374148,42.2754561],[-83.7374148,42.2754554],[-83.7374134,42.2754554],[-83.7374134,42.2754561],[-83.7374148,42.2754561]]],[[[-83.7374074,42.2754562],[-83.7374074,42.2754555],[-83.737406,42.2754555],[-83.737406,42.2754562],[-83.7374074,42.2754562]]],[[[-83.7374,42.2754563],[-83.7374,42.2754556],[-83.7373986,42.2754557],[-83.7373986,42.2754563],[-83.7374,42.2754563]]],[[[-83.7373927,42.2754564],[-83.7373926,42.2754558],[-83.7373913,42.2754558],[-83.7373913,42.2754565],[-83.7373927,42.2754564]]],[[[-83.7373853,42.2754566],[-83.7373853,42.2754559],[-83.7373839,42.2754559],[-83.7373839,42.2754566],[-83.7373853,42.2754566]]],[[[-83.7373779,42.2754567],[-83.7373779,42.275456],[-83.7373765,42.275456],[-83.7373765,42.2754567],[-83.7373779,42.2754567]]],[[[-83.7373705,42.2754568],[-83.7373705,42.2754561],[-83.7373691,42.2754561],[-83.7373692,42.2754568],[-83.7373705,42.2754568]]],[[[-83.7373632,42.2754569],[-83.7373631,42.2754562],[-83.7373618,42.2754563],[-83.7373618,42.275457],[-83.7373632,42.2754569]]],[[[-83.7373558,42.2754571],[-83.7373558,42.2754564],[-83.7373544,42.2754564],[-83.7373544,42.2754571],[-83.7373558,42.2754571]]],[[[-83.7373484,42.2754572],[-83.7373484,42.2754565],[-83.737347,42.2754565],[-83.737347,42.2754572],[-83.7373484,42.2754572]]],[[[-83.737341,42.2754573],[-83.737341,42.2754566],[-83.7373396,42.2754566],[-83.7373397,42.2754573],[-83.737341,42.2754573]]],[[[-83.7373337,42.2754574],[-83.7373336,42.2754567],[-83.7373323,42.2754568],[-83.7373323,42.2754575],[-83.7373337,42.2754574]]],[[[-83.7373263,42.2754576],[-83.7373263,42.2754569],[-83.7373249,42.2754569],[-83.7373249,42.2754576],[-83.7373263,42.2754576]]],[[[-83.7373189,42.2754577],[-83.7373189,42.275457],[-83.7373175,42.275457],[-83.7373175,42.2754577],[-83.7373189,42.2754577]]],[[[-83.7373115,42.2754578],[-83.7373115,42.2754571],[-83.7373101,42.2754571],[-83.7373102,42.2754578],[-83.7373115,42.2754578]]],[[[-83.7373042,42.2754579],[-83.7373042,42.2754572],[-83.7373028,42.2754573],[-83.7373028,42.275458],[-83.7373042,42.2754579]]],[[[-83.7372968,42.2754581],[-83.7372968,42.2754574],[-83.7372954,42.2754574],[-83.7372954,42.2754581],[-83.7372968,42.2754581]]],[[[-83.7372894,42.2754582],[-83.7372894,42.2754575],[-83.737288,42.2754575],[-83.737288,42.2754582],[-83.7372894,42.2754582]]],[[[-83.7372821,42.2754583],[-83.737282,42.2754576],[-83.7372807,42.2754576],[-83.7372807,42.2754583],[-83.7372821,42.2754583]]],[[[-83.7372747,42.2754584],[-83.7372747,42.2754577],[-83.7372733,42.2754578],[-83.7372733,42.2754585],[-83.7372747,42.2754584]]],[[[-83.7372673,42.2754586],[-83.7372673,42.2754579],[-83.7372659,42.2754579],[-83.7372659,42.2754586],[-83.7372673,42.2754586]]],[[[-83.7372599,42.2754587],[-83.7372599,42.275458],[-83.7372585,42.275458],[-83.7372586,42.2754587],[-83.7372599,42.2754587]]],[[[-83.7372526,42.2754588],[-83.7372525,42.2754581],[-83.7372512,42.2754581],[-83.7372512,42.2754588],[-83.7372526,42.2754588]]],[[[-83.7372452,42.2754589],[-83.7372452,42.2754582],[-83.7372438,42.2754583],[-83.7372438,42.2754589],[-83.7372452,42.2754589]]],[[[-83.7372378,42.2754591],[-83.7372378,42.2754584],[-83.7372364,42.2754584],[-83.7372364,42.2754591],[-83.7372378,42.2754591]]],[[[-83.7372304,42.2754592],[-83.7372304,42.2754585],[-83.737229,42.2754585],[-83.7372291,42.2754592],[-83.7372304,42.2754592]]],[[[-83.7372231,42.2754593],[-83.737223,42.2754586],[-83.7372217,42.2754586],[-83.7372217,42.2754593],[-83.7372231,42.2754593]]],[[[-83.7372157,42.2754594],[-83.7372157,42.2754587],[-83.7372143,42.2754588],[-83.7372143,42.2754594],[-83.7372157,42.2754594]]],[[[-83.7372083,42.2754595],[-83.7372083,42.2754589],[-83.7372069,42.2754589],[-83.7372069,42.2754596],[-83.7372083,42.2754595]]],[[[-83.7372009,42.2754597],[-83.7372009,42.275459],[-83.7371995,42.275459],[-83.7371996,42.2754597],[-83.7372009,42.2754597]]],[[[-83.7371936,42.2754598],[-83.7371935,42.2754591],[-83.7371922,42.2754591],[-83.7371922,42.2754598],[-83.7371936,42.2754598]]],[[[-83.7371862,42.2754599],[-83.7371862,42.2754592],[-83.7371848,42.2754593],[-83.7371848,42.2754599],[-83.7371862,42.2754599]]],[[[-83.7371788,42.27546],[-83.7371788,42.2754594],[-83.7371774,42.2754594],[-83.7371774,42.2754601],[-83.7371788,42.27546]]],[[[-83.7371714,42.2754602],[-83.7371714,42.2754595],[-83.73717,42.2754595],[-83.7371701,42.2754602],[-83.7371714,42.2754602]]],[[[-83.7371641,42.2754603],[-83.7371641,42.2754596],[-83.7371627,42.2754596],[-83.7371627,42.2754603],[-83.7371641,42.2754603]]],[[[-83.7371567,42.2754604],[-83.7371567,42.2754597],[-83.7371553,42.2754598],[-83.7371553,42.2754604],[-83.7371567,42.2754604]]],[[[-83.7371493,42.2754605],[-83.7371493,42.2754599],[-83.7371479,42.2754599],[-83.7371479,42.2754606],[-83.7371493,42.2754605]]],[[[-83.737142,42.2754607],[-83.7371419,42.27546],[-83.7371405,42.27546],[-83.7371406,42.2754607],[-83.737142,42.2754607]]],[[[-83.7371346,42.2754608],[-83.7371346,42.2754601],[-83.7371332,42.2754601],[-83.7371332,42.2754608],[-83.7371346,42.2754608]]],[[[-83.7371272,42.2754609],[-83.7371272,42.2754602],[-83.7371258,42.2754603],[-83.7371258,42.2754609],[-83.7371272,42.2754609]]],[[[-83.7371198,42.275461],[-83.7371198,42.2754604],[-83.7371184,42.2754604],[-83.7371184,42.2754611],[-83.7371198,42.275461]]],[[[-83.7371125,42.2754612],[-83.7371124,42.2754605],[-83.7371111,42.2754605],[-83.7371111,42.2754612],[-83.7371125,42.2754612]]],[[[-83.7371051,42.2754613],[-83.7371051,42.2754606],[-83.7371037,42.2754606],[-83.7371037,42.2754613],[-83.7371051,42.2754613]]],[[[-83.7370977,42.2754614],[-83.7370977,42.2754607],[-83.7370963,42.2754608],[-83.7370963,42.2754614],[-83.7370977,42.2754614]]],[[[-83.7370903,42.2754615],[-83.7370903,42.2754609],[-83.7370889,42.2754609],[-83.737089,42.2754616],[-83.7370903,42.2754615]]],[[[-83.737083,42.2754617],[-83.7370829,42.275461],[-83.7370816,42.275461],[-83.7370816,42.2754617],[-83.737083,42.2754617]]],[[[-83.7370756,42.2754618],[-83.7370756,42.2754611],[-83.7370742,42.2754611],[-83.7370742,42.2754618],[-83.7370756,42.2754618]]],[[[-83.7370682,42.2754619],[-83.7370682,42.2754612],[-83.7370668,42.2754613],[-83.7370668,42.2754619],[-83.7370682,42.2754619]]],[[[-83.7370535,42.2754622],[-83.7370534,42.2754615],[-83.7370521,42.2754615],[-83.7370521,42.2754622],[-83.7370535,42.2754622]]],[[[-83.7370461,42.2754623],[-83.7370461,42.2754616],[-83.7370447,42.2754616],[-83.7370447,42.2754623],[-83.7370461,42.2754623]]],[[[-83.7370387,42.2754624],[-83.7370387,42.2754617],[-83.7370373,42.2754618],[-83.7370373,42.2754624],[-83.7370387,42.2754624]]],[[[-83.7370313,42.2754625],[-83.7370313,42.2754619],[-83.7370299,42.2754619],[-83.73703,42.2754626],[-83.7370313,42.2754625]]],[[[-83.737024,42.2754627],[-83.7370239,42.275462],[-83.7370226,42.275462],[-83.7370226,42.2754627],[-83.737024,42.2754627]]],[[[-83.7370166,42.2754628],[-83.7370166,42.2754621],[-83.7370152,42.2754621],[-83.7370152,42.2754628],[-83.7370166,42.2754628]]],[[[-83.7370092,42.2754629],[-83.7370092,42.2754622],[-83.7370078,42.2754623],[-83.7370078,42.2754629],[-83.7370092,42.2754629]]],[[[-83.7370018,42.275463],[-83.7370018,42.2754624],[-83.7370004,42.2754624],[-83.7370005,42.2754631],[-83.7370018,42.275463]]],[[[-83.7369945,42.2754632],[-83.7369945,42.2754625],[-83.7369931,42.2754625],[-83.7369931,42.2754632],[-83.7369945,42.2754632]]],[[[-83.7369871,42.2754633],[-83.7369871,42.2754626],[-83.7369857,42.2754626],[-83.7369857,42.2754633],[-83.7369871,42.2754633]]],[[[-83.7369797,42.2754634],[-83.7369797,42.2754627],[-83.7369783,42.2754628],[-83.7369783,42.2754634],[-83.7369797,42.2754634]]],[[[-83.7369723,42.2754635],[-83.7369723,42.2754629],[-83.7369709,42.2754629],[-83.736971,42.2754636],[-83.7369723,42.2754635]]],[[[-83.736965,42.2754637],[-83.736965,42.275463],[-83.7369636,42.275463],[-83.7369636,42.2754637],[-83.736965,42.2754637]]],[[[-83.7369576,42.2754638],[-83.7369576,42.2754631],[-83.7369562,42.2754631],[-83.7369562,42.2754638],[-83.7369576,42.2754638]]],[[[-83.7369502,42.2754639],[-83.7369502,42.2754632],[-83.7369488,42.2754633],[-83.7369488,42.2754639],[-83.7369502,42.2754639]]],[[[-83.7369429,42.275464],[-83.7369428,42.2754634],[-83.7369414,42.2754634],[-83.7369415,42.2754641],[-83.7369429,42.275464]]],[[[-83.7369355,42.2754642],[-83.7369355,42.2754635],[-83.7369341,42.2754635],[-83.7369341,42.2754642],[-83.7369355,42.2754642]]],[[[-83.7369281,42.2754643],[-83.7369281,42.2754636],[-83.7369267,42.2754636],[-83.7369267,42.2754643],[-83.7369281,42.2754643]]],[[[-83.7369207,42.2754644],[-83.7369207,42.2754637],[-83.7369193,42.2754638],[-83.7369193,42.2754644],[-83.7369207,42.2754644]]],[[[-83.7369134,42.2754645],[-83.7369133,42.2754639],[-83.736912,42.2754639],[-83.736912,42.2754646],[-83.7369134,42.2754645]]],[[[-83.7370598,42.2754583],[-83.7370598,42.2754573],[-83.7370588,42.2754573],[-83.7370589,42.2754583],[-83.7370598,42.2754583]]],[[[-83.7370349,42.2754587],[-83.7370349,42.2754577],[-83.737034,42.2754577],[-83.737034,42.2754587],[-83.7370349,42.2754587]]],[[[-83.7370596,42.2754529],[-83.7370596,42.2754518],[-83.7370587,42.2754518],[-83.7370587,42.2754529],[-83.7370596,42.2754529]]],[[[-83.7370347,42.2754533],[-83.7370347,42.2754522],[-83.7370338,42.2754523],[-83.7370338,42.2754533],[-83.7370347,42.2754533]]],[[[-83.7370595,42.2754474],[-83.7370594,42.2754464],[-83.7370585,42.2754464],[-83.7370585,42.2754474],[-83.7370595,42.2754474]]],[[[-83.7370346,42.2754478],[-83.7370345,42.2754468],[-83.7370336,42.2754468],[-83.7370337,42.2754478],[-83.7370346,42.2754478]]],[[[-83.7373769,42.2754383],[-83.7373768,42.2754362],[-83.7373764,42.2754362],[-83.7373764,42.2754383],[-83.7373769,42.2754383]]],[[[-83.737375,42.2754383],[-83.737375,42.2754363],[-83.7373745,42.2754363],[-83.7373746,42.2754383],[-83.737375,42.2754383]]],[[[-83.7371773,42.2754416],[-83.7371773,42.2754396],[-83.7371768,42.2754396],[-83.7371769,42.2754417],[-83.7371773,42.2754416]]],[[[-83.7371755,42.2754417],[-83.7371754,42.2754396],[-83.737175,42.2754396],[-83.737175,42.2754417],[-83.7371755,42.2754417]]],[[[-83.7370593,42.2754419],[-83.7370593,42.2754409],[-83.7370583,42.2754409],[-83.7370584,42.275442],[-83.7370593,42.2754419]]],[[[-83.7370344,42.2754424],[-83.7370344,42.2754413],[-83.7370335,42.2754414],[-83.7370335,42.2754424],[-83.7370344,42.2754424]]],[[[-83.7370591,42.2754365],[-83.7370591,42.2754355],[-83.7370582,42.2754355],[-83.7370582,42.2754365],[-83.7370591,42.2754365]]],[[[-83.7370342,42.2754369],[-83.7370342,42.2754359],[-83.7370333,42.2754359],[-83.7370333,42.2754369],[-83.7370342,42.2754369]]],[[[-83.7369687,42.2754336],[-83.7369686,42.2754332],[-83.7369668,42.2754333],[-83.7369668,42.2754329],[-83.7369663,42.2754329],[-83.7369664,42.2754336],[-83.7369687,42.2754336]]],[[[-83.7369719,42.2754332],[-83.7369718,42.2754311],[-83.7369713,42.2754311],[-83.7369714,42.2754332],[-83.7369719,42.2754332]]],[[[-83.73697,42.2754332],[-83.73697,42.2754312],[-83.7369695,42.2754312],[-83.7369696,42.2754332],[-83.73697,42.2754332]]],[[[-83.7369654,42.2754333],[-83.7369654,42.2754312],[-83.7369649,42.2754312],[-83.736965,42.2754333],[-83.7369654,42.2754333]]],[[[-83.7369636,42.2754333],[-83.7369635,42.2754313],[-83.7369631,42.2754313],[-83.7369631,42.2754333],[-83.7369636,42.2754333]]],[[[-83.737059,42.275431],[-83.7370589,42.27543],[-83.737058,42.27543],[-83.737058,42.275431],[-83.737059,42.275431]]],[[[-83.7370341,42.2754314],[-83.737034,42.2754304],[-83.7370331,42.2754304],[-83.7370331,42.2754315],[-83.7370341,42.2754314]]],[[[-83.7372902,42.275422],[-83.7372901,42.2754206],[-83.7372896,42.2754206],[-83.7372892,42.275422],[-83.7372902,42.275422]]],[[[-83.7372855,42.2754221],[-83.7372855,42.2754214],[-83.7372841,42.2754214],[-83.7372842,42.2754221],[-83.7372855,42.2754221]]],[[[-83.7371749,42.2754239],[-83.7371749,42.2754233],[-83.7371735,42.2754233],[-83.7371736,42.275424],[-83.7371749,42.2754239]]],[[[-83.7370643,42.2754258],[-83.7370643,42.2754251],[-83.7370629,42.2754252],[-83.7370629,42.2754258],[-83.7370643,42.2754258]]],[[[-83.7370339,42.275426],[-83.7370339,42.275425],[-83.7370329,42.275425],[-83.737033,42.275426],[-83.7370339,42.275426]]],[[[-83.7374436,42.2754174],[-83.7374435,42.2754167],[-83.7374421,42.2754167],[-83.7374422,42.2754174],[-83.7374436,42.2754174]]],[[[-83.7374362,42.2754175],[-83.7374362,42.2754168],[-83.7374348,42.2754168],[-83.7374348,42.2754175],[-83.7374362,42.2754175]]],[[[-83.7374288,42.2754176],[-83.7374288,42.2754169],[-83.7374274,42.275417],[-83.7374274,42.2754176],[-83.7374288,42.2754176]]],[[[-83.7374214,42.2754177],[-83.7374214,42.2754171],[-83.73742,42.2754171],[-83.73742,42.2754178],[-83.7374214,42.2754177]]],[[[-83.7374141,42.2754179],[-83.737414,42.2754172],[-83.7374127,42.2754172],[-83.7374127,42.2754179],[-83.7374141,42.2754179]]],[[[-83.7374067,42.275418],[-83.7374067,42.2754173],[-83.7374053,42.2754173],[-83.7374053,42.275418],[-83.7374067,42.275418]]],[[[-83.7373993,42.2754181],[-83.7373993,42.2754174],[-83.7373979,42.2754174],[-83.7373979,42.2754181],[-83.7373993,42.2754181]]],[[[-83.7373919,42.2754182],[-83.7373919,42.2754176],[-83.7373905,42.2754176],[-83.7373906,42.2754183],[-83.7373919,42.2754182]]],[[[-83.7373846,42.2754184],[-83.7373845,42.2754177],[-83.7373832,42.2754177],[-83.7373832,42.2754184],[-83.7373846,42.2754184]]],[[[-83.7373772,42.2754185],[-83.7373772,42.2754178],[-83.7373758,42.2754178],[-83.7373758,42.2754185],[-83.7373772,42.2754185]]],[[[-83.7373698,42.2754186],[-83.7373698,42.2754179],[-83.7373684,42.2754179],[-83.7373684,42.2754186],[-83.7373698,42.2754186]]],[[[-83.7373624,42.2754187],[-83.7373624,42.275418],[-83.737361,42.2754181],[-83.7373611,42.2754188],[-83.7373624,42.2754187]]],[[[-83.7373551,42.2754189],[-83.737355,42.2754182],[-83.7373537,42.2754182],[-83.7373537,42.2754189],[-83.7373551,42.2754189]]],[[[-83.7373477,42.275419],[-83.7373477,42.2754183],[-83.7373463,42.2754183],[-83.7373463,42.275419],[-83.7373477,42.275419]]],[[[-83.7373403,42.2754191],[-83.7373403,42.2754184],[-83.7373389,42.2754184],[-83.7373389,42.2754191],[-83.7373403,42.2754191]]],[[[-83.7373329,42.2754192],[-83.7373329,42.2754185],[-83.7373315,42.2754186],[-83.7373316,42.2754193],[-83.7373329,42.2754192]]],[[[-83.7373256,42.2754194],[-83.7373256,42.2754187],[-83.7373242,42.2754187],[-83.7373242,42.2754194],[-83.7373256,42.2754194]]],[[[-83.7373182,42.2754195],[-83.7373182,42.2754188],[-83.7373168,42.2754188],[-83.7373168,42.2754195],[-83.7373182,42.2754195]]],[[[-83.7370586,42.2754201],[-83.7370586,42.2754191],[-83.7370577,42.2754191],[-83.7370577,42.2754201],[-83.7370586,42.2754201]]],[[[-83.7370337,42.2754205],[-83.7370337,42.2754195],[-83.7370328,42.2754195],[-83.7370328,42.2754205],[-83.7370337,42.2754205]]],[[[-83.7370584,42.2754147],[-83.7370584,42.2754136],[-83.7370575,42.2754136],[-83.7370575,42.2754147],[-83.7370584,42.2754147]]],[[[-83.7370336,42.2754151],[-83.7370335,42.2754141],[-83.7370326,42.2754141],[-83.7370326,42.2754151],[-83.7370336,42.2754151]]],[[[-83.7373759,42.2754076],[-83.7373759,42.2754072],[-83.7373741,42.2754073],[-83.7373741,42.2754069],[-83.7373736,42.2754069],[-83.7373736,42.2754076],[-83.7373759,42.2754076]]],[[[-83.7370583,42.2754092],[-83.7370582,42.2754082],[-83.7370573,42.2754082],[-83.7370574,42.2754092],[-83.7370583,42.2754092]]],[[[-83.7370334,42.2754096],[-83.7370334,42.2754086],[-83.7370324,42.2754086],[-83.7370325,42.2754096],[-83.7370334,42.2754096]]],[[[-83.7370581,42.2754037],[-83.7370581,42.2754027],[-83.7370572,42.2754027],[-83.7370572,42.2754038],[-83.7370581,42.2754037]]],[[[-83.7370332,42.2754042],[-83.7370332,42.2754031],[-83.7370323,42.2754032],[-83.7370323,42.2754042],[-83.7370332,42.2754042]]],[[[-83.7371732,42.2753974],[-83.7371732,42.275397],[-83.7371713,42.2753971],[-83.7371713,42.2753967],[-83.7371709,42.2753967],[-83.7371709,42.2753974],[-83.7371732,42.2753974]]],[[[-83.7371759,42.275397],[-83.7371759,42.2753949],[-83.7371754,42.2753949],[-83.7371755,42.275397],[-83.7371759,42.275397]]],[[[-83.7371741,42.275397],[-83.737174,42.275395],[-83.7371736,42.275395],[-83.7371736,42.275397],[-83.7371741,42.275397]]],[[[-83.7370579,42.2753983],[-83.7370579,42.2753973],[-83.737057,42.2753973],[-83.737057,42.2753983],[-83.7370579,42.2753983]]],[[[-83.7370578,42.2753928],[-83.7370577,42.2753918],[-83.7370568,42.2753918],[-83.7370569,42.2753928],[-83.7370578,42.2753928]]],[[[-83.7370576,42.2753874],[-83.7370576,42.2753864],[-83.7370567,42.2753864],[-83.7370567,42.2753874],[-83.7370576,42.2753874]]],[[[-83.7373751,42.2753793],[-83.737375,42.2753772],[-83.7373745,42.2753772],[-83.7373746,42.2753793],[-83.7373751,42.2753793]]],[[[-83.7373732,42.2753793],[-83.7373731,42.2753773],[-83.7373727,42.2753773],[-83.7373727,42.2753793],[-83.7373732,42.2753793]]],[[[-83.7373782,42.2753775],[-83.7373782,42.2753768],[-83.7373759,42.2753769],[-83.7373759,42.2753772],[-83.7373778,42.2753772],[-83.7373778,42.2753775],[-83.7373782,42.2753775]]],[[[-83.7370574,42.2753819],[-83.7370574,42.2753809],[-83.7370565,42.2753809],[-83.7370565,42.2753819],[-83.7370574,42.2753819]]],[[[-83.7370573,42.2753765],[-83.7370572,42.2753754],[-83.7370563,42.2753755],[-83.7370563,42.2753765],[-83.7370573,42.2753765]]],[[[-83.7370571,42.275371],[-83.7370571,42.27537],[-83.7370561,42.27537],[-83.7370562,42.275371],[-83.7370571,42.275371]]],[[[-83.7373063,42.2753637],[-83.7373063,42.275363],[-83.7373049,42.2753631],[-83.7373049,42.2753637],[-83.7373063,42.2753637]]],[[[-83.737299,42.2753638],[-83.7372989,42.2753632],[-83.7372976,42.2753632],[-83.7372976,42.2753639],[-83.737299,42.2753638]]],[[[-83.7372916,42.275364],[-83.7372916,42.2753633],[-83.7372902,42.2753633],[-83.7372902,42.275364],[-83.7372916,42.275364]]],[[[-83.7370524,42.275368],[-83.7370524,42.2753673],[-83.737051,42.2753674],[-83.737051,42.275368],[-83.7370524,42.275368]]],[[[-83.737045,42.2753681],[-83.737045,42.2753675],[-83.7370436,42.2753675],[-83.7370436,42.2753682],[-83.737045,42.2753681]]],[[[-83.7370376,42.2753683],[-83.7370376,42.2753676],[-83.7370362,42.2753676],[-83.7370363,42.2753683],[-83.7370376,42.2753683]]],[[[-83.7370256,42.2753661],[-83.7370255,42.275364],[-83.7370251,42.275364],[-83.7370251,42.2753661],[-83.7370256,42.2753661]]],[[[-83.7370237,42.2753661],[-83.7370237,42.2753641],[-83.7370232,42.2753641],[-83.7370233,42.2753661],[-83.7370237,42.2753661]]],[[[-83.7369392,42.2753597],[-83.7369391,42.275359],[-83.7369378,42.275359],[-83.7369378,42.2753597],[-83.7369392,42.2753597]]],[[[-83.7369318,42.2753598],[-83.7369318,42.2753591],[-83.7369304,42.2753592],[-83.7369304,42.2753598],[-83.7369318,42.2753598]]],[[[-83.7369303,42.2753564],[-83.7369302,42.2753544],[-83.7369298,42.2753544],[-83.7369298,42.2753564],[-83.7369303,42.2753564]]],[[[-83.7369243,42.2753565],[-83.7369242,42.2753545],[-83.7369238,42.2753545],[-83.7369238,42.2753565],[-83.7369243,42.2753565]]],[[[-83.7369735,42.2753533],[-83.7369735,42.2753513],[-83.736973,42.2753513],[-83.7369731,42.2753533],[-83.7369735,42.2753533]]],[[[-83.7369717,42.2753533],[-83.7369716,42.2753513],[-83.7369712,42.2753513],[-83.7369712,42.2753533],[-83.7369717,42.2753533]]],[[[-83.7369233,42.2753538],[-83.7369233,42.2753535],[-83.7369214,42.2753535],[-83.7369214,42.2753532],[-83.736921,42.2753532],[-83.736921,42.2753539],[-83.7369233,42.2753538]]],[[[-83.7369385,42.2753532],[-83.7369384,42.2753512],[-83.736938,42.2753512],[-83.736938,42.2753532],[-83.7369385,42.2753532]]],[[[-83.7369367,42.2753533],[-83.7369366,42.2753512],[-83.7369361,42.2753512],[-83.7369362,42.2753533],[-83.7369367,42.2753533]]],[[[-83.7369357,42.2753533],[-83.7369357,42.2753512],[-83.7369352,42.2753512],[-83.7369353,42.2753533],[-83.7369357,42.2753533]]],[[[-83.7369339,42.2753533],[-83.7369338,42.2753513],[-83.7369334,42.2753513],[-83.7369334,42.2753533],[-83.7369339,42.2753533]]],[[[-83.7369325,42.2753533],[-83.7369324,42.2753513],[-83.736932,42.2753513],[-83.736932,42.2753533],[-83.7369325,42.2753533]]],[[[-83.7369307,42.2753534],[-83.7369306,42.2753513],[-83.7369301,42.2753513],[-83.7369302,42.2753534],[-83.7369307,42.2753534]]],[[[-83.7373094,42.2753296],[-83.7373094,42.2753275],[-83.7373089,42.2753275],[-83.737309,42.2753296],[-83.7373094,42.2753296]]],[[[-83.7373076,42.2753296],[-83.7373075,42.2753275],[-83.7373071,42.2753275],[-83.7373071,42.2753296],[-83.7373076,42.2753296]]],[[[-83.7371712,42.2753319],[-83.7371711,42.2753298],[-83.7371706,42.2753299],[-83.7371707,42.2753319],[-83.7371712,42.2753319]]],[[[-83.7371693,42.2753319],[-83.7371693,42.2753299],[-83.7371688,42.2753299],[-83.7371689,42.2753319],[-83.7371693,42.2753319]]],[[[-83.7371679,42.2753319],[-83.7371679,42.2753299],[-83.7371674,42.2753299],[-83.7371675,42.275332],[-83.7371679,42.2753319]]],[[[-83.7371661,42.275332],[-83.737166,42.2753299],[-83.7371656,42.2753299],[-83.7371656,42.275332],[-83.7371661,42.275332]]],[[[-83.7370357,42.2753342],[-83.7370356,42.2753321],[-83.7370351,42.2753321],[-83.7370352,42.2753342],[-83.7370357,42.2753342]]],[[[-83.7370338,42.2753342],[-83.7370338,42.2753322],[-83.7370333,42.2753322],[-83.7370334,42.2753342],[-83.7370338,42.2753342]]],[[[-83.7370135,42.2753315],[-83.7370134,42.2753294],[-83.7370129,42.2753294],[-83.737013,42.2753315],[-83.7370135,42.2753315]]],[[[-83.7370116,42.2753315],[-83.7370115,42.2753295],[-83.7370111,42.2753295],[-83.7370111,42.2753315],[-83.7370116,42.2753315]]],[[[-83.7370075,42.2753316],[-83.7370074,42.2753295],[-83.7370069,42.2753295],[-83.737007,42.2753316],[-83.7370075,42.2753316]]],[[[-83.7370056,42.2753316],[-83.7370056,42.2753296],[-83.7370051,42.2753296],[-83.7370052,42.2753316],[-83.7370056,42.2753316]]],[[[-83.7373314,42.2753258],[-83.7373314,42.2753237],[-83.7373309,42.2753237],[-83.737331,42.2753258],[-83.7373314,42.2753258]]],[[[-83.7373296,42.2753258],[-83.7373295,42.2753238],[-83.7373291,42.2753238],[-83.7373291,42.2753258],[-83.7373296,42.2753258]]],[[[-83.7370129,42.2753124],[-83.7370128,42.2753103],[-83.7370123,42.2753103],[-83.7370124,42.2753124],[-83.7370129,42.2753124]]],[[[-83.737011,42.2753124],[-83.737011,42.2753104],[-83.7370105,42.2753104],[-83.7370106,42.2753124],[-83.737011,42.2753124]]],[[[-83.7375917,42.2759],[-83.7375917,42.2758976],[-83.7375912,42.2758976],[-83.7375913,42.2759],[-83.7375917,42.2759]]],[[[-83.7375894,42.2759001],[-83.7375894,42.2758977],[-83.7375889,42.2758977],[-83.737589,42.2759001],[-83.7375894,42.2759001]]],[[[-83.7374009,42.2758562],[-83.7374008,42.2758538],[-83.7374004,42.2758538],[-83.7374004,42.2758562],[-83.7374009,42.2758562]]],[[[-83.7373986,42.2758562],[-83.7373985,42.2758538],[-83.737398,42.2758538],[-83.7373981,42.2758562],[-83.7373986,42.2758562]]],[[[-83.7371941,42.2757304],[-83.737194,42.275728],[-83.7371936,42.275728],[-83.7371936,42.2757304],[-83.7371941,42.2757304]]],[[[-83.7371918,42.2757304],[-83.7371917,42.275728],[-83.7371913,42.275728],[-83.7371913,42.2757304],[-83.7371918,42.2757304]]],[[[-83.737297,42.2756447],[-83.737297,42.2756437],[-83.7372966,42.2756437],[-83.7372966,42.275644],[-83.7372956,42.275644],[-83.7372957,42.2756447],[-83.737297,42.2756447]]],[[[-83.7370413,42.275649],[-83.7370412,42.2756483],[-83.7370408,42.2756483],[-83.7370408,42.275648],[-83.7370399,42.275648],[-83.7370399,42.2756487],[-83.7370403,42.2756487],[-83.7370403,42.275649],[-83.7370413,42.275649]]],[[[-83.7373825,42.2753382],[-83.7373825,42.2753358],[-83.737382,42.2753358],[-83.7373821,42.2753382],[-83.7373825,42.2753382]]],[[[-83.7373802,42.2753383],[-83.7373802,42.2753359],[-83.7373797,42.2753359],[-83.7373798,42.2753383],[-83.7373802,42.2753383]]],[[[-83.7369655,42.2753453],[-83.7369654,42.2753429],[-83.7369649,42.2753429],[-83.736965,42.2753453],[-83.7369655,42.2753453]]],[[[-83.7369632,42.2753453],[-83.7369631,42.2753429],[-83.7369626,42.2753429],[-83.7369627,42.2753453],[-83.7369632,42.2753453]]],[[[-83.7374338,42.2758317],[-83.7374338,42.2758314],[-83.7374324,42.2758314],[-83.7374324,42.2758311],[-83.7374319,42.2758311],[-83.737432,42.2758328],[-83.7374324,42.2758328],[-83.7374324,42.2758317],[-83.7374338,42.2758317]]],[[[-83.7373642,42.2757439],[-83.7373642,42.2757421],[-83.7373637,42.2757422],[-83.7373637,42.2757432],[-83.7373623,42.2757432],[-83.7373624,42.2757435],[-83.7373637,42.2757435],[-83.7373637,42.2757439],[-83.7373642,42.2757439]]],[[[-83.7373471,42.2757418],[-83.737347,42.2757401],[-83.7373466,42.2757401],[-83.7373466,42.2757411],[-83.7373452,42.2757411],[-83.7373452,42.2757414],[-83.7373466,42.2757414],[-83.7373466,42.2757418],[-83.7373471,42.2757418]]],[[[-83.736957,42.2757136],[-83.736957,42.2757119],[-83.7369565,42.2757119],[-83.7369566,42.2757129],[-83.7369552,42.2757129],[-83.7369552,42.2757132],[-83.7369566,42.2757132],[-83.7369566,42.2757136],[-83.736957,42.2757136]]],[[[-83.7373882,42.2756998],[-83.7373882,42.2756981],[-83.7373877,42.2756981],[-83.7373877,42.2756991],[-83.7373863,42.2756991],[-83.7373864,42.2756995],[-83.7373877,42.2756994],[-83.7373877,42.2756998],[-83.7373882,42.2756998]]],[[[-83.7370223,42.275706],[-83.7370222,42.2757043],[-83.7370218,42.2757043],[-83.7370218,42.2757053],[-83.7370204,42.2757053],[-83.7370204,42.2757057],[-83.7370218,42.2757056],[-83.7370218,42.275706],[-83.7370223,42.275706]]],[[[-83.7369822,42.2756927],[-83.7369822,42.275691],[-83.7369817,42.275691],[-83.7369817,42.275692],[-83.7369803,42.275692],[-83.7369804,42.2756923],[-83.7369817,42.2756923],[-83.7369817,42.2756927],[-83.7369822,42.2756927]]],[[[-83.7369212,42.2756442],[-83.7369212,42.2756425],[-83.7369207,42.2756425],[-83.7369207,42.2756435],[-83.7369194,42.2756436],[-83.7369194,42.2756439],[-83.7369208,42.2756439],[-83.7369208,42.2756442],[-83.7369212,42.2756442]]],[[[-83.736971,42.2755103],[-83.736971,42.2755086],[-83.7369705,42.2755086],[-83.7369705,42.2755096],[-83.7369692,42.2755097],[-83.7369692,42.27551],[-83.7369706,42.27551],[-83.7369706,42.2755103],[-83.736971,42.2755103]]],[[[-83.7371716,42.2754653],[-83.7371716,42.2754649],[-83.7371702,42.275465],[-83.7371702,42.2754646],[-83.7371697,42.2754646],[-83.7371698,42.2754663],[-83.7371703,42.2754663],[-83.7371702,42.2754653],[-83.7371716,42.2754653]]],[[[-83.737036,42.2754625],[-83.7370359,42.2754618],[-83.7370341,42.2754615],[-83.7370341,42.2754622],[-83.737036,42.2754625]]],[[[-83.7371746,42.2754414],[-83.7371745,42.2754396],[-83.737174,42.2754397],[-83.7371741,42.2754407],[-83.7371727,42.2754407],[-83.7371727,42.275441],[-83.7371741,42.275441],[-83.7371741,42.2754414],[-83.7371746,42.2754414]]],[[[-83.7370219,42.2753651],[-83.7370219,42.2753648],[-83.7370205,42.2753648],[-83.7370205,42.2753645],[-83.73702,42.2753645],[-83.7370201,42.2753662],[-83.7370205,42.2753662],[-83.7370205,42.2753651],[-83.7370219,42.2753651]]],[[[-83.7369265,42.2753531],[-83.7369265,42.2753514],[-83.736926,42.2753514],[-83.736926,42.2753524],[-83.7369246,42.2753524],[-83.7369247,42.2753528],[-83.736926,42.2753527],[-83.736926,42.2753531],[-83.7369265,42.2753531]]],[[[-83.7370319,42.2753332],[-83.7370319,42.2753329],[-83.7370306,42.2753329],[-83.7370305,42.2753326],[-83.7370301,42.2753326],[-83.7370301,42.2753343],[-83.7370306,42.2753343],[-83.7370306,42.2753332],[-83.7370319,42.2753332]]],[[[-83.7373066,42.2753293],[-83.7373066,42.2753276],[-83.7373061,42.2753276],[-83.7373062,42.2753286],[-83.7373048,42.2753286],[-83.7373048,42.2753289],[-83.7373062,42.2753289],[-83.7373062,42.2753293],[-83.7373066,42.2753293]]],[[[-83.7370102,42.2753305],[-83.7370102,42.2753302],[-83.7370088,42.2753302],[-83.7370088,42.2753299],[-83.7370083,42.2753299],[-83.7370084,42.2753316],[-83.7370088,42.2753316],[-83.7370088,42.2753305],[-83.7370102,42.2753305]]],[[[-83.7376624,42.2759022],[-83.7376623,42.2758992],[-83.7376618,42.2758992],[-83.7376619,42.2759022],[-83.7376624,42.2759022]]],[[[-83.7376664,42.2758994],[-83.7376664,42.2758991],[-83.7376646,42.2758991],[-83.7376646,42.2759012],[-83.7376651,42.2759012],[-83.737665,42.2758995],[-83.7376664,42.2758994]]],[[[-83.7376563,42.2759013],[-83.7376563,42.2758993],[-83.7376558,42.2758993],[-83.7376559,42.275901],[-83.7376545,42.275901],[-83.7376545,42.2759013],[-83.7376563,42.2759013]]],[[[-83.7372651,42.2758046],[-83.7372651,42.2758039],[-83.7372642,42.2758039],[-83.7372637,42.2758046],[-83.7372633,42.2758046],[-83.7372633,42.2758053],[-83.7372642,42.2758053],[-83.7372642,42.2758046],[-83.7372651,42.2758046]]],[[[-83.7370608,42.275462],[-83.7370608,42.2754614],[-83.737059,42.2754611],[-83.737059,42.2754617],[-83.7370594,42.2754617],[-83.7370595,42.2754621],[-83.7370608,42.275462]]],[[[-83.7370593,42.2754259],[-83.7370588,42.2754245],[-83.7370578,42.2754246],[-83.7370579,42.2754256],[-83.7370583,42.2754256],[-83.7370583,42.2754259],[-83.7370593,42.2754259]]],[[[-83.7369289,42.2753575],[-83.7369289,42.2753544],[-83.7369284,42.2753544],[-83.7369285,42.2753575],[-83.7369289,42.2753575]]],[[[-83.736933,42.2753547],[-83.736933,42.2753543],[-83.7369312,42.2753544],[-83.7369312,42.2753564],[-83.7369317,42.2753564],[-83.7369316,42.2753547],[-83.736933,42.2753547]]],[[[-83.7369229,42.2753566],[-83.7369229,42.2753545],[-83.7369224,42.2753545],[-83.7369225,42.2753562],[-83.7369211,42.2753562],[-83.7369211,42.2753566],[-83.7369229,42.2753566]]],[[[-83.7372301,42.2759253],[-83.73723,42.2759225],[-83.7372296,42.2759225],[-83.7372296,42.2759246],[-83.7372292,42.2759246],[-83.7372292,42.2759253],[-83.7372301,42.2759253]]],[[[-83.7372282,42.2759232],[-83.7372282,42.2759226],[-83.7372273,42.2759226],[-83.7372273,42.2759253],[-83.7372278,42.2759253],[-83.7372277,42.2759232],[-83.7372282,42.2759232]]],[[[-83.737601,42.2758999],[-83.7376009,42.2758971],[-83.7376004,42.2758971],[-83.7376005,42.2758992],[-83.7376,42.2758992],[-83.7376,42.2758999],[-83.737601,42.2758999]]],[[[-83.7375987,42.2758999],[-83.7375986,42.2758992],[-83.7375982,42.2758992],[-83.7375981,42.2758972],[-83.7375977,42.2758972],[-83.7375977,42.2758999],[-83.7375987,42.2758999]]],[[[-83.7373977,42.2758726],[-83.7373976,42.2758699],[-83.7373972,42.2758699],[-83.7373972,42.2758719],[-83.7373968,42.2758719],[-83.7373968,42.2758726],[-83.7373977,42.2758726]]],[[[-83.7373958,42.2758706],[-83.7373958,42.2758699],[-83.7373949,42.2758699],[-83.7373949,42.2758726],[-83.7373954,42.2758726],[-83.7373953,42.2758706],[-83.7373958,42.2758706]]],[[[-83.7369892,42.27577],[-83.7369891,42.2757673],[-83.7369887,42.2757673],[-83.7369887,42.2757693],[-83.7369883,42.2757693],[-83.7369883,42.27577],[-83.7369892,42.27577]]],[[[-83.7369869,42.27577],[-83.7369869,42.2757693],[-83.7369864,42.2757694],[-83.7369864,42.2757673],[-83.7369859,42.2757673],[-83.736986,42.27577],[-83.7369869,42.27577]]],[[[-83.7371904,42.2756987],[-83.7371903,42.275696],[-83.7371898,42.275696],[-83.7371899,42.275698],[-83.7371894,42.275698],[-83.7371894,42.2756987],[-83.7371904,42.2756987]]],[[[-83.7371885,42.2756967],[-83.7371884,42.275696],[-83.7371875,42.275696],[-83.7371876,42.2756987],[-83.7371881,42.2756987],[-83.737188,42.2756967],[-83.7371885,42.2756967]]],[[[-83.7373581,42.2753386],[-83.737358,42.2753359],[-83.7373576,42.2753359],[-83.7373576,42.275338],[-83.7373572,42.275338],[-83.7373572,42.2753386],[-83.7373581,42.2753386]]],[[[-83.7373562,42.2753366],[-83.7373562,42.2753359],[-83.7373553,42.2753359],[-83.7373554,42.2753387],[-83.7373558,42.2753387],[-83.7373558,42.2753366],[-83.7373562,42.2753366]]],[[[-83.7369848,42.2753449],[-83.7369847,42.2753422],[-83.7369843,42.2753422],[-83.7369843,42.2753443],[-83.7369839,42.2753443],[-83.7369839,42.2753449],[-83.7369848,42.2753449]]],[[[-83.7369829,42.2753429],[-83.7369829,42.2753422],[-83.736982,42.2753422],[-83.7369821,42.275345],[-83.7369825,42.275345],[-83.7369824,42.2753429],[-83.7369829,42.2753429]]],[[[-83.7373254,42.2759513],[-83.7373254,42.2759509],[-83.737325,42.2759509],[-83.7373249,42.2759492],[-83.7373254,42.2759492],[-83.7373254,42.2759489],[-83.737324,42.2759489],[-83.737324,42.2759492],[-83.7373245,42.2759492],[-83.7373245,42.2759516],[-83.7373254,42.2759513]]],[[[-83.7373899,42.2759318],[-83.7373898,42.2759314],[-83.7373894,42.2759314],[-83.7373893,42.2759297],[-83.7373898,42.2759297],[-83.7373898,42.2759294],[-83.7373884,42.2759294],[-83.7373884,42.2759297],[-83.7373889,42.2759297],[-83.7373889,42.2759321],[-83.7373899,42.2759318]]],[[[-83.7372359,42.2759176],[-83.7372358,42.2759149],[-83.7372339,42.2759149],[-83.737234,42.2759153],[-83.7372353,42.2759153],[-83.7372354,42.2759177],[-83.7372359,42.2759176]]],[[[-83.7376747,42.2758976],[-83.7376747,42.2758972],[-83.7376742,42.2758973],[-83.7376741,42.2758956],[-83.7376746,42.2758955],[-83.7376746,42.2758952],[-83.7376732,42.2758952],[-83.7376732,42.2758956],[-83.7376737,42.2758956],[-83.7376738,42.2758979],[-83.7376747,42.2758976]]],[[[-83.7376622,42.2758978],[-83.7376622,42.2758975],[-83.7376618,42.2758975],[-83.7376617,42.2758958],[-83.7376622,42.2758958],[-83.7376622,42.2758954],[-83.7376608,42.2758954],[-83.7376608,42.2758958],[-83.7376612,42.2758958],[-83.7376613,42.2758982],[-83.7376622,42.2758978]]],[[[-83.7376567,42.2758982],[-83.7376567,42.2758969],[-83.7376548,42.2758969],[-83.7376548,42.2758972],[-83.7376562,42.2758972],[-83.7376562,42.2758979],[-83.7376544,42.2758979],[-83.7376544,42.2758983],[-83.7376567,42.2758982]]],[[[-83.7373424,42.2759029],[-83.7373424,42.2759025],[-83.7373419,42.2759025],[-83.7373419,42.2759008],[-83.7373423,42.2759008],[-83.7373423,42.2759005],[-83.7373409,42.2759005],[-83.7373409,42.2759009],[-83.7373414,42.2759008],[-83.7373415,42.2759032],[-83.7373424,42.2759029]]],[[[-83.7373659,42.2758868],[-83.7373659,42.2758864],[-83.7373654,42.2758865],[-83.7373653,42.2758847],[-83.7373658,42.2758847],[-83.7373658,42.2758844],[-83.7373644,42.2758844],[-83.7373644,42.2758848],[-83.7373649,42.2758848],[-83.737365,42.2758871],[-83.7373659,42.2758868]]],[[[-83.7373631,42.2758872],[-83.7373631,42.2758858],[-83.7373612,42.2758858],[-83.7373612,42.2758862],[-83.7373626,42.2758862],[-83.7373626,42.2758868],[-83.7373608,42.2758869],[-83.7373608,42.2758872],[-83.7373631,42.2758872]]],[[[-83.7373984,42.2758637],[-83.7373983,42.2758634],[-83.7373979,42.2758634],[-83.7373978,42.2758617],[-83.7373983,42.2758617],[-83.7373983,42.2758613],[-83.7373969,42.2758614],[-83.7373969,42.2758617],[-83.7373974,42.2758617],[-83.7373974,42.2758641],[-83.7373984,42.2758637]]],[[[-83.7372055,42.2758458],[-83.7372055,42.2758455],[-83.737205,42.2758455],[-83.737205,42.2758438],[-83.7372055,42.2758438],[-83.7372054,42.2758434],[-83.7372041,42.2758435],[-83.7372041,42.2758438],[-83.7372045,42.2758438],[-83.7372046,42.2758462],[-83.7372055,42.2758458]]],[[[-83.7374366,42.2758327],[-83.7374366,42.2758324],[-83.7374361,42.2758324],[-83.7374361,42.2758307],[-83.7374365,42.2758307],[-83.7374365,42.2758303],[-83.7374351,42.2758303],[-83.7374351,42.2758307],[-83.7374356,42.2758307],[-83.7374357,42.2758331],[-83.7374366,42.2758327]]],[[[-83.7373858,42.2757998],[-83.7373858,42.2757994],[-83.7373853,42.2757995],[-83.7373852,42.2757977],[-83.7373857,42.2757977],[-83.7373857,42.2757974],[-83.7373843,42.2757974],[-83.7373843,42.2757978],[-83.7373848,42.2757978],[-83.7373849,42.2758001],[-83.7373858,42.2757998]]],[[[-83.7369853,42.2757916],[-83.7369852,42.2757902],[-83.7369834,42.2757902],[-83.7369834,42.2757906],[-83.7369848,42.2757905],[-83.7369848,42.2757912],[-83.736983,42.2757913],[-83.736983,42.2757916],[-83.7369853,42.2757916]]],[[[-83.7372037,42.2757872],[-83.7372037,42.2757868],[-83.7372032,42.2757868],[-83.7372032,42.2757851],[-83.7372036,42.2757851],[-83.7372036,42.2757848],[-83.7372022,42.2757848],[-83.7372023,42.2757852],[-83.7372027,42.2757851],[-83.7372028,42.2757875],[-83.7372037,42.2757872]]],[[[-83.7373901,42.2757465],[-83.7373901,42.2757461],[-83.7373896,42.2757462],[-83.7373896,42.2757444],[-83.73739,42.2757444],[-83.73739,42.2757441],[-83.7373887,42.2757441],[-83.7373887,42.2757445],[-83.7373891,42.2757445],[-83.7373892,42.2757468],[-83.7373901,42.2757465]]],[[[-83.7371293,42.2757506],[-83.7371292,42.2757502],[-83.7371288,42.2757502],[-83.7371287,42.2757485],[-83.7371292,42.2757485],[-83.7371292,42.2757482],[-83.7371278,42.2757482],[-83.7371278,42.2757485],[-83.7371283,42.2757485],[-83.7371283,42.2757509],[-83.7371293,42.2757506]]],[[[-83.7374181,42.2757433],[-83.7374181,42.2757429],[-83.7374177,42.2757429],[-83.7374176,42.2757412],[-83.7374181,42.2757412],[-83.7374181,42.2757409],[-83.7374167,42.2757409],[-83.7374167,42.2757413],[-83.7374172,42.2757413],[-83.7374172,42.2757436],[-83.7374181,42.2757433]]],[[[-83.737367,42.2757441],[-83.737367,42.2757438],[-83.7373665,42.2757438],[-83.7373665,42.2757421],[-83.7373669,42.2757421],[-83.7373669,42.2757418],[-83.7373655,42.2757418],[-83.7373655,42.2757421],[-83.737366,42.2757421],[-83.7373661,42.2757445],[-83.737367,42.2757441]]],[[[-83.7373494,42.2757421],[-83.7373494,42.2757417],[-83.7373489,42.2757417],[-83.7373489,42.27574],[-83.7373493,42.27574],[-83.7373493,42.2757397],[-83.7373479,42.2757397],[-83.737348,42.27574],[-83.7373484,42.27574],[-83.7373485,42.2757424],[-83.7373494,42.2757421]]],[[[-83.7372562,42.2757116],[-83.7372562,42.2757102],[-83.7372543,42.2757102],[-83.7372544,42.2757106],[-83.7372557,42.2757105],[-83.7372558,42.2757112],[-83.7372539,42.2757113],[-83.7372539,42.2757116],[-83.7372562,42.2757116]]],[[[-83.7371908,42.2757123],[-83.7371908,42.275712],[-83.7371903,42.275712],[-83.7371903,42.2757103],[-83.7371907,42.2757103],[-83.7371907,42.2757099],[-83.7371893,42.27571],[-83.7371893,42.2757103],[-83.7371898,42.2757103],[-83.7371899,42.2757127],[-83.7371908,42.2757123]]],[[[-83.7370866,42.2757141],[-83.7370866,42.2757138],[-83.7370862,42.2757138],[-83.7370861,42.2757121],[-83.7370866,42.275712],[-83.7370866,42.2757117],[-83.7370852,42.2757117],[-83.7370852,42.2757121],[-83.7370856,42.2757121],[-83.7370857,42.2757144],[-83.7370866,42.2757141]]],[[[-83.7373905,42.2757001],[-83.7373905,42.2756997],[-83.73739,42.2756997],[-83.73739,42.275698],[-83.7373905,42.275698],[-83.7373904,42.2756977],[-83.7373891,42.2756977],[-83.7373891,42.2756981],[-83.7373895,42.275698],[-83.7373896,42.2757004],[-83.7373905,42.2757001]]],[[[-83.737192,42.2756765],[-83.737192,42.2756761],[-83.7371915,42.2756762],[-83.7371915,42.2756744],[-83.7371919,42.2756744],[-83.7371919,42.2756741],[-83.7371905,42.2756741],[-83.7371905,42.2756745],[-83.737191,42.2756745],[-83.7371911,42.2756768],[-83.737192,42.2756765]]],[[[-83.7371888,42.2756765],[-83.7371887,42.2756762],[-83.7371883,42.2756762],[-83.7371882,42.2756745],[-83.7371887,42.2756745],[-83.7371887,42.2756742],[-83.7371873,42.2756742],[-83.7371873,42.2756745],[-83.7371878,42.2756745],[-83.7371878,42.2756769],[-83.7371888,42.2756765]]],[[[-83.7371528,42.2756771],[-83.7371528,42.2756768],[-83.7371523,42.2756768],[-83.7371523,42.2756751],[-83.7371527,42.2756751],[-83.7371527,42.2756748],[-83.7371513,42.2756748],[-83.7371514,42.2756751],[-83.7371518,42.2756751],[-83.7371519,42.2756775],[-83.7371528,42.2756771]]],[[[-83.73715,42.2756775],[-83.73715,42.2756762],[-83.7371482,42.2756762],[-83.7371482,42.2756765],[-83.7371496,42.2756765],[-83.7371496,42.2756772],[-83.7371477,42.2756772],[-83.7371477,42.2756776],[-83.73715,42.2756775]]],[[[-83.737121,42.2756777],[-83.737121,42.2756773],[-83.7371205,42.2756774],[-83.7371205,42.2756756],[-83.7371209,42.2756756],[-83.7371209,42.2756753],[-83.7371195,42.2756753],[-83.7371196,42.2756757],[-83.73712,42.2756757],[-83.7371201,42.275678],[-83.737121,42.2756777]]],[[[-83.737178,42.2756559],[-83.7371779,42.2756545],[-83.7371761,42.2756546],[-83.7371761,42.2756549],[-83.7371775,42.2756549],[-83.7371775,42.2756556],[-83.7371757,42.2756556],[-83.7371757,42.2756559],[-83.737178,42.2756559]]],[[[-83.7373871,42.2755882],[-83.737387,42.2755879],[-83.7373866,42.2755879],[-83.7373865,42.2755862],[-83.737387,42.2755862],[-83.737387,42.2755858],[-83.7373856,42.2755859],[-83.7373856,42.2755862],[-83.7373861,42.2755862],[-83.7373861,42.2755886],[-83.7373871,42.2755882]]],[[[-83.7373848,42.2755886],[-83.7373847,42.2755872],[-83.7373829,42.2755873],[-83.7373829,42.2755876],[-83.7373843,42.2755876],[-83.7373843,42.2755883],[-83.7373824,42.2755883],[-83.7373825,42.2755886],[-83.7373848,42.2755886]]],[[[-83.737176,42.2755921],[-83.737176,42.2755908],[-83.7371741,42.2755908],[-83.7371741,42.2755911],[-83.7371755,42.2755911],[-83.7371755,42.2755918],[-83.7371737,42.2755918],[-83.7371737,42.2755922],[-83.737176,42.2755921]]],[[[-83.7369734,42.275586],[-83.7369733,42.2755846],[-83.7369715,42.2755847],[-83.7369715,42.275585],[-83.7369729,42.275585],[-83.7369729,42.2755857],[-83.7369711,42.2755857],[-83.7369711,42.2755861],[-83.7369734,42.275586]]],[[[-83.7371768,42.2755126],[-83.7371767,42.2755113],[-83.7371749,42.2755113],[-83.7371749,42.2755116],[-83.7371763,42.2755116],[-83.7371763,42.2755123],[-83.7371744,42.2755123],[-83.7371745,42.2755127],[-83.7371768,42.2755126]]],[[[-83.7371735,42.2755127],[-83.7371735,42.2755113],[-83.7371716,42.2755113],[-83.7371717,42.2755117],[-83.737173,42.2755117],[-83.7371731,42.2755123],[-83.7371712,42.2755124],[-83.7371712,42.2755127],[-83.7371735,42.2755127]]],[[[-83.7373844,42.2755037],[-83.7373844,42.2755033],[-83.737384,42.2755033],[-83.7373839,42.2755016],[-83.7373844,42.2755016],[-83.7373844,42.2755013],[-83.737383,42.2755013],[-83.737383,42.2755016],[-83.7373835,42.2755016],[-83.7373835,42.275504],[-83.7373844,42.2755037]]],[[[-83.7373824,42.2754382],[-83.7373824,42.2754378],[-83.7373819,42.2754378],[-83.7373819,42.2754361],[-83.7373823,42.2754361],[-83.7373823,42.2754358],[-83.737381,42.2754358],[-83.737381,42.2754362],[-83.7373814,42.2754362],[-83.7373815,42.2754385],[-83.7373824,42.2754382]]],[[[-83.7371713,42.2754421],[-83.7371713,42.2754407],[-83.7371695,42.2754408],[-83.7371695,42.2754411],[-83.7371709,42.2754411],[-83.7371709,42.2754418],[-83.737169,42.2754418],[-83.737169,42.2754421],[-83.7371713,42.2754421]]],[[[-83.7373782,42.2754072],[-83.7373782,42.2754069],[-83.7373778,42.2754069],[-83.7373777,42.2754052],[-83.7373782,42.2754052],[-83.7373781,42.2754048],[-83.7373768,42.2754048],[-83.7373768,42.2754052],[-83.7373772,42.2754052],[-83.7373773,42.2754076],[-83.7373782,42.2754072]]],[[[-83.73717,42.2753974],[-83.7371699,42.2753961],[-83.7371681,42.2753961],[-83.7371681,42.2753964],[-83.7371695,42.2753964],[-83.7371695,42.2753971],[-83.7371677,42.2753971],[-83.7371677,42.2753975],[-83.73717,42.2753974]]],[[[-83.7373806,42.2753792],[-83.7373806,42.2753788],[-83.7373801,42.2753789],[-83.7373801,42.2753771],[-83.7373805,42.2753771],[-83.7373805,42.2753768],[-83.7373791,42.2753768],[-83.7373791,42.2753772],[-83.7373796,42.2753772],[-83.7373797,42.2753795],[-83.7373806,42.2753792]]],[[[-83.7370331,42.2753847],[-83.7370331,42.2753844],[-83.7370326,42.2753844],[-83.7370326,42.2753827],[-83.737033,42.2753827],[-83.737033,42.2753823],[-83.7370316,42.2753824],[-83.7370316,42.2753827],[-83.7370321,42.2753827],[-83.7370322,42.2753851],[-83.7370331,42.2753847]]],[[[-83.7370299,42.2753848],[-83.7370298,42.2753844],[-83.7370294,42.2753844],[-83.7370293,42.2753827],[-83.7370298,42.2753827],[-83.7370298,42.2753824],[-83.7370284,42.2753824],[-83.7370284,42.2753827],[-83.7370289,42.2753827],[-83.7370289,42.2753851],[-83.7370299,42.2753848]]],[[[-83.7373252,42.275361],[-83.7373251,42.2753607],[-83.7373247,42.2753607],[-83.7373246,42.275359],[-83.7373251,42.275359],[-83.7373251,42.2753586],[-83.7373237,42.2753587],[-83.7373237,42.275359],[-83.7373242,42.275359],[-83.7373242,42.2753614],[-83.7373252,42.275361]]],[[[-83.7373219,42.2753611],[-83.7373219,42.2753607],[-83.7373215,42.2753607],[-83.7373214,42.275359],[-83.7373219,42.275359],[-83.7373219,42.2753587],[-83.7373205,42.2753587],[-83.7373205,42.275359],[-83.7373209,42.275359],[-83.737321,42.2753614],[-83.7373219,42.2753611]]],[[[-83.737369,42.2753466],[-83.737369,42.2753463],[-83.7373685,42.2753463],[-83.7373684,42.2753446],[-83.7373689,42.2753446],[-83.7373689,42.2753442],[-83.7373675,42.2753443],[-83.7373675,42.2753446],[-83.737368,42.2753446],[-83.7373681,42.275347],[-83.737369,42.2753466]]],[[[-83.7373657,42.2753467],[-83.7373657,42.2753463],[-83.7373653,42.2753464],[-83.7373652,42.2753446],[-83.7373657,42.2753446],[-83.7373657,42.2753443],[-83.7373643,42.2753443],[-83.7373643,42.2753447],[-83.7373648,42.2753447],[-83.7373648,42.275347],[-83.7373657,42.2753467]]],[[[-83.73731,42.2753476],[-83.73731,42.2753473],[-83.7373095,42.2753473],[-83.7373095,42.2753456],[-83.7373099,42.2753456],[-83.7373099,42.2753452],[-83.7373085,42.2753453],[-83.7373085,42.2753456],[-83.737309,42.2753456],[-83.7373091,42.275348],[-83.73731,42.2753476]]],[[[-83.7373072,42.275348],[-83.7373072,42.2753467],[-83.7373053,42.2753467],[-83.7373054,42.275347],[-83.7373067,42.275347],[-83.7373068,42.2753477],[-83.7373049,42.2753477],[-83.7373049,42.2753481],[-83.7373072,42.275348]]],[[[-83.7370321,42.2753523],[-83.7370321,42.275352],[-83.7370316,42.275352],[-83.7370316,42.2753503],[-83.737032,42.2753503],[-83.737032,42.2753499],[-83.7370306,42.27535],[-83.7370306,42.2753503],[-83.7370311,42.2753503],[-83.7370312,42.2753527],[-83.7370321,42.2753523]]],[[[-83.7369413,42.2753532],[-83.7369413,42.2753528],[-83.7369408,42.2753528],[-83.7369407,42.2753511],[-83.7369412,42.2753511],[-83.7369412,42.2753508],[-83.7369398,42.2753508],[-83.7369398,42.2753512],[-83.7369403,42.2753511],[-83.7369404,42.2753535],[-83.7369413,42.2753532]]],[[[-83.7369288,42.2753534],[-83.7369288,42.275353],[-83.7369283,42.2753531],[-83.7369283,42.2753513],[-83.7369288,42.2753513],[-83.7369287,42.275351],[-83.7369274,42.275351],[-83.7369274,42.2753514],[-83.7369278,42.2753514],[-83.7369279,42.2753537],[-83.7369288,42.2753534]]],[[[-83.7373122,42.2753295],[-83.7373122,42.2753292],[-83.7373117,42.2753292],[-83.7373117,42.2753275],[-83.7373121,42.2753275],[-83.7373121,42.2753271],[-83.7373107,42.2753271],[-83.7373107,42.2753275],[-83.7373112,42.2753275],[-83.7373113,42.2753299],[-83.7373122,42.2753295]]],[[[-83.7371735,42.2753318],[-83.7371735,42.2753315],[-83.737173,42.2753315],[-83.7371729,42.2753298],[-83.7371734,42.2753298],[-83.7371734,42.2753295],[-83.737172,42.2753295],[-83.737172,42.2753298],[-83.7371725,42.2753298],[-83.7371726,42.2753322],[-83.7371735,42.2753318]]],[[[-83.7373337,42.2753257],[-83.7373337,42.2753254],[-83.7373333,42.2753254],[-83.7373332,42.2753237],[-83.7373337,42.2753237],[-83.7373337,42.2753233],[-83.7373323,42.2753234],[-83.7373323,42.2753237],[-83.7373328,42.2753237],[-83.7373328,42.2753261],[-83.7373337,42.2753257]]],[[[-83.7373271,42.2753043],[-83.7373271,42.275304],[-83.7373266,42.275304],[-83.7373266,42.2753023],[-83.737327,42.2753023],[-83.737327,42.275302],[-83.7373256,42.275302],[-83.7373256,42.2753023],[-83.7373261,42.2753023],[-83.7373262,42.2753047],[-83.7373271,42.2753043]]],[[[-83.7373239,42.2753044],[-83.7373238,42.2753041],[-83.7373234,42.2753041],[-83.7373233,42.2753024],[-83.7373238,42.2753024],[-83.7373238,42.275302],[-83.7373224,42.275302],[-83.7373224,42.2753024],[-83.7373229,42.2753024],[-83.7373229,42.2753048],[-83.7373239,42.2753044]]],[[[-83.7372369,42.2759214],[-83.7372369,42.275921],[-83.737236,42.2759211],[-83.7372359,42.2759187],[-83.7372354,42.2759187],[-83.7372355,42.2759211],[-83.7372346,42.2759211],[-83.7372346,42.2759214],[-83.7372369,42.2759214]]],[[[-83.7376785,42.2759016],[-83.7376785,42.2759013],[-83.7376775,42.2759013],[-83.7376775,42.2758989],[-83.737677,42.2758989],[-83.7376771,42.2759013],[-83.7376762,42.2759013],[-83.7376762,42.2759017],[-83.7376785,42.2759016]]],[[[-83.73702,42.275676],[-83.73702,42.2756756],[-83.737019,42.2756757],[-83.737019,42.2756733],[-83.7370185,42.2756733],[-83.7370186,42.2756757],[-83.7370177,42.2756757],[-83.7370177,42.275676],[-83.73702,42.275676]]],[[[-83.7369451,42.2753569],[-83.7369451,42.2753565],[-83.7369441,42.2753565],[-83.7369441,42.2753541],[-83.7369436,42.2753542],[-83.7369437,42.2753565],[-83.7369428,42.2753566],[-83.7369428,42.2753569],[-83.7369451,42.2753569]]],[[[-83.7376527,42.2759014],[-83.7376526,42.275901],[-83.7376513,42.2759011],[-83.7376512,42.2758997],[-83.7376526,42.2758997],[-83.7376526,42.2758993],[-83.7376512,42.2758994],[-83.7376512,42.275899],[-83.7376507,42.275899],[-83.7376508,42.2759014],[-83.7376527,42.2759014]]],[[[-83.7369192,42.2753566],[-83.7369192,42.2753563],[-83.7369178,42.2753563],[-83.7369178,42.2753549],[-83.7369192,42.2753549],[-83.7369192,42.2753546],[-83.7369178,42.2753546],[-83.7369178,42.2753543],[-83.7369173,42.2753543],[-83.7369174,42.2753566],[-83.7369192,42.2753566]]],[[[-83.7372366,42.2759251],[-83.7372365,42.2759224],[-83.737236,42.2759224],[-83.7372361,42.2759234],[-83.7372347,42.2759235],[-83.7372347,42.2759238],[-83.7372361,42.2759238],[-83.7372361,42.2759248],[-83.7372347,42.2759248],[-83.7372347,42.2759252],[-83.7372366,42.2759251]]],[[[-83.7375968,42.2758999],[-83.7375967,42.2758972],[-83.7375963,42.2758972],[-83.7375963,42.2758982],[-83.7375949,42.2758983],[-83.7375949,42.2758986],[-83.7375963,42.2758986],[-83.7375963,42.2758996],[-83.737595,42.2758996],[-83.737595,42.2759],[-83.7375968,42.2758999]]],[[[-83.7375885,42.2759001],[-83.7375884,42.2758973],[-83.737588,42.2758974],[-83.737588,42.2758984],[-83.7375866,42.2758984],[-83.7375866,42.2758987],[-83.737588,42.2758987],[-83.7375881,42.2758997],[-83.7375867,42.2758998],[-83.7375867,42.2759001],[-83.7375885,42.2759001]]],[[[-83.7374009,42.2758725],[-83.7374008,42.2758698],[-83.737399,42.2758698],[-83.737399,42.2758702],[-83.7374004,42.2758702],[-83.7374005,42.2758722],[-83.7373991,42.2758722],[-83.7373991,42.2758726],[-83.7374009,42.2758725]]],[[[-83.737396,42.2758631],[-83.737396,42.2758624],[-83.7373946,42.2758624],[-83.7373946,42.2758614],[-83.7373941,42.2758614],[-83.7373942,42.2758624],[-83.7373937,42.2758624],[-83.7373937,42.2758628],[-83.7373942,42.2758628],[-83.7373942,42.2758641],[-83.7373951,42.2758638],[-83.7373951,42.2758634],[-83.7373947,42.2758634],[-83.7373946,42.2758628],[-83.7373956,42.2758627],[-83.7373956,42.2758631],[-83.737396,42.2758631]]],[[[-83.7370913,42.2758641],[-83.7370912,42.2758614],[-83.7370893,42.2758614],[-83.7370894,42.2758618],[-83.7370907,42.2758618],[-83.7370908,42.2758638],[-83.7370894,42.2758638],[-83.7370894,42.2758642],[-83.7370913,42.2758641]]],[[[-83.7373977,42.2758562],[-83.7373976,42.2758535],[-83.7373971,42.2758535],[-83.7373971,42.2758545],[-83.7373958,42.2758545],[-83.7373958,42.2758549],[-83.7373972,42.2758549],[-83.7373972,42.2758559],[-83.7373958,42.2758559],[-83.7373958,42.2758563],[-83.7373977,42.2758562]]],[[[-83.7373878,42.2757458],[-83.7373878,42.2757452],[-83.7373864,42.2757452],[-83.7373864,42.2757442],[-83.7373859,42.2757442],[-83.7373859,42.2757452],[-83.7373855,42.2757452],[-83.7373855,42.2757455],[-83.7373859,42.2757455],[-83.737386,42.2757469],[-83.7373869,42.2757465],[-83.7373869,42.2757462],[-83.7373864,42.2757462],[-83.7373864,42.2757455],[-83.7373873,42.2757455],[-83.7373873,42.2757459],[-83.7373878,42.2757458]]],[[[-83.7371909,42.2757304],[-83.7371908,42.2757277],[-83.7371903,42.2757277],[-83.7371904,42.2757287],[-83.737189,42.2757287],[-83.737189,42.2757291],[-83.7371904,42.2757291],[-83.7371904,42.2757301],[-83.737189,42.2757301],[-83.737189,42.2757304],[-83.7371909,42.2757304]],[[-83.7372043,42.2757333],[-83.737191,42.2757335],[-83.737191,42.2757345],[-83.7371859,42.2757346],[-83.7371859,42.2757339],[-83.737185,42.2757339],[-83.7371849,42.2757298],[-83.7371872,42.2757298],[-83.7371876,42.2757291],[-83.7371848,42.2757288],[-83.7371847,42.2757247],[-83.7371856,42.2757247],[-83.7371856,42.275724],[-83.7371907,42.2757239],[-83.7371907,42.275725],[-83.7371944,42.2757249],[-83.737199,42.2757262],[-83.7372028,42.2757288],[-83.7372043,42.2757312],[-83.7372043,42.2757333]]],[[[-83.737194,42.2756986],[-83.737194,42.2756959],[-83.7371921,42.2756959],[-83.7371921,42.2756963],[-83.7371935,42.2756962],[-83.7371936,42.2756983],[-83.7371922,42.2756983],[-83.7371922,42.2756987],[-83.737194,42.2756986]]],[[[-83.7370259,42.2756749],[-83.7370259,42.2756742],[-83.7370245,42.2756742],[-83.7370245,42.2756732],[-83.737024,42.2756732],[-83.7370241,42.2756742],[-83.7370236,42.2756742],[-83.7370236,42.2756746],[-83.7370241,42.2756745],[-83.7370241,42.2756759],[-83.737025,42.2756756],[-83.737025,42.2756752],[-83.7370246,42.2756752],[-83.7370245,42.2756745],[-83.7370255,42.2756745],[-83.7370255,42.2756749],[-83.7370259,42.2756749]]],[[[-83.7369826,42.2756756],[-83.7369826,42.2756749],[-83.7369812,42.2756749],[-83.7369812,42.2756739],[-83.7369807,42.2756739],[-83.7369807,42.2756749],[-83.7369803,42.2756749],[-83.7369803,42.2756753],[-83.7369808,42.2756753],[-83.7369808,42.2756766],[-83.7369817,42.2756763],[-83.7369817,42.2756759],[-83.7369812,42.275676],[-83.7369812,42.2756753],[-83.7369821,42.2756753],[-83.7369821,42.2756756],[-83.7369826,42.2756756]]],[[[-83.736924,42.2756438],[-83.736924,42.2756431],[-83.7369226,42.2756432],[-83.7369225,42.2756421],[-83.7369221,42.2756422],[-83.7369221,42.2756432],[-83.7369217,42.2756432],[-83.7369217,42.2756435],[-83.7369221,42.2756435],[-83.7369222,42.2756449],[-83.7369231,42.2756445],[-83.7369231,42.2756442],[-83.7369226,42.2756442],[-83.7369226,42.2756435],[-83.7369235,42.2756435],[-83.7369235,42.2756438],[-83.736924,42.2756438]]],[[[-83.7371792,42.2755911],[-83.7371792,42.2755904],[-83.7371778,42.2755904],[-83.7371778,42.2755894],[-83.7371773,42.2755894],[-83.7371773,42.2755904],[-83.7371769,42.2755904],[-83.7371769,42.2755908],[-83.7371773,42.2755908],[-83.7371774,42.2755921],[-83.7371783,42.2755918],[-83.7371783,42.2755914],[-83.7371778,42.2755914],[-83.7371778,42.2755907],[-83.7371787,42.2755907],[-83.7371787,42.2755911],[-83.7371792,42.2755911]]],[[[-83.7373821,42.275503],[-83.7373821,42.2755023],[-83.7373807,42.2755024],[-83.7373807,42.2755013],[-83.7373802,42.2755013],[-83.7373802,42.2755024],[-83.7373798,42.2755024],[-83.7373798,42.2755027],[-83.7373803,42.2755027],[-83.7373803,42.2755041],[-83.7373812,42.2755037],[-83.7373812,42.2755034],[-83.7373807,42.2755034],[-83.7373807,42.2755027],[-83.7373816,42.2755027],[-83.7373817,42.275503],[-83.7373821,42.275503]]],[[[-83.7369703,42.2753527],[-83.7369703,42.275352],[-83.7369689,42.275352],[-83.7369689,42.275351],[-83.7369684,42.275351],[-83.7369684,42.275352],[-83.736968,42.275352],[-83.736968,42.2753524],[-83.7369684,42.2753524],[-83.7369685,42.2753537],[-83.7369694,42.2753534],[-83.7369694,42.275353],[-83.7369689,42.275353],[-83.7369689,42.2753524],[-83.7369698,42.2753523],[-83.7369698,42.2753527],[-83.7369703,42.2753527]]],[[[-83.7373793,42.2753383],[-83.7373792,42.2753355],[-83.7373788,42.2753355],[-83.7373788,42.2753366],[-83.7373774,42.2753366],[-83.7373774,42.2753369],[-83.7373788,42.2753369],[-83.7373788,42.2753379],[-83.7373775,42.275338],[-83.7373775,42.2753383],[-83.7373793,42.2753383]]],[[[-83.7373613,42.2753386],[-83.7373613,42.2753358],[-83.7373594,42.2753359],[-83.7373594,42.2753362],[-83.7373608,42.2753362],[-83.7373609,42.2753382],[-83.7373595,42.2753383],[-83.7373595,42.2753386],[-83.7373613,42.2753386]]],[[[-83.736988,42.2753449],[-83.736988,42.2753421],[-83.7369861,42.2753422],[-83.7369861,42.2753425],[-83.7369875,42.2753425],[-83.7369876,42.2753445],[-83.7369862,42.2753446],[-83.7369862,42.2753449],[-83.736988,42.2753449]]],[[[-83.7369622,42.2753453],[-83.7369621,42.2753426],[-83.7369617,42.2753426],[-83.7369617,42.2753436],[-83.7369603,42.2753436],[-83.7369603,42.275344],[-83.7369617,42.275344],[-83.7369618,42.275345],[-83.7369604,42.275345],[-83.7369604,42.2753453],[-83.7369622,42.2753453]]],[[[-83.7370096,42.2753118],[-83.7370096,42.2753111],[-83.7370082,42.2753111],[-83.7370082,42.2753101],[-83.7370077,42.2753101],[-83.7370077,42.2753111],[-83.7370073,42.2753111],[-83.7370073,42.2753115],[-83.7370078,42.2753114],[-83.7370078,42.2753128],[-83.7370087,42.2753125],[-83.7370087,42.2753121],[-83.7370082,42.2753121],[-83.7370082,42.2753114],[-83.7370091,42.2753114],[-83.7370092,42.2753118],[-83.7370096,42.2753118]]],[[[-83.7376605,42.2759012],[-83.7376605,42.2759009],[-83.7376591,42.2759009],[-83.7376591,42.2758996],[-83.7376604,42.2758995],[-83.7376604,42.2758992],[-83.7376586,42.2758992],[-83.7376587,42.2759023],[-83.7376591,42.2759023],[-83.7376591,42.2759013],[-83.7376605,42.2759012]]],[[[-83.7376079,42.2758997],[-83.7376078,42.275897],[-83.7376073,42.275897],[-83.7376074,42.275898],[-83.7376064,42.2758981],[-83.7376064,42.2758977],[-83.737606,42.2758977],[-83.737606,42.2758984],[-83.7376074,42.2758984],[-83.7376074,42.2758994],[-83.737606,42.2758994],[-83.737606,42.2758998],[-83.7376079,42.2758997]]],[[[-83.7369271,42.2753565],[-83.7369271,42.2753561],[-83.7369257,42.2753562],[-83.7369256,42.2753548],[-83.736927,42.2753548],[-83.736927,42.2753544],[-83.7369252,42.2753545],[-83.7369253,42.2753575],[-83.7369257,42.2753575],[-83.7369257,42.2753565],[-83.7369271,42.2753565]]],[[[-83.7371647,42.2759724],[-83.7371647,42.2759714],[-83.7371642,42.2759714],[-83.7371642,42.2759721],[-83.7371624,42.2759721],[-83.7371624,42.2759714],[-83.7371619,42.2759714],[-83.7371624,42.2759735],[-83.7371629,42.2759735],[-83.7371629,42.2759725],[-83.7371638,42.2759724],[-83.7371638,42.2759735],[-83.7371643,42.2759735],[-83.7371643,42.2759724],[-83.7371647,42.2759724]]],[[[-83.7376046,42.2758981],[-83.7376046,42.2758971],[-83.7376041,42.2758971],[-83.7376041,42.2758978],[-83.7376023,42.2758978],[-83.7376023,42.2758971],[-83.7376018,42.2758971],[-83.7376023,42.2758992],[-83.7376028,42.2758991],[-83.7376028,42.2758981],[-83.7376037,42.2758981],[-83.7376037,42.2758991],[-83.7376042,42.2758991],[-83.7376041,42.2758981],[-83.7376046,42.2758981]]],[[[-83.7370875,42.275741],[-83.7370874,42.27574],[-83.737087,42.27574],[-83.737087,42.2757407],[-83.7370851,42.2757407],[-83.7370851,42.27574],[-83.7370847,42.2757401],[-83.7370852,42.2757421],[-83.7370856,42.2757421],[-83.7370856,42.2757411],[-83.7370865,42.275741],[-83.7370866,42.2757421],[-83.737087,42.2757421],[-83.737087,42.275741],[-83.7370875,42.275741]]],[[[-83.7369823,42.2757408],[-83.7369823,42.2757397],[-83.7369818,42.2757397],[-83.7369818,42.2757404],[-83.73698,42.2757405],[-83.73698,42.2757398],[-83.7369795,42.2757398],[-83.73698,42.2757418],[-83.7369805,42.2757418],[-83.7369805,42.2757408],[-83.7369814,42.2757408],[-83.7369814,42.2757418],[-83.7369819,42.2757418],[-83.7369819,42.2757408],[-83.7369823,42.2757408]]],[[[-83.7371433,42.2754286],[-83.7371432,42.2754279],[-83.7371428,42.2754279],[-83.7371428,42.2754272],[-83.7371423,42.2754272],[-83.7371423,42.2754269],[-83.7371414,42.2754269],[-83.7371414,42.2754272],[-83.7371409,42.2754273],[-83.7371419,42.2754286],[-83.7371433,42.2754286]]],[[[-83.7371396,42.2754286],[-83.7371396,42.275428],[-83.7371391,42.275428],[-83.7371391,42.2754273],[-83.7371386,42.2754273],[-83.7371386,42.2754269],[-83.7371377,42.275427],[-83.7371377,42.2754273],[-83.7371372,42.2754273],[-83.7371382,42.2754287],[-83.7371396,42.2754286]]],[[[-83.7371359,42.2754287],[-83.7371359,42.275428],[-83.7371354,42.275428],[-83.7371354,42.2754273],[-83.7371349,42.2754274],[-83.7371349,42.275427],[-83.737134,42.275427],[-83.737134,42.2754274],[-83.7371335,42.2754274],[-83.7371345,42.2754287],[-83.7371359,42.2754287]]],[[[-83.7371322,42.2754288],[-83.7371322,42.2754281],[-83.7371317,42.2754281],[-83.7371317,42.2754274],[-83.7371312,42.2754274],[-83.7371312,42.2754271],[-83.7371303,42.2754271],[-83.7371303,42.2754274],[-83.7371299,42.2754274],[-83.7371308,42.2754288],[-83.7371322,42.2754288]]],[[[-83.7371285,42.2754288],[-83.7371285,42.2754281],[-83.737128,42.2754282],[-83.737128,42.2754275],[-83.7371276,42.2754275],[-83.7371275,42.2754271],[-83.7371266,42.2754272],[-83.7371266,42.2754275],[-83.7371262,42.2754275],[-83.7371271,42.2754288],[-83.7371285,42.2754288]]],[[[-83.7371248,42.2754289],[-83.7371248,42.2754282],[-83.7371243,42.2754282],[-83.7371243,42.2754275],[-83.7371239,42.2754275],[-83.7371239,42.2754272],[-83.7371229,42.2754272],[-83.7371229,42.2754276],[-83.7371225,42.2754276],[-83.7371234,42.2754289],[-83.7371248,42.2754289]]],[[[-83.7371211,42.275429],[-83.7371211,42.2754283],[-83.7371207,42.2754283],[-83.7371206,42.2754276],[-83.7371202,42.2754276],[-83.7371202,42.2754273],[-83.7371192,42.2754273],[-83.7371193,42.2754276],[-83.7371188,42.2754276],[-83.7371198,42.275429],[-83.7371211,42.275429]]],[[[-83.7371175,42.275429],[-83.7371174,42.2754283],[-83.737117,42.2754283],[-83.737117,42.2754277],[-83.7371165,42.2754277],[-83.7371165,42.2754273],[-83.7371156,42.2754273],[-83.7371156,42.2754277],[-83.7371151,42.2754277],[-83.7371161,42.275429],[-83.7371175,42.275429]]],[[[-83.7371138,42.2754291],[-83.7371137,42.2754284],[-83.7371133,42.2754284],[-83.7371133,42.2754277],[-83.7371128,42.2754277],[-83.7371128,42.2754274],[-83.7371119,42.2754274],[-83.7371119,42.2754277],[-83.7371114,42.2754277],[-83.7371124,42.2754291],[-83.7371138,42.2754291]]],[[[-83.7371101,42.2754291],[-83.7371101,42.2754285],[-83.7371096,42.2754285],[-83.7371096,42.2754278],[-83.7371091,42.2754278],[-83.7371091,42.2754274],[-83.7371082,42.2754275],[-83.7371082,42.2754278],[-83.7371077,42.2754278],[-83.7371087,42.2754292],[-83.7371101,42.2754291]]],[[[-83.7371064,42.2754292],[-83.7371064,42.2754285],[-83.7371059,42.2754285],[-83.7371059,42.2754278],[-83.7371054,42.2754279],[-83.7371054,42.2754275],[-83.7371045,42.2754275],[-83.7371045,42.2754279],[-83.737104,42.2754279],[-83.737105,42.2754292],[-83.7371064,42.2754292]]],[[[-83.7371027,42.2754293],[-83.7371027,42.2754286],[-83.7371022,42.2754286],[-83.7371022,42.2754279],[-83.7371017,42.2754279],[-83.7371017,42.2754276],[-83.7371008,42.2754276],[-83.7371008,42.2754279],[-83.7371004,42.2754279],[-83.7371013,42.2754293],[-83.7371027,42.2754293]]],[[[-83.737099,42.2754293],[-83.737099,42.2754286],[-83.7370985,42.2754287],[-83.7370985,42.275428],[-83.7370981,42.275428],[-83.737098,42.2754276],[-83.7370971,42.2754277],[-83.7370971,42.275428],[-83.7370967,42.275428],[-83.7370976,42.2754293],[-83.737099,42.2754293]]],[[[-83.7370953,42.2754294],[-83.7370953,42.2754287],[-83.7370949,42.2754287],[-83.7370948,42.275428],[-83.7370944,42.275428],[-83.7370944,42.2754277],[-83.7370934,42.2754277],[-83.7370934,42.2754281],[-83.737093,42.2754281],[-83.737094,42.2754294],[-83.7370953,42.2754294]]],[[[-83.7370916,42.2754294],[-83.7370916,42.2754288],[-83.7370912,42.2754288],[-83.7370911,42.2754281],[-83.7370907,42.2754281],[-83.7370907,42.2754278],[-83.7370897,42.2754278],[-83.7370898,42.2754281],[-83.7370893,42.2754281],[-83.7370903,42.2754295],[-83.7370916,42.2754294]],[[-83.7371705,42.2754302],[-83.7370677,42.2754319],[-83.7370677,42.2754295],[-83.7370695,42.2754298],[-83.7370695,42.2754291],[-83.737069,42.2754281],[-83.7370676,42.2754281],[-83.7370676,42.2754258],[-83.7371703,42.275424],[-83.7371705,42.2754302]]],[[[-83.737088,42.2754295],[-83.7370879,42.2754288],[-83.7370875,42.2754288],[-83.7370875,42.2754282],[-83.737087,42.2754282],[-83.737087,42.2754278],[-83.7370861,42.2754278],[-83.7370861,42.2754282],[-83.7370856,42.2754282],[-83.7370866,42.2754295],[-83.737088,42.2754295]]],[[[-83.7370843,42.2754296],[-83.7370843,42.2754289],[-83.7370838,42.2754289],[-83.7370838,42.2754282],[-83.7370833,42.2754282],[-83.7370833,42.2754279],[-83.7370824,42.2754279],[-83.7370824,42.2754282],[-83.7370819,42.2754282],[-83.7370829,42.2754296],[-83.7370843,42.2754296]]],[[[-83.7370806,42.2754296],[-83.7370806,42.275429],[-83.7370801,42.275429],[-83.7370801,42.2754283],[-83.7370796,42.2754283],[-83.7370796,42.2754279],[-83.7370787,42.275428],[-83.7370787,42.2754283],[-83.7370782,42.2754283],[-83.7370792,42.2754297],[-83.7370806,42.2754296]]],[[[-83.7370769,42.2754297],[-83.7370769,42.275429],[-83.7370764,42.275429],[-83.7370764,42.2754283],[-83.7370759,42.2754283],[-83.7370759,42.275428],[-83.737075,42.275428],[-83.737075,42.2754284],[-83.7370746,42.2754284],[-83.7370755,42.2754297],[-83.7370769,42.2754297]]],[[[-83.7371196,42.2759749],[-83.7371195,42.2759722],[-83.7371177,42.2759722],[-83.7371177,42.2759725],[-83.7371191,42.2759725],[-83.7371191,42.2759735],[-83.7371177,42.2759736],[-83.7371177,42.2759739],[-83.7371191,42.2759739],[-83.7371191,42.2759746],[-83.7371177,42.2759746],[-83.7371178,42.2759749],[-83.7371196,42.2759749]]],[[[-83.7372423,42.2759175],[-83.7372422,42.2759148],[-83.7372404,42.2759148],[-83.7372404,42.2759152],[-83.7372418,42.2759152],[-83.7372418,42.2759162],[-83.7372404,42.2759162],[-83.7372404,42.2759165],[-83.7372418,42.2759165],[-83.7372419,42.2759172],[-83.7372405,42.2759172],[-83.7372405,42.2759176],[-83.7372423,42.2759175]]],[[[-83.7376702,42.2759018],[-83.7376701,42.275899],[-83.7376683,42.2758991],[-83.7376683,42.2758994],[-83.7376697,42.2758994],[-83.7376697,42.2759004],[-83.7376683,42.2759004],[-83.7376683,42.2759008],[-83.7376697,42.2759007],[-83.7376697,42.2759014],[-83.7376683,42.2759014],[-83.7376683,42.2759018],[-83.7376702,42.2759018]]],[[[-83.7372257,42.2754265],[-83.7372257,42.2754255],[-83.7372243,42.2754255],[-83.7372243,42.2754258],[-83.7372239,42.2754258],[-83.7372239,42.2754272],[-83.7372253,42.2754272],[-83.7372253,42.2754265],[-83.7372257,42.2754265]]],[[[-83.7372221,42.2754266],[-83.737222,42.2754255],[-83.7372206,42.2754256],[-83.7372206,42.2754259],[-83.7372202,42.2754259],[-83.7372202,42.2754273],[-83.7372216,42.2754273],[-83.7372216,42.2754266],[-83.7372221,42.2754266]]],[[[-83.7372184,42.2754266],[-83.7372183,42.2754256],[-83.7372169,42.2754256],[-83.737217,42.275426],[-83.7372165,42.275426],[-83.7372165,42.2754273],[-83.7372179,42.2754273],[-83.7372179,42.2754266],[-83.7372184,42.2754266]]],[[[-83.7372147,42.2754267],[-83.7372146,42.2754257],[-83.7372133,42.2754257],[-83.7372133,42.275426],[-83.7372128,42.275426],[-83.7372129,42.2754274],[-83.7372142,42.2754274],[-83.7372142,42.2754267],[-83.7372147,42.2754267]]],[[[-83.737211,42.2754267],[-83.737211,42.2754257],[-83.7372096,42.2754258],[-83.7372096,42.2754261],[-83.7372091,42.2754261],[-83.7372092,42.2754275],[-83.7372105,42.2754274],[-83.7372105,42.2754268],[-83.737211,42.2754267]]],[[[-83.7372073,42.2754268],[-83.7372073,42.2754258],[-83.7372059,42.2754258],[-83.7372059,42.2754262],[-83.7372054,42.2754262],[-83.7372055,42.2754275],[-83.7372069,42.2754275],[-83.7372068,42.2754268],[-83.7372073,42.2754268]]],[[[-83.7372036,42.2754269],[-83.7372036,42.2754259],[-83.7372022,42.2754259],[-83.7372022,42.2754262],[-83.7372018,42.2754262],[-83.7372018,42.2754276],[-83.7372032,42.2754276],[-83.7372032,42.2754269],[-83.7372036,42.2754269]]],[[[-83.7371999,42.2754269],[-83.7371999,42.2754259],[-83.7371985,42.2754259],[-83.7371985,42.2754263],[-83.7371981,42.2754263],[-83.7371981,42.2754276],[-83.7371995,42.2754276],[-83.7371995,42.2754269],[-83.7371999,42.2754269]]],[[[-83.7371962,42.275427],[-83.7371962,42.275426],[-83.7371948,42.275426],[-83.7371948,42.2754263],[-83.7371944,42.2754263],[-83.7371944,42.2754277],[-83.7371958,42.2754277],[-83.7371958,42.275427],[-83.7371962,42.275427]]],[[[-83.7371926,42.2754271],[-83.7371925,42.275426],[-83.7371911,42.2754261],[-83.7371912,42.2754264],[-83.7371907,42.2754264],[-83.7371907,42.2754278],[-83.7371921,42.2754278],[-83.7371921,42.2754271],[-83.7371926,42.2754271]]],[[[-83.7371889,42.2754271],[-83.7371888,42.2754261],[-83.7371875,42.2754261],[-83.7371875,42.2754265],[-83.737187,42.2754265],[-83.737187,42.2754278],[-83.7371884,42.2754278],[-83.7371884,42.2754271],[-83.7371889,42.2754271]]],[[[-83.7371852,42.2754272],[-83.7371851,42.2754262],[-83.7371838,42.2754262],[-83.7371838,42.2754265],[-83.7371833,42.2754265],[-83.7371834,42.2754279],[-83.7371847,42.2754279],[-83.7371847,42.2754272],[-83.7371852,42.2754272]]],[[[-83.7371815,42.2754272],[-83.7371815,42.2754262],[-83.7371801,42.2754262],[-83.7371801,42.2754266],[-83.7371796,42.2754266],[-83.7371797,42.275428],[-83.7371811,42.2754279],[-83.737181,42.2754273],[-83.7371815,42.2754272]]],[[[-83.7371691,42.2754281],[-83.7371691,42.2754275],[-83.7371686,42.2754275],[-83.7371686,42.2754268],[-83.7371681,42.2754268],[-83.7371681,42.2754265],[-83.7371667,42.2754265],[-83.7371667,42.2754272],[-83.7371672,42.2754271],[-83.7371672,42.2754278],[-83.7371677,42.2754278],[-83.7371677,42.2754282],[-83.7371691,42.2754281]]],[[[-83.7371654,42.2754282],[-83.7371654,42.2754275],[-83.7371649,42.2754275],[-83.7371649,42.2754268],[-83.7371644,42.2754269],[-83.7371644,42.2754265],[-83.737163,42.2754265],[-83.737163,42.2754272],[-83.7371635,42.2754272],[-83.7371635,42.2754279],[-83.737164,42.2754279],[-83.737164,42.2754282],[-83.7371654,42.2754282]]],[[[-83.7371617,42.2754283],[-83.7371617,42.2754276],[-83.7371612,42.2754276],[-83.7371612,42.2754269],[-83.7371607,42.2754269],[-83.7371607,42.2754266],[-83.7371593,42.2754266],[-83.7371594,42.2754273],[-83.7371598,42.2754273],[-83.7371598,42.275428],[-83.7371603,42.2754279],[-83.7371603,42.2754283],[-83.7371617,42.2754283]]],[[[-83.737158,42.2754283],[-83.737158,42.2754276],[-83.7371575,42.2754277],[-83.7371575,42.275427],[-83.737157,42.275427],[-83.737157,42.2754266],[-83.7371557,42.2754267],[-83.7371557,42.2754273],[-83.7371561,42.2754273],[-83.7371562,42.275428],[-83.7371566,42.275428],[-83.7371566,42.2754284],[-83.737158,42.2754283]]],[[[-83.7371543,42.2754284],[-83.7371543,42.2754277],[-83.7371538,42.2754277],[-83.7371538,42.275427],[-83.7371534,42.275427],[-83.7371533,42.2754267],[-83.737152,42.2754267],[-83.737152,42.2754274],[-83.7371524,42.2754274],[-83.7371525,42.2754281],[-83.7371529,42.2754281],[-83.7371529,42.2754284],[-83.7371543,42.2754284]]],[[[-83.7371506,42.2754285],[-83.7371506,42.2754278],[-83.7371502,42.2754278],[-83.7371501,42.2754271],[-83.7371497,42.2754271],[-83.7371497,42.2754268],[-83.7371483,42.2754268],[-83.7371483,42.2754275],[-83.7371488,42.2754275],[-83.7371488,42.2754281],[-83.7371492,42.2754281],[-83.7371493,42.2754285],[-83.7371506,42.2754285]]],[[[-83.737147,42.2754285],[-83.7371469,42.2754278],[-83.7371465,42.2754278],[-83.7371464,42.2754272],[-83.737146,42.2754272],[-83.737146,42.2754268],[-83.7371446,42.2754268],[-83.7371446,42.2754275],[-83.7371451,42.2754275],[-83.7371451,42.2754282],[-83.7371456,42.2754282],[-83.7371456,42.2754285],[-83.737147,42.2754285]]],[[[-83.7369368,42.275357],[-83.7369367,42.2753543],[-83.7369348,42.2753543],[-83.7369349,42.2753546],[-83.7369362,42.2753546],[-83.7369363,42.2753556],[-83.7369349,42.2753557],[-83.7369349,42.275356],[-83.7369363,42.275356],[-83.7369363,42.2753567],[-83.7369349,42.2753567],[-83.7369349,42.275357],[-83.7369368,42.275357]]],[[[-83.7370732,42.2754298],[-83.7370727,42.2754281],[-83.7370713,42.2754281],[-83.7370713,42.2754284],[-83.7370709,42.2754284],[-83.7370718,42.2754298],[-83.7370732,42.2754298]]],[[[-83.7372774,42.2754256],[-83.7372773,42.2754246],[-83.7372759,42.2754246],[-83.7372751,42.275426],[-83.7372755,42.275426],[-83.7372755,42.2754263],[-83.7372769,42.2754263],[-83.7372769,42.2754256],[-83.7372774,42.2754256]]],[[[-83.7372737,42.2754257],[-83.7372736,42.2754247],[-83.7372723,42.2754247],[-83.7372714,42.2754261],[-83.7372718,42.2754261],[-83.7372718,42.2754264],[-83.7372732,42.2754264],[-83.7372732,42.2754257],[-83.7372737,42.2754257]]],[[[-83.73727,42.2754258],[-83.7372699,42.2754247],[-83.7372686,42.2754248],[-83.7372677,42.2754261],[-83.7372681,42.2754261],[-83.7372682,42.2754265],[-83.7372695,42.2754264],[-83.7372695,42.2754258],[-83.73727,42.2754258]]],[[[-83.7372663,42.2754258],[-83.7372663,42.2754248],[-83.7372649,42.2754248],[-83.737264,42.2754262],[-83.7372645,42.2754262],[-83.7372645,42.2754265],[-83.7372659,42.2754265],[-83.7372658,42.2754258],[-83.7372663,42.2754258]]],[[[-83.7372626,42.2754259],[-83.7372626,42.2754249],[-83.7372612,42.2754249],[-83.7372603,42.2754263],[-83.7372608,42.2754262],[-83.7372608,42.2754266],[-83.7372622,42.2754266],[-83.7372621,42.2754259],[-83.7372626,42.2754259]]],[[[-83.7372589,42.2754259],[-83.7372589,42.2754249],[-83.7372575,42.2754249],[-83.7372566,42.2754263],[-83.7372571,42.2754263],[-83.7372571,42.2754267],[-83.7372585,42.2754266],[-83.7372585,42.2754259],[-83.7372589,42.2754259]],[[-83.7372811,42.2754283],[-83.7371784,42.27543],[-83.7371782,42.2754239],[-83.7372809,42.2754222],[-83.737281,42.2754245],[-83.7372796,42.2754246],[-83.7372787,42.2754259],[-83.7372806,42.2754263],[-83.737281,42.2754256],[-83.7372811,42.2754283]]],[[[-83.7372552,42.275426],[-83.7372552,42.275425],[-83.7372538,42.275425],[-83.7372529,42.2754264],[-83.7372534,42.2754264],[-83.7372534,42.2754267],[-83.7372548,42.2754267],[-83.7372548,42.275426],[-83.7372552,42.275426]]],[[[-83.7372515,42.2754261],[-83.7372515,42.275425],[-83.7372501,42.2754251],[-83.7372493,42.2754264],[-83.7372497,42.2754264],[-83.7372497,42.2754268],[-83.7372511,42.2754268],[-83.7372511,42.2754261],[-83.7372515,42.2754261]]],[[[-83.7372479,42.2754261],[-83.7372478,42.2754251],[-83.7372464,42.2754251],[-83.7372456,42.2754265],[-83.737246,42.2754265],[-83.737246,42.2754268],[-83.7372474,42.2754268],[-83.7372474,42.2754261],[-83.7372479,42.2754261]]],[[[-83.7372442,42.2754262],[-83.7372441,42.2754252],[-83.7372428,42.2754252],[-83.7372419,42.2754266],[-83.7372423,42.2754266],[-83.7372423,42.2754269],[-83.7372437,42.2754269],[-83.7372437,42.2754262],[-83.7372442,42.2754262]]],[[[-83.7372405,42.2754263],[-83.7372405,42.2754252],[-83.7372391,42.2754253],[-83.7372382,42.2754266],[-83.7372387,42.2754266],[-83.7372387,42.275427],[-83.73724,42.2754269],[-83.73724,42.2754263],[-83.7372405,42.2754263]]],[[[-83.7372368,42.2754263],[-83.7372368,42.2754253],[-83.7372354,42.2754253],[-83.7372345,42.2754267],[-83.737235,42.2754267],[-83.737235,42.275427],[-83.7372364,42.275427],[-83.7372363,42.2754263],[-83.7372368,42.2754263]]],[[[-83.7372331,42.2754264],[-83.7372331,42.2754254],[-83.7372317,42.2754254],[-83.7372308,42.2754268],[-83.7372313,42.2754267],[-83.7372313,42.2754271],[-83.7372327,42.2754271],[-83.7372327,42.2754264],[-83.7372331,42.2754264]]],[[[-83.7372294,42.2754264],[-83.7372294,42.2754254],[-83.737228,42.2754254],[-83.7372271,42.2754268],[-83.7372276,42.2754268],[-83.7372276,42.2754272],[-83.737229,42.2754271],[-83.737229,42.2754264],[-83.7372294,42.2754264]]],[[[-83.7372333,42.2759252],[-83.7372333,42.2759225],[-83.737231,42.2759225],[-83.737231,42.2759228],[-83.7372328,42.2759228],[-83.7372328,42.2759238],[-83.7372315,42.2759239],[-83.7372315,42.2759242],[-83.7372328,42.2759242],[-83.7372329,42.2759249],[-83.737231,42.2759249],[-83.737231,42.2759252],[-83.7372333,42.2759252]]],[[[-83.7372391,42.2759176],[-83.737239,42.2759149],[-83.7372367,42.2759149],[-83.7372367,42.2759152],[-83.7372386,42.2759152],[-83.7372386,42.2759162],[-83.7372372,42.2759163],[-83.7372372,42.2759166],[-83.7372386,42.2759166],[-83.7372386,42.2759173],[-83.7372368,42.2759173],[-83.7372368,42.2759176],[-83.7372391,42.2759176]]],[[[-83.7369233,42.2757711],[-83.7369232,42.2757684],[-83.7369209,42.2757684],[-83.7369209,42.2757688],[-83.7369228,42.2757687],[-83.7369228,42.2757698],[-83.7369214,42.2757698],[-83.7369214,42.2757701],[-83.7369228,42.2757701],[-83.7369228,42.2757708],[-83.736921,42.2757708],[-83.736921,42.2757711],[-83.7369233,42.2757711]]],[[[-83.7373938,42.2757468],[-83.7373937,42.275744],[-83.7373914,42.2757441],[-83.7373914,42.2757444],[-83.7373933,42.2757444],[-83.7373933,42.2757454],[-83.7373919,42.2757454],[-83.7373919,42.2757458],[-83.7373933,42.2757457],[-83.7373933,42.2757464],[-83.7373915,42.2757465],[-83.7373915,42.2757468],[-83.7373938,42.2757468]]],[[[-83.7371689,42.2757502],[-83.7371688,42.2757475],[-83.7371665,42.2757475],[-83.7371665,42.2757479],[-83.7371684,42.2757479],[-83.7371684,42.2757489],[-83.737167,42.2757489],[-83.737167,42.2757492],[-83.7371684,42.2757492],[-83.7371684,42.2757499],[-83.7371666,42.2757499],[-83.7371666,42.2757503],[-83.7371689,42.2757502]]],[[[-83.7371357,42.2757508],[-83.7371356,42.2757481],[-83.7371333,42.2757481],[-83.7371333,42.2757484],[-83.7371352,42.2757484],[-83.7371352,42.2757494],[-83.7371338,42.2757495],[-83.7371338,42.2757498],[-83.7371352,42.2757498],[-83.7371352,42.2757505],[-83.7371334,42.2757505],[-83.7371334,42.2757508],[-83.7371357,42.2757508]]],[[[-83.7375958,42.2759126],[-83.7375957,42.2759092],[-83.7375939,42.2759092],[-83.737594,42.2759126],[-83.7375958,42.2759126]]],[[[-83.7375516,42.2759133],[-83.7375515,42.2759099],[-83.7375496,42.2759099],[-83.7375497,42.2759134],[-83.7375516,42.2759133]]],[[[-83.7375073,42.2759141],[-83.7375072,42.2759107],[-83.7375054,42.2759107],[-83.7375055,42.2759141],[-83.7375073,42.2759141]]],[[[-83.7375948,42.2758798],[-83.7375947,42.2758764],[-83.7375929,42.2758765],[-83.737593,42.2758799],[-83.7375948,42.2758798]]],[[[-83.7375506,42.2758806],[-83.7375505,42.2758772],[-83.7375486,42.2758772],[-83.7375487,42.2758806],[-83.7375506,42.2758806]]],[[[-83.7375063,42.2758813],[-83.7375062,42.2758779],[-83.7375044,42.275878],[-83.7375045,42.2758814],[-83.7375063,42.2758813]]],[[[-83.7376834,42.2759104],[-83.7376833,42.2759094],[-83.7376824,42.2759094],[-83.7376824,42.2759084],[-83.7376833,42.2759084],[-83.7376833,42.2759077],[-83.7376824,42.2759077],[-83.7376824,42.275908],[-83.7376819,42.275908],[-83.7376819,42.2759077],[-83.7376801,42.2759077],[-83.7376802,42.2759111],[-83.7376825,42.2759111],[-83.7376824,42.2759104],[-83.7376834,42.2759104]]],[[[-83.7376823,42.2758777],[-83.7376823,42.2758766],[-83.7376814,42.2758767],[-83.7376814,42.2758756],[-83.7376823,42.2758756],[-83.7376823,42.2758749],[-83.7376813,42.275875],[-83.7376814,42.2758753],[-83.7376809,42.2758753],[-83.7376809,42.275875],[-83.737679,42.275875],[-83.7376791,42.2758784],[-83.7376814,42.2758784],[-83.7376814,42.2758777],[-83.7376823,42.2758777]]],[[[-83.7374216,42.2759145],[-83.7374215,42.2759118],[-83.7374151,42.2759119],[-83.7374151,42.2759146],[-83.7374216,42.2759145]],[[-83.7374206,42.2759125],[-83.7374207,42.2759138],[-83.737416,42.2759139],[-83.737416,42.2759125],[-83.7374206,42.2759125]]],[[[-83.737465,42.2759155],[-83.7374648,42.275911],[-83.7374593,42.2759111],[-83.7374594,42.2759156],[-83.737465,42.2759155]],[[-83.7374639,42.2759117],[-83.737464,42.2759148],[-83.7374603,42.2759149],[-83.7374602,42.2759118],[-83.7374639,42.2759117]]],[[[-83.737464,42.2758827],[-83.7374638,42.2758783],[-83.7374583,42.2758784],[-83.7374584,42.2758828],[-83.737464,42.2758827]],[[-83.7374629,42.275879],[-83.737463,42.2758821],[-83.7374593,42.2758821],[-83.7374592,42.2758791],[-83.7374629,42.275879]]],[[[-83.7371746,42.2757406],[-83.7371746,42.2757396],[-83.7371732,42.2757399],[-83.7371732,42.2757392],[-83.7371598,42.2757395],[-83.7371598,42.2757401],[-83.737158,42.2757398],[-83.737158,42.2757409],[-83.7371598,42.2757405],[-83.7371599,42.2757412],[-83.7371732,42.2757409],[-83.7371732,42.2757403],[-83.7371746,42.2757406]],[[-83.7371723,42.2757396],[-83.7371723,42.2757406],[-83.7371603,42.2757408],[-83.7371603,42.2757398],[-83.7371723,42.2757396]]],[[[-83.7371414,42.2757411],[-83.7371414,42.2757401],[-83.7371395,42.2757405],[-83.7371395,42.2757398],[-83.7371262,42.27574],[-83.7371262,42.2757407],[-83.7371248,42.2757404],[-83.7371248,42.2757414],[-83.7371262,42.2757411],[-83.7371262,42.2757417],[-83.7371396,42.2757415],[-83.7371396,42.2757408],[-83.7371414,42.2757411]],[[-83.7371391,42.2757402],[-83.7371391,42.2757412],[-83.7371271,42.2757414],[-83.7371271,42.2757404],[-83.7371391,42.2757402]]],[[[-83.7369035,42.2754009],[-83.7369034,42.2753968],[-83.736903,42.2753968],[-83.7369029,42.2753965],[-83.7368979,42.2753966],[-83.7368979,42.2753969],[-83.7368974,42.2753969],[-83.7368976,42.275401],[-83.7369035,42.2754009]],[[-83.7369025,42.2753972],[-83.7369026,42.2754002],[-83.7368985,42.2754003],[-83.7368984,42.2753972],[-83.7369025,42.2753972]]],[[[-83.7373253,42.2759175],[-83.7373252,42.2759134],[-83.7373192,42.2759135],[-83.7373193,42.2759179],[-83.7373249,42.2759178],[-83.7373249,42.2759175],[-83.7373253,42.2759175]],[[-83.7373243,42.2759141],[-83.7373244,42.2759172],[-83.7373202,42.2759172],[-83.7373201,42.2759142],[-83.7373243,42.2759141]]],[[[-83.7372811,42.2759182],[-83.737281,42.2759142],[-83.737275,42.2759143],[-83.7372751,42.2759187],[-83.7372806,42.2759186],[-83.7372806,42.2759183],[-83.7372811,42.2759182]],[[-83.7372801,42.2759149],[-83.7372801,42.2759179],[-83.737276,42.275918],[-83.7372759,42.2759149],[-83.7372801,42.2759149]],[[-83.7372842,42.2759134],[-83.7372823,42.2759134],[-83.7372825,42.2759196],[-83.7372737,42.2759197],[-83.7372735,42.2759133],[-83.7372841,42.2759131],[-83.7372842,42.2759134]]],[[[-83.7371926,42.2759197],[-83.7371925,42.2759157],[-83.7371865,42.2759158],[-83.7371866,42.2759202],[-83.7371921,42.2759201],[-83.7371921,42.2759198],[-83.7371926,42.2759197]],[[-83.7371916,42.2759164],[-83.7371917,42.2759194],[-83.7371875,42.2759195],[-83.7371874,42.2759164],[-83.7371916,42.2759164]],[[-83.7371938,42.2759146],[-83.737194,42.2759211],[-83.7371853,42.2759212],[-83.7371851,42.2759148],[-83.7371938,42.2759146]]],[[[-83.7371041,42.2759212],[-83.737104,42.2759172],[-83.737098,42.2759173],[-83.7370981,42.2759217],[-83.7371037,42.2759216],[-83.7371036,42.2759213],[-83.7371041,42.2759212]],[[-83.7371031,42.2759178],[-83.7371032,42.2759209],[-83.737099,42.275921],[-83.7370989,42.2759179],[-83.7371031,42.2759178]]],[[[-83.7370599,42.275922],[-83.7370597,42.2759179],[-83.7370537,42.275918],[-83.7370539,42.2759224],[-83.7370594,42.2759223],[-83.7370594,42.275922],[-83.7370599,42.275922]],[[-83.7370588,42.2759186],[-83.7370589,42.2759217],[-83.7370548,42.2759217],[-83.7370547,42.2759187],[-83.7370588,42.2759186]]],[[[-83.7373243,42.2758848],[-83.7373242,42.2758807],[-83.7373182,42.2758808],[-83.7373183,42.2758852],[-83.7373239,42.2758851],[-83.7373238,42.2758848],[-83.7373243,42.2758848]],[[-83.7373233,42.2758814],[-83.7373234,42.2758844],[-83.7373192,42.2758845],[-83.7373191,42.2758814],[-83.7373233,42.2758814]]],[[[-83.7372801,42.2758855],[-83.7372799,42.2758814],[-83.7372739,42.2758815],[-83.7372741,42.275886],[-83.7372796,42.2758859],[-83.7372796,42.2758855],[-83.7372801,42.2758855]],[[-83.737279,42.2758821],[-83.7372791,42.2758852],[-83.737275,42.2758853],[-83.7372749,42.2758822],[-83.737279,42.2758821]],[[-83.7372815,42.2758868],[-83.7372727,42.275887],[-83.7372725,42.2758785],[-83.7372729,42.2758785],[-83.737273,42.2758805],[-83.7372813,42.2758804],[-83.7372815,42.2758868]]],[[[-83.7370146,42.27589],[-83.7370145,42.2758859],[-83.7370085,42.275886],[-83.7370086,42.2758904],[-83.7370142,42.2758904],[-83.7370141,42.27589],[-83.7370146,42.27589]],[[-83.7370136,42.2758866],[-83.7370137,42.2758897],[-83.7370095,42.2758897],[-83.7370094,42.2758867],[-83.7370136,42.2758866]]],[[[-83.7371916,42.2758873],[-83.7371915,42.2758829],[-83.7371855,42.275883],[-83.7371856,42.2758874],[-83.7371916,42.2758873]],[[-83.7371901,42.2758836],[-83.7371902,42.2758863],[-83.7371865,42.2758864],[-83.7371864,42.2758837],[-83.7371901,42.2758836]],[[-83.737193,42.2758883],[-83.7371842,42.2758885],[-83.7371841,42.2758827],[-83.7371827,42.2758827],[-83.7371827,42.2758824],[-83.7371836,42.2758824],[-83.7371836,42.275882],[-83.7371928,42.2758819],[-83.737193,42.2758883]]],[[[-83.737081,42.2758892],[-83.7370808,42.2758848],[-83.7370749,42.2758849],[-83.737075,42.2758893],[-83.737081,42.2758892]],[[-83.7370795,42.2758855],[-83.7370796,42.2758882],[-83.7370759,42.2758883],[-83.7370758,42.2758856],[-83.7370795,42.2758855]]],[[[-83.737083,42.2757599],[-83.7370829,42.2757575],[-83.7370709,42.2757577],[-83.737071,42.2757601],[-83.737083,42.2757599]],[[-83.737082,42.2757582],[-83.737082,42.2757592],[-83.7370719,42.2757594],[-83.7370719,42.2757584],[-83.737082,42.2757582]]],[[[-83.7372965,42.275688],[-83.7372965,42.2756856],[-83.737296,42.2756856],[-83.737296,42.275685],[-83.7372955,42.275685],[-83.7372955,42.2756846],[-83.7372946,42.2756846],[-83.7372946,42.2756843],[-83.7372909,42.2756844],[-83.73729,42.2756854],[-83.7372895,42.2756854],[-83.7372896,42.2756861],[-83.7372891,42.2756861],[-83.7372892,42.2756878],[-83.7372896,42.2756878],[-83.7372896,42.2756885],[-83.737291,42.2756891],[-83.7372911,42.2756895],[-83.7372929,42.2756894],[-83.7372929,42.2756898],[-83.7372934,42.2756898],[-83.7372934,42.2756894],[-83.7372947,42.2756894],[-83.7372947,42.2756891],[-83.7372957,42.2756891],[-83.7372956,42.2756887],[-83.7372961,42.2756887],[-83.7372961,42.275688],[-83.7372965,42.275688]],[[-83.7372952,42.2756877],[-83.7372938,42.2756884],[-83.7372938,42.2756887],[-83.7372915,42.2756884],[-83.737291,42.2756878],[-83.7372905,42.2756878],[-83.7372905,42.2756861],[-83.7372914,42.2756857],[-83.7372914,42.2756854],[-83.7372923,42.2756854],[-83.7372923,42.275685],[-83.7372937,42.275685],[-83.7372946,42.275686],[-83.7372951,42.275686],[-83.7372952,42.2756877]]],[[[-83.7372981,42.2757371],[-83.737298,42.2757347],[-83.7372975,42.2757347],[-83.7372975,42.2757341],[-83.737297,42.2757341],[-83.737297,42.2757337],[-83.7372961,42.2757337],[-83.7372961,42.2757334],[-83.7372938,42.2757331],[-83.7372938,42.2757334],[-83.7372924,42.2757335],[-83.7372915,42.2757345],[-83.7372911,42.2757345],[-83.7372911,42.2757352],[-83.7372906,42.2757352],[-83.7372907,42.2757369],[-83.7372911,42.2757369],[-83.7372912,42.2757376],[-83.7372926,42.2757382],[-83.7372926,42.2757386],[-83.7372963,42.2757385],[-83.7372963,42.2757382],[-83.7372972,42.2757382],[-83.7372972,42.2757378],[-83.7372976,42.2757378],[-83.7372976,42.2757371],[-83.7372981,42.2757371]],[[-83.7372967,42.2757368],[-83.7372958,42.2757372],[-83.7372958,42.2757375],[-83.7372948,42.2757375],[-83.7372949,42.2757379],[-83.737293,42.2757376],[-83.7372925,42.2757369],[-83.7372921,42.2757369],[-83.737292,42.2757352],[-83.7372929,42.2757348],[-83.7372929,42.2757345],[-83.7372938,42.2757345],[-83.7372938,42.2757341],[-83.7372952,42.2757341],[-83.7372962,42.2757351],[-83.7372966,42.2757351],[-83.7372967,42.2757368]]],[[[-83.7370733,42.2756263],[-83.7370732,42.2756239],[-83.7370728,42.2756239],[-83.7370727,42.2756232],[-83.7370723,42.2756232],[-83.7370723,42.2756229],[-83.7370714,42.2756229],[-83.7370713,42.2756226],[-83.7370677,42.2756226],[-83.7370668,42.2756237],[-83.7370663,42.2756237],[-83.7370659,42.2756261],[-83.7370664,42.2756261],[-83.7370664,42.2756267],[-83.7370678,42.2756274],[-83.7370678,42.2756277],[-83.7370706,42.275628],[-83.7370706,42.2756277],[-83.737072,42.2756277],[-83.7370724,42.275627],[-83.7370729,42.275627],[-83.7370728,42.2756263],[-83.7370733,42.2756263]],[[-83.7370723,42.2756253],[-83.7370719,42.2756253],[-83.7370719,42.2756263],[-83.7370715,42.2756263],[-83.7370715,42.2756267],[-83.7370692,42.275627],[-83.7370692,42.2756267],[-83.7370682,42.2756267],[-83.7370682,42.2756264],[-83.7370678,42.2756264],[-83.7370673,42.2756247],[-83.7370677,42.2756247],[-83.7370677,42.275624],[-83.7370682,42.275624],[-83.7370681,42.2756236],[-83.7370704,42.2756233],[-83.7370714,42.2756243],[-83.7370719,42.2756243],[-83.7370719,42.2756249],[-83.7370723,42.2756249],[-83.7370723,42.2756253]]],[[[-83.7370713,42.2755612],[-83.7370712,42.2755584],[-83.7370707,42.2755584],[-83.7370707,42.2755578],[-83.7370703,42.2755578],[-83.7370702,42.2755574],[-83.7370693,42.2755574],[-83.7370693,42.2755571],[-83.7370656,42.2755572],[-83.7370647,42.2755582],[-83.7370643,42.2755582],[-83.7370639,42.2755606],[-83.7370644,42.2755606],[-83.7370644,42.2755613],[-83.7370658,42.2755619],[-83.7370658,42.2755623],[-83.7370686,42.2755626],[-83.7370686,42.2755622],[-83.7370699,42.2755622],[-83.7370708,42.2755612],[-83.7370713,42.2755612]],[[-83.7370703,42.2755598],[-83.7370699,42.2755598],[-83.7370699,42.2755608],[-83.7370694,42.2755608],[-83.7370694,42.2755612],[-83.7370671,42.2755616],[-83.7370671,42.2755612],[-83.7370662,42.2755612],[-83.7370662,42.2755609],[-83.7370657,42.2755609],[-83.7370652,42.2755592],[-83.7370657,42.2755592],[-83.7370657,42.2755585],[-83.7370661,42.2755585],[-83.7370661,42.2755582],[-83.737068,42.2755578],[-83.737068,42.2755581],[-83.7370689,42.2755581],[-83.7370694,42.2755588],[-83.7370698,42.2755588],[-83.7370698,42.2755595],[-83.7370703,42.2755595],[-83.7370703,42.2755598]]],[[[-83.7372945,42.2756225],[-83.7372944,42.2756202],[-83.737294,42.2756202],[-83.737294,42.2756195],[-83.7372935,42.2756195],[-83.7372935,42.2756192],[-83.7372926,42.2756192],[-83.7372926,42.2756188],[-83.7372889,42.2756189],[-83.737288,42.2756199],[-83.7372875,42.2756199],[-83.7372875,42.2756206],[-83.7372871,42.2756206],[-83.7372871,42.2756223],[-83.7372876,42.2756223],[-83.7372876,42.275623],[-83.737289,42.2756237],[-83.737289,42.275624],[-83.7372918,42.2756243],[-83.7372918,42.275624],[-83.7372932,42.2756239],[-83.7372936,42.2756232],[-83.7372941,42.2756232],[-83.7372941,42.2756226],[-83.7372945,42.2756225]],[[-83.7372931,42.2756222],[-83.7372918,42.2756229],[-83.7372918,42.2756233],[-83.7372895,42.275623],[-83.737289,42.2756223],[-83.7372885,42.2756223],[-83.7372885,42.2756206],[-83.7372894,42.2756202],[-83.7372894,42.2756199],[-83.7372903,42.2756199],[-83.7372903,42.2756195],[-83.7372921,42.2756199],[-83.7372926,42.2756205],[-83.7372931,42.2756205],[-83.7372931,42.2756222]]],[[[-83.7371819,42.2755589],[-83.7371818,42.2755566],[-83.7371813,42.2755566],[-83.7371813,42.2755559],[-83.7371809,42.2755559],[-83.7371809,42.2755555],[-83.7371799,42.2755556],[-83.7371799,42.2755552],[-83.7371762,42.2755553],[-83.7371753,42.2755563],[-83.7371749,42.2755563],[-83.7371749,42.275557],[-83.7371744,42.275557],[-83.7371745,42.2755587],[-83.737175,42.2755587],[-83.737175,42.2755594],[-83.7371764,42.2755601],[-83.7371764,42.2755604],[-83.7371792,42.2755607],[-83.7371792,42.2755604],[-83.7371805,42.2755603],[-83.737181,42.2755596],[-83.7371814,42.2755596],[-83.7371814,42.275559],[-83.7371819,42.2755589]],[[-83.7371809,42.2755579],[-83.7371805,42.2755579],[-83.7371805,42.2755586],[-83.73718,42.2755586],[-83.7371801,42.2755593],[-83.7371778,42.2755597],[-83.7371777,42.2755594],[-83.7371768,42.2755594],[-83.7371763,42.2755587],[-83.7371759,42.2755587],[-83.7371758,42.2755573],[-83.7371763,42.2755573],[-83.7371763,42.2755566],[-83.7371767,42.2755566],[-83.7371767,42.2755563],[-83.7371786,42.2755559],[-83.7371786,42.2755563],[-83.7371795,42.2755563],[-83.73718,42.2755569],[-83.7371804,42.2755569],[-83.7371805,42.2755576],[-83.7371809,42.2755576],[-83.7371809,42.2755579]]],[[[-83.7370632,42.2752993],[-83.7370631,42.2752965],[-83.7370626,42.2752965],[-83.7370626,42.2752958],[-83.7370617,42.2752959],[-83.7370617,42.2752955],[-83.7370612,42.2752955],[-83.7370612,42.2752952],[-83.737058,42.2752952],[-83.737058,42.2752956],[-83.7370571,42.2752956],[-83.7370566,42.2752963],[-83.7370562,42.2752963],[-83.7370558,42.2752987],[-83.7370562,42.2752987],[-83.7370563,42.2752994],[-83.7370567,42.2752994],[-83.7370567,42.2753],[-83.7370586,42.2753004],[-83.7370586,42.2753007],[-83.7370609,42.2753007],[-83.7370609,42.2753003],[-83.7370618,42.2753003],[-83.7370627,42.2752993],[-83.7370632,42.2752993]],[[-83.7370622,42.2752982],[-83.7370618,42.2752983],[-83.7370618,42.2752989],[-83.7370609,42.2752993],[-83.7370609,42.2752996],[-83.7370586,42.2752997],[-83.7370576,42.2752987],[-83.7370572,42.2752987],[-83.7370571,42.2752973],[-83.7370576,42.2752973],[-83.7370576,42.2752966],[-83.7370585,42.2752966],[-83.7370585,42.2752963],[-83.7370608,42.2752962],[-83.7370613,42.2752969],[-83.7370617,42.2752969],[-83.7370617,42.2752976],[-83.7370622,42.2752976],[-83.7370622,42.2752982]]],[[[-83.7372996,42.2757862],[-83.7372995,42.2757838],[-83.7372991,42.2757839],[-83.737299,42.2757832],[-83.7372981,42.2757828],[-83.7372981,42.2757825],[-83.7372948,42.2757822],[-83.7372949,42.2757826],[-83.7372939,42.2757826],[-83.7372939,42.2757829],[-83.737293,42.2757829],[-83.7372926,42.2757843],[-83.7372921,42.2757843],[-83.7372922,42.275786],[-83.7372927,42.275786],[-83.7372927,42.2757867],[-83.7372941,42.2757873],[-83.7372941,42.2757877],[-83.7372978,42.2757876],[-83.7372978,42.2757873],[-83.7372987,42.2757873],[-83.7372987,42.2757869],[-83.7372991,42.2757869],[-83.7372991,42.2757862],[-83.7372996,42.2757862]],[[-83.7372982,42.2757859],[-83.7372973,42.2757863],[-83.7372973,42.2757866],[-83.7372964,42.2757866],[-83.7372964,42.275787],[-83.7372945,42.2757867],[-83.737294,42.275786],[-83.7372936,42.275786],[-83.7372935,42.2757843],[-83.7372944,42.2757839],[-83.7372944,42.2757836],[-83.7372954,42.2757836],[-83.7372953,42.2757832],[-83.7372967,42.2757832],[-83.7372977,42.2757842],[-83.7372981,42.2757842],[-83.7372982,42.2757859]]],[[[-83.7372925,42.2755571],[-83.7372924,42.2755547],[-83.737292,42.2755547],[-83.7372919,42.275554],[-83.7372915,42.275554],[-83.7372915,42.2755537],[-83.7372905,42.2755537],[-83.7372905,42.2755534],[-83.7372868,42.2755534],[-83.737286,42.2755545],[-83.7372855,42.2755545],[-83.7372855,42.2755551],[-83.7372851,42.2755552],[-83.7372851,42.2755569],[-83.7372856,42.2755568],[-83.7372856,42.2755575],[-83.737286,42.2755575],[-83.7372861,42.2755582],[-83.7372879,42.2755585],[-83.7372879,42.2755589],[-83.7372911,42.2755585],[-83.7372916,42.2755578],[-83.737292,42.2755578],[-83.737292,42.2755571],[-83.7372925,42.2755571]],[[-83.7372911,42.2755568],[-83.7372906,42.2755568],[-83.7372907,42.2755574],[-83.7372897,42.2755575],[-83.7372897,42.2755578],[-83.7372879,42.2755578],[-83.7372869,42.2755568],[-83.7372865,42.2755568],[-83.7372864,42.2755551],[-83.7372873,42.2755548],[-83.7372873,42.2755544],[-83.7372883,42.2755544],[-83.7372882,42.2755541],[-83.7372901,42.2755544],[-83.7372906,42.2755551],[-83.737291,42.275555],[-83.7372911,42.2755568]]],[[[-83.7370652,42.2753647],[-83.7370651,42.275362],[-83.7370647,42.275362],[-83.7370646,42.2753613],[-83.7370642,42.2753613],[-83.7370642,42.275361],[-83.7370632,42.275361],[-83.7370632,42.2753607],[-83.73706,42.2753607],[-83.73706,42.2753611],[-83.7370591,42.2753611],[-83.7370587,42.2753618],[-83.7370582,42.2753618],[-83.7370578,42.2753642],[-83.7370583,42.2753642],[-83.7370583,42.2753648],[-83.7370588,42.2753648],[-83.7370588,42.2753655],[-83.7370606,42.2753658],[-83.7370606,42.2753662],[-83.7370629,42.2753661],[-83.7370629,42.2753658],[-83.7370639,42.2753658],[-83.7370647,42.2753647],[-83.7370652,42.2753647]],[[-83.7370642,42.2753637],[-83.7370638,42.2753637],[-83.7370638,42.2753644],[-83.7370633,42.2753644],[-83.7370634,42.2753648],[-83.7370624,42.2753648],[-83.7370624,42.2753651],[-83.7370606,42.2753651],[-83.7370597,42.2753641],[-83.7370592,42.2753641],[-83.7370591,42.2753628],[-83.7370596,42.2753628],[-83.7370596,42.2753621],[-83.7370605,42.2753621],[-83.7370605,42.2753617],[-83.7370628,42.2753617],[-83.7370633,42.2753624],[-83.7370637,42.2753624],[-83.7370638,42.275363],[-83.7370642,42.275363],[-83.7370642,42.2753637]]],[[[-83.7372844,42.2752952],[-83.7372843,42.2752928],[-83.7372824,42.2752918],[-83.7372824,42.2752915],[-83.7372792,42.2752915],[-83.7372792,42.2752919],[-83.7372783,42.2752919],[-83.7372778,42.2752926],[-83.7372774,42.2752926],[-83.7372774,42.2752932],[-83.7372769,42.2752933],[-83.737277,42.2752953],[-83.7372775,42.2752953],[-83.7372775,42.275296],[-83.7372784,42.2752963],[-83.7372784,42.2752966],[-83.7372794,42.2752966],[-83.7372794,42.275297],[-83.7372821,42.2752969],[-83.7372821,42.2752966],[-83.737283,42.2752966],[-83.7372835,42.2752959],[-83.7372839,42.2752959],[-83.7372839,42.2752952],[-83.7372844,42.2752952]],[[-83.737283,42.2752952],[-83.7372825,42.2752952],[-83.7372825,42.2752955],[-83.7372816,42.2752956],[-83.7372816,42.2752959],[-83.7372798,42.2752959],[-83.7372788,42.2752949],[-83.7372784,42.2752949],[-83.7372783,42.2752936],[-83.7372788,42.2752936],[-83.7372788,42.2752929],[-83.7372792,42.2752929],[-83.7372792,42.2752925],[-83.737282,42.2752925],[-83.7372825,42.2752932],[-83.7372829,42.2752932],[-83.737283,42.2752952]]],[[[-83.7376815,42.2758934],[-83.7376791,42.275891],[-83.7376782,42.275891],[-83.7376787,42.2758927],[-83.737651,42.2758932],[-83.7376515,42.2758942],[-83.7376787,42.2758938],[-83.7376783,42.2758951],[-83.7376792,42.2758951],[-83.7376815,42.2758934]]],[[[-83.7373039,42.275881],[-83.7373039,42.2758807],[-83.737303,42.2758807],[-83.737303,42.2758803],[-83.737302,42.2758804],[-83.737302,42.2758807],[-83.7372956,42.2758808],[-83.7372958,42.2758859],[-83.7373027,42.2758858],[-83.7373025,42.275881],[-83.7373039,42.275881]],[[-83.7373007,42.2758817],[-83.7373008,42.2758845],[-83.7372971,42.2758845],[-83.737297,42.2758818],[-83.7373007,42.2758817]]],[[[-83.7376119,42.2758949],[-83.7376118,42.2758939],[-83.7376095,42.2758922],[-83.7376086,42.2758922],[-83.7376086,42.2758932],[-83.7376095,42.2758939],[-83.7375814,42.2758944],[-83.7375815,42.2758954],[-83.7376091,42.2758949],[-83.7376087,42.2758963],[-83.7376101,42.2758963],[-83.7376119,42.2758949]],[[-83.7376286,42.275884],[-83.7376292,42.2759038],[-83.7375509,42.2759051],[-83.7375503,42.2758854],[-83.7376286,42.275884]]],[[[-83.7369635,42.2755637],[-83.7369633,42.2755592],[-83.7369546,42.2755594],[-83.7369546,42.2755597],[-83.7369541,42.2755597],[-83.7369542,42.2755638],[-83.7369635,42.2755637]],[[-83.7369624,42.2755603],[-83.7369625,42.275563],[-83.7369556,42.2755631],[-83.7369555,42.2755604],[-83.7369624,42.2755603]]],[[[-83.7369614,42.2754982],[-83.7369613,42.2754938],[-83.7369525,42.2754939],[-83.7369525,42.2754942],[-83.7369521,42.2754942],[-83.7369522,42.2754983],[-83.7369614,42.2754982]],[[-83.7369604,42.2754948],[-83.7369605,42.2754975],[-83.7369536,42.2754976],[-83.7369535,42.2754949],[-83.7369604,42.2754948]]],[[[-83.7373981,42.2754253],[-83.737398,42.2754209],[-83.7373893,42.275421],[-83.7373893,42.2754213],[-83.7373888,42.2754214],[-83.7373889,42.2754254],[-83.7373981,42.2754253]],[[-83.7373967,42.2754219],[-83.7373967,42.2754246],[-83.7373903,42.2754247],[-83.7373902,42.275422],[-83.7373967,42.2754219]]],[[[-83.7369594,42.2754327],[-83.7369593,42.2754283],[-83.7369505,42.2754284],[-83.7369505,42.2754288],[-83.7369501,42.2754288],[-83.7369502,42.2754329],[-83.7369594,42.2754327]],[[-83.7369584,42.2754293],[-83.7369585,42.275432],[-83.7369515,42.2754322],[-83.7369515,42.2754294],[-83.7369584,42.2754293]]],[[[-83.7374063,42.2756872],[-83.7374061,42.2756828],[-83.7373969,42.2756829],[-83.737397,42.2756873],[-83.7374063,42.2756872]],[[-83.7374048,42.2756838],[-83.7374049,42.2756865],[-83.7373984,42.2756866],[-83.7373983,42.2756839],[-83.7374048,42.2756838]]],[[[-83.7374042,42.2756217],[-83.7374041,42.2756173],[-83.7373949,42.2756174],[-83.737395,42.2756219],[-83.7374042,42.2756217]],[[-83.7374027,42.2756183],[-83.7374028,42.2756211],[-83.7373964,42.2756212],[-83.7373963,42.2756184],[-83.7374027,42.2756183]]],[[[-83.7374022,42.2755562],[-83.7374021,42.2755518],[-83.7373929,42.275552],[-83.737393,42.2755564],[-83.7374022,42.2755562]],[[-83.7374007,42.2755529],[-83.7374008,42.2755556],[-83.7373943,42.2755557],[-83.7373943,42.275553],[-83.7374007,42.2755529]]],[[[-83.7374002,42.2754908],[-83.7374,42.2754863],[-83.7373908,42.2754865],[-83.737391,42.2754909],[-83.7374002,42.2754908]],[[-83.7373987,42.2754874],[-83.7373988,42.2754901],[-83.7373923,42.2754902],[-83.7373922,42.2754875],[-83.7373987,42.2754874]]],[[[-83.7373221,42.2753215],[-83.7373219,42.2753167],[-83.7373132,42.2753169],[-83.7373133,42.2753216],[-83.7373221,42.2753215]],[[-83.737321,42.2753174],[-83.7373211,42.2753208],[-83.7373142,42.2753209],[-83.7373141,42.2753175],[-83.737321,42.2753174]]],[[[-83.7371848,42.2756237],[-83.7371848,42.2756227],[-83.7371843,42.2756227],[-83.7371838,42.275621],[-83.7371833,42.275621],[-83.7371833,42.2756207],[-83.7371824,42.2756207],[-83.7371824,42.2756203],[-83.7371815,42.2756204],[-83.7371815,42.27562],[-83.7371787,42.2756201],[-83.7371787,42.2756204],[-83.7371778,42.2756204],[-83.7371769,42.2756215],[-83.7371764,42.2756215],[-83.7371765,42.2756222],[-83.737176,42.2756222],[-83.7371761,42.2756245],[-83.7371765,42.2756245],[-83.7371766,42.2756252],[-83.737178,42.2756259],[-83.737178,42.2756262],[-83.7371789,42.2756262],[-83.7371789,42.2756265],[-83.7371817,42.2756265],[-83.7371817,42.2756262],[-83.737183,42.2756261],[-83.7371835,42.2756254],[-83.7371839,42.2756254],[-83.7371839,42.2756248],[-83.7371844,42.2756248],[-83.7371844,42.2756237],[-83.7371848,42.2756237]],[[-83.7371834,42.2756237],[-83.737183,42.2756238],[-83.737183,42.2756244],[-83.7371816,42.2756251],[-83.7371816,42.2756255],[-83.7371793,42.2756255],[-83.7371793,42.2756252],[-83.7371784,42.2756252],[-83.7371779,42.2756245],[-83.7371775,42.2756245],[-83.7371774,42.2756225],[-83.7371779,42.2756225],[-83.7371778,42.2756218],[-83.7371783,42.2756218],[-83.7371783,42.2756214],[-83.7371792,42.2756214],[-83.7371792,42.2756211],[-83.7371815,42.275621],[-83.7371825,42.2756221],[-83.7371829,42.275622],[-83.7371829,42.2756227],[-83.7371834,42.2756227],[-83.7371834,42.2756237]]],[[[-83.7371664,42.2757578],[-83.7371663,42.2757571],[-83.7371608,42.2757569],[-83.7371341,42.2757576],[-83.7371341,42.2757583],[-83.7371396,42.2757582],[-83.7371397,42.2757593],[-83.7371609,42.2757589],[-83.7371608,42.2757579],[-83.7371664,42.2757578]],[[-83.7371594,42.2757576],[-83.7371595,42.2757582],[-83.737141,42.2757586],[-83.737141,42.2757579],[-83.7371594,42.2757576]]],[[[-83.737191,42.2758389],[-83.7371908,42.2758328],[-83.737183,42.2758329],[-83.737183,42.2758332],[-83.7371825,42.2758333],[-83.7371827,42.275839],[-83.737191,42.2758389]],[[-83.7371899,42.2758335],[-83.7371901,42.2758382],[-83.7371836,42.2758384],[-83.7371835,42.2758336],[-83.7371899,42.2758335]]],[[[-83.7373016,42.2758374],[-83.7373014,42.2758309],[-83.7372936,42.275831],[-83.7372936,42.2758314],[-83.7372931,42.2758314],[-83.7372933,42.2758372],[-83.7373007,42.2758371],[-83.7373007,42.2758374],[-83.7373016,42.2758374]],[[-83.7373005,42.2758316],[-83.7373007,42.2758364],[-83.7372942,42.2758365],[-83.7372941,42.2758317],[-83.7373005,42.2758316]]],[[[-83.7369712,42.2758423],[-83.736971,42.2758362],[-83.7369604,42.2758363],[-83.7369606,42.2758425],[-83.7369712,42.2758423]],[[-83.7369674,42.2758383],[-83.7369674,42.275841],[-83.7369637,42.2758411],[-83.7369637,42.2758383],[-83.7369674,42.2758383]],[[-83.7369702,42.2758416],[-83.7369688,42.2758416],[-83.7369687,42.2758376],[-83.7369627,42.2758377],[-83.7369628,42.2758417],[-83.7369615,42.2758418],[-83.7369613,42.275837],[-83.7369701,42.2758368],[-83.7369702,42.2758416]]],[[[-83.7369707,42.2758259],[-83.7369705,42.2758198],[-83.7369599,42.27582],[-83.7369601,42.2758261],[-83.7369707,42.2758259]],[[-83.7369668,42.2758219],[-83.7369669,42.2758246],[-83.7369632,42.2758247],[-83.7369632,42.275822],[-83.7369668,42.2758219]],[[-83.7369697,42.2758253],[-83.7369683,42.2758253],[-83.7369682,42.2758212],[-83.7369622,42.2758213],[-83.7369623,42.2758254],[-83.736961,42.2758254],[-83.7369608,42.2758206],[-83.7369696,42.2758205],[-83.7369697,42.2758253]]],[[[-83.7374118,42.2758355],[-83.7374116,42.2758287],[-83.7374005,42.2758289],[-83.7374007,42.2758357],[-83.7374118,42.2758355]],[[-83.7374108,42.2758345],[-83.7374108,42.2758348],[-83.7374016,42.275835],[-83.7374016,42.2758347],[-83.7374108,42.2758345]],[[-83.7374093,42.2758308],[-83.7374094,42.2758335],[-83.737403,42.2758336],[-83.7374029,42.2758309],[-83.7374093,42.2758308]],[[-83.7374107,42.2758294],[-83.7374107,42.2758301],[-83.7374015,42.2758302],[-83.7374014,42.2758295],[-83.7374107,42.2758294]]],[[[-83.7374103,42.2757864],[-83.73741,42.2757796],[-83.737399,42.2757798],[-83.7373992,42.2757866],[-83.7374103,42.2757864]],[[-83.7374093,42.2757854],[-83.7374093,42.2757857],[-83.7374001,42.2757859],[-83.7374001,42.2757856],[-83.7374093,42.2757854]],[[-83.7374087,42.2757817],[-83.7374088,42.2757844],[-83.7374005,42.2757845],[-83.7374004,42.2757818],[-83.7374087,42.2757817]],[[-83.7374091,42.2757803],[-83.7374092,42.275781],[-83.7373999,42.2757811],[-83.7373999,42.2757804],[-83.7374091,42.2757803]]],[[[-83.7371069,42.2757888],[-83.7371069,42.2757878],[-83.7371036,42.2757865],[-83.7371027,42.2757855],[-83.7370939,42.2757856],[-83.7370942,42.2757938],[-83.7371025,42.2757937],[-83.7371069,42.2757888]],[[-83.7371055,42.2757888],[-83.7371051,42.2757888],[-83.7371051,42.2757895],[-83.7371042,42.2757899],[-83.7371042,42.2757902],[-83.7371037,42.2757902],[-83.7371038,42.2757909],[-83.7371028,42.2757913],[-83.7371029,42.275792],[-83.737102,42.2757923],[-83.737102,42.275793],[-83.7370951,42.2757931],[-83.7370949,42.2757863],[-83.7371018,42.2757862],[-83.7371018,42.2757865],[-83.7371027,42.2757865],[-83.7371032,42.2757872],[-83.7371036,42.2757872],[-83.7371037,42.2757875],[-83.7371046,42.2757875],[-83.7371051,42.2757882],[-83.7371055,42.2757882],[-83.7371055,42.2757888]]],[[[-83.73742,42.275862],[-83.7374195,42.2758463],[-83.737413,42.2758464],[-83.7374135,42.2758621],[-83.73742,42.275862]],[[-83.7374186,42.275847],[-83.737419,42.2758613],[-83.7374144,42.2758614],[-83.737414,42.2758471],[-83.7374186,42.275847]]],[[[-83.7372382,42.2758006],[-83.7372381,42.2757958],[-83.7372367,42.2757958],[-83.7372322,42.2757976],[-83.7372226,42.2758002],[-83.7372042,42.2758032],[-83.7372043,42.2758076],[-83.7372126,42.2758068],[-83.7372241,42.2758046],[-83.7372382,42.2758006]],[[-83.7372066,42.2758069],[-83.7372052,42.2758069],[-83.7372051,42.2758039],[-83.7372056,42.2758039],[-83.7372057,42.2758066],[-83.7372066,42.2758066],[-83.7372066,42.2758069]],[[-83.7372094,42.2758062],[-83.7372094,42.2758065],[-83.7372075,42.2758066],[-83.7372075,42.2758062],[-83.7372094,42.2758062]],[[-83.7372121,42.2758058],[-83.7372121,42.2758061],[-83.7372103,42.2758062],[-83.7372103,42.2758058],[-83.7372121,42.2758058]],[[-83.7372144,42.2758054],[-83.7372144,42.2758058],[-83.7372126,42.2758058],[-83.7372126,42.2758054],[-83.7372144,42.2758054]],[[-83.7372162,42.275805],[-83.7372163,42.2758054],[-83.7372149,42.2758054],[-83.7372149,42.2758051],[-83.7372162,42.275805]],[[-83.7372181,42.2758047],[-83.7372172,42.2758047],[-83.7372172,42.275805],[-83.7372181,42.275805],[-83.7372181,42.2758047]],[[-83.7372199,42.2758043],[-83.7372199,42.2758046],[-83.737219,42.2758047],[-83.737219,42.2758043],[-83.7372199,42.2758043]],[[-83.7372359,42.2757993],[-83.7372309,42.275801],[-83.7372217,42.2758029],[-83.7372204,42.2758036],[-83.7372066,42.2758059],[-83.7372065,42.2758045],[-83.7372231,42.2758019],[-83.737234,42.2757989],[-83.7372349,42.2757982],[-83.7372359,42.2757982],[-83.7372359,42.2757993]],[[-83.7372217,42.2758039],[-83.7372218,42.2758043],[-83.7372208,42.2758043],[-83.7372208,42.2758039],[-83.7372217,42.2758039]],[[-83.7372236,42.2758036],[-83.7372236,42.2758039],[-83.7372222,42.2758039],[-83.7372222,42.2758036],[-83.7372236,42.2758036]],[[-83.737225,42.2758032],[-83.737225,42.2758035],[-83.737224,42.2758035],[-83.737224,42.2758032],[-83.737225,42.2758032]],[[-83.7372084,42.2758035],[-83.7372084,42.2758038],[-83.7372061,42.2758039],[-83.7372061,42.2758035],[-83.7372084,42.2758035]],[[-83.7372263,42.2758028],[-83.7372263,42.2758032],[-83.7372254,42.2758032],[-83.7372254,42.2758028],[-83.7372263,42.2758028]],[[-83.7372107,42.2758031],[-83.7372107,42.2758034],[-83.7372088,42.2758035],[-83.7372088,42.2758031],[-83.7372107,42.2758031]],[[-83.7372282,42.2758025],[-83.7372282,42.2758028],[-83.7372272,42.2758028],[-83.7372272,42.2758025],[-83.7372282,42.2758025]],[[-83.7372129,42.2758027],[-83.737213,42.2758031],[-83.7372116,42.2758031],[-83.7372116,42.2758027],[-83.7372129,42.2758027]],[[-83.7372295,42.2758021],[-83.7372286,42.2758021],[-83.7372286,42.2758024],[-83.7372295,42.2758024],[-83.7372295,42.2758021]],[[-83.7372152,42.2758023],[-83.7372153,42.2758027],[-83.7372139,42.2758027],[-83.7372139,42.2758024],[-83.7372152,42.2758023]],[[-83.7372309,42.2758017],[-83.7372309,42.2758021],[-83.73723,42.2758021],[-83.73723,42.2758017],[-83.7372309,42.2758017]],[[-83.7372171,42.275802],[-83.7372171,42.2758023],[-83.7372157,42.2758023],[-83.7372157,42.275802],[-83.7372171,42.275802]],[[-83.7372318,42.2758014],[-83.7372314,42.2758014],[-83.7372314,42.2758017],[-83.7372318,42.2758017],[-83.7372318,42.2758014]],[[-83.7372189,42.2758016],[-83.7372189,42.2758019],[-83.7372175,42.275802],[-83.7372175,42.2758016],[-83.7372189,42.2758016]],[[-83.7372332,42.275801],[-83.7372332,42.2758013],[-83.7372327,42.2758014],[-83.7372327,42.275801],[-83.7372332,42.275801]],[[-83.7372207,42.2758012],[-83.7372208,42.2758016],[-83.7372194,42.2758016],[-83.7372194,42.2758012],[-83.7372207,42.2758012]],[[-83.7372346,42.2758006],[-83.7372346,42.275801],[-83.7372336,42.275801],[-83.7372336,42.2758007],[-83.7372346,42.2758006]],[[-83.7372221,42.2758009],[-83.7372221,42.2758012],[-83.7372212,42.2758012],[-83.7372212,42.2758009],[-83.7372221,42.2758009]],[[-83.7372355,42.2758003],[-83.7372355,42.2758006],[-83.737235,42.2758006],[-83.737235,42.2758003],[-83.7372355,42.2758003]],[[-83.7372239,42.2758005],[-83.737224,42.2758008],[-83.737223,42.2758008],[-83.737223,42.2758005],[-83.7372239,42.2758005]],[[-83.7372373,42.2757999],[-83.7372368,42.2757999],[-83.7372368,42.2757972],[-83.7372363,42.2757972],[-83.7372363,42.2757969],[-83.7372372,42.2757968],[-83.7372373,42.2757999]],[[-83.7372368,42.2757999],[-83.7372368,42.2758003],[-83.7372359,42.2758003],[-83.7372359,42.2757999],[-83.7372368,42.2757999]],[[-83.7372253,42.2758001],[-83.7372253,42.2758005],[-83.7372244,42.2758005],[-83.7372244,42.2758001],[-83.7372253,42.2758001]],[[-83.7372267,42.2757997],[-83.7372267,42.2758001],[-83.7372258,42.2758001],[-83.7372258,42.2757998],[-83.7372267,42.2757997]],[[-83.7372281,42.2757994],[-83.7372281,42.2757997],[-83.7372271,42.2757997],[-83.7372271,42.2757994],[-83.7372281,42.2757994]],[[-83.7372294,42.275799],[-83.7372294,42.2757994],[-83.7372285,42.2757994],[-83.7372285,42.275799],[-83.7372294,42.275799]],[[-83.7372308,42.2757987],[-83.7372308,42.275799],[-83.7372299,42.275799],[-83.7372299,42.2757987],[-83.7372308,42.2757987]],[[-83.7372322,42.2757983],[-83.7372322,42.2757986],[-83.7372313,42.2757986],[-83.7372313,42.2757983],[-83.7372322,42.2757983]],[[-83.7372331,42.2757979],[-83.7372326,42.2757979],[-83.7372326,42.2757983],[-83.7372331,42.2757983],[-83.7372331,42.2757979]],[[-83.7372345,42.2757976],[-83.7372345,42.2757979],[-83.7372335,42.2757979],[-83.7372335,42.2757976],[-83.7372345,42.2757976]],[[-83.7372358,42.2757972],[-83.7372358,42.2757975],[-83.7372349,42.2757976],[-83.7372349,42.2757972],[-83.7372358,42.2757972]]],[[[-83.7371904,42.2757901],[-83.7371902,42.2757826],[-83.737151,42.2757833],[-83.7371513,42.2757908],[-83.7371904,42.2757901]],[[-83.7371895,42.2757895],[-83.7371872,42.2757895],[-83.737189,42.2757891],[-83.7371888,42.2757837],[-83.7371524,42.2757843],[-83.7371526,42.2757897],[-83.7371835,42.2757896],[-83.7371522,42.2757901],[-83.737152,42.275784],[-83.7371893,42.2757833],[-83.7371895,42.2757895]],[[-83.737188,42.2757871],[-83.7371876,42.2757871],[-83.7371876,42.2757878],[-83.7371867,42.2757881],[-83.7371867,42.2757885],[-83.7371849,42.2757889],[-83.7371848,42.2757885],[-83.7371839,42.2757885],[-83.7371839,42.2757882],[-83.7371834,42.2757882],[-83.7371834,42.2757875],[-83.737183,42.2757875],[-83.7371829,42.2757862],[-83.7371838,42.2757858],[-83.7371838,42.2757855],[-83.7371847,42.2757854],[-83.7371847,42.2757851],[-83.7371861,42.2757851],[-83.7371861,42.2757854],[-83.7371871,42.2757854],[-83.7371871,42.2757861],[-83.7371875,42.2757861],[-83.7371876,42.2757868],[-83.737188,42.2757868],[-83.737188,42.2757871]],[[-83.7371879,42.2757844],[-83.737188,42.2757847],[-83.7371875,42.2757847],[-83.7371875,42.2757844],[-83.7371879,42.2757844]]],[[[-83.7373394,42.2758794],[-83.7373384,42.2758477],[-83.7373269,42.2758479],[-83.7373278,42.2758796],[-83.7373394,42.2758794]],[[-83.7373375,42.2758484],[-83.7373384,42.2758787],[-83.7373287,42.2758789],[-83.7373278,42.2758485],[-83.7373375,42.2758484]]],[[[-83.7370996,42.2758957],[-83.7370993,42.2758841],[-83.7370822,42.2758844],[-83.7370824,42.2758902],[-83.7370736,42.2758904],[-83.7370735,42.2758846],[-83.7370523,42.2758849],[-83.7370526,42.2758965],[-83.7370996,42.2758957]],[[-83.7370987,42.2758951],[-83.7370535,42.2758958],[-83.7370532,42.2758856],[-83.7370726,42.2758853],[-83.7370727,42.2758911],[-83.7370833,42.2758909],[-83.7370832,42.2758851],[-83.7370984,42.2758848],[-83.7370987,42.2758951]]],[[[-83.7372833,42.2756023],[-83.7372833,42.2756016],[-83.7372823,42.2756013],[-83.7372805,42.2756013],[-83.7372784,42.2756071],[-83.7372757,42.2756106],[-83.7372757,42.2756116],[-83.7372731,42.2756144],[-83.7372731,42.2756151],[-83.7372722,42.2756154],[-83.7372722,42.2756161],[-83.7372713,42.2756165],[-83.7372713,42.2756171],[-83.7372704,42.2756175],[-83.7372704,42.2756182],[-83.7372619,42.2756251],[-83.7372609,42.2756252],[-83.7372587,42.2756272],[-83.7372523,42.2756301],[-83.7372519,42.2756308],[-83.7372446,42.2756336],[-83.7372377,42.2756351],[-83.7372368,42.2756358],[-83.7372299,42.2756369],[-83.7372129,42.2756376],[-83.7372027,42.2756364],[-83.7372023,42.2756381],[-83.7372093,42.2756393],[-83.7372194,42.2756395],[-83.7372196,42.275645],[-83.737227,42.2756448],[-83.7372361,42.2756437],[-83.7372444,42.2756418],[-83.7372453,42.2756411],[-83.737248,42.2756407],[-83.7372499,42.2756397],[-83.7372512,42.2756397],[-83.7372558,42.2756379],[-83.7372562,42.2756372],[-83.7372631,42.2756343],[-83.7372694,42.2756298],[-83.7372703,42.2756298],[-83.7372739,42.275627],[-83.7372739,42.2756263],[-83.737277,42.2756242],[-83.737277,42.2756235],[-83.7372784,42.2756228],[-83.7372784,42.2756221],[-83.7372797,42.2756214],[-83.7372815,42.2756187],[-83.7372824,42.2756183],[-83.7372832,42.2756159],[-83.7372791,42.2756146],[-83.7372772,42.2756133],[-83.7372785,42.2756122],[-83.7372794,42.2756098],[-83.7372811,42.2756078],[-83.7372833,42.2756023]],[[-83.7372824,42.275617],[-83.7372792,42.2756201],[-83.7372792,42.2756208],[-83.7372779,42.2756215],[-83.7372779,42.2756221],[-83.7372765,42.2756229],[-83.7372766,42.2756235],[-83.7372694,42.2756295],[-83.7372684,42.2756295],[-83.7372662,42.2756316],[-83.7372653,42.2756316],[-83.7372626,42.2756337],[-83.7372589,42.2756351],[-83.7372585,42.2756358],[-83.7372567,42.2756362],[-83.7372562,42.2756368],[-83.7372489,42.2756397],[-83.7372384,42.2756426],[-83.7372283,42.2756441],[-83.7372205,42.2756446],[-83.7372203,42.2756395],[-83.7372305,42.275639],[-83.7372387,42.2756375],[-83.7372465,42.2756353],[-83.7372551,42.2756317],[-83.7372583,42.2756296],[-83.7372592,42.2756296],[-83.7372601,42.2756286],[-83.737261,42.2756286],[-83.7372628,42.2756268],[-83.7372638,42.2756268],[-83.7372701,42.2756219],[-83.73727,42.2756213],[-83.7372745,42.2756174],[-83.7372767,42.2756143],[-83.7372823,42.2756163],[-83.7372824,42.275617]],[[-83.7372824,42.2756023],[-83.7372798,42.2756085],[-83.7372767,42.2756133],[-83.7372758,42.2756137],[-83.7372754,42.275615],[-83.7372727,42.2756175],[-83.7372727,42.2756181],[-83.7372713,42.2756188],[-83.7372714,42.2756195],[-83.7372628,42.2756265],[-83.7372619,42.2756265],[-83.7372583,42.2756293],[-83.7372515,42.2756321],[-83.737251,42.2756328],[-83.7372387,42.2756368],[-83.7372277,42.2756387],[-83.737218,42.2756392],[-83.7372088,42.2756387],[-83.7372032,42.2756377],[-83.7372032,42.2756371],[-83.7372055,42.275637],[-83.7372148,42.2756382],[-83.7372295,42.2756376],[-83.737241,42.2756354],[-83.7372501,42.2756318],[-83.7372524,42.2756314],[-83.7372583,42.2756279],[-83.7372592,42.2756279],[-83.7372619,42.2756255],[-83.7372628,42.2756255],[-83.7372709,42.2756189],[-83.7372744,42.275614],[-83.7372753,42.2756137],[-83.7372789,42.2756081],[-83.737281,42.2756023],[-83.7372824,42.2756023]]],[[[-83.7372825,42.275576],[-83.73728,42.2755699],[-83.7372781,42.2755679],[-83.7372776,42.2755662],[-83.7372757,42.2755645],[-83.7372775,42.2755631],[-83.7372816,42.2755617],[-83.7372806,42.2755593],[-83.7372777,42.275557],[-83.7372777,42.2755563],[-83.7372763,42.2755556],[-83.7372763,42.275555],[-83.7372744,42.275554],[-83.7372744,42.2755533],[-83.7372711,42.2755513],[-83.7372711,42.2755506],[-83.7372692,42.2755493],[-83.7372683,42.2755493],[-83.7372645,42.2755463],[-83.7372636,42.2755463],[-83.7372626,42.2755453],[-83.7372617,42.2755453],[-83.7372607,42.2755443],[-83.7372556,42.2755423],[-83.7372551,42.2755417],[-83.7372449,42.2755381],[-83.7372365,42.2755362],[-83.7372273,42.275535],[-83.7372236,42.275535],[-83.7372222,42.2755344],[-83.7372162,42.2755345],[-83.7372163,42.2755403],[-83.7372067,42.2755408],[-83.7371993,42.2755423],[-83.7371999,42.275544],[-83.7372104,42.2755424],[-83.737227,42.2755425],[-83.7372419,42.2755453],[-83.7372493,42.2755479],[-83.7372554,42.2755512],[-83.7372563,42.2755512],[-83.7372587,42.2755532],[-83.7372596,42.2755532],[-83.7372686,42.2755599],[-83.7372724,42.2755646],[-83.7372734,42.2755649],[-83.7372734,42.2755659],[-83.7372772,42.2755706],[-83.7372797,42.2755764],[-83.7372825,42.275576]],[[-83.7372815,42.2755757],[-83.7372801,42.2755754],[-83.7372777,42.2755696],[-83.7372738,42.2755642],[-83.7372691,42.2755599],[-83.737269,42.2755592],[-83.7372605,42.2755528],[-83.7372596,42.2755529],[-83.7372573,42.2755508],[-83.7372507,42.2755482],[-83.7372502,42.2755476],[-83.7372418,42.2755446],[-83.7372335,42.2755427],[-83.7372265,42.2755418],[-83.7372122,42.2755417],[-83.7372072,42.2755421],[-83.7372026,42.2755432],[-83.7372003,42.2755433],[-83.7372003,42.2755426],[-83.7372095,42.2755411],[-83.7372247,42.2755408],[-83.73724,42.2755433],[-83.7372507,42.2755469],[-83.7372554,42.2755495],[-83.7372563,42.2755495],[-83.7372572,42.2755505],[-83.7372582,42.2755505],[-83.7372601,42.2755522],[-83.737261,42.2755521],[-83.7372695,42.2755585],[-83.7372695,42.2755592],[-83.7372709,42.2755598],[-83.7372728,42.2755625],[-83.7372738,42.2755628],[-83.7372743,42.2755642],[-83.7372752,42.2755645],[-83.7372786,42.2755692],[-83.7372815,42.2755757]],[[-83.7372806,42.2755614],[-83.7372752,42.2755635],[-83.7372728,42.2755605],[-83.7372699,42.2755585],[-83.7372699,42.2755578],[-83.7372619,42.2755518],[-83.737261,42.2755518],[-83.7372591,42.2755501],[-83.7372582,42.2755501],[-83.7372567,42.2755488],[-83.737253,42.2755475],[-83.7372525,42.2755468],[-83.7372446,42.2755439],[-83.7372321,42.275541],[-83.7372233,42.2755402],[-83.7372173,42.2755403],[-83.7372171,42.2755355],[-83.7372245,42.2755354],[-83.7372365,42.2755369],[-83.7372458,42.2755391],[-83.7372533,42.2755417],[-83.7372538,42.2755424],[-83.7372556,42.2755427],[-83.7372589,42.2755447],[-83.7372598,42.2755447],[-83.7372608,42.2755457],[-83.7372617,42.2755457],[-83.7372627,42.2755467],[-83.7372636,42.2755466],[-83.7372669,42.2755493],[-83.7372678,42.2755493],[-83.7372706,42.2755513],[-83.7372707,42.275552],[-83.7372739,42.275554],[-83.737274,42.2755547],[-83.7372773,42.275557],[-83.7372806,42.2755614]]],[[[-83.7373231,42.2758022],[-83.7373221,42.2757978],[-83.7373225,42.2757961],[-83.7373216,42.2757961],[-83.7373201,42.275792],[-83.7373181,42.2757893],[-83.7373172,42.275789],[-83.7373167,42.2757876],[-83.7373073,42.275781],[-83.7372975,42.2757777],[-83.7372892,42.2757769],[-83.7372786,42.2757777],[-83.7372694,42.2757806],[-83.7372658,42.2757831],[-83.7372649,42.2757831],[-83.737264,42.2757841],[-83.7372631,42.2757841],[-83.7372622,42.2757852],[-83.7372613,42.2757852],[-83.7372608,42.2757859],[-83.7372599,42.2757859],[-83.7372563,42.275788],[-83.7372565,42.2757931],[-83.7372578,42.2757931],[-83.7372592,42.275792],[-83.7372624,42.2757913],[-83.7372633,42.2757906],[-83.737272,42.2757887],[-83.7372831,42.2757886],[-83.7372877,42.2757892],[-83.7372919,42.2757901],[-83.7372937,42.2757911],[-83.7372951,42.2757911],[-83.7372956,42.2757918],[-83.7373012,42.2757937],[-83.7373073,42.2757977],[-83.7373073,42.2757984],[-83.7373092,42.2757994],[-83.7373092,42.2758001],[-83.7373121,42.2758027],[-83.7373231,42.2758022]],[[-83.7373217,42.2758016],[-83.7373217,42.2758019],[-83.7373125,42.275802],[-83.7373125,42.2758017],[-83.7373217,42.2758016]],[[-83.737312,42.2758007],[-83.737312,42.275801],[-83.7373116,42.275801],[-83.7373116,42.2758007],[-83.737312,42.2758007]],[[-83.7373116,42.2758004],[-83.7373106,42.2758],[-83.7373106,42.2757997],[-83.7373115,42.2758],[-83.7373116,42.2758004]],[[-83.7373216,42.2757985],[-83.7373217,42.2758005],[-83.7373212,42.2758005],[-83.7373212,42.2757985],[-83.7373216,42.2757985]],[[-83.7373101,42.275799],[-83.7373092,42.2757987],[-83.7373092,42.2757984],[-83.7373101,42.2757987],[-83.7373101,42.275799]],[[-83.7373203,42.2758009],[-83.7373134,42.275801],[-83.7373115,42.2757987],[-83.7373101,42.275798],[-83.7373101,42.2757973],[-83.7373021,42.275792],[-83.7372937,42.2757887],[-83.7372881,42.2757875],[-83.737283,42.2757869],[-83.7372719,42.275787],[-83.7372614,42.2757893],[-83.7372596,42.2757903],[-83.7372587,42.2757903],[-83.7372586,42.275789],[-83.7372641,42.2757858],[-83.737265,42.2757858],[-83.7372659,42.2757848],[-83.7372668,42.2757847],[-83.7372677,42.2757837],[-83.73727,42.275783],[-83.7372704,42.2757823],[-83.7372791,42.2757794],[-83.7372901,42.2757785],[-83.7372971,42.2757795],[-83.7373064,42.2757827],[-83.737313,42.275787],[-83.737313,42.2757877],[-83.7373154,42.2757894],[-83.7373183,42.2757934],[-83.7373202,42.2757982],[-83.7373203,42.2758009]],[[-83.7373211,42.2757968],[-83.7373212,42.2757978],[-83.7373207,42.2757978],[-83.7373207,42.2757968],[-83.7373211,42.2757968]],[[-83.7373082,42.2757973],[-83.7373064,42.2757964],[-83.7373063,42.275796],[-83.7373059,42.275796],[-83.7373059,42.2757957],[-83.7373054,42.2757957],[-83.7373054,42.2757953],[-83.7373049,42.2757954],[-83.7373049,42.275795],[-83.7373045,42.275795],[-83.7373045,42.2757947],[-83.737304,42.2757947],[-83.737304,42.2757943],[-83.7373059,42.2757953],[-83.7373059,42.2757957],[-83.7373063,42.2757957],[-83.7373063,42.275796],[-83.7373068,42.275796],[-83.7373068,42.2757963],[-83.7373073,42.2757963],[-83.7373073,42.2757967],[-83.7373077,42.2757967],[-83.7373078,42.275797],[-83.7373082,42.275797],[-83.7373082,42.2757973]],[[-83.7373206,42.2757954],[-83.7373206,42.2757961],[-83.7373202,42.2757961],[-83.7373202,42.2757954],[-83.7373206,42.2757954]],[[-83.7373201,42.2757944],[-83.7373201,42.2757951],[-83.7373197,42.2757951],[-83.7373197,42.2757944],[-83.7373201,42.2757944]],[[-83.7373196,42.2757934],[-83.7373196,42.2757937],[-83.7373192,42.2757937],[-83.7373192,42.2757934],[-83.7373196,42.2757934]],[[-83.7373031,42.275794],[-83.7373017,42.2757934],[-83.7373016,42.275793],[-83.737303,42.2757937],[-83.7373031,42.275794]],[[-83.7373191,42.2757924],[-83.7373192,42.2757931],[-83.7373187,42.2757931],[-83.7373187,42.2757924],[-83.7373191,42.2757924]],[[-83.7373012,42.275793],[-83.7373002,42.2757927],[-83.7373002,42.2757924],[-83.7373012,42.2757927],[-83.7373012,42.275793]],[[-83.7373187,42.2757917],[-83.7373187,42.2757921],[-83.7373182,42.2757921],[-83.7373182,42.2757917],[-83.7373187,42.2757917]],[[-83.7372993,42.2757917],[-83.7372988,42.2757917],[-83.7372988,42.275792],[-83.7372993,42.275792],[-83.7372993,42.2757917]],[[-83.7373182,42.275791],[-83.7373182,42.2757914],[-83.7373177,42.2757914],[-83.7373177,42.275791],[-83.7373182,42.275791]],[[-83.7372984,42.2757917],[-83.7372974,42.2757914],[-83.7372974,42.275791],[-83.7372984,42.2757914],[-83.7372984,42.2757917]],[[-83.7373177,42.2757904],[-83.7373172,42.2757904],[-83.7373172,42.2757907],[-83.7373177,42.2757907],[-83.7373177,42.2757904]],[[-83.737297,42.2757907],[-83.7372965,42.2757907],[-83.7372965,42.2757911],[-83.737297,42.2757911],[-83.737297,42.2757907]],[[-83.7372587,42.2757917],[-83.7372578,42.2757917],[-83.7372578,42.2757921],[-83.7372573,42.2757921],[-83.7372572,42.2757883],[-83.7372577,42.2757883],[-83.7372578,42.2757914],[-83.7372587,42.2757914],[-83.7372587,42.2757917]],[[-83.737296,42.2757904],[-83.737296,42.2757907],[-83.7372956,42.2757907],[-83.7372956,42.2757904],[-83.737296,42.2757904]],[[-83.7372596,42.275791],[-83.7372592,42.275791],[-83.7372592,42.2757914],[-83.7372596,42.2757913],[-83.7372596,42.275791]],[[-83.7373172,42.27579],[-83.7373163,42.2757897],[-83.7373163,42.2757894],[-83.7373172,42.2757897],[-83.7373172,42.27579]],[[-83.7372951,42.2757901],[-83.7372946,42.2757901],[-83.7372946,42.2757904],[-83.7372951,42.2757904],[-83.7372951,42.2757901]],[[-83.7372605,42.2757906],[-83.7372601,42.2757907],[-83.7372601,42.275791],[-83.7372605,42.275791],[-83.7372605,42.2757906]],[[-83.7372942,42.2757897],[-83.7372932,42.2757898],[-83.7372932,42.2757901],[-83.7372942,42.2757901],[-83.7372942,42.2757897]],[[-83.7372614,42.2757903],[-83.737261,42.2757903],[-83.737261,42.2757906],[-83.7372615,42.2757906],[-83.7372614,42.2757903]],[[-83.7372928,42.2757894],[-83.7372928,42.2757898],[-83.7372923,42.2757898],[-83.7372923,42.2757894],[-83.7372928,42.2757894]],[[-83.7372628,42.2757899],[-83.7372628,42.2757903],[-83.7372619,42.2757903],[-83.7372619,42.2757899],[-83.7372628,42.2757899]],[[-83.7373163,42.275789],[-83.7373153,42.2757887],[-83.7373153,42.2757884],[-83.7373163,42.2757887],[-83.7373163,42.275789]],[[-83.7372918,42.2757891],[-83.7372918,42.2757894],[-83.7372909,42.2757894],[-83.7372909,42.2757891],[-83.7372918,42.2757891]],[[-83.7372642,42.2757896],[-83.7372642,42.2757899],[-83.7372633,42.2757899],[-83.7372633,42.2757896],[-83.7372642,42.2757896]],[[-83.7372904,42.2757888],[-83.7372905,42.2757891],[-83.7372895,42.2757891],[-83.7372895,42.2757888],[-83.7372904,42.2757888]],[[-83.7372656,42.2757892],[-83.7372646,42.2757892],[-83.7372646,42.2757896],[-83.7372656,42.2757895],[-83.7372656,42.2757892]],[[-83.737289,42.2757885],[-83.7372891,42.2757888],[-83.7372881,42.2757888],[-83.7372881,42.2757885],[-83.737289,42.2757885]],[[-83.7372669,42.2757888],[-83.7372669,42.2757892],[-83.737266,42.2757892],[-83.737266,42.2757888],[-83.7372669,42.2757888]],[[-83.7373153,42.275788],[-83.7373144,42.2757877],[-83.7373144,42.2757873],[-83.7373153,42.2757877],[-83.7373153,42.275788]],[[-83.7372872,42.2757881],[-83.7372872,42.2757885],[-83.7372863,42.2757885],[-83.7372863,42.2757882],[-83.7372872,42.2757881]],[[-83.7372688,42.2757885],[-83.7372688,42.2757888],[-83.7372674,42.2757888],[-83.7372674,42.2757885],[-83.7372688,42.2757885]],[[-83.7372853,42.2757878],[-83.7372854,42.2757882],[-83.7372835,42.2757882],[-83.7372835,42.2757879],[-83.7372853,42.2757878]],[[-83.7372711,42.2757881],[-83.7372711,42.2757884],[-83.7372697,42.2757884],[-83.7372697,42.2757881],[-83.7372711,42.2757881]],[[-83.7372826,42.2757875],[-83.7372826,42.2757879],[-83.7372724,42.2757881],[-83.7372724,42.2757877],[-83.7372826,42.2757875]],[[-83.7372591,42.2757876],[-83.7372586,42.2757876],[-83.7372586,42.2757879],[-83.7372591,42.2757879],[-83.7372591,42.2757876]],[[-83.7373139,42.2757867],[-83.737312,42.2757857],[-83.737312,42.2757853],[-83.7373115,42.2757853],[-83.7373115,42.275785],[-83.7373111,42.275785],[-83.7373111,42.2757847],[-83.7373106,42.2757847],[-83.7373106,42.2757843],[-83.7373101,42.2757843],[-83.7373101,42.275784],[-83.7373097,42.275784],[-83.7373097,42.2757837],[-83.7373092,42.2757837],[-83.7373092,42.2757833],[-83.7373087,42.2757833],[-83.7373087,42.275783],[-83.7373106,42.275784],[-83.7373106,42.2757843],[-83.7373111,42.2757843],[-83.7373111,42.2757847],[-83.7373115,42.2757847],[-83.7373115,42.275785],[-83.737312,42.275785],[-83.737312,42.2757853],[-83.7373125,42.2757853],[-83.7373125,42.2757857],[-83.7373129,42.2757857],[-83.737313,42.275786],[-83.7373134,42.275786],[-83.7373134,42.2757863],[-83.7373139,42.2757863],[-83.7373139,42.2757867]],[[-83.7372604,42.2757869],[-83.7372604,42.2757872],[-83.73726,42.2757872],[-83.73726,42.2757869],[-83.7372604,42.2757869]],[[-83.7372618,42.2757862],[-83.7372622,42.2757862],[-83.7372622,42.2757858],[-83.7372618,42.2757858],[-83.7372618,42.2757862]],[[-83.7372618,42.2757862],[-83.7372618,42.2757865],[-83.7372613,42.2757865],[-83.7372613,42.2757862],[-83.7372618,42.2757862]],[[-83.7372631,42.2757855],[-83.7372631,42.2757851],[-83.7372636,42.2757851],[-83.7372636,42.2757855],[-83.7372631,42.2757855]],[[-83.7372631,42.2757855],[-83.7372631,42.2757858],[-83.7372627,42.2757858],[-83.7372627,42.2757855],[-83.7372631,42.2757855]],[[-83.7372649,42.2757844],[-83.7372649,42.2757841],[-83.7372654,42.2757841],[-83.7372654,42.2757844],[-83.7372649,42.2757844]],[[-83.7372649,42.2757844],[-83.7372645,42.2757844],[-83.7372645,42.2757848],[-83.737265,42.2757848],[-83.7372649,42.2757844]],[[-83.7372668,42.2757834],[-83.7372672,42.2757834],[-83.7372672,42.275783],[-83.7372667,42.275783],[-83.7372668,42.2757834]],[[-83.7372668,42.2757834],[-83.7372668,42.2757837],[-83.7372663,42.2757837],[-83.7372663,42.2757834],[-83.7372668,42.2757834]],[[-83.7373078,42.2757827],[-83.7373078,42.2757823],[-83.7373068,42.275782],[-83.7373068,42.2757824],[-83.7373078,42.2757827]],[[-83.7372686,42.2757823],[-83.7372681,42.2757823],[-83.7372681,42.2757827],[-83.7372686,42.2757827],[-83.7372686,42.2757823]],[[-83.7373059,42.2757813],[-83.7373059,42.2757817],[-83.7373054,42.2757817],[-83.7373054,42.2757814],[-83.7373059,42.2757813]],[[-83.737305,42.2757814],[-83.737304,42.275781],[-83.737304,42.2757807],[-83.737305,42.275781],[-83.737305,42.2757814]],[[-83.7372699,42.2757816],[-83.7372695,42.2757816],[-83.7372695,42.275782],[-83.7372699,42.275782],[-83.7372699,42.2757816]],[[-83.7372708,42.2757813],[-83.7372704,42.2757813],[-83.7372704,42.2757816],[-83.7372709,42.2757816],[-83.7372708,42.2757813]],[[-83.7373036,42.2757804],[-83.7373031,42.2757804],[-83.7373031,42.2757807],[-83.7373036,42.2757807],[-83.7373036,42.2757804]],[[-83.7372736,42.2757805],[-83.7372718,42.2757809],[-83.7372717,42.2757806],[-83.7372727,42.2757805],[-83.7372727,42.2757802],[-83.7372736,42.2757802],[-83.7372736,42.2757805]],[[-83.7372718,42.2757809],[-83.7372718,42.2757812],[-83.7372713,42.2757813],[-83.7372713,42.2757809],[-83.7372718,42.2757809]],[[-83.7373026,42.27578],[-83.7373022,42.27578],[-83.7373022,42.2757804],[-83.7373026,42.2757804],[-83.7373026,42.27578]],[[-83.7373017,42.2757797],[-83.7373012,42.2757797],[-83.7373012,42.2757801],[-83.7373017,42.2757801],[-83.7373017,42.2757797]],[[-83.7373008,42.2757794],[-83.7373008,42.2757797],[-83.7372998,42.2757797],[-83.7372998,42.2757794],[-83.7373008,42.2757794]],[[-83.7372745,42.2757798],[-83.7372745,42.2757802],[-83.737274,42.2757802],[-83.737274,42.2757798],[-83.7372745,42.2757798]],[[-83.7372994,42.2757791],[-83.7372989,42.2757791],[-83.7372989,42.2757794],[-83.7372994,42.2757794],[-83.7372994,42.2757791]],[[-83.7372759,42.2757795],[-83.7372759,42.2757798],[-83.7372749,42.2757798],[-83.7372749,42.2757795],[-83.7372759,42.2757795]],[[-83.7372984,42.2757787],[-83.7372984,42.2757791],[-83.7372975,42.2757791],[-83.7372975,42.2757788],[-83.7372984,42.2757787]],[[-83.7372772,42.2757791],[-83.7372772,42.2757794],[-83.7372763,42.2757795],[-83.7372763,42.2757791],[-83.7372772,42.2757791]],[[-83.7372966,42.2757784],[-83.7372966,42.2757788],[-83.7372957,42.2757788],[-83.7372957,42.2757785],[-83.7372966,42.2757784]],[[-83.7372786,42.2757787],[-83.7372786,42.2757791],[-83.7372777,42.2757791],[-83.7372777,42.2757788],[-83.7372786,42.2757787]],[[-83.7372952,42.2757781],[-83.7372952,42.2757785],[-83.7372938,42.2757785],[-83.7372938,42.2757781],[-83.7372952,42.2757781]],[[-83.7372809,42.2757784],[-83.7372809,42.2757787],[-83.7372795,42.2757787],[-83.7372795,42.2757784],[-83.7372809,42.2757784]],[[-83.7372929,42.2757778],[-83.7372929,42.2757782],[-83.7372906,42.2757782],[-83.7372906,42.2757779],[-83.7372929,42.2757778]],[[-83.7372841,42.275778],[-83.7372841,42.2757783],[-83.7372814,42.2757784],[-83.7372813,42.275778],[-83.7372841,42.275778]],[[-83.7372887,42.2757775],[-83.7372887,42.2757779],[-83.7372855,42.2757779],[-83.7372855,42.2757776],[-83.7372887,42.2757775]]],[[[-83.7372884,42.2754261],[-83.7372884,42.2754237],[-83.7372865,42.2754224],[-83.7372828,42.2754225],[-83.7372819,42.2754232],[-83.7372819,42.2754221],[-83.7372828,42.2754221],[-83.7372828,42.2754214],[-83.7371763,42.2754232],[-83.7371763,42.2754239],[-83.7371772,42.2754239],[-83.7371773,42.2754249],[-83.7371759,42.2754243],[-83.7371722,42.2754243],[-83.7371708,42.2754254],[-83.7371708,42.2754233],[-83.7370657,42.2754251],[-83.7370657,42.2754258],[-83.7370666,42.2754258],[-83.7370667,42.2754268],[-83.7370653,42.2754261],[-83.737062,42.2754262],[-83.7370602,42.2754273],[-83.7370598,42.2754283],[-83.7370603,42.2754303],[-83.7370627,42.2754316],[-83.737065,42.2754316],[-83.7370668,42.2754306],[-83.7370668,42.2754326],[-83.737171,42.2754308],[-83.7371714,42.2754284],[-83.7371714,42.2754291],[-83.7371733,42.2754298],[-83.7371756,42.2754297],[-83.7371774,42.2754287],[-83.7371775,42.2754307],[-83.7372821,42.275429],[-83.737282,42.2754273],[-83.7372839,42.2754279],[-83.7372862,42.2754279],[-83.7372884,42.2754261]],[[-83.7371769,42.275427],[-83.7371764,42.275427],[-83.7371764,42.275428],[-83.737176,42.275428],[-83.737176,42.2754284],[-83.7371751,42.2754284],[-83.7371751,42.2754287],[-83.7371732,42.2754288],[-83.7371723,42.2754277],[-83.7371718,42.2754278],[-83.7371718,42.2754264],[-83.7371722,42.2754264],[-83.7371722,42.2754257],[-83.7371727,42.2754257],[-83.7371727,42.2754254],[-83.7371741,42.2754253],[-83.737174,42.275425],[-83.7371745,42.275425],[-83.7371745,42.2754253],[-83.7371754,42.2754253],[-83.7371759,42.275426],[-83.7371764,42.275426],[-83.7371764,42.2754267],[-83.7371769,42.2754266],[-83.7371769,42.275427]],[[-83.7370663,42.2754292],[-83.7370658,42.2754292],[-83.7370658,42.2754299],[-83.7370654,42.2754299],[-83.7370654,42.2754302],[-83.7370645,42.2754302],[-83.7370645,42.2754306],[-83.7370626,42.2754306],[-83.7370617,42.2754296],[-83.7370612,42.2754296],[-83.7370612,42.2754283],[-83.7370616,42.2754283],[-83.7370616,42.2754276],[-83.7370621,42.2754276],[-83.7370621,42.2754272],[-83.7370634,42.2754272],[-83.7370634,42.2754269],[-83.7370639,42.2754268],[-83.7370639,42.2754272],[-83.7370648,42.2754272],[-83.7370653,42.2754278],[-83.7370658,42.2754278],[-83.7370663,42.2754292]],[[-83.737287,42.2754258],[-83.7372866,42.2754258],[-83.7372866,42.2754265],[-83.7372857,42.2754265],[-83.7372857,42.2754269],[-83.7372838,42.2754269],[-83.7372829,42.2754259],[-83.7372824,42.2754259],[-83.7372824,42.2754245],[-83.7372829,42.2754245],[-83.7372828,42.2754238],[-83.7372833,42.2754238],[-83.7372833,42.2754235],[-83.7372847,42.2754235],[-83.7372847,42.2754231],[-83.7372851,42.2754231],[-83.7372851,42.2754234],[-83.737286,42.2754234],[-83.7372865,42.2754241],[-83.737287,42.2754241],[-83.737287,42.2754258]]],[[[-83.7371558,42.2756389],[-83.7371505,42.2756325],[-83.7371491,42.2756325],[-83.7371473,42.2756336],[-83.7371395,42.2756357],[-83.7371308,42.2756373],[-83.7371147,42.2756375],[-83.7371073,42.2756366],[-83.7370989,42.2756347],[-83.7370905,42.2756318],[-83.7370858,42.2756291],[-83.7370849,42.2756292],[-83.7370741,42.2756218],[-83.7370741,42.2756212],[-83.7370722,42.2756202],[-83.7370722,42.2756195],[-83.7370684,42.2756161],[-83.7370674,42.2756141],[-83.7370655,42.2756124],[-83.7370655,42.2756114],[-83.737064,42.2756101],[-83.737064,42.275609],[-83.7370621,42.2756063],[-83.7370601,42.2756009],[-83.737059,42.2755955],[-83.7370588,42.2755897],[-83.7370612,42.2755787],[-83.7370669,42.2755687],[-83.7370696,42.2755663],[-83.7370696,42.2755656],[-83.7370709,42.2755649],[-83.7370709,42.2755642],[-83.7370723,42.2755635],[-83.7370723,42.2755628],[-83.7370804,42.2755566],[-83.7370813,42.2755565],[-83.7370822,42.2755555],[-83.7370831,42.2755555],[-83.7370867,42.275553],[-83.7370954,42.2755495],[-83.7371031,42.2755473],[-83.7371123,42.2755458],[-83.7371192,42.2755453],[-83.7371275,42.2755455],[-83.7371349,42.2755464],[-83.7371456,42.275549],[-83.7371466,42.2755496],[-83.7371484,42.2755496],[-83.7371493,42.2755476],[-83.7371502,42.2755472],[-83.7371528,42.2755431],[-83.7371421,42.2755391],[-83.7371347,42.2755379],[-83.7371333,42.2755372],[-83.7371263,42.2755367],[-83.7371263,42.275536],[-83.7371033,42.2755364],[-83.7371033,42.2755371],[-83.7370982,42.2755375],[-83.7370863,42.2755404],[-83.7370754,42.2755447],[-83.7370722,42.2755468],[-83.7370713,42.2755468],[-83.7370704,42.2755479],[-83.7370695,42.2755479],[-83.7370686,42.2755489],[-83.7370677,42.2755489],[-83.7370659,42.2755507],[-83.737065,42.2755507],[-83.7370587,42.2755556],[-83.7370587,42.2755562],[-83.7370537,42.2755604],[-83.7370471,42.2755694],[-83.7370424,42.2755807],[-83.7370412,42.2755876],[-83.7370421,42.2756012],[-83.7370456,42.2756111],[-83.7370529,42.2756219],[-83.7370567,42.2756252],[-83.7370567,42.2756259],[-83.7370586,42.2756269],[-83.7370586,42.2756276],[-83.7370609,42.2756289],[-83.737061,42.2756296],[-83.737068,42.2756346],[-83.7370689,42.2756346],[-83.7370727,42.2756372],[-83.7370779,42.2756392],[-83.7370783,42.2756399],[-83.7370872,42.2756431],[-83.7370886,42.2756431],[-83.7370905,42.2756441],[-83.737096,42.2756454],[-83.7371034,42.2756466],[-83.7371094,42.2756468],[-83.737109,42.2756479],[-83.7371099,42.2756478],[-83.7371099,42.2756472],[-83.7371113,42.2756471],[-83.7371113,42.2756478],[-83.7371141,42.2756471],[-83.7371141,42.2756478],[-83.737115,42.2756478],[-83.737115,42.2756471],[-83.7371164,42.2756471],[-83.7371164,42.2756477],[-83.7371201,42.2756477],[-83.7371201,42.275647],[-83.7371214,42.275647],[-83.7371215,42.2756477],[-83.7371224,42.2756476],[-83.7371224,42.275647],[-83.7371237,42.2756469],[-83.7371238,42.2756476],[-83.7371247,42.2756476],[-83.7371247,42.2756469],[-83.737126,42.2756469],[-83.7371261,42.2756476],[-83.7371274,42.2756476],[-83.7371274,42.2756469],[-83.7371265,42.2756465],[-83.7371325,42.2756461],[-83.7371416,42.2756442],[-83.7371425,42.2756435],[-83.7371476,42.2756424],[-83.7371558,42.2756389]],[[-83.7371177,42.2756467],[-83.7371136,42.2756468],[-83.7371136,42.2756461],[-83.737114,42.2756461],[-83.737114,42.2756447],[-83.7371168,42.2756447],[-83.7371168,42.275645],[-83.7371177,42.275645],[-83.7371177,42.2756467]],[[-83.7371131,42.2756464],[-83.737109,42.2756465],[-83.737109,42.2756458],[-83.7371094,42.2756458],[-83.7371094,42.2756444],[-83.7371103,42.2756444],[-83.7371103,42.2756448],[-83.7371131,42.2756447],[-83.7371131,42.2756464]],[[-83.7371085,42.2756462],[-83.7371057,42.2756462],[-83.7371057,42.2756459],[-83.7371043,42.2756459],[-83.7371043,42.2756456],[-83.7371048,42.2756455],[-83.7371048,42.2756442],[-83.7371084,42.2756445],[-83.7371085,42.2756462]],[[-83.7371315,42.2756454],[-83.7371302,42.2756455],[-83.7371302,42.2756458],[-83.7371279,42.2756458],[-83.7371274,42.2756445],[-83.737131,42.2756444],[-83.7371311,42.2756448],[-83.7371315,42.2756448],[-83.7371315,42.2756454]],[[-83.7371269,42.2756462],[-83.7371233,42.2756463],[-83.7371228,42.2756449],[-83.7371269,42.2756448],[-83.7371269,42.2756462]],[[-83.7371223,42.2756449],[-83.7371223,42.2756466],[-83.7371187,42.2756467],[-83.7371186,42.275645],[-83.7371223,42.2756449]],[[-83.7371361,42.2756447],[-83.7371329,42.2756451],[-83.7371329,42.2756454],[-83.7371325,42.2756454],[-83.737132,42.2756441],[-83.7371343,42.275644],[-83.7371342,42.2756437],[-83.7371356,42.2756437],[-83.7371356,42.2756443],[-83.7371361,42.2756443],[-83.7371361,42.2756447]],[[-83.7371402,42.2756436],[-83.7371398,42.2756436],[-83.7371398,42.2756439],[-83.7371384,42.275644],[-83.7371384,42.2756443],[-83.7371366,42.2756443],[-83.7371365,42.2756433],[-83.7371384,42.2756433],[-83.7371384,42.2756429],[-83.7371402,42.2756429],[-83.7371402,42.2756436]],[[-83.7371039,42.2756459],[-83.7371034,42.2756459],[-83.7371034,42.2756456],[-83.7371011,42.2756456],[-83.7371011,42.2756453],[-83.7371002,42.2756453],[-83.7371001,42.2756439],[-83.7371006,42.2756439],[-83.7371006,42.2756436],[-83.737102,42.2756435],[-83.737102,42.2756439],[-83.7371038,42.2756439],[-83.7371039,42.2756459]],[[-83.7370997,42.2756439],[-83.7370992,42.2756439],[-83.7370992,42.275645],[-83.7370979,42.275645],[-83.7370978,42.2756446],[-83.737096,42.2756447],[-83.737096,42.2756443],[-83.7370955,42.2756443],[-83.7370955,42.2756437],[-83.737096,42.2756436],[-83.7370959,42.2756426],[-83.7370964,42.2756426],[-83.7370964,42.275643],[-83.7370996,42.2756432],[-83.7370997,42.2756439]],[[-83.7371448,42.2756425],[-83.7371425,42.2756429],[-83.7371425,42.2756432],[-83.7371411,42.2756432],[-83.7371411,42.2756425],[-83.7371434,42.2756422],[-83.7371434,42.2756418],[-83.7371448,42.2756418],[-83.7371448,42.2756425]],[[-83.7370951,42.2756437],[-83.7370946,42.2756437],[-83.7370946,42.275644],[-83.7370932,42.275644],[-83.7370932,42.2756437],[-83.7370909,42.2756434],[-83.7370909,42.2756431],[-83.7370913,42.275643],[-83.7370913,42.2756424],[-83.7370918,42.2756424],[-83.7370918,42.2756417],[-83.7370927,42.2756417],[-83.7370927,42.275642],[-83.7370936,42.275642],[-83.7370936,42.2756423],[-83.737095,42.2756423],[-83.7370951,42.2756437]],[[-83.7371489,42.275641],[-83.7371485,42.2756411],[-83.7371485,42.2756414],[-83.7371471,42.2756414],[-83.7371471,42.2756418],[-83.7371462,42.2756418],[-83.7371462,42.2756421],[-83.7371453,42.2756418],[-83.7371452,42.2756414],[-83.7371462,42.2756414],[-83.7371462,42.2756411],[-83.7371484,42.2756407],[-83.7371484,42.2756404],[-83.7371489,42.2756404],[-83.7371489,42.275641]],[[-83.7370909,42.275642],[-83.7370904,42.275642],[-83.7370904,42.2756431],[-83.7370895,42.2756431],[-83.7370895,42.2756427],[-83.7370886,42.2756427],[-83.7370886,42.2756424],[-83.7370876,42.2756424],[-83.7370876,42.2756421],[-83.7370867,42.2756421],[-83.7370867,42.2756418],[-83.7370872,42.2756417],[-83.7370871,42.2756407],[-83.737088,42.2756404],[-83.737088,42.2756407],[-83.737089,42.2756407],[-83.737089,42.275641],[-83.7370904,42.275641],[-83.7370904,42.2756414],[-83.7370908,42.2756413],[-83.7370909,42.275642]],[[-83.737153,42.2756396],[-83.7371521,42.2756396],[-83.7371521,42.27564],[-83.7371512,42.27564],[-83.7371512,42.2756403],[-83.7371503,42.2756403],[-83.7371503,42.2756407],[-83.7371498,42.2756407],[-83.7371498,42.27564],[-83.7371516,42.2756396],[-83.7371516,42.2756393],[-83.7371526,42.2756393],[-83.7371525,42.2756389],[-83.737153,42.2756389],[-83.737153,42.2756396]],[[-83.7370867,42.2756407],[-83.7370862,42.2756407],[-83.7370862,42.2756414],[-83.7370858,42.2756414],[-83.7370858,42.2756418],[-83.7370853,42.2756418],[-83.7370853,42.2756414],[-83.7370844,42.2756415],[-83.7370844,42.2756411],[-83.7370834,42.2756411],[-83.7370834,42.2756408],[-83.7370825,42.2756408],[-83.7370825,42.2756401],[-83.737083,42.2756401],[-83.7370829,42.2756394],[-83.7370834,42.2756394],[-83.7370834,42.2756391],[-83.7370843,42.2756391],[-83.7370843,42.2756394],[-83.7370852,42.2756394],[-83.7370852,42.2756397],[-83.7370862,42.2756397],[-83.7370862,42.2756401],[-83.7370866,42.2756401],[-83.7370867,42.2756407]],[[-83.7371544,42.2756386],[-83.7371544,42.2756389],[-83.7371539,42.2756389],[-83.7371539,42.2756386],[-83.7371544,42.2756386]],[[-83.7371539,42.2756379],[-83.7371475,42.2756404],[-83.737137,42.275643],[-83.7371278,42.2756441],[-83.7371181,42.2756443],[-83.7371179,42.2756382],[-83.7371299,42.275638],[-83.7371359,42.2756372],[-83.7371409,42.2756357],[-83.7371428,42.2756357],[-83.7371437,42.275635],[-83.7371464,42.2756346],[-83.7371501,42.2756332],[-83.7371539,42.2756379]],[[-83.7371175,42.2756382],[-83.7371177,42.2756443],[-83.7371163,42.2756443],[-83.7371161,42.2756382],[-83.7371175,42.2756382]],[[-83.7371154,42.2756443],[-83.7371015,42.2756432],[-83.737088,42.27564],[-83.737081,42.2756374],[-83.7370763,42.2756348],[-83.7370754,42.2756348],[-83.7370745,42.2756338],[-83.7370735,42.2756338],[-83.7370636,42.2756271],[-83.7370636,42.2756265],[-83.7370613,42.2756251],[-83.7370613,42.2756244],[-83.7370599,42.2756238],[-83.737057,42.2756201],[-83.737056,42.2756198],[-83.7370502,42.2756113],[-83.7370462,42.2756012],[-83.7370451,42.2755933],[-83.7370457,42.2755844],[-83.7370491,42.2755742],[-83.7370552,42.2755645],[-83.7370579,42.2755621],[-83.7370579,42.2755614],[-83.7370597,42.2755603],[-83.7370597,42.2755596],[-83.737062,42.2755582],[-83.737062,42.2755576],[-83.7370728,42.2755499],[-83.7370764,42.2755484],[-83.7370769,42.2755478],[-83.7370787,42.2755474],[-83.7370791,42.2755467],[-83.7370828,42.2755456],[-83.7370832,42.2755449],[-83.7370951,42.2755413],[-83.7371061,42.2755394],[-83.7371121,42.2755393],[-83.7371123,42.2755454],[-83.7371031,42.2755466],[-83.7370963,42.2755484],[-83.7370944,42.2755495],[-83.7370931,42.2755495],[-83.7370894,42.275551],[-83.737089,42.2755516],[-83.7370871,42.275552],[-83.737084,42.2755541],[-83.7370831,42.2755541],[-83.7370822,42.2755552],[-83.7370812,42.2755552],[-83.7370804,42.2755562],[-83.7370794,42.2755562],[-83.7370718,42.2755622],[-83.7370718,42.2755629],[-83.73707,42.2755639],[-83.7370691,42.2755656],[-83.7370669,42.2755674],[-83.7370612,42.2755767],[-83.737059,42.2755829],[-83.7370583,42.275587],[-83.7370586,42.2755982],[-83.7370602,42.275604],[-83.7370611,42.275605],[-83.7370626,42.2756094],[-83.737067,42.2756158],[-83.7370679,42.2756161],[-83.7370703,42.2756195],[-83.7370717,42.2756202],[-83.7370717,42.2756209],[-83.7370732,42.2756215],[-83.7370732,42.2756222],[-83.7370817,42.2756282],[-83.7370826,42.2756282],[-83.7370859,42.2756305],[-83.7370915,42.2756325],[-83.737092,42.2756331],[-83.7371027,42.2756364],[-83.7371045,42.2756363],[-83.7371096,42.2756376],[-83.7371152,42.2756379],[-83.7371154,42.2756443]],[[-83.7370825,42.2756394],[-83.737082,42.2756394],[-83.737082,42.2756401],[-83.7370802,42.2756398],[-83.7370797,42.2756391],[-83.7370788,42.2756392],[-83.7370787,42.2756381],[-83.7370797,42.2756378],[-83.7370796,42.2756374],[-83.7370801,42.2756374],[-83.7370801,42.2756378],[-83.737081,42.2756378],[-83.7370815,42.2756384],[-83.7370824,42.2756384],[-83.7370825,42.2756394]],[[-83.7370787,42.2756375],[-83.7370778,42.2756378],[-83.7370778,42.2756385],[-83.7370774,42.2756385],[-83.7370774,42.2756382],[-83.7370764,42.2756382],[-83.7370764,42.2756378],[-83.737076,42.2756378],[-83.737076,42.2756375],[-83.737075,42.2756375],[-83.7370746,42.2756368],[-83.737075,42.2756368],[-83.737075,42.2756362],[-83.7370755,42.2756361],[-83.7370754,42.2756358],[-83.7370764,42.2756358],[-83.7370764,42.2756361],[-83.7370773,42.2756361],[-83.7370773,42.2756365],[-83.7370778,42.2756364],[-83.7370778,42.2756368],[-83.7370787,42.2756368],[-83.7370787,42.2756375]],[[-83.737075,42.2756355],[-83.7370741,42.2756358],[-83.7370741,42.2756365],[-83.7370732,42.2756365],[-83.7370722,42.2756355],[-83.7370713,42.2756355],[-83.7370713,42.2756352],[-83.7370708,42.2756352],[-83.7370708,42.2756345],[-83.7370717,42.2756342],[-83.7370717,42.2756338],[-83.7370726,42.2756338],[-83.7370726,42.2756341],[-83.7370735,42.2756341],[-83.7370745,42.2756351],[-83.737075,42.2756351],[-83.737075,42.2756355]],[[-83.7370712,42.2756335],[-83.7370703,42.2756338],[-83.7370703,42.2756345],[-83.7370699,42.2756345],[-83.7370699,42.2756342],[-83.7370689,42.2756342],[-83.7370675,42.2756329],[-83.737067,42.2756329],[-83.737067,42.2756325],[-83.7370689,42.2756315],[-83.7370698,42.2756325],[-83.7370707,42.2756325],[-83.7370707,42.2756328],[-83.7370712,42.2756328],[-83.7370712,42.2756335]],[[-83.7370679,42.2756312],[-83.7370661,42.2756322],[-83.7370647,42.2756309],[-83.7370642,42.2756309],[-83.7370642,42.2756305],[-83.7370637,42.2756305],[-83.7370637,42.2756302],[-83.7370656,42.2756291],[-83.737067,42.2756305],[-83.7370674,42.2756305],[-83.7370674,42.2756308],[-83.7370679,42.2756308],[-83.7370679,42.2756312]],[[-83.7370646,42.2756288],[-83.7370628,42.2756299],[-83.7370619,42.2756289],[-83.7370614,42.2756289],[-83.7370609,42.2756275],[-83.7370618,42.2756272],[-83.7370618,42.2756268],[-83.7370627,42.2756268],[-83.7370627,42.2756271],[-83.7370632,42.2756271],[-83.7370632,42.2756278],[-83.7370646,42.2756285],[-83.7370646,42.2756288]],[[-83.7370613,42.2756265],[-83.7370604,42.2756268],[-83.7370604,42.2756272],[-83.7370595,42.2756272],[-83.7370595,42.2756269],[-83.737059,42.2756269],[-83.737059,42.2756262],[-83.7370576,42.2756255],[-83.7370576,42.2756252],[-83.7370594,42.2756241],[-83.7370604,42.2756251],[-83.7370608,42.2756251],[-83.7370613,42.2756265]],[[-83.7370589,42.2756238],[-83.737058,42.2756238],[-83.7370576,42.2756245],[-83.7370566,42.2756245],[-83.7370566,42.2756242],[-83.7370562,42.2756242],[-83.7370562,42.2756235],[-83.7370552,42.2756232],[-83.7370552,42.2756222],[-83.737057,42.2756214],[-83.737057,42.2756221],[-83.737058,42.2756225],[-83.737058,42.2756231],[-83.7370589,42.2756235],[-83.7370589,42.2756238]],[[-83.7370561,42.2756211],[-83.7370552,42.2756211],[-83.7370547,42.2756218],[-83.7370543,42.2756218],[-83.7370542,42.2756215],[-83.7370538,42.2756215],[-83.7370538,42.2756208],[-83.7370528,42.2756205],[-83.7370528,42.2756198],[-83.7370524,42.2756198],[-83.7370523,42.2756195],[-83.7370528,42.2756195],[-83.7370528,42.2756191],[-83.7370537,42.2756191],[-83.7370537,42.2756188],[-83.7370546,42.2756188],[-83.7370546,42.2756191],[-83.7370551,42.2756191],[-83.7370551,42.2756198],[-83.7370556,42.2756198],[-83.7370556,42.2756204],[-83.7370561,42.2756204],[-83.7370561,42.2756211]],[[-83.7370537,42.2756181],[-83.7370519,42.2756188],[-83.7370518,42.2756185],[-83.7370514,42.2756185],[-83.7370514,42.2756178],[-83.7370509,42.2756178],[-83.7370509,42.2756171],[-83.7370504,42.2756171],[-83.7370504,42.2756161],[-83.7370518,42.2756161],[-83.7370518,42.2756157],[-83.7370522,42.2756157],[-83.7370522,42.2756161],[-83.7370527,42.2756161],[-83.7370527,42.2756167],[-83.7370532,42.2756167],[-83.7370532,42.2756174],[-83.7370537,42.2756174],[-83.7370537,42.2756181]],[[-83.7370517,42.2756151],[-83.7370513,42.2756151],[-83.7370513,42.2756154],[-83.7370504,42.2756154],[-83.7370504,42.2756158],[-83.7370495,42.2756158],[-83.737049,42.2756144],[-83.7370485,42.2756144],[-83.7370485,42.2756131],[-83.7370503,42.2756127],[-83.7370503,42.275613],[-83.7370508,42.275613],[-83.7370508,42.2756137],[-83.7370512,42.2756137],[-83.7370513,42.2756147],[-83.7370517,42.2756147],[-83.7370517,42.2756151]],[[-83.7370498,42.275612],[-83.7370493,42.275612],[-83.7370494,42.2756124],[-83.7370484,42.2756124],[-83.7370484,42.2756127],[-83.7370475,42.2756127],[-83.7370475,42.2756117],[-83.737047,42.2756117],[-83.7370465,42.27561],[-83.7370488,42.2756096],[-83.7370498,42.275612]],[[-83.7370483,42.275609],[-83.737046,42.2756093],[-83.7370455,42.2756077],[-83.7370451,42.2756077],[-83.737045,42.2756066],[-83.7370469,42.2756066],[-83.7370469,42.2756063],[-83.7370473,42.2756063],[-83.7370474,42.2756073],[-83.7370478,42.2756073],[-83.7370483,42.275609]],[[-83.7370468,42.2756059],[-83.737045,42.275606],[-83.737045,42.2756063],[-83.7370446,42.2756063],[-83.737044,42.2756032],[-83.7370463,42.2756032],[-83.7370468,42.2756059]],[[-83.7370458,42.2756025],[-83.7370435,42.2756029],[-83.737043,42.2756002],[-83.7370434,42.2756002],[-83.7370434,42.2755998],[-83.7370453,42.2755998],[-83.7370453,42.2756008],[-83.7370458,42.2756008],[-83.7370458,42.2756025]],[[-83.7370453,42.2755991],[-83.737043,42.2755995],[-83.737043,42.2755992],[-83.7370425,42.2755992],[-83.7370424,42.2755964],[-83.7370447,42.2755964],[-83.7370453,42.2755991]],[[-83.7370447,42.2755961],[-83.7370424,42.2755961],[-83.7370418,42.275593],[-83.7370446,42.275593],[-83.7370447,42.2755961]],[[-83.7370446,42.2755927],[-83.7370418,42.2755927],[-83.7370418,42.2755917],[-83.7370423,42.2755917],[-83.7370422,42.2755896],[-83.7370445,42.2755899],[-83.7370446,42.2755927]],[[-83.7370449,42.2755879],[-83.7370444,42.2755879],[-83.7370445,42.2755892],[-83.7370422,42.2755893],[-83.7370421,42.2755866],[-83.7370426,42.2755865],[-83.7370425,42.2755862],[-83.7370435,42.2755862],[-83.7370435,42.2755865],[-83.7370449,42.2755865],[-83.7370449,42.2755879]],[[-83.7370453,42.2755848],[-83.7370448,42.2755848],[-83.7370448,42.2755858],[-83.7370425,42.2755859],[-83.7370429,42.2755828],[-83.7370434,42.2755828],[-83.7370434,42.2755831],[-83.7370452,42.2755831],[-83.7370453,42.2755848]],[[-83.7370461,42.2755814],[-83.7370456,42.2755814],[-83.7370457,42.2755824],[-83.7370434,42.2755824],[-83.7370437,42.2755794],[-83.7370442,42.2755794],[-83.7370442,42.2755797],[-83.737046,42.2755797],[-83.7370461,42.2755814]],[[-83.7370473,42.2755773],[-83.7370469,42.2755773],[-83.7370469,42.2755786],[-83.7370465,42.2755786],[-83.7370465,42.2755793],[-83.7370442,42.275579],[-83.7370441,42.275578],[-83.7370446,42.275578],[-83.737045,42.2755763],[-83.7370473,42.2755766],[-83.7370473,42.2755773]],[[-83.7370486,42.2755742],[-83.7370482,42.2755742],[-83.7370478,42.2755759],[-83.7370454,42.2755756],[-83.7370459,42.2755739],[-83.7370463,42.2755739],[-83.7370463,42.2755728],[-83.7370467,42.2755728],[-83.7370468,42.2755732],[-83.7370481,42.2755731],[-83.7370481,42.2755735],[-83.7370486,42.2755735],[-83.7370486,42.2755742]],[[-83.7370504,42.2755707],[-83.7370499,42.2755707],[-83.7370499,42.2755718],[-83.7370495,42.2755718],[-83.7370495,42.2755724],[-83.737049,42.2755724],[-83.7370491,42.2755728],[-83.7370472,42.2755725],[-83.7370472,42.2755711],[-83.7370476,42.2755711],[-83.7370476,42.2755704],[-83.7370481,42.2755704],[-83.737048,42.2755697],[-83.7370499,42.27557],[-83.7370504,42.2755707]],[[-83.7370521,42.275568],[-83.7370517,42.275568],[-83.7370517,42.2755687],[-83.7370512,42.2755687],[-83.7370512,42.2755693],[-83.7370508,42.2755693],[-83.7370508,42.2755697],[-83.7370489,42.2755694],[-83.7370489,42.2755684],[-83.7370494,42.2755683],[-83.7370494,42.2755677],[-83.7370498,42.2755677],[-83.7370498,42.275567],[-83.7370503,42.275567],[-83.7370502,42.2755666],[-83.7370521,42.2755673],[-83.7370521,42.275568]],[[-83.7370543,42.2755649],[-83.7370539,42.2755649],[-83.7370539,42.2755655],[-83.7370534,42.2755656],[-83.7370535,42.2755662],[-83.737053,42.2755662],[-83.737053,42.2755666],[-83.7370521,42.2755666],[-83.7370521,42.2755663],[-83.7370512,42.2755663],[-83.7370511,42.2755659],[-83.7370507,42.2755659],[-83.7370511,42.2755652],[-83.7370516,42.2755652],[-83.7370516,42.2755646],[-83.737052,42.2755646],[-83.737052,42.2755639],[-83.7370525,42.2755639],[-83.7370525,42.2755635],[-83.7370534,42.2755638],[-83.7370534,42.2755642],[-83.7370543,42.2755642],[-83.7370543,42.2755649]],[[-83.737057,42.2755617],[-83.7370565,42.2755617],[-83.7370566,42.2755624],[-83.7370561,42.2755624],[-83.7370561,42.2755628],[-83.7370557,42.2755628],[-83.7370557,42.2755635],[-83.7370552,42.2755635],[-83.7370552,42.2755638],[-83.7370548,42.2755638],[-83.7370548,42.2755635],[-83.7370538,42.2755635],[-83.7370538,42.2755632],[-83.7370529,42.2755632],[-83.7370529,42.2755628],[-83.7370534,42.2755628],[-83.7370533,42.2755621],[-83.7370547,42.2755614],[-83.7370547,42.2755608],[-83.7370556,42.2755607],[-83.7370561,42.2755614],[-83.737057,42.2755614],[-83.737057,42.2755617]],[[-83.7370592,42.2755597],[-83.7370574,42.2755607],[-83.7370574,42.275561],[-83.7370556,42.2755601],[-83.7370565,42.275559],[-83.7370569,42.275559],[-83.7370569,42.2755583],[-83.7370574,42.2755583],[-83.7370574,42.275558],[-83.7370583,42.275558],[-83.7370588,42.2755586],[-83.7370592,42.2755586],[-83.7370592,42.2755597]],[[-83.7370624,42.2755565],[-83.7370615,42.2755569],[-83.7370615,42.2755576],[-83.7370606,42.2755579],[-83.7370606,42.2755583],[-83.7370597,42.2755583],[-83.7370592,42.2755576],[-83.7370587,42.2755576],[-83.7370591,42.2755562],[-83.7370605,42.2755555],[-83.7370605,42.2755552],[-83.7370624,42.2755562],[-83.7370624,42.2755565]],[[-83.7370655,42.2755541],[-83.7370637,42.2755551],[-83.7370637,42.2755555],[-83.7370633,42.2755555],[-83.7370633,42.2755558],[-83.7370614,42.2755548],[-83.7370627,42.2755535],[-83.7370632,42.2755534],[-83.7370632,42.2755531],[-83.7370637,42.2755531],[-83.7370636,42.2755528],[-83.7370655,42.2755537],[-83.7370655,42.2755541]],[[-83.7370687,42.275552],[-83.7370678,42.2755523],[-83.7370678,42.2755527],[-83.7370669,42.2755527],[-83.7370664,42.2755534],[-83.7370646,42.2755524],[-83.7370659,42.275551],[-83.7370668,42.275551],[-83.7370668,42.2755507],[-83.7370673,42.2755506],[-83.7370673,42.2755503],[-83.7370677,42.2755503],[-83.7370677,42.275551],[-83.7370682,42.275551],[-83.7370682,42.2755513],[-83.7370687,42.2755513],[-83.7370687,42.275552]],[[-83.7370723,42.2755495],[-83.7370709,42.2755502],[-83.737071,42.2755506],[-83.73707,42.2755506],[-83.73707,42.2755509],[-83.7370691,42.275551],[-83.7370686,42.2755503],[-83.7370682,42.2755503],[-83.7370682,42.2755496],[-83.7370686,42.2755496],[-83.7370686,42.2755493],[-83.7370695,42.2755492],[-83.7370704,42.2755482],[-83.7370713,42.2755482],[-83.7370714,42.2755489],[-83.7370723,42.2755492],[-83.7370723,42.2755495]],[[-83.7370759,42.2755478],[-83.737075,42.2755478],[-83.7370741,42.2755488],[-83.7370727,42.2755488],[-83.7370723,42.2755482],[-83.7370718,42.2755482],[-83.7370718,42.2755475],[-83.7370727,42.2755475],[-83.7370736,42.2755464],[-83.7370745,42.2755464],[-83.7370745,42.2755461],[-83.737075,42.2755461],[-83.737075,42.2755468],[-83.7370759,42.2755471],[-83.7370759,42.2755478]],[[-83.737151,42.2755445],[-83.7371492,42.2755462],[-83.7371488,42.2755476],[-83.7371479,42.2755479],[-83.7371479,42.2755486],[-83.7371465,42.275549],[-83.7371437,42.2755476],[-83.7371326,42.2755454],[-83.7371261,42.2755449],[-83.7371151,42.2755451],[-83.7371149,42.2755389],[-83.7371241,42.2755388],[-83.7371333,42.2755396],[-83.7371454,42.2755422],[-83.7371473,42.2755432],[-83.7371505,42.2755438],[-83.737151,42.2755445]],[[-83.7370796,42.275546],[-83.7370791,42.275546],[-83.7370791,42.2755463],[-83.7370782,42.2755464],[-83.7370782,42.2755467],[-83.7370773,42.2755467],[-83.7370773,42.2755471],[-83.7370764,42.2755471],[-83.7370759,42.2755454],[-83.7370768,42.2755454],[-83.7370772,42.2755447],[-83.7370782,42.2755447],[-83.7370781,42.2755443],[-83.7370791,42.2755443],[-83.7370796,42.275546]],[[-83.7371514,42.2755431],[-83.7371514,42.2755434],[-83.737151,42.2755434],[-83.737151,42.2755431],[-83.7371514,42.2755431]],[[-83.7370837,42.2755442],[-83.7370832,42.2755442],[-83.7370832,42.2755446],[-83.7370823,42.2755446],[-83.7370823,42.2755449],[-83.7370814,42.2755449],[-83.7370814,42.2755453],[-83.7370805,42.2755453],[-83.7370795,42.275544],[-83.73708,42.2755439],[-83.73708,42.2755436],[-83.7370809,42.2755436],[-83.7370809,42.2755432],[-83.7370818,42.2755432],[-83.7370818,42.2755429],[-83.7370832,42.2755429],[-83.7370837,42.2755442]],[[-83.73715,42.2755431],[-83.7371496,42.2755431],[-83.7371496,42.2755428],[-83.7371486,42.2755428],[-83.7371486,42.2755424],[-83.7371477,42.2755425],[-83.7371477,42.2755421],[-83.7371468,42.2755421],[-83.7371468,42.2755415],[-83.7371472,42.2755414],[-83.7371472,42.2755418],[-83.7371482,42.2755418],[-83.7371482,42.2755421],[-83.7371491,42.2755421],[-83.7371491,42.2755424],[-83.73715,42.2755424],[-83.73715,42.2755431]],[[-83.7371458,42.2755418],[-83.7371454,42.2755418],[-83.7371454,42.2755415],[-83.737144,42.2755415],[-83.737144,42.2755412],[-83.7371431,42.2755412],[-83.7371431,42.2755408],[-83.7371421,42.2755408],[-83.7371421,42.2755405],[-83.737143,42.2755402],[-83.737143,42.2755405],[-83.737144,42.2755405],[-83.737144,42.2755408],[-83.7371449,42.2755408],[-83.7371449,42.2755411],[-83.7371458,42.2755411],[-83.7371458,42.2755418]],[[-83.7370878,42.2755428],[-83.7370873,42.2755428],[-83.7370873,42.2755431],[-83.7370864,42.2755432],[-83.7370864,42.2755435],[-83.737085,42.2755435],[-83.737085,42.2755439],[-83.7370846,42.2755439],[-83.7370836,42.2755422],[-83.7370845,42.2755422],[-83.7370845,42.2755418],[-83.7370854,42.2755418],[-83.7370854,42.2755415],[-83.7370868,42.2755414],[-83.7370868,42.2755411],[-83.7370873,42.2755411],[-83.7370878,42.2755428]],[[-83.7370924,42.2755417],[-83.737091,42.2755417],[-83.737091,42.2755421],[-83.7370887,42.2755424],[-83.7370877,42.2755407],[-83.7370891,42.2755407],[-83.7370891,42.2755404],[-83.73709,42.2755404],[-83.73709,42.27554],[-83.7370914,42.27554],[-83.7370924,42.2755417]],[[-83.7371417,42.2755405],[-83.7371384,42.2755402],[-83.7371384,42.2755399],[-83.7371379,42.2755399],[-83.7371379,42.2755392],[-83.7371393,42.2755392],[-83.7371393,42.2755395],[-83.7371416,42.2755398],[-83.7371417,42.2755405]],[[-83.7370965,42.2755406],[-83.7370951,42.2755406],[-83.7370951,42.275541],[-83.7370928,42.2755413],[-83.7370923,42.2755396],[-83.7370928,42.2755396],[-83.7370927,42.2755393],[-83.7370946,42.2755393],[-83.7370946,42.2755389],[-83.737096,42.2755389],[-83.7370965,42.2755406]],[[-83.737137,42.2755396],[-83.7371333,42.2755393],[-83.7371333,42.2755383],[-83.7371365,42.2755386],[-83.7371365,42.2755389],[-83.737137,42.2755389],[-83.737137,42.2755396]],[[-83.7371011,42.2755398],[-83.7370988,42.2755399],[-83.7370988,42.2755402],[-83.7370974,42.2755402],[-83.7370974,42.2755399],[-83.7370969,42.2755399],[-83.7370969,42.2755385],[-83.7371001,42.2755381],[-83.7371001,42.2755378],[-83.7371005,42.2755378],[-83.7371006,42.2755395],[-83.737101,42.2755395],[-83.7371011,42.2755398]],[[-83.7371144,42.2755389],[-83.7371146,42.2755451],[-83.7371132,42.2755451],[-83.737113,42.275539],[-83.7371144,42.2755389]],[[-83.7371328,42.2755383],[-83.7371324,42.2755383],[-83.7371324,42.275539],[-83.7371305,42.275539],[-83.7371305,42.2755387],[-83.7371287,42.2755387],[-83.7371287,42.275538],[-83.7371291,42.275538],[-83.7371291,42.2755377],[-83.7371314,42.2755376],[-83.7371314,42.275538],[-83.7371328,42.2755379],[-83.7371328,42.2755383]],[[-83.7371282,42.275538],[-83.7371277,42.275538],[-83.7371278,42.2755387],[-83.7371273,42.2755387],[-83.7371273,42.2755384],[-83.7371241,42.2755384],[-83.737124,42.2755377],[-83.7371245,42.2755377],[-83.7371245,42.2755371],[-83.7371268,42.275537],[-83.7371268,42.2755374],[-83.7371282,42.2755373],[-83.7371282,42.275538]],[[-83.7371236,42.2755381],[-83.7371231,42.2755381],[-83.7371231,42.2755384],[-83.7371218,42.2755385],[-83.7371218,42.2755381],[-83.7371195,42.2755382],[-83.7371194,42.2755375],[-83.7371199,42.2755375],[-83.7371199,42.2755368],[-83.7371236,42.2755367],[-83.7371236,42.2755381]],[[-83.7371052,42.2755391],[-83.7371038,42.2755391],[-83.7371038,42.2755394],[-83.7371015,42.2755395],[-83.7371015,42.2755381],[-83.737101,42.2755381],[-83.737101,42.2755378],[-83.7371051,42.2755374],[-83.7371052,42.2755391]],[[-83.737119,42.2755382],[-83.7371153,42.2755382],[-83.7371153,42.2755365],[-83.737118,42.2755365],[-83.737118,42.2755368],[-83.7371189,42.2755368],[-83.737119,42.2755382]],[[-83.7371144,42.2755382],[-83.7371139,42.2755383],[-83.7371139,42.2755386],[-83.7371107,42.2755387],[-83.7371107,42.2755373],[-83.7371102,42.2755373],[-83.7371102,42.275537],[-83.7371111,42.2755369],[-83.7371111,42.2755366],[-83.7371143,42.2755365],[-83.7371144,42.2755382]],[[-83.7371098,42.2755387],[-83.7371075,42.2755387],[-83.7371075,42.275539],[-83.7371061,42.2755391],[-83.7371061,42.2755377],[-83.7371056,42.2755377],[-83.7371056,42.275537],[-83.7371097,42.275537],[-83.7371098,42.2755387]]],[[[-83.7372932,42.2754912],[-83.7372922,42.2754878],[-83.7372913,42.2754885],[-83.7372889,42.2754848],[-83.7372865,42.2754828],[-83.7372855,42.2754808],[-83.7372846,42.2754804],[-83.7372836,42.2754784],[-83.7372827,42.2754784],[-83.7372791,42.2754805],[-83.7372772,42.2754809],[-83.7372768,42.2754816],[-83.7372759,42.2754816],[-83.7372754,42.2754823],[-83.7372736,42.2754827],[-83.7372731,42.2754834],[-83.7372713,42.2754837],[-83.7372695,42.2754851],[-83.7372677,42.2754855],[-83.7372659,42.2754869],[-83.737264,42.2754873],[-83.7372622,42.2754887],[-83.7372581,42.2754901],[-83.7372563,42.2754915],[-83.7372545,42.2754919],[-83.7372527,42.2754933],[-83.7372459,42.2754958],[-83.7372372,42.2754976],[-83.7372321,42.275498],[-83.737221,42.2754972],[-83.7372075,42.2754937],[-83.7372047,42.275492],[-83.7372029,42.2754917],[-83.7372024,42.275491],[-83.7372005,42.2754907],[-83.7372,42.2754901],[-83.7371982,42.2754897],[-83.7371977,42.2754891],[-83.7371958,42.2754888],[-83.7371954,42.2754881],[-83.7371935,42.2754878],[-83.737193,42.2754871],[-83.7371912,42.2754868],[-83.7371893,42.2754855],[-83.7371804,42.2754822],[-83.7371799,42.2754815],[-83.7371781,42.2754812],[-83.7371776,42.2754805],[-83.7371758,42.2754802],[-83.7371739,42.2754789],[-83.737165,42.2754756],[-83.7371645,42.275475],[-83.7371627,42.2754747],[-83.7371622,42.275474],[-83.7371603,42.2754737],[-83.7371585,42.2754723],[-83.7371566,42.275472],[-83.7371566,42.2754707],[-83.7371556,42.2754707],[-83.7371557,42.2754714],[-83.7371543,42.2754714],[-83.7371508,42.2754769],[-83.7371494,42.2754773],[-83.7371489,42.2754766],[-83.7371433,42.2754746],[-83.7371405,42.2754743],[-83.7371382,42.2754734],[-83.7371345,42.2754731],[-83.7371331,42.2754724],[-83.7371266,42.2754722],[-83.7371271,42.2754712],[-83.7371261,42.2754712],[-83.7371262,42.2754719],[-83.7371234,42.2754712],[-83.7371234,42.2754719],[-83.737122,42.2754719],[-83.737122,42.2754712],[-83.7371211,42.2754713],[-83.7371211,42.2754719],[-83.7371197,42.275472],[-83.7371197,42.2754713],[-83.7371188,42.2754713],[-83.7371188,42.275472],[-83.7371174,42.275472],[-83.7371174,42.2754713],[-83.737116,42.2754713],[-83.7371165,42.2754724],[-83.73711,42.2754728],[-83.7371069,42.2754739],[-83.737105,42.2754739],[-83.7371014,42.2754753],[-83.7371,42.2754754],[-83.7370936,42.2754782],[-83.7370922,42.2754782],[-83.7370909,42.2754793],[-83.7370881,42.27548],[-83.7370877,42.2754807],[-83.737085,42.2754814],[-83.7370845,42.2754821],[-83.7370827,42.2754825],[-83.7370822,42.2754832],[-83.737074,42.2754864],[-83.7370736,42.2754871],[-83.7370654,42.2754903],[-83.737065,42.275491],[-83.7370622,42.2754917],[-83.7370618,42.2754924],[-83.7370599,42.2754917],[-83.73706,42.2754931],[-83.737059,42.2754931],[-83.7370591,42.2754941],[-83.7370605,42.2754951],[-83.7370601,42.2754962],[-83.7370619,42.2754968],[-83.7370682,42.2755053],[-83.7370691,42.2755059],[-83.7370705,42.2755059],[-83.7370723,42.2755045],[-83.7370741,42.2755041],[-83.7370782,42.2755017],[-83.7370814,42.2755006],[-83.7370818,42.2754999],[-83.737085,42.2754988],[-83.7370855,42.2754981],[-83.7370932,42.2754949],[-83.737095,42.2754935],[-83.7370991,42.2754921],[-83.7371009,42.2754907],[-83.7371023,42.2754907],[-83.7371059,42.2754889],[-83.7371169,42.2754867],[-83.7371285,42.2754868],[-83.7371382,42.2754887],[-83.7371471,42.2754916],[-83.7371489,42.275493],[-83.7371578,42.2754962],[-83.7371583,42.2754969],[-83.7371601,42.2754972],[-83.7371606,42.2754979],[-83.7371625,42.2754982],[-83.7371644,42.2754995],[-83.7371732,42.2755028],[-83.7371737,42.2755035],[-83.7371756,42.2755038],[-83.737176,42.2755045],[-83.7371779,42.2755048],[-83.7371798,42.2755061],[-83.7371816,42.2755064],[-83.7371821,42.2755071],[-83.737184,42.2755074],[-83.7371845,42.2755081],[-83.7371863,42.2755084],[-83.7371868,42.275509],[-83.7371886,42.2755094],[-83.7371891,42.27551],[-83.737191,42.2755103],[-83.7371915,42.275511],[-83.7371933,42.2755113],[-83.7371971,42.2755133],[-83.737198,42.2755133],[-83.737198,42.2755126],[-83.7371989,42.2755123],[-83.737202,42.2755074],[-83.7372033,42.2755074],[-83.7372048,42.2755084],[-83.7372061,42.2755084],[-83.7372122,42.2755107],[-83.7372238,42.2755125],[-83.7372381,42.2755123],[-83.7372468,42.2755108],[-83.7372504,42.2755093],[-83.7372532,42.2755089],[-83.7372591,42.2755061],[-83.7372609,42.2755061],[-83.7372637,42.2755043],[-83.7372655,42.275504],[-83.7372659,42.2755033],[-83.7372719,42.2755011],[-83.7372746,42.2754994],[-83.7372805,42.2754972],[-83.7372809,42.2754965],[-83.7372837,42.2754958],[-83.7372864,42.2754941],[-83.7372891,42.2754933],[-83.7372896,42.2754926],[-83.7372914,42.2754919],[-83.7372923,42.2754922],[-83.7372923,42.2754916],[-83.7372932,42.2754912]],[[-83.737201,42.2755078],[-83.737197,42.2755126],[-83.7371966,42.275512],[-83.737191,42.27551],[-83.7371905,42.2755093],[-83.7371816,42.2755061],[-83.7371811,42.2755054],[-83.7371793,42.2755051],[-83.7371774,42.2755037],[-83.7371685,42.2755005],[-83.7371681,42.2754998],[-83.7371662,42.2754995],[-83.7371657,42.2754988],[-83.7371639,42.2754985],[-83.737162,42.2754972],[-83.7371531,42.2754939],[-83.7371526,42.2754932],[-83.7371508,42.2754929],[-83.7371503,42.2754923],[-83.7371485,42.275492],[-83.737148,42.2754913],[-83.7371461,42.275491],[-83.7371456,42.2754903],[-83.737134,42.2754871],[-83.7371243,42.2754859],[-83.7371146,42.2754864],[-83.7371045,42.2754886],[-83.7370991,42.2754907],[-83.7370973,42.2754921],[-83.7370954,42.2754925],[-83.7370936,42.2754939],[-83.7370859,42.2754971],[-83.7370841,42.2754985],[-83.7370823,42.2754989],[-83.7370805,42.2755003],[-83.7370764,42.2755017],[-83.7370759,42.2755024],[-83.7370727,42.2755035],[-83.73707,42.2755052],[-83.7370691,42.2755049],[-83.7370686,42.2755035],[-83.7370676,42.2755032],[-83.7370657,42.2755005],[-83.7370735,42.2754973],[-83.7370739,42.2754966],[-83.7370766,42.2754959],[-83.7370771,42.2754952],[-83.7370798,42.2754945],[-83.7370825,42.2754927],[-83.7370853,42.275492],[-83.7370857,42.2754913],[-83.7370885,42.2754906],[-83.7370912,42.2754888],[-83.7370939,42.2754881],[-83.7370944,42.2754874],[-83.7370971,42.2754867],[-83.7371012,42.2754842],[-83.7371026,42.2754842],[-83.7371053,42.2754828],[-83.7371149,42.2754806],[-83.737125,42.2754801],[-83.7371348,42.2754813],[-83.7371441,42.2754842],[-83.7371469,42.2754858],[-83.7371487,42.2754861],[-83.7371492,42.2754868],[-83.7371585,42.2754901],[-83.7371614,42.2754917],[-83.7371674,42.2754937],[-83.7371702,42.2754953],[-83.7371796,42.2754986],[-83.7371824,42.2755002],[-83.7371917,42.2755035],[-83.7371945,42.2755052],[-83.7371973,42.2755058],[-83.7371978,42.2755065],[-83.7372006,42.2755071],[-83.737201,42.2755078]],[[-83.7372586,42.2755058],[-83.7372468,42.2755101],[-83.7372385,42.2755116],[-83.7372279,42.2755121],[-83.7372205,42.2755115],[-83.7372136,42.2755103],[-83.7372126,42.2755096],[-83.7372099,42.2755093],[-83.7372043,42.2755074],[-83.7372038,42.2755067],[-83.7372029,42.2755067],[-83.7372028,42.275506],[-83.7372038,42.2755057],[-83.7372059,42.2755019],[-83.7372148,42.2755052],[-83.737225,42.2755067],[-83.737237,42.2755065],[-83.737242,42.2755057],[-83.7372489,42.2755039],[-83.7372553,42.2755014],[-83.7372572,42.2755041],[-83.7372581,42.2755044],[-83.7372586,42.2755058]],[[-83.7372614,42.2755051],[-83.7372595,42.2755054],[-83.7372557,42.2755004],[-83.7372438,42.2755047],[-83.7372374,42.2755058],[-83.7372291,42.2755063],[-83.7372213,42.2755057],[-83.737218,42.2755048],[-83.7372162,42.2755048],[-83.7372055,42.2755012],[-83.7372024,42.2755061],[-83.737201,42.2755064],[-83.737201,42.2755057],[-83.7372019,42.2755054],[-83.7372028,42.2755033],[-83.7372037,42.275503],[-83.7372054,42.2755002],[-83.7372129,42.2755031],[-83.7372217,42.275505],[-83.7372365,42.2755051],[-83.7372475,42.2755029],[-83.7372566,42.275499],[-83.7372576,42.275501],[-83.7372585,42.2755014],[-83.7372595,42.2755034],[-83.7372614,42.2755051]],[[-83.7372836,42.2754944],[-83.7372809,42.2754952],[-83.7372805,42.2754959],[-83.7372722,42.2754991],[-83.7372718,42.2754998],[-83.7372636,42.275503],[-83.7372623,42.275504],[-83.7372609,42.2755037],[-83.7372584,42.2755],[-83.7372575,42.2754997],[-83.7372575,42.275499],[-83.7372593,42.2754979],[-83.737262,42.2754972],[-83.7372625,42.2754965],[-83.7372652,42.2754958],[-83.7372657,42.2754951],[-83.7372675,42.2754947],[-83.7372679,42.275494],[-83.7372707,42.2754933],[-83.7372711,42.2754926],[-83.7372739,42.2754919],[-83.7372743,42.2754912],[-83.7372761,42.2754908],[-83.7372766,42.2754901],[-83.7372793,42.2754891],[-83.7372836,42.2754944]],[[-83.7372036,42.2755006],[-83.7372022,42.2755016],[-83.7372005,42.2755047],[-83.7371991,42.2755051],[-83.7371977,42.2755041],[-83.7371949,42.2755034],[-83.7371944,42.2755028],[-83.7371917,42.2755021],[-83.7371912,42.2755015],[-83.7371893,42.2755012],[-83.7371888,42.2755005],[-83.737186,42.2754998],[-83.7371856,42.2754992],[-83.7371828,42.2754985],[-83.7371823,42.2754979],[-83.7371795,42.2754972],[-83.7371786,42.2754962],[-83.7371803,42.2754945],[-83.7371808,42.2754931],[-83.7371817,42.2754928],[-83.7371821,42.2754914],[-83.737183,42.2754914],[-83.7371868,42.2754934],[-83.7371896,42.275494],[-83.73719,42.2754947],[-83.7372017,42.2754989],[-83.7372036,42.2754999],[-83.7372036,42.2755006]],[[-83.7372865,42.2754842],[-83.7372479,42.2755015],[-83.7372465,42.2755016],[-83.7372429,42.275503],[-83.737236,42.2755041],[-83.7372254,42.2755043],[-83.737217,42.2755031],[-83.7372161,42.2755024],[-83.7372133,42.2755021],[-83.7372096,42.2755008],[-83.7372068,42.2754992],[-83.7372049,42.2754988],[-83.7372044,42.2754982],[-83.7372017,42.2754975],[-83.7372012,42.2754969],[-83.737196,42.2754952],[-83.7371956,42.2754946],[-83.7371872,42.2754916],[-83.7371867,42.275491],[-83.7371774,42.2754877],[-83.7371746,42.2754861],[-83.7371652,42.2754828],[-83.7371624,42.2754811],[-83.7371596,42.2754805],[-83.7371591,42.2754798],[-83.7371564,42.2754792],[-83.7371535,42.2754775],[-83.7371517,42.2754772],[-83.7371517,42.2754765],[-83.737153,42.2754745],[-83.7371539,42.2754741],[-83.7371548,42.2754721],[-83.7371557,42.275472],[-83.7371594,42.275474],[-83.7371613,42.2754743],[-83.7371618,42.275475],[-83.7371627,42.275475],[-83.7371632,42.2754757],[-83.737165,42.275476],[-83.7371655,42.2754767],[-83.7371674,42.275477],[-83.7371678,42.2754776],[-83.7371697,42.2754779],[-83.7371702,42.2754786],[-83.737172,42.2754789],[-83.7371725,42.2754796],[-83.7371744,42.2754799],[-83.7371762,42.2754812],[-83.7371851,42.2754845],[-83.7371856,42.2754852],[-83.7371874,42.2754855],[-83.7371879,42.2754862],[-83.7371898,42.2754865],[-83.7371917,42.2754878],[-83.7372005,42.2754911],[-83.737201,42.2754917],[-83.7372029,42.2754921],[-83.7372033,42.2754927],[-83.7372052,42.275493],[-83.7372057,42.2754937],[-83.7372122,42.275496],[-83.7372261,42.2754985],[-83.7372363,42.2754983],[-83.7372473,42.2754961],[-83.7372509,42.2754943],[-83.7372523,42.2754943],[-83.7372541,42.2754929],[-83.7372559,42.2754925],[-83.7372577,42.2754911],[-83.7372618,42.2754897],[-83.7372636,42.2754883],[-83.7372654,42.2754879],[-83.7372673,42.2754865],[-83.7372714,42.2754851],[-83.7372732,42.2754837],[-83.737275,42.2754833],[-83.7372754,42.2754826],[-83.7372786,42.2754816],[-83.7372822,42.2754795],[-83.7372836,42.2754798],[-83.7372865,42.2754842]],[[-83.7372923,42.2754909],[-83.7372905,42.2754916],[-83.7372904,42.2754892],[-83.7372899,42.2754892],[-83.7372899,42.2754885],[-83.7372894,42.2754885],[-83.7372894,42.2754882],[-83.7372885,42.2754882],[-83.7372885,42.2754879],[-83.7372848,42.2754879],[-83.7372839,42.275489],[-83.7372835,42.275489],[-83.7372835,42.2754897],[-83.737283,42.2754897],[-83.7372831,42.2754914],[-83.7372835,42.2754914],[-83.7372836,42.2754921],[-83.737284,42.275492],[-83.737284,42.2754927],[-83.7372859,42.275493],[-83.7372864,42.2754937],[-83.7372845,42.2754941],[-83.7372845,42.2754937],[-83.7372841,42.2754938],[-83.7372841,42.2754931],[-83.7372836,42.2754931],[-83.7372836,42.2754924],[-83.7372826,42.2754921],[-83.7372826,42.2754914],[-83.7372822,42.2754914],[-83.7372821,42.2754907],[-83.7372817,42.2754907],[-83.7372817,42.27549],[-83.7372807,42.2754897],[-83.7372807,42.275489],[-83.7372802,42.275489],[-83.7372802,42.275488],[-83.737282,42.2754876],[-83.7372825,42.275487],[-83.7372843,42.2754866],[-83.7372843,42.2754862],[-83.7372852,42.2754862],[-83.7372857,42.2754855],[-83.7372866,42.2754855],[-83.7372866,42.2754852],[-83.737288,42.2754852],[-83.737288,42.2754858],[-83.7372889,42.2754862],[-83.7372894,42.2754875],[-83.7372899,42.2754875],[-83.7372899,42.2754882],[-83.7372908,42.2754885],[-83.7372908,42.2754892],[-83.7372913,42.2754892],[-83.7372913,42.2754899],[-83.7372918,42.2754899],[-83.7372918,42.2754906],[-83.7372923,42.2754905],[-83.7372923,42.2754909]],[[-83.7371781,42.2754952],[-83.7371772,42.2754956],[-83.7371772,42.2754962],[-83.7371763,42.2754963],[-83.7371762,42.2754959],[-83.7371753,42.2754959],[-83.7371753,42.2754956],[-83.7371744,42.2754956],[-83.7371744,42.2754953],[-83.7371735,42.2754953],[-83.737173,42.2754946],[-83.7371711,42.2754943],[-83.7371711,42.275494],[-83.7371716,42.2754939],[-83.7371715,42.2754933],[-83.737172,42.2754933],[-83.737172,42.2754929],[-83.7371725,42.2754929],[-83.7371725,42.2754933],[-83.7371729,42.2754932],[-83.737173,42.2754939],[-83.7371734,42.2754939],[-83.7371734,42.2754946],[-83.7371753,42.2754949],[-83.7371753,42.2754953],[-83.7371771,42.2754952],[-83.7371771,42.2754949],[-83.7371781,42.2754949],[-83.7371781,42.2754952]],[[-83.737072,42.2754963],[-83.7370711,42.2754967],[-83.7370711,42.275497],[-83.7370702,42.275497],[-83.7370702,42.2754974],[-83.7370693,42.2754974],[-83.7370689,42.2754981],[-83.737067,42.2754984],[-83.737067,42.2754988],[-83.7370661,42.2754988],[-83.7370657,42.2754995],[-83.7370648,42.2754995],[-83.7370648,42.2754992],[-83.7370643,42.2754992],[-83.7370643,42.2754985],[-83.7370638,42.2754985],[-83.7370638,42.2754978],[-83.7370633,42.2754978],[-83.7370633,42.2754971],[-83.7370624,42.2754968],[-83.7370624,42.2754961],[-83.7370619,42.2754961],[-83.7370619,42.2754955],[-83.7370609,42.2754951],[-83.7370609,42.2754938],[-83.7370604,42.2754938],[-83.7370604,42.2754934],[-83.7370622,42.2754927],[-83.7370619,42.2754951],[-83.7370623,42.2754951],[-83.7370623,42.2754958],[-83.7370637,42.2754965],[-83.7370638,42.2754968],[-83.7370647,42.2754968],[-83.7370647,42.2754971],[-83.737067,42.2754971],[-83.737067,42.2754967],[-83.7370679,42.2754967],[-83.7370688,42.2754957],[-83.7370693,42.2754957],[-83.7370692,42.2754933],[-83.7370696,42.2754933],[-83.7370697,42.275494],[-83.7370701,42.275494],[-83.7370701,42.2754943],[-83.7370706,42.2754943],[-83.7370711,42.2754956],[-83.737072,42.275496],[-83.737072,42.2754963]],[[-83.7371789,42.2754925],[-83.7371784,42.2754925],[-83.7371785,42.2754935],[-83.737178,42.2754935],[-83.737178,42.2754938],[-83.7371771,42.2754939],[-83.7371771,42.2754942],[-83.7371753,42.2754942],[-83.7371743,42.2754932],[-83.7371739,42.2754932],[-83.7371738,42.2754919],[-83.7371743,42.2754919],[-83.7371743,42.2754912],[-83.7371747,42.2754912],[-83.7371747,42.2754908],[-83.7371765,42.2754905],[-83.7371765,42.2754908],[-83.7371775,42.2754908],[-83.7371779,42.2754915],[-83.7371784,42.2754914],[-83.7371784,42.2754921],[-83.7371789,42.2754921],[-83.7371789,42.2754925]],[[-83.7370683,42.2754947],[-83.7370678,42.2754947],[-83.7370679,42.2754954],[-83.7370674,42.2754954],[-83.7370674,42.2754957],[-83.7370665,42.2754957],[-83.7370665,42.2754961],[-83.7370647,42.2754961],[-83.7370642,42.2754954],[-83.7370637,42.2754954],[-83.7370637,42.2754947],[-83.7370632,42.2754948],[-83.7370632,42.2754937],[-83.7370637,42.2754937],[-83.7370636,42.275493],[-83.7370641,42.275493],[-83.7370641,42.2754927],[-83.7370655,42.2754927],[-83.7370655,42.2754923],[-83.7370659,42.2754923],[-83.7370659,42.2754927],[-83.7370669,42.2754926],[-83.7370673,42.2754933],[-83.7370678,42.2754933],[-83.7370683,42.2754947]],[[-83.7372891,42.2754913],[-83.7372886,42.2754913],[-83.7372886,42.275492],[-83.7372877,42.275492],[-83.7372877,42.2754923],[-83.7372859,42.2754924],[-83.7372849,42.2754914],[-83.7372845,42.2754914],[-83.7372844,42.27549],[-83.7372849,42.27549],[-83.7372849,42.2754893],[-83.7372853,42.2754893],[-83.7372853,42.275489],[-83.7372862,42.2754889],[-83.7372862,42.2754886],[-83.7372881,42.2754889],[-83.7372886,42.2754896],[-83.737289,42.2754896],[-83.7372891,42.2754913]],[[-83.7370692,42.2754926],[-83.7370687,42.2754926],[-83.7370687,42.275493],[-83.7370692,42.275493],[-83.7370692,42.2754926]],[[-83.7371812,42.2754911],[-83.7371803,42.2754914],[-83.7371803,42.2754921],[-83.7371798,42.2754921],[-83.7371798,42.2754911],[-83.7371793,42.2754911],[-83.7371793,42.2754904],[-83.7371788,42.2754904],[-83.7371788,42.2754901],[-83.7371779,42.2754901],[-83.7371779,42.2754897],[-83.7371747,42.2754898],[-83.7371751,42.2754884],[-83.737176,42.2754881],[-83.737176,42.2754884],[-83.7371769,42.2754884],[-83.7371769,42.2754887],[-83.7371779,42.2754887],[-83.7371783,42.2754894],[-83.7371802,42.2754897],[-83.7371807,42.2754904],[-83.7371811,42.2754904],[-83.7371812,42.2754911]],[[-83.7370687,42.2754923],[-83.7370682,42.2754923],[-83.7370682,42.2754919],[-83.7370673,42.275492],[-83.7370673,42.2754916],[-83.737065,42.2754917],[-83.737065,42.2754913],[-83.7370659,42.2754913],[-83.7370659,42.275491],[-83.7370668,42.2754909],[-83.7370668,42.2754906],[-83.7370673,42.2754906],[-83.7370673,42.2754909],[-83.7370677,42.2754909],[-83.7370677,42.2754916],[-83.7370687,42.2754919],[-83.7370687,42.2754923]],[[-83.7370948,42.2754857],[-83.7370893,42.2754878],[-83.7370889,42.2754885],[-83.7370861,42.2754893],[-83.7370857,42.2754899],[-83.7370829,42.2754907],[-83.7370802,42.2754924],[-83.7370775,42.2754932],[-83.737077,42.2754938],[-83.7370743,42.2754946],[-83.7370739,42.2754953],[-83.7370725,42.2754949],[-83.7370724,42.2754943],[-83.7370715,42.2754939],[-83.737071,42.2754926],[-83.7370691,42.2754909],[-83.73707,42.2754895],[-83.7370727,42.2754888],[-83.7370754,42.275487],[-83.7370836,42.2754838],[-83.7370841,42.2754831],[-83.73709,42.275481],[-83.7370905,42.2754803],[-83.7370923,42.2754816],[-83.7370933,42.2754837],[-83.7370943,42.275484],[-83.7370948,42.2754857]],[[-83.7371742,42.2754881],[-83.7371728,42.2754892],[-83.7371719,42.2754912],[-83.737171,42.2754916],[-83.7371706,42.2754929],[-83.7371692,42.275493],[-83.7371669,42.2754916],[-83.7371641,42.275491],[-83.7371636,42.2754903],[-83.7371618,42.27549],[-83.7371613,42.2754893],[-83.7371585,42.2754887],[-83.737158,42.275488],[-83.7371552,42.2754874],[-83.7371547,42.2754867],[-83.737152,42.2754861],[-83.7371515,42.2754854],[-83.7371487,42.2754848],[-83.7371487,42.2754841],[-83.7371496,42.2754837],[-83.7371518,42.27548],[-83.7371531,42.2754792],[-83.737156,42.2754809],[-83.7371587,42.2754815],[-83.7371592,42.2754822],[-83.737162,42.2754829],[-83.7371625,42.2754835],[-83.7371653,42.2754842],[-83.7371658,42.2754848],[-83.7371676,42.2754851],[-83.7371681,42.2754858],[-83.7371709,42.2754865],[-83.7371714,42.2754871],[-83.7371742,42.2754881]],[[-83.7371513,42.2754789],[-83.7371499,42.27548],[-83.7371491,42.275482],[-83.7371482,42.2754824],[-83.7371473,42.2754845],[-83.7371403,42.2754815],[-83.7371389,42.2754815],[-83.7371352,42.2754802],[-83.7371255,42.275479],[-83.7371181,42.2754792],[-83.7371117,42.2754799],[-83.7371103,42.2754807],[-83.7371043,42.2754818],[-83.7370966,42.2754853],[-83.7370961,42.275484],[-83.7370952,42.2754836],[-83.7370947,42.2754823],[-83.7370937,42.275482],[-83.7370918,42.2754793],[-83.7370932,42.2754792],[-83.7370966,42.275484],[-83.7370979,42.2754839],[-83.7371066,42.2754804],[-83.7371135,42.2754789],[-83.7371268,42.2754783],[-83.7371356,42.2754795],[-83.7371366,42.2754802],[-83.7371393,42.2754805],[-83.7371449,42.2754825],[-83.7371454,42.2754831],[-83.7371473,42.2754831],[-83.7371503,42.2754783],[-83.7371513,42.2754783],[-83.7371513,42.2754789]],[[-83.7371494,42.2754786],[-83.7371481,42.2754797],[-83.7371472,42.2754817],[-83.7371459,42.2754824],[-83.7371407,42.2754801],[-83.7371319,42.2754782],[-83.7371254,42.2754777],[-83.737118,42.2754778],[-83.7371079,42.2754793],[-83.737097,42.2754833],[-83.7370965,42.2754819],[-83.7370956,42.2754816],[-83.7370936,42.2754789],[-83.7371,42.2754761],[-83.7371101,42.2754735],[-83.7371156,42.2754727],[-83.7371276,42.2754725],[-83.737135,42.2754734],[-83.7371419,42.275475],[-83.7371494,42.2754776],[-83.7371494,42.2754786]]],[[[-83.7372314,42.2756823],[-83.7372303,42.2756789],[-83.7372284,42.2756765],[-83.7372228,42.2756739],[-83.737226,42.2756732],[-83.7372291,42.2756707],[-83.7372305,42.2756683],[-83.7372308,42.2756656],[-83.7372198,42.2756658],[-83.7372196,42.2756617],[-83.737163,42.2756626],[-83.7371632,42.2756719],[-83.7371614,42.2756719],[-83.7371567,42.2756703],[-83.7371544,42.2756682],[-83.7371529,42.2756655],[-83.7371528,42.2756628],[-83.7371372,42.2756631],[-83.7371374,42.2756723],[-83.7371356,42.2756723],[-83.7371314,42.275671],[-83.737129,42.2756694],[-83.7371271,42.2756663],[-83.737127,42.2756633],[-83.7371063,42.2756636],[-83.7371063,42.2756643],[-83.7371072,42.2756643],[-83.7371079,42.2756871],[-83.7370674,42.2756878],[-83.7370691,42.2757427],[-83.7370815,42.2757425],[-83.7370819,42.2757565],[-83.7370695,42.2757567],[-83.7370701,42.2757615],[-83.7370973,42.2757607],[-83.7370975,42.2757682],[-83.7371007,42.2757681],[-83.7371039,42.275767],[-83.7371071,42.2757646],[-83.7371084,42.2757622],[-83.7371084,42.2757605],[-83.7371171,42.2757603],[-83.7371175,42.2757596],[-83.7371277,42.2757595],[-83.7371277,42.2757584],[-83.7371327,42.2757583],[-83.7371327,42.2757577],[-83.7371189,42.2757576],[-83.7371188,42.2757569],[-83.7371493,42.2757564],[-83.7371487,42.275739],[-83.7371506,42.2757389],[-83.7371511,42.2757563],[-83.7371824,42.2757558],[-83.7371825,42.2757565],[-83.7371673,42.2757571],[-83.7371673,42.2757578],[-83.7371728,42.2757577],[-83.7371729,42.2757587],[-83.7371835,42.2757585],[-83.7371835,42.2757592],[-83.7371885,42.2757591],[-83.7371879,42.2757369],[-83.737222,42.2757364],[-83.7372218,42.2757299],[-83.7372075,42.2757301],[-83.7372074,42.2757284],[-83.7372092,42.2757253],[-83.7372123,42.2757229],[-83.7372169,42.2757214],[-83.7372215,42.2757214],[-83.737221,42.275704],[-83.7372163,42.275704],[-83.7372117,42.2757028],[-83.7372084,42.2757004],[-83.7372065,42.2756974],[-83.7372064,42.2756957],[-83.7372207,42.2756954],[-83.7372203,42.2756828],[-83.7372314,42.2756823]],[[-83.7371138,42.275759],[-83.7371139,42.2757597],[-83.7371093,42.2757598],[-83.7371092,42.2757591],[-83.7371138,42.275759]],[[-83.7371127,42.2757379],[-83.7370832,42.2757384],[-83.7370839,42.2757595],[-83.7370963,42.2757593],[-83.7370963,42.27576],[-83.7370705,42.2757604],[-83.7370704,42.2757574],[-83.7370829,42.2757571],[-83.7370823,42.2757384],[-83.7370768,42.2757385],[-83.7370768,42.2757378],[-83.7371118,42.2757372],[-83.7371104,42.2756925],[-83.7371113,42.2756925],[-83.7371127,42.2757379]],[[-83.7371134,42.2757583],[-83.7371074,42.2757584],[-83.7371075,42.2757622],[-83.7371062,42.2757643],[-83.7371021,42.2757671],[-83.7370984,42.2757675],[-83.7370982,42.2757589],[-83.7371037,42.2757588],[-83.7371037,42.2757578],[-83.7371026,42.2757548],[-83.7371012,42.2757527],[-83.7370998,42.2757521],[-83.7370998,42.2757514],[-83.7370937,42.2757488],[-83.7370969,42.2757477],[-83.7371001,42.2757456],[-83.7371023,42.2757425],[-83.7371031,42.2757387],[-83.7371127,42.2757386],[-83.7371134,42.2757583]],[[-83.7371825,42.2757572],[-83.7371825,42.2757578],[-83.7371742,42.275758],[-83.7371742,42.2757573],[-83.7371825,42.2757572]],[[-83.7371258,42.2757581],[-83.7371258,42.2757588],[-83.7371189,42.2757589],[-83.7371189,42.2757582],[-83.7371258,42.2757581]],[[-83.7371023,42.2757578],[-83.7370884,42.2757581],[-83.7370885,42.2757588],[-83.7370848,42.2757588],[-83.7370842,42.275739],[-83.7370879,42.275739],[-83.7370879,42.2757397],[-83.7370897,42.27574],[-83.7370898,42.2757407],[-83.7370902,42.27574],[-83.7371017,42.2757398],[-83.7371018,42.2757415],[-83.7371005,42.2757439],[-83.7370973,42.2757467],[-83.7370923,42.2757485],[-83.7370891,42.2757485],[-83.7370891,42.2757492],[-83.7370937,42.2757495],[-83.7370965,42.2757504],[-83.7370975,42.2757514],[-83.7370984,42.2757514],[-83.7371012,42.2757541],[-83.7371023,42.2757578]],[[-83.7371792,42.2757545],[-83.7371731,42.2757512],[-83.7371722,42.2757512],[-83.7371731,42.2757525],[-83.7371754,42.2757532],[-83.7371778,42.2757549],[-83.7371557,42.2757552],[-83.7371579,42.2757535],[-83.7371589,42.2757535],[-83.7371625,42.2757514],[-83.7371625,42.2757507],[-83.7371615,42.2757507],[-83.7371543,42.2757549],[-83.7371539,42.2757426],[-83.7371595,42.2757456],[-83.7371605,42.2757456],[-83.7371609,42.2757463],[-83.7371623,42.2757462],[-83.7371614,42.2757452],[-83.737159,42.2757446],[-83.7371553,42.2757423],[-83.7371774,42.2757419],[-83.7371752,42.2757436],[-83.7371729,42.2757444],[-83.737172,42.2757454],[-83.7371711,42.2757454],[-83.7371711,42.2757461],[-83.737172,42.2757461],[-83.7371788,42.2757422],[-83.7371792,42.2757545]],[[-83.737146,42.2757551],[-83.737139,42.2757514],[-83.7371381,42.2757518],[-83.7371385,42.2757525],[-83.7371409,42.2757531],[-83.7371446,42.2757554],[-83.7371225,42.2757558],[-83.7371266,42.275753],[-83.7371288,42.2757523],[-83.7371288,42.2757516],[-83.7371274,42.2757516],[-83.7371234,42.2757544],[-83.7371211,42.2757551],[-83.7371207,42.2757432],[-83.7371282,42.2757472],[-83.7371291,42.2757472],[-83.7371287,42.2757461],[-83.7371245,42.2757445],[-83.7371221,42.2757428],[-83.7371442,42.2757425],[-83.7371411,42.2757446],[-83.7371401,42.2757446],[-83.7371392,42.2757456],[-83.737137,42.2757463],[-83.7371365,42.2757474],[-83.7371375,42.2757474],[-83.7371456,42.2757428],[-83.737146,42.2757551]],[[-83.7371174,42.2757555],[-83.7371175,42.2757586],[-83.7371152,42.2757586],[-83.7371151,42.2757556],[-83.7371174,42.2757555]],[[-83.737186,42.275753],[-83.7371862,42.2757574],[-83.7371839,42.2757575],[-83.7371837,42.2757531],[-83.737186,42.275753]],[[-83.7371856,42.275752],[-83.7371828,42.275752],[-83.7371824,42.2757551],[-83.7371801,42.2757552],[-83.7371799,42.2757487],[-83.7371813,42.2757487],[-83.7371813,42.2757493],[-83.7371822,42.2757493],[-83.7371822,42.2757473],[-83.7371813,42.2757473],[-83.7371813,42.275748],[-83.7371799,42.275748],[-83.7371797,42.2757412],[-83.737153,42.2757416],[-83.7371532,42.2757485],[-83.7371518,42.2757485],[-83.7371515,42.2757389],[-83.7371824,42.2757387],[-83.7371825,42.2757415],[-83.7371852,42.2757414],[-83.7371856,42.275752]],[[-83.7371481,42.2757485],[-83.7371467,42.2757486],[-83.7371465,42.2757417],[-83.7371198,42.2757422],[-83.73712,42.275749],[-83.7371186,42.275749],[-83.7371186,42.2757484],[-83.7371177,42.2757484],[-83.7371177,42.2757504],[-83.7371186,42.2757504],[-83.7371186,42.2757497],[-83.73712,42.2757497],[-83.7371202,42.2757562],[-83.7371188,42.2757562],[-83.7371183,42.2757545],[-83.737116,42.2757545],[-83.7371156,42.2757416],[-83.7371184,42.2757412],[-83.7371183,42.2757395],[-83.7371478,42.275739],[-83.7371481,42.2757485]],[[-83.7371532,42.2757491],[-83.7371534,42.2757556],[-83.737152,42.2757556],[-83.7371518,42.2757492],[-83.7371532,42.2757491]],[[-83.7371481,42.2757492],[-83.7371483,42.2757557],[-83.7371469,42.2757557],[-83.7371467,42.2757492],[-83.7371481,42.2757492]],[[-83.7371874,42.2757523],[-83.7371865,42.275752],[-83.7371861,42.2757414],[-83.7371871,42.2757414],[-83.7371874,42.2757523]],[[-83.7371147,42.2757416],[-83.7371151,42.2757546],[-83.7371142,42.2757546],[-83.7371138,42.2757416],[-83.7371147,42.2757416]],[[-83.7370814,42.2757391],[-83.7370815,42.2757411],[-83.7370769,42.2757412],[-83.7370768,42.2757392],[-83.7370814,42.2757391]],[[-83.7371786,42.2757371],[-83.7371787,42.2757378],[-83.7371183,42.2757388],[-83.7371183,42.2757381],[-83.7371786,42.2757371]],[[-83.7371169,42.2757375],[-83.737117,42.2757405],[-83.7371147,42.2757406],[-83.7371146,42.2757375],[-83.7371169,42.2757375]],[[-83.7370754,42.2757382],[-83.7370755,42.2757412],[-83.7370713,42.2757413],[-83.7370712,42.2757382],[-83.7370754,42.2757382]],[[-83.7371861,42.2757407],[-83.7371834,42.2757408],[-83.7371833,42.275738],[-83.7371796,42.2757381],[-83.7371795,42.2757361],[-83.737186,42.275736],[-83.7371861,42.2757407]],[[-83.737221,42.2757357],[-83.7371869,42.2757363],[-83.7371869,42.2757356],[-83.7372201,42.275735],[-83.7372199,42.2757309],[-83.7372209,42.2757309],[-83.737221,42.2757357]],[[-83.7371786,42.2757357],[-83.7371786,42.2757364],[-83.7371182,42.2757374],[-83.7371182,42.2757368],[-83.7371786,42.2757357]],[[-83.7371108,42.2757355],[-83.7371084,42.2757335],[-83.7371041,42.2757278],[-83.7371032,42.2757275],[-83.7370984,42.2757211],[-83.7370965,42.2757197],[-83.7370931,42.275715],[-83.7370922,42.275715],[-83.7370922,42.275716],[-83.7370932,42.2757164],[-83.7370951,42.2757194],[-83.737097,42.2757207],[-83.7370975,42.2757221],[-83.7370984,42.2757224],[-83.7370989,42.2757238],[-83.7370998,42.2757241],[-83.7371004,42.2757255],[-83.7371013,42.2757258],[-83.7371018,42.2757271],[-83.7371037,42.2757285],[-83.7371042,42.2757298],[-83.7371051,42.2757302],[-83.7371056,42.2757315],[-83.7371065,42.2757318],[-83.737107,42.2757332],[-83.737108,42.2757335],[-83.7371104,42.2757366],[-83.7370726,42.2757372],[-83.7370766,42.2757313],[-83.7370784,42.2757299],[-83.7370801,42.2757268],[-83.737081,42.2757265],[-83.7370814,42.2757251],[-83.7370832,42.2757237],[-83.737085,42.2757206],[-83.7370859,42.2757202],[-83.7370863,42.2757189],[-83.7370894,42.2757158],[-83.7370894,42.2757151],[-83.7370885,42.2757151],[-83.7370716,42.2757365],[-83.7370703,42.2756932],[-83.7370726,42.2756932],[-83.7370735,42.2756938],[-83.7370779,42.2756996],[-83.7370798,42.2757009],[-83.7370817,42.2757039],[-83.7370826,42.2757043],[-83.7370831,42.2757056],[-83.7370841,42.2757059],[-83.7370846,42.2757073],[-83.7370865,42.2757086],[-83.737087,42.27571],[-83.7370884,42.2757113],[-83.7370893,42.2757113],[-83.7370855,42.2757063],[-83.7370845,42.2757059],[-83.737084,42.2757046],[-83.7370831,42.2757043],[-83.7370826,42.2757029],[-83.7370817,42.2757026],[-83.7370812,42.2757012],[-83.7370793,42.2756999],[-83.7370773,42.2756968],[-83.7370764,42.2756965],[-83.7370759,42.2756952],[-83.737074,42.2756938],[-83.737074,42.2756932],[-83.7370754,42.2756928],[-83.7370753,42.2756897],[-83.7371075,42.2756892],[-83.7371076,42.2756912],[-83.7371058,42.2756926],[-83.7371018,42.2756985],[-83.7371009,42.2756988],[-83.7370978,42.2757037],[-83.737096,42.2757051],[-83.737093,42.2757099],[-83.737092,42.2757102],[-83.7370921,42.2757113],[-83.7370943,42.2757095],[-83.7370974,42.2757047],[-83.7370992,42.2757033],[-83.7371023,42.2756985],[-83.7371041,42.2756971],[-83.7371058,42.275694],[-83.7371067,42.2756936],[-83.7371072,42.2756922],[-83.7371095,42.2756926],[-83.7371108,42.2757355]],[[-83.7371924,42.2757345],[-83.7371924,42.2757348],[-83.7371919,42.2757348],[-83.7371919,42.2757345],[-83.7371924,42.2757345]],[[-83.7372187,42.275734],[-83.7371933,42.2757345],[-83.7372053,42.2757339],[-83.7372052,42.2757312],[-83.7372014,42.2757265],[-83.7372004,42.2757265],[-83.7371995,42.2757255],[-83.7371976,42.2757248],[-83.737193,42.2757242],[-83.7371929,42.2757218],[-83.7371832,42.275722],[-83.7371829,42.2757121],[-83.7371811,42.2757111],[-83.7371774,42.2757112],[-83.7371771,42.275703],[-83.7371803,42.275703],[-83.7371803,42.2757019],[-83.7371771,42.275702],[-83.737177,42.2756979],[-83.7371871,42.2756977],[-83.7371871,42.275697],[-83.7371769,42.2756972],[-83.7371768,42.2756928],[-83.7371786,42.2756927],[-83.7371786,42.2756921],[-83.7372173,42.2756914],[-83.7372174,42.2756948],[-83.7372055,42.275695],[-83.737206,42.2756984],[-83.737208,42.2757011],[-83.7372122,42.2757038],[-83.7372178,42.2757047],[-83.7372182,42.2757207],[-83.7372127,42.2757219],[-83.7372087,42.2757247],[-83.7372069,42.2757274],[-83.7372066,42.2757308],[-83.7372186,42.2757306],[-83.7372187,42.275734]],[[-83.7371844,42.2757298],[-83.7371845,42.2757339],[-83.7371818,42.275734],[-83.7371816,42.2757299],[-83.7371844,42.2757298]],[[-83.7371812,42.2757299],[-83.7371813,42.275734],[-83.7371785,42.275734],[-83.7371784,42.2757299],[-83.7371812,42.2757299]],[[-83.7371775,42.27573],[-83.7371776,42.275734],[-83.7371753,42.2757341],[-83.7371752,42.27573],[-83.7371775,42.27573]],[[-83.7371743,42.27573],[-83.7371744,42.2757341],[-83.7371721,42.2757341],[-83.737172,42.27573],[-83.7371743,42.27573]],[[-83.737171,42.2757301],[-83.7371712,42.2757342],[-83.7371689,42.2757342],[-83.7371687,42.2757301],[-83.737171,42.2757301]],[[-83.7371678,42.2757301],[-83.7371679,42.2757342],[-83.7371652,42.2757343],[-83.7371651,42.2757302],[-83.7371678,42.2757301]],[[-83.7371646,42.2757302],[-83.7371647,42.2757343],[-83.737162,42.2757343],[-83.7371618,42.2757302],[-83.7371646,42.2757302]],[[-83.7371614,42.2757302],[-83.7371615,42.2757343],[-83.7371587,42.2757344],[-83.7371586,42.2757303],[-83.7371614,42.2757302]],[[-83.7371577,42.2757303],[-83.7371578,42.2757344],[-83.7371555,42.2757344],[-83.7371554,42.2757303],[-83.7371577,42.2757303]],[[-83.7371545,42.2757303],[-83.7371546,42.2757344],[-83.7371523,42.2757345],[-83.7371521,42.2757304],[-83.7371545,42.2757303]],[[-83.7371512,42.2757304],[-83.7371514,42.2757345],[-83.737149,42.2757345],[-83.7371489,42.2757304],[-83.7371512,42.2757304]],[[-83.737148,42.2757305],[-83.7371481,42.2757345],[-83.7371454,42.2757346],[-83.7371452,42.2757305],[-83.737148,42.2757305]],[[-83.7371449,42.2757346],[-83.737144,42.2757346],[-83.737144,42.2757353],[-83.7371297,42.2757355],[-83.737129,42.2757134],[-83.7371433,42.2757131],[-83.7371433,42.2757138],[-83.7371443,42.2757141],[-83.7371444,42.2757172],[-83.7371365,42.2757173],[-83.7371347,42.2757184],[-83.7371346,42.2757286],[-83.7371374,42.2757306],[-83.7371448,42.2757305],[-83.7371449,42.2757346]],[[-83.7371842,42.2757247],[-83.7371844,42.2757288],[-83.7371816,42.2757289],[-83.7371815,42.2757248],[-83.7371842,42.2757247]],[[-83.737181,42.2757248],[-83.7371812,42.2757289],[-83.7371784,42.2757289],[-83.7371783,42.2757248],[-83.737181,42.2757248]],[[-83.7371773,42.2757248],[-83.7371775,42.2757289],[-83.7371752,42.275729],[-83.737175,42.2757249],[-83.7371773,42.2757248]],[[-83.7371741,42.2757249],[-83.7371742,42.275729],[-83.7371719,42.275729],[-83.7371718,42.2757249],[-83.7371741,42.2757249]],[[-83.7371709,42.2757249],[-83.737171,42.275729],[-83.7371687,42.2757291],[-83.7371686,42.275725],[-83.7371709,42.2757249]],[[-83.7371677,42.275725],[-83.7371678,42.2757291],[-83.737165,42.2757291],[-83.7371649,42.2757251],[-83.7371677,42.275725]],[[-83.7371644,42.2757251],[-83.7371646,42.2757292],[-83.7371618,42.2757292],[-83.7371617,42.2757251],[-83.7371644,42.2757251]],[[-83.7371612,42.2757251],[-83.7371613,42.2757292],[-83.7371586,42.2757293],[-83.7371584,42.2757252],[-83.7371612,42.2757251]],[[-83.7371575,42.2757252],[-83.7371576,42.2757293],[-83.7371553,42.2757293],[-83.7371552,42.2757252],[-83.7371575,42.2757252]],[[-83.7371543,42.2757252],[-83.7371544,42.2757293],[-83.7371521,42.2757294],[-83.737152,42.2757253],[-83.7371543,42.2757252]],[[-83.7371511,42.2757253],[-83.7371512,42.2757294],[-83.7371489,42.2757294],[-83.7371488,42.2757253],[-83.7371511,42.2757253]],[[-83.7371478,42.2757253],[-83.737148,42.2757294],[-83.7371452,42.2757295],[-83.7371451,42.2757254],[-83.7371478,42.2757253]],[[-83.7371447,42.2757295],[-83.7371378,42.2757296],[-83.737136,42.2757286],[-83.7371352,42.2757204],[-83.737137,42.2757184],[-83.7371444,42.2757179],[-83.7371445,42.2757227],[-83.7371418,42.2757237],[-83.7371418,42.2757251],[-83.7371446,42.2757254],[-83.7371447,42.2757295]],[[-83.7371921,42.2757239],[-83.7371916,42.2757232],[-83.7371584,42.2757235],[-83.737192,42.2757229],[-83.7371921,42.2757239]],[[-83.7371575,42.2757235],[-83.7371575,42.2757238],[-83.7371446,42.275724],[-83.7371446,42.2757237],[-83.7371575,42.2757235]],[[-83.7371565,42.2757225],[-83.7371551,42.2757225],[-83.7371551,42.2757208],[-83.7371555,42.2757208],[-83.7371556,42.2757215],[-83.737156,42.2757214],[-83.737156,42.2757221],[-83.7371565,42.2757221],[-83.7371565,42.2757225]],[[-83.7371478,42.2757226],[-83.737145,42.2757227],[-83.7371449,42.2757196],[-83.7371463,42.2757196],[-83.7371472,42.2757185],[-83.7371476,42.2757185],[-83.7371478,42.2757226]],[[-83.7371542,42.2757225],[-83.7371519,42.2757225],[-83.7371517,42.2757161],[-83.7371522,42.2757161],[-83.7371522,42.2757167],[-83.7371526,42.2757167],[-83.7371527,42.2757174],[-83.7371531,42.2757174],[-83.7371531,42.2757181],[-83.7371536,42.2757181],[-83.7371536,42.2757188],[-83.7371541,42.2757188],[-83.7371542,42.2757225]],[[-83.7371458,42.2757182],[-83.7371449,42.2757186],[-83.7371448,42.2757179],[-83.7371458,42.2757179],[-83.7371458,42.2757182]],[[-83.7371457,42.2757172],[-83.7371448,42.2757172],[-83.7371448,42.2757165],[-83.7371457,42.2757168],[-83.7371457,42.2757172]],[[-83.7371507,42.275714],[-83.737151,42.2757226],[-83.7371487,42.2757226],[-83.7371484,42.2757141],[-83.7371507,42.275714]],[[-83.7371476,42.2757168],[-83.7371457,42.2757158],[-83.7371457,42.2757155],[-83.7371448,42.2757155],[-83.7371447,42.2757141],[-83.7371475,42.2757141],[-83.7371476,42.2757168]],[[-83.7371819,42.275722],[-83.7371574,42.2757224],[-83.7371507,42.2757127],[-83.7371811,42.2757122],[-83.7371819,42.275722]],[[-83.7371281,42.275713],[-83.7371288,42.2757356],[-83.7371283,42.2757356],[-83.7371276,42.2757131],[-83.7371281,42.275713]],[[-83.7371267,42.2757131],[-83.7371274,42.2757356],[-83.7371136,42.2757358],[-83.7371129,42.2757133],[-83.7371267,42.2757131]],[[-83.7371483,42.2757113],[-83.7371128,42.2757119],[-83.7371123,42.2756932],[-83.7371353,42.2756928],[-83.7371377,42.2756965],[-83.7371387,42.2756968],[-83.7371373,42.2756979],[-83.7371373,42.2756986],[-83.7371396,42.2756985],[-83.7371483,42.2757113]],[[-83.7372201,42.275705],[-83.7372205,42.2757204],[-83.7372196,42.2757204],[-83.7372191,42.275705],[-83.7372201,42.275705]],[[-83.7371767,42.275703],[-83.7371769,42.2757112],[-83.7371741,42.2757112],[-83.7371739,42.2757031],[-83.7371767,42.275703]],[[-83.737173,42.2757031],[-83.7371732,42.2757113],[-83.7371705,42.2757113],[-83.7371702,42.2757031],[-83.737173,42.2757031]],[[-83.7371693,42.2757031],[-83.7371695,42.2757113],[-83.7371668,42.2757114],[-83.7371665,42.2757032],[-83.7371693,42.2757031]],[[-83.7371661,42.2757032],[-83.7371663,42.2757114],[-83.7371635,42.2757114],[-83.7371633,42.2757032],[-83.7371661,42.2757032]],[[-83.7371624,42.2757033],[-83.7371626,42.2757114],[-83.7371599,42.2757115],[-83.7371596,42.2757033],[-83.7371624,42.2757033]],[[-83.7371587,42.2757033],[-83.7371589,42.2757115],[-83.7371562,42.2757116],[-83.7371559,42.2757034],[-83.7371587,42.2757033]],[[-83.7371555,42.2757034],[-83.7371557,42.2757116],[-83.7371529,42.2757116],[-83.7371527,42.2757034],[-83.7371555,42.2757034]],[[-83.737152,42.2757116],[-83.7371497,42.2757117],[-83.7371497,42.2757113],[-83.7371493,42.2757113],[-83.737149,42.2757035],[-83.7371518,42.2757034],[-83.737152,42.2757116]],[[-83.7371483,42.2757093],[-83.7371478,42.2757093],[-83.7371478,42.2757086],[-83.7371473,42.2757086],[-83.7371473,42.2757079],[-83.7371468,42.275708],[-83.7371468,42.2757073],[-83.7371464,42.2757073],[-83.7371463,42.2757066],[-83.7371459,42.2757066],[-83.7371459,42.2757059],[-83.7371454,42.2757059],[-83.7371453,42.2757035],[-83.7371481,42.2757035],[-83.7371483,42.2757093]],[[-83.7371449,42.2757046],[-83.7371444,42.2757046],[-83.7371444,42.2757039],[-83.7371439,42.2757039],[-83.7371439,42.2757036],[-83.7371449,42.2757036],[-83.7371449,42.2757046]],[[-83.737166,42.2757022],[-83.7371633,42.2757022],[-83.7371632,42.2756998],[-83.7371637,42.2756998],[-83.7371636,42.2756991],[-83.7371632,42.2756991],[-83.7371631,42.2756981],[-83.7371659,42.2756981],[-83.737166,42.2757022]],[[-83.7371623,42.2757022],[-83.7371596,42.2757023],[-83.7371593,42.2756931],[-83.7371621,42.275693],[-83.7371622,42.2756961],[-83.7371603,42.2756971],[-83.7371604,42.2756985],[-83.7371623,42.2756995],[-83.7371623,42.2757022]],[[-83.7371765,42.2756979],[-83.7371766,42.275702],[-83.7371739,42.275702],[-83.7371737,42.2756979],[-83.7371765,42.2756979]],[[-83.7371728,42.275698],[-83.7371729,42.2757021],[-83.7371702,42.2757021],[-83.7371701,42.275698],[-83.7371728,42.275698]],[[-83.7371691,42.275698],[-83.7371693,42.2757021],[-83.7371665,42.2757022],[-83.7371664,42.2756981],[-83.7371691,42.275698]],[[-83.7371659,42.2756974],[-83.7371631,42.2756974],[-83.7371635,42.2756957],[-83.7371631,42.2756957],[-83.737163,42.275693],[-83.7371657,42.275693],[-83.7371659,42.2756974]],[[-83.737141,42.2756988],[-83.7371406,42.2756988],[-83.7371405,42.2756982],[-83.7371401,42.2756982],[-83.7371401,42.2756975],[-83.7371396,42.2756975],[-83.73714,42.2756968],[-83.7371405,42.2756968],[-83.7371405,42.2756961],[-83.73714,42.2756961],[-83.73714,42.2756965],[-83.7371391,42.2756965],[-83.7371391,42.2756961],[-83.7371386,42.2756962],[-83.7371381,42.2756948],[-83.7371377,42.2756948],[-83.7371377,42.2756941],[-83.7371372,42.2756941],[-83.7371372,42.2756934],[-83.7371367,42.2756935],[-83.7371367,42.2756928],[-83.737139,42.2756927],[-83.737139,42.2756934],[-83.7371409,42.2756934],[-83.737141,42.2756988]],[[-83.7371763,42.2756928],[-83.7371765,42.2756972],[-83.7371737,42.2756973],[-83.7371736,42.2756928],[-83.7371763,42.2756928]],[[-83.7371727,42.2756928],[-83.7371728,42.2756973],[-83.73717,42.2756973],[-83.7371699,42.2756929],[-83.7371727,42.2756928]],[[-83.737169,42.2756929],[-83.7371691,42.2756973],[-83.7371663,42.2756974],[-83.7371662,42.275693],[-83.737169,42.2756929]],[[-83.7371584,42.2756931],[-83.7371587,42.2757023],[-83.7371559,42.2757023],[-83.7371556,42.2756931],[-83.7371584,42.2756931]],[[-83.7371551,42.2756931],[-83.7371554,42.2757024],[-83.7371527,42.2757024],[-83.7371524,42.2756932],[-83.7371551,42.2756931]],[[-83.7371515,42.2756932],[-83.7371517,42.2757024],[-83.737149,42.2757025],[-83.7371487,42.2756933],[-83.7371515,42.2756932]],[[-83.7371478,42.2756933],[-83.7371481,42.2757025],[-83.7371453,42.2757025],[-83.737145,42.2756933],[-83.7371478,42.2756933]],[[-83.7371448,42.2757025],[-83.737143,42.2757026],[-83.7371425,42.2757009],[-83.737142,42.2757009],[-83.7371418,42.2756934],[-83.7371445,42.2756933],[-83.7371448,42.2757025]],[[-83.7370694,42.2756932],[-83.7370707,42.2757372],[-83.7370698,42.2757372],[-83.7370685,42.2756932],[-83.7370694,42.2756932]],[[-83.7372197,42.2756944],[-83.7372188,42.2756945],[-83.7372187,42.2756907],[-83.7371864,42.2756912],[-83.7371869,42.2756906],[-83.7372182,42.27569],[-83.7372186,42.2756866],[-83.7371868,42.2756871],[-83.7371868,42.2756865],[-83.7372186,42.2756859],[-83.7372185,42.2756832],[-83.7372194,42.2756832],[-83.7372197,42.2756944]],[[-83.7371348,42.2756921],[-83.7371141,42.2756925],[-83.7371141,42.2756918],[-83.7371173,42.2756914],[-83.7371172,42.2756883],[-83.737114,42.2756884],[-83.7371139,42.2756877],[-83.7371181,42.2756876],[-83.7371182,42.2756917],[-83.7371343,42.2756914],[-83.7371348,42.2756921]],[[-83.7371781,42.2756914],[-83.7371357,42.2756921],[-83.7371357,42.2756914],[-83.7371703,42.2756908],[-83.7371706,42.2756867],[-83.737178,42.2756866],[-83.737178,42.2756873],[-83.7371716,42.2756874],[-83.7371717,42.2756908],[-83.7371781,42.2756907],[-83.7371781,42.2756914]],[[-83.7372177,42.2756873],[-83.7372177,42.2756894],[-83.7371869,42.2756899],[-83.7371868,42.2756878],[-83.7372177,42.2756873]],[[-83.737178,42.275688],[-83.7371781,42.27569],[-83.7371726,42.2756901],[-83.7371725,42.2756881],[-83.737178,42.275688]],[[-83.7371163,42.275689],[-83.7371163,42.2756911],[-83.737114,42.2756911],[-83.737114,42.2756891],[-83.7371163,42.275689]],[[-83.7371854,42.2756872],[-83.7371855,42.2756902],[-83.7371795,42.2756903],[-83.7371794,42.2756873],[-83.7371854,42.2756872]],[[-83.737113,42.2756884],[-83.7371131,42.2756915],[-83.7371085,42.2756915],[-83.7371084,42.2756885],[-83.737113,42.2756884]],[[-83.7370739,42.2756891],[-83.737074,42.2756921],[-83.7370698,42.2756922],[-83.7370697,42.2756891],[-83.7370739,42.2756891]],[[-83.7371399,42.2756907],[-83.7371348,42.2756908],[-83.7371348,42.2756901],[-83.7371338,42.2756901],[-83.7371339,42.2756908],[-83.7371191,42.275691],[-83.737119,42.2756876],[-83.7371397,42.2756873],[-83.7371399,42.2756907]],[[-83.7371075,42.2756878],[-83.7371075,42.2756885],[-83.7370752,42.275689],[-83.7370752,42.2756884],[-83.7371075,42.2756878]],[[-83.7371515,42.2756639],[-83.7371404,42.275664],[-83.7371412,42.2756906],[-83.7371406,42.2756866],[-83.7371088,42.2756871],[-83.7371081,42.2756643],[-83.7371114,42.2756642],[-83.7371086,42.2756646],[-83.7371093,42.2756868],[-83.7371406,42.2756862],[-83.7371399,42.2756641],[-83.7371386,42.2756637],[-83.7371515,42.2756639]],[[-83.7372304,42.275682],[-83.7372175,42.2756822],[-83.7372176,42.2756853],[-83.7371697,42.2756861],[-83.7371698,42.2756902],[-83.7371684,42.2756902],[-83.7371676,42.2756643],[-83.7372169,42.2756634],[-83.737217,42.2756665],[-83.7372299,42.2756663],[-83.7372282,42.2756704],[-83.7372255,42.2756725],[-83.7372214,42.2756739],[-83.7372191,42.275674],[-83.7372191,42.2756747],[-83.7372219,42.2756746],[-83.7372266,42.2756762],[-83.7372294,42.2756789],[-83.7372304,42.275682]],[[-83.7371657,42.2756902],[-83.7371422,42.2756906],[-83.7371414,42.2756647],[-83.737152,42.2756645],[-83.7371525,42.2756669],[-83.7371563,42.2756709],[-83.7371614,42.2756726],[-83.7371642,42.2756725],[-83.7371639,42.2756643],[-83.7371649,42.2756643],[-83.7371657,42.2756902]],[[-83.7371397,42.2756856],[-83.7371102,42.2756861],[-83.7371096,42.2756653],[-83.7371261,42.275665],[-83.7371272,42.2756684],[-83.7371305,42.2756714],[-83.7371338,42.2756727],[-83.7371384,42.275673],[-83.7371381,42.2756648],[-83.737139,42.2756648],[-83.7371397,42.2756856]],[[-83.7372188,42.2756651],[-83.7372179,42.2756651],[-83.7372178,42.2756627],[-83.7371667,42.2756636],[-83.7371675,42.2756902],[-83.7371666,42.2756902],[-83.7371658,42.2756636],[-83.7371648,42.2756633],[-83.7372187,42.2756624],[-83.7372188,42.2756651]]],[[[-83.7376853,42.2759134],[-83.7376846,42.2759046],[-83.7376832,42.2759046],[-83.7376831,42.2759022],[-83.7376822,42.2759022],[-83.7376822,42.2759029],[-83.7376486,42.2759035],[-83.737648,42.2758837],[-83.737683,42.2758831],[-83.7376829,42.2758821],[-83.7376479,42.2758827],[-83.7376479,42.275882],[-83.7376839,42.2758817],[-83.737684,42.2758729],[-83.7374665,42.2758765],[-83.7374655,42.2758445],[-83.7374826,42.2758442],[-83.7374818,42.2758179],[-83.7374647,42.2758182],[-83.7374635,42.275779],[-83.7374806,42.2757787],[-83.7374797,42.2757525],[-83.7374627,42.2757528],[-83.7374615,42.2757135],[-83.7374785,42.2757133],[-83.7374777,42.275687],[-83.7374607,42.2756873],[-83.7374595,42.2756481],[-83.7374765,42.2756478],[-83.7374757,42.2756215],[-83.7374586,42.2756218],[-83.7374564,42.2755499],[-83.7374735,42.2755496],[-83.7374727,42.2755233],[-83.7374556,42.2755236],[-83.7374544,42.2754844],[-83.7374714,42.2754841],[-83.7374706,42.2754578],[-83.7374536,42.2754581],[-83.7374524,42.2754189],[-83.7374694,42.2754186],[-83.7374686,42.2753924],[-83.7374515,42.2753927],[-83.7374493,42.27532],[-83.7374051,42.2753211],[-83.737405,42.2753174],[-83.7373976,42.2753175],[-83.7373967,42.2752882],[-83.737351,42.2752889],[-83.7373503,42.27525],[-83.7372001,42.2752526],[-83.7372013,42.2752915],[-83.7371391,42.2752925],[-83.7371378,42.2752536],[-83.7369876,42.2752562],[-83.7369888,42.275295],[-83.7369436,42.2752958],[-83.736945,42.2753395],[-83.7369473,42.2753394],[-83.7369473,42.2753408],[-83.736946,42.2753408],[-83.7369465,42.2753579],[-83.7369497,42.2753578],[-83.7369497,42.2753588],[-83.7369428,42.2753589],[-83.7369428,42.2753596],[-83.7369498,42.2753595],[-83.7369499,42.2753629],[-83.736948,42.2753633],[-83.7369482,42.2753674],[-83.7369574,42.2753672],[-83.7369573,42.2753655],[-83.7369633,42.2753654],[-83.736963,42.2753559],[-83.7369653,42.2753558],[-83.7369691,42.2753571],[-83.7369719,42.2753595],[-83.7369734,42.2753622],[-83.7369735,42.2753653],[-83.7370131,42.2753646],[-83.7370137,42.2753687],[-83.7370187,42.2753686],[-83.737019,42.2753754],[-83.7370245,42.2753743],[-83.7370276,42.2753718],[-83.7370285,42.2753705],[-83.7370284,42.2753684],[-83.7370326,42.2753683],[-83.7370319,42.2753622],[-83.7370103,42.2753626],[-83.7370102,42.2753612],[-83.7370084,42.2753609],[-83.7369964,42.2753611],[-83.7369968,42.2753584],[-83.7369999,42.2753549],[-83.737004,42.2753531],[-83.73701,42.2753527],[-83.7370099,42.275351],[-83.7369961,42.2753512],[-83.7369965,42.2753485],[-83.7369982,42.2753461],[-83.7370032,42.2753433],[-83.7370097,42.2753428],[-83.7370096,42.2753411],[-83.7370128,42.2753407],[-83.7370127,42.2753373],[-83.7370145,42.2753345],[-83.7370176,42.2753324],[-83.7370218,42.2753317],[-83.7370225,42.2753409],[-83.7370423,42.2753405],[-83.7370438,42.2753446],[-83.7370452,42.2753453],[-83.7370462,42.2753466],[-83.7370504,42.2753483],[-83.7370546,42.2753485],[-83.7370543,42.2753403],[-83.7370552,42.2753403],[-83.7370561,42.275368],[-83.7372888,42.275364],[-83.737288,42.2753364],[-83.7372889,42.2753364],[-83.7372891,42.2753446],[-83.7372942,42.2753438],[-83.7372955,42.2753428],[-83.7372965,42.2753427],[-83.7372996,42.27534],[-83.7373005,42.2753382],[-83.7373004,42.2753362],[-83.7373207,42.2753358],[-83.7373204,42.2753263],[-83.7373227,42.2753263],[-83.7373259,42.2753272],[-83.7373292,42.2753296],[-83.7373307,42.2753319],[-83.7373308,42.2753357],[-83.7373331,42.2753356],[-83.7373332,42.2753373],[-83.7373382,42.2753373],[-83.737341,42.2753379],[-83.7373457,42.2753409],[-83.7373472,42.2753429],[-83.7373477,42.2753453],[-83.7373339,42.2753455],[-83.7373335,42.2753472],[-83.7373381,42.2753472],[-83.7373432,42.2753488],[-83.7373465,42.2753514],[-83.737348,42.2753552],[-83.7373356,42.2753554],[-83.7373337,42.2753558],[-83.7373338,42.2753571],[-83.7373126,42.2753575],[-83.7373123,42.2753636],[-83.7373183,42.2753635],[-83.7373184,42.2753652],[-83.7373217,42.2753686],[-83.7373245,42.2753696],[-83.7373277,42.2753698],[-83.737328,42.2753634],[-83.7373907,42.2753623],[-83.7373912,42.2753783],[-83.737399,42.2753782],[-83.7373978,42.2753253],[-83.7374052,42.2753252],[-83.7374051,42.2753228],[-83.7374383,42.2753223],[-83.7374385,42.2753281],[-83.737444,42.2753283],[-83.7374458,42.2753856],[-83.7374403,42.275386],[-83.7374405,42.2753935],[-83.737446,42.2753934],[-83.7374461,42.2753955],[-83.7374512,42.2753954],[-83.7374516,42.2753947],[-83.7374664,42.2753945],[-83.7374671,42.275417],[-83.7374523,42.2754172],[-83.7374523,42.2754165],[-83.7374468,42.2754166],[-83.7374468,42.2754183],[-83.7374413,42.2754184],[-83.7374415,42.2754263],[-83.7374471,42.2754262],[-83.7374478,42.2754511],[-83.7374423,42.2754512],[-83.7374425,42.275459],[-83.7374481,42.2754589],[-83.7374481,42.275461],[-83.7374532,42.2754609],[-83.7374536,42.2754602],[-83.7374684,42.2754599],[-83.7374691,42.2754824],[-83.7374543,42.2754827],[-83.7374543,42.275482],[-83.7374488,42.2754821],[-83.7374488,42.2754838],[-83.7374433,42.2754839],[-83.7374435,42.2754917],[-83.7374491,42.2754916],[-83.7374499,42.2755165],[-83.7374443,42.2755166],[-83.7374446,42.2755245],[-83.7374501,42.2755244],[-83.7374502,42.2755264],[-83.7374552,42.2755263],[-83.7374561,42.2755253],[-83.7374704,42.2755251],[-83.7374711,42.2755479],[-83.7374564,42.2755482],[-83.7374563,42.2755475],[-83.7374508,42.2755476],[-83.7374509,42.2755493],[-83.7374453,42.2755494],[-83.7374456,42.2755572],[-83.7374511,42.2755571],[-83.7374529,42.2756147],[-83.7374474,42.2756148],[-83.7374476,42.2756227],[-83.7374531,42.2756226],[-83.7374532,42.2756246],[-83.7374583,42.2756246],[-83.7374592,42.2756235],[-83.7374734,42.2756233],[-83.7374742,42.2756461],[-83.7374594,42.2756464],[-83.7374594,42.2756457],[-83.7374539,42.2756458],[-83.7374539,42.2756475],[-83.7374479,42.2756476],[-83.7374477,42.2756394],[-83.7374449,42.2756394],[-83.7374403,42.2756409],[-83.7374381,42.2756426],[-83.7374363,42.2756454],[-83.7374359,42.2756478],[-83.7373175,42.2756498],[-83.737319,42.2756972],[-83.7373079,42.2756974],[-83.737308,42.2757001],[-83.7373099,42.2757028],[-83.7373127,42.2757048],[-83.737316,42.2757058],[-83.7373133,42.2757065],[-83.7373097,42.2757093],[-83.7373083,42.2757117],[-83.7373084,42.2757144],[-83.7373195,42.2757142],[-83.7373201,42.2757344],[-83.7373478,42.2757339],[-83.7373478,42.2757349],[-83.7373437,42.2757357],[-83.73734,42.2757378],[-83.7373378,42.2757412],[-83.7373379,42.2757436],[-83.7373481,42.2757434],[-83.7373483,42.2757509],[-83.7373202,42.2757514],[-83.7373208,42.2757552],[-83.7373585,42.2757542],[-83.7373588,42.2757624],[-83.7373629,42.275762],[-83.7373666,42.2757605],[-83.7373701,42.2757567],[-83.7373705,42.275754],[-83.7373737,42.2757539],[-83.7373738,42.2757567],[-83.7373849,42.2757565],[-83.7373862,42.2757534],[-83.7373908,42.2757533],[-83.7373908,42.2757526],[-83.737376,42.2757522],[-83.7373755,42.2757365],[-83.7373783,42.2757365],[-83.7373787,42.2757518],[-83.7374009,42.2757514],[-83.7374005,42.2757398],[-83.7373812,42.2757402],[-83.7373815,42.2757514],[-83.7373797,42.2757514],[-83.7373796,42.2757347],[-83.7373976,42.2757344],[-83.7373977,42.2757368],[-83.7373903,42.2757369],[-83.7373903,42.2757376],[-83.7373889,42.2757373],[-83.7373889,42.2757383],[-83.7373903,42.275738],[-83.7373903,42.2757386],[-83.7374005,42.2757385],[-83.7374004,42.2757378],[-83.7374018,42.2757381],[-83.7374018,42.2757371],[-83.7374004,42.2757374],[-83.7374004,42.2757368],[-83.7374041,42.2757367],[-83.7374046,42.275752],[-83.7373917,42.2757526],[-83.7373917,42.2757533],[-83.7373959,42.2757532],[-83.7373973,42.2757563],[-83.7374112,42.275756],[-83.7374111,42.2757547],[-83.7374397,42.2757542],[-83.7374402,42.2757572],[-83.7374431,42.2757603],[-83.7374487,42.2757622],[-83.7374515,42.2757622],[-83.7374512,42.275754],[-83.7374572,42.2757539],[-83.7374572,42.2757552],[-83.7374628,42.2757552],[-83.7374628,42.2757545],[-83.7374775,42.2757542],[-83.7374782,42.2757771],[-83.7374639,42.2757773],[-83.737463,42.2757763],[-83.7374579,42.2757764],[-83.737458,42.2757784],[-83.7374524,42.2757785],[-83.7374527,42.2757864],[-83.7374582,42.2757863],[-83.737459,42.2758112],[-83.7374534,42.2758113],[-83.7374537,42.2758191],[-83.7374592,42.275819],[-83.7374593,42.2758207],[-83.7374648,42.2758206],[-83.7374648,42.2758199],[-83.7374795,42.2758197],[-83.7374802,42.2758422],[-83.7374655,42.2758424],[-83.737465,42.2758418],[-83.7374599,42.2758419],[-83.73746,42.2758439],[-83.7374545,42.275844],[-83.7374547,42.2758518],[-83.7374602,42.2758517],[-83.737461,42.2758766],[-83.7374555,42.2758767],[-83.7374557,42.2758846],[-83.7374631,42.2758845],[-83.7374632,42.2758875],[-83.7374512,42.2758881],[-83.7374537,42.2758935],[-83.737457,42.2758958],[-83.7374607,42.2758971],[-83.7374575,42.2758979],[-83.7374548,42.2758996],[-83.7374526,42.2759027],[-83.7374518,42.2759058],[-83.7374638,42.2759059],[-83.7374639,42.2759093],[-83.7374565,42.2759095],[-83.7374567,42.2759153],[-83.7374235,42.2759158],[-83.7374233,42.2759087],[-83.7374094,42.2759089],[-83.7374094,42.2759082],[-83.7374107,42.2759051],[-83.7374134,42.2759027],[-83.737417,42.2759013],[-83.737423,42.2759008],[-83.7374221,42.2758722],[-83.7374175,42.2758723],[-83.7374133,42.275871],[-83.7374095,42.2758676],[-83.737409,42.2758649],[-83.7374219,42.2758647],[-83.7374212,42.2758422],[-83.7373553,42.275843],[-83.7373493,42.275842],[-83.7373413,42.2758394],[-83.7373329,42.2758345],[-83.7373329,42.2758338],[-83.737331,42.2758328],[-83.7373291,42.2758301],[-83.7373281,42.2758298],[-83.7373257,42.2758261],[-83.7373237,42.275821],[-83.7373231,42.2758162],[-83.7373176,42.2758163],[-83.7373195,42.275879],[-83.7373158,42.2758791],[-83.7373161,42.2758869],[-83.7373234,42.2758868],[-83.7373236,42.2758933],[-83.737419,42.2758917],[-83.7374193,42.2759006],[-83.7374156,42.275901],[-83.7374111,42.2759034],[-83.7374093,42.2759058],[-83.7374085,42.2759093],[-83.7374196,42.2759094],[-83.7374196,42.2759101],[-83.7373763,42.2759108],[-83.7373764,42.2759142],[-83.7373751,42.2759167],[-83.737371,42.2759195],[-83.7373664,42.2759202],[-83.7373662,42.275911],[-83.7372956,42.2759122],[-83.7372958,42.2759156],[-83.737294,42.2759184],[-83.7372917,42.2759201],[-83.737289,42.2759212],[-83.7372858,42.2759216],[-83.7372855,42.2759124],[-83.7372749,42.2759125],[-83.7372741,42.2758877],[-83.7372824,42.2758875],[-83.7372822,42.2758797],[-83.7372739,42.2758798],[-83.7372738,42.2758781],[-83.7372715,42.2758778],[-83.7372716,42.2758802],[-83.7371822,42.2758817],[-83.7371819,42.2758735],[-83.7371787,42.2758736],[-83.7371746,42.275875],[-83.7371715,42.2758775],[-83.7371701,42.2758799],[-83.7371702,42.2758819],[-83.7371435,42.2758824],[-83.7371417,42.2758394],[-83.7371376,42.2758398],[-83.7371378,42.275849],[-83.7371369,42.275849],[-83.7371323,42.2758478],[-83.7371294,42.2758458],[-83.737128,42.2758437],[-83.7371274,42.2758396],[-83.7370772,42.2758408],[-83.737079,42.2758401],[-83.7370799,42.2758391],[-83.7370798,42.2758364],[-83.7370784,42.2758354],[-83.7370752,42.2758351],[-83.7370729,42.2758365],[-83.7370725,42.2758385],[-83.7370744,42.2758405],[-83.7370758,42.2758409],[-83.7370509,42.2758409],[-83.7370497,42.2758014],[-83.7370533,42.275801],[-83.7370561,42.2757999],[-83.7370583,42.2757982],[-83.7370601,42.2757954],[-83.7370605,42.2757923],[-83.7370494,42.2757925],[-83.7370494,42.2757918],[-83.7370756,42.2757914],[-83.7370758,42.2757955],[-83.7371034,42.275795],[-83.7371034,42.2757943],[-83.7371065,42.2757915],[-83.7371065,42.2757909],[-83.7371088,42.2757891],[-83.7371092,42.2757877],[-83.7371073,42.2757871],[-83.7371064,42.2757861],[-83.7371055,42.2757861],[-83.7371045,42.2757851],[-83.7371036,42.2757851],[-83.7371026,42.2757841],[-83.7370906,42.2757843],[-83.7370904,42.2757768],[-83.7370895,42.2757765],[-83.7370835,42.2757779],[-83.7370808,42.27578],[-83.7370795,42.2757821],[-83.7370791,42.2757845],[-83.7370708,42.2757843],[-83.7370705,42.2757898],[-83.7370456,42.2757902],[-83.7370455,42.2757871],[-83.7370543,42.275787],[-83.7370533,42.2757832],[-83.73705,42.2757809],[-83.7370481,42.2757803],[-83.7370453,42.2757803],[-83.7370451,42.2757725],[-83.7370331,42.2757727],[-83.7370335,42.2757703],[-83.7370362,42.2757675],[-83.7370403,42.2757661],[-83.7370449,42.275766],[-83.7370443,42.2757472],[-83.7370503,42.2757468],[-83.7370497,42.2757424],[-83.7370442,42.2757424],[-83.7370439,42.2757356],[-83.7370403,42.275736],[-83.7370352,42.2757351],[-83.7370309,42.2757328],[-83.7370281,42.2757287],[-83.737028,42.2757267],[-83.7370437,42.2757264],[-83.7370434,42.2757179],[-83.7370314,42.2757181],[-83.7370314,42.2757167],[-83.7370331,42.275714],[-83.7370354,42.2757126],[-83.7370386,42.2757115],[-83.7370432,42.2757114],[-83.7370419,42.2756691],[-83.7370373,42.2756692],[-83.737034,42.2756682],[-83.7370302,42.2756652],[-83.7370292,42.2756618],[-83.7370417,42.2756616],[-83.7370416,42.2756586],[-83.7370042,42.2756592],[-83.7370045,42.2756684],[-83.7370017,42.2756684],[-83.736999,42.2756675],[-83.736998,42.2756665],[-83.7369971,42.2756665],[-83.7369957,42.2756651],[-83.7369942,42.2756628],[-83.7369941,42.2756594],[-83.7369632,42.2756599],[-83.7369623,42.2756292],[-83.7369655,42.2756291],[-83.7369653,42.2756233],[-83.7369441,42.2756237],[-83.7369439,42.2756333],[-83.736943,42.2756333],[-83.7369384,42.275632],[-83.7369355,42.27563],[-83.7369341,42.275628],[-83.7369335,42.2756239],[-83.7369132,42.2756246],[-83.7369128,42.2756239],[-83.7369077,42.275624],[-83.7369059,42.2755663],[-83.736911,42.2755663],[-83.7369107,42.2755584],[-83.7369057,42.2755585],[-83.7369061,42.2755568],[-83.7369001,42.2755569],[-83.7369001,42.2755576],[-83.7368853,42.2755578],[-83.7368846,42.275535],[-83.7368989,42.2755347],[-83.7368994,42.2755357],[-83.7369045,42.2755357],[-83.7369049,42.2755336],[-83.73691,42.2755335],[-83.7369103,42.2755294],[-83.7369097,42.2755257],[-83.7369046,42.2755258],[-83.7369039,42.2755009],[-83.7369089,42.2755008],[-83.7369087,42.2754929],[-83.7369036,42.275493],[-83.736904,42.2754913],[-83.736898,42.2754914],[-83.7368981,42.2754921],[-83.7368833,42.2754923],[-83.7368826,42.2754698],[-83.7368974,42.2754696],[-83.7368974,42.2754703],[-83.7369025,42.2754702],[-83.7369029,42.2754681],[-83.7369079,42.275468],[-83.7369077,42.2754602],[-83.7369026,42.2754603],[-83.7369018,42.2754354],[-83.7369069,42.2754353],[-83.7369067,42.2754275],[-83.7369016,42.2754275],[-83.7369008,42.2754026],[-83.7369271,42.2754022],[-83.7369262,42.2753889],[-83.7369354,42.2753888],[-83.7369349,42.275372],[-83.7369257,42.2753719],[-83.7369253,42.2753599],[-83.7369267,42.2753599],[-83.7369267,42.2753592],[-83.7369244,42.2753593],[-83.7369256,42.2753998],[-83.7369058,42.2754002],[-83.7369057,42.2753947],[-83.7368951,42.2753949],[-83.7368973,42.2754675],[-83.7368798,42.2754682],[-83.7368806,42.2754941],[-83.7368981,42.2754938],[-83.7368993,42.275533],[-83.7368818,42.2755336],[-83.7368826,42.2755592],[-83.7369002,42.2755593],[-83.7369024,42.2756312],[-83.7368849,42.2756319],[-83.7368857,42.2756574],[-83.7369032,42.2756575],[-83.7369044,42.2756967],[-83.7368869,42.2756973],[-83.7368877,42.2757229],[-83.7369052,42.275723],[-83.7369064,42.2757622],[-83.7368889,42.2757628],[-83.7368897,42.2757884],[-83.7369072,42.2757884],[-83.7369095,42.2758611],[-83.7369533,42.27586],[-83.7369539,42.2758641],[-83.7369612,42.275864],[-83.7369621,42.2758929],[-83.7370064,42.2758922],[-83.7370074,42.2759249],[-83.7370512,42.2759238],[-83.7370526,42.2759569],[-83.7370969,42.2759562],[-83.7370979,42.2759889],[-83.7371186,42.2759886],[-83.7371261,42.2759908],[-83.7371395,42.2759926],[-83.7371589,42.275992],[-83.7371671,42.2759905],[-83.737174,42.2759886],[-83.7371758,42.2759876],[-83.737197,42.2759872],[-83.7371964,42.2759541],[-83.7372739,42.2759532],[-83.7372749,42.2759859],[-83.7372956,42.2759856],[-83.7372966,42.2759862],[-83.7373045,42.2759881],[-83.7373128,42.2759894],[-83.7373326,42.2759894],[-83.7373441,42.2759875],[-83.7373509,42.2759856],[-83.7373528,42.2759846],[-83.737374,42.2759842],[-83.7373729,42.2759515],[-83.7374172,42.2759507],[-83.7374163,42.2759218],[-83.7374232,42.2759216],[-83.7374235,42.2759179],[-83.7376853,42.2759134]],[[-83.7373271,42.2759884],[-83.7373271,42.2759888],[-83.737322,42.2759889],[-83.737322,42.2759885],[-83.7373271,42.2759884]],[[-83.7371501,42.2759914],[-83.7371501,42.2759918],[-83.737145,42.2759919],[-83.737145,42.2759915],[-83.7371501,42.2759914]],[[-83.7373326,42.275988],[-83.7373326,42.2759883],[-83.7373307,42.2759884],[-83.7373307,42.275988],[-83.7373326,42.275988]],[[-83.7373178,42.2759882],[-83.7373178,42.2759886],[-83.737316,42.2759886],[-83.737316,42.2759883],[-83.7373178,42.2759882]],[[-83.7371556,42.275991],[-83.7371556,42.2759913],[-83.7371538,42.2759914],[-83.7371538,42.275991],[-83.7371556,42.275991]],[[-83.7371409,42.2759912],[-83.7371409,42.2759916],[-83.737139,42.2759916],[-83.737139,42.2759913],[-83.7371409,42.2759912]],[[-83.7373358,42.2759876],[-83.7373358,42.2759879],[-83.7373349,42.275988],[-83.7373349,42.2759876],[-83.7373358,42.2759876]],[[-83.7373141,42.275988],[-83.7373141,42.2759883],[-83.7373128,42.2759883],[-83.7373127,42.275988],[-83.7373141,42.275988]],[[-83.7371588,42.2759906],[-83.7371588,42.2759909],[-83.7371579,42.275991],[-83.7371579,42.2759906],[-83.7371588,42.2759906]],[[-83.7371372,42.275991],[-83.7371372,42.2759913],[-83.7371362,42.2759913],[-83.7371362,42.275991],[-83.7371372,42.275991]],[[-83.7373381,42.2759872],[-83.7373376,42.2759872],[-83.7373376,42.2759876],[-83.7373381,42.2759876],[-83.7373381,42.2759872]],[[-83.7373114,42.2759877],[-83.7373114,42.275988],[-83.7373104,42.275988],[-83.7373104,42.2759877],[-83.7373114,42.2759877]],[[-83.7371611,42.2759902],[-83.7371607,42.2759902],[-83.7371607,42.2759906],[-83.7371611,42.2759906],[-83.7371611,42.2759902]],[[-83.7371344,42.2759907],[-83.7371344,42.275991],[-83.7371335,42.275991],[-83.7371335,42.2759907],[-83.7371344,42.2759907]],[[-83.7373404,42.2759868],[-83.7373404,42.2759872],[-83.7373395,42.2759872],[-83.7373395,42.2759869],[-83.7373404,42.2759868]],[[-83.737309,42.2759874],[-83.7373086,42.2759874],[-83.7373086,42.2759877],[-83.7373091,42.2759877],[-83.737309,42.2759874]],[[-83.7371634,42.2759898],[-83.7371634,42.2759902],[-83.7371625,42.2759902],[-83.7371625,42.2759899],[-83.7371634,42.2759898]],[[-83.7371321,42.2759904],[-83.7371316,42.2759904],[-83.7371316,42.2759907],[-83.7371321,42.2759907],[-83.7371321,42.2759904]],[[-83.7373422,42.2759865],[-83.7373422,42.2759868],[-83.7373418,42.2759868],[-83.7373418,42.2759865],[-83.7373422,42.2759865]],[[-83.7373072,42.2759871],[-83.7373072,42.2759874],[-83.7373067,42.2759874],[-83.7373067,42.2759871],[-83.7373072,42.2759871]],[[-83.7371652,42.2759895],[-83.7371648,42.2759895],[-83.7371648,42.2759898],[-83.7371653,42.2759898],[-83.7371652,42.2759895]],[[-83.7371302,42.2759901],[-83.7371298,42.2759901],[-83.7371298,42.2759904],[-83.7371302,42.2759904],[-83.7371302,42.2759901]],[[-83.7373436,42.2759861],[-83.7373436,42.2759864],[-83.7373431,42.2759865],[-83.7373431,42.2759861],[-83.7373436,42.2759861]],[[-83.7373053,42.2759868],[-83.7373049,42.2759868],[-83.7373049,42.2759871],[-83.7373053,42.2759871],[-83.7373053,42.2759868]],[[-83.7371666,42.2759891],[-83.7371662,42.2759891],[-83.7371662,42.2759895],[-83.7371666,42.2759894],[-83.7371666,42.2759891]],[[-83.7371284,42.2759898],[-83.7371279,42.2759898],[-83.7371279,42.2759901],[-83.7371284,42.2759901],[-83.7371284,42.2759898]],[[-83.7373454,42.2759857],[-83.7373454,42.2759861],[-83.737345,42.2759861],[-83.737345,42.2759857],[-83.7373454,42.2759857]],[[-83.7373039,42.2759864],[-83.7373035,42.2759864],[-83.7373035,42.2759868],[-83.737304,42.2759868],[-83.7373039,42.2759864]],[[-83.7371684,42.2759887],[-83.7371685,42.2759891],[-83.737168,42.2759891],[-83.737168,42.2759887],[-83.7371684,42.2759887]],[[-83.737127,42.2759894],[-83.737127,42.2759898],[-83.7371265,42.2759898],[-83.7371265,42.2759894],[-83.737127,42.2759894]],[[-83.7373468,42.2759854],[-83.7373463,42.2759854],[-83.7373463,42.2759857],[-83.7373468,42.2759857],[-83.7373468,42.2759854]],[[-83.7373025,42.2759861],[-83.7373026,42.2759865],[-83.7373021,42.2759865],[-83.7373021,42.2759861],[-83.7373025,42.2759861]],[[-83.7371698,42.2759884],[-83.7371694,42.2759884],[-83.7371694,42.2759887],[-83.7371698,42.2759887],[-83.7371698,42.2759884]],[[-83.7371256,42.2759891],[-83.7371251,42.2759891],[-83.7371251,42.2759895],[-83.7371256,42.2759895],[-83.7371256,42.2759891]],[[-83.7373012,42.2759858],[-83.7373007,42.2759858],[-83.7373007,42.2759862],[-83.7373012,42.2759861],[-83.7373012,42.2759858]],[[-83.7371242,42.2759888],[-83.7371242,42.2759891],[-83.7371237,42.2759892],[-83.7371237,42.2759888],[-83.7371242,42.2759888]],[[-83.7373491,42.2759846],[-83.7373491,42.275985],[-83.7373486,42.275985],[-83.7373486,42.2759847],[-83.7373491,42.2759846]],[[-83.7372998,42.2759855],[-83.7372993,42.2759855],[-83.7372993,42.2759858],[-83.7372998,42.2759858],[-83.7372998,42.2759855]],[[-83.7371228,42.2759885],[-83.7371223,42.2759885],[-83.7371223,42.2759888],[-83.7371228,42.2759888],[-83.7371228,42.2759885]],[[-83.7373504,42.2759843],[-83.73735,42.2759843],[-83.73735,42.2759846],[-83.7373505,42.2759846],[-83.7373504,42.2759843]],[[-83.7371735,42.2759873],[-83.737173,42.2759873],[-83.737173,42.2759876],[-83.7371735,42.2759876],[-83.7371735,42.2759873]],[[-83.7373514,42.2759839],[-83.7373509,42.2759839],[-83.7373509,42.2759843],[-83.7373514,42.2759843],[-83.7373514,42.2759839]],[[-83.7372974,42.2759848],[-83.7372974,42.2759852],[-83.737297,42.2759852],[-83.737297,42.2759848],[-83.7372974,42.2759848]],[[-83.7374227,42.275921],[-83.7374153,42.2759211],[-83.7374162,42.2759501],[-83.737372,42.2759508],[-83.737373,42.2759836],[-83.7373541,42.2759839],[-83.7373725,42.2759832],[-83.7373715,42.2759505],[-83.7374158,42.2759497],[-83.7374149,42.2759208],[-83.7374222,42.2759206],[-83.7374226,42.2759176],[-83.7374227,42.275921]],[[-83.7372942,42.2759846],[-83.7372942,42.2759849],[-83.7372758,42.2759852],[-83.7372758,42.2759849],[-83.7372942,42.2759846]],[[-83.737196,42.2759866],[-83.7371771,42.2759869],[-83.7371956,42.2759862],[-83.7371944,42.2759484],[-83.7371875,42.2759485],[-83.7371876,42.2759529],[-83.7371927,42.2759528],[-83.7371936,42.2759811],[-83.7371885,42.2759812],[-83.7371886,42.275985],[-83.7371771,42.2759852],[-83.7371771,42.2759842],[-83.7371872,42.275984],[-83.7371871,42.2759802],[-83.7371922,42.2759801],[-83.7371913,42.2759539],[-83.7371826,42.275954],[-83.7371863,42.2759533],[-83.7371861,42.2759475],[-83.7371948,42.2759473],[-83.737196,42.2759866]],[[-83.7371172,42.2759876],[-83.7371172,42.2759879],[-83.7370988,42.2759882],[-83.7370988,42.2759879],[-83.7371172,42.2759876]],[[-83.7374226,42.2759169],[-83.7374212,42.2759169],[-83.7374213,42.27592],[-83.7374149,42.2759201],[-83.7374148,42.2759191],[-83.7374199,42.2759186],[-83.7374198,42.2759159],[-83.7374133,42.2759157],[-83.7374132,42.2759119],[-83.7374077,42.275912],[-83.7374078,42.2759164],[-83.7374129,42.2759164],[-83.7374138,42.2759447],[-83.7374087,42.2759447],[-83.7374088,42.2759485],[-83.7373701,42.2759492],[-83.73737,42.2759454],[-83.7373645,42.2759455],[-83.7373646,42.2759499],[-83.7373697,42.2759498],[-83.7373705,42.2759781],[-83.7373655,42.2759782],[-83.7373656,42.275982],[-83.7373541,42.2759822],[-83.737354,42.2759812],[-83.7373642,42.275981],[-83.7373641,42.2759772],[-83.7373691,42.2759768],[-83.7373683,42.2759509],[-83.7373628,42.275951],[-83.7373616,42.2759121],[-83.7373266,42.2759127],[-83.7373267,42.2759188],[-83.737318,42.275919],[-83.7373178,42.2759128],[-83.737315,42.2759126],[-83.7373648,42.2759117],[-83.7373625,42.2759121],[-83.7373635,42.2759445],[-83.7373718,42.2759443],[-83.7373719,42.2759481],[-83.7374069,42.2759475],[-83.7374068,42.2759438],[-83.7374123,42.2759433],[-83.7374115,42.2759174],[-83.737406,42.2759175],[-83.7374058,42.2759114],[-83.737403,42.2759111],[-83.7374206,42.2759108],[-83.7374205,42.2759097],[-83.7374224,42.2759097],[-83.7374226,42.2759169]],[[-83.7372942,42.2759832],[-83.7372826,42.2759834],[-83.7372825,42.2759796],[-83.7372774,42.2759797],[-83.7372766,42.2759514],[-83.7372821,42.275951],[-83.737282,42.2759469],[-83.7372746,42.275947],[-83.7372746,42.275946],[-83.7372833,42.2759458],[-83.7372835,42.2759523],[-83.7372784,42.2759524],[-83.7372793,42.2759787],[-83.7372843,42.2759786],[-83.7372844,42.2759823],[-83.7372941,42.2759822],[-83.7372942,42.2759832]],[[-83.7371172,42.2759862],[-83.7371061,42.2759864],[-83.737106,42.2759826],[-83.7371005,42.2759827],[-83.7370996,42.2759544],[-83.7371051,42.275954],[-83.737105,42.2759499],[-83.737099,42.27595],[-83.7370991,42.2759537],[-83.7370609,42.2759544],[-83.7370607,42.2759506],[-83.7370552,42.2759507],[-83.7370544,42.2759235],[-83.7370525,42.2759235],[-83.7370523,42.275917],[-83.7370611,42.2759169],[-83.7370613,42.2759233],[-83.7370562,42.2759234],[-83.737057,42.2759497],[-83.7370621,42.2759496],[-83.7370622,42.2759533],[-83.7370977,42.2759527],[-83.7370976,42.275949],[-83.7371059,42.2759485],[-83.7371051,42.2759226],[-83.7370968,42.2759227],[-83.7370966,42.2759163],[-83.7371053,42.2759161],[-83.7371065,42.275955],[-83.7371102,42.2759553],[-83.7371015,42.2759554],[-83.7371023,42.2759817],[-83.7371074,42.2759816],[-83.7371075,42.2759853],[-83.7371172,42.2759852],[-83.7371172,42.2759862]],[[-83.7373715,42.2759788],[-83.7373716,42.2759826],[-83.7373665,42.2759826],[-83.7373664,42.2759789],[-83.7373715,42.2759788]],[[-83.7372816,42.2759803],[-83.7372817,42.2759841],[-83.7372767,42.2759842],[-83.7372765,42.2759804],[-83.7372816,42.2759803]],[[-83.7371945,42.2759818],[-83.7371946,42.2759856],[-83.7371896,42.2759856],[-83.7371894,42.2759819],[-83.7371945,42.2759818]],[[-83.7371051,42.2759833],[-83.7371052,42.2759871],[-83.7370997,42.2759872],[-83.7370996,42.2759834],[-83.7371051,42.2759833]],[[-83.7371912,42.2759795],[-83.7371861,42.2759796],[-83.7371863,42.2759833],[-83.7371761,42.2759835],[-83.7371762,42.2759859],[-83.737168,42.2759884],[-83.7371551,42.2759907],[-83.7371487,42.2759908],[-83.7371476,42.2759553],[-83.7371485,42.2759553],[-83.7371488,42.2759635],[-83.7371511,42.2759634],[-83.7371574,42.2759609],[-83.7371574,42.2759603],[-83.7371588,42.2759596],[-83.7371597,42.2759582],[-83.73716,42.2759551],[-83.7371904,42.2759546],[-83.7371912,42.2759795]],[[-83.7371464,42.2759908],[-83.7371399,42.2759909],[-83.7371339,42.2759903],[-83.7371228,42.2759881],[-83.7371181,42.2759865],[-83.7371181,42.2759845],[-83.7371084,42.2759846],[-83.7371083,42.2759809],[-83.7371032,42.275981],[-83.7371024,42.2759561],[-83.7371324,42.2759556],[-83.7371334,42.275959],[-83.7371367,42.275962],[-83.7371405,42.2759633],[-83.7371446,42.2759635],[-83.7371444,42.2759554],[-83.7371453,42.2759553],[-83.7371464,42.2759908]],[[-83.7373682,42.2759765],[-83.7373631,42.2759766],[-83.7373632,42.2759803],[-83.7373531,42.2759805],[-83.7373532,42.2759829],[-83.7373518,42.2759829],[-83.73735,42.275984],[-83.7373399,42.2759865],[-83.7373316,42.2759877],[-83.7373169,42.2759879],[-83.7373109,42.2759873],[-83.7372956,42.2759839],[-83.737295,42.2759815],[-83.7372853,42.2759816],[-83.7372852,42.2759779],[-83.7372802,42.275978],[-83.7372794,42.2759531],[-83.7372845,42.275953],[-83.7372842,42.2759451],[-83.7372759,42.2759453],[-83.7372752,42.2759204],[-83.7372834,42.2759203],[-83.7372833,42.2759141],[-83.7372846,42.2759141],[-83.7372849,42.2759223],[-83.7372872,42.2759222],[-83.7372913,42.2759211],[-83.7372945,42.275919],[-83.7372962,42.2759166],[-83.7372966,42.2759139],[-83.7373169,42.2759135],[-83.7373171,42.2759197],[-83.7373277,42.2759195],[-83.7373275,42.2759134],[-83.7373607,42.2759128],[-83.7373619,42.2759513],[-83.7373674,42.2759516],[-83.7373682,42.2759765]],[[-83.7371476,42.2759546],[-83.7371466,42.2759546],[-83.7371473,42.2759908],[-83.7371462,42.2759547],[-83.7371448,42.2759543],[-83.7371476,42.2759546]],[[-83.7370978,42.2759551],[-83.7370978,42.2759555],[-83.7370535,42.2759562],[-83.7370535,42.2759559],[-83.7370978,42.2759551]],[[-83.7374147,42.2759453],[-83.7374148,42.2759491],[-83.7374098,42.2759492],[-83.7374096,42.2759454],[-83.7374147,42.2759453]],[[-83.7373691,42.2759461],[-83.7373692,42.2759492],[-83.7373655,42.2759492],[-83.7373654,42.2759462],[-83.7373691,42.2759461]],[[-83.7372811,42.2759476],[-83.7372812,42.2759507],[-83.7372756,42.2759508],[-83.7372755,42.2759477],[-83.7372811,42.2759476]],[[-83.7371935,42.2759491],[-83.7371936,42.2759521],[-83.7371885,42.2759522],[-83.7371884,42.2759492],[-83.7371935,42.2759491]],[[-83.7371041,42.2759506],[-83.7371042,42.2759537],[-83.7371,42.2759537],[-83.7370999,42.2759507],[-83.7371041,42.2759506]],[[-83.7370598,42.2759513],[-83.73706,42.2759551],[-83.7370544,42.2759552],[-83.7370543,42.2759514],[-83.7370598,42.2759513]],[[-83.7372738,42.2759511],[-83.7371959,42.2759524],[-83.7371935,42.2758894],[-83.7371944,42.2758887],[-83.7372718,42.2758877],[-83.7372738,42.2759511]],[[-83.7374114,42.275943],[-83.7374059,42.2759431],[-83.737406,42.2759468],[-83.7373728,42.2759474],[-83.7373727,42.2759436],[-83.7373644,42.2759438],[-83.7373634,42.2759128],[-83.7373653,42.2759127],[-83.7373655,42.2759206],[-83.7373678,42.2759209],[-83.7373729,42.2759194],[-83.7373756,42.2759173],[-83.7373773,42.2759142],[-83.7373773,42.2759125],[-83.7374049,42.2759121],[-83.7374051,42.2759182],[-83.7374106,42.2759181],[-83.7374114,42.275943]],[[-83.737193,42.2759467],[-83.7371851,42.2759468],[-83.7371853,42.275953],[-83.7371595,42.2759534],[-83.7371596,42.2759558],[-83.7371583,42.2759589],[-83.7371547,42.2759617],[-83.737151,42.2759628],[-83.7371497,42.2759628],[-83.7371494,42.2759536],[-83.7371434,42.2759537],[-83.7371437,42.2759629],[-83.7371418,42.2759629],[-83.7371372,42.2759613],[-83.7371348,42.2759593],[-83.7371333,42.2759569],[-83.7371332,42.2759538],[-83.7371074,42.2759543],[-83.7371062,42.2759154],[-83.7370956,42.2759156],[-83.7370959,42.2759234],[-83.7371042,42.2759233],[-83.7371049,42.2759482],[-83.7370966,42.2759483],[-83.7370968,42.2759521],[-83.7370631,42.2759526],[-83.737063,42.2759489],[-83.7370579,42.275949],[-83.7370572,42.2759241],[-83.7370622,42.275924],[-83.7370624,42.2759161],[-83.7370514,42.2759163],[-83.7370516,42.2759221],[-83.7370179,42.2759227],[-83.7370177,42.2759169],[-83.7370094,42.275917],[-83.7370087,42.2758922],[-83.737017,42.275892],[-83.7370167,42.2758842],[-83.7370061,42.2758843],[-83.7370062,42.2758881],[-83.7369726,42.2758887],[-83.7369725,42.2758849],[-83.7369674,42.275885],[-83.7369666,42.2758601],[-83.7369717,42.27586],[-83.7369715,42.2758522],[-83.7369609,42.2758524],[-83.736961,42.2758561],[-83.7369536,42.2758562],[-83.7369537,42.2758583],[-83.73692,42.2758589],[-83.7369199,42.2758531],[-83.7369148,42.2758531],[-83.736913,42.2757955],[-83.7369181,42.2757954],[-83.736918,42.2757941],[-83.7369457,42.2757936],[-83.736946,42.2757898],[-83.7369473,42.2757878],[-83.7369505,42.2757853],[-83.7369555,42.2757842],[-83.7369558,42.2757934],[-83.7369591,42.2757937],[-83.7370471,42.2757922],[-83.7370471,42.2757932],[-83.7370596,42.275793],[-83.7370596,42.2757944],[-83.7370579,42.2757975],[-83.7370552,42.2757996],[-83.737052,42.2758007],[-83.7370473,42.2758007],[-83.7370504,42.2758979],[-83.7371015,42.2758971],[-83.7371011,42.2758848],[-83.7371288,42.2758843],[-83.7371291,42.2758806],[-83.7371313,42.2758775],[-83.7371354,42.2758753],[-83.7371386,42.2758749],[-83.7371389,42.2758841],[-83.7371712,42.2758836],[-83.7371711,42.2758798],[-83.7371733,42.2758767],[-83.7371774,42.2758746],[-83.737181,42.2758742],[-83.7371813,42.2758834],[-83.7371832,42.2758834],[-83.7371833,42.2758892],[-83.7371912,42.2758891],[-83.737192,42.275914],[-83.7371841,42.2759141],[-83.7371844,42.2759219],[-83.7371922,42.2759218],[-83.737193,42.2759467]],[[-83.7376438,42.2759131],[-83.7376438,42.2759135],[-83.7376346,42.2759136],[-83.7376346,42.2759133],[-83.7376438,42.2759131]],[[-83.737017,42.2759237],[-83.737017,42.2759241],[-83.7370083,42.2759242],[-83.7370083,42.2759239],[-83.737017,42.2759237]],[[-83.7374567,42.275916],[-83.7374567,42.2759166],[-83.7374235,42.2759172],[-83.7374235,42.2759165],[-83.7374567,42.275916]],[[-83.7374189,42.2759163],[-83.7374189,42.2759183],[-83.7374139,42.2759184],[-83.7374138,42.2759163],[-83.7374189,42.2759163]],[[-83.737641,42.2759125],[-83.7376373,42.2759126],[-83.7376372,42.2759088],[-83.7376381,42.2759088],[-83.7376382,42.2759119],[-83.7376401,42.2759118],[-83.73764,42.2759088],[-83.7376409,42.2759087],[-83.737641,42.2759125]],[[-83.7376828,42.2759056],[-83.7376334,42.2759065],[-83.7376336,42.2759126],[-83.7374677,42.2759154],[-83.7374677,42.2759147],[-83.7374696,42.2759147],[-83.7374695,42.2759113],[-83.7374676,42.2759113],[-83.7374674,42.2759052],[-83.7374531,42.2759051],[-83.7374544,42.2759013],[-83.7374571,42.2758989],[-83.7374607,42.2758975],[-83.7374644,42.2758971],[-83.7374644,42.2758964],[-83.7374612,42.2758964],[-83.7374579,42.2758955],[-83.7374536,42.2758921],[-83.7374526,42.2758891],[-83.7374669,42.2758885],[-83.7374667,42.275882],[-83.7374685,42.275882],[-83.7374684,42.2758786],[-83.7374666,42.2758783],[-83.7376325,42.2758754],[-83.7376327,42.2758816],[-83.7376815,42.2758811],[-83.7375493,42.2758833],[-83.7375493,42.2758844],[-83.737547,42.2758844],[-83.737547,42.2758854],[-83.7375493,42.2758854],[-83.73755,42.2759052],[-83.7375476,42.2759052],[-83.7375477,42.2759062],[-83.73755,42.2759062],[-83.7375505,42.2759075],[-83.7376828,42.2759056]],[[-83.7374123,42.2759126],[-83.7374124,42.2759157],[-83.7374087,42.2759157],[-83.7374086,42.2759127],[-83.7374123,42.2759126]],[[-83.7370146,42.2759193],[-83.7370147,42.2759231],[-83.7370092,42.2759232],[-83.7370091,42.2759194],[-83.7370146,42.2759193]],[[-83.7376839,42.2759124],[-83.7376834,42.2759114],[-83.7376447,42.2759124],[-83.7376445,42.275907],[-83.7376837,42.2759063],[-83.7376839,42.2759124]],[[-83.7376438,42.2759124],[-83.7376419,42.2759125],[-83.7376418,42.275908],[-83.7376363,42.2759081],[-83.7376364,42.2759126],[-83.7376346,42.2759126],[-83.7376344,42.2759071],[-83.7376436,42.275907],[-83.7376438,42.2759124]],[[-83.7374668,42.2759165],[-83.7374576,42.2759166],[-83.7374574,42.2759101],[-83.7374648,42.27591],[-83.7374647,42.2759063],[-83.7374665,42.2759062],[-83.7374668,42.2759165]],[[-83.737017,42.2759231],[-83.7370156,42.2759231],[-83.7370155,42.2759187],[-83.737009,42.2759188],[-83.737009,42.2759177],[-83.7370168,42.2759176],[-83.737017,42.2759231]],[[-83.7376822,42.2759039],[-83.7376823,42.2759046],[-83.7376486,42.2759052],[-83.7376486,42.2759045],[-83.7376822,42.2759039]],[[-83.7376477,42.2759045],[-83.7376477,42.2759052],[-83.7376302,42.2759055],[-83.7376302,42.2759048],[-83.7376477,42.2759045]],[[-83.7376292,42.2759048],[-83.7376293,42.2759055],[-83.7375509,42.2759069],[-83.7375509,42.2759062],[-83.7376292,42.2759048]],[[-83.7374221,42.2758998],[-83.7374202,42.2758999],[-83.7374199,42.275891],[-83.7373246,42.2758926],[-83.7373243,42.2758861],[-83.737317,42.2758862],[-83.7373168,42.2758798],[-83.7373255,42.2758796],[-83.7373259,42.2758919],[-83.7374066,42.2758905],[-83.7374068,42.2758834],[-83.7374075,42.2758905],[-83.7374204,42.2758903],[-83.7374205,42.275879],[-83.7373265,42.2758806],[-83.7373255,42.2758479],[-83.7373199,42.275848],[-83.7373204,42.275879],[-83.7373185,42.275817],[-83.7373222,42.2758169],[-83.7373227,42.2758176],[-83.7373223,42.2758206],[-83.7373222,42.2758176],[-83.737319,42.2758173],[-83.7373199,42.275847],[-83.7374116,42.2758454],[-83.7374122,42.2758628],[-83.7374108,42.2758628],[-83.7374103,42.2758465],[-83.7373402,42.2758476],[-83.7373412,42.2758794],[-83.73742,42.275878],[-83.7374203,42.2758732],[-83.7374212,42.2758732],[-83.7374221,42.2758998]],[[-83.7374056,42.2758895],[-83.7373751,42.2758863],[-83.7373751,42.275887],[-83.7373982,42.2758893],[-83.7374005,42.27589],[-83.7373319,42.2758911],[-83.7373392,42.2758896],[-83.7373576,42.2758873],[-83.7373585,42.2758869],[-83.737358,42.2758862],[-83.7373374,42.2758897],[-83.7373319,42.2758901],[-83.7373296,42.2758908],[-83.7373268,42.2758909],[-83.7373265,42.2758813],[-83.7373584,42.2758849],[-83.7373584,42.2758842],[-83.7373348,42.2758819],[-83.7373325,42.2758812],[-83.7373993,42.2758801],[-83.7373814,42.2758831],[-83.7373759,42.2758835],[-83.7373745,42.2758839],[-83.7373746,42.2758846],[-83.7373759,42.2758846],[-83.7373782,42.2758838],[-83.7373837,42.2758834],[-83.737386,42.2758827],[-83.7374053,42.27588],[-83.7374056,42.2758895]],[[-83.737647,42.2758837],[-83.7376476,42.2759035],[-83.7376301,42.2759038],[-83.7376295,42.275884],[-83.737647,42.2758837]],[[-83.737647,42.275882],[-83.737647,42.2758827],[-83.7376295,42.275883],[-83.7376295,42.2758823],[-83.737647,42.275882]],[[-83.7376285,42.2758823],[-83.7376286,42.275883],[-83.7375502,42.2758843],[-83.7375502,42.2758837],[-83.7376285,42.2758823]],[[-83.7374197,42.2758842],[-83.7374199,42.2758896],[-83.7374084,42.2758898],[-83.7374082,42.2758844],[-83.7374197,42.2758842]],[[-83.7370068,42.2758912],[-83.7370068,42.2758915],[-83.736963,42.2758922],[-83.736963,42.2758919],[-83.7370068,42.2758912]],[[-83.7376428,42.2758807],[-83.7376336,42.2758809],[-83.7376334,42.2758751],[-83.7376352,42.2758751],[-83.7376354,42.2758798],[-83.7376409,42.2758797],[-83.7376408,42.275875],[-83.7376426,42.2758749],[-83.7376428,42.2758807]],[[-83.737016,42.2758913],[-83.7370077,42.2758915],[-83.7370072,42.2758898],[-83.7369703,42.2758904],[-83.7369702,42.2758867],[-83.7369647,42.2758868],[-83.7369638,42.2758585],[-83.7369693,42.275858],[-83.7369692,42.2758539],[-83.7369632,42.275854],[-83.7369633,42.2758578],[-83.7369574,42.2758579],[-83.7369575,42.2758613],[-83.7369621,42.2758612],[-83.7369621,42.2758622],[-83.7369556,42.2758623],[-83.7369556,42.2758593],[-83.7369546,42.2758593],[-83.7369546,42.2758569],[-83.7369619,42.2758568],[-83.7369618,42.275853],[-83.7369706,42.2758529],[-83.7369708,42.2758594],[-83.7369657,42.2758594],[-83.7369665,42.2758857],[-83.7369716,42.2758856],[-83.7369717,42.2758894],[-83.7370072,42.2758888],[-83.7370071,42.275885],[-83.7370158,42.2758849],[-83.737016,42.2758913]],[[-83.7374196,42.2758797],[-83.7374197,42.2758828],[-83.7374128,42.2758829],[-83.7374127,42.2758799],[-83.7374196,42.2758797]],[[-83.7374113,42.2758799],[-83.7374114,42.2758826],[-83.7374077,42.2758827],[-83.7374076,42.2758799],[-83.7374113,42.2758799]],[[-83.7369689,42.2758874],[-83.736969,42.2758901],[-83.7369653,42.2758902],[-83.7369652,42.2758874],[-83.7369689,42.2758874]],[[-83.7369643,42.2758874],[-83.7369644,42.2758912],[-83.7369639,42.2758912],[-83.7369638,42.2758875],[-83.7369643,42.2758874]],[[-83.7376829,42.27588],[-83.7376437,42.2758807],[-83.7376435,42.2758753],[-83.7376823,42.2758746],[-83.7376827,42.2758739],[-83.7376829,42.27588]],[[-83.73764,42.2758791],[-83.7376391,42.2758791],[-83.7376389,42.2758757],[-83.7376371,42.2758757],[-83.7376372,42.2758791],[-83.7376363,42.2758791],[-83.7376362,42.275875],[-83.7376398,42.275875],[-83.73764,42.2758791]],[[-83.7372716,42.2758809],[-83.7372718,42.2758856],[-83.7371939,42.275887],[-83.7371937,42.2758822],[-83.7372716,42.2758809]],[[-83.7371444,42.2758834],[-83.7371407,42.2758834],[-83.7371417,42.2758831],[-83.7371403,42.2758408],[-83.7371394,42.2758408],[-83.7371394,42.2758401],[-83.7371412,42.2758401],[-83.7371426,42.2758831],[-83.7371444,42.2758834]],[[-83.7371025,42.2758841],[-83.7371002,42.2758841],[-83.7371006,42.2758964],[-83.7370513,42.2758972],[-83.7370489,42.2758205],[-83.7370505,42.2758416],[-83.7370513,42.2758843],[-83.7371016,42.2758834],[-83.7371025,42.2758841]],[[-83.7376808,42.2758736],[-83.7376809,42.2758739],[-83.737644,42.2758746],[-83.737644,42.2758742],[-83.7376808,42.2758736]],[[-83.737632,42.2758744],[-83.737632,42.2758748],[-83.7375947,42.2758754],[-83.7375947,42.2758751],[-83.737632,42.2758744]],[[-83.7375928,42.2758751],[-83.7375928,42.2758754],[-83.7375504,42.2758762],[-83.7375504,42.2758758],[-83.7375928,42.2758751]],[[-83.7375486,42.2758758],[-83.7375486,42.2758762],[-83.7375062,42.2758769],[-83.7375062,42.2758766],[-83.7375486,42.2758758]],[[-83.7375043,42.2758766],[-83.7375044,42.2758769],[-83.737467,42.2758776],[-83.737467,42.2758772],[-83.7375043,42.2758766]],[[-83.7374659,42.2758875],[-83.7374641,42.2758875],[-83.737464,42.2758838],[-83.7374566,42.2758839],[-83.7374564,42.2758774],[-83.7374656,42.2758772],[-83.7374659,42.2758875]],[[-83.7373802,42.2758736],[-83.7373798,42.2758736],[-83.7373798,42.2758749],[-83.7373793,42.275875],[-83.7373794,42.2758763],[-83.7373789,42.2758763],[-83.737379,42.2758777],[-83.7373785,42.2758777],[-83.7373785,42.275878],[-83.7373771,42.2758781],[-83.7373775,42.2758757],[-83.737378,42.2758757],[-83.7373779,42.2758743],[-83.7373784,42.2758743],[-83.7373788,42.2758726],[-83.7373802,42.2758726],[-83.7373802,42.2758736]],[[-83.7373812,42.275877],[-83.7373799,42.275877],[-83.7373798,42.2758763],[-83.7373803,42.2758763],[-83.7373803,42.2758749],[-83.7373807,42.2758749],[-83.7373807,42.2758736],[-83.7373811,42.2758736],[-83.7373812,42.275877]],[[-83.7373872,42.2758769],[-83.7373849,42.2758769],[-83.7373848,42.2758728],[-83.7373862,42.2758735],[-83.7373862,42.2758738],[-83.7373871,42.2758738],[-83.7373872,42.2758769]],[[-83.7373688,42.2758772],[-83.7373665,42.2758772],[-83.7373664,42.2758728],[-83.7373687,42.2758727],[-83.7373682,42.2758734],[-83.7373678,42.2758734],[-83.7373678,42.2758741],[-83.7373687,42.2758741],[-83.7373688,42.2758772]],[[-83.7374195,42.2758763],[-83.7373909,42.2758768],[-83.7373908,42.2758724],[-83.7373945,42.2758723],[-83.7373944,42.2758713],[-83.7373908,42.2758714],[-83.7373905,42.2758642],[-83.7373915,42.2758642],[-83.7373914,42.2758611],[-83.73739,42.2758611],[-83.7373898,42.2758557],[-83.737394,42.2758556],[-83.7373939,42.2758546],[-83.7373898,42.2758546],[-83.7373896,42.2758485],[-83.7374094,42.2758482],[-83.7374099,42.2758635],[-83.7374191,42.2758634],[-83.7374191,42.275864],[-83.7374081,42.2758642],[-83.7374081,42.2758666],[-83.7374101,42.2758697],[-83.7374129,42.2758717],[-83.7374157,42.2758726],[-83.7374194,42.2758729],[-83.7374195,42.2758763]],[[-83.737372,42.2758771],[-83.7373697,42.2758772],[-83.7373696,42.2758734],[-83.737371,42.2758727],[-83.7373709,42.2758717],[-83.7373695,42.275871],[-83.7373693,42.2758645],[-83.7373716,42.2758645],[-83.737372,42.2758771]],[[-83.7373903,42.2758724],[-83.7373905,42.2758768],[-83.7373882,42.2758769],[-83.737388,42.2758724],[-83.7373903,42.2758724]],[[-83.7373871,42.2758724],[-83.7373866,42.2758724],[-83.7373866,42.2758728],[-83.7373871,42.2758728],[-83.7373871,42.2758724]],[[-83.7373654,42.2758728],[-83.7373656,42.2758772],[-83.7373633,42.2758773],[-83.7373631,42.2758728],[-83.7373654,42.2758728]],[[-83.7373627,42.2758728],[-83.7373628,42.2758773],[-83.7373605,42.2758773],[-83.7373604,42.2758729],[-83.7373627,42.2758728]],[[-83.7373596,42.2758773],[-83.7373587,42.2758774],[-83.7373587,42.2758784],[-83.7373421,42.2758787],[-83.7373412,42.2758483],[-83.7373578,42.275848],[-83.7373582,42.2758487],[-83.7373584,42.2758552],[-83.737352,42.2758553],[-83.7373493,42.2758574],[-83.7373497,42.2758714],[-83.7373506,42.2758717],[-83.7373507,42.2758724],[-83.7373525,42.275873],[-83.7373594,42.2758729],[-83.7373596,42.2758773]],[[-83.7373779,42.2758733],[-83.7373766,42.2758757],[-83.7373766,42.275877],[-83.7373757,42.2758771],[-83.7373753,42.2758644],[-83.7373776,42.2758644],[-83.7373778,42.2758709],[-83.7373765,42.2758713],[-83.7373765,42.2758719],[-83.7373779,42.2758723],[-83.7373779,42.2758733]],[[-83.7373811,42.2758719],[-83.7373802,42.2758719],[-83.7373802,42.2758722],[-83.7373811,42.2758722],[-83.7373811,42.2758719]],[[-83.737384,42.2758769],[-83.7373817,42.275877],[-83.7373815,42.2758715],[-83.7373824,42.2758712],[-83.7373824,42.2758708],[-83.7373834,42.2758708],[-83.7373833,42.2758705],[-83.7373838,42.2758704],[-83.737384,42.2758769]],[[-83.7373871,42.2758711],[-83.7373871,42.2758714],[-83.7373866,42.2758714],[-83.7373866,42.2758711],[-83.7373871,42.2758711]],[[-83.7373824,42.2758705],[-83.7373806,42.2758708],[-83.7373806,42.2758712],[-83.7373797,42.2758712],[-83.7373792,42.2758719],[-83.7373783,42.2758716],[-83.7373783,42.2758712],[-83.7373792,42.2758712],[-83.7373792,42.2758709],[-83.7373801,42.2758708],[-83.7373806,42.2758702],[-83.7373824,42.2758701],[-83.7373824,42.2758705]],[[-83.7373686,42.2758704],[-83.7373677,42.2758704],[-83.7373677,42.2758714],[-83.7373682,42.2758714],[-83.7373682,42.2758717],[-83.7373663,42.2758718],[-83.7373661,42.2758646],[-83.7373684,42.2758646],[-83.7373686,42.2758704]],[[-83.7373804,42.2758654],[-83.73738,42.2758654],[-83.73738,42.2758668],[-83.7373795,42.2758668],[-83.7373796,42.2758681],[-83.7373791,42.2758681],[-83.7373792,42.2758698],[-83.7373796,42.2758698],[-83.7373796,42.2758702],[-83.7373787,42.2758702],[-83.7373785,42.2758644],[-83.7373804,42.2758644],[-83.7373804,42.2758654]],[[-83.7373838,42.2758698],[-83.7373824,42.2758698],[-83.7373824,42.2758684],[-83.7373828,42.2758684],[-83.7373828,42.2758674],[-83.7373833,42.2758674],[-83.7373832,42.275866],[-83.7373837,42.275866],[-83.7373838,42.2758698]],[[-83.7373836,42.2758636],[-83.7373831,42.2758636],[-83.7373832,42.2758647],[-83.7373827,42.2758647],[-83.7373823,42.2758674],[-83.7373819,42.2758674],[-83.7373819,42.2758688],[-83.7373814,42.2758688],[-83.7373815,42.2758695],[-83.7373805,42.2758695],[-83.7373805,42.2758691],[-83.7373801,42.2758691],[-83.73738,42.2758681],[-83.7373805,42.2758681],[-83.7373805,42.2758667],[-83.7373809,42.2758667],[-83.7373809,42.2758654],[-83.7373813,42.2758654],[-83.7373817,42.275863],[-83.7373822,42.275863],[-83.7373817,42.2758623],[-83.7373836,42.2758623],[-83.7373836,42.2758636]],[[-83.7373901,42.2758642],[-83.7373903,42.2758714],[-83.737388,42.2758714],[-83.7373878,42.2758642],[-83.7373901,42.2758642]],[[-83.737387,42.27587],[-83.7373861,42.2758701],[-83.7373852,42.2758711],[-83.7373847,42.2758711],[-83.7373845,42.2758643],[-83.7373868,42.2758643],[-83.737387,42.27587]],[[-83.7373744,42.2758645],[-83.7373748,42.2758771],[-83.7373725,42.2758771],[-83.7373721,42.2758645],[-83.7373744,42.2758645]],[[-83.7373652,42.2758646],[-83.7373654,42.2758718],[-83.7373631,42.2758718],[-83.7373629,42.2758647],[-83.7373652,42.2758646]],[[-83.7373624,42.2758647],[-83.7373626,42.2758718],[-83.7373603,42.2758719],[-83.7373601,42.2758647],[-83.7373624,42.2758647]],[[-83.7373594,42.2758719],[-83.7373525,42.275872],[-83.7373506,42.27587],[-83.7373502,42.2758584],[-83.7373507,42.2758574],[-83.7373525,42.2758563],[-83.7373585,42.2758562],[-83.7373583,42.2758647],[-83.7373592,42.2758647],[-83.7373594,42.2758719]],[[-83.7373905,42.2758635],[-83.7373905,42.2758638],[-83.7373841,42.275864],[-83.7373841,42.2758636],[-83.7373905,42.2758635]],[[-83.7373808,42.2758637],[-83.7373808,42.275864],[-83.7373592,42.2758644],[-83.7373592,42.275864],[-83.7373808,42.2758637]],[[-83.7373895,42.2758622],[-83.7373896,42.2758632],[-83.7373845,42.2758633],[-83.7373845,42.2758622],[-83.7373895,42.2758622]],[[-83.7373813,42.275863],[-83.7373601,42.2758637],[-83.73736,42.2758627],[-83.7373812,42.2758623],[-83.7373813,42.275863]],[[-83.7373904,42.2758615],[-83.7373905,42.2758618],[-83.7373591,42.2758623],[-83.7373591,42.275862],[-83.7373904,42.2758615]],[[-83.7373889,42.2758557],[-83.7373891,42.2758611],[-83.7373867,42.2758612],[-83.7373866,42.2758557],[-83.7373889,42.2758557]],[[-83.7373861,42.2758557],[-83.7373863,42.2758612],[-83.737384,42.2758612],[-83.7373838,42.2758558],[-83.7373861,42.2758557]],[[-83.7373829,42.2758558],[-83.7373831,42.2758612],[-83.7373808,42.2758613],[-83.7373806,42.2758558],[-83.7373829,42.2758558]],[[-83.7373797,42.2758558],[-83.7373798,42.2758613],[-83.7373775,42.2758613],[-83.7373774,42.2758559],[-83.7373797,42.2758558]],[[-83.7373769,42.2758559],[-83.7373771,42.2758613],[-83.7373748,42.2758614],[-83.7373746,42.2758559],[-83.7373769,42.2758559]],[[-83.7373737,42.2758559],[-83.7373738,42.2758614],[-83.7373715,42.2758614],[-83.7373714,42.275856],[-83.7373737,42.2758559]],[[-83.7373704,42.275856],[-83.7373706,42.2758615],[-83.7373683,42.2758615],[-83.7373681,42.275856],[-83.7373704,42.275856]],[[-83.7373677,42.275856],[-83.7373679,42.2758615],[-83.7373655,42.2758615],[-83.7373654,42.2758561],[-83.7373677,42.275856]],[[-83.7373645,42.2758561],[-83.7373646,42.2758616],[-83.7373623,42.2758616],[-83.7373622,42.2758561],[-83.7373645,42.2758561]],[[-83.7373612,42.2758562],[-83.7373614,42.2758616],[-83.7373591,42.2758617],[-83.7373589,42.2758562],[-83.7373612,42.2758562]],[[-83.7369621,42.2758629],[-83.7369621,42.2758633],[-83.7369548,42.2758634],[-83.7369547,42.275863],[-83.7369621,42.2758629]],[[-83.7369194,42.2757934],[-83.7369171,42.2757934],[-83.7369171,42.2757948],[-83.7369121,42.2757948],[-83.7369139,42.2758538],[-83.736919,42.2758538],[-83.7369192,42.2758602],[-83.7369104,42.2758604],[-83.7369178,42.2758599],[-83.7369176,42.2758548],[-83.7369121,42.2758549],[-83.7369102,42.2757938],[-83.7369157,42.2757938],[-83.7369156,42.2757893],[-83.73691,42.2757894],[-83.73691,42.2757877],[-83.7369081,42.2757877],[-83.7369081,42.2757864],[-83.7369118,42.2757863],[-83.7369119,42.2757884],[-83.7369169,42.2757883],[-83.7369171,42.275793],[-83.7369194,42.2757934]],[[-83.7374646,42.2758438],[-83.7374623,42.2758439],[-83.7374623,42.2758456],[-83.7374573,42.2758457],[-83.7374574,42.2758501],[-83.7374625,42.27585],[-83.7374633,42.2758766],[-83.7374619,42.2758766],[-83.7374611,42.2758511],[-83.7374556,42.2758511],[-83.7374554,42.2758447],[-83.7374605,42.2758446],[-83.7374609,42.2758425],[-83.7374646,42.2758425],[-83.7374646,42.2758438]],[[-83.7369629,42.2758585],[-83.736963,42.2758605],[-83.7369584,42.2758606],[-83.7369583,42.2758585],[-83.7369629,42.2758585]],[[-83.7373887,42.2758485],[-83.7373889,42.2758547],[-83.7373865,42.2758547],[-83.7373864,42.2758486],[-83.7373887,42.2758485]],[[-83.7373859,42.2758486],[-83.7373861,42.2758547],[-83.7373838,42.2758548],[-83.7373836,42.2758486],[-83.7373859,42.2758486]],[[-83.7373827,42.2758486],[-83.7373829,42.2758548],[-83.7373806,42.2758548],[-83.7373804,42.2758487],[-83.7373827,42.2758486]],[[-83.7373794,42.2758487],[-83.7373796,42.2758548],[-83.7373773,42.2758549],[-83.7373771,42.2758487],[-83.7373794,42.2758487]],[[-83.7373767,42.2758487],[-83.7373769,42.2758549],[-83.7373746,42.2758549],[-83.7373744,42.2758488],[-83.7373767,42.2758487]],[[-83.7373735,42.2758488],[-83.7373736,42.2758549],[-83.7373713,42.275855],[-83.7373711,42.2758488],[-83.7373735,42.2758488]],[[-83.7373702,42.2758488],[-83.7373704,42.275855],[-83.7373681,42.275855],[-83.7373679,42.2758489],[-83.7373702,42.2758488]],[[-83.7373675,42.2758489],[-83.7373677,42.275855],[-83.7373653,42.2758551],[-83.7373652,42.2758489],[-83.7373675,42.2758489]],[[-83.7373642,42.2758489],[-83.7373644,42.2758551],[-83.7373621,42.2758551],[-83.7373619,42.275849],[-83.7373642,42.2758489]],[[-83.737361,42.275849],[-83.7373612,42.2758551],[-83.7373589,42.2758552],[-83.7373587,42.275849],[-83.737361,42.275849]],[[-83.7374633,42.2758462],[-83.7374634,42.2758493],[-83.7374583,42.2758494],[-83.7374582,42.2758463],[-83.7374633,42.2758462]],[[-83.7373246,42.2758486],[-83.7373255,42.2758789],[-83.7373218,42.275879],[-83.7373209,42.2758487],[-83.7373246,42.2758486]],[[-83.7369683,42.2758546],[-83.7369684,42.2758577],[-83.7369643,42.2758578],[-83.7369642,42.2758547],[-83.7369683,42.2758546]],[[-83.7369167,42.2758555],[-83.7369168,42.2758592],[-83.7369113,42.2758593],[-83.7369112,42.2758556],[-83.7369167,42.2758555]],[[-83.7374646,42.2758445],[-83.7374656,42.2758766],[-83.7374651,42.2758766],[-83.7374642,42.2758445],[-83.7374646,42.2758445]],[[-83.7374209,42.2758637],[-83.73742,42.2758637],[-83.73742,42.2758627],[-83.7374131,42.2758628],[-83.7374125,42.2758454],[-83.7374199,42.2758453],[-83.7374198,42.2758429],[-83.7373558,42.2758436],[-83.7374203,42.2758425],[-83.7374209,42.2758637]],[[-83.7371407,42.2758824],[-83.7371398,42.2758824],[-83.7371395,42.2758742],[-83.737134,42.275875],[-83.7371322,42.2758764],[-83.7371313,42.2758764],[-83.7371286,42.2758795],[-83.7371283,42.2758826],[-83.7370522,42.2758836],[-83.737051,42.275843],[-83.7371265,42.2758414],[-83.737128,42.2758454],[-83.7371314,42.2758481],[-83.7371351,42.2758494],[-83.7371388,42.2758497],[-83.7371385,42.2758415],[-83.7371394,42.2758415],[-83.7371407,42.2758824]],[[-83.7374816,42.2758432],[-83.7374816,42.2758435],[-83.7374812,42.2758435],[-83.7374812,42.2758432],[-83.7374816,42.2758432]],[[-83.737419,42.2758446],[-83.7373208,42.2758463],[-83.7373199,42.275818],[-83.7373213,42.2758179],[-83.7373214,42.275821],[-83.7373239,42.2758274],[-83.7373268,42.2758315],[-83.7373301,42.2758342],[-83.7373301,42.2758348],[-83.7373377,42.2758398],[-83.7373475,42.2758434],[-83.7373553,42.2758447],[-83.7374189,42.2758436],[-83.737419,42.2758446]],[[-83.7373548,42.2758433],[-83.7373548,42.2758436],[-83.737353,42.2758437],[-83.737353,42.2758433],[-83.7373548,42.2758433]],[[-83.7373525,42.275843],[-83.7373525,42.2758433],[-83.7373512,42.2758434],[-83.7373511,42.275843],[-83.7373525,42.275843]],[[-83.7373507,42.2758427],[-83.7373507,42.275843],[-83.7373493,42.2758431],[-83.7373493,42.2758427],[-83.7373507,42.2758427]],[[-83.7373488,42.2758424],[-83.7373488,42.2758427],[-83.7373479,42.2758427],[-83.7373479,42.2758424],[-83.7373488,42.2758424]],[[-83.7373474,42.2758421],[-83.737347,42.2758421],[-83.737347,42.2758424],[-83.7373474,42.2758424],[-83.7373474,42.2758421]],[[-83.7373465,42.2758417],[-83.7373465,42.2758421],[-83.7373456,42.2758421],[-83.7373456,42.2758417],[-83.7373465,42.2758417]],[[-83.7373451,42.2758414],[-83.7373446,42.2758414],[-83.7373446,42.2758418],[-83.7373451,42.2758418],[-83.7373451,42.2758414]],[[-83.7373442,42.2758411],[-83.7373442,42.2758414],[-83.7373437,42.2758414],[-83.7373437,42.2758411],[-83.7373442,42.2758411]],[[-83.7373432,42.2758408],[-83.7373432,42.2758411],[-83.7373428,42.2758411],[-83.7373428,42.2758408],[-83.7373432,42.2758408]],[[-83.7373423,42.2758408],[-83.7373414,42.2758405],[-83.7373414,42.2758401],[-83.7373423,42.2758404],[-83.7373423,42.2758408]],[[-83.7373409,42.2758398],[-83.7373409,42.2758401],[-83.7373404,42.2758401],[-83.7373404,42.2758398],[-83.7373409,42.2758398]],[[-83.73734,42.2758398],[-83.737339,42.2758395],[-83.737339,42.2758391],[-83.73734,42.2758395],[-83.73734,42.2758398]],[[-83.7373381,42.2758388],[-83.7373372,42.2758385],[-83.7373372,42.2758381],[-83.7373381,42.2758385],[-83.7373381,42.2758388]],[[-83.7373362,42.2758378],[-83.7373344,42.2758368],[-83.7373343,42.2758365],[-83.7373339,42.2758365],[-83.7373339,42.2758361],[-83.7373334,42.2758362],[-83.7373334,42.2758358],[-83.7373329,42.2758358],[-83.7373329,42.2758355],[-83.7373325,42.2758355],[-83.7373325,42.2758351],[-83.737332,42.2758352],[-83.737332,42.2758348],[-83.7373315,42.2758348],[-83.7373315,42.2758345],[-83.7373334,42.2758355],[-83.7373334,42.2758358],[-83.7373339,42.2758358],[-83.7373339,42.2758361],[-83.7373343,42.2758361],[-83.7373343,42.2758365],[-83.7373348,42.2758365],[-83.7373348,42.2758368],[-83.7373353,42.2758368],[-83.7373353,42.2758371],[-83.7373357,42.2758371],[-83.7373358,42.2758375],[-83.7373362,42.2758375],[-83.7373362,42.2758378]],[[-83.737331,42.2758338],[-83.7373301,42.2758335],[-83.7373301,42.2758331],[-83.737331,42.2758335],[-83.737331,42.2758338]],[[-83.7370789,42.2758381],[-83.7370785,42.2758381],[-83.7370785,42.2758388],[-83.7370776,42.2758391],[-83.7370776,42.2758395],[-83.7370758,42.2758398],[-83.7370758,42.2758395],[-83.7370748,42.2758395],[-83.7370748,42.2758392],[-83.7370744,42.2758392],[-83.7370738,42.2758375],[-83.7370743,42.2758375],[-83.7370743,42.2758368],[-83.7370747,42.2758368],[-83.7370747,42.2758364],[-83.737077,42.2758361],[-83.737077,42.2758364],[-83.737078,42.2758364],[-83.737078,42.2758367],[-83.7370784,42.2758367],[-83.7370785,42.2758377],[-83.7370789,42.2758377],[-83.7370789,42.2758381]],[[-83.7373296,42.2758325],[-83.7373287,42.2758321],[-83.7373287,42.2758318],[-83.7373296,42.2758321],[-83.7373296,42.2758325]],[[-83.7373286,42.2758311],[-83.7373287,42.2758315],[-83.7373282,42.2758315],[-83.7373282,42.2758311],[-83.7373286,42.2758311]],[[-83.7373277,42.2758301],[-83.7373272,42.2758301],[-83.7373272,42.2758305],[-83.7373277,42.2758305],[-83.7373277,42.2758301]],[[-83.7373272,42.2758294],[-83.7373272,42.2758298],[-83.7373268,42.2758298],[-83.7373267,42.2758294],[-83.7373272,42.2758294]],[[-83.7373267,42.2758288],[-83.7373267,42.2758291],[-83.7373263,42.2758291],[-83.7373263,42.2758288],[-83.7373267,42.2758288]],[[-83.7373262,42.2758281],[-83.7373258,42.2758281],[-83.7373258,42.2758284],[-83.7373263,42.2758284],[-83.7373262,42.2758281]],[[-83.7373257,42.2758271],[-83.7373253,42.2758271],[-83.7373253,42.2758278],[-83.7373258,42.2758278],[-83.7373257,42.2758271]],[[-83.7373253,42.2758264],[-83.7373253,42.2758267],[-83.7373248,42.2758267],[-83.7373248,42.2758264],[-83.7373253,42.2758264]],[[-83.7373248,42.2758254],[-83.7373243,42.2758254],[-83.7373243,42.2758261],[-83.7373248,42.2758261],[-83.7373248,42.2758254]],[[-83.7373243,42.2758244],[-83.7373243,42.2758251],[-83.7373238,42.2758251],[-83.7373238,42.2758244],[-83.7373243,42.2758244]],[[-83.7373238,42.275823],[-83.7373238,42.2758237],[-83.7373233,42.2758237],[-83.7373233,42.275823],[-83.7373238,42.275823]],[[-83.7374809,42.2758186],[-83.7374809,42.275819],[-83.7374804,42.275819],[-83.7374804,42.2758187],[-83.7374809,42.2758186]],[[-83.7374639,42.27582],[-83.7374602,42.27582],[-83.7374601,42.2758183],[-83.7374546,42.2758184],[-83.7374544,42.2758119],[-83.7374599,42.2758115],[-83.7374591,42.2757856],[-83.7374536,42.2757857],[-83.7374534,42.2757792],[-83.7374584,42.2757791],[-83.7374588,42.2757771],[-83.7374625,42.275777],[-83.7374626,42.2757784],[-83.7374603,42.2757784],[-83.7374603,42.2757801],[-83.7374552,42.2757802],[-83.7374554,42.2757846],[-83.7374605,42.2757845],[-83.7374613,42.2758128],[-83.7374563,42.2758129],[-83.7374564,42.2758174],[-83.7374615,42.2758173],[-83.7374615,42.275819],[-83.7374638,42.2758189],[-83.7374639,42.27582]],[[-83.7373233,42.2758213],[-83.7373233,42.2758223],[-83.7373228,42.2758223],[-83.7373228,42.2758213],[-83.7373233,42.2758213]],[[-83.7374623,42.2758135],[-83.7374624,42.2758166],[-83.7374573,42.2758167],[-83.7374572,42.2758136],[-83.7374623,42.2758135]],[[-83.7371078,42.2757885],[-83.7371025,42.2757943],[-83.7370767,42.2757948],[-83.7370766,42.275791],[-83.7370775,42.2757907],[-83.737078,42.2757941],[-83.7370932,42.2757938],[-83.737093,42.2757856],[-83.7370911,42.2757857],[-83.7370911,42.275785],[-83.7371017,42.2757848],[-83.7371055,42.2757871],[-83.7371064,42.2757871],[-83.7371078,42.2757885]],[[-83.7370719,42.2757908],[-83.7370484,42.2757912],[-83.7370485,42.2757922],[-83.7370475,42.2757915],[-83.7370438,42.2757916],[-83.7370442,42.2757875],[-83.7370447,42.2757909],[-83.7370719,42.2757908]],[[-83.7369626,42.2757885],[-83.7369612,42.2757889],[-83.7369618,42.275793],[-83.7369609,42.275793],[-83.7369603,42.2757756],[-83.7369622,42.2757756],[-83.7369626,42.2757885]],[[-83.73696,42.275793],[-83.7369595,42.275793],[-83.7369595,42.2757927],[-83.7369576,42.2757927],[-83.7369576,42.2757924],[-83.7369599,42.2757923],[-83.73696,42.275793]],[[-83.7370774,42.275789],[-83.737077,42.275789],[-83.737077,42.2757897],[-83.7370761,42.27579],[-83.7370761,42.2757904],[-83.7370742,42.2757907],[-83.7370742,42.2757904],[-83.7370733,42.2757904],[-83.7370733,42.2757901],[-83.7370728,42.2757901],[-83.7370723,42.2757884],[-83.7370728,42.2757884],[-83.7370728,42.2757877],[-83.7370732,42.2757877],[-83.7370732,42.2757873],[-83.7370755,42.275787],[-83.7370755,42.2757873],[-83.7370764,42.2757873],[-83.7370765,42.2757876],[-83.7370769,42.2757876],[-83.7370769,42.2757886],[-83.7370774,42.2757886],[-83.7370774,42.275789]],[[-83.7370258,42.2757912],[-83.7369705,42.2757921],[-83.7369704,42.2757884],[-83.7369635,42.2757885],[-83.7369631,42.2757756],[-83.7369649,42.2757755],[-83.7369658,42.2757874],[-83.7369911,42.275787],[-83.7369912,42.2757887],[-83.736994,42.275789],[-83.7370207,42.2757882],[-83.7370206,42.2757865],[-83.7370257,42.2757864],[-83.7370258,42.2757912]],[[-83.7374613,42.2757808],[-83.7374614,42.2757838],[-83.7374563,42.2757839],[-83.7374562,42.2757809],[-83.7374613,42.2757808]],[[-83.7370428,42.2757879],[-83.7370429,42.2757906],[-83.7370378,42.2757907],[-83.7370377,42.2757879],[-83.7370428,42.2757879]],[[-83.7369695,42.2757891],[-83.7369696,42.2757918],[-83.7369627,42.2757919],[-83.7369626,42.2757892],[-83.7369695,42.2757891]],[[-83.7369147,42.27579],[-83.7369148,42.2757931],[-83.7369092,42.2757932],[-83.7369091,42.2757901],[-83.7369147,42.27579]],[[-83.7370923,42.2757932],[-83.7370789,42.2757934],[-83.7370787,42.2757866],[-83.7370801,42.2757865],[-83.7370804,42.2757821],[-83.737084,42.2757786],[-83.7370886,42.2757772],[-83.7370895,42.2757772],[-83.7370898,42.2757864],[-83.7370921,42.2757863],[-83.7370923,42.2757932]],[[-83.7370444,42.2757796],[-83.737043,42.2757797],[-83.7370429,42.2757773],[-83.7370273,42.2757775],[-83.7370277,42.2757919],[-83.7370268,42.2757919],[-83.7370266,42.2757857],[-83.7370197,42.2757859],[-83.7370197,42.2757876],[-83.7369921,42.275788],[-83.736992,42.2757863],[-83.7369662,42.2757868],[-83.7369658,42.2757748],[-83.7369594,42.2757753],[-83.7369594,42.2757746],[-83.7369658,42.2757745],[-83.7369649,42.2757438],[-83.7369681,42.2757437],[-83.7369681,42.2757444],[-83.7370115,42.2757437],[-83.7370116,42.2757488],[-83.7370328,42.2757484],[-83.737033,42.2757385],[-83.7370333,42.2757488],[-83.737042,42.2757486],[-83.7370419,42.2757425],[-83.7370428,42.2757421],[-83.7370426,42.275738],[-83.7370417,42.2757381],[-83.7370417,42.275737],[-83.7370431,42.275737],[-83.7370439,42.275765],[-83.7370426,42.275765],[-83.7370421,42.275749],[-83.7370116,42.2757495],[-83.7370119,42.2757577],[-83.737011,42.2757577],[-83.7370105,42.275744],[-83.7369654,42.2757448],[-83.7369667,42.2757864],[-83.7369925,42.275786],[-83.7369925,42.2757877],[-83.7370193,42.2757872],[-83.7370192,42.2757855],[-83.7370266,42.2757854],[-83.7370263,42.2757776],[-83.7370217,42.2757776],[-83.7370214,42.2757664],[-83.7370223,42.2757664],[-83.7370226,42.2757769],[-83.7370429,42.2757766],[-83.7370428,42.2757739],[-83.7370442,42.2757738],[-83.7370444,42.2757796]],[[-83.7374626,42.275779],[-83.7374638,42.2758183],[-83.7374633,42.2758183],[-83.7374621,42.275779],[-83.7374626,42.275779]],[[-83.7370787,42.2757859],[-83.7370778,42.2757859],[-83.7370778,42.2757869],[-83.7370774,42.2757869],[-83.7370769,42.2757862],[-83.7370741,42.275786],[-83.7370741,42.2757863],[-83.7370727,42.2757863],[-83.7370718,42.2757874],[-83.7370714,42.2757874],[-83.7370713,42.2757853],[-83.7370787,42.2757852],[-83.7370787,42.2757859]],[[-83.7370534,42.2757863],[-83.7370423,42.2757865],[-83.7370423,42.2757872],[-83.7370368,42.2757873],[-83.7370369,42.275791],[-83.7370286,42.2757912],[-83.7370282,42.2757782],[-83.737042,42.275778],[-83.7370421,42.2757807],[-83.7370463,42.2757806],[-83.7370505,42.2757819],[-83.7370528,42.2757843],[-83.7370534,42.2757863]],[[-83.7374796,42.2757777],[-83.7374791,42.2757777],[-83.7374792,42.2757781],[-83.7374796,42.2757781],[-83.7374796,42.2757777]],[[-83.7370183,42.2757855],[-83.7370183,42.2757866],[-83.7369934,42.275787],[-83.7369934,42.275786],[-83.7370183,42.2757855]],[[-83.7368911,42.2757877],[-83.7368911,42.275788],[-83.7368906,42.275788],[-83.7368906,42.2757877],[-83.7368911,42.2757877]],[[-83.7370169,42.2757849],[-83.7370118,42.275785],[-83.7370118,42.2757843],[-83.7370127,42.2757843],[-83.7370127,42.2757846],[-83.7370164,42.2757845],[-83.7370164,42.2757842],[-83.7370169,42.2757842],[-83.7370169,42.2757849]],[[-83.7370086,42.275785],[-83.7370031,42.2757851],[-83.737003,42.2757841],[-83.737004,42.2757844],[-83.737004,42.2757848],[-83.7370077,42.2757847],[-83.7370081,42.275784],[-83.7370086,42.275784],[-83.7370086,42.275785]],[[-83.7369998,42.2757852],[-83.7369948,42.2757853],[-83.7369947,42.2757846],[-83.7369952,42.2757846],[-83.7369952,42.2757849],[-83.7369989,42.2757848],[-83.7369989,42.2757845],[-83.7369998,42.2757845],[-83.7369998,42.2757852]],[[-83.7369855,42.2757854],[-83.7369809,42.2757855],[-83.7369809,42.2757848],[-83.7369818,42.2757848],[-83.7369818,42.2757844],[-83.7369823,42.2757844],[-83.7369823,42.2757838],[-83.7369827,42.2757837],[-83.7369827,42.2757834],[-83.7369836,42.2757834],[-83.7369841,42.2757847],[-83.7369855,42.2757847],[-83.7369855,42.2757854]],[[-83.7369745,42.2757856],[-83.7369699,42.2757857],[-83.7369699,42.275785],[-83.7369708,42.275785],[-83.7369708,42.2757846],[-83.7369712,42.2757846],[-83.7369712,42.2757839],[-83.7369717,42.2757839],[-83.7369717,42.2757836],[-83.7369726,42.2757836],[-83.7369731,42.2757849],[-83.7369745,42.2757849],[-83.7369745,42.2757856]],[[-83.7370164,42.2757832],[-83.7370155,42.2757835],[-83.7370155,42.2757839],[-83.7370132,42.2757839],[-83.7370122,42.2757829],[-83.7370131,42.2757826],[-83.7370131,42.2757822],[-83.7370159,42.2757822],[-83.7370159,42.2757825],[-83.7370163,42.2757825],[-83.7370164,42.2757832]],[[-83.7369993,42.2757835],[-83.7369984,42.2757838],[-83.7369984,42.2757842],[-83.7369961,42.2757842],[-83.7369952,42.2757832],[-83.7369956,42.2757832],[-83.7369956,42.2757825],[-83.7369984,42.2757825],[-83.7369993,42.2757835]],[[-83.7370076,42.2757837],[-83.7370072,42.2757837],[-83.7370072,42.275784],[-83.7370044,42.2757841],[-83.7370044,42.2757837],[-83.7370039,42.2757837],[-83.7370039,42.2757827],[-83.7370044,42.2757827],[-83.7370044,42.2757824],[-83.7370071,42.2757823],[-83.7370071,42.2757827],[-83.7370076,42.2757826],[-83.7370076,42.2757837]],[[-83.7370168,42.2757815],[-83.7370168,42.2757818],[-83.7370163,42.2757818],[-83.7370163,42.2757815],[-83.7370168,42.2757815]],[[-83.7370122,42.2757815],[-83.7370117,42.2757816],[-83.7370117,42.2757819],[-83.7370122,42.2757819],[-83.7370122,42.2757815]],[[-83.7370085,42.2757823],[-83.7370076,42.275782],[-83.7370076,42.2757816],[-83.7370085,42.2757816],[-83.7370085,42.2757823]],[[-83.7370039,42.275782],[-83.737003,42.2757824],[-83.737003,42.2757817],[-83.7370039,42.2757817],[-83.7370039,42.275782]],[[-83.7369997,42.2757818],[-83.7369997,42.2757821],[-83.7369993,42.2757821],[-83.7369993,42.2757818],[-83.7369997,42.2757818]],[[-83.7369951,42.2757818],[-83.7369947,42.2757818],[-83.7369947,42.2757822],[-83.7369951,42.2757822],[-83.7369951,42.2757818]],[[-83.737042,42.2757759],[-83.7370235,42.2757762],[-83.7370232,42.2757657],[-83.7370204,42.2757657],[-83.7370208,42.2757783],[-83.7370254,42.2757782],[-83.7370256,42.2757847],[-83.7370178,42.2757849],[-83.7370177,42.2757808],[-83.7370108,42.2757809],[-83.7370109,42.275785],[-83.7370095,42.275785],[-83.7370094,42.2757809],[-83.737002,42.275781],[-83.7370021,42.2757851],[-83.7370008,42.2757852],[-83.7370006,42.2757811],[-83.7369937,42.2757812],[-83.7369938,42.2757853],[-83.7369892,42.2757853],[-83.7369891,42.2757813],[-83.7369882,42.2757813],[-83.7369883,42.2757854],[-83.7369865,42.2757854],[-83.7369864,42.2757837],[-83.7369846,42.2757837],[-83.7369845,42.2757827],[-83.7369827,42.2757824],[-83.7369813,42.2757831],[-83.7369813,42.2757838],[-83.73698,42.2757838],[-83.73698,42.2757855],[-83.7369782,42.2757855],[-83.736978,42.2757814],[-83.7369771,42.2757815],[-83.7369772,42.2757855],[-83.7369754,42.2757856],[-83.7369754,42.2757839],[-83.7369735,42.2757839],[-83.7369735,42.2757829],[-83.7369716,42.2757826],[-83.7369703,42.2757833],[-83.7369703,42.275784],[-83.7369689,42.275784],[-83.736969,42.2757857],[-83.7369676,42.2757857],[-83.7369668,42.2757618],[-83.7369714,42.2757618],[-83.7369717,42.2757699],[-83.7369745,42.2757699],[-83.736979,42.2757685],[-83.7369817,42.2757664],[-83.736983,42.2757643],[-83.7369834,42.2757616],[-83.7369894,42.2757615],[-83.7369893,42.275758],[-83.7369907,42.275758],[-83.7369911,42.2757549],[-83.7369951,42.2757518],[-83.7369979,42.2757514],[-83.7369985,42.2757579],[-83.7370008,42.2757575],[-83.7370006,42.2757514],[-83.7370025,42.2757513],[-83.7370072,42.275754],[-83.7370081,42.2757557],[-83.7370082,42.2757577],[-83.73701,42.2757577],[-83.7370101,42.2757584],[-83.7370128,42.2757583],[-83.7370126,42.2757501],[-83.7370412,42.2757497],[-83.7370416,42.2757654],[-83.7370384,42.2757657],[-83.7370343,42.2757679],[-83.7370321,42.2757713],[-83.7370322,42.2757734],[-83.7370419,42.2757732],[-83.737042,42.2757759]],[[-83.736959,42.2757917],[-83.7369567,42.2757917],[-83.7369564,42.2757835],[-83.7369523,42.2757839],[-83.7369496,42.275785],[-83.7369455,42.2757888],[-83.7369452,42.2757919],[-83.736918,42.2757924],[-83.7369178,42.2757876],[-83.7369128,42.2757877],[-83.7369122,42.2757856],[-83.7369072,42.2757857],[-83.7369067,42.2757867],[-83.7368924,42.275787],[-83.7368917,42.2757641],[-83.7369065,42.2757639],[-83.7369065,42.2757649],[-83.7369116,42.2757648],[-83.736912,42.2757628],[-83.7369171,42.2757627],[-83.7369168,42.2757548],[-83.7369117,42.2757549],[-83.7369114,42.2757437],[-83.7369575,42.2757429],[-83.736959,42.2757917]],[[-83.7369646,42.2757636],[-83.7369649,42.2757738],[-83.7369603,42.2757739],[-83.73696,42.2757637],[-83.7369646,42.2757636]],[[-83.7373844,42.2757555],[-83.7373844,42.2757558],[-83.7373839,42.2757558],[-83.7373839,42.2757555],[-83.7373844,42.2757555]],[[-83.7369595,42.2757626],[-83.7369595,42.2757633],[-83.736959,42.2757633],[-83.736959,42.2757627],[-83.7369595,42.2757626]],[[-83.7374788,42.2757532],[-83.7374789,42.2757535],[-83.7374784,42.2757535],[-83.7374784,42.2757532],[-83.7374788,42.2757532]],[[-83.7374618,42.2757545],[-83.7374581,42.2757545],[-83.7374581,42.2757532],[-83.7374521,42.2757533],[-83.7374524,42.2757465],[-83.7374579,42.2757464],[-83.7374571,42.2757201],[-83.7374515,42.2757202],[-83.7374513,42.2757137],[-83.7374569,42.2757136],[-83.7374568,42.2757116],[-83.7374605,42.2757115],[-83.7374605,42.2757129],[-83.7374582,42.2757129],[-83.7374583,42.2757146],[-83.7374532,42.2757147],[-83.7374534,42.2757191],[-83.7374584,42.2757191],[-83.7374593,42.2757474],[-83.7374542,42.2757474],[-83.7374544,42.2757519],[-83.7374594,42.2757518],[-83.7374595,42.2757535],[-83.7374618,42.2757535],[-83.7374618,42.2757545]],[[-83.7369161,42.275762],[-83.736911,42.2757621],[-83.7369111,42.2757641],[-83.7369074,42.2757642],[-83.7369074,42.2757628],[-83.7369092,42.2757628],[-83.7369092,42.2757611],[-83.7369147,42.275761],[-83.7369146,42.2757566],[-83.736909,42.2757567],[-83.7369082,42.2757284],[-83.7369137,42.2757283],[-83.7369135,42.2757238],[-83.736908,42.2757239],[-83.736908,42.2757222],[-83.7369061,42.2757223],[-83.7369061,42.2757209],[-83.7369098,42.2757208],[-83.7369098,42.2757229],[-83.7369149,42.2757228],[-83.7369151,42.2757293],[-83.73691,42.2757294],[-83.7369108,42.2757556],[-83.7369159,42.2757555],[-83.7369161,42.275762]],[[-83.7368903,42.2757631],[-83.7368903,42.2757635],[-83.7368899,42.2757635],[-83.7368899,42.2757631],[-83.7368903,42.2757631]],[[-83.7374065,42.2757541],[-83.7374065,42.2757547],[-83.7373991,42.2757549],[-83.7373991,42.2757542],[-83.7374065,42.2757541]],[[-83.7373982,42.2757542],[-83.7373982,42.2757549],[-83.7373978,42.2757549],[-83.7373977,42.2757542],[-83.7373982,42.2757542]],[[-83.7373835,42.2757548],[-83.737383,42.2757548],[-83.737383,42.2757551],[-83.7373802,42.2757552],[-83.7373802,42.2757545],[-83.7373834,42.2757544],[-83.7373835,42.2757548]],[[-83.7374318,42.2757536],[-83.7374102,42.275754],[-83.7374098,42.2757554],[-83.7374097,42.2757523],[-83.7374299,42.275752],[-83.7374293,42.2757322],[-83.737409,42.2757325],[-83.737409,42.2757315],[-83.7374307,42.2757311],[-83.7374318,42.2757536]],[[-83.7374088,42.2757554],[-83.7374074,42.2757554],[-83.7374074,42.2757534],[-83.7373972,42.2757535],[-83.7373972,42.2757528],[-83.7374074,42.2757527],[-83.7374069,42.2757366],[-83.7374083,42.2757366],[-83.7374088,42.2757554]],[[-83.7373848,42.2757544],[-83.7373844,42.2757544],[-83.7373843,42.2757537],[-83.7373802,42.2757538],[-83.7373802,42.2757531],[-83.7373848,42.2757531],[-83.7373848,42.2757544]],[[-83.7373793,42.2757532],[-83.7373793,42.2757549],[-83.7373756,42.2757549],[-83.7373756,42.2757532],[-83.7373793,42.2757532]],[[-83.7373742,42.2757526],[-83.7373742,42.2757532],[-83.737371,42.2757533],[-83.7373709,42.2757526],[-83.7373742,42.2757526]],[[-83.7373581,42.2757535],[-83.7373212,42.2757541],[-83.7373211,42.2757521],[-83.7373492,42.2757516],[-83.737349,42.2757438],[-83.7373495,42.2757448],[-83.7373541,42.2757447],[-83.7373537,42.2757328],[-83.7373491,42.2757329],[-83.7373487,42.2757346],[-83.7373487,42.2757332],[-83.737321,42.2757337],[-83.737321,42.2757326],[-83.7373569,42.2757324],[-83.7373542,42.2757328],[-83.7373546,42.275745],[-83.7373495,42.2757451],[-83.7373497,42.275753],[-83.737358,42.2757528],[-83.7373581,42.2757535]],[[-83.7373999,42.2757501],[-83.737398,42.2757494],[-83.7373971,42.2757484],[-83.7373962,42.2757484],[-83.7373952,42.2757474],[-83.7373943,42.2757474],[-83.7373953,42.2757488],[-83.7373962,42.2757488],[-83.737399,42.2757508],[-83.7373833,42.275751],[-83.7373874,42.2757482],[-83.7373869,42.2757476],[-83.7373829,42.2757504],[-83.7373819,42.2757504],[-83.7373816,42.2757412],[-83.7373849,42.2757425],[-83.7373859,42.2757435],[-83.7373868,42.2757435],[-83.7373858,42.2757421],[-83.7373849,42.2757421],[-83.7373825,42.2757405],[-83.7373987,42.2757402],[-83.7373955,42.2757426],[-83.7373942,42.275743],[-83.7373942,42.2757437],[-83.7373965,42.275743],[-83.7373996,42.2757409],[-83.7373999,42.2757501]],[[-83.736988,42.2757608],[-83.7369825,42.2757609],[-83.7369825,42.2757629],[-83.7369808,42.275766],[-83.7369772,42.2757685],[-83.7369731,42.2757692],[-83.7369728,42.2757614],[-83.7369668,42.2757612],[-83.7369663,42.2757455],[-83.7369755,42.2757453],[-83.736976,42.275746],[-83.7369802,42.2757459],[-83.7369807,42.2757473],[-83.7369798,42.2757483],[-83.7369799,42.275751],[-83.7369822,42.275752],[-83.7369845,42.2757516],[-83.7369854,42.2757509],[-83.7369853,42.2757482],[-83.7369844,42.2757472],[-83.7369848,42.2757458],[-83.7369875,42.2757458],[-83.7369876,42.2757472],[-83.7369867,42.2757475],[-83.736987,42.2757571],[-83.7369879,42.2757574],[-83.736988,42.2757608]],[[-83.7374602,42.275748],[-83.7374603,42.2757511],[-83.7374553,42.2757512],[-83.7374552,42.2757481],[-83.7374602,42.275748]],[[-83.7369137,42.2757573],[-83.7369138,42.2757604],[-83.7369087,42.2757604],[-83.7369086,42.2757574],[-83.7369137,42.2757573]],[[-83.73701,42.275757],[-83.7370091,42.275757],[-83.7370091,42.2757557],[-83.7370076,42.2757533],[-83.7370053,42.275752],[-83.7370052,42.2757513],[-83.7370066,42.2757513],[-83.7370075,42.2757506],[-83.7370074,42.2757478],[-83.7370065,42.2757462],[-83.7370073,42.2757448],[-83.7370096,42.2757447],[-83.73701,42.275757]],[[-83.7369933,42.2757522],[-83.736991,42.2757536],[-83.7369893,42.2757574],[-83.7369889,42.2757451],[-83.7369907,42.2757451],[-83.7369917,42.2757464],[-83.7369908,42.2757481],[-83.7369909,42.2757509],[-83.7369919,42.2757515],[-83.7369933,42.2757515],[-83.7369933,42.2757522]],[[-83.7370028,42.2757469],[-83.7370023,42.2757469],[-83.7370024,42.2757479],[-83.7370019,42.2757479],[-83.737002,42.2757507],[-83.7370025,42.2757507],[-83.7370025,42.275751],[-83.737002,42.275751],[-83.737002,42.2757507],[-83.7369997,42.2757507],[-83.7369995,42.2757449],[-83.7370018,42.2757449],[-83.7370023,42.2757462],[-83.7370028,42.2757462],[-83.7370028,42.2757469]],[[-83.7369988,42.2757507],[-83.7369965,42.2757508],[-83.7369964,42.275748],[-83.7369959,42.275748],[-83.7369954,42.2757463],[-83.7369959,42.2757463],[-83.7369958,42.2757457],[-83.7369963,42.2757456],[-83.7369963,42.275745],[-83.7369986,42.2757449],[-83.7369988,42.2757507]],[[-83.7369965,42.2757508],[-83.7369965,42.2757511],[-83.736996,42.2757511],[-83.736996,42.2757508],[-83.7369965,42.2757508]],[[-83.7370066,42.2757499],[-83.7370057,42.2757503],[-83.7370057,42.2757506],[-83.7370034,42.2757506],[-83.7370034,42.27575],[-83.7370029,42.27575],[-83.7370028,42.2757483],[-83.7370033,42.2757483],[-83.7370033,42.2757472],[-83.7370037,42.2757472],[-83.7370037,42.2757459],[-83.7370032,42.2757459],[-83.7370032,42.2757452],[-83.7370027,42.2757452],[-83.7370027,42.2757449],[-83.737006,42.2757448],[-83.7370056,42.2757472],[-83.737006,42.2757472],[-83.7370061,42.2757486],[-83.7370065,42.2757485],[-83.7370066,42.2757499]],[[-83.7369955,42.2757501],[-83.7369946,42.2757505],[-83.7369946,42.2757508],[-83.7369928,42.2757508],[-83.7369923,42.2757501],[-83.7369918,42.2757502],[-83.7369918,42.2757485],[-83.7369922,42.2757484],[-83.7369922,42.2757474],[-83.7369927,42.2757474],[-83.7369926,42.275746],[-83.7369922,42.2757461],[-83.7369921,42.2757454],[-83.7369917,42.2757454],[-83.7369917,42.275745],[-83.7369949,42.275745],[-83.7369945,42.2757474],[-83.736995,42.2757474],[-83.736995,42.2757487],[-83.7369955,42.2757487],[-83.7369955,42.2757501]],[[-83.7369845,42.2757503],[-83.7369835,42.2757506],[-83.7369836,42.275751],[-83.7369817,42.275751],[-83.7369812,42.2757503],[-83.7369808,42.2757503],[-83.7369807,42.2757486],[-83.7369812,42.2757486],[-83.7369811,42.2757476],[-83.7369816,42.2757476],[-83.7369816,42.2757462],[-83.7369811,42.2757462],[-83.7369811,42.2757459],[-83.7369839,42.2757459],[-83.7369839,42.2757462],[-83.7369834,42.2757462],[-83.7369834,42.2757476],[-83.7369839,42.2757476],[-83.7369839,42.2757486],[-83.7369844,42.2757486],[-83.7369845,42.2757503]],[[-83.7373531,42.275744],[-83.7373504,42.2757441],[-83.7373503,42.2757427],[-83.7373388,42.2757429],[-83.7373392,42.2757402],[-83.7373423,42.2757371],[-83.7373464,42.2757356],[-83.7373501,42.2757356],[-83.7373501,42.2757335],[-83.7373528,42.2757335],[-83.7373531,42.275744]],[[-83.7370236,42.2757476],[-83.7370236,42.2757479],[-83.7370204,42.275748],[-83.7370203,42.2757476],[-83.7370236,42.2757476]],[[-83.7370484,42.2757454],[-83.7370484,42.2757458],[-83.737048,42.2757458],[-83.7370479,42.2757455],[-83.7370484,42.2757454]],[[-83.7370319,42.2757478],[-83.7370305,42.2757478],[-83.7370305,42.2757475],[-83.7370273,42.2757475],[-83.7370272,42.2757472],[-83.7370245,42.2757472],[-83.7370244,42.2757455],[-83.7370249,42.2757455],[-83.7370249,42.2757452],[-83.7370281,42.2757451],[-83.7370281,42.2757448],[-83.7370313,42.2757447],[-83.7370313,42.2757444],[-83.7370318,42.2757444],[-83.7370319,42.2757478]],[[-83.7370235,42.2757455],[-83.7370235,42.2757469],[-83.7370208,42.2757469],[-83.7370207,42.2757456],[-83.7370235,42.2757455]],[[-83.7370199,42.2757473],[-83.7370166,42.2757473],[-83.7370167,42.2757477],[-83.7370139,42.2757477],[-83.7370139,42.2757481],[-83.7370125,42.2757481],[-83.7370124,42.2757447],[-83.7370129,42.2757447],[-83.7370129,42.275745],[-83.7370161,42.275745],[-83.7370161,42.2757453],[-83.7370189,42.2757453],[-83.7370189,42.2757456],[-83.7370198,42.2757456],[-83.7370199,42.2757473]],[[-83.7370244,42.2757445],[-83.7370244,42.2757448],[-83.7370193,42.2757449],[-83.7370193,42.2757446],[-83.7370244,42.2757445]],[[-83.7370466,42.2757458],[-83.7370461,42.2757458],[-83.7370461,42.2757462],[-83.7370447,42.2757462],[-83.7370447,42.2757435],[-83.7370465,42.2757434],[-83.7370466,42.2757458]],[[-83.7373995,42.2757371],[-83.7373995,42.2757381],[-83.7373912,42.2757383],[-83.7373912,42.2757373],[-83.7373995,42.2757371]],[[-83.7370483,42.2757431],[-83.7370483,42.2757434],[-83.7370479,42.2757434],[-83.7370479,42.2757431],[-83.7370483,42.2757431]],[[-83.7370317,42.2757433],[-83.7370317,42.2757437],[-83.7370124,42.275744],[-83.7370124,42.2757437],[-83.7370317,42.2757433]],[[-83.7374059,42.2757367],[-83.7374064,42.275752],[-83.737405,42.275752],[-83.7374046,42.2757367],[-83.7374059,42.2757367]],[[-83.7370411,42.275748],[-83.7370342,42.2757481],[-83.7370339,42.2757392],[-83.7370353,42.2757392],[-83.7370354,42.2757426],[-83.7370409,42.2757425],[-83.7370411,42.275748]],[[-83.736964,42.2757438],[-83.7369645,42.2757622],[-83.7369627,42.2757623],[-83.7369621,42.2757438],[-83.736964,42.2757438]],[[-83.7369618,42.2757623],[-83.7369599,42.2757623],[-83.7369586,42.27572],[-83.7369605,42.27572],[-83.7369611,42.2757394],[-83.7369597,42.2757398],[-83.7369598,42.2757435],[-83.7369612,42.2757439],[-83.7369618,42.2757623]],[[-83.7373746,42.2757365],[-83.7373751,42.2757522],[-83.7373746,42.2757522],[-83.7373741,42.2757365],[-83.7373746,42.2757365]],[[-83.7370174,42.2757426],[-83.736969,42.2757437],[-83.7369689,42.2757389],[-83.7370094,42.2757383],[-83.7370095,42.2757389],[-83.7370136,42.2757389],[-83.7370155,42.2757395],[-83.7370174,42.2757415],[-83.7370174,42.2757426]],[[-83.7369574,42.2757419],[-83.7369575,42.2757422],[-83.7369114,42.275743],[-83.7369114,42.2757426],[-83.7369574,42.2757419]],[[-83.7374284,42.2757329],[-83.737429,42.2757513],[-83.7374096,42.2757516],[-83.7374091,42.2757332],[-83.7374284,42.2757329]],[[-83.7373787,42.2757337],[-83.7373787,42.2757354],[-83.737375,42.2757355],[-83.737375,42.2757338],[-83.7373787,42.2757337]],[[-83.7370413,42.2757387],[-83.7370414,42.2757415],[-83.7370363,42.2757416],[-83.7370362,42.2757388],[-83.7370413,42.2757387]],[[-83.736968,42.27574],[-83.7369681,42.2757427],[-83.7369612,42.2757428],[-83.7369611,42.2757401],[-83.736968,42.27574]],[[-83.7374072,42.2757322],[-83.7374073,42.275736],[-83.737399,42.2757361],[-83.7373989,42.2757323],[-83.7374072,42.2757322]],[[-83.7373975,42.2757331],[-83.7373796,42.2757334],[-83.7373795,42.2757327],[-83.737374,42.2757328],[-83.7373708,42.2757321],[-83.7373975,42.2757317],[-83.7373975,42.2757331]],[[-83.7369574,42.2757388],[-83.7369574,42.2757412],[-83.7369113,42.275742],[-83.7369113,42.2757396],[-83.7369574,42.2757388]],[[-83.7369684,42.2757386],[-83.736968,42.2757393],[-83.7369648,42.2757394],[-83.7369641,42.2757192],[-83.7369652,42.2757383],[-83.7369684,42.2757386]],[[-83.7370408,42.2757377],[-83.7370316,42.2757379],[-83.7370317,42.2757427],[-83.7370183,42.2757429],[-83.7370183,42.2757412],[-83.7370173,42.2757398],[-83.737015,42.2757385],[-83.7370122,42.2757382],[-83.7370117,42.2757229],[-83.7370403,42.2757224],[-83.7370404,42.2757258],[-83.737027,42.275726],[-83.7370271,42.2757287],[-83.7370291,42.2757321],[-83.737031,42.2757331],[-83.7370315,42.2757341],[-83.7370324,42.2757341],[-83.7370333,42.2757351],[-83.7370361,42.2757361],[-83.7370407,42.2757364],[-83.7370408,42.2757377]],[[-83.7369573,42.2757381],[-83.7369112,42.2757389],[-83.7369191,42.2757384],[-83.7369186,42.2757227],[-83.7369158,42.2757224],[-83.736919,42.2757224],[-83.7369195,42.2757384],[-83.7369573,42.2757381]],[[-83.7370061,42.2757332],[-83.7370056,42.2757332],[-83.7370056,42.2757346],[-83.7370052,42.2757346],[-83.7370057,42.275737],[-83.7370025,42.275737],[-83.7370025,42.2757367],[-83.7370029,42.2757367],[-83.7370029,42.275736],[-83.7370034,42.275736],[-83.7370033,42.2757346],[-83.7370029,42.2757346],[-83.7370028,42.2757336],[-83.7370024,42.2757336],[-83.7370023,42.2757316],[-83.7370028,42.2757315],[-83.7370028,42.2757312],[-83.7370051,42.2757312],[-83.7370056,42.2757318],[-83.737006,42.2757318],[-83.7370061,42.2757332]],[[-83.736995,42.2757334],[-83.7369945,42.2757334],[-83.7369946,42.2757348],[-83.7369941,42.2757348],[-83.7369947,42.2757371],[-83.7369914,42.2757372],[-83.7369914,42.2757369],[-83.7369919,42.2757368],[-83.7369919,42.2757362],[-83.7369923,42.2757362],[-83.7369923,42.2757348],[-83.7369918,42.2757348],[-83.7369918,42.2757338],[-83.7369913,42.2757338],[-83.7369913,42.2757317],[-83.7369917,42.2757317],[-83.7369917,42.2757314],[-83.736994,42.2757314],[-83.7369945,42.275732],[-83.736995,42.275732],[-83.736995,42.2757334]],[[-83.7369839,42.2757336],[-83.7369835,42.2757336],[-83.7369835,42.2757349],[-83.7369831,42.275735],[-83.7369831,42.2757363],[-83.7369836,42.2757363],[-83.7369836,42.2757366],[-83.7369808,42.2757367],[-83.7369808,42.2757364],[-83.7369813,42.2757363],[-83.7369812,42.275735],[-83.7369808,42.275735],[-83.7369807,42.275734],[-83.7369803,42.275734],[-83.7369802,42.2757319],[-83.7369807,42.2757319],[-83.7369806,42.2757316],[-83.736983,42.2757315],[-83.7369834,42.2757322],[-83.7369839,42.2757322],[-83.7369839,42.2757336]],[[-83.7369402,42.2757374],[-83.736937,42.2757374],[-83.7369374,42.275735],[-83.7369369,42.275735],[-83.7369369,42.2757337],[-83.7369364,42.2757337],[-83.7369364,42.2757323],[-83.7369373,42.275732],[-83.7369373,42.2757316],[-83.7369391,42.2757316],[-83.7369396,42.2757323],[-83.7369401,42.2757323],[-83.7369401,42.275734],[-83.7369397,42.275734],[-83.7369393,42.2757364],[-83.7369398,42.2757364],[-83.7369398,42.275737],[-83.7369402,42.275737],[-83.7369402,42.2757374]],[[-83.7369277,42.2757338],[-83.7369272,42.2757338],[-83.7369273,42.2757349],[-83.7369268,42.2757349],[-83.7369269,42.2757369],[-83.7369273,42.2757369],[-83.7369273,42.2757376],[-83.7369241,42.2757377],[-83.7369241,42.2757373],[-83.7369246,42.2757373],[-83.7369245,42.2757366],[-83.736925,42.2757366],[-83.736925,42.2757356],[-83.7369245,42.2757356],[-83.7369245,42.2757342],[-83.736924,42.2757342],[-83.7369239,42.2757322],[-83.7369244,42.2757322],[-83.7369244,42.2757319],[-83.7369267,42.2757318],[-83.7369272,42.2757325],[-83.7369276,42.2757325],[-83.7369277,42.2757338]],[[-83.736953,42.2757331],[-83.7369526,42.2757331],[-83.7369526,42.2757341],[-83.7369521,42.2757341],[-83.7369522,42.2757355],[-83.7369517,42.2757355],[-83.7369517,42.2757358],[-83.7369522,42.2757358],[-83.7369522,42.2757365],[-83.7369527,42.2757365],[-83.7369527,42.2757372],[-83.7369495,42.2757372],[-83.7369494,42.2757365],[-83.7369499,42.2757365],[-83.7369498,42.2757341],[-83.7369494,42.2757342],[-83.7369489,42.2757325],[-83.7369493,42.2757325],[-83.7369493,42.2757318],[-83.7369498,42.2757318],[-83.7369497,42.2757314],[-83.7369521,42.2757314],[-83.7369521,42.2757317],[-83.7369525,42.2757317],[-83.7369525,42.2757324],[-83.736953,42.2757324],[-83.736953,42.2757331]],[[-83.7370094,42.2757369],[-83.7370071,42.2757369],[-83.7370066,42.2757356],[-83.7370061,42.2757356],[-83.7370065,42.2757339],[-83.737007,42.2757339],[-83.7370069,42.2757311],[-83.7370065,42.2757311],[-83.7370064,42.2757308],[-83.7370069,42.2757308],[-83.7370069,42.2757311],[-83.7370092,42.2757311],[-83.7370094,42.2757369]],[[-83.7370041,42.2757302],[-83.7370014,42.2757312],[-83.7370015,42.275734],[-83.7370024,42.2757356],[-83.7370016,42.275737],[-83.7369993,42.2757371],[-83.7369989,42.2757248],[-83.7370003,42.2757248],[-83.7370003,42.2757268],[-83.7370018,42.2757288],[-83.7370041,42.2757302]],[[-83.7369983,42.2757371],[-83.736996,42.2757371],[-83.7369955,42.2757358],[-83.7369951,42.2757358],[-83.7369955,42.2757341],[-83.7369959,42.2757341],[-83.7369959,42.2757313],[-83.7369954,42.2757313],[-83.7369954,42.275731],[-83.7369958,42.275731],[-83.7369959,42.2757313],[-83.7369982,42.2757313],[-83.7369983,42.2757371]],[[-83.7369926,42.2757307],[-83.7369912,42.2757307],[-83.7369903,42.2757314],[-83.7369904,42.2757341],[-83.7369914,42.2757358],[-83.7369905,42.2757372],[-83.7369887,42.2757372],[-83.7369883,42.275725],[-83.7369902,42.2757287],[-83.7369926,42.27573],[-83.7369926,42.2757307]],[[-83.7369873,42.2757366],[-83.7369845,42.2757366],[-83.736984,42.2757353],[-83.7369849,42.2757342],[-83.7369848,42.2757315],[-83.7369829,42.2757305],[-83.7369815,42.2757305],[-83.7369793,42.2757316],[-83.7369794,42.2757343],[-83.7369803,42.2757353],[-83.7369799,42.2757367],[-83.7369757,42.2757368],[-83.7369753,42.2757375],[-83.7369661,42.2757376],[-83.7369656,42.2757219],[-83.7369716,42.2757215],[-83.7369713,42.2757137],[-83.7369732,42.2757136],[-83.7369764,42.2757146],[-83.7369793,42.2757166],[-83.7369812,42.2757193],[-83.7369813,42.2757217],[-83.7369868,42.2757216],[-83.7369869,42.275725],[-83.736986,42.2757253],[-83.7369863,42.2757349],[-83.7369872,42.2757352],[-83.7369873,42.2757366]],[[-83.7369444,42.2757373],[-83.7369412,42.2757374],[-83.7369402,42.275736],[-83.7369411,42.2757343],[-83.736941,42.2757316],[-83.73694,42.2757309],[-83.7369364,42.275731],[-83.7369355,42.275732],[-83.7369355,42.2757341],[-83.7369365,42.2757354],[-83.7369361,42.2757371],[-83.7369329,42.2757375],[-83.7369325,42.2757245],[-83.7369334,42.2757245],[-83.7369339,42.2757269],[-83.7369368,42.2757296],[-83.7369396,42.2757306],[-83.7369428,42.2757305],[-83.7369426,42.2757244],[-83.736944,42.2757244],[-83.7369444,42.2757373]],[[-83.7369315,42.2757375],[-83.7369283,42.2757372],[-83.7369281,42.2757314],[-83.7369239,42.2757312],[-83.7369226,42.2757329],[-83.7369236,42.275737],[-83.7369232,42.2757377],[-83.7369204,42.2757377],[-83.73692,42.2757248],[-83.736921,42.2757247],[-83.7369215,42.2757275],[-83.7369243,42.2757298],[-83.7369271,42.2757308],[-83.7369304,42.2757307],[-83.7369302,42.2757246],[-83.7369311,42.2757246],[-83.7369315,42.2757375]],[[-83.7369573,42.2757371],[-83.7369536,42.2757372],[-83.7369531,42.2757344],[-83.736954,42.2757334],[-83.7369539,42.275732],[-83.7369525,42.2757307],[-83.7369493,42.2757307],[-83.7369479,42.2757318],[-83.736949,42.2757362],[-83.7369481,42.2757372],[-83.7369453,42.2757373],[-83.7369449,42.2757243],[-83.7369458,42.2757243],[-83.7369473,42.2757277],[-83.7369502,42.2757297],[-83.736952,42.2757304],[-83.7369557,42.2757303],[-83.7369555,42.2757242],[-83.7369569,42.2757241],[-83.7369573,42.2757371]],[[-83.7374762,42.2757116],[-83.7374619,42.2757118],[-83.7374609,42.2757108],[-83.7374559,42.2757109],[-83.7374559,42.275713],[-83.7374504,42.2757131],[-83.7374506,42.2757209],[-83.7374562,42.2757208],[-83.7374569,42.2757457],[-83.7374514,42.2757458],[-83.7374516,42.2757523],[-83.7374502,42.2757523],[-83.7374505,42.2757615],[-83.7374473,42.2757612],[-83.7374431,42.2757592],[-83.7374407,42.2757562],[-83.7374401,42.2757525],[-83.7374323,42.2757526],[-83.7374311,42.2757304],[-83.7373703,42.2757315],[-83.73737,42.2757229],[-83.7373677,42.275723],[-83.7373627,42.2757244],[-83.7373595,42.2757269],[-83.7373578,42.27573],[-83.7373578,42.2757317],[-83.7373228,42.2757323],[-83.7373218,42.2757135],[-83.7373089,42.2757137],[-83.7373097,42.2757107],[-83.7373124,42.2757079],[-83.7373169,42.2757061],[-83.7373215,42.275706],[-83.7373215,42.275705],[-83.7373174,42.2757054],[-83.7373132,42.2757041],[-83.7373104,42.2757021],[-83.7373084,42.2756981],[-83.7373213,42.2756978],[-83.7373199,42.2756515],[-83.7374369,42.2756495],[-83.7374368,42.2756464],[-83.7374386,42.2756433],[-83.7374431,42.2756405],[-83.7374468,42.2756401],[-83.737447,42.2756493],[-83.7374484,42.2756493],[-83.7374486,42.2756554],[-83.7374541,42.2756553],[-83.7374549,42.2756802],[-83.7374494,42.2756803],[-83.7374496,42.2756882],[-83.7374552,42.2756881],[-83.7374552,42.2756901],[-83.7374603,42.27569],[-83.7374612,42.275689],[-83.7374755,42.2756887],[-83.7374762,42.2757116]],[[-83.7369181,42.2757378],[-83.7369112,42.2757379],[-83.736911,42.27573],[-83.736916,42.2757299],[-83.7369158,42.2757235],[-83.7369177,42.2757234],[-83.7369181,42.2757378]],[[-83.7374592,42.2757153],[-83.7374593,42.2757184],[-83.7374543,42.2757184],[-83.7374542,42.2757154],[-83.7374592,42.2757153]],[[-83.7369126,42.2757245],[-83.7369127,42.2757276],[-83.7369077,42.2757277],[-83.7369076,42.2757246],[-83.7369126,42.2757245]],[[-83.7370427,42.2757254],[-83.7370413,42.2757254],[-83.7370412,42.2757217],[-83.7370108,42.2757222],[-83.7370113,42.2757375],[-83.7370103,42.2757376],[-83.7370097,42.2757181],[-83.7370107,42.2757181],[-83.7370108,42.2757215],[-83.7370412,42.275721],[-83.7370411,42.2757193],[-83.7370425,42.2757193],[-83.7370427,42.2757254]],[[-83.7374606,42.2757136],[-83.7374618,42.2757528],[-83.7374613,42.2757528],[-83.7374601,42.2757136],[-83.7374606,42.2757136]],[[-83.7369066,42.2757229],[-83.7369078,42.2757622],[-83.7369074,42.2757622],[-83.7369061,42.2757229],[-83.7369066,42.2757229]],[[-83.7374776,42.2757123],[-83.7374771,42.2757123],[-83.7374771,42.2757126],[-83.7374776,42.2757126],[-83.7374776,42.2757123]],[[-83.7368891,42.2757222],[-83.7368886,42.2757222],[-83.7368886,42.2757226],[-83.7368891,42.2757226],[-83.7368891,42.2757222]],[[-83.7370402,42.2757203],[-83.7370117,42.2757208],[-83.7370116,42.2757171],[-83.737,42.2757173],[-83.737,42.2757156],[-83.7370013,42.2757135],[-83.737004,42.2757114],[-83.7370081,42.2757103],[-83.7370113,42.2757102],[-83.7370107,42.2756901],[-83.7370338,42.2756897],[-83.7370339,42.2756935],[-83.7370394,42.2756934],[-83.73704,42.2757108],[-83.7370367,42.2757112],[-83.7370327,42.2757133],[-83.7370305,42.2757167],[-83.7370305,42.2757188],[-83.7370402,42.2757186],[-83.7370402,42.2757203]],[[-83.7369632,42.2757199],[-83.7369638,42.2757394],[-83.736962,42.2757394],[-83.7369614,42.27572],[-83.7369632,42.2757199]],[[-83.7369581,42.2757193],[-83.7369577,42.2757193],[-83.7369577,42.2757197],[-83.7369581,42.2757197],[-83.7369581,42.2757193]],[[-83.737009,42.2757239],[-83.7370087,42.2757304],[-83.7370069,42.2757305],[-83.7370027,42.2757285],[-83.7370027,42.2757278],[-83.7370013,42.2757268],[-83.7370007,42.2757241],[-83.736997,42.2757245],[-83.7369972,42.2757306],[-83.7369944,42.2757303],[-83.7369912,42.2757283],[-83.7369897,42.2757263],[-83.7369896,42.2757243],[-83.7369883,42.2757243],[-83.7369882,42.2757209],[-83.7369822,42.275721],[-83.7369816,42.2757183],[-83.7369802,42.2757162],[-83.7369773,42.2757142],[-83.7369732,42.2757129],[-83.7369699,42.275713],[-83.7369702,42.2757212],[-83.7369656,42.2757213],[-83.7369655,42.2757185],[-83.7369567,42.2757187],[-83.7369569,42.2757231],[-83.7369541,42.2757235],[-83.7369543,42.27573],[-83.7369511,42.2757294],[-83.7369501,42.2757283],[-83.7369492,42.2757284],[-83.7369468,42.2757253],[-83.7369467,42.2757233],[-83.7369417,42.2757237],[-83.7369414,42.2757302],[-83.7369386,42.2757296],[-83.7369358,42.2757279],[-83.7369344,42.2757259],[-83.7369338,42.2757235],[-83.7369297,42.2757236],[-83.736929,42.2757304],[-83.7369252,42.2757294],[-83.7369229,42.2757278],[-83.7369214,42.2757237],[-83.73692,42.2757237],[-83.7369199,42.2757217],[-83.7369107,42.2757218],[-83.7369102,42.2757201],[-83.7369051,42.2757202],[-83.7369047,42.2757213],[-83.7368904,42.2757215],[-83.7368897,42.2756987],[-83.736904,42.2756984],[-83.7369045,42.2756994],[-83.7369096,42.2756993],[-83.73691,42.2756973],[-83.736915,42.2756972],[-83.7369148,42.2756894],[-83.7369097,42.2756894],[-83.7369089,42.2756646],[-83.736914,42.2756645],[-83.736914,42.2756628],[-83.7369223,42.2756626],[-83.7369228,42.2756653],[-83.7369242,42.2756663],[-83.7369242,42.275667],[-83.7369275,42.2756687],[-83.7369308,42.275669],[-83.7369308,42.275671],[-83.7369396,42.2756709],[-83.7369383,42.275674],[-83.7369365,42.2756753],[-83.7369338,42.2756764],[-83.736931,42.2756765],[-83.7369315,42.2756795],[-83.7369398,42.2756797],[-83.736939,42.2756818],[-83.7369372,42.2756835],[-83.7369363,42.2756835],[-83.7369349,42.2756846],[-83.7369312,42.275685],[-83.7369313,42.2756877],[-83.7369401,42.2756876],[-83.7369401,42.2756883],[-83.7369388,42.2756907],[-83.7369366,42.2756924],[-83.7369315,42.2756935],[-83.7369316,42.2756962],[-83.7369404,42.2756961],[-83.7369404,42.2756968],[-83.7369391,42.2756992],[-83.7369373,42.2757006],[-83.7369345,42.2757017],[-83.7369318,42.2757017],[-83.7369318,42.2757034],[-83.7369503,42.2757031],[-83.7369504,42.2757075],[-83.7369647,42.2757073],[-83.7369644,42.2756974],[-83.7369671,42.2756973],[-83.7369673,42.2757014],[-83.7369742,42.2757013],[-83.7369741,42.2756972],[-83.7369754,42.2756972],[-83.736976,42.2757013],[-83.7369829,42.2757012],[-83.7369828,42.2756971],[-83.7369842,42.2756971],[-83.7369843,42.2757012],[-83.7369912,42.275701],[-83.7369911,42.2756969],[-83.7369929,42.2756969],[-83.7369931,42.275701],[-83.737,42.2757009],[-83.7369999,42.2756968],[-83.7370082,42.2756967],[-83.7370086,42.27571],[-83.7370063,42.27571],[-83.7370031,42.2757111],[-83.7370004,42.2757132],[-83.7369991,42.2757156],[-83.7369991,42.275718],[-83.7370088,42.2757178],[-83.737009,42.2757239]],[[-83.7370407,42.2756606],[-83.7370402,42.2756596],[-83.7370079,42.2756601],[-83.7370088,42.2756891],[-83.7370098,42.2756895],[-83.7370104,42.2757092],[-83.7370095,42.2757093],[-83.7370091,42.275696],[-83.7370017,42.2756961],[-83.7370016,42.2756944],[-83.7369634,42.275695],[-83.7369637,42.2757066],[-83.7369513,42.2757068],[-83.7369499,42.2756622],[-83.7369517,42.2757065],[-83.7369582,42.2757064],[-83.7369573,42.2756613],[-83.7369135,42.2756621],[-83.7369131,42.2756638],[-83.736908,42.2756639],[-83.7369088,42.2756901],[-83.7369139,42.2756901],[-83.7369141,42.2756965],[-83.736909,42.2756966],[-83.7369091,42.2756987],[-83.7369054,42.2756987],[-83.7369053,42.2756974],[-83.7369072,42.2756973],[-83.7369071,42.2756956],[-83.7369127,42.2756955],[-83.7369125,42.2756911],[-83.736907,42.2756912],[-83.7369061,42.2756629],[-83.7369117,42.2756628],[-83.7369115,42.2756584],[-83.736906,42.2756585],[-83.7369059,42.2756568],[-83.7369041,42.2756568],[-83.7369041,42.2756558],[-83.7369077,42.2756557],[-83.7369078,42.2756574],[-83.7369129,42.2756573],[-83.736913,42.2756618],[-83.7369476,42.2756612],[-83.7369465,42.275625],[-83.7369455,42.275625],[-83.7369455,42.2756244],[-83.7369644,42.275624],[-83.7369644,42.2756247],[-83.7369478,42.2756253],[-83.7369489,42.2756608],[-83.7369614,42.2756606],[-83.7369612,42.2756541],[-83.7369575,42.2756542],[-83.7369575,42.2756535],[-83.7369616,42.2756538],[-83.7369613,42.2756292],[-83.7369623,42.2756606],[-83.7369748,42.2756604],[-83.7369577,42.2756613],[-83.7369583,42.2756944],[-83.7369597,42.2756947],[-83.73696,42.2757063],[-83.7369633,42.2757063],[-83.7369629,42.2756947],[-83.7370021,42.275694],[-83.7370021,42.2756957],[-83.737009,42.2756956],[-83.7370089,42.2756895],[-83.7370079,42.2756895],[-83.7370075,42.2756605],[-83.7370056,42.2756598],[-83.7370407,42.2756593],[-83.7370407,42.2756606]],[[-83.7369502,42.2757024],[-83.7369327,42.2757027],[-83.7369368,42.2757016],[-83.7369395,42.2756999],[-83.7369409,42.2756978],[-83.7369413,42.2756954],[-83.7369325,42.2756952],[-83.73695,42.2756949],[-83.7369501,42.2756966],[-83.7369491,42.275697],[-83.7369464,42.275697],[-83.7369445,42.2756964],[-83.7369422,42.2756967],[-83.7369413,42.2756974],[-83.7369414,42.2756998],[-83.7369428,42.2757008],[-83.7369488,42.2757],[-83.7369502,42.2757007],[-83.7369502,42.2757024]],[[-83.736999,42.2756999],[-83.736999,42.2757002],[-83.7369981,42.2757002],[-83.7369981,42.2756999],[-83.736999,42.2756999]],[[-83.7369944,42.2757],[-83.7369944,42.2757003],[-83.736994,42.2757003],[-83.736994,42.2757],[-83.7369944,42.2757]],[[-83.7369903,42.2757],[-83.7369898,42.2757],[-83.7369898,42.2757004],[-83.7369903,42.2757004],[-83.7369903,42.2757]],[[-83.7369861,42.2757001],[-83.7369861,42.2757004],[-83.7369852,42.2757005],[-83.7369852,42.2757001],[-83.7369861,42.2757001]],[[-83.736982,42.2757005],[-83.7369811,42.2757005],[-83.7369811,42.2757002],[-83.736982,42.2756998],[-83.736982,42.2757005]],[[-83.7369774,42.2757006],[-83.7369765,42.2757006],[-83.7369764,42.2756999],[-83.7369774,42.2757002],[-83.7369774,42.2757006]],[[-83.7369732,42.2757003],[-83.7369723,42.2757003],[-83.7369723,42.2757007],[-83.7369732,42.2757007],[-83.7369732,42.2757003]],[[-83.7369686,42.2757004],[-83.7369686,42.2757007],[-83.7369682,42.2757007],[-83.7369682,42.2757004],[-83.7369686,42.2757004]],[[-83.7369985,42.2756989],[-83.7369976,42.2756992],[-83.7369976,42.2756996],[-83.7369953,42.2756996],[-83.7369944,42.2756986],[-83.7369948,42.2756986],[-83.7369948,42.2756979],[-83.7369976,42.2756979],[-83.7369985,42.2756989]],[[-83.7369898,42.2756994],[-83.7369889,42.2756994],[-83.7369889,42.2756997],[-83.7369866,42.2756997],[-83.7369856,42.2756987],[-83.7369865,42.2756984],[-83.7369865,42.275698],[-83.7369893,42.275698],[-83.7369893,42.2756983],[-83.7369898,42.2756983],[-83.7369898,42.2756994]],[[-83.7369727,42.2756993],[-83.7369718,42.2756997],[-83.7369718,42.2757],[-83.7369695,42.2757],[-83.7369686,42.275699],[-83.7369695,42.2756987],[-83.7369695,42.2756983],[-83.7369718,42.2756983],[-83.7369727,42.2756993]],[[-83.736981,42.2756995],[-83.7369806,42.2756995],[-83.7369806,42.2756999],[-83.7369778,42.2756999],[-83.7369778,42.2756996],[-83.7369774,42.2756996],[-83.7369773,42.2756985],[-83.7369778,42.2756985],[-83.7369778,42.2756982],[-83.7369805,42.2756981],[-83.7369805,42.2756985],[-83.736981,42.2756985],[-83.736981,42.2756995]],[[-83.7369501,42.2756997],[-83.7369492,42.2756997],[-83.7369492,42.2756994],[-83.7369465,42.2756994],[-83.7369465,42.2756997],[-83.7369451,42.2756998],[-83.7369451,42.2757001],[-83.7369437,42.2757001],[-83.7369437,42.2756998],[-83.7369428,42.2756998],[-83.7369428,42.2756995],[-83.7369423,42.2756995],[-83.7369423,42.2756981],[-83.7369432,42.2756978],[-83.7369432,42.2756974],[-83.7369459,42.2756974],[-83.7369459,42.2756977],[-83.7369473,42.2756977],[-83.7369473,42.275698],[-83.7369487,42.275698],[-83.7369487,42.2756977],[-83.7369496,42.2756976],[-83.7369496,42.2756973],[-83.7369501,42.2756973],[-83.7369501,42.2756997]],[[-83.736999,42.2756975],[-83.7369985,42.2756975],[-83.7369985,42.2756972],[-83.7369966,42.2756972],[-83.7369966,42.2756968],[-83.7369989,42.2756968],[-83.736999,42.2756975]],[[-83.7369957,42.2756972],[-83.7369943,42.2756972],[-83.7369944,42.2756976],[-83.7369939,42.2756976],[-83.7369939,42.2756969],[-83.7369957,42.2756969],[-83.7369957,42.2756972]],[[-83.7369902,42.2756976],[-83.7369897,42.2756976],[-83.7369897,42.2756973],[-83.7369883,42.2756973],[-83.7369883,42.275697],[-83.7369902,42.275697],[-83.7369902,42.2756976]],[[-83.7369874,42.2756973],[-83.7369851,42.2756977],[-83.7369851,42.275697],[-83.7369874,42.275697],[-83.7369874,42.2756973]],[[-83.7369819,42.2756981],[-83.736981,42.2756978],[-83.736981,42.2756975],[-83.7369796,42.2756975],[-83.7369796,42.2756971],[-83.7369819,42.2756971],[-83.7369819,42.2756981]],[[-83.7369787,42.2756975],[-83.7369773,42.2756975],[-83.7369768,42.2756982],[-83.7369764,42.2756982],[-83.7369764,42.2756972],[-83.7369787,42.2756972],[-83.7369787,42.2756975]],[[-83.7369732,42.2756979],[-83.7369727,42.2756979],[-83.7369727,42.2756976],[-83.7369708,42.2756976],[-83.7369708,42.2756973],[-83.7369731,42.2756972],[-83.7369732,42.2756979]],[[-83.7369704,42.2756976],[-83.7369685,42.2756977],[-83.7369685,42.275698],[-83.7369681,42.275698],[-83.7369681,42.2756973],[-83.7369704,42.2756973],[-83.7369704,42.2756976]],[[-83.7374768,42.2756877],[-83.7374768,42.275688],[-83.7374764,42.275688],[-83.7374764,42.2756877],[-83.7374768,42.2756877]],[[-83.7374598,42.2756894],[-83.7374561,42.2756894],[-83.7374561,42.2756874],[-83.7374505,42.2756875],[-83.7374503,42.275681],[-83.7374559,42.2756809],[-83.737455,42.2756546],[-83.7374495,42.2756547],[-83.7374493,42.2756486],[-83.7374484,42.2756483],[-83.7374548,42.2756482],[-83.7374548,42.2756464],[-83.7374585,42.2756464],[-83.7374585,42.2756474],[-83.7374562,42.2756474],[-83.7374563,42.2756492],[-83.7374512,42.2756492],[-83.7374513,42.2756537],[-83.7374564,42.2756536],[-83.7374573,42.2756819],[-83.7374522,42.275682],[-83.7374523,42.2756864],[-83.7374574,42.2756863],[-83.7374575,42.275688],[-83.7374598,42.275688],[-83.7374598,42.2756894]],[[-83.7368883,42.2756977],[-83.7368883,42.275698],[-83.7368878,42.275698],[-83.7368878,42.2756977],[-83.7368883,42.2756977]],[[-83.7370007,42.2756951],[-83.7370008,42.2756961],[-83.7369644,42.2756967],[-83.7369643,42.2756957],[-83.7370007,42.2756951]],[[-83.7370422,42.2757104],[-83.7370409,42.2757104],[-83.7370403,42.2756934],[-83.7370413,42.2756934],[-83.7370405,42.2756705],[-83.7370422,42.2757104]],[[-83.736962,42.2756947],[-83.7369623,42.2757056],[-83.7369609,42.2757056],[-83.7369606,42.2756947],[-83.736962,42.2756947]],[[-83.73695,42.2756939],[-83.7369325,42.2756942],[-83.7369361,42.2756934],[-83.7369397,42.275691],[-83.736941,42.2756869],[-83.7369322,42.2756867],[-83.7369497,42.2756864],[-83.7369498,42.2756881],[-83.736948,42.2756888],[-83.7369456,42.2756882],[-83.7369415,42.2756886],[-83.7369411,42.2756913],[-83.7369421,42.2756923],[-83.7369458,42.2756923],[-83.7369481,42.2756915],[-83.7369499,42.2756922],[-83.73695,42.2756939]],[[-83.7370081,42.2756949],[-83.737003,42.275695],[-83.737003,42.2756933],[-83.7369675,42.2756939],[-83.7369674,42.2756909],[-83.7369872,42.2756905],[-83.7369877,42.2756912],[-83.7369877,42.2756905],[-83.737008,42.2756902],[-83.7370081,42.2756949]],[[-83.7370398,42.27569],[-83.7370399,42.2756927],[-83.7370348,42.2756928],[-83.7370347,42.2756901],[-83.7370398,42.27569]],[[-83.7369665,42.2756912],[-83.7369666,42.2756939],[-83.7369597,42.2756941],[-83.7369596,42.2756913],[-83.7369665,42.2756912]],[[-83.7374582,42.2756826],[-83.7374583,42.2756856],[-83.7374532,42.2756857],[-83.7374531,42.2756826],[-83.7374582,42.2756826]],[[-83.7369116,42.2756918],[-83.7369117,42.2756949],[-83.7369067,42.275695],[-83.7369066,42.2756919],[-83.7369116,42.2756918]],[[-83.7370167,42.2756887],[-83.737013,42.2756887],[-83.737013,42.2756884],[-83.7370134,42.2756884],[-83.7370134,42.2756877],[-83.7370139,42.2756877],[-83.7370138,42.2756863],[-83.7370134,42.2756863],[-83.7370133,42.275685],[-83.7370129,42.275685],[-83.7370128,42.2756833],[-83.7370133,42.2756833],[-83.7370133,42.2756829],[-83.7370142,42.2756829],[-83.7370142,42.2756826],[-83.7370151,42.2756825],[-83.7370151,42.2756829],[-83.737016,42.2756829],[-83.737016,42.2756832],[-83.7370165,42.2756832],[-83.7370166,42.2756849],[-83.7370161,42.2756849],[-83.7370161,42.2756863],[-83.7370157,42.2756863],[-83.7370157,42.2756877],[-83.7370162,42.2756876],[-83.7370162,42.2756883],[-83.7370167,42.2756883],[-83.7370167,42.2756887]],[[-83.7369499,42.2756915],[-83.7369494,42.2756915],[-83.7369494,42.2756912],[-83.7369485,42.2756912],[-83.7369485,42.2756908],[-83.7369471,42.2756909],[-83.7369471,42.2756912],[-83.7369453,42.2756912],[-83.7369453,42.2756916],[-83.736943,42.2756916],[-83.7369425,42.2756909],[-83.736942,42.2756909],[-83.736942,42.2756896],[-83.7369429,42.2756892],[-83.7369429,42.2756889],[-83.7369452,42.2756888],[-83.7369452,42.2756892],[-83.7369466,42.2756892],[-83.7369466,42.2756895],[-83.7369489,42.2756895],[-83.7369489,42.2756891],[-83.7369498,42.2756891],[-83.7369499,42.2756915]],[[-83.7370314,42.2756877],[-83.7370309,42.2756877],[-83.7370309,42.2756881],[-83.7370314,42.2756881],[-83.7370314,42.2756877]],[[-83.7370402,42.2756883],[-83.7370365,42.2756883],[-83.7370364,42.2756842],[-83.7370304,42.2756843],[-83.73703,42.2756884],[-83.7370176,42.2756886],[-83.7370166,42.2756866],[-83.7370175,42.2756856],[-83.7370174,42.2756828],[-83.7370155,42.2756819],[-83.7370132,42.2756819],[-83.7370119,42.2756829],[-83.737012,42.2756853],[-83.7370129,42.2756874],[-83.7370121,42.2756887],[-83.7370098,42.2756888],[-83.7370089,42.2756608],[-83.7370393,42.2756603],[-83.7370393,42.275661],[-83.7370283,42.2756612],[-83.7370283,42.2756629],[-83.7370303,42.2756666],[-83.7370331,42.2756686],[-83.7370373,42.2756699],[-83.7370396,42.2756698],[-83.7370402,42.2756883]],[[-83.7370346,42.2756873],[-83.7370337,42.275687],[-83.7370337,42.2756867],[-83.7370327,42.2756867],[-83.7370328,42.2756874],[-83.7370318,42.2756874],[-83.7370318,42.2756857],[-83.7370346,42.2756856],[-83.7370346,42.2756873]],[[-83.7369497,42.2756857],[-83.7369322,42.275686],[-83.7369386,42.2756835],[-83.7369404,42.2756811],[-83.7369407,42.2756787],[-83.736932,42.2756782],[-83.7369495,42.2756779],[-83.7369495,42.2756799],[-83.7369482,42.2756803],[-83.7369422,42.2756797],[-83.7369408,42.2756807],[-83.7369409,42.2756831],[-83.7369428,42.2756841],[-83.7369464,42.2756834],[-83.7369497,42.2756837],[-83.7369497,42.2756857]],[[-83.7369496,42.275683],[-83.7369473,42.2756823],[-83.7369473,42.2756827],[-83.7369441,42.2756831],[-83.7369441,42.2756834],[-83.7369437,42.2756834],[-83.7369436,42.2756831],[-83.7369423,42.2756831],[-83.7369422,42.2756828],[-83.7369418,42.2756828],[-83.7369417,42.2756811],[-83.7369422,42.2756811],[-83.7369422,42.2756807],[-83.7369431,42.2756807],[-83.7369431,42.2756804],[-83.736944,42.2756803],[-83.736944,42.2756807],[-83.7369459,42.2756806],[-83.7369459,42.275681],[-83.7369486,42.2756809],[-83.7369486,42.2756806],[-83.7369496,42.2756806],[-83.7369496,42.275683]],[[-83.7369495,42.2756772],[-83.7369319,42.2756775],[-83.7369361,42.2756764],[-83.7369388,42.2756746],[-83.7369401,42.2756726],[-83.7369405,42.2756702],[-83.7369317,42.27567],[-83.7369492,42.2756697],[-83.7369493,42.2756714],[-83.7369475,42.2756721],[-83.7369437,42.2756711],[-83.7369414,42.2756715],[-83.7369405,42.2756722],[-83.7369406,42.2756746],[-83.736942,42.2756756],[-83.736948,42.2756748],[-83.7369494,42.2756755],[-83.7369495,42.2756772]],[[-83.7369494,42.2756744],[-83.7369484,42.2756745],[-83.7369484,42.2756741],[-83.7369457,42.2756742],[-83.7369457,42.2756745],[-83.7369443,42.2756745],[-83.7369443,42.2756749],[-83.7369425,42.2756749],[-83.736942,42.2756742],[-83.7369415,42.2756742],[-83.7369415,42.2756729],[-83.7369424,42.2756725],[-83.7369424,42.2756722],[-83.7369451,42.2756721],[-83.7369452,42.2756725],[-83.7369465,42.2756724],[-83.7369465,42.2756728],[-83.7369479,42.2756728],[-83.7369479,42.2756724],[-83.7369488,42.2756724],[-83.7369488,42.2756721],[-83.7369493,42.2756721],[-83.7369494,42.2756744]],[[-83.7370075,42.2756888],[-83.7369595,42.2756896],[-83.7369587,42.275662],[-83.7369932,42.2756611],[-83.7369933,42.2756628],[-83.7369947,42.2756655],[-83.7369985,42.2756682],[-83.7370022,42.2756691],[-83.7370055,42.2756691],[-83.7370052,42.2756609],[-83.7370066,42.2756609],[-83.7370075,42.2756888]],[[-83.7369492,42.2756686],[-83.7369317,42.2756689],[-83.7369317,42.2756683],[-83.7369289,42.2756683],[-83.7369261,42.2756673],[-83.7369232,42.2756643],[-83.7369232,42.2756633],[-83.7369315,42.2756631],[-83.7369315,42.2756625],[-83.736949,42.2756622],[-83.7369486,42.2756632],[-83.7369472,42.2756636],[-83.7369449,42.2756629],[-83.7369416,42.275663],[-83.7369403,42.275664],[-83.7369403,42.2756661],[-83.7369413,42.2756671],[-83.736945,42.275667],[-83.7369473,42.2756663],[-83.7369491,42.2756669],[-83.7369492,42.2756686]],[[-83.7369491,42.2756663],[-83.7369487,42.2756663],[-83.7369486,42.2756659],[-83.7369477,42.2756659],[-83.7369477,42.2756656],[-83.7369463,42.2756656],[-83.7369463,42.275666],[-83.7369445,42.275666],[-83.7369445,42.2756663],[-83.7369422,42.2756664],[-83.7369417,42.2756657],[-83.7369413,42.2756657],[-83.7369412,42.2756643],[-83.7369421,42.275664],[-83.7369421,42.2756637],[-83.7369458,42.2756639],[-83.7369458,42.2756643],[-83.7369481,42.2756642],[-83.7369481,42.2756639],[-83.736949,42.2756639],[-83.7369491,42.2756663]],[[-83.7369572,42.2756897],[-83.7369558,42.2756897],[-83.7369563,42.2757057],[-83.7369526,42.2757058],[-83.7369513,42.2756621],[-83.7369564,42.275662],[-83.7369572,42.2756897]],[[-83.7374572,42.2756498],[-83.7374573,42.2756529],[-83.7374522,42.275653],[-83.7374521,42.2756499],[-83.7374572,42.2756498]],[[-83.7369106,42.2756591],[-83.7369107,42.2756621],[-83.7369056,42.2756622],[-83.7369055,42.2756592],[-83.7369106,42.2756591]],[[-83.7374585,42.2756481],[-83.7374597,42.2756873],[-83.7374593,42.2756873],[-83.7374581,42.2756481],[-83.7374585,42.2756481]],[[-83.7374355,42.2756485],[-83.7374355,42.2756488],[-83.7373401,42.2756504],[-83.7373401,42.2756501],[-83.7374355,42.2756485]],[[-83.7373198,42.2756508],[-83.7373189,42.2756508],[-83.7373189,42.2756511],[-83.7373185,42.2756511],[-83.7373184,42.2756505],[-83.7373198,42.2756504],[-83.7373198,42.2756508]],[[-83.7369046,42.2756575],[-83.7369058,42.2756967],[-83.7369053,42.2756967],[-83.7369041,42.2756575],[-83.7369046,42.2756575]],[[-83.7374756,42.2756468],[-83.7374756,42.2756471],[-83.7374751,42.2756471],[-83.7374751,42.2756468],[-83.7374756,42.2756468]],[[-83.736887,42.2756567],[-83.736887,42.2756571],[-83.7368866,42.2756571],[-83.7368866,42.2756567],[-83.736887,42.2756567]],[[-83.7369603,42.2756548],[-83.7369604,42.2756599],[-83.7369586,42.27566],[-83.7369584,42.2756548],[-83.7369603,42.2756548]],[[-83.7369466,42.2756605],[-83.7369139,42.2756611],[-83.7369138,42.2756566],[-83.7369087,42.2756567],[-83.7369086,42.275655],[-83.7369031,42.2756551],[-83.7369031,42.2756558],[-83.7368884,42.275656],[-83.7368877,42.2756332],[-83.736902,42.2756329],[-83.7369025,42.275634],[-83.7369075,42.2756339],[-83.7369079,42.2756318],[-83.736913,42.2756317],[-83.7369128,42.2756263],[-83.7369331,42.2756259],[-83.7369332,42.275628],[-83.7369341,42.2756286],[-83.7369341,42.2756297],[-83.7369375,42.2756323],[-83.7369412,42.2756336],[-83.7369449,42.2756339],[-83.7369446,42.2756257],[-83.7369456,42.2756257],[-83.7369466,42.2756605]],[[-83.7374748,42.2756222],[-83.7374748,42.2756226],[-83.7374743,42.2756226],[-83.7374743,42.2756222],[-83.7374748,42.2756222]],[[-83.7374578,42.2756239],[-83.7374541,42.2756239],[-83.7374536,42.2756219],[-83.7374485,42.275622],[-83.7374483,42.2756155],[-83.7374538,42.2756154],[-83.737452,42.2755568],[-83.7374465,42.2755565],[-83.7374463,42.27555],[-83.7374518,42.2755499],[-83.7374518,42.2755482],[-83.7374554,42.2755482],[-83.7374555,42.2755492],[-83.7374532,42.2755492],[-83.7374532,42.2755509],[-83.7374482,42.275551],[-83.7374483,42.2755555],[-83.7374534,42.2755554],[-83.7374552,42.2756164],[-83.7374502,42.2756165],[-83.7374503,42.2756209],[-83.7374554,42.2756208],[-83.7374554,42.2756226],[-83.7374577,42.2756225],[-83.7374578,42.2756239]],[[-83.7369121,42.2756311],[-83.736907,42.2756311],[-83.7369071,42.2756332],[-83.7369034,42.2756333],[-83.7369033,42.2756319],[-83.7369052,42.2756319],[-83.7369051,42.2756302],[-83.7369106,42.2756301],[-83.7369105,42.2756256],[-83.736905,42.2756257],[-83.7369031,42.2755647],[-83.7369086,42.2755646],[-83.7369085,42.2755605],[-83.7369029,42.2755602],[-83.7369029,42.2755585],[-83.7369011,42.2755586],[-83.736901,42.2755576],[-83.7369047,42.2755575],[-83.7369048,42.2755592],[-83.7369098,42.2755591],[-83.73691,42.2755656],[-83.736905,42.2755657],[-83.7369068,42.2756247],[-83.7369119,42.2756246],[-83.7369121,42.2756311]],[[-83.7368863,42.2756322],[-83.7368863,42.2756325],[-83.7368858,42.2756325],[-83.7368858,42.2756322],[-83.7368863,42.2756322]],[[-83.73696,42.2756292],[-83.7369607,42.2756531],[-83.7369584,42.2756531],[-83.7369577,42.2756293],[-83.73696,42.2756292]],[[-83.7369645,42.2756257],[-83.7369645,42.2756285],[-83.7369576,42.2756286],[-83.7369575,42.2756259],[-83.7369645,42.2756257]],[[-83.7369557,42.2756259],[-83.7369568,42.27566],[-83.7369498,42.2756601],[-83.7369488,42.275626],[-83.7369557,42.2756259]],[[-83.7374562,42.2756171],[-83.7374563,42.2756202],[-83.7374512,42.2756202],[-83.7374511,42.2756172],[-83.7374562,42.2756171]],[[-83.7369096,42.2756263],[-83.7369097,42.2756294],[-83.7369042,42.2756295],[-83.7369041,42.2756264],[-83.7369096,42.2756263]],[[-83.7374542,42.2755516],[-83.7374543,42.2755547],[-83.7374492,42.2755548],[-83.7374491,42.2755517],[-83.7374542,42.2755516]],[[-83.7369076,42.2755609],[-83.7369077,42.2755639],[-83.7369021,42.275564],[-83.736902,42.2755609],[-83.7369076,42.2755609]],[[-83.7374555,42.2755499],[-83.7374577,42.2756218],[-83.7374573,42.2756218],[-83.737455,42.2755499],[-83.7374555,42.2755499]],[[-83.7374725,42.2755486],[-83.7374721,42.2755486],[-83.7374721,42.2755489],[-83.7374725,42.2755489],[-83.7374725,42.2755486]],[[-83.736884,42.2755585],[-83.7368835,42.2755585],[-83.7368835,42.2755589],[-83.736884,42.2755589],[-83.736884,42.2755585]],[[-83.7374718,42.275524],[-83.7374718,42.2755244],[-83.7374713,42.2755244],[-83.7374713,42.275524],[-83.7374718,42.275524]],[[-83.7374547,42.2755257],[-83.7374511,42.2755257],[-83.7374505,42.2755237],[-83.7374455,42.2755238],[-83.7374453,42.2755173],[-83.7374508,42.2755172],[-83.73745,42.2754913],[-83.7374444,42.275491],[-83.7374442,42.2754846],[-83.7374498,42.2754845],[-83.7374497,42.2754828],[-83.7374534,42.2754827],[-83.7374534,42.2754837],[-83.7374511,42.2754838],[-83.7374512,42.2754855],[-83.7374461,42.2754856],[-83.7374463,42.27549],[-83.7374513,42.2754899],[-83.7374522,42.2755182],[-83.7374471,42.2755183],[-83.7374473,42.2755227],[-83.7374523,42.2755226],[-83.7374524,42.2755243],[-83.7374547,42.2755243],[-83.7374547,42.2755257]],[[-83.736909,42.2755328],[-83.7369039,42.2755329],[-83.736904,42.275535],[-83.7369003,42.275535],[-83.7369003,42.2755337],[-83.7369021,42.2755336],[-83.7369021,42.2755319],[-83.7369076,42.2755318],[-83.7369075,42.2755278],[-83.7369019,42.2755275],[-83.7369011,42.2754992],[-83.7369066,42.2754991],[-83.7369065,42.275495],[-83.7369009,42.2754948],[-83.7369009,42.2754931],[-83.736899,42.2754931],[-83.736899,42.2754921],[-83.7369027,42.275492],[-83.7369027,42.2754937],[-83.7369078,42.2754936],[-83.736908,42.2755001],[-83.7369029,42.2755002],[-83.7369037,42.2755265],[-83.7369088,42.2755264],[-83.736909,42.2755328]],[[-83.7368832,42.275534],[-83.7368832,42.2755343],[-83.7368828,42.2755343],[-83.7368828,42.275534],[-83.7368832,42.275534]],[[-83.7374532,42.2755189],[-83.7374532,42.2755219],[-83.7374482,42.275522],[-83.7374481,42.275519],[-83.7374532,42.2755189]],[[-83.7369066,42.2755281],[-83.7369067,42.2755312],[-83.7369011,42.2755313],[-83.736901,42.2755282],[-83.7369066,42.2755281]],[[-83.7374521,42.2754861],[-83.7374522,42.2754892],[-83.7374472,42.2754893],[-83.7374471,42.2754862],[-83.7374521,42.2754861]],[[-83.7369055,42.2754954],[-83.7369056,42.2754984],[-83.7369001,42.2754985],[-83.7369,42.2754955],[-83.7369055,42.2754954]],[[-83.7374535,42.2754844],[-83.7374547,42.2755236],[-83.7374542,42.2755236],[-83.737453,42.2754844],[-83.7374535,42.2754844]],[[-83.7374705,42.2754831],[-83.73747,42.2754831],[-83.73747,42.2754834],[-83.7374705,42.2754834],[-83.7374705,42.2754831]],[[-83.736882,42.275493],[-83.736882,42.2754934],[-83.7368815,42.2754934],[-83.7368815,42.2754931],[-83.736882,42.275493]],[[-83.7374697,42.2754585],[-83.7374693,42.2754586],[-83.7374693,42.2754589],[-83.7374697,42.2754589],[-83.7374697,42.2754585]],[[-83.7374527,42.2754602],[-83.737449,42.2754603],[-83.7374485,42.2754582],[-83.7374434,42.2754583],[-83.7374432,42.2754518],[-83.7374488,42.2754517],[-83.737448,42.2754258],[-83.7374424,42.2754256],[-83.7374422,42.2754191],[-83.7374478,42.275419],[-83.7374477,42.2754173],[-83.7374514,42.2754172],[-83.7374514,42.2754183],[-83.7374491,42.2754183],[-83.7374492,42.27542],[-83.7374441,42.2754201],[-83.7374442,42.2754245],[-83.7374493,42.2754244],[-83.7374502,42.2754527],[-83.7374451,42.2754528],[-83.7374452,42.2754573],[-83.7374503,42.2754572],[-83.7374504,42.2754589],[-83.7374527,42.2754588],[-83.7374527,42.2754602]],[[-83.7369257,42.2754015],[-83.7368999,42.275402],[-83.7369007,42.2754282],[-83.7369058,42.2754282],[-83.736906,42.2754346],[-83.7369009,42.2754347],[-83.7369017,42.275461],[-83.7369068,42.2754609],[-83.736907,42.2754674],[-83.7369019,42.2754675],[-83.736902,42.2754695],[-83.7368983,42.2754696],[-83.7368983,42.2754682],[-83.7369001,42.2754682],[-83.7369,42.2754665],[-83.7369056,42.2754664],[-83.7369054,42.2754623],[-83.7368999,42.275462],[-83.736899,42.2754337],[-83.7369046,42.2754336],[-83.7369044,42.2754295],[-83.7368989,42.2754293],[-83.736898,42.275402],[-83.7368962,42.275402],[-83.736896,42.2753956],[-83.7369048,42.2753954],[-83.7369049,42.2754009],[-83.7369257,42.2754005],[-83.7369257,42.2754015]],[[-83.7368812,42.2754685],[-83.7368812,42.2754688],[-83.7368807,42.2754688],[-83.7368807,42.2754685],[-83.7368812,42.2754685]],[[-83.7374511,42.2754534],[-83.7374512,42.2754565],[-83.7374461,42.2754566],[-83.7374461,42.2754535],[-83.7374511,42.2754534]],[[-83.7369045,42.2754626],[-83.7369046,42.2754657],[-83.7368991,42.2754658],[-83.736899,42.2754627],[-83.7369045,42.2754626]],[[-83.7374501,42.2754207],[-83.7374502,42.2754237],[-83.7374451,42.2754238],[-83.737445,42.2754207],[-83.7374501,42.2754207]],[[-83.7369036,42.275433],[-83.7368985,42.2754331],[-83.7368986,42.2754334],[-83.7368981,42.2754334],[-83.736898,42.27543],[-83.7369035,42.2754299],[-83.7369036,42.275433]],[[-83.7374514,42.2754189],[-83.7374527,42.2754581],[-83.7374522,42.2754582],[-83.737451,42.2754189],[-83.7374514,42.2754189]],[[-83.7374685,42.2754176],[-83.7374685,42.275418],[-83.737468,42.275418],[-83.737468,42.2754176],[-83.7374685,42.2754176]],[[-83.7374677,42.2753931],[-83.7374677,42.2753934],[-83.7374672,42.2753934],[-83.7374672,42.2753931],[-83.7374677,42.2753931]],[[-83.7374507,42.2753947],[-83.737447,42.2753948],[-83.7374465,42.2753927],[-83.7374414,42.2753928],[-83.7374412,42.2753864],[-83.7374467,42.2753863],[-83.7374449,42.2753276],[-83.7374394,42.2753277],[-83.7374392,42.2753219],[-83.7374411,42.2753219],[-83.7374412,42.2753263],[-83.7374463,42.2753262],[-83.7374482,42.2753873],[-83.7374431,42.2753873],[-83.7374432,42.2753918],[-83.7374483,42.2753917],[-83.7374483,42.2753934],[-83.7374506,42.2753934],[-83.7374507,42.2753947]],[[-83.7374491,42.2753879],[-83.7374492,42.275391],[-83.7374441,42.2753911],[-83.737444,42.275388],[-83.7374491,42.2753879]],[[-83.7369345,42.2753881],[-83.7369262,42.2753882],[-83.7369262,42.2753872],[-83.7369326,42.2753871],[-83.7369322,42.2753738],[-83.7369258,42.2753739],[-83.7369257,42.2753725],[-83.736934,42.2753724],[-83.7369345,42.2753881]],[[-83.7369313,42.2753745],[-83.7369317,42.2753864],[-83.7369262,42.2753865],[-83.7369258,42.2753746],[-83.7369313,42.2753745]],[[-83.7373906,42.2753616],[-83.737328,42.2753627],[-83.7373279,42.275362],[-83.7373312,42.2753619],[-83.7373311,42.2753585],[-83.7373269,42.2753586],[-83.7373283,42.2753593],[-83.7373302,42.2753592],[-83.7373302,42.2753613],[-83.7373265,42.2753613],[-83.7373263,42.2753688],[-83.7373245,42.2753689],[-83.7373203,42.2753666],[-83.7373193,42.2753652],[-83.7373192,42.2753611],[-83.7373155,42.2753615],[-83.7373154,42.2753595],[-83.7373168,42.2753595],[-83.7373168,42.2753588],[-83.7373145,42.2753588],[-83.7373146,42.2753622],[-83.7373173,42.2753622],[-83.7373174,42.2753629],[-83.7373137,42.2753629],[-83.7373135,42.2753581],[-83.7373347,42.2753578],[-83.7373347,42.2753568],[-83.7373356,42.2753567],[-83.7373357,42.2753578],[-83.7373868,42.2753569],[-83.7373868,42.2753576],[-83.737332,42.2753585],[-83.7373321,42.2753619],[-83.7373906,42.2753609],[-83.7373906,42.2753616]],[[-83.7372879,42.2753357],[-83.737287,42.2753357],[-83.7372879,42.2753634],[-83.7372552,42.2753639],[-83.7372786,42.2753632],[-83.737279,42.2753608],[-83.7372805,42.2753621],[-83.7372819,42.2753624],[-83.7372842,42.2753624],[-83.737286,42.2753613],[-83.7372863,42.2753583],[-83.7372844,42.2753569],[-83.7372812,42.275357],[-83.737279,42.2753587],[-83.7372789,42.2753567],[-83.7372867,42.2753565],[-83.7372861,42.2753351],[-83.7372879,42.275335],[-83.7372879,42.2753357]],[[-83.7370897,42.2753667],[-83.737057,42.2753673],[-83.7370561,42.2753396],[-83.7370547,42.2753397],[-83.7370547,42.275339],[-83.7370566,42.2753389],[-83.7370572,42.2753604],[-83.7370655,42.2753603],[-83.7370657,42.2753668],[-83.7370897,42.2753667]],[[-83.7370312,42.2753677],[-83.7370293,42.2753677],[-83.7370293,42.275367],[-83.7370302,42.275367],[-83.7370301,42.2753636],[-83.7370283,42.2753636],[-83.7370278,42.2753643],[-83.7370292,42.2753643],[-83.7370293,42.2753664],[-83.7370279,42.2753664],[-83.737028,42.2753691],[-83.7370271,42.2753712],[-83.7370235,42.275374],[-83.7370199,42.2753747],[-83.7370196,42.2753665],[-83.7370182,42.2753665],[-83.7370186,42.2753638],[-83.7370172,42.2753638],[-83.7370178,42.2753666],[-83.7370159,42.2753666],[-83.7370159,42.2753645],[-83.7370168,42.2753645],[-83.7370168,42.2753638],[-83.7370149,42.2753639],[-83.737015,42.2753669],[-83.7370178,42.2753672],[-83.7370178,42.2753679],[-83.7370141,42.275368],[-83.737014,42.2753639],[-83.7369748,42.2753645],[-83.7369748,42.2753639],[-83.7370084,42.2753633],[-83.7370084,42.2753623],[-83.7370093,42.2753623],[-83.7370098,42.2753633],[-83.737031,42.2753629],[-83.7370312,42.2753677]],[[-83.7373487,42.275289],[-83.7373105,42.2752896],[-83.7373113,42.2753169],[-83.7373053,42.275317],[-83.7373055,42.2753214],[-83.7373115,42.2753217],[-83.7373115,42.2753227],[-83.7373088,42.2753227],[-83.7373056,42.2753238],[-83.7373024,42.2753263],[-83.7373011,42.275329],[-83.7373012,42.2753311],[-83.7373118,42.2753309],[-83.7373119,42.2753339],[-83.7372999,42.2753341],[-83.7372995,42.2753382],[-83.7372982,42.2753403],[-83.7372955,42.2753424],[-83.737291,42.2753439],[-83.73729,42.2753439],[-83.7372898,42.2753347],[-83.7372851,42.2753347],[-83.7372858,42.2753559],[-83.737278,42.275356],[-83.7372782,42.2753625],[-83.7371749,42.2753642],[-83.7371767,42.2753622],[-83.7371762,42.2753598],[-83.7371743,42.2753584],[-83.7371715,42.2753582],[-83.7371692,42.2753589],[-83.7371679,42.2753603],[-83.737168,42.2753626],[-83.7371699,42.2753643],[-83.7370666,42.2753661],[-83.7370664,42.2753599],[-83.7370581,42.2753597],[-83.7370575,42.2753382],[-83.7370533,42.2753383],[-83.7370536,42.2753479],[-83.7370522,42.2753479],[-83.7370485,42.2753469],[-83.7370457,42.2753453],[-83.7370433,42.2753419],[-83.7370432,42.2753385],[-83.7370312,42.2753387],[-83.7370311,42.2753356],[-83.7370417,42.2753354],[-83.7370417,42.2753348],[-83.7370402,42.275331],[-83.7370373,42.2753287],[-83.7370336,42.2753274],[-83.7370308,42.2753274],[-83.7370308,42.275325],[-83.7370363,42.275325],[-83.7370366,42.2753212],[-83.7370362,42.2753202],[-83.7370306,42.2753203],[-83.7370298,42.2752944],[-83.7369911,42.275295],[-83.7369901,42.275263],[-83.7371275,42.2752606],[-83.7371275,42.2752617],[-83.7371353,42.2752615],[-83.7371363,42.2752926],[-83.7371285,42.2752927],[-83.7371287,42.2753005],[-83.7371393,42.2753004],[-83.7371391,42.2752942],[-83.7371677,42.2752937],[-83.7371663,42.2752951],[-83.7371664,42.2752968],[-83.7371674,42.2752982],[-83.7371688,42.2752988],[-83.7371715,42.2752988],[-83.7371738,42.2752974],[-83.7371737,42.2752947],[-83.7371723,42.2752937],[-83.7372013,42.2752932],[-83.7372015,42.2752993],[-83.7372121,42.2752991],[-83.7372119,42.2752913],[-83.7372036,42.2752914],[-83.7372026,42.2752604],[-83.7372109,42.2752602],[-83.7372109,42.2752592],[-83.7373477,42.2752569],[-83.7373487,42.275289]],[[-83.7373971,42.2753775],[-83.7373957,42.2753776],[-83.7373952,42.2753598],[-83.7373961,42.2753598],[-83.737396,42.2753554],[-83.7373951,42.2753554],[-83.7373944,42.2753339],[-83.7373958,42.2753339],[-83.7373971,42.2753775]],[[-83.7373943,42.2753599],[-83.7373948,42.2753776],[-83.737393,42.2753776],[-83.7373924,42.2753599],[-83.7373943,42.2753599]],[[-83.7373906,42.2753603],[-83.737333,42.2753612],[-83.7373329,42.2753592],[-83.7373869,42.2753583],[-83.7373869,42.27536],[-83.7373906,42.2753603]],[[-83.737285,42.2753607],[-83.7372846,42.2753607],[-83.7372846,42.275361],[-83.7372837,42.275361],[-83.7372837,42.2753614],[-83.7372818,42.2753614],[-83.7372809,42.2753604],[-83.7372804,42.2753604],[-83.7372804,42.275359],[-83.7372808,42.275359],[-83.7372808,42.2753584],[-83.7372813,42.2753583],[-83.7372813,42.275358],[-83.737284,42.275358],[-83.7372845,42.2753586],[-83.737285,42.2753586],[-83.737285,42.2753607]],[[-83.7371753,42.2753622],[-83.7371749,42.2753622],[-83.7371749,42.2753629],[-83.7371744,42.2753629],[-83.7371744,42.2753632],[-83.7371735,42.2753632],[-83.7371735,42.2753636],[-83.7371708,42.2753636],[-83.7371698,42.2753626],[-83.7371693,42.2753626],[-83.7371693,42.2753606],[-83.7371697,42.2753606],[-83.7371697,42.2753599],[-83.7371716,42.2753595],[-83.7371715,42.2753592],[-83.7371729,42.2753592],[-83.7371729,42.2753595],[-83.7371739,42.2753595],[-83.7371743,42.2753602],[-83.7371748,42.2753601],[-83.7371748,42.2753608],[-83.7371753,42.2753608],[-83.7371753,42.2753622]],[[-83.7369614,42.2753641],[-83.7369615,42.2753648],[-83.7369573,42.2753648],[-83.7369573,42.2753642],[-83.7369614,42.2753641]],[[-83.7373946,42.2753564],[-83.7373947,42.2753592],[-83.7373883,42.2753593],[-83.7373882,42.2753565],[-83.7373946,42.2753564]],[[-83.7369564,42.2753638],[-83.7369564,42.2753666],[-83.7369495,42.2753667],[-83.7369494,42.275364],[-83.7369564,42.2753638]],[[-83.7373928,42.2753554],[-83.7373872,42.2753555],[-83.7373868,42.2753562],[-83.7373366,42.2753571],[-83.7373485,42.2753565],[-83.7373494,42.2753558],[-83.7373485,42.2753545],[-83.7373484,42.2753528],[-83.7373465,42.2753501],[-83.7373437,42.2753481],[-83.7373376,42.2753465],[-83.7373487,42.2753463],[-83.7373491,42.2753456],[-83.7373482,42.2753446],[-83.7373476,42.2753419],[-83.7373462,42.2753409],[-83.7373462,42.2753402],[-83.7373429,42.2753379],[-83.7373401,42.2753369],[-83.7373359,42.2753366],[-83.7373359,42.2753356],[-83.7373483,42.2753354],[-83.7373482,42.275332],[-83.7373492,42.275332],[-83.7373491,42.2753309],[-83.7373574,42.2753308],[-83.737358,42.2753349],[-83.7373589,42.2753345],[-83.7373588,42.2753308],[-83.7373671,42.2753306],[-83.7373672,42.2753344],[-83.7373682,42.275335],[-83.7373709,42.275335],[-83.7373718,42.2753333],[-83.7373796,42.2753331],[-83.7373797,42.2753342],[-83.7373806,42.2753345],[-83.737381,42.2753331],[-83.7373907,42.275333],[-83.7373907,42.275334],[-83.7373921,42.275334],[-83.7373928,42.2753554]],[[-83.7370075,42.2753626],[-83.7369743,42.2753632],[-83.7369738,42.2753608],[-83.7369719,42.2753581],[-83.7369686,42.2753561],[-83.7369648,42.2753552],[-83.7369621,42.2753552],[-83.7369623,42.2753634],[-83.7369573,42.2753635],[-83.7369572,42.2753628],[-83.7369526,42.2753629],[-83.736952,42.2753411],[-83.7369529,42.275341],[-83.7369533,42.2753403],[-83.7369621,42.2753402],[-83.7369621,42.2753412],[-83.736963,42.2753415],[-83.7369635,42.2753402],[-83.7369713,42.27534],[-83.7369713,42.2753411],[-83.7369723,42.2753417],[-83.736975,42.2753417],[-83.7369759,42.2753403],[-83.7369758,42.2753372],[-83.7369841,42.2753371],[-83.7369842,42.2753408],[-83.7369852,42.2753412],[-83.7369855,42.2753371],[-83.7369933,42.2753369],[-83.7369934,42.275338],[-83.7369947,42.2753379],[-83.7369949,42.2753413],[-83.7370068,42.2753411],[-83.7370069,42.2753422],[-83.7370018,42.2753429],[-83.737,42.2753443],[-83.7369991,42.2753443],[-83.736996,42.2753475],[-83.7369947,42.2753523],[-83.7370063,42.2753524],[-83.7370026,42.2753528],[-83.7370008,42.2753535],[-83.7369994,42.2753549],[-83.7369985,42.2753549],[-83.7369985,42.2753556],[-83.7369972,42.2753563],[-83.7369958,42.2753584],[-83.736995,42.2753622],[-83.7370075,42.2753626]],[[-83.7373935,42.2753339],[-83.7373941,42.2753554],[-83.7373937,42.2753554],[-83.737393,42.2753339],[-83.7373935,42.2753339]],[[-83.736951,42.2753414],[-83.7369517,42.2753629],[-83.7369508,42.2753629],[-83.7369501,42.2753414],[-83.736951,42.2753414]],[[-83.7369492,42.2753414],[-83.7369497,42.2753571],[-83.7369483,42.2753571],[-83.7369478,42.2753415],[-83.7369492,42.2753414]],[[-83.7373423,42.2753348],[-83.7373349,42.2753349],[-83.737335,42.2753359],[-83.7373341,42.275336],[-83.737334,42.2753349],[-83.7373326,42.275335],[-83.7373326,42.2753343],[-83.7373423,42.2753341],[-83.7373423,42.2753348]],[[-83.7373193,42.2753345],[-83.7373193,42.2753352],[-83.7373174,42.2753352],[-83.7373174,42.2753345],[-83.7373193,42.2753345]],[[-83.7373123,42.2753346],[-83.7373124,42.2753353],[-83.7373082,42.2753354],[-83.7373082,42.2753347],[-83.7373123,42.2753346]],[[-83.7370349,42.2753393],[-83.7370349,42.27534],[-83.7370303,42.2753401],[-83.7370303,42.2753394],[-83.7370349,42.2753393]],[[-83.7370257,42.2753395],[-83.7370257,42.2753401],[-83.7370239,42.2753402],[-83.7370238,42.2753395],[-83.7370257,42.2753395]],[[-83.737011,42.2753404],[-83.7370087,42.2753404],[-83.7370087,42.2753415],[-83.7370078,42.2753415],[-83.7370077,42.2753404],[-83.7370004,42.2753406],[-83.7370003,42.2753399],[-83.7370109,42.2753397],[-83.737011,42.2753404]],[[-83.7373907,42.2753323],[-83.737381,42.2753324],[-83.7373809,42.2753307],[-83.7373897,42.2753306],[-83.7373897,42.2753313],[-83.7373906,42.2753313],[-83.7373907,42.2753323]],[[-83.7373943,42.2753305],[-83.7373944,42.2753332],[-83.7373921,42.2753333],[-83.737392,42.2753305],[-83.7373943,42.2753305]],[[-83.7373795,42.2753308],[-83.7373796,42.2753325],[-83.7373718,42.2753326],[-83.7373717,42.2753309],[-83.7373795,42.2753308]],[[-83.7369712,42.2753377],[-83.7369713,42.2753394],[-83.7369634,42.2753395],[-83.7369634,42.2753378],[-83.7369712,42.2753377]],[[-83.736962,42.2753378],[-83.7369621,42.2753395],[-83.7369533,42.2753397],[-83.7369532,42.275338],[-83.736962,42.2753378]],[[-83.7369509,42.275338],[-83.736951,42.2753407],[-83.7369483,42.2753408],[-83.7369482,42.275338],[-83.7369509,42.275338]],[[-83.7373459,42.275331],[-83.737346,42.2753341],[-83.7373437,42.2753341],[-83.7373436,42.275331],[-83.7373459,42.275331]],[[-83.7373159,42.2753315],[-83.737316,42.2753346],[-83.7373137,42.2753346],[-83.7373136,42.2753315],[-83.7373159,42.2753315]],[[-83.7370293,42.2753363],[-83.7370294,42.2753394],[-83.7370266,42.2753394],[-83.7370265,42.2753364],[-83.7370293,42.2753363]],[[-83.7369989,42.2753368],[-83.736999,42.2753399],[-83.7369967,42.27534],[-83.7369966,42.2753369],[-83.7369989,42.2753368]],[[-83.7373473,42.2753303],[-83.7373426,42.2753304],[-83.7373426,42.2753297],[-83.7373463,42.2753296],[-83.7373459,42.2753163],[-83.7373224,42.2753167],[-83.7373226,42.2753222],[-83.737317,42.2753223],[-83.7373168,42.2753308],[-83.7373166,42.2753226],[-83.7373124,42.275322],[-83.7373116,42.2752961],[-83.7373125,42.2752961],[-83.7373132,42.2753162],[-83.737344,42.2753157],[-83.7373438,42.2753075],[-83.7373465,42.2753074],[-83.7373473,42.2753303]],[[-83.7370299,42.2753268],[-83.7370258,42.2753272],[-83.737026,42.2753357],[-83.7370253,42.2753272],[-83.7369963,42.2753277],[-83.7369965,42.2753355],[-83.7370002,42.2753355],[-83.7370002,42.2753361],[-83.7369956,42.2753362],[-83.7369949,42.2753134],[-83.7369977,42.2753133],[-83.7369981,42.275327],[-83.737029,42.2753264],[-83.7370282,42.2753009],[-83.7370291,42.2753009],[-83.7370299,42.2753268]],[[-83.7373159,42.2753308],[-83.7373145,42.2753308],[-83.7373141,42.2753302],[-83.7373021,42.2753304],[-83.737302,42.275329],[-83.7373033,42.2753266],[-83.7373065,42.2753241],[-83.7373106,42.2753231],[-83.7373157,42.275323],[-83.7373159,42.2753308]],[[-83.7370408,42.2753348],[-83.7370283,42.275335],[-83.7370283,42.2753357],[-83.737027,42.2753357],[-83.7370268,42.2753323],[-83.7370292,42.2753326],[-83.7370291,42.2753319],[-83.7370268,42.2753319],[-83.7370267,42.2753278],[-83.7370318,42.2753278],[-83.7370364,42.275329],[-83.7370388,42.2753307],[-83.7370408,42.2753348]],[[-83.7373896,42.2753279],[-83.7373897,42.2753299],[-83.7373809,42.2753301],[-83.7373808,42.275328],[-83.7373896,42.2753279]],[[-83.7373795,42.275328],[-83.7373795,42.2753301],[-83.7373717,42.2753302],[-83.7373716,42.2753282],[-83.7373795,42.275328]],[[-83.737367,42.2753282],[-83.7373671,42.2753299],[-83.7373588,42.2753301],[-83.7373587,42.2753284],[-83.737367,42.2753282]],[[-83.7373573,42.2753284],[-83.7373574,42.2753301],[-83.7373491,42.2753302],[-83.737349,42.2753285],[-83.7373573,42.2753284]],[[-83.7369933,42.2753346],[-83.7369933,42.2753363],[-83.7369855,42.2753364],[-83.7369854,42.2753347],[-83.7369933,42.2753346]],[[-83.736984,42.2753347],[-83.7369841,42.2753364],[-83.7369758,42.2753366],[-83.7369757,42.2753348],[-83.736984,42.2753347]],[[-83.7369711,42.2753349],[-83.7369712,42.275337],[-83.7369634,42.2753371],[-83.7369633,42.2753351],[-83.7369711,42.2753349]],[[-83.7369619,42.2753351],[-83.736962,42.2753371],[-83.7369532,42.2753373],[-83.7369532,42.2753352],[-83.7369619,42.2753351]],[[-83.7373896,42.2753275],[-83.7373808,42.2753277],[-83.7373808,42.2753256],[-83.7373812,42.2753256],[-83.7373812,42.275326],[-83.7373826,42.2753259],[-83.7373826,42.2753256],[-83.7373895,42.2753255],[-83.7373896,42.2753275]],[[-83.7373795,42.2753277],[-83.7373716,42.2753278],[-83.7373716,42.2753258],[-83.7373771,42.2753257],[-83.7373771,42.275326],[-83.7373785,42.275326],[-83.7373785,42.2753257],[-83.7373794,42.2753256],[-83.7373795,42.2753277]],[[-83.7369711,42.2753346],[-83.7369633,42.2753347],[-83.7369632,42.2753327],[-83.7369637,42.2753327],[-83.7369637,42.275333],[-83.7369651,42.275333],[-83.7369651,42.2753326],[-83.7369711,42.2753325],[-83.7369711,42.2753346]],[[-83.7369619,42.2753347],[-83.7369531,42.2753349],[-83.7369531,42.2753328],[-83.7369595,42.2753327],[-83.7369595,42.2753331],[-83.7369614,42.275333],[-83.7369614,42.2753327],[-83.7369618,42.2753327],[-83.7369619,42.2753347]],[[-83.7373669,42.2753259],[-83.737367,42.2753276],[-83.7373587,42.2753277],[-83.7373586,42.275326],[-83.7373669,42.2753259]],[[-83.7373573,42.275326],[-83.7373573,42.2753277],[-83.737349,42.2753279],[-83.737349,42.2753262],[-83.7373573,42.275326]],[[-83.7369932,42.2753322],[-83.7369932,42.2753339],[-83.7369854,42.275334],[-83.7369853,42.2753323],[-83.7369932,42.2753322]],[[-83.736984,42.2753323],[-83.736984,42.275334],[-83.7369757,42.2753342],[-83.7369757,42.2753325],[-83.736984,42.2753323]],[[-83.7373957,42.2753298],[-83.7373952,42.2753298],[-83.7373952,42.2753295],[-83.7373933,42.2753295],[-83.7373932,42.2753251],[-83.7373955,42.275325],[-83.7373957,42.2753298]],[[-83.7369495,42.275337],[-83.7369472,42.275337],[-83.7369473,42.2753387],[-83.7369468,42.2753387],[-83.7369466,42.2753326],[-83.7369494,42.2753326],[-83.7369495,42.275337]],[[-83.7373895,42.2753251],[-83.7373821,42.2753253],[-83.7373802,42.2753236],[-83.7373793,42.2753236],[-83.7373775,42.2753253],[-83.7373715,42.2753254],[-83.7373715,42.2753234],[-83.7373895,42.2753231],[-83.7373895,42.2753251]],[[-83.736971,42.2753322],[-83.7369646,42.2753323],[-83.7369627,42.2753306],[-83.7369618,42.2753306],[-83.73696,42.2753324],[-83.7369531,42.2753325],[-83.736953,42.2753305],[-83.736971,42.2753302],[-83.736971,42.2753322]],[[-83.737447,42.2753218],[-83.7374472,42.2753255],[-83.7374421,42.2753256],[-83.737442,42.2753219],[-83.737447,42.2753218]],[[-83.7374043,42.2753245],[-83.7373978,42.2753246],[-83.7373977,42.2753226],[-83.7374014,42.2753225],[-83.7374013,42.2753202],[-83.7373963,42.2753202],[-83.7373953,42.2752892],[-83.7373511,42.2752896],[-83.7373958,42.2752889],[-83.7373967,42.2753182],[-83.7374041,42.2753181],[-83.7374043,42.2753245]],[[-83.7373669,42.2753231],[-83.7373669,42.2753252],[-83.7373586,42.2753253],[-83.7373586,42.2753233],[-83.7373669,42.2753231]],[[-83.7373572,42.2753233],[-83.7373572,42.2753253],[-83.7373489,42.2753255],[-83.7373489,42.2753234],[-83.7373572,42.2753233]],[[-83.7369931,42.2753294],[-83.7369932,42.2753315],[-83.7369853,42.2753316],[-83.7369853,42.2753296],[-83.7369931,42.2753294]],[[-83.7369839,42.2753296],[-83.7369839,42.2753316],[-83.7369756,42.2753318],[-83.7369756,42.2753297],[-83.7369839,42.2753296]],[[-83.7373696,42.2753227],[-83.7373699,42.2753333],[-83.737369,42.2753333],[-83.7373687,42.2753228],[-83.7373696,42.2753227]],[[-83.7369741,42.27534],[-83.7369731,42.27534],[-83.7369732,42.2753287],[-83.7369668,42.2753278],[-83.7369663,42.2753268],[-83.7369737,42.2753281],[-83.7369741,42.27534]],[[-83.7373985,42.2753775],[-83.7373964,42.2753243],[-83.7373932,42.2753244],[-83.7373923,42.2752951],[-83.7373937,42.275295],[-83.7373945,42.275322],[-83.7373968,42.2753219],[-83.7373985,42.2753775]],[[-83.7373894,42.2753224],[-83.7373714,42.2753224],[-83.737376,42.2753213],[-83.737376,42.2753219],[-83.737377,42.2753223],[-83.7373774,42.2753209],[-83.7373894,42.2753207],[-83.7373894,42.2753224]],[[-83.736971,42.2753295],[-83.736953,42.2753298],[-83.7369529,42.2753281],[-83.7369645,42.2753279],[-83.736965,42.2753292],[-83.7369659,42.2753292],[-83.7369663,42.2753282],[-83.73697,42.2753288],[-83.736971,42.2753295]],[[-83.7369494,42.2753319],[-83.7369457,42.2753319],[-83.7369456,42.2753296],[-83.7369474,42.2753295],[-83.7369466,42.2753026],[-83.7369485,42.2753026],[-83.7369494,42.2753319]],[[-83.7374506,42.2753927],[-83.7374479,42.2753211],[-83.7374392,42.2753209],[-83.7374484,42.2753207],[-83.7374506,42.2753927]],[[-83.7373454,42.2753289],[-83.7373417,42.275329],[-83.7373418,42.2753334],[-83.7373317,42.2753336],[-83.7373306,42.2753299],[-83.7373269,42.2753269],[-83.7373227,42.2753256],[-83.7373194,42.2753256],[-83.7373197,42.2753338],[-83.7373183,42.2753338],[-83.737318,42.2753229],[-83.7373452,42.2753225],[-83.7373454,42.2753289]],[[-83.7370247,42.2753388],[-83.7370229,42.2753388],[-83.7370227,42.275331],[-83.7370208,42.275331],[-83.7370167,42.2753321],[-83.7370135,42.2753342],[-83.7370118,42.2753373],[-83.7370118,42.275339],[-83.7370012,42.2753392],[-83.7370011,42.2753348],[-83.7369974,42.2753348],[-83.7369972,42.2753283],[-83.7370244,42.2753279],[-83.7370247,42.2753388]],[[-83.7374005,42.2753219],[-83.7373977,42.2753219],[-83.7373977,42.2753212],[-83.7373963,42.2753213],[-83.7373963,42.2753209],[-83.7374004,42.2753209],[-83.7374005,42.2753219]],[[-83.7373756,42.2753209],[-83.7373723,42.2753213],[-83.7373723,42.2753217],[-83.7373705,42.2753217],[-83.7373705,42.275322],[-83.7373691,42.2753221],[-83.7373691,42.2753224],[-83.7373687,42.2753224],[-83.7373687,42.2753214],[-83.7373705,42.2753214],[-83.7373705,42.275321],[-83.7373719,42.275321],[-83.7373719,42.2753207],[-83.7373755,42.2753202],[-83.7373756,42.2753209]],[[-83.7373668,42.2753207],[-83.7373668,42.2753228],[-83.7373586,42.2753229],[-83.7373585,42.2753209],[-83.7373668,42.2753207]],[[-83.7373571,42.2753209],[-83.7373572,42.2753229],[-83.7373489,42.2753231],[-83.7373488,42.275321],[-83.7373571,42.2753209]],[[-83.736993,42.2753271],[-83.7369931,42.2753291],[-83.7369853,42.2753292],[-83.7369852,42.2753272],[-83.736993,42.2753271]],[[-83.7369838,42.2753272],[-83.7369839,42.2753293],[-83.7369756,42.2753294],[-83.7369755,42.2753273],[-83.7369838,42.2753272]],[[-83.7373373,42.2753209],[-83.7373373,42.2753212],[-83.7373313,42.2753213],[-83.7373313,42.275321],[-83.7373373,42.2753209]],[[-83.7373894,42.27532],[-83.7373824,42.2753201],[-83.7373824,42.2753198],[-83.7373861,42.2753194],[-83.7373861,42.275319],[-83.7373875,42.275319],[-83.7373875,42.2753187],[-83.7373893,42.2753187],[-83.7373894,42.27532]],[[-83.7373783,42.2753202],[-83.7373765,42.2753206],[-83.7373764,42.2753199],[-83.7373769,42.2753199],[-83.7373769,42.2753195],[-83.7373783,42.2753195],[-83.7373783,42.2753202]],[[-83.7369654,42.2753275],[-83.7369644,42.2753275],[-83.7369644,42.2753272],[-83.736964,42.2753272],[-83.736964,42.2753265],[-83.7369649,42.2753265],[-83.7369649,42.2753268],[-83.7369654,42.2753268],[-83.7369654,42.2753275]],[[-83.7369594,42.2753273],[-83.7369529,42.2753274],[-83.7369529,42.275326],[-83.7369561,42.2753263],[-83.7369561,42.2753266],[-83.7369575,42.2753266],[-83.7369575,42.275327],[-83.7369594,42.2753269],[-83.7369594,42.2753273]],[[-83.737028,42.2753251],[-83.7370247,42.2753224],[-83.7370237,42.2753207],[-83.7370223,42.2753201],[-83.7370223,42.2753194],[-83.7370209,42.2753187],[-83.7370209,42.275318],[-83.7370195,42.2753174],[-83.7370194,42.2753167],[-83.737018,42.2753161],[-83.737018,42.2753154],[-83.7370166,42.2753147],[-83.7370166,42.275314],[-83.7370147,42.2753134],[-83.7370148,42.2753141],[-83.7370162,42.2753147],[-83.7370162,42.2753154],[-83.7370214,42.2753197],[-83.7370214,42.2753204],[-83.7370271,42.2753251],[-83.7370271,42.2753258],[-83.7369995,42.2753263],[-83.7370115,42.2753138],[-83.7370101,42.2753135],[-83.7370093,42.2753152],[-83.7370039,42.27532],[-83.7370039,42.2753207],[-83.7370025,42.2753214],[-83.7370003,42.2753245],[-83.736999,42.2753252],[-83.7369982,42.2753014],[-83.7369991,42.2753014],[-83.7369991,42.275299],[-83.7370014,42.2753006],[-83.7370024,42.2753023],[-83.7370038,42.275303],[-83.7370038,42.2753037],[-83.7370052,42.2753043],[-83.7370053,42.275305],[-83.7370067,42.2753057],[-83.7370067,42.2753063],[-83.7370081,42.275307],[-83.7370081,42.2753077],[-83.7370095,42.2753083],[-83.7370095,42.275309],[-83.7370114,42.2753097],[-83.7370114,42.275309],[-83.73701,42.2753083],[-83.7370099,42.2753077],[-83.7370047,42.2753033],[-83.7370047,42.2753026],[-83.736999,42.2752979],[-83.736999,42.2752969],[-83.7370244,42.2752965],[-83.7370244,42.2752992],[-83.7370191,42.2753041],[-83.7370182,42.2753058],[-83.7370146,42.2753089],[-83.7370146,42.2753096],[-83.737016,42.2753093],[-83.737016,42.2753086],[-83.7370214,42.2753037],[-83.7370213,42.275303],[-83.737024,42.2753003],[-83.7370245,42.2753009],[-83.7370273,42.2753009],[-83.737028,42.2753251]],[[-83.737392,42.2753172],[-83.7373792,42.2753198],[-83.7373792,42.2753192],[-83.7373893,42.2753173],[-83.7373906,42.2753166],[-83.737392,42.2753166],[-83.737392,42.2753172]],[[-83.7369631,42.2753272],[-83.7369501,42.2753247],[-83.7369494,42.2753025],[-83.7369508,42.2753025],[-83.7369514,42.2753237],[-83.7369505,42.275324],[-83.736963,42.2753262],[-83.7369631,42.2753272]],[[-83.7373778,42.2753188],[-83.7373773,42.2753189],[-83.7373773,42.2753192],[-83.7373755,42.2753192],[-83.7373755,42.2753196],[-83.7373737,42.2753196],[-83.7373737,42.2753199],[-83.7373718,42.27532],[-83.7373718,42.2753203],[-83.7373714,42.2753203],[-83.7373713,42.2753186],[-83.7373778,42.2753185],[-83.7373778,42.2753188]],[[-83.7369709,42.2753271],[-83.73697,42.2753271],[-83.73697,42.2753268],[-83.7369681,42.2753268],[-83.7369681,42.2753264],[-83.7369667,42.2753265],[-83.7369667,42.2753261],[-83.7369649,42.2753262],[-83.7369644,42.2753255],[-83.7369708,42.2753254],[-83.7369709,42.2753271]],[[-83.7369635,42.2753255],[-83.7369635,42.2753258],[-83.736963,42.2753259],[-83.736963,42.2753255],[-83.7369635,42.2753255]],[[-83.7369518,42.275337],[-83.7369504,42.275337],[-83.7369501,42.2753254],[-83.7369515,42.2753257],[-83.7369518,42.275337]],[[-83.7373921,42.2753179],[-83.7373924,42.2753295],[-83.7373915,42.2753295],[-83.7373911,42.2753179],[-83.7373921,42.2753179]],[[-83.7373667,42.2753183],[-83.7373668,42.2753204],[-83.7373585,42.2753205],[-83.7373584,42.2753185],[-83.7373667,42.2753183]],[[-83.737357,42.2753185],[-83.7373571,42.2753206],[-83.7373488,42.2753207],[-83.7373487,42.2753187],[-83.737357,42.2753185]],[[-83.736993,42.2753247],[-83.736993,42.2753267],[-83.7369852,42.2753268],[-83.7369851,42.2753248],[-83.736993,42.2753247]],[[-83.7369837,42.2753248],[-83.7369838,42.2753269],[-83.7369755,42.275327],[-83.7369754,42.275325],[-83.7369837,42.2753248]],[[-83.7373451,42.2753211],[-83.7373447,42.2753211],[-83.7373447,42.2753208],[-83.7373414,42.2753208],[-83.7373414,42.2753205],[-83.7373377,42.2753205],[-83.7373377,42.2753202],[-83.7373368,42.2753202],[-83.7373367,42.2753185],[-83.7373381,42.2753185],[-83.7373381,42.2753182],[-83.7373404,42.2753181],[-83.7373404,42.2753178],[-83.7373427,42.2753177],[-83.7373427,42.2753174],[-83.737345,42.2753174],[-83.7373451,42.2753211]],[[-83.7373358,42.2753185],[-83.7373359,42.2753202],[-83.7373331,42.2753203],[-83.7373331,42.2753186],[-83.7373358,42.2753185]],[[-83.7373322,42.2753203],[-83.7373308,42.2753203],[-83.7373308,42.2753207],[-83.7373271,42.2753207],[-83.7373271,42.2753211],[-83.7373239,42.2753211],[-83.7373239,42.2753215],[-83.7373235,42.2753215],[-83.7373233,42.2753177],[-83.7373257,42.2753177],[-83.7373257,42.275318],[-83.737328,42.275318],[-83.737328,42.2753183],[-83.7373321,42.2753186],[-83.7373322,42.2753203]],[[-83.7370353,42.2753236],[-83.7370344,42.2753236],[-83.7370344,42.2753243],[-83.737034,42.2753243],[-83.7370339,42.2753212],[-83.7370343,42.2753212],[-83.7370344,42.2753233],[-83.7370353,42.2753233],[-83.7370353,42.2753236]],[[-83.737311,42.2753207],[-83.7373091,42.2753207],[-83.7373091,42.2753183],[-83.7373095,42.2753183],[-83.7373095,42.2753176],[-83.7373109,42.2753176],[-83.737311,42.2753207]],[[-83.7373077,42.2753183],[-83.7373077,42.2753187],[-83.7373068,42.2753187],[-83.7373068,42.2753183],[-83.7373077,42.2753183]],[[-83.7373399,42.2753174],[-83.7373376,42.2753175],[-83.7373376,42.2753178],[-83.7373307,42.2753179],[-83.7373307,42.2753176],[-83.7373284,42.2753176],[-83.7373284,42.2753173],[-83.7373399,42.2753171],[-83.7373399,42.2753174]],[[-83.7373893,42.2753166],[-83.7373856,42.275317],[-83.7373842,42.2753177],[-83.7373713,42.2753179],[-83.7373713,42.2753162],[-83.7373892,42.2753159],[-83.7373893,42.2753166]],[[-83.7369708,42.2753247],[-83.7369579,42.2753249],[-83.7369547,42.2753239],[-83.7369528,42.275324],[-83.7369528,42.2753233],[-83.7369708,42.275323],[-83.7369708,42.2753247]],[[-83.7373666,42.275316],[-83.7373667,42.2753177],[-83.7373584,42.2753178],[-83.7373583,42.2753161],[-83.7373666,42.275316]],[[-83.737357,42.2753161],[-83.737357,42.2753178],[-83.7373487,42.275318],[-83.7373487,42.2753163],[-83.737357,42.2753161]],[[-83.7369929,42.2753223],[-83.7369929,42.275324],[-83.7369851,42.2753241],[-83.736985,42.2753224],[-83.7369929,42.2753223]],[[-83.7369837,42.2753224],[-83.7369837,42.2753241],[-83.7369754,42.2753243],[-83.7369754,42.2753226],[-83.7369837,42.2753224]],[[-83.7370326,42.275324],[-83.7370321,42.275324],[-83.7370321,42.2753243],[-83.7370312,42.2753244],[-83.7370311,42.2753213],[-83.7370325,42.2753213],[-83.7370326,42.275324]],[[-83.7373892,42.2753152],[-83.7373712,42.2753155],[-83.7373712,42.2753135],[-83.7373772,42.2753134],[-83.7373791,42.2753151],[-83.73738,42.2753151],[-83.7373818,42.2753133],[-83.7373891,42.2753132],[-83.7373892,42.2753152]],[[-83.7369707,42.2753223],[-83.7369528,42.2753226],[-83.7369527,42.2753206],[-83.7369596,42.2753204],[-83.7369615,42.2753221],[-83.7369629,42.2753221],[-83.7369647,42.2753204],[-83.7369707,42.2753203],[-83.7369707,42.2753223]],[[-83.7373431,42.2753143],[-83.7373303,42.275305],[-83.7373304,42.275306],[-83.7373346,42.2753087],[-83.7373346,42.2753093],[-83.7373393,42.2753123],[-83.7373393,42.275313],[-83.7373422,42.275315],[-83.7373145,42.2753155],[-83.7373186,42.2753123],[-83.7373186,42.2753117],[-83.7373231,42.2753085],[-83.737323,42.2753078],[-83.7373258,42.2753061],[-83.7373253,42.2753051],[-83.7373226,42.2753072],[-83.7373226,42.2753078],[-83.7373181,42.275311],[-83.7373181,42.2753117],[-83.737314,42.2753145],[-83.7373135,42.275296],[-83.7373162,42.275296],[-83.7373167,42.275295],[-83.7373209,42.275298],[-83.7373209,42.2752987],[-83.7373256,42.2753016],[-83.7373256,42.2753006],[-83.7373166,42.2752943],[-83.7373161,42.2752916],[-83.737341,42.2752911],[-83.7373401,42.2752929],[-83.7373315,42.2752995],[-83.7373302,42.2753016],[-83.737332,42.2753009],[-83.737332,42.2753002],[-83.737341,42.2752929],[-83.7373411,42.2752952],[-83.7373425,42.2752956],[-83.7373431,42.2753143]],[[-83.7373666,42.2753136],[-83.7373666,42.2753153],[-83.7373583,42.2753154],[-83.7373583,42.2753137],[-83.7373666,42.2753136]],[[-83.7373569,42.2753137],[-83.7373569,42.2753154],[-83.7373486,42.2753156],[-83.7373486,42.2753139],[-83.7373569,42.2753137]],[[-83.7369928,42.2753199],[-83.7369929,42.2753216],[-83.736985,42.2753217],[-83.736985,42.27532],[-83.7369928,42.2753199]],[[-83.7369836,42.27532],[-83.7369836,42.2753217],[-83.7369753,42.2753219],[-83.7369753,42.2753202],[-83.7369836,42.27532]],[[-83.7373891,42.2753129],[-83.7373822,42.275313],[-83.7373822,42.2753126],[-83.7373808,42.2753127],[-83.7373808,42.275313],[-83.7373804,42.275313],[-83.7373803,42.275311],[-83.7373891,42.2753108],[-83.7373891,42.2753129]],[[-83.737379,42.275313],[-83.7373767,42.2753127],[-83.7373767,42.2753131],[-83.7373712,42.2753132],[-83.7373711,42.2753111],[-83.7373789,42.275311],[-83.737379,42.275313]],[[-83.7373665,42.2753112],[-83.7373665,42.2753129],[-83.7373582,42.275313],[-83.7373582,42.2753113],[-83.7373665,42.2753112]],[[-83.7373568,42.2753114],[-83.7373569,42.2753131],[-83.7373486,42.2753132],[-83.7373485,42.2753115],[-83.7373568,42.2753114]],[[-83.7369927,42.2753175],[-83.7369928,42.2753192],[-83.7369849,42.2753193],[-83.7369849,42.2753176],[-83.7369927,42.2753175]],[[-83.7369835,42.2753177],[-83.7369836,42.2753194],[-83.7369753,42.2753195],[-83.7369752,42.2753178],[-83.7369835,42.2753177]],[[-83.7369707,42.2753199],[-83.7369647,42.27532],[-83.7369647,42.2753197],[-83.7369633,42.2753197],[-83.7369633,42.27532],[-83.7369628,42.2753201],[-83.7369628,42.275318],[-83.7369706,42.2753179],[-83.7369707,42.2753199]],[[-83.7369615,42.2753201],[-83.7369591,42.2753198],[-83.7369591,42.2753201],[-83.7369527,42.2753202],[-83.7369526,42.2753182],[-83.7369614,42.275318],[-83.7369615,42.2753201]],[[-83.737389,42.2753084],[-83.7373891,42.2753105],[-83.7373803,42.2753106],[-83.7373802,42.2753086],[-83.737389,42.2753084]],[[-83.7373789,42.2753086],[-83.7373789,42.2753106],[-83.7373711,42.2753108],[-83.737371,42.2753087],[-83.7373789,42.2753086]],[[-83.7373692,42.2753088],[-83.7373696,42.2753207],[-83.7373686,42.2753207],[-83.7373683,42.2753088],[-83.7373692,42.2753088]],[[-83.7369733,42.2753154],[-83.7369737,42.2753274],[-83.7369727,42.2753274],[-83.7369724,42.2753155],[-83.7369733,42.2753154]],[[-83.7369705,42.2753155],[-83.7369706,42.2753175],[-83.7369628,42.2753177],[-83.7369627,42.2753156],[-83.7369705,42.2753155]],[[-83.7369613,42.2753156],[-83.7369614,42.2753177],[-83.7369526,42.2753178],[-83.7369526,42.2753158],[-83.7369613,42.2753156]],[[-83.7373664,42.2753085],[-83.7373665,42.2753105],[-83.7373582,42.2753106],[-83.7373581,42.2753086],[-83.7373664,42.2753085]],[[-83.7373567,42.2753086],[-83.7373568,42.2753107],[-83.7373485,42.2753108],[-83.7373484,42.2753088],[-83.7373567,42.2753086]],[[-83.7369926,42.2753148],[-83.7369927,42.2753168],[-83.7369849,42.275317],[-83.7369848,42.2753149],[-83.7369926,42.2753148]],[[-83.7369834,42.2753149],[-83.7369835,42.275317],[-83.7369752,42.2753171],[-83.7369751,42.2753151],[-83.7369834,42.2753149]],[[-83.7373788,42.2753079],[-83.737371,42.275308],[-83.7373696,42.2753067],[-83.7373673,42.2753067],[-83.7373664,42.2753081],[-83.7373581,42.2753083],[-83.7373579,42.2753021],[-83.7373606,42.2753007],[-83.7373768,42.2753008],[-83.7373787,42.2753021],[-83.7373788,42.2753079]],[[-83.7369834,42.2753146],[-83.7369747,42.2753147],[-83.7369737,42.2753134],[-83.7369714,42.2753134],[-83.7369705,42.2753148],[-83.7369627,42.2753149],[-83.7369625,42.2753088],[-83.7369652,42.2753074],[-83.7369818,42.2753074],[-83.7369832,42.2753088],[-83.7369834,42.2753146]],[[-83.7373462,42.2752965],[-83.7373465,42.2753067],[-83.7373447,42.2753068],[-83.7373444,42.2752965],[-83.7373462,42.2752965]],[[-83.7369964,42.2753024],[-83.7369967,42.2753127],[-83.7369949,42.2753127],[-83.7369946,42.2753025],[-83.7369964,42.2753024]],[[-83.7373914,42.2752951],[-83.737392,42.2753159],[-83.7373911,42.2753159],[-83.7373904,42.2752951],[-83.7373914,42.2752951]],[[-83.7372112,42.2752985],[-83.7372024,42.2752986],[-83.7372024,42.2752983],[-83.7372107,42.2752981],[-83.7372106,42.275294],[-83.7372023,42.2752942],[-83.7372022,42.2752921],[-83.737211,42.275292],[-83.7372112,42.2752985]],[[-83.7371384,42.2752997],[-83.7371296,42.2752998],[-83.7371296,42.2752995],[-83.7371379,42.2752994],[-83.7371378,42.2752953],[-83.7371295,42.2752954],[-83.7371294,42.2752934],[-83.7371381,42.2752932],[-83.7371384,42.2752997]],[[-83.7373462,42.2752955],[-83.7373462,42.2752958],[-83.7373434,42.2752959],[-83.7373434,42.2752955],[-83.7373462,42.2752955]],[[-83.7369973,42.2753014],[-83.7369973,42.2753017],[-83.7369945,42.2753018],[-83.7369945,42.2753014],[-83.7369973,42.2753014]],[[-83.7371728,42.275296],[-83.7371724,42.275296],[-83.7371724,42.2752971],[-83.7371719,42.2752971],[-83.7371719,42.2752974],[-83.737171,42.2752974],[-83.737171,42.2752978],[-83.7371692,42.2752978],[-83.7371682,42.2752968],[-83.7371678,42.2752968],[-83.7371677,42.2752954],[-83.7371682,42.2752954],[-83.7371682,42.2752947],[-83.7371691,42.2752947],[-83.7371691,42.2752944],[-83.7371714,42.2752944],[-83.7371719,42.275295],[-83.7371723,42.275295],[-83.7371723,42.2752957],[-83.7371728,42.2752957],[-83.7371728,42.275296]],[[-83.737389,42.2753077],[-83.7373802,42.2753079],[-83.73738,42.2753021],[-83.7373795,42.2753011],[-83.7373772,42.2752997],[-83.7373588,42.2753001],[-83.7373565,42.2753018],[-83.7373567,42.2753083],[-83.7373484,42.2753084],[-83.7373484,42.2753077],[-83.7373475,42.2753078],[-83.737347,42.2752924],[-83.7373885,42.2752917],[-83.737389,42.2753077]],[[-83.7372097,42.2752947],[-83.7372098,42.2752975],[-83.7372033,42.2752976],[-83.7372032,42.2752948],[-83.7372097,42.2752947]],[[-83.7371369,42.275296],[-83.7371369,42.2752987],[-83.7371305,42.2752988],[-83.7371304,42.2752961],[-83.7371369,42.275296]],[[-83.736994,42.2753137],[-83.7369931,42.2753137],[-83.7369926,42.2753144],[-83.7369848,42.2753146],[-83.7369846,42.2753088],[-83.7369841,42.2753078],[-83.7369818,42.2753064],[-83.7369633,42.2753067],[-83.7369629,42.2753074],[-83.736962,42.2753074],[-83.7369611,42.2753088],[-83.7369613,42.275315],[-83.7369525,42.2753151],[-83.736952,42.2752991],[-83.7369935,42.2752984],[-83.736994,42.2753137]],[[-83.7373931,42.2752906],[-83.7373932,42.275294],[-83.7373909,42.2752941],[-83.7373908,42.2752906],[-83.7373931,42.2752906]],[[-83.7373447,42.2752914],[-83.7373448,42.2752948],[-83.7373425,42.2752949],[-83.7373424,42.2752915],[-83.7373447,42.2752914]],[[-83.7373147,42.2752919],[-83.7373148,42.2752953],[-83.7373125,42.2752954],[-83.7373124,42.275292],[-83.7373147,42.2752919]],[[-83.7370281,42.2752968],[-83.7370282,42.2753002],[-83.7370254,42.2753002],[-83.7370253,42.2752968],[-83.7370281,42.2752968]],[[-83.7369976,42.2752973],[-83.7369977,42.2753007],[-83.7369954,42.2753007],[-83.7369953,42.2752973],[-83.7369976,42.2752973]],[[-83.7369497,42.2752981],[-83.7369498,42.2753015],[-83.736947,42.2753016],[-83.7369469,42.2752981],[-83.7369497,42.2752981]],[[-83.7373894,42.275291],[-83.7373461,42.2752917],[-83.737346,42.2752907],[-83.7373423,42.2752908],[-83.7373423,42.2752898],[-83.7373501,42.2752896],[-83.7373502,42.2752907],[-83.7373893,42.27529],[-83.7373894,42.275291]],[[-83.737029,42.2752961],[-83.7369981,42.2752963],[-83.7369939,42.2752967],[-83.736994,42.2752977],[-83.7369506,42.2752984],[-83.7369506,42.2752974],[-83.7369907,42.2752967],[-83.7369907,42.2752957],[-83.7370289,42.2752951],[-83.737029,42.2752961]],[[-83.736946,42.2752975],[-83.7369461,42.2753016],[-83.7369457,42.2753016],[-83.7369455,42.2752975],[-83.736946,42.2752975]],[[-83.7373414,42.2752905],[-83.7373115,42.2752913],[-83.7373114,42.2752903],[-83.7373414,42.2752898],[-83.7373414,42.2752905]],[[-83.7369897,42.2752957],[-83.7369898,42.2752961],[-83.7369446,42.2752968],[-83.7369446,42.2752965],[-83.7369897,42.2752957]],[[-83.73721,42.2752592],[-83.73721,42.2752596],[-83.7372021,42.2752597],[-83.7372021,42.2752594],[-83.73721,42.2752592]],[[-83.7371358,42.2752605],[-83.7371358,42.2752608],[-83.7371284,42.275261],[-83.7371284,42.2752606],[-83.7371358,42.2752605]],[[-83.7372758,42.2752554],[-83.7372758,42.2752568],[-83.7372094,42.2752579],[-83.7372094,42.2752565],[-83.7372758,42.2752554]],[[-83.7371283,42.2752579],[-83.7371283,42.2752593],[-83.737062,42.2752604],[-83.7370619,42.275259],[-83.7371283,42.2752579]],[[-83.7370546,42.2752591],[-83.7370546,42.2752605],[-83.7369951,42.2752615],[-83.7369951,42.2752601],[-83.7370546,42.2752591]],[[-83.7373426,42.2752536],[-83.7373426,42.2752556],[-83.7372832,42.2752566],[-83.7372831,42.2752546],[-83.7373426,42.2752536]],[[-83.7372822,42.2752539],[-83.7372823,42.2752563],[-83.7372772,42.2752564],[-83.7372771,42.275254],[-83.7372822,42.2752539]],[[-83.7372084,42.2752552],[-83.7372085,42.2752576],[-83.7372034,42.2752576],[-83.7372034,42.2752553],[-83.7372084,42.2752552]],[[-83.7371347,42.2752564],[-83.7371348,42.2752588],[-83.7371297,42.2752589],[-83.7371296,42.2752565],[-83.7371347,42.2752564]],[[-83.737061,42.2752577],[-83.737061,42.2752601],[-83.737056,42.2752601],[-83.7370559,42.2752577],[-83.737061,42.2752577]],[[-83.7373476,42.2752525],[-83.7373477,42.2752552],[-83.737344,42.2752553],[-83.7373439,42.2752525],[-83.7373476,42.2752525]],[[-83.7369937,42.2752585],[-83.7369938,42.2752612],[-83.7369901,42.2752612],[-83.73699,42.2752585],[-83.7369937,42.2752585]],[[-83.7373481,42.2752518],[-83.7373425,42.2752519],[-83.7373426,42.2752529],[-83.7372831,42.2752539],[-83.7372831,42.2752529],[-83.7372762,42.275253],[-83.7372757,42.275254],[-83.7372094,42.2752552],[-83.7372093,42.2752541],[-83.737202,42.2752546],[-83.7372019,42.2752539],[-83.7373481,42.2752518]],[[-83.7371356,42.2752554],[-83.7371287,42.2752555],[-83.7371283,42.2752565],[-83.7370619,42.2752576],[-83.7370619,42.2752566],[-83.7370549,42.2752567],[-83.7370545,42.2752578],[-83.7369951,42.2752588],[-83.736995,42.2752578],[-83.7369895,42.2752575],[-83.7371356,42.2752554]],[[-83.7373494,42.2752507],[-83.7373496,42.2752562],[-83.7373491,42.2752562],[-83.7373489,42.2752508],[-83.7373494,42.2752507]],[[-83.7371369,42.2752543],[-83.7371371,42.2752608],[-83.7371367,42.2752608],[-83.7371365,42.2752543],[-83.7371369,42.2752543]],[[-83.736989,42.2752568],[-83.736989,42.2752572],[-83.7369886,42.2752572],[-83.7369885,42.2752568],[-83.736989,42.2752568]]]]}}]}